geocode_key,query_type,query,region,status,baidu_status,bd_lng,bd_lat,lng_wgs84,lat_wgs84,confidence,level,precise,comprehension,error,matched_province,matched_province_code,matched_city,matched_city_code,matched_city_type,matched_county,matched_county_code,matched_county_type
上海|上海上海市,address,上海上海市,上海,ok,0,121.48053886017651,31.235929042252014,121.46952213482447,31.231905427171462,20.0,城市,0.0,100.0,,上海市,310000,上海市,310000,直辖市,黄浦区,310101,市辖区
上海|上海嘉定县,address,上海嘉定县,上海,ok,0,121.27259505835202,31.3801553396772,121.26160424844782,31.376365413126504,20.0,区县,0.0,100.0,,上海市,310000,上海市,310000,直辖市,嘉定区,310114,市辖区
云南|云南,address,云南,云南,ok,0,102.7166211583801,25.05246204072359,102.70864038676322,25.04962662258279,100.0,,1.0,100.0,,云南省,530000,昆明市,530100,地级市,五华区,530102,市辖区
云南|云南保山市,address,云南保山市,云南,ok,0,99.16801175601306,25.11785803166449,99.16053360433094,25.114976242651696,20.0,城市,0.0,100.0,,云南省,530000,保山市,530500,地级市,隆阳区,530502,市辖区
云南|云南屏边县,address,云南屏边县,云南,ok,0,103.69343183231612,22.989989585512753,103.68508657602571,22.986697425868766,20.0,区县,0.0,100.0,,云南省,530000,红河哈尼族彝族自治州,532500,自治州,屏边苗族自治县,532523,自治县
云南|云南嵩明县,address,云南嵩明县,云南,ok,0,103.04356394015612,25.344409459134855,103.0352100601372,25.341554219287445,20.0,区县,0.0,100.0,,云南省,530000,昆明市,530100,地级市,嵩明县,530127,县
云南|云南景东县,address,云南景东县,云南,ok,0,100.83848864452241,24.451863775494918,100.83077297587496,24.44919656681382,20.0,区县,0.0,100.0,,云南省,530000,普洱市,530800,地级市,景东彝族自治县,530823,自治县
云南|云南保山永昌府,address,云南保山永昌府,云南,ok,0,99.17303579906762,25.136976222955916,99.16556516811944,25.134100387876206,25.0,乡镇,0.0,100.0,,云南省,530000,保山市,530500,地级市,隆阳区,530502,市辖区
云南|云南大理白族自治州鹤庆县,address,云南大理白族自治州鹤庆县,云南,ok,0,100.18249206302262,26.566197313344603,100.17483107918969,26.56341189769925,20.0,区县,0.0,100.0,,云南省,530000,大理白族自治州,532900,自治州,鹤庆县,532932,县
云南|云南昆明市嵩明县,address,云南昆明市嵩明县,云南,ok,0,103.04356394015612,25.344409459134855,103.0352100601372,25.341554219287445,20.0,区县,0.0,100.0,,云南省,530000,昆明市,530100,地级市,嵩明县,530127,县
内蒙古|内蒙古七斤及蒙旗,address,内蒙古七斤及蒙旗,内蒙古,ok,0,111.77260583081977,40.823156232446166,111.75927778895714,40.81548159746563,20.0,省份,0.0,100.0,,内蒙古自治区,150000,呼和浩特市,150100,地级市,赛罕区,150105,市辖区
内蒙古|内蒙古二道河,address,内蒙古二道河,内蒙古,ok,0,116.4637957938681,39.93735085935885,116.4511558426511,39.92996579965749,80.0,餐饮,0.0,0.0,,北京市,110000,北京市,110000,直辖市,朝阳区,110105,市辖区
内蒙古|内蒙古康保尔,address,内蒙古康保尔,内蒙古,ok,0,116.4637957938681,39.93735085935885,116.4511558426511,39.92996579965749,80.0,餐饮,0.0,0.0,,北京市,110000,北京市,110000,直辖市,朝阳区,110105,市辖区
内蒙古|内蒙古归绥道属七斤及蒙旗,address,内蒙古归绥道属七斤及蒙旗,内蒙古,ok,0,111.77260583081977,40.823156232446166,111.75927778895714,40.81548159746563,20.0,省份,0.0,100.0,,内蒙古自治区,150000,呼和浩特市,150100,地级市,赛罕区,150105,市辖区
内蒙古|内蒙古呼和浩特市,address,内蒙古呼和浩特市,内蒙古,ok,0,111.75550856170946,40.84842299711348,111.74216803224213,40.84073652101055,20.0,城市,0.0,100.0,,内蒙古自治区,150000,呼和浩特市,150100,地级市,新城区,150102,市辖区
北京|北京京师,address,北京京师,北京,ok,0,116.37856591453966,40.02282646525241,116.36587566449073,40.01530000730738,70.0,地产小区,1.0,100.0,,北京市,110000,北京市,110000,直辖市,朝阳区,110105,市辖区
北京|北京,address,北京,北京,ok,0,116.4133836971231,39.910924547299565,116.40068129339933,39.90342228013419,20.0,城市,0.0,100.0,,北京市,110000,北京市,110000,直辖市,东城区,110101,市辖区
北京|北京延庆县,address,北京延庆县,北京,ok,0,115.98163156901515,40.46216897375426,115.96911779567223,40.45458898088086,20.0,区县,0.0,100.0,,北京市,110000,北京市,110000,直辖市,延庆区,110119,市辖区
四川|四川,address,四川,四川,ok,0,104.08282275849255,30.657041771323716,104.07387076608326,30.65314512290553,100.0,,1.0,100.0,,四川省,510000,成都市,510100,地级市,锦江区,510104,市辖区
四川|四川万源县,address,四川万源县,四川,ok,0,108.04154069684341,32.08742084778871,108.03047173727529,32.08320772536667,20.0,区县,0.0,100.0,,四川省,510000,达州市,511700,地级市,万源市,511781,县级市
四川|四川丹棱县,address,四川丹棱县,四川,ok,0,103.51958331729479,30.020362794871584,103.51098231436545,30.01708264753124,20.0,区县,0.0,100.0,,四川省,510000,眉山市,511400,地级市,丹棱县,511424,县
四川|四川乐至县,address,四川乐至县,四川,ok,0,105.02747697007167,30.28234834600031,105.01775510196907,30.279266039064172,20.0,区县,0.0,100.0,,四川省,510000,资阳市,512000,地级市,乐至县,512022,县
四川|四川井研县,address,四川井研县,四川,ok,0,104.07651071352818,29.65730305907957,104.06764474102623,29.653553475394187,20.0,区县,0.0,100.0,,四川省,510000,乐山市,511100,地级市,井研县,511124,县
四川|四川北川县,address,四川北川县,四川,ok,0,104.36158555316277,31.963084103414715,104.35248061213439,31.959043621623046,20.0,区县,0.0,100.0,,四川省,510000,绵阳市,510700,地级市,北川羌族自治县,510726,自治县
四川|四川安岳县,address,四川安岳县,四川,ok,0,105.34245423273225,30.103392734493756,105.33238581514537,30.100108258454977,20.0,区县,0.0,100.0,,四川省,510000,资阳市,512000,地级市,安岳县,512021,县
四川|四川巫溪县,address,四川巫溪县,四川,ok,0,109.57640255899645,31.404880009858267,109.5651989311638,31.401116861125143,20.0,区县,0.0,100.0,,重庆市,500000,重庆市,500000,直辖市,巫溪县,500238,县
四川|四川巴中,address,四川巴中,四川,ok,0,106.7515853031645,31.872888585956545,106.7408841926349,31.869295503041812,20.0,城市,0.0,100.0,,四川省,510000,巴中市,511900,地级市,巴州区,511902,市辖区
四川|四川彭水县,address,四川彭水县,四川,ok,0,108.17257803588225,29.29946229044254,108.16174067106847,29.295907807206625,20.0,区县,0.0,100.0,,重庆市,500000,重庆市,500000,直辖市,彭水苗族土家族自治县,500243,自治县
四川|四川忠县,address,四川忠县,四川,ok,0,108.04453753385525,30.305268389356584,108.03357404708322,30.301457313629257,20.0,区县,0.0,100.0,,重庆市,500000,重庆市,500000,直辖市,忠县,500233,县
四川|四川万县市,address,四川万县市,四川,ok,0,104.16510844151203,30.829827109182208,104.15619084281361,30.825930446355542,20.0,城市,0.0,0.0,,四川省,510000,成都市,510100,地级市,新都区,510114,市辖区
四川|四川乐山市峨眉山市,address,四川乐山市峨眉山市,四川,ok,0,103.49154557410374,29.60697552746157,103.48288934797503,29.60368959906148,20.0,区县,0.0,100.0,,四川省,510000,乐山市,511100,地级市,峨眉山市,511181,县级市
四川|四川内江市内江县,address,四川内江市内江县,四川,ok,0,105.06458802499718,29.58588653832045,105.05479332881606,29.582778602097743,20.0,城市,0.0,100.0,,四川省,510000,内江市,511000,地级市,市中区,370103,市辖区
四川|四川广元市剑阁县,address,四川广元市剑阁县,四川,ok,0,105.53157601886727,32.29347851677268,105.52147177097264,32.289806916151754,20.0,区县,0.0,100.0,,四川省,510000,广元市,510800,地级市,剑阁县,510823,县
四川|四川广安市广安县,address,四川广安市广安县,四川,ok,0,106.64853115607652,30.479768100141722,106.63815982311401,30.4766597170026,20.0,区县,0.0,100.0,,四川省,510000,广安市,511600,地级市,广安区,511602,市辖区
四川|四川德阳德阳市,address,四川德阳德阳市,四川,ok,0,104.40441936496448,31.133115003656755,104.39527416408355,31.129159379842907,20.0,城市,0.0,100.0,,四川省,510000,德阳市,510600,地级市,旌阳区,510603,市辖区
四川|四川德阳市绵竹市,address,四川德阳市绵竹市,四川,ok,0,104.22760930499648,31.343592258210748,104.21878635929892,31.33957718794184,20.0,区县,0.0,100.0,,四川省,510000,德阳市,510600,地级市,绵竹市,510683,县级市
四川|四川成都成都市,address,四川成都成都市,四川,ok,0,104.07274727406208,30.578993724029967,104.06381373798158,30.575137351750488,20.0,城市,0.0,100.0,,四川省,510000,成都市,510100,地级市,武侯区,510107,市辖区
四川|四川成都市崇州市,address,四川成都市崇州市,四川,ok,0,103.67943336923445,30.63659589137926,103.67083531091842,30.633122467413212,20.0,区县,0.0,100.0,,四川省,510000,成都市,510100,地级市,崇州市,510184,县级市
四川|四川简阳市简阳县,address,四川简阳市简阳县,四川,ok,0,104.55349406265084,30.41745149135266,104.54457081524713,30.414276461568424,20.0,区县,0.0,100.0,,四川省,510000,成都市,510100,地级市,简阳市,510185,县级市
四川|四川自贡市富顺县,address,四川自贡市富顺县,四川,ok,0,104.98149440602947,29.186886257830583,104.97206697073503,29.184227972883903,20.0,区县,0.0,100.0,,四川省,510000,自贡市,510300,地级市,富顺县,510322,县
四川|四川遂宁市潼南县,address,四川遂宁市潼南县,四川,ok,0,105.84739903616547,30.19731423966403,105.83739312304216,30.193812483087864,20.0,区县,0.0,100.0,,重庆市,500000,重庆市,500000,直辖市,潼南区,500152,市辖区
四川|四川遂宁市遂宁县,address,四川遂宁市遂宁县,四川,ok,0,105.5994215306444,30.53909767110912,105.58951937785726,30.535795380864815,20.0,城市,0.0,100.0,,四川省,510000,遂宁市,510900,地级市,船山区,510903,市辖区
四川|四川重庆市彭水县,address,四川重庆市彭水县,四川,ok,0,108.17257803588225,29.29946229044254,108.16174067106847,29.295907807206625,20.0,区县,0.0,100.0,,重庆市,500000,重庆市,500000,直辖市,彭水苗族土家族自治县,500243,自治县
四川|四川雅安市名山县,address,四川雅安市名山县,四川,ok,0,103.11548579380317,30.075913663381538,103.1067905222295,30.072720421408803,20.0,区县,0.0,100.0,,四川省,510000,雅安市,511800,地级市,名山区,511803,市辖区
四川|四川雅安市荥经县,address,四川雅安市荥经县,四川,ok,0,102.85343551292941,29.799193512656352,102.84531775507135,29.796308952209515,20.0,区县,0.0,100.0,,四川省,510000,雅安市,511800,地级市,荥经县,511822,县
天津|天津武清县,address,天津武清县,天津,ok,0,117.05059715977872,39.389871228788344,117.03765102662463,39.382979049030304,20.0,区县,0.0,100.0,,天津市,120000,天津市,120000,直辖市,武清区,120114,市辖区
天津|天津天津市,address,天津天津市,天津,ok,0,117.2080927529767,39.09110259843554,117.19520616098175,39.08438194471722,20.0,城市,0.0,100.0,,天津市,120000,天津市,120000,直辖市,河西区,120103,市辖区
天津|天津宝坻县,address,天津宝坻县,天津,ok,0,117.31660069247685,39.723194482933174,117.30359533271562,39.71611206384656,20.0,区县,0.0,100.0,,天津市,120000,天津市,120000,直辖市,宝坻区,120115,市辖区
天津|天津静海县,address,天津静海县,天津,ok,0,116.98046860454797,38.95337068917225,116.96785432056873,38.94692072314807,20.0,区县,0.0,100.0,,天津市,120000,天津市,120000,直辖市,静海区,120118,市辖区
宁夏|宁夏隆德县,address,宁夏隆德县,宁夏,ok,0,106.11849829669953,35.63176231509369,106.10776068814151,35.625609781539666,20.0,区县,0.0,100.0,,宁夏回族自治区,640000,固原市,640400,地级市,隆德县,640423,县
宁夏|宁夏固原隆德县,address,宁夏固原隆德县,宁夏,ok,0,106.11849829669953,35.63176231509369,106.10776068814151,35.625609781539666,20.0,区县,0.0,100.0,,宁夏回族自治区,640000,固原市,640400,地级市,隆德县,640423,县
安徽|安徽五河县,address,安徽五河县,安徽,ok,0,117.88756088987175,33.13270946286574,117.87577610034704,33.128291080313225,20.0,区县,0.0,100.0,,安徽省,340000,蚌埠市,340300,地级市,五河县,340322,县
安徽|安徽全椒县,address,安徽全椒县,安徽,ok,0,118.28058428269748,32.091939797603374,118.26881834932831,32.08774688415112,20.0,区县,0.0,100.0,,安徽省,340000,滁州市,341100,地级市,全椒县,341124,县
安徽|安徽凤阳县,address,安徽凤阳县,安徽,ok,0,117.5385853687445,32.88097672525767,117.52655007979223,32.876943495466676,20.0,区县,0.0,100.0,,安徽省,340000,滁州市,341100,地级市,凤阳县,341126,县
安徽|安徽天长县,address,安徽天长县,安徽,ok,0,119.01138527948528,32.67341003277047,118.99944359605178,32.669748451826294,20.0,区县,0.0,100.0,,安徽省,340000,滁州市,341100,地级市,天长市,341181,县级市
安徽|安徽太和县,address,安徽太和县,安徽,ok,0,115.62861546970402,33.16595985009563,115.6168237913428,33.16175255517233,20.0,区县,0.0,100.0,,安徽省,340000,阜阳市,341200,地级市,太和县,341222,县
安徽|安徽太湖县,address,安徽太湖县,安徽,ok,0,116.31547630162399,30.460113290447975,116.30389343894743,30.456330336743736,20.0,区县,0.0,100.0,,安徽省,340000,安庆市,340800,地级市,太湖县,340825,县
安徽|安徽宁国县,address,安徽宁国县,安徽,ok,0,118.98960981494011,30.639352229689443,118.97793803565347,30.636133252544116,20.0,区县,0.0,100.0,,安徽省,340000,宣城市,341800,地级市,宁国市,341881,县级市
安徽|安徽宿县,address,安徽宿县,安徽,ok,0,117.663644587266,31.697966449708836,117.65182314864882,31.693910591162076,50.0,NoClass,0.0,0.0,,安徽省,340000,合肥市,340100,地级市,巢湖市,340181,县级市
安徽|安徽宿松县,address,安徽宿松县,安徽,ok,0,116.1355236994904,30.159786861375334,116.12383361827244,30.15581646482123,20.0,区县,0.0,100.0,,安徽省,340000,安庆市,340800,地级市,宿松县,340826,县
安徽|安徽广德县,address,安徽广德县,安徽,ok,0,117.3305404177196,31.73429415631746,117.31840395716797,31.73039032367704,20.0,省份,0.0,100.0,,安徽省,340000,合肥市,340100,地级市,包河区,340111,市辖区
安徽|安徽怀远县,address,安徽怀远县,安徽,ok,0,117.21150631391461,32.97600372662439,117.19931253358105,32.97210215183883,20.0,区县,0.0,100.0,,安徽省,340000,蚌埠市,340300,地级市,怀远县,340321,县
安徽|安徽来安县,address,安徽来安县,安徽,ok,0,118.44241249320064,32.458449762426696,118.43043387172844,32.45428560812365,20.0,区县,0.0,100.0,,安徽省,340000,滁州市,341100,地级市,来安县,341122,县
安徽|安徽泗县,address,安徽泗县,安徽,ok,0,117.9165899917489,33.48869463013435,117.90480821678626,33.48405772839524,20.0,区县,0.0,100.0,,安徽省,340000,宿州市,341300,地级市,泗县,341324,县
安徽|安徽潜山县,address,安徽潜山县,安徽,ok,0,116.58761103891939,30.636755682399183,116.57621213995516,30.633432109115144,20.0,区县,0.0,100.0,,安徽省,340000,安庆市,340800,地级市,潜山市,340882,县级市
安徽|安徽舒城县,address,安徽舒城县,安徽,ok,0,116.95560171142074,31.467692010555787,116.94389517454707,31.464189150990926,20.0,区县,0.0,100.0,,安徽省,340000,六安市,341500,地级市,舒城县,341523,县
安徽|安徽蒙城县,address,安徽蒙城县,安徽,ok,0,116.57158940082672,33.27165823967443,116.55997755742808,33.26755414956245,20.0,区县,0.0,100.0,,安徽省,340000,亳州市,341600,地级市,蒙城县,341622,县
安徽|安徽霍丘县,address,安徽霍丘县,安徽,ok,0,117.3305404177196,31.73429415631746,117.31840395716797,31.73039032367704,20.0,省份,0.0,100.0,,安徽省,340000,合肥市,340100,地级市,包河区,340111,市辖区
安徽|安徽霍山县,address,安徽霍山县,安徽,ok,0,116.35428238101063,31.41558470831777,116.3425687997416,31.41132868355709,20.0,区县,0.0,100.0,,安徽省,340000,六安市,341500,地级市,霍山县,341525,县
安徽|安徽霍邱县,address,安徽霍邱县,安徽,ok,0,116.28439133775672,32.3593435909225,116.27269978072248,32.355213848915234,20.0,区县,0.0,100.0,,安徽省,340000,六安市,341500,地级市,霍邱县,341522,县
安徽|安徽颍上县,address,安徽颍上县,安徽,ok,0,116.26347689904284,32.659028468804394,116.25177445473328,32.654832755586185,20.0,区县,0.0,100.0,,安徽省,340000,阜阳市,341200,地级市,颍上县,341226,县
安徽|安徽亳州,address,安徽亳州,安徽,ok,0,115.7844632112745,33.850642695788835,115.77250965460992,33.84582222387731,20.0,城市,0.0,100.0,,安徽省,340000,亳州市,341600,地级市,谯城区,341602,市辖区
安徽|安徽亳州市,address,安徽亳州市,安徽,ok,0,115.7844632112745,33.850642695788835,115.77250965460992,33.84582222387731,20.0,城市,0.0,100.0,,安徽省,340000,亳州市,341600,地级市,谯城区,341602,市辖区
安徽|安徽六安六安县,address,安徽六安六安县,安徽,ok,0,116.52640966418569,31.741450815322555,116.51483664480276,31.737542646091534,20.0,城市,0.0,100.0,,安徽省,340000,六安市,341500,地级市,金安区,341502,市辖区
安徽|安徽六安霍邱县,address,安徽六安霍邱县,安徽,ok,0,116.28439133775672,32.3593435909225,116.27269978072248,32.355213848915234,20.0,区县,0.0,100.0,,安徽省,340000,六安市,341500,地级市,霍邱县,341522,县
安徽|安徽六安市六安县,address,安徽六安市六安县,安徽,ok,0,116.52640966418569,31.741450815322555,116.51483664480276,31.737542646091534,20.0,城市,0.0,100.0,,安徽省,340000,六安市,341500,地级市,金安区,341502,市辖区
安徽|安徽六安市舒城县,address,安徽六安市舒城县,安徽,ok,0,116.95560171142074,31.467692010555787,116.94389517454707,31.464189150990926,20.0,区县,0.0,100.0,,安徽省,340000,六安市,341500,地级市,舒城县,341523,县
安徽|安徽六安市霍山县,address,安徽六安市霍山县,安徽,ok,0,116.35428238101063,31.41558470831777,116.3425687997416,31.41132868355709,20.0,区县,0.0,100.0,,安徽省,340000,六安市,341500,地级市,霍山县,341525,县
安徽|安徽六安市霍邱县,address,安徽六安市霍邱县,安徽,ok,0,116.28439133775672,32.3593435909225,116.27269978072248,32.355213848915234,20.0,区县,0.0,100.0,,安徽省,340000,六安市,341500,地级市,霍邱县,341522,县
安徽|安徽合肥合肥市,address,安徽合肥合肥市,安徽,ok,0,117.23344266497664,31.826577833686887,117.22139827455932,31.82284558474241,20.0,城市,0.0,100.0,,安徽省,340000,合肥市,340100,地级市,蜀山区,340104,市辖区
安徽|安徽合肥市,address,安徽合肥市,安徽,ok,0,117.23344266497664,31.826577833686887,117.22139827455932,31.82284558474241,20.0,城市,0.0,100.0,,安徽省,340000,合肥市,340100,地级市,蜀山区,340104,市辖区
安徽|安徽安庆安庆市,address,安徽安庆安庆市,安徽,ok,0,117.1212827542562,30.53922247681024,117.10917074266816,30.535810268391135,20.0,城市,0.0,100.0,,安徽省,340000,安庆市,340800,地级市,宜秀区,340811,市辖区
安徽|安徽安庆望江县,address,安徽安庆望江县,安徽,ok,0,116.71325900687212,30.1339222330446,116.70167610843488,30.13067554340478,20.0,区县,0.0,100.0,,安徽省,340000,安庆市,340800,地级市,望江县,340827,县
安徽|安徽安庆市怀宁县,address,安徽安庆市怀宁县,安徽,ok,0,116.83659258050895,30.739399674606553,116.82494754615982,30.736157953530554,20.0,区县,0.0,100.0,,安徽省,340000,安庆市,340800,地级市,怀宁县,340822,县
安徽|安徽安庆市潜山县,address,安徽安庆市潜山县,安徽,ok,0,116.58761103891939,30.636755682399183,116.57621213995516,30.633432109115144,20.0,区县,0.0,100.0,,安徽省,340000,安庆市,340800,地级市,潜山市,340882,县级市
安徽|安徽宿州市萧县,address,安徽宿州市萧县,安徽,ok,0,116.94323923099243,34.226833736436404,116.93127044731067,34.222644217017425,20.0,区县,0.0,100.0,,安徽省,340000,宿州市,341300,地级市,萧县,341322,县
安徽|安徽庐江县,address,安徽庐江县,安徽,ok,0,117.29357730191721,31.261327637478026,117.28156078781893,31.257594952419993,20.0,区县,0.0,100.0,,安徽省,340000,合肥市,340100,地级市,庐江县,340124,县
安徽|安徽当涂县,address,安徽当涂县,安徽,ok,0,118.50460469891183,31.576649154711316,118.49292179874985,31.572618077590207,20.0,区县,0.0,100.0,,安徽省,340000,马鞍山市,340500,地级市,当涂县,340521,县
安徽|安徽徐州萧县,address,安徽徐州萧县,安徽,ok,0,116.94323923099243,34.226833736436404,116.93127044731067,34.222644217017425,20.0,区县,0.0,100.0,,安徽省,340000,宿州市,341300,地级市,萧县,341322,县
安徽|安徽池州市东至县,address,安徽池州市东至县,安徽,ok,0,117.03448128943805,30.116534528265298,117.02257447792826,30.113307082604482,20.0,区县,0.0,100.0,,安徽省,340000,池州市,341700,地级市,东至县,341721,县
安徽|安徽池州市贵池县,address,安徽池州市贵池县,安徽,ok,0,117.57449037048667,30.693857943819243,117.56274334958648,30.6903184498233,20.0,区县,0.0,100.0,,安徽省,340000,池州市,341700,地级市,贵池区,341702,市辖区
安徽|安徽淮南市寿县,address,安徽淮南市寿县,安徽,ok,0,116.80556277259998,32.56154615120071,116.79370182237162,32.5579417641997,20.0,区县,0.0,100.0,,安徽省,340000,淮南市,340400,地级市,寿县,340422,县
安徽|安徽滁州市凤阳县,address,安徽滁州市凤阳县,安徽,ok,0,117.5385853687445,32.88097672525767,117.52655007979223,32.876943495466676,20.0,区县,0.0,100.0,,安徽省,340000,滁州市,341100,地级市,凤阳县,341126,县
安徽|安徽滁州市天长县,address,安徽滁州市天长县,安徽,ok,0,119.01138527948528,32.67341003277047,118.99944359605178,32.669748451826294,20.0,区县,0.0,100.0,,安徽省,340000,滁州市,341100,地级市,天长市,341181,县级市
安徽|安徽滁州市,address,安徽滁州市,安徽,ok,0,118.33940613596579,32.26127087204081,118.3275150300542,32.25706267787063,20.0,城市,0.0,100.0,,安徽省,340000,滁州市,341100,地级市,南谯区,341103,市辖区
安徽|安徽蚌埠市怀远县,address,安徽蚌埠市怀远县,安徽,ok,0,117.21150631391461,32.97600372662439,117.19931253358105,32.97210215183883,20.0,区县,0.0,100.0,,安徽省,340000,蚌埠市,340300,地级市,怀远县,340321,县
安徽|安徽铜陵市铜陵县,address,安徽铜陵市铜陵县,安徽,ok,0,117.94404104033666,30.956809322839803,117.93244760631507,30.95284325431162,20.0,区县,0.0,100.0,,安徽省,340000,铜陵市,340700,地级市,义安区,340706,市辖区
安徽|安徽阜阳太和县,address,安徽阜阳太和县,安徽,ok,0,115.62861546970402,33.16595985009563,115.6168237913428,33.16175255517233,20.0,区县,0.0,100.0,,安徽省,340000,阜阳市,341200,地级市,太和县,341222,县
安徽|安徽阜阳阜阳县,address,安徽阜阳阜阳县,安徽,ok,0,115.82043612491321,32.89606099485221,115.80864083917106,32.89176771745348,20.0,城市,0.0,100.0,,安徽省,340000,阜阳市,341200,地级市,颍州区,341202,市辖区
安徽|安徽阜阳霍邱县,address,安徽阜阳霍邱县,安徽,ok,0,116.28439133775672,32.3593435909225,116.27269978072248,32.355213848915234,20.0,区县,0.0,100.0,,安徽省,340000,六安市,341500,地级市,霍邱县,341522,县
安徽|安徽阜阳颍上县,address,安徽阜阳颍上县,安徽,ok,0,116.26347689904284,32.659028468804394,116.25177445473328,32.654832755586185,20.0,区县,0.0,100.0,,安徽省,340000,阜阳市,341200,地级市,颍上县,341226,县
安徽|安徽阜阳县,address,安徽阜阳县,安徽,ok,0,117.3305404177196,31.73429415631746,117.31840395716797,31.73039032367704,20.0,省份,0.0,100.0,,安徽省,340000,合肥市,340100,地级市,包河区,340111,市辖区
安徽|安徽阜阳市阜阳县,address,安徽阜阳市阜阳县,安徽,ok,0,115.82043612491321,32.89606099485221,115.80864083917106,32.89176771745348,20.0,城市,0.0,100.0,,安徽省,340000,阜阳市,341200,地级市,颍州区,341202,市辖区
安徽|安徽阜阳市,address,安徽阜阳市,安徽,ok,0,115.82043612491321,32.89606099485221,115.80864083917106,32.89176771745348,20.0,城市,0.0,100.0,,安徽省,340000,阜阳市,341200,地级市,颍州区,341202,市辖区
安徽|安徽阜阳市霍邱县,address,安徽阜阳市霍邱县,安徽,ok,0,116.28439133775672,32.3593435909225,116.27269978072248,32.355213848915234,20.0,区县,0.0,100.0,,安徽省,340000,六安市,341500,地级市,霍邱县,341522,县
安徽|安徽阜阳市颍上县,address,安徽阜阳市颍上县,安徽,ok,0,116.26347689904284,32.659028468804394,116.25177445473328,32.654832755586185,20.0,区县,0.0,100.0,,安徽省,340000,阜阳市,341200,地级市,颍上县,341226,县
安徽|安徽黄山市歙县,address,安徽黄山市歙县,安徽,ok,0,118.42146012978772,29.866287675757313,118.40971929157053,29.86250639976256,20.0,区县,0.0,100.0,,安徽省,340000,黄山市,341000,地级市,歙县,341021,县
山东|山东,address,山东,山东,ok,0,117.02744162847857,36.674856650404905,117.01488397839204,36.668876101496664,20.0,省份,0.0,100.0,,山东省,370000,济南市,370100,地级市,历下区,370102,市辖区
山东|山东东明县,address,山东东明县,山东,ok,0,115.11402511085738,35.28172493679994,115.10146480996437,35.276290238416784,20.0,区县,0.0,100.0,,山东省,370000,菏泽市,371700,地级市,东明县,371728,县
山东|山东东阿县,address,山东东阿县,山东,ok,0,116.25449294563757,36.340957707760644,116.2424351539442,36.33461454959697,20.0,区县,0.0,100.0,,山东省,370000,聊城市,371500,地级市,东阿县,371524,县
山东|山东临邑县,address,山东临邑县,山东,ok,0,116.87340370301902,37.19616936672706,116.86119026250917,37.19003660564351,20.0,区县,0.0,100.0,,山东省,370000,德州市,371400,地级市,临邑县,371424,县
山东|山东兖州县,address,山东兖州县,山东,ok,0,116.7901151517282,35.557952373283435,116.77797569577189,35.55241295292106,20.0,区县,0.0,100.0,,山东省,370000,济宁市,370800,地级市,兖州区,370812,市辖区
山东|山东利津县,address,山东利津县,山东,ok,0,118.26161799914311,37.49586029903058,118.249333989842,37.48884551345866,20.0,区县,0.0,100.0,,山东省,370000,东营市,370500,地级市,利津县,370522,县
山东|山东单县,address,山东单县,山东,ok,0,116.11158367798839,34.78465843369218,116.0994403212599,34.77907745117317,20.0,区县,0.0,100.0,,山东省,370000,菏泽市,371700,地级市,单县,371722,县
山东|山东商河县,address,山东商河县,山东,ok,0,117.16352979289881,37.31497071555638,117.15078768268042,37.30847670827174,20.0,区县,0.0,100.0,,山东省,370000,济南市,370100,地级市,商河县,370126,县
山东|山东宁津县,address,山东宁津县,山东,ok,0,116.80653761373941,37.658018745854946,116.79417946941864,37.65158668960172,20.0,区县,0.0,100.0,,山东省,370000,德州市,371400,地级市,宁津县,371422,县
山东|山东宁阳县,address,山东宁阳县,山东,ok,0,116.81257853863292,35.76453909734402,116.80043604229819,35.75894029100397,20.0,区县,0.0,100.0,,山东省,370000,泰安市,370900,地级市,宁阳县,370921,县
山东|山东安丘,address,山东安丘,山东,ok,0,119.2256075181801,36.483842195596104,119.2132661393574,36.47789065436373,20.0,区县,0.0,100.0,,山东省,370000,潍坊市,370700,地级市,安丘市,370784,县级市
山东|山东安丘县,address,山东安丘县,山东,ok,0,119.2256075181801,36.483842195596104,119.2132661393574,36.47789065436373,20.0,区县,0.0,100.0,,山东省,370000,潍坊市,370700,地级市,安丘市,370784,县级市
山东|山东定陶县,address,山东定陶县,山东,ok,0,115.57943737523806,35.07727517975711,115.5674278263538,35.07199426035382,20.0,区县,0.0,100.0,,山东省,370000,菏泽市,371700,地级市,定陶区,371703,市辖区
山东|山东寿光县,address,山东寿光县,山东,ok,0,118.7974153748082,36.86192174647094,118.78513837646636,36.85580614952079,20.0,区县,0.0,100.0,,山东省,370000,潍坊市,370700,地级市,寿光市,370783,县级市
山东|山东寿张,address,山东寿张,山东,ok,0,115.86795442028837,36.02591841355568,115.855994492069,36.019754117470235,25.0,乡镇,0.0,100.0,,山东省,370000,聊城市,371500,地级市,阳谷县,371521,县
山东|山东平原县,address,山东平原县,山东,ok,0,116.4405047082665,37.171221463311625,116.42815239879762,37.16439798328747,20.0,区县,0.0,100.0,,山东省,370000,德州市,371400,地级市,平原县,371426,县
山东|山东平度县,address,山东平度县,山东,ok,0,119.976700697455,36.75993613014904,119.9650758511575,36.753282712117986,20.0,区县,0.0,100.0,,山东省,370000,青岛市,370200,地级市,平度市,370283,县级市
山东|山东平阴县,address,山东平阴县,山东,ok,0,116.46261667805571,36.29486132106647,116.45037937064606,36.288608229324915,20.0,区县,0.0,100.0,,山东省,370000,济南市,370100,地级市,平阴县,370124,县
山东|山东广饶县,address,山东广饶县,山东,ok,0,118.4260019786527,37.060488846616934,118.4135403625954,37.05366338315894,20.0,区县,0.0,100.0,,山东省,370000,东营市,370500,地级市,广饶县,370523,县
山东|山东德州,address,山东德州,山东,ok,0,116.36555674397471,37.441308454576266,116.35321987406334,37.4342960545154,20.0,城市,0.0,100.0,,山东省,370000,德州市,371400,地级市,德城区,371402,市辖区
山东|山东德州市,address,山东德州市,山东,ok,0,116.36555674397471,37.441308454576266,116.35321987406334,37.4342960545154,20.0,城市,0.0,100.0,,山东省,370000,德州市,371400,地级市,德城区,371402,市辖区
山东|山东惠民县,address,山东惠民县,山东,ok,0,117.5165096904979,37.49580310894013,117.50392534343422,37.48906997519396,20.0,区县,0.0,100.0,,山东省,370000,滨州市,371600,地级市,惠民县,371621,县
山东|山东成武县,address,山东成武县,山东,ok,0,115.8965190083863,34.95860565495999,115.8847154575813,34.95321209739009,20.0,区县,0.0,100.0,,山东省,370000,菏泽市,371700,地级市,成武县,371723,县
山东|山东昌乐,address,山东昌乐,山东,ok,0,118.83648798143965,36.71299619084501,118.82429353944114,36.70707189699923,20.0,区县,0.0,100.0,,山东省,370000,潍坊市,370700,地级市,昌乐县,370725,县
山东|山东昌乐县,address,山东昌乐县,山东,ok,0,118.83648798143965,36.71299619084501,118.82429353944114,36.70707189699923,20.0,区县,0.0,100.0,,山东省,370000,潍坊市,370700,地级市,昌乐县,370725,县
山东|山东昌邑县,address,山东昌邑县,山东,ok,0,119.40440597739446,36.8651610726221,119.39190138070562,36.85864744673794,20.0,区县,0.0,100.0,,山东省,370000,潍坊市,370700,地级市,昌邑市,370786,县级市
山东|山东曲阜,address,山东曲阜,山东,ok,0,116.99341597169382,35.587372286487756,116.98115990413179,35.58190773434287,20.0,区县,0.0,100.0,,山东省,370000,济宁市,370800,地级市,曲阜市,370881,县级市
山东|山东栖霞县,address,山东栖霞县,山东,ok,0,120.85641658337892,37.341418164799684,120.84506333147107,37.335106508435175,20.0,区县,0.0,100.0,,山东省,370000,烟台市,370600,地级市,栖霞市,370686,县级市
山东|山东武定,address,山东武定,山东,ok,0,102.4105318203669,25.536089587806806,102.40246175715689,25.53280721910491,20.0,区县,0.0,100.0,,云南省,530000,楚雄彝族自治州,532300,自治州,武定县,532329,县
山东|山东永年县,address,山东永年县,山东,ok,0,114.550625142465,36.74756938957492,114.53837230476955,36.741472703805826,20.0,区县,0.0,100.0,,河北省,130000,邯郸市,130400,地级市,永年区,130408,市辖区
山东|山东汶上县,address,山东汶上县,山东,ok,0,116.50544105764958,35.71705539262766,116.49342294629581,35.71113752766394,20.0,区县,0.0,100.0,,山东省,370000,济宁市,370800,地级市,汶上县,370830,县
山东|山东沂水县,address,山东沂水县,山东,ok,0,118.63461726384591,35.79618058471814,118.6226943349985,35.79049981255665,20.0,区县,0.0,100.0,,山东省,370000,临沂市,371300,地级市,沂水县,371323,县
山东|山东沾化县,address,山东沾化县,山东,ok,0,118.10545441335532,37.705298106724484,118.09286360123511,37.697989397406445,20.0,区县,0.0,100.0,,山东省,370000,滨州市,371600,地级市,沾化区,371603,市辖区
山东|山东泗水县,address,山东泗水县,山东,ok,0,117.2574285898902,35.67060048122767,117.24500155210293,35.66494275359562,20.0,区县,0.0,100.0,,山东省,370000,济宁市,370800,地级市,泗水县,370831,县
山东|山东泰安,address,山东泰安,山东,ok,0,117.0944948347959,36.2058580448846,117.08181116882463,36.19994271820543,20.0,城市,0.0,100.0,,山东省,370000,泰安市,370900,地级市,泰山区,370902,市辖区
山东|山东济南,address,山东济南,山东,ok,0,117.12656099999994,36.658391913308016,117.11381373303149,36.652282426868965,100.0,,1.0,100.0,,山东省,370000,济南市,370100,地级市,历下区,370102,市辖区
山东|山东济宁,address,山东济宁,山东,ok,0,116.59361234853988,35.420177394529645,116.58181111739216,35.41472606496415,20.0,城市,0.0,100.0,,山东省,370000,济宁市,370800,地级市,任城区,370811,市辖区
山东|山东济阳县,address,山东济阳县,山东,ok,0,117.18062113319276,36.98397051831499,117.1679352957891,36.97769959675554,20.0,区县,0.0,100.0,,山东省,370000,济南市,370100,地级市,济阳区,370115,市辖区
山东|山东滕县,address,山东滕县,山东,ok,0,117.02744162847857,36.674856650404905,117.01488397839204,36.668876101496664,20.0,省份,0.0,100.0,,山东省,370000,济南市,370100,地级市,历下区,370102,市辖区
山东|山东禹城县,address,山东禹城县,山东,ok,0,116.64437110138118,36.94024200876569,116.6323227202416,36.93410297501305,20.0,区县,0.0,100.0,,山东省,370000,德州市,371400,地级市,禹城市,371482,县级市
山东|山东章丘县,address,山东章丘县,山东,ok,0,117.53256537436938,36.685532751420155,117.52010184210887,36.67929465581294,20.0,区县,0.0,100.0,,山东省,370000,济南市,370100,地级市,章丘区,370114,市辖区
山东|山东肥城县,address,山东肥城县,山东,ok,0,116.77540081764421,36.18881122431525,116.76315713539525,36.183020030819556,20.0,区县,0.0,100.0,,山东省,370000,泰安市,370900,地级市,肥城市,370983,县级市
山东|山东茌平,address,山东茌平,山东,ok,0,116.26145544215375,36.5867850688424,116.24936959857321,36.58033868138363,20.0,区县,0.0,100.0,,山东省,370000,聊城市,371500,地级市,茌平区,371503,市辖区
山东|山东莒县,address,山东莒县,山东,ok,0,118.87571222204119,35.59687205195049,118.86374427169913,35.591466259449206,20.0,区县,0.0,100.0,,山东省,370000,日照市,371100,地级市,莒县,371122,县
山东|山东莱阳县,address,山东莱阳县,山东,ok,0,120.718414309578,36.9846355683041,120.70697891992518,36.97833319421675,20.0,区县,0.0,100.0,,山东省,370000,烟台市,370600,地级市,莱阳市,370682,县级市
山东|山东蒙阴县,address,山东蒙阴县,山东,ok,0,117.95141460145422,35.71634716623248,117.93937860407655,35.71020219701927,20.0,区县,0.0,100.0,,山东省,370000,临沂市,371300,地级市,蒙阴县,371328,县
山东|山东诸城县,address,山东诸城县,山东,ok,0,119.41640221866636,36.00200885807568,119.40401397777873,35.9958611758665,20.0,区县,0.0,100.0,,山东省,370000,潍坊市,370700,地级市,诸城市,370782,县级市
山东|山东邹县,address,山东邹县,山东,ok,0,117.02744162847857,36.674856650404905,117.01488397839204,36.668876101496664,20.0,省份,0.0,100.0,,山东省,370000,济南市,370100,地级市,历下区,370102,市辖区
山东|山东邹平县,address,山东邹平县,山东,ok,0,117.74947848721935,36.8700322166973,117.73700476983839,36.863376800557255,20.0,区县,0.0,100.0,,山东省,370000,滨州市,371600,地级市,邹平市,371681,县级市
山东|山东郓城县,address,山东郓城县,山东,ok,0,115.94539329592878,35.58147559928302,115.93354361095909,35.57545784558036,20.0,区县,0.0,100.0,,山东省,370000,菏泽市,371700,地级市,郓城县,371725,县
山东|山东阳信县,address,山东阳信县,山东,ok,0,117.58443703790701,37.64733803495721,117.57203947886005,37.64065377650137,20.0,区县,0.0,100.0,,山东省,370000,滨州市,371600,地级市,阳信县,371622,县
山东|山东阳谷县,address,山东阳谷县,山东,ok,0,115.79839557041204,36.12081551468669,115.78622846999039,36.11454765599915,20.0,区县,0.0,100.0,,山东省,370000,聊城市,371500,地级市,阳谷县,371521,县
山东|山东青城,address,山东青城,山东,ok,0,103.85742163531376,29.847968308703315,103.84892290961808,29.84452199424503,25.0,乡镇,0.0,100.0,,四川省,510000,眉山市,511400,地级市,青神县,511425,县
山东|山东青州,address,山东青州,山东,ok,0,118.48653672086745,36.690416508705376,118.47424030978493,36.68402765229215,20.0,区县,0.0,100.0,,山东省,370000,潍坊市,370700,地级市,青州市,370781,县级市
山东|山东鱼台县,address,山东鱼台县,山东,ok,0,116.65739284822328,35.017887717822525,116.6455165969788,35.012852284735224,20.0,区县,0.0,100.0,,山东省,370000,济宁市,370800,地级市,鱼台县,370827,县
山东|山东齐河县,address,山东齐河县,山东,ok,0,116.76938747072987,36.78994480666954,116.75707547048201,36.78386740908337,20.0,区县,0.0,100.0,,山东省,370000,德州市,371400,地级市,齐河县,371425,县
山东|山东龙口市,address,山东龙口市,山东,ok,0,120.48536852807433,37.65255512549617,120.47378538210444,37.64563367559842,20.0,区县,0.0,100.0,,山东省,370000,烟台市,370600,地级市,龙口市,370681,县级市
山东|山东东营利津县,address,山东东营利津县,山东,ok,0,118.26161799914311,37.49586029903058,118.249333989842,37.48884551345866,20.0,区县,0.0,100.0,,山东省,370000,东营市,370500,地级市,利津县,370522,县
山东|山东东营市利津县,address,山东东营市利津县,山东,ok,0,118.26161799914311,37.49586029903058,118.249333989842,37.48884551345866,20.0,区县,0.0,100.0,,山东省,370000,东营市,370500,地级市,利津县,370522,县
山东|山东东营市广饶县,address,山东东营市广饶县,山东,ok,0,118.4260019786527,37.060488846616934,118.4135403625954,37.05366338315894,20.0,区县,0.0,100.0,,山东省,370000,东营市,370500,地级市,广饶县,370523,县
山东|山东临沂临沂市,address,山东临沂临沂市,山东,ok,0,118.36353300501388,35.11067124236514,118.35132962902804,35.10491040307795,20.0,城市,0.0,100.0,,山东省,370000,临沂市,371300,地级市,兰山区,371302,市辖区
山东|山东临沂蒙阴县,address,山东临沂蒙阴县,山东,ok,0,117.95141460145422,35.71634716623248,117.93937860407655,35.71020219701927,20.0,区县,0.0,100.0,,山东省,370000,临沂市,371300,地级市,蒙阴县,371328,县
山东|山东临沂费县,address,山东临沂费县,山东,ok,0,117.98442508318213,35.27230412851695,117.97235465071927,35.26639496572099,20.0,区县,0.0,100.0,,山东省,370000,临沂市,371300,地级市,费县,371325,县
山东|山东临沂市,address,山东临沂市,山东,ok,0,118.36353300501388,35.11067124236514,118.35132962902804,35.10491040307795,20.0,城市,0.0,100.0,,山东省,370000,临沂市,371300,地级市,兰山区,371302,市辖区
山东|山东临沂市沂州,address,山东临沂市沂州,山东,ok,0,118.36353300501388,35.11067124236514,118.35132962902804,35.10491040307795,20.0,城市,0.0,100.0,,山东省,370000,临沂市,371300,地级市,兰山区,371302,市辖区
山东|山东临沂市沂水县,address,山东临沂市沂水县,山东,ok,0,118.63461726384591,35.79618058471814,118.6226943349985,35.79049981255665,20.0,区县,0.0,100.0,,山东省,370000,临沂市,371300,地级市,沂水县,371323,县
山东|山东临沂市费县,address,山东临沂市费县,山东,ok,0,117.98442508318213,35.27230412851695,117.97235465071927,35.26639496572099,20.0,区县,0.0,100.0,,山东省,370000,临沂市,371300,地级市,费县,371325,县
山东|山东临沂市郯城县,address,山东临沂市郯城县,山东,ok,0,118.37358710977321,34.61922593247125,118.36139373756987,34.61396738531961,20.0,区县,0.0,100.0,,山东省,370000,临沂市,371300,地级市,郯城县,371322,县
山东|山东威海威海市,address,山东威海威海市,山东,ok,0,122.12754097831325,37.5164305480148,122.11610892938603,37.50906507705594,20.0,城市,0.0,100.0,,山东省,370000,威海市,371000,地级市,环翠区,371002,市辖区
山东|山东威海文登县,address,山东威海文登县,山东,ok,0,122.06442836877653,37.20011332831649,122.05303659838503,37.192883285713535,20.0,区县,0.0,100.0,,山东省,370000,威海市,371000,地级市,文登区,371003,市辖区
山东|山东威海荣成县,address,山东威海荣成县,山东,ok,0,122.49250463073764,37.171317939253235,122.48119563568142,37.164547970802495,20.0,区县,0.0,100.0,,山东省,370000,威海市,371000,地级市,荣成市,371082,县级市
山东|山东德州临邑县,address,山东德州临邑县,山东,ok,0,116.87340370301902,37.19616936672706,116.86119026250917,37.19003660564351,20.0,区县,0.0,100.0,,山东省,370000,德州市,371400,地级市,临邑县,371424,县
山东|山东德州乐陵县,address,山东德州乐陵县,山东,ok,0,117.23840643173311,37.73592450080975,117.22573442331917,37.729413257866234,20.0,区县,0.0,100.0,,山东省,370000,德州市,371400,地级市,乐陵市,371481,县级市
山东|山东德州商河县,address,山东德州商河县,山东,ok,0,117.16352979289881,37.31497071555638,117.15078768268042,37.30847670827174,20.0,区县,0.0,100.0,,山东省,370000,济南市,370100,地级市,商河县,370126,县
山东|山东德州夏津县,address,山东德州夏津县,山东,ok,0,116.00853411225853,36.954154863323446,115.9963534603409,36.94736416130516,20.0,区县,0.0,100.0,,山东省,370000,德州市,371400,地级市,夏津县,371427,县
山东|山东德州平原县,address,山东德州平原县,山东,ok,0,116.4405047082665,37.171221463311625,116.42815239879762,37.16439798328747,20.0,区县,0.0,100.0,,山东省,370000,德州市,371400,地级市,平原县,371426,县
山东|山东德州庆云县,address,山东德州庆云县,山东,ok,0,117.39145244824853,37.78158531885699,117.37854198773813,37.77476358485895,20.0,区县,0.0,100.0,,山东省,370000,德州市,371400,地级市,庆云县,371423,县
山东|山东德州德州市,address,山东德州德州市,山东,ok,0,116.36555674397471,37.441308454576266,116.35321987406334,37.4342960545154,20.0,城市,0.0,100.0,,山东省,370000,德州市,371400,地级市,德城区,371402,市辖区
山东|山东德州武城县,address,山东德州武城县,山东,ok,0,116.07550629141886,37.21922208028849,116.06313961278425,37.21210575898866,20.0,区县,0.0,100.0,,山东省,370000,德州市,371400,地级市,武城县,371428,县
山东|山东德州市临邑县,address,山东德州市临邑县,山东,ok,0,116.87340370301902,37.19616936672706,116.86119026250917,37.19003660564351,20.0,区县,0.0,100.0,,山东省,370000,德州市,371400,地级市,临邑县,371424,县
山东|山东德州市夏津县,address,山东德州市夏津县,山东,ok,0,116.00853411225853,36.954154863323446,115.9963534603409,36.94736416130516,20.0,区县,0.0,100.0,,山东省,370000,德州市,371400,地级市,夏津县,371427,县
山东|山东德州市平原县,address,山东德州市平原县,山东,ok,0,116.4405047082665,37.171221463311625,116.42815239879762,37.16439798328747,20.0,区县,0.0,100.0,,山东省,370000,德州市,371400,地级市,平原县,371426,县
山东|山东德州市庆云县,address,山东德州市庆云县,山东,ok,0,117.39145244824853,37.78158531885699,117.37854198773813,37.77476358485895,20.0,区县,0.0,100.0,,山东省,370000,德州市,371400,地级市,庆云县,371423,县
山东|山东德州市武城县,address,山东德州市武城县,山东,ok,0,116.07550629141886,37.21922208028849,116.06313961278425,37.21210575898866,20.0,区县,0.0,100.0,,山东省,370000,德州市,371400,地级市,武城县,371428,县
山东|山东德州市禹城县,address,山东德州市禹城县,山东,ok,0,116.64437110138118,36.94024200876569,116.6323227202416,36.93410297501305,20.0,区县,0.0,100.0,,山东省,370000,德州市,371400,地级市,禹城市,371482,县级市
山东|山东德州市齐河县,address,山东德州市齐河县,山东,ok,0,116.76938747072987,36.78994480666954,116.75707547048201,36.78386740908337,20.0,区县,0.0,100.0,,山东省,370000,德州市,371400,地级市,齐河县,371425,县
山东|山东掖县,address,山东掖县,山东,ok,0,120.30759988629661,31.03605985984831,120.29660116619708,31.031947130043427,50.0,村庄,0.0,0.0,,江苏省,320000,苏州市,320500,地级市,吴中区,320506,市辖区
山东|山东文登县,address,山东文登县,山东,ok,0,122.06442836877653,37.20011332831649,122.05303659838503,37.192883285713535,20.0,区县,0.0,100.0,,山东省,370000,威海市,371000,地级市,文登区,371003,市辖区
山东|山东新泰市,address,山东新泰市,山东,ok,0,117.77460624826666,35.9146198665876,117.7622721194928,35.908353409449866,20.0,区县,0.0,100.0,,山东省,370000,泰安市,370900,地级市,新泰市,370982,县级市
山东|山东日照日照市,address,山东日照日照市,山东,ok,0,119.53341540456555,35.42283899843767,119.52151481735513,35.41710211780598,20.0,城市,0.0,100.0,,山东省,370000,日照市,371100,地级市,东港区,371102,市辖区
山东|山东日照市,address,山东日照市,山东,ok,0,119.53341540456555,35.42283899843767,119.52151481735513,35.41710211780598,20.0,城市,0.0,100.0,,山东省,370000,日照市,371100,地级市,东港区,371102,市辖区
山东|山东曲阜市,address,山东曲阜市,山东,ok,0,116.99341597169382,35.587372286487756,116.98115990413179,35.58190773434287,20.0,区县,0.0,100.0,,山东省,370000,济宁市,370800,地级市,曲阜市,370881,县级市
山东|山东枣庄峄县,address,山东枣庄峄县,山东,ok,0,117.33054194483897,34.815994048435115,117.3180662147885,34.81097033256396,20.0,城市,0.0,100.0,,山东省,370000,枣庄市,370400,地级市,薛城区,370403,市辖区
山东|山东枣庄市峄县,address,山东枣庄市峄县,山东,ok,0,117.33054194483897,34.815994048435115,117.3180662147885,34.81097033256396,20.0,城市,0.0,100.0,,山东省,370000,枣庄市,370400,地级市,薛城区,370403,市辖区
山东|山东枣庄市,address,山东枣庄市,山东,ok,0,117.33054194483897,34.815994048435115,117.3180662147885,34.81097033256396,20.0,城市,0.0,100.0,,山东省,370000,枣庄市,370400,地级市,薛城区,370403,市辖区
山东|山东枣庄市滕县,address,山东枣庄市滕县,山东,ok,0,117.33054194483897,34.815994048435115,117.3180662147885,34.81097033256396,20.0,城市,0.0,100.0,,山东省,370000,枣庄市,370400,地级市,薛城区,370403,市辖区
山东|山东泰安东平,address,山东泰安东平,山东,ok,0,116.47759421565412,35.94190801501926,116.46545360937391,35.93580041461248,20.0,区县,0.0,100.0,,山东省,370000,泰安市,370900,地级市,东平县,370923,县
山东|山东泰安东平县,address,山东泰安东平县,山东,ok,0,116.47759421565412,35.94190801501926,116.46545360937391,35.93580041461248,20.0,区县,0.0,100.0,,山东省,370000,泰安市,370900,地级市,东平县,370923,县
山东|山东泰安新泰市,address,山东泰安新泰市,山东,ok,0,117.77460624826666,35.9146198665876,117.7622721194928,35.908353409449866,20.0,区县,0.0,100.0,,山东省,370000,泰安市,370900,地级市,新泰市,370982,县级市
山东|山东泰安泰安县,address,山东泰安泰安县,山东,ok,0,117.0944948347959,36.2058580448846,117.08181116882463,36.19994271820543,20.0,城市,0.0,100.0,,山东省,370000,泰安市,370900,地级市,泰山区,370902,市辖区
山东|山东泰安泰安市,address,山东泰安泰安市,山东,ok,0,117.0944948347959,36.2058580448846,117.08181116882463,36.19994271820543,20.0,城市,0.0,100.0,,山东省,370000,泰安市,370900,地级市,泰山区,370902,市辖区
山东|山东泰安肥城,address,山东泰安肥城,山东,ok,0,116.77540081764421,36.18881122431525,116.76315713539525,36.183020030819556,20.0,区县,0.0,100.0,,山东省,370000,泰安市,370900,地级市,肥城市,370983,县级市
山东|山东泰安肥城县,address,山东泰安肥城县,山东,ok,0,116.77540081764421,36.18881122431525,116.76315713539525,36.183020030819556,20.0,区县,0.0,100.0,,山东省,370000,泰安市,370900,地级市,肥城市,370983,县级市
山东|山东泰安市东平县,address,山东泰安市东平县,山东,ok,0,116.47759421565412,35.94190801501926,116.46545360937391,35.93580041461248,20.0,区县,0.0,100.0,,山东省,370000,泰安市,370900,地级市,东平县,370923,县
山东|山东泰安市宁阳县,address,山东泰安市宁阳县,山东,ok,0,116.81257853863292,35.76453909734402,116.80043604229819,35.75894029100397,20.0,区县,0.0,100.0,,山东省,370000,泰安市,370900,地级市,宁阳县,370921,县
山东|山东泰安市泰安县,address,山东泰安市泰安县,山东,ok,0,117.0944948347959,36.2058580448846,117.08181116882463,36.19994271820543,20.0,城市,0.0,100.0,,山东省,370000,泰安市,370900,地级市,泰山区,370902,市辖区
山东|山东泰安市肥城县,address,山东泰安市肥城县,山东,ok,0,116.77540081764421,36.18881122431525,116.76315713539525,36.183020030819556,20.0,区县,0.0,100.0,,山东省,370000,泰安市,370900,地级市,肥城市,370983,县级市
山东|山东济南历城县,address,山东济南历城县,山东,ok,0,117.07158975107194,36.68565553471069,117.05888394702083,36.67956198892589,20.0,区县,0.0,100.0,,山东省,370000,济南市,370100,地级市,历城区,370112,市辖区
山东|山东济南莱芜市,address,山东济南莱芜市,山东,ok,0,117.66659067001653,36.20884142681693,117.6542875583521,36.20270530989479,20.0,区县,0.0,100.0,,山东省,370000,济南市,370100,地级市,莱芜区,370116,市辖区
山东|山东济南市历城县,address,山东济南市历城县,山东,ok,0,117.07158975107194,36.68565553471069,117.05888394702083,36.67956198892589,20.0,区县,0.0,100.0,,山东省,370000,济南市,370100,地级市,历城区,370112,市辖区
山东|山东济南市商河县,address,山东济南市商河县,山东,ok,0,117.16352979289881,37.31497071555638,117.15078768268042,37.30847670827174,20.0,区县,0.0,100.0,,山东省,370000,济南市,370100,地级市,商河县,370126,县
山东|山东济南市,address,山东济南市,山东,ok,0,117.12639941261048,36.65655420178723,117.11365220404856,36.65044573461825,20.0,城市,0.0,100.0,,山东省,370000,济南市,370100,地级市,历下区,370102,市辖区
山东|山东济南市济南府,address,山东济南市济南府,山东,ok,0,117.03095660810855,36.64718713071695,117.01838710580714,36.64121291851737,80.0,餐饮,1.0,100.0,,山东省,370000,济南市,370100,地级市,历下区,370102,市辖区
山东|山东济南市济阳县,address,山东济南市济阳县,山东,ok,0,117.18062113319276,36.98397051831499,117.1679352957891,36.97769959675554,20.0,区县,0.0,100.0,,山东省,370000,济南市,370100,地级市,济阳区,370115,市辖区
山东|山东济南市章丘县,address,山东济南市章丘县,山东,ok,0,117.53256537436938,36.685532751420155,117.52010184210887,36.67929465581294,20.0,区县,0.0,100.0,,山东省,370000,济南市,370100,地级市,章丘区,370114,市辖区
山东|山东济南市莱芜县,address,山东济南市莱芜县,山东,ok,0,117.66659067001653,36.20884142681693,117.6542875583521,36.20270530989479,20.0,区县,0.0,100.0,,山东省,370000,济南市,370100,地级市,莱芜区,370116,市辖区
山东|山东济南市长清县,address,山东济南市长清县,山东,ok,0,116.75838709094633,36.5602158799097,116.7460978751959,36.55426596717356,20.0,区县,0.0,100.0,,山东省,370000,济南市,370100,地级市,长清区,370113,市辖区
山东|山东济宁曲阜市,address,山东济宁曲阜市,山东,ok,0,116.99341597169382,35.587372286487756,116.98115990413179,35.58190773434287,20.0,区县,0.0,100.0,,山东省,370000,济宁市,370800,地级市,曲阜市,370881,县级市
山东|山东济宁汶上县,address,山东济宁汶上县,山东,ok,0,116.50544105764958,35.71705539262766,116.49342294629581,35.71113752766394,20.0,区县,0.0,100.0,,山东省,370000,济宁市,370800,地级市,汶上县,370830,县
山东|山东济宁泗水县,address,山东济宁泗水县,山东,ok,0,117.2574285898902,35.67060048122767,117.24500155210293,35.66494275359562,20.0,区县,0.0,100.0,,山东省,370000,济宁市,370800,地级市,泗水县,370831,县
山东|山东济宁济宁县,address,山东济宁济宁县,山东,ok,0,116.59361234853988,35.420177394529645,116.58181111739216,35.41472606496415,20.0,城市,0.0,100.0,,山东省,370000,济宁市,370800,地级市,任城区,370811,市辖区
山东|山东济宁滋阳,address,山东济宁滋阳,山东,ok,0,116.59361234853988,35.420177394529645,116.58181111739216,35.41472606496415,20.0,城市,0.0,100.0,,山东省,370000,济宁市,370800,地级市,任城区,370811,市辖区
山东|山东济宁滕州,address,山东济宁滕州,山东,ok,0,117.17256521920983,35.120034809573916,117.16008410062695,35.11478480555841,20.0,区县,0.0,100.0,,山东省,370000,枣庄市,370400,地级市,滕州市,370481,县级市
山东|山东济宁邹城,address,山东济宁邹城,山东,ok,0,117.01440416129005,35.40752093244999,117.00207791706885,35.40212236458752,20.0,区县,0.0,100.0,,山东省,370000,济宁市,370800,地级市,邹城市,370883,县级市
山东|山东济宁郓城县,address,山东济宁郓城县,山东,ok,0,115.94539329592878,35.58147559928302,115.93354361095909,35.57545784558036,20.0,区县,0.0,100.0,,山东省,370000,菏泽市,371700,地级市,郓城县,371725,县
山东|山东济宁金乡县,address,山东济宁金乡县,山东,ok,0,116.31852982171351,35.072569118665015,116.30654179433719,35.06692896771575,20.0,区县,0.0,100.0,,山东省,370000,济宁市,370800,地级市,金乡县,370828,县
山东|山东济宁鱼台县,address,山东济宁鱼台县,山东,ok,0,116.65739284822328,35.017887717822525,116.6455165969788,35.012852284735224,20.0,区县,0.0,100.0,,山东省,370000,济宁市,370800,地级市,鱼台县,370827,县
山东|山东济宁市兖州市,address,山东济宁市兖州市,山东,ok,0,116.7901151517282,35.557952373283435,116.77797569577189,35.55241295292106,20.0,区县,0.0,100.0,,山东省,370000,济宁市,370800,地级市,兖州区,370812,市辖区
山东|山东济宁市兖州府,address,山东济宁市兖州府,山东,ok,0,116.8552511045956,35.55896570809757,116.84320261669977,35.55357512379575,70.0,地产小区,1.0,100.0,,山东省,370000,济宁市,370800,地级市,兖州区,370812,市辖区
山东|山东济宁市曲阜市,address,山东济宁市曲阜市,山东,ok,0,116.99341597169382,35.587372286487756,116.98115990413179,35.58190773434287,20.0,区县,0.0,100.0,,山东省,370000,济宁市,370800,地级市,曲阜市,370881,县级市
山东|山东济宁市汶上县,address,山东济宁市汶上县,山东,ok,0,116.50544105764958,35.71705539262766,116.49342294629581,35.71113752766394,20.0,区县,0.0,100.0,,山东省,370000,济宁市,370800,地级市,汶上县,370830,县
山东|山东济宁市泗水县,address,山东济宁市泗水县,山东,ok,0,117.2574285898902,35.67060048122767,117.24500155210293,35.66494275359562,20.0,区县,0.0,100.0,,山东省,370000,济宁市,370800,地级市,泗水县,370831,县
山东|山东济宁市,address,山东济宁市,山东,ok,0,116.59361234853988,35.420177394529645,116.58181111739216,35.41472606496415,20.0,城市,0.0,100.0,,山东省,370000,济宁市,370800,地级市,任城区,370811,市辖区
山东|山东济宁市邹县,address,山东济宁市邹县,山东,ok,0,116.59361234853988,35.420177394529645,116.58181111739216,35.41472606496415,20.0,城市,0.0,100.0,,山东省,370000,济宁市,370800,地级市,任城区,370811,市辖区
山东|山东济宁市金乡县,address,山东济宁市金乡县,山东,ok,0,116.31852982171351,35.072569118665015,116.30654179433719,35.06692896771575,20.0,区县,0.0,100.0,,山东省,370000,济宁市,370800,地级市,金乡县,370828,县
山东|山东济宁市鱼台县,address,山东济宁市鱼台县,山东,ok,0,116.65739284822328,35.017887717822525,116.6455165969788,35.012852284735224,20.0,区县,0.0,100.0,,山东省,370000,济宁市,370800,地级市,鱼台县,370827,县
山东|山东淄博淄博市,address,山东淄博淄博市,山东,ok,0,118.06145253489896,36.81908568332188,118.0489701362115,36.81220954779001,20.0,城市,0.0,100.0,,山东省,370000,淄博市,370300,地级市,张店区,370303,市辖区
山东|山东淄博淄川,address,山东淄博淄川,山东,ok,0,117.9734118576298,36.649834806021666,117.961194986012,36.643305058713125,20.0,区县,0.0,100.0,,山东省,370000,淄博市,370300,地级市,淄川区,370302,市辖区
山东|山东淄博市博山区,address,山东淄博市博山区,山东,ok,0,117.86846875371543,36.500847855130566,117.85628100080386,36.4944893089616,20.0,区县,0.0,100.0,,山东省,370000,淄博市,370300,地级市,博山区,370304,市辖区
山东|山东淄博市桓台,address,山东淄博市桓台,山东,ok,0,118.10443420778763,36.965607980118264,118.09191108231586,36.95859908659337,20.0,区县,0.0,100.0,,山东省,370000,淄博市,370300,地级市,桓台县,370321,县
山东|山东淄博市桓台县,address,山东淄博市桓台县,山东,ok,0,118.10443420778763,36.965607980118264,118.09191108231586,36.95859908659337,20.0,区县,0.0,100.0,,山东省,370000,淄博市,370300,地级市,桓台县,370321,县
山东|山东淄博市,address,山东淄博市,山东,ok,0,118.06145253489896,36.81908568332188,118.0489701362115,36.81220954779001,20.0,城市,0.0,100.0,,山东省,370000,淄博市,370300,地级市,张店区,370303,市辖区
山东|山东滕州市,address,山东滕州市,山东,ok,0,117.17256521920983,35.120034809573916,117.16008410062695,35.11478480555841,20.0,区县,0.0,100.0,,山东省,370000,枣庄市,370400,地级市,滕州市,370481,县级市
山东|山东滨州博兴县,address,山东滨州博兴县,山东,ok,0,118.1174926953251,37.160477277651474,118.10496833490431,37.153346300815045,20.0,区县,0.0,100.0,,山东省,370000,滨州市,371600,地级市,博兴县,371625,县
山东|山东滨州庆云县,address,山东滨州庆云县,山东,ok,0,117.39145244824853,37.78158531885699,117.37854198773813,37.77476358485895,20.0,区县,0.0,100.0,,山东省,370000,德州市,371400,地级市,庆云县,371423,县
山东|山东滨州惠民县,address,山东滨州惠民县,山东,ok,0,117.5165096904979,37.49580310894013,117.50392534343422,37.48906997519396,20.0,区县,0.0,100.0,,山东省,370000,滨州市,371600,地级市,惠民县,371621,县
山东|山东滨州阳信县,address,山东滨州阳信县,山东,ok,0,117.58443703790701,37.64733803495721,117.57203947886005,37.64065377650137,20.0,区县,0.0,100.0,,山东省,370000,滨州市,371600,地级市,阳信县,371622,县
山东|山东滨州市博兴县,address,山东滨州市博兴县,山东,ok,0,118.1174926953251,37.160477277651474,118.10496833490431,37.153346300815045,20.0,区县,0.0,100.0,,山东省,370000,滨州市,371600,地级市,博兴县,371625,县
山东|山东滨州市无棣县,address,山东滨州市无棣县,山东,ok,0,117.63245748606224,37.777567312085814,117.62005125902708,37.77082716708196,20.0,区县,0.0,100.0,,山东省,370000,滨州市,371600,地级市,无棣县,371623,县
山东|山东滨州市沽化县,address,山东滨州市沽化县,山东,ok,0,117.9774040171467,37.3881961960769,117.96512921499226,37.381199322913275,20.0,城市,0.0,100.0,,山东省,370000,滨州市,371600,地级市,滨城区,371602,市辖区
山东|山东滨州市沾化县,address,山东滨州市沾化县,山东,ok,0,118.10545441335532,37.705298106724484,118.09286360123511,37.697989397406445,20.0,区县,0.0,100.0,,山东省,370000,滨州市,371600,地级市,沾化区,371603,市辖区
山东|山东滨州市滨县,address,山东滨州市滨县,山东,ok,0,117.9774040171467,37.3881961960769,117.96512921499226,37.381199322913275,20.0,城市,0.0,100.0,,山东省,370000,滨州市,371600,地级市,滨城区,371602,市辖区
山东|山东滨州市邹平县,address,山东滨州市邹平县,山东,ok,0,117.74947848721935,36.8700322166973,117.73700476983839,36.863376800557255,20.0,区县,0.0,100.0,,山东省,370000,滨州市,371600,地级市,邹平市,371681,县级市
山东|山东滨州市阳信县,address,山东滨州市阳信县,山东,ok,0,117.58443703790701,37.64733803495721,117.57203947886005,37.64065377650137,20.0,区县,0.0,100.0,,山东省,370000,滨州市,371600,地级市,阳信县,371622,县
山东|山东滨州市高青县,address,山东滨州市高青县,山东,ok,0,117.8333943252478,37.17726865433254,117.82106438018153,37.17043705680412,20.0,区县,0.0,100.0,,山东省,370000,淄博市,370300,地级市,高青县,370322,县
山东|山东潍坊临朐县,address,山东潍坊临朐县,山东,ok,0,118.54944999641151,36.519129501827656,118.53737985852345,36.51308284332949,20.0,区县,0.0,100.0,,山东省,370000,潍坊市,370700,地级市,临朐县,370724,县
山东|山东潍坊昌邑县,address,山东潍坊昌邑县,山东,ok,0,119.40440597739446,36.8651610726221,119.39190138070562,36.85864744673794,20.0,区县,0.0,100.0,,山东省,370000,潍坊市,370700,地级市,昌邑市,370786,县级市
山东|山东潍坊潍县,address,山东潍坊潍县,山东,ok,0,119.16837791142822,36.71265155126753,119.15588422042816,36.70651557347972,20.0,城市,0.0,100.0,,山东省,370000,潍坊市,370700,地级市,奎文区,370705,市辖区
山东|山东潍坊潍坊市,address,山东潍坊潍坊市,山东,ok,0,119.16837791142822,36.71265155126753,119.15588422042816,36.70651557347972,20.0,城市,0.0,100.0,,山东省,370000,潍坊市,370700,地级市,奎文区,370705,市辖区
山东|山东潍坊青州市,address,山东潍坊青州市,山东,ok,0,118.48653672086745,36.690416508705376,118.47424030978493,36.68402765229215,20.0,区县,0.0,100.0,,山东省,370000,潍坊市,370700,地级市,青州市,370781,县级市
山东|山东潍坊市,address,山东潍坊市,山东,ok,0,119.16837791142822,36.71265155126753,119.15588422042816,36.70651557347972,20.0,城市,0.0,100.0,,山东省,370000,潍坊市,370700,地级市,奎文区,370705,市辖区
山东|山东潍坊市临朐县,address,山东潍坊市临朐县,山东,ok,0,118.54944999641151,36.519129501827656,118.53737985852345,36.51308284332949,20.0,区县,0.0,100.0,,山东省,370000,潍坊市,370700,地级市,临朐县,370724,县
山东|山东潍坊市安丘县,address,山东潍坊市安丘县,山东,ok,0,119.2256075181801,36.483842195596104,119.2132661393574,36.47789065436373,20.0,区县,0.0,100.0,,山东省,370000,潍坊市,370700,地级市,安丘市,370784,县级市
山东|山东潍坊市寿光县,address,山东潍坊市寿光县,山东,ok,0,118.7974153748082,36.86192174647094,118.78513837646636,36.85580614952079,20.0,区县,0.0,100.0,,山东省,370000,潍坊市,370700,地级市,寿光市,370783,县级市
山东|山东潍坊市昌乐县,address,山东潍坊市昌乐县,山东,ok,0,118.83648798143965,36.71299619084501,118.82429353944114,36.70707189699923,20.0,区县,0.0,100.0,,山东省,370000,潍坊市,370700,地级市,昌乐县,370725,县
山东|山东潍坊市昌邑县,address,山东潍坊市昌邑县,山东,ok,0,119.40440597739446,36.8651610726221,119.39190138070562,36.85864744673794,20.0,区县,0.0,100.0,,山东省,370000,潍坊市,370700,地级市,昌邑市,370786,县级市
山东|山东潍坊市诸城县,address,山东潍坊市诸城县,山东,ok,0,119.41640221866636,36.00200885807568,119.40401397777873,35.9958611758665,20.0,区县,0.0,100.0,,山东省,370000,潍坊市,370700,地级市,诸城市,370782,县级市
山东|山东潍坊市青州市,address,山东潍坊市青州市,山东,ok,0,118.48653672086745,36.690416508705376,118.47424030978493,36.68402765229215,20.0,区县,0.0,100.0,,山东省,370000,潍坊市,370700,地级市,青州市,370781,县级市
山东|山东潍坊市高密县,address,山东潍坊市高密县,山东,ok,0,119.76241099601636,36.388956706464846,119.75049385033137,36.382518105115444,20.0,区县,0.0,100.0,,山东省,370000,潍坊市,370700,地级市,高密市,370785,县级市
山东|山东烟台掖县,address,山东烟台掖县,山东,ok,0,117.02744162847857,36.674856650404905,117.01488397839204,36.668876101496664,20.0,省份,0.0,100.0,,山东省,370000,济南市,370100,地级市,历下区,370102,市辖区
山东|山东烟台栖霞,address,山东烟台栖霞,山东,ok,0,120.85641658337892,37.341418164799684,120.84506333147107,37.335106508435175,20.0,区县,0.0,100.0,,山东省,370000,烟台市,370600,地级市,栖霞市,370686,县级市
山东|山东烟台栖霞县,address,山东烟台栖霞县,山东,ok,0,120.85641658337892,37.341418164799684,120.84506333147107,37.335106508435175,20.0,区县,0.0,100.0,,山东省,370000,烟台市,370600,地级市,栖霞市,370686,县级市
山东|山东烟台海阳县,address,山东烟台海阳县,山东,ok,0,121.1804581977879,36.693269738228416,121.16880909817812,36.687127344966655,20.0,区县,0.0,100.0,,山东省,370000,烟台市,370600,地级市,海阳市,370687,县级市
山东|山东烟台莱州,address,山东烟台莱州,山东,ok,0,119.94859307736998,37.18263660907421,119.9369982677728,37.175764707825486,20.0,区县,0.0,100.0,,山东省,370000,烟台市,370600,地级市,莱州市,370683,县级市
山东|山东烟台莱阳县,address,山东烟台莱阳县,山东,ok,0,120.718414309578,36.9846355683041,120.70697891992518,36.97833319421675,20.0,区县,0.0,100.0,,山东省,370000,烟台市,370600,地级市,莱阳市,370682,县级市
山东|山东烟台蓬莱县,address,山东烟台蓬莱县,山东,ok,0,121.45441541730195,37.470038383730525,121.44270935857601,37.463132720826465,20.0,城市,0.0,100.0,,山东省,370000,烟台市,370600,地级市,莱山区,370613,市辖区
山东|山东烟台龙口市,address,山东烟台龙口市,山东,ok,0,120.48536852807433,37.65255512549617,120.47378538210444,37.64563367559842,20.0,区县,0.0,100.0,,山东省,370000,烟台市,370600,地级市,龙口市,370681,县级市
山东|山东烟台市掖县,address,山东烟台市掖县,山东,ok,0,121.45441541730195,37.470038383730525,121.44270935857601,37.463132720826465,20.0,城市,0.0,100.0,,山东省,370000,烟台市,370600,地级市,莱山区,370613,市辖区
山东|山东烟台市栖霞县,address,山东烟台市栖霞县,山东,ok,0,120.85641658337892,37.341418164799684,120.84506333147107,37.335106508435175,20.0,区县,0.0,100.0,,山东省,370000,烟台市,370600,地级市,栖霞市,370686,县级市
山东|山东烟台市,address,山东烟台市,山东,ok,0,121.45441541730195,37.470038383730525,121.44270935857601,37.463132720826465,20.0,城市,0.0,100.0,,山东省,370000,烟台市,370600,地级市,莱山区,370613,市辖区
山东|山东烟台市福山县,address,山东烟台市福山县,山东,ok,0,121.27460474743894,37.50366822845149,121.26301350971501,37.497073004041575,20.0,区县,0.0,100.0,,山东省,370000,烟台市,370600,地级市,福山区,370611,市辖区
山东|山东烟台市莱州市,address,山东烟台市莱州市,山东,ok,0,119.94859307736998,37.18263660907421,119.9369982677728,37.175764707825486,20.0,区县,0.0,100.0,,山东省,370000,烟台市,370600,地级市,莱州市,370683,县级市
山东|山东烟台市蓬莱县,address,山东烟台市蓬莱县,山东,ok,0,121.45441541730195,37.470038383730525,121.44270935857601,37.463132720826465,20.0,城市,0.0,100.0,,山东省,370000,烟台市,370600,地级市,莱山区,370613,市辖区
山东|山东聊城东阿县,address,山东聊城东阿县,山东,ok,0,116.25449294563757,36.340957707760644,116.2424351539442,36.33461454959697,20.0,区县,0.0,100.0,,山东省,370000,聊城市,371500,地级市,东阿县,371524,县
山东|山东聊城临清市,address,山东聊城临清市,山东,ok,0,115.71146960045022,36.8442891866943,115.6991733333618,36.837763008454864,20.0,区县,0.0,100.0,,山东省,370000,聊城市,371500,地级市,临清市,371581,县级市
山东|山东聊城冠县,address,山东聊城冠县,山东,ok,0,115.44939579503601,36.49024322539373,115.4367595380033,36.484017953630165,20.0,区县,0.0,100.0,,山东省,370000,聊城市,371500,地级市,冠县,371525,县
山东|山东聊城聊城县,address,山东聊城聊城县,山东,ok,0,115.95499600216935,36.43013589648993,115.94300701819758,36.4238071910915,70.0,休闲娱乐,1.0,100.0,,山东省,370000,聊城市,371500,地级市,东昌府区,371502,市辖区
山东|山东聊城茌平县,address,山东聊城茌平县,山东,ok,0,115.99158784830443,36.46275818769411,115.97949852390047,36.45631777625356,20.0,城市,0.0,100.0,,山东省,370000,聊城市,371500,地级市,东昌府区,371502,市辖区
山东|山东聊城莘县,address,山东聊城莘县,山东,ok,0,115.67739687245674,36.23990712054613,115.66521509674193,36.2337732794601,20.0,区县,0.0,100.0,,山东省,370000,聊城市,371500,地级市,莘县,371522,县
山东|山东聊城阳谷县,address,山东聊城阳谷县,山东,ok,0,115.79839557041204,36.12081551468669,115.78622846999039,36.11454765599915,20.0,区县,0.0,100.0,,山东省,370000,聊城市,371500,地级市,阳谷县,371521,县
山东|山东聊城市东阿县,address,山东聊城市东阿县,山东,ok,0,116.25449294563757,36.340957707760644,116.2424351539442,36.33461454959697,20.0,区县,0.0,100.0,,山东省,370000,聊城市,371500,地级市,东阿县,371524,县
山东|山东聊城市冠县,address,山东聊城市冠县,山东,ok,0,115.44939579503601,36.49024322539373,115.4367595380033,36.484017953630165,20.0,区县,0.0,100.0,,山东省,370000,聊城市,371500,地级市,冠县,371525,县
山东|山东聊城市聊城县,address,山东聊城市聊城县,山东,ok,0,115.95499600216935,36.43013589648993,115.94300701819758,36.4238071910915,70.0,休闲娱乐,1.0,100.0,,山东省,370000,聊城市,371500,地级市,东昌府区,371502,市辖区
山东|山东聊城市,address,山东聊城市,山东,ok,0,115.99158784830443,36.46275818769411,115.97949852390047,36.45631777625356,20.0,城市,0.0,100.0,,山东省,370000,聊城市,371500,地级市,东昌府区,371502,市辖区
山东|山东聊城市莘县,address,山东聊城市莘县,山东,ok,0,115.67739687245674,36.23990712054613,115.66521509674193,36.2337732794601,20.0,区县,0.0,100.0,,山东省,370000,聊城市,371500,地级市,莘县,371522,县
山东|山东聊城市阳谷县,address,山东聊城市阳谷县,山东,ok,0,115.79839557041204,36.12081551468669,115.78622846999039,36.11454765599915,20.0,区县,0.0,100.0,,山东省,370000,聊城市,371500,地级市,阳谷县,371521,县
山东|山东聊城市高唐县,address,山东聊城市高唐县,山东,ok,0,116.23560427567926,36.85159108409526,116.22348934765438,36.844951647831905,20.0,区县,0.0,100.0,,山东省,370000,聊城市,371500,地级市,高唐县,371526,县
山东|山东莱州市,address,山东莱州市,山东,ok,0,119.94859307736998,37.18263660907421,119.9369982677728,37.175764707825486,20.0,区县,0.0,100.0,,山东省,370000,烟台市,370600,地级市,莱州市,370683,县级市
山东|山东莱芜莱芜市,address,山东莱芜莱芜市,山东,ok,0,117.66659067001653,36.20884142681693,117.6542875583521,36.20270530989479,20.0,区县,0.0,100.0,,山东省,370000,济南市,370100,地级市,莱芜区,370116,市辖区
山东|山东莱芜市,address,山东莱芜市,山东,ok,0,117.66659067001653,36.20884142681693,117.6542875583521,36.20270530989479,20.0,区县,0.0,100.0,,山东省,370000,济南市,370100,地级市,莱芜区,370116,市辖区
山东|山东菏泽郓城县,address,山东菏泽郓城县,山东,ok,0,115.94539329592878,35.58147559928302,115.93354361095909,35.57545784558036,20.0,区县,0.0,100.0,,山东省,370000,菏泽市,371700,地级市,郓城县,371725,县
山东|山东菏泽市东明县,address,山东菏泽市东明县,山东,ok,0,115.11402511085738,35.28172493679994,115.10146480996437,35.276290238416784,20.0,区县,0.0,100.0,,山东省,370000,菏泽市,371700,地级市,东明县,371728,县
山东|山东菏泽市单县,address,山东菏泽市单县,山东,ok,0,116.11158367798839,34.78465843369218,116.0994403212599,34.77907745117317,20.0,区县,0.0,100.0,,山东省,370000,菏泽市,371700,地级市,单县,371722,县
山东|山东菏泽市定陶县,address,山东菏泽市定陶县,山东,ok,0,115.57943737523806,35.07727517975711,115.5674278263538,35.07199426035382,20.0,区县,0.0,100.0,,山东省,370000,菏泽市,371700,地级市,定陶区,371703,市辖区
山东|山东菏泽市成武县,address,山东菏泽市成武县,山东,ok,0,115.8965190083863,34.95860565495999,115.8847154575813,34.95321209739009,20.0,区县,0.0,100.0,,山东省,370000,菏泽市,371700,地级市,成武县,371723,县
山东|山东菏泽市,address,山东菏泽市,山东,ok,0,115.48754503343376,35.23940742476551,115.47520573733212,35.233829270245145,20.0,城市,0.0,100.0,,山东省,370000,菏泽市,371700,地级市,牡丹区,371702,市辖区
山东|山东郯城县,address,山东郯城县,山东,ok,0,118.37358710977321,34.61922593247125,118.36139373756987,34.61396738531961,20.0,区县,0.0,100.0,,山东省,370000,临沂市,371300,地级市,郯城县,371322,县
山东|山东青岛即墨,address,山东青岛即墨,山东,ok,0,120.45353617402276,36.39474917032192,120.44195045583403,36.38835276118817,20.0,区县,0.0,100.0,,山东省,370000,青岛市,370200,地级市,即墨区,370215,市辖区
山东|山东青岛即墨县,address,山东青岛即墨县,山东,ok,0,120.45353617402276,36.39474917032192,120.44195045583403,36.38835276118817,20.0,区县,0.0,100.0,,山东省,370000,青岛市,370200,地级市,即墨区,370215,市辖区
山东|山东青岛平度县,address,山东青岛平度县,山东,ok,0,119.976700697455,36.75993613014904,119.9650758511575,36.753282712117986,20.0,区县,0.0,100.0,,山东省,370000,青岛市,370200,地级市,平度市,370283,县级市
山东|山东青岛昌邑,address,山东青岛昌邑,山东,ok,0,126.58144866124232,43.88799247473632,126.56928360727917,43.87989366049361,20.0,区县,0.0,100.0,,吉林省,220000,吉林市,220200,地级市,昌邑区,220202,市辖区
山东|山东青岛胶县,address,山东青岛胶县,山东,ok,0,120.38945519114627,36.072227496663224,120.37785700710023,36.06582017150679,20.0,城市,0.0,100.0,,山东省,370000,青岛市,370200,地级市,市南区,370202,市辖区
山东|山东青岛高密,address,山东青岛高密,山东,ok,0,119.76241099601636,36.388956706464846,119.75049385033137,36.382518105115444,20.0,区县,0.0,100.0,,山东省,370000,潍坊市,370700,地级市,高密市,370785,县级市
山东|山东青岛高密县,address,山东青岛高密县,山东,ok,0,119.76241099601636,36.388956706464846,119.75049385033137,36.382518105115444,20.0,区县,0.0,100.0,,山东省,370000,潍坊市,370700,地级市,高密市,370785,县级市
山东|山东青岛市即墨县,address,山东青岛市即墨县,山东,ok,0,120.45353617402276,36.39474917032192,120.44195045583403,36.38835276118817,20.0,区县,0.0,100.0,,山东省,370000,青岛市,370200,地级市,即墨区,370215,市辖区
山东|山东青岛市平度县,address,山东青岛市平度县,山东,ok,0,119.976700697455,36.75993613014904,119.9650758511575,36.753282712117986,20.0,区县,0.0,100.0,,山东省,370000,青岛市,370200,地级市,平度市,370283,县级市
山东|山东青岛市胶县,address,山东青岛市胶县,山东,ok,0,120.38945519114627,36.072227496663224,120.37785700710023,36.06582017150679,20.0,城市,0.0,100.0,,山东省,370000,青岛市,370200,地级市,市南区,370202,市辖区
山东|山东青岛市高密县,address,山东青岛市高密县,山东,ok,0,119.76241099601636,36.388956706464846,119.75049385033137,36.382518105115444,20.0,区县,0.0,100.0,,山东省,370000,潍坊市,370700,地级市,高密市,370785,县级市
山东|山东青州益都县,address,山东青州益都县,山东,ok,0,118.47761097765921,36.70385262432992,118.46528392654974,36.69742090199305,25.0,乡镇,0.0,100.0,,山东省,370000,潍坊市,370700,地级市,青州市,370781,县级市
山东|山东青州市,address,山东青州市,山东,ok,0,118.48653672086745,36.690416508705376,118.47424030978493,36.68402765229215,20.0,区县,0.0,100.0,,山东省,370000,潍坊市,370700,地级市,青州市,370781,县级市
山东|山东青州市益都,address,山东青州市益都,山东,ok,0,118.47761097765921,36.70385262432992,118.46528392654974,36.69742090199305,25.0,乡镇,0.0,100.0,,山东省,370000,潍坊市,370700,地级市,青州市,370781,县级市
山西|山西万泉,address,山西万泉,山西,ok,0,123.48585257045175,41.802726243660885,123.47334254582073,41.794429532069174,25.0,乡镇,0.0,100.0,,辽宁省,210000,沈阳市,210100,地级市,大东区,210104,市辖区
山西|山西乐平县,address,山西乐平县,山西,ok,0,117.15851067473356,28.984363669039215,117.14659676896147,28.981495141454253,20.0,区县,0.0,100.0,,江西省,360000,景德镇市,360200,地级市,乐平市,360281,县级市
山西|山西乡宁县,address,山西乡宁县,山西,ok,0,107.934570925868,35.5079329745365,107.92355353976141,35.50215595676889,20.0,区县,0.0,100.0,,甘肃省,620000,庆阳市,621000,地级市,宁县,621026,县
山西|山西五台县,address,山西五台县,山西,ok,0,113.26145109491867,38.73418159056545,113.24807688753141,38.727735308250914,20.0,区县,0.0,100.0,,山西省,140000,忻州市,140900,地级市,五台县,140922,县
山西|山西保德县,address,山西保德县,山西,ok,0,111.09254175804939,39.02833693239553,111.07939867881623,39.02168522201652,20.0,区县,0.0,100.0,,山西省,140000,忻州市,140900,地级市,保德县,140931,县
山西|山西偏关县,address,山西偏关县,山西,ok,0,111.51447352049172,39.44223009038652,111.50135039721368,39.435229578521174,20.0,区县,0.0,100.0,,山西省,140000,忻州市,140900,地级市,偏关县,140932,县
山西|山西垣曲县,address,山西垣曲县,山西,ok,0,111.67660670571551,35.30301451741769,111.66405091496313,35.297408176271546,20.0,区县,0.0,100.0,,山西省,140000,运城市,140800,地级市,垣曲县,140827,县
山西|山西壶关县,address,山西壶关县,山西,ok,0,113.21357985530864,36.121334604236964,113.20048864016854,36.11559784388345,20.0,区县,0.0,100.0,,山西省,140000,长治市,140400,地级市,壶关县,140427,县
山西|山西大同市,address,山西大同市,山西,ok,0,113.37336244450448,40.102783001859564,113.35963642626889,40.09560028973004,20.0,城市,0.0,100.0,,山西省,140000,大同市,140200,地级市,平城区,140213,市辖区
山西|山西太原,address,山西太原,山西,ok,0,112.55639149167204,37.87698902884778,112.54358427906784,37.87052119049943,20.0,城市,0.0,100.0,,山西省,140000,太原市,140100,地级市,杏花岭区,140107,市辖区
山西|山西太平,address,山西太平,山西,ok,0,120.77887411627259,24.10801044402896,120.7684886172875,24.104981815056227,20.0,区县,0.0,100.0,,台湾省,710000,台湾省,710000,不统计,台湾省,710000,不统计
山西|山西太平县,address,山西太平县,山西,ok,0,121.68538413680544,42.01696785414082,121.67352351605028,42.008644508466205,20.0,区县,0.0,100.0,,辽宁省,210000,阜新市,210900,地级市,太平区,210904,市辖区
山西|山西太谷县,address,山西太谷县,山西,ok,0,112.56937550968271,37.87982942385603,112.55659092887635,37.87339878152591,20.0,省份,0.0,100.0,,山西省,140000,太原市,140100,地级市,杏花岭区,140107,市辖区
山西|山西孟县,address,山西孟县,山西,ok,0,112.56937550968271,37.87982942385603,112.55659092887635,37.87339878152591,20.0,省份,0.0,100.0,,山西省,140000,太原市,140100,地级市,杏花岭区,140107,市辖区
山西|山西宁武县,address,山西宁武县,山西,ok,0,112.32639824212184,39.02434238143123,112.31326018359562,39.01726736690062,20.0,区县,0.0,100.0,,山西省,140000,忻州市,140900,地级市,宁武县,140925,县
山西|山西安邑,address,山西安邑,山西,ok,0,111.0454667764434,35.071044143097964,111.03291163311754,35.065981913521135,25.0,乡镇,0.0,100.0,,山西省,140000,运城市,140800,地级市,盐湖区,140802,市辖区
山西|山西寿阳县,address,山西寿阳县,山西,ok,0,113.18341017492547,37.9013076069566,113.17005204903484,37.894847513160855,20.0,区县,0.0,100.0,,山西省,140000,晋中市,140700,地级市,寿阳县,140725,县
山西|山西岢岚县,address,山西岢岚县,山西,ok,0,111.57947778177136,38.710151038936225,111.5665975753578,38.70361017975879,20.0,区县,0.0,100.0,,山西省,140000,忻州市,140900,地级市,岢岚县,140929,县
山西|山西崞县,address,山西崞县,山西,ok,0,117.37757874846078,40.63907728330973,117.36427899324853,40.63161895057097,50.0,村庄,0.0,0.0,,北京市,110000,北京市,110000,直辖市,密云区,110118,市辖区
山西|山西嵩岚县,address,山西嵩岚县,山西,ok,0,112.56937550968271,37.87982942385603,112.55659092887635,37.87339878152591,20.0,省份,0.0,100.0,,山西省,140000,太原市,140100,地级市,杏花岭区,140107,市辖区
山西|山西左云县,address,山西左云县,山西,ok,0,112.7094632895556,40.01962344901451,112.6961746052429,40.01272444455061,20.0,区县,0.0,100.0,,山西省,140000,大同市,140200,地级市,左云县,140226,县
山西|山西左权县,address,山西左权县,山西,ok,0,113.38545184005775,37.088555147170815,113.3721173382016,37.08203200794018,20.0,区县,0.0,100.0,,山西省,140000,晋中市,140700,地级市,左权县,140722,县
山西|山西平定县,address,山西平定县,山西,ok,0,113.66442115516472,37.792796383591316,113.65155684957944,37.786065402058874,20.0,区县,0.0,100.0,,山西省,140000,阳泉市,140300,地级市,平定县,140321,县
山西|山西平遥县,address,山西平遥县,山西,ok,0,112.182455563814,37.195600690703,112.1695504662803,37.18871078258395,20.0,区县,0.0,100.0,,山西省,140000,晋中市,140700,地级市,平遥县,140728,县
山西|山西怀仁县,address,山西怀仁县,山西,ok,0,113.1066084673833,39.83375688952166,113.0928790213879,39.82675813018382,20.0,区县,0.0,100.0,,山西省,140000,朔州市,140600,地级市,怀仁市,140681,县级市
山西|山西文水县,address,山西文水县,山西,ok,0,112.03559869260123,37.44430008265076,112.0226621390482,37.43725503381225,20.0,区县,0.0,100.0,,山西省,140000,吕梁市,141100,地级市,文水县,141121,县
山西|山西昔阳县,address,山西昔阳县,山西,ok,0,113.71361290387442,37.61788404299596,113.70070778658796,37.611017333688025,20.0,区县,0.0,100.0,,山西省,140000,晋中市,140700,地级市,昔阳县,140724,县
山西|山西曲沃县,address,山西曲沃县,山西,ok,0,111.48239637818867,35.64732733598219,111.46959865829949,35.64149765398547,20.0,区县,0.0,100.0,,山西省,140000,临汾市,141000,地级市,曲沃县,141021,县
山西|山西武乡县,address,山西武乡县,山西,ok,0,112.8706056438019,36.84316794930056,112.85775856507577,36.83733582791326,20.0,区县,0.0,100.0,,山西省,140000,长治市,140400,地级市,武乡县,140429,县
山西|山西汾阳县,address,山西汾阳县,山西,ok,0,111.79459661919569,37.271291794517566,111.78176140484942,37.26450394259373,20.0,区县,0.0,100.0,,山西省,140000,吕梁市,141100,地级市,汾阳市,141182,县级市
山西|山西沁县,address,山西沁县,山西,ok,0,112.70545801477827,36.7621899385521,112.6925686542564,36.7561944567547,20.0,区县,0.0,100.0,,山西省,140000,长治市,140400,地级市,沁县,140430,县
山西|山西河曲县,address,山西河曲县,山西,ok,0,111.14444863516302,39.39070248871515,111.13126741744951,39.383864377644166,20.0,区县,0.0,100.0,,山西省,140000,忻州市,140900,地级市,河曲县,140930,县
山西|山西河津县,address,山西河津县,山西,ok,0,110.71857214373472,35.60192657532228,110.70648720483607,35.596413369095785,20.0,区县,0.0,100.0,,山西省,140000,运城市,140800,地级市,河津市,140882,县级市
山西|山西洪洞县,address,山西洪洞县,山西,ok,0,111.68158942671826,36.25946707937692,111.66889310357759,36.25339964125674,20.0,区县,0.0,100.0,,山西省,140000,临汾市,141000,地级市,洪洞县,141024,县
山西|山西浮山县,address,山西浮山县,山西,ok,0,111.8553849530559,35.97439275394264,111.84282455657927,35.96831509797113,20.0,区县,0.0,100.0,,山西省,140000,临汾市,141000,地级市,浮山县,141027,县
山西|山西灵石县,address,山西灵石县,山西,ok,0,111.78561787596237,36.85336750127023,111.7727913626176,36.84684392536132,20.0,区县,0.0,100.0,,山西省,140000,晋中市,140700,地级市,灵石县,140729,县
山西|山西盂县,address,山西盂县,山西,ok,0,113.4184204607489,38.091979630200996,113.40495340472206,38.08525695912114,20.0,区县,0.0,100.0,,山西省,140000,阳泉市,140300,地级市,盂县,140322,县
山西|山西离石县,address,山西离石县,山西,ok,0,111.15749077354018,37.52357747590664,111.1445547213518,37.51711426932417,20.0,区县,0.0,100.0,,山西省,140000,吕梁市,141100,地级市,离石区,141102,市辖区
山西|山西稷山县,address,山西稷山县,山西,ok,0,110.98941457872347,35.61040356961574,110.97706775371542,35.605032538116106,20.0,区县,0.0,100.0,,山西省,140000,运城市,140800,地级市,稷山县,140824,县
山西|山西绛州,address,山西绛州,山西,ok,0,112.56937550968271,37.87982942385603,112.55659092887635,37.87339878152591,20.0,省份,0.0,100.0,,山西省,140000,太原市,140100,地级市,杏花岭区,140107,市辖区
山西|山西翼城县,address,山西翼城县,山西,ok,0,111.72537553219112,35.744429075038624,111.71268239757367,35.7383995720109,20.0,区县,0.0,100.0,,山西省,140000,临汾市,141000,地级市,翼城县,141022,县
山西|山西蒲县,address,山西蒲县,山西,ok,0,111.10247405258157,36.41800542917659,111.08960761974078,36.41211577090315,20.0,区县,0.0,100.0,,山西省,140000,临汾市,141000,地级市,蒲县,141033,县
山西|山西蒲州,address,山西蒲州,山西,ok,0,110.3358168320408,34.83977625089564,110.32395613533994,34.834491047108976,25.0,乡镇,0.0,100.0,,山西省,140000,运城市,140800,地级市,永济市,140881,县级市
山西|山西襄垣县,address,山西襄垣县,山西,ok,0,113.05741258646825,36.54168582115512,113.04415295397486,36.535767768147245,20.0,区县,0.0,100.0,,山西省,140000,长治市,140400,地级市,襄垣县,140423,县
山西|山西襄汾县,address,山西襄汾县,山西,ok,0,111.44854005199257,35.88206267067628,111.4356160240519,35.876095273206644,20.0,区县,0.0,100.0,,山西省,140000,临汾市,141000,地级市,襄汾县,141023,县
山西|山西襄陵县,address,山西襄陵县,山西,ok,0,112.56937550968271,37.87982942385603,112.55659092887635,37.87339878152591,20.0,省份,0.0,100.0,,山西省,140000,太原市,140100,地级市,杏花岭区,140107,市辖区
山西|山西运城市,address,山西运城市,山西,ok,0,111.01338945447925,35.03270691290923,111.00097461083243,35.02777843294029,20.0,城市,0.0,100.0,,山西省,140000,运城市,140800,地级市,盐湖区,140802,市辖区
山西|山西长子县,address,山西长子县,山西,ok,0,112.88456585041024,36.128001557793574,112.8718157175802,36.12251932199088,20.0,区县,0.0,100.0,,山西省,140000,长治市,140400,地级市,长子县,140428,县
山西|山西长治县,address,山西长治县,山西,ok,0,113.05741608985974,36.05928647929114,113.04422929032513,36.05352925729022,20.0,区县,0.0,100.0,,山西省,140000,长治市,140400,地级市,上党区,140404,市辖区
山西|山西闻喜县,address,山西闻喜县,山西,ok,0,111.23141035768413,35.36293119638129,111.21881076762581,35.35759361764926,20.0,区县,0.0,100.0,,山西省,140000,运城市,140800,地级市,闻喜县,140823,县
山西|山西阳城县,address,山西阳城县,山西,ok,0,112.42145378711842,35.492181320425026,112.40859072072564,35.486205881010875,20.0,区县,0.0,100.0,,山西省,140000,晋城市,140500,地级市,阳城县,140522,县
山西|山西阳曲县,address,山西阳曲县,山西,ok,0,112.67940895159992,38.06462081944815,112.66644986258734,38.058265483917616,20.0,区县,0.0,100.0,,山西省,140000,太原市,140100,地级市,阳曲县,140122,县
山西|山西静乐县,address,山西静乐县,山西,ok,0,111.94543190585105,38.36514708843798,111.93263771996283,38.35839938623427,20.0,区县,0.0,100.0,,山西省,140000,忻州市,140900,地级市,静乐县,140926,县
山西|山西高平县,address,山西高平县,山西,ok,0,112.93041239923134,35.80433679857751,112.9176969981076,35.79895926181578,20.0,区县,0.0,100.0,,山西省,140000,晋城市,140500,地级市,高平市,140581,县级市
山西|山西黎城县,address,山西黎城县,山西,ok,0,113.39343247603895,36.50866990144076,113.38013949988907,36.502500765484186,20.0,区县,0.0,100.0,,山西省,140000,长治市,140400,地级市,黎城县,140426,县
山西|山西临汾临汾市,address,山西临汾临汾市,山西,ok,0,111.52553022403073,36.093741895419726,111.51281391952868,36.08784377738022,20.0,城市,0.0,100.0,,山西省,140000,临汾市,141000,地级市,尧都区,141002,市辖区
山西|山西临汾乡宁县,address,山西临汾乡宁县,山西,ok,0,107.934570925868,35.5079329745365,107.92355353976141,35.50215595676889,20.0,区县,0.0,100.0,,甘肃省,620000,庆阳市,621000,地级市,宁县,621026,县
山西|山西临汾吉县,address,山西临汾吉县,山西,ok,0,110.68854637189425,36.10399906202126,110.67648016124049,36.098332982216434,20.0,区县,0.0,100.0,,山西省,140000,临汾市,141000,地级市,吉县,141028,县
山西|山西临汾大宁县,address,山西临汾大宁县,山西,ok,0,110.75938440881679,36.47130568709722,110.74709746790715,36.46550433281647,20.0,区县,0.0,100.0,,山西省,140000,临汾市,141000,地级市,大宁县,141030,县
山西|山西临汾岳阳县,address,山西临汾岳阳县,山西,ok,0,113.12254448250472,29.150269316045275,113.11001431991403,29.147280504255708,20.0,区县,0.0,100.0,,湖南省,430000,岳阳市,430600,地级市,岳阳县,430621,县
山西|山西临汾曲沃县,address,山西临汾曲沃县,山西,ok,0,111.48239637818867,35.64732733598219,111.46959865829949,35.64149765398547,20.0,区县,0.0,100.0,,山西省,140000,临汾市,141000,地级市,曲沃县,141021,县
山西|山西临汾襄汾县,address,山西临汾襄汾县,山西,ok,0,111.44854005199257,35.88206267067628,111.4356160240519,35.876095273206644,20.0,区县,0.0,100.0,,山西省,140000,临汾市,141000,地级市,襄汾县,141023,县
山西|山西临汾隰州,address,山西临汾隰州,山西,ok,0,110.94355087226714,36.70040820424006,110.93123551740868,36.694727978371475,75.0,购物,1.0,100.0,,山西省,140000,临汾市,141000,地级市,隰县,141031,县
山西|山西临汾霍县,address,山西临汾霍县,山西,ok,0,111.52553022403073,36.093741895419726,111.51281391952868,36.08784377738022,20.0,城市,0.0,100.0,,山西省,140000,临汾市,141000,地级市,尧都区,141002,市辖区
山西|山西临汾市,address,山西临汾市,山西,ok,0,111.52553022403073,36.093741895419726,111.51281391952868,36.08784377738022,20.0,城市,0.0,100.0,,山西省,140000,临汾市,141000,地级市,尧都区,141002,市辖区
山西|山西临汾市临汾县,address,山西临汾市临汾县,山西,ok,0,111.52553022403073,36.093741895419726,111.51281391952868,36.08784377738022,20.0,城市,0.0,100.0,,山西省,140000,临汾市,141000,地级市,尧都区,141002,市辖区
山西|山西临汾市乡宁县,address,山西临汾市乡宁县,山西,ok,0,110.85349790082506,35.9764416654741,110.84133684016011,35.9709723175486,20.0,区县,0.0,100.0,,山西省,140000,临汾市,141000,地级市,乡宁县,141029,县
山西|山西临汾市吉县,address,山西临汾市吉县,山西,ok,0,110.68854637189425,36.10399906202126,110.67648016124049,36.098332982216434,20.0,区县,0.0,100.0,,山西省,140000,临汾市,141000,地级市,吉县,141028,县
山西|山西临汾市大宁县,address,山西临汾市大宁县,山西,ok,0,110.75938440881679,36.47130568709722,110.74709746790715,36.46550433281647,20.0,区县,0.0,100.0,,山西省,140000,临汾市,141000,地级市,大宁县,141030,县
山西|山西临汾市曲沃县,address,山西临汾市曲沃县,山西,ok,0,111.48239637818867,35.64732733598219,111.46959865829949,35.64149765398547,20.0,区县,0.0,100.0,,山西省,140000,临汾市,141000,地级市,曲沃县,141021,县
山西|山西临汾市汾西县,address,山西临汾市汾西县,山西,ok,0,111.56954629571415,36.65878226423185,111.55688101462664,36.65272282056453,20.0,区县,0.0,100.0,,山西省,140000,临汾市,141000,地级市,汾西县,141034,县
山西|山西临汾市洪洞县,address,山西临汾市洪洞县,山西,ok,0,111.68158942671826,36.25946707937692,111.66889310357759,36.25339964125674,20.0,区县,0.0,100.0,,山西省,140000,临汾市,141000,地级市,洪洞县,141024,县
山西|山西临汾市浮山县,address,山西临汾市浮山县,山西,ok,0,111.8553849530559,35.97439275394264,111.84282455657927,35.96831509797113,20.0,区县,0.0,100.0,,山西省,140000,临汾市,141000,地级市,浮山县,141027,县
山西|山西临汾市翼城县,address,山西临汾市翼城县,山西,ok,0,111.72537553219112,35.744429075038624,111.71268239757367,35.7383995720109,20.0,区县,0.0,100.0,,山西省,140000,临汾市,141000,地级市,翼城县,141022,县
山西|山西临汾市襄汾县,address,山西临汾市襄汾县,山西,ok,0,111.44854005199257,35.88206267067628,111.4356160240519,35.876095273206644,20.0,区县,0.0,100.0,,山西省,140000,临汾市,141000,地级市,襄汾县,141023,县
山西|山西临汾市隰县,address,山西临汾市隰县,山西,ok,0,110.9475912707899,36.69906138322701,110.93526358824285,36.69337616659461,20.0,区县,0.0,100.0,,山西省,140000,临汾市,141000,地级市,隰县,141031,县
山西|山西吕梁孝义县,address,山西吕梁孝义县,山西,ok,0,111.78560601832963,37.15106331910215,111.7727633327655,37.144338640090325,20.0,区县,0.0,100.0,,山西省,140000,吕梁市,141100,地级市,孝义市,141181,县级市
山西|山西吕梁文水县,address,山西吕梁文水县,山西,ok,0,112.03559869260123,37.44430008265076,112.0226621390482,37.43725503381225,20.0,区县,0.0,100.0,,山西省,140000,吕梁市,141100,地级市,文水县,141121,县
山西|山西吕梁汾阳县,address,山西吕梁汾阳县,山西,ok,0,111.79459661919569,37.271291794517566,111.78176140484942,37.26450394259373,20.0,区县,0.0,100.0,,山西省,140000,吕梁市,141100,地级市,汾阳市,141182,县级市
山西|山西吕梁市临县,address,山西吕梁市临县,山西,ok,0,110.99841488128904,37.95721067232133,110.98575553101674,37.95096045979951,20.0,区县,0.0,100.0,,山西省,140000,吕梁市,141100,地级市,临县,141124,县
山西|山西吕梁市孝义县,address,山西吕梁市孝义县,山西,ok,0,111.78560601832963,37.15106331910215,111.7727633327655,37.144338640090325,20.0,区县,0.0,100.0,,山西省,140000,吕梁市,141100,地级市,孝义市,141181,县级市
山西|山西吕梁市文水县,address,山西吕梁市文水县,山西,ok,0,112.03559869260123,37.44430008265076,112.0226621390482,37.43725503381225,20.0,区县,0.0,100.0,,山西省,140000,吕梁市,141100,地级市,文水县,141121,县
山西|山西吕梁市汾阳县,address,山西吕梁市汾阳县,山西,ok,0,111.79459661919569,37.271291794517566,111.78176140484942,37.26450394259373,20.0,区县,0.0,100.0,,山西省,140000,吕梁市,141100,地级市,汾阳市,141182,县级市
山西|山西大同大同市,address,山西大同大同市,山西,ok,0,121.52409046630116,25.067476243851605,121.51369687571167,25.06427852753283,25.0,乡镇,0.0,100.0,,台湾省,710000,台湾省,710000,不统计,台湾省,710000,不统计
山西|山西大同市怀仁县,address,山西大同市怀仁县,山西,ok,0,113.1066084673833,39.83375688952166,113.0928790213879,39.82675813018382,20.0,区县,0.0,100.0,,山西省,140000,朔州市,140600,地级市,怀仁市,140681,县级市
山西|山西太原市交城县,address,山西太原市交城县,山西,ok,0,112.16256770863693,37.55777223625885,112.14958214020047,37.55069824225758,20.0,区县,0.0,100.0,,山西省,140000,吕梁市,141100,地级市,交城县,141122,县
山西|山西太原市,address,山西太原市,山西,ok,0,112.55639149167204,37.87698902884778,112.54358427906784,37.87052119049943,20.0,城市,0.0,100.0,,山西省,140000,太原市,140100,地级市,杏花岭区,140107,市辖区
山西|山西忻州崞县,address,山西忻州崞县,山西,ok,0,112.74062416023847,38.42238338517772,112.72746033336257,38.416023319469055,20.0,城市,0.0,100.0,,山西省,140000,忻州市,140900,地级市,忻府区,140902,市辖区
山西|山西忻州市代县,address,山西忻州市代县,山西,ok,0,112.96655194854216,39.07272834638067,112.95334613756849,39.06631809407322,20.0,区县,0.0,100.0,,山西省,140000,忻州市,140900,地级市,代县,140923,县
山西|山西忻州市静乐县,address,山西忻州市静乐县,山西,ok,0,111.94543190585105,38.36514708843798,111.93263771996283,38.35839938623427,20.0,区县,0.0,100.0,,山西省,140000,忻州市,140900,地级市,静乐县,140926,县
山西|山西晋中榆次市,address,山西晋中榆次市,山西,ok,0,112.71450350211099,37.703940486801216,112.70150998497498,37.69750317894035,20.0,区县,0.0,100.0,,山西省,140000,晋中市,140700,地级市,榆次区,140702,市辖区
山西|山西晋中灵石县,address,山西晋中灵石县,山西,ok,0,111.78561787596237,36.85336750127023,111.7727913626176,36.84684392536132,20.0,区县,0.0,100.0,,山西省,140000,晋中市,140700,地级市,灵石县,140729,县
山西|山西晋中市太谷县,address,山西晋中市太谷县,山西,ok,0,112.75959475565928,37.69283940975972,112.74653763583775,37.68640549644606,20.0,城市,0.0,100.0,,山西省,140000,晋中市,140700,地级市,榆次区,140702,市辖区
山西|山西晋中市寿阳县,address,山西晋中市寿阳县,山西,ok,0,113.18341017492547,37.9013076069566,113.17005204903484,37.894847513160855,20.0,区县,0.0,100.0,,山西省,140000,晋中市,140700,地级市,寿阳县,140725,县
山西|山西晋中市左权县,address,山西晋中市左权县,山西,ok,0,113.38545184005775,37.088555147170815,113.3721173382016,37.08203200794018,20.0,区县,0.0,100.0,,山西省,140000,晋中市,140700,地级市,左权县,140722,县
山西|山西晋中市昔阳县,address,山西晋中市昔阳县,山西,ok,0,113.71361290387442,37.61788404299596,113.70070778658796,37.611017333688025,20.0,区县,0.0,100.0,,山西省,140000,晋中市,140700,地级市,昔阳县,140724,县
山西|山西晋中市榆次市,address,山西晋中市榆次市,山西,ok,0,112.71450350211099,37.703940486801216,112.70150998497498,37.69750317894035,20.0,区县,0.0,100.0,,山西省,140000,晋中市,140700,地级市,榆次区,140702,市辖区
山西|山西晋城晋城市,address,山西晋城晋城市,山西,ok,0,112.85857823132879,35.49628458647257,112.84589367702986,35.491008404044315,20.0,城市,0.0,100.0,,山西省,140000,晋城市,140500,地级市,城区,140302,市辖区
山西|山西晋城市,address,山西晋城市,山西,ok,0,112.85857823132879,35.49628458647257,112.84589367702986,35.491008404044315,20.0,城市,0.0,100.0,,山西省,140000,晋城市,140500,地级市,城区,140302,市辖区
山西|山西晋城市沁水县,address,山西晋城市沁水县,山西,ok,0,112.19342620968516,35.69636446245674,112.1807164120625,35.690196423176246,20.0,区县,0.0,100.0,,山西省,140000,晋城市,140500,地级市,沁水县,140521,县
山西|山西晋城市泽州,address,山西晋城市泽州,山西,ok,0,112.7944012195933,35.59976972948786,112.78160112779476,35.59427892659182,20.0,区县,0.0,100.0,,山西省,140000,晋城市,140500,地级市,泽州县,140525,县
山西|山西晋城市阳城,address,山西晋城市阳城,山西,ok,0,112.42145378711842,35.492181320425026,112.40859072072564,35.486205881010875,20.0,区县,0.0,100.0,,山西省,140000,晋城市,140500,地级市,阳城县,140522,县
山西|山西晋城市阳城县,address,山西晋城市阳城县,山西,ok,0,112.42145378711842,35.492181320425026,112.40859072072564,35.486205881010875,20.0,区县,0.0,100.0,,山西省,140000,晋城市,140500,地级市,阳城县,140522,县
山西|山西晋城市陵川县,address,山西晋城市陵川县,山西,ok,0,113.28740655466288,35.781743639537595,113.27439978593652,35.77606258415284,20.0,区县,0.0,100.0,,山西省,140000,晋城市,140500,地级市,陵川县,140524,县
山西|山西晋城市高平,address,山西晋城市高平,山西,ok,0,112.93041239923134,35.80433679857751,112.9176969981076,35.79895926181578,20.0,区县,0.0,100.0,,山西省,140000,晋城市,140500,地级市,高平市,140581,县级市
山西|山西晋城市高平县,address,山西晋城市高平县,山西,ok,0,112.93041239923134,35.80433679857751,112.9176969981076,35.79895926181578,20.0,区县,0.0,100.0,,山西省,140000,晋城市,140500,地级市,高平市,140581,县级市
山西|山西榆次,address,山西榆次,山西,ok,0,112.71450350211099,37.703940486801216,112.70150998497498,37.69750317894035,20.0,区县,0.0,100.0,,山西省,140000,晋中市,140700,地级市,榆次区,140702,市辖区
山西|山西榆次市,address,山西榆次市,山西,ok,0,112.71450350211099,37.703940486801216,112.70150998497498,37.69750317894035,20.0,区县,0.0,100.0,,山西省,140000,晋中市,140700,地级市,榆次区,140702,市辖区
山西|山西祁县,address,山西祁县,山西,ok,0,112.34244242768281,37.36413128347519,112.32947790318018,37.35725222421017,20.0,区县,0.0,100.0,,山西省,140000,晋中市,140700,地级市,祁县,140727,县
山西|山西运城万荣县,address,山西运城万荣县,山西,ok,0,110.84457611016106,35.42110880053557,110.83247739731605,35.41589068840547,20.0,区县,0.0,100.0,,山西省,140000,运城市,140800,地级市,万荣县,140822,县
山西|山西运城临猗县,address,山西运城临猗县,山西,ok,0,110.78040700351404,35.149542242621784,110.76827068947101,35.14444201250438,20.0,区县,0.0,100.0,,山西省,140000,运城市,140800,地级市,临猗县,140821,县
山西|山西运城垣曲,address,山西运城垣曲,山西,ok,0,111.67660670571551,35.30301451741769,111.66405091496313,35.297408176271546,20.0,区县,0.0,100.0,,山西省,140000,运城市,140800,地级市,垣曲县,140827,县
山西|山西运城垣曲县,address,山西运城垣曲县,山西,ok,0,111.67660670571551,35.30301451741769,111.66405091496313,35.297408176271546,20.0,区县,0.0,100.0,,山西省,140000,运城市,140800,地级市,垣曲县,140827,县
山西|山西运城夏县,address,山西运城夏县,山西,ok,0,111.22643149939508,35.14746177980724,111.21384266385157,35.14233333799358,20.0,区县,0.0,100.0,,山西省,140000,运城市,140800,地级市,夏县,140828,县
山西|山西运城新绛县,address,山西运城新绛县,山西,ok,0,111.23140649497044,35.62263010308172,111.2187799586928,35.61710602087835,20.0,区县,0.0,100.0,,山西省,140000,运城市,140800,地级市,新绛县,140825,县
山西|山西运城河津县,address,山西运城河津县,山西,ok,0,110.71857214373472,35.60192657532228,110.70648720483607,35.596413369095785,20.0,区县,0.0,100.0,,山西省,140000,运城市,140800,地级市,河津市,140882,县级市
山西|山西运城绛县,address,山西运城绛县,山西,ok,0,111.57548652055998,35.49727637389565,111.56299088570692,35.49167789792661,20.0,区县,0.0,100.0,,山西省,140000,运城市,140800,地级市,绛县,140826,县
山西|山西运城芮城县,address,山西运城芮城县,山西,ok,0,110.70061151319877,34.69938811056296,110.68863279936271,34.6947442867551,20.0,区县,0.0,100.0,,山西省,140000,运城市,140800,地级市,芮城县,140830,县
山西|山西运城荣河县,address,山西运城荣河县,山西,ok,0,111.01338945447925,35.03270691290923,111.00097461083243,35.02777843294029,20.0,城市,0.0,100.0,,山西省,140000,运城市,140800,地级市,盐湖区,140802,市辖区
山西|山西运城解州,address,山西运城解州,山西,ok,0,110.89117732544109,34.91406860482904,110.8791342455471,34.90944905744542,25.0,乡镇,0.0,100.0,,山西省,140000,运城市,140800,地级市,盐湖区,140802,市辖区
山西|山西运城市万荣县,address,山西运城市万荣县,山西,ok,0,110.84457611016106,35.42110880053557,110.83247739731605,35.41589068840547,20.0,区县,0.0,100.0,,山西省,140000,运城市,140800,地级市,万荣县,140822,县
山西|山西运城市临猗县,address,山西运城市临猗县,山西,ok,0,110.78040700351404,35.149542242621784,110.76827068947101,35.14444201250438,20.0,区县,0.0,100.0,,山西省,140000,运城市,140800,地级市,临猗县,140821,县
山西|山西运城市垣曲县,address,山西运城市垣曲县,山西,ok,0,111.67660670571551,35.30301451741769,111.66405091496313,35.297408176271546,20.0,区县,0.0,100.0,,山西省,140000,运城市,140800,地级市,垣曲县,140827,县
山西|山西运城市夏县,address,山西运城市夏县,山西,ok,0,111.22643149939508,35.14746177980724,111.21384266385157,35.14233333799358,20.0,区县,0.0,100.0,,山西省,140000,运城市,140800,地级市,夏县,140828,县
山西|山西运城市平陆县,address,山西运城市平陆县,山西,ok,0,111.22348047596425,34.84292515458109,111.21090360151506,34.838124707507816,20.0,区县,0.0,100.0,,山西省,140000,运城市,140800,地级市,平陆县,140829,县
山西|山西运城市新绛县,address,山西运城市新绛县,山西,ok,0,111.23140649497044,35.62263010308172,111.2187799586928,35.61710602087835,20.0,区县,0.0,100.0,,山西省,140000,运城市,140800,地级市,新绛县,140825,县
山西|山西运城市永济县,address,山西运城市永济县,山西,ok,0,110.45457767130965,34.87282971471371,110.44258705165444,34.867581050280066,20.0,区县,0.0,100.0,,山西省,140000,运城市,140800,地级市,永济市,140881,县级市
山西|山西运城市河津县,address,山西运城市河津县,山西,ok,0,110.71857214373472,35.60192657532228,110.70648720483607,35.596413369095785,20.0,区县,0.0,100.0,,山西省,140000,运城市,140800,地级市,河津市,140882,县级市
山西|山西运城市稷山县,address,山西运城市稷山县,山西,ok,0,110.98941457872347,35.61040356961574,110.97706775371542,35.605032538116106,20.0,区县,0.0,100.0,,山西省,140000,运城市,140800,地级市,稷山县,140824,县
山西|山西运城市绛县,address,山西运城市绛县,山西,ok,0,111.57548652055998,35.49727637389565,111.56299088570692,35.49167789792661,20.0,区县,0.0,100.0,,山西省,140000,运城市,140800,地级市,绛县,140826,县
山西|山西运城市芮城县,address,山西运城市芮城县,山西,ok,0,110.70061151319877,34.69938811056296,110.68863279936271,34.6947442867551,20.0,区县,0.0,100.0,,山西省,140000,运城市,140800,地级市,芮城县,140830,县
山西|山西长治潞城县,address,山西长治潞城县,山西,ok,0,113.23557845894248,36.339691267612324,113.22248360088737,36.333902579341114,20.0,区县,0.0,100.0,,山西省,140000,长治市,140400,地级市,潞城区,140406,市辖区
山西|山西长治市壶关县,address,山西长治市壶关县,山西,ok,0,113.21357985530864,36.121334604236964,113.20048864016854,36.11559784388345,20.0,区县,0.0,100.0,,山西省,140000,长治市,140400,地级市,壶关县,140427,县
山西|山西长治市屯留县,address,山西长治市屯留县,山西,ok,0,112.898474763774,36.321630843108416,112.88569950318119,36.316109664970156,20.0,区县,0.0,100.0,,山西省,140000,长治市,140400,地级市,屯留区,140405,市辖区
山西|山西长治市平顺县,address,山西长治市平顺县,山西,ok,0,113.44251696707077,36.205989459384334,113.4293152394039,36.19989830999326,20.0,区县,0.0,100.0,,山西省,140000,长治市,140400,地级市,平顺县,140425,县
山西|山西长治市潞城县,address,山西长治市潞城县,山西,ok,0,113.23557845894248,36.339691267612324,113.22248360088737,36.333902579341114,20.0,区县,0.0,100.0,,山西省,140000,长治市,140400,地级市,潞城区,140406,市辖区
山西|山西长治市襄垣县,address,山西长治市襄垣县,山西,ok,0,113.05741258646825,36.54168582115512,113.04415295397486,36.535767768147245,20.0,区县,0.0,100.0,,山西省,140000,长治市,140400,地级市,襄垣县,140423,县
山西|山西长治市长子县,address,山西长治市长子县,山西,ok,0,112.88456585041024,36.128001557793574,112.8718157175802,36.12251932199088,20.0,区县,0.0,100.0,,山西省,140000,长治市,140400,地级市,长子县,140428,县
山西|山西长治市长治县,address,山西长治市长治县,山西,ok,0,113.05741608985974,36.05928647929114,113.04422929032513,36.05352925729022,20.0,区县,0.0,100.0,,山西省,140000,长治市,140400,地级市,上党区,140404,市辖区
山西|山西阳泉平定县,address,山西阳泉平定县,山西,ok,0,113.66442115516472,37.792796383591316,113.65155684957944,37.786065402058874,20.0,区县,0.0,100.0,,山西省,140000,阳泉市,140300,地级市,平定县,140321,县
山西|山西阳泉市平定县,address,山西阳泉市平定县,山西,ok,0,113.66442115516472,37.792796383591316,113.65155684957944,37.786065402058874,20.0,区县,0.0,100.0,,山西省,140000,阳泉市,140300,地级市,平定县,140321,县
广东|广东东莞市,address,广东东莞市,广东,ok,0,113.75842045787648,23.02730841164339,113.7467779408789,23.02378834935775,20.0,区县,0.0,100.0,,广东省,440000,东莞市,441900,地级市,东莞市,441900,地级市
广东|广东广州市增城县,address,广东广州市增城县,广东,ok,0,113.81754566889597,23.266592400631392,113.8060128975412,23.26300395210115,20.0,区县,0.0,100.0,,广东省,440000,广州市,440100,地级市,增城区,440118,市辖区
广东|广东惠州市惠城区,address,广东惠州市惠城区,广东,ok,0,114.38949004961869,23.08972597254434,114.37804281696052,23.08611677661873,20.0,区县,0.0,100.0,,广东省,440000,惠州市,441300,地级市,惠城区,441302,市辖区
广东|广东江门市恩平县,address,广东江门市恩平县,广东,ok,0,112.3114375784788,22.189035201534217,112.29981062773268,22.18560785720619,20.0,区县,0.0,100.0,,广东省,440000,江门市,440700,地级市,恩平市,440785,县级市
广东|广东江门市新会县,address,广东江门市新会县,广东,ok,0,113.03845482238786,22.465113060519734,113.026534236534,22.46222972775436,20.0,区县,0.0,100.0,,广东省,440000,江门市,440700,地级市,新会区,440705,市辖区
广东|广东深圳市宝安县,address,广东深圳市宝安县,广东,ok,0,113.89042744066019,22.560032908924555,113.87908559475193,22.556755647142673,20.0,区县,0.0,100.0,,广东省,440000,深圳市,440300,地级市,宝安区,440306,市辖区
广西|广西,address,广西,广西,ok,0,108.3345212294372,22.821268997908664,108.32404206322511,22.817852569142207,20.0,省份,0.0,100.0,,广西壮族自治区,450000,南宁市,450100,地级市,青秀区,450103,市辖区
广西|广西宜山县,address,广西宜山县,广西,ok,0,108.3345212294372,22.821268997908664,108.32404206322511,22.817852569142207,20.0,省份,0.0,100.0,,广西壮族自治区,450000,南宁市,450100,地级市,青秀区,450103,市辖区
广西|广西钦州市灵山县,address,广西钦州市灵山县,广西,ok,0,109.29747796631128,22.42241332670075,109.28663798379382,22.41947796063693,20.0,区县,0.0,100.0,,广西壮族自治区,450000,钦州市,450700,地级市,灵山县,450721,县
江苏|江苏,address,江苏,江苏,ok,0,118.76955164466914,32.066776944293416,118.75775425334236,32.06307875794219,20.0,省份,0.0,100.0,,江苏省,320000,南京市,320100,地级市,鼓楼区,320106,市辖区
江苏|江苏东台县,address,江苏东台县,江苏,ok,0,120.32653706475246,32.872716312488244,120.31533941728263,32.8683133786598,20.0,区县,0.0,100.0,,江苏省,320000,盐城市,320900,地级市,东台市,320981,县级市
江苏|江苏丰县,address,江苏丰县,江苏,ok,0,116.66473730424232,34.70217569492315,116.65285604785322,34.697464850659486,20.0,区县,0.0,100.0,,江苏省,320000,徐州市,320300,地级市,丰县,320321,县
江苏|江苏仪征县,address,江苏仪征县,江苏,ok,0,119.19146705795117,32.27809048316069,119.17950446105111,32.27438042770309,20.0,区县,0.0,100.0,,江苏省,320000,扬州市,321000,地级市,仪征市,321081,县级市
江苏|江苏南通县,address,江苏南通县,江苏,ok,0,120.90159173866185,31.98654943120089,120.89078659791699,31.98306312462828,20.0,城市,0.0,100.0,,江苏省,320000,南通市,320600,地级市,崇川区,320602,市辖区
江苏|江苏吴江县,address,江苏吴江县,江苏,ok,0,120.65156717454464,31.144644190472693,120.64083742902876,31.14102560891471,20.0,区县,0.0,100.0,,江苏省,320000,苏州市,320500,地级市,吴江区,320509,市辖区
江苏|江苏太仓县,address,江苏太仓县,江苏,ok,0,121.13559529350024,31.464599352977785,121.12440848691675,31.460719505518753,20.0,区县,0.0,100.0,,江苏省,320000,苏州市,320500,地级市,太仓市,320585,县级市
江苏|江苏如皋县,address,江苏如皋县,江苏,ok,0,120.57946558109177,32.37785148610902,120.56864346491574,32.37414485574507,20.0,区县,0.0,100.0,,江苏省,320000,南通市,320600,地级市,如皋市,320682,县级市
江苏|江苏宿迁,address,江苏宿迁,江苏,ok,0,118.28157403570837,33.96774971569008,118.26963681713656,33.96286775911467,20.0,城市,0.0,100.0,,江苏省,320000,宿迁市,321300,地级市,宿城区,321302,市辖区
江苏|江苏宿迁县,address,江苏宿迁县,江苏,ok,0,118.28157403570837,33.96774971569008,118.26963681713656,33.96286775911467,20.0,城市,0.0,100.0,,江苏省,320000,宿迁市,321300,地级市,宿城区,321302,市辖区
江苏|江苏崇明县,address,江苏崇明县,江苏,ok,0,121.40355686271847,31.62856998440405,121.39235940761883,31.624431697242223,20.0,区县,0.0,100.0,,上海市,310000,上海市,310000,直辖市,崇明区,310151,市辖区
江苏|江苏徐,address,江苏徐,江苏,ok,0,118.76955164466914,32.066776944293416,118.75775425334236,32.06307875794219,20.0,省份,0.0,100.0,,江苏省,320000,南京市,320100,地级市,鼓楼区,320106,市辖区
江苏|江苏沐,address,江苏沐,江苏,ok,0,120.575109877335,31.267466569561527,120.56440679591296,31.263732286304148,50.0,NoClass,0.0,0.0,,江苏省,320000,苏州市,320500,地级市,虎丘区,320505,市辖区
江苏|江苏沐阳,address,江苏沐阳,江苏,ok,0,120.74158690868283,31.629737179962653,120.73065196515441,31.625925890456845,75.0,购物,1.0,100.0,,江苏省,320000,苏州市,320500,地级市,常熟市,320581,县级市
江苏|江苏沐阳县,address,江苏沐阳县,江苏,ok,0,120.74158690868283,31.629737179962653,120.73065196515441,31.625925890456845,75.0,购物,1.0,100.0,,江苏省,320000,苏州市,320500,地级市,常熟市,320581,县级市
江苏|江苏沛县,address,江苏沛县,江苏,ok,0,116.94258562390337,34.76515195541547,116.93056269167033,34.76059140409612,20.0,区县,0.0,100.0,,江苏省,320000,徐州市,320300,地级市,沛县,320322,县
江苏|江苏泗阳县,address,江苏泗阳县,江苏,ok,0,118.70946596537884,33.728328313046696,118.69758416295001,33.72399285629828,20.0,区县,0.0,100.0,,江苏省,320000,宿迁市,321300,地级市,泗阳县,321323,县
江苏|江苏涟水县,address,江苏涟水县,江苏,ok,0,119.26644843920793,33.78707870790034,119.25446055237174,33.78270908312882,20.0,区县,0.0,100.0,,江苏省,320000,淮安市,320800,地级市,涟水县,320826,县
江苏|江苏淮,address,江苏淮,江苏,ok,0,118.76955164466914,32.066776944293416,118.75775425334236,32.06307875794219,20.0,省份,0.0,100.0,,江苏省,320000,南京市,320100,地级市,鼓楼区,320106,市辖区
江苏|江苏淮安,address,江苏淮安,江苏,ok,0,119.11976413248364,33.55666778025387,119.10756762075802,33.55229038035702,20.0,城市,0.0,100.0,,江苏省,320000,淮安市,320800,地级市,淮安区,320803,市辖区
江苏|江苏淮安县,address,江苏淮安县,江苏,ok,0,119.14746320322271,33.508999838207515,119.13531078684998,33.50466204448391,20.0,区县,0.0,100.0,,江苏省,320000,淮安市,320800,地级市,淮安区,320803,市辖区
江苏|江苏淮阴县,address,江苏淮阴县,江苏,ok,0,119.0414217411613,33.63815042476756,119.02931291311253,33.63384316368321,20.0,区县,0.0,100.0,,江苏省,320000,淮安市,320800,地级市,淮阴区,320804,市辖区
江苏|江苏盐城,address,江苏盐城,江苏,ok,0,120.167544265761,33.355100917626196,120.15619840223843,33.350223789127064,20.0,城市,0.0,100.0,,江苏省,320000,盐城市,320900,地级市,盐都区,320903,市辖区
江苏|江苏赣榆县,address,江苏赣榆县,江苏,ok,0,119.17943461496724,34.84768246084617,119.16718423749376,34.84270719626645,20.0,区县,0.0,100.0,,江苏省,320000,连云港市,320700,地级市,赣榆区,320707,市辖区
江苏|江苏邳县,address,江苏邳县,江苏,ok,0,118.76955164466914,32.066776944293416,118.75775425334236,32.06307875794219,20.0,省份,0.0,100.0,,江苏省,320000,南京市,320100,地级市,鼓楼区,320106,市辖区
江苏|江苏铜山县,address,江苏铜山县,江苏,ok,0,117.17556960198795,34.1861004498853,117.1631780054347,34.18162258829148,20.0,区县,0.0,100.0,,江苏省,320000,徐州市,320300,地级市,铜山区,320312,市辖区
江苏|江苏阜宁,address,江苏阜宁,江苏,ok,0,119.80958074885365,33.765078727087015,119.79806530775662,33.76021888029971,20.0,区县,0.0,100.0,,江苏省,320000,盐城市,320900,地级市,阜宁县,320923,县
江苏|江苏靖江县,address,江苏靖江县,江苏,ok,0,120.28353203592053,31.988170075210594,120.27247857870093,31.983920183272456,20.0,区县,0.0,100.0,,江苏省,320000,泰州市,321200,地级市,靖江市,321282,县级市
江苏|江苏高邮县,address,江苏高邮县,江苏,ok,0,119.46561561653884,32.787147020528316,119.45366864021217,32.78301188877447,20.0,区县,0.0,100.0,,江苏省,320000,扬州市,321000,地级市,高邮市,321084,县级市
江苏|江苏上海上海市,address,江苏上海上海市,江苏,ok,0,121.48053886017651,31.235929042252014,121.46952213482447,31.231905427171462,20.0,城市,0.0,100.0,,上海市,310000,上海市,310000,直辖市,黄浦区,310101,市辖区
江苏|江苏上海嘉定县,address,江苏上海嘉定县,江苏,ok,0,121.27259505835202,31.3801553396772,121.26160424844782,31.376365413126504,20.0,区县,0.0,100.0,,上海市,310000,上海市,310000,直辖市,嘉定区,310114,市辖区
江苏|江苏南京上元,address,江苏南京上元,江苏,ok,0,118.80242172124585,32.06465288561847,118.79065587042527,32.06101135412403,20.0,城市,0.0,100.0,,江苏省,320000,南京市,320100,地级市,玄武区,320102,市辖区
江苏|江苏南京南京市,address,江苏南京南京市,江苏,ok,0,118.80242172124585,32.06465288561847,118.79065587042527,32.06101135412403,20.0,城市,0.0,100.0,,江苏省,320000,南京市,320100,地级市,玄武区,320102,市辖区
江苏|江苏南京市六合县,address,江苏南京市六合县,江苏,ok,0,118.82747132971379,32.328666041019886,118.81571198160161,32.32511676345132,20.0,区县,0.0,100.0,,江苏省,320000,南京市,320100,地级市,六合区,320116,市辖区
江苏|江苏南京市,address,江苏南京市,江苏,ok,0,118.80242172124585,32.06465288561847,118.79065587042527,32.06101135412403,20.0,城市,0.0,100.0,,江苏省,320000,南京市,320100,地级市,玄武区,320102,市辖区
江苏|江苏南京市江宁县,address,江苏南京市江宁县,江苏,ok,0,118.84656705909214,31.958526869176943,118.8348993862009,31.954968318766365,20.0,区县,0.0,100.0,,江苏省,320000,南京市,320100,地级市,江宁区,320115,市辖区
江苏|江苏南京市溧水县,address,江苏南京市溧水县,江苏,ok,0,119.0344039090257,31.65728369631429,119.02251415294687,31.653525212313397,20.0,区县,0.0,100.0,,江苏省,320000,南京市,320100,地级市,溧水区,320117,市辖区
江苏|江苏南通市南通县,address,江苏南通市南通县,江苏,ok,0,121.02078367474492,32.539220171070774,121.00961879482136,32.535549531601006,50.0,NoClass,0.0,100.0,,江苏省,320000,南通市,320600,地级市,如东县,320623,县
江苏|江苏南通市如皋县,address,江苏南通市如皋县,江苏,ok,0,120.57946558109177,32.37785148610902,120.56864346491574,32.37414485574507,20.0,区县,0.0,100.0,,江苏省,320000,南通市,320600,地级市,如皋市,320682,县级市
江苏|江苏宜兴县,address,江苏宜兴县,江苏,ok,0,119.83160603216115,31.342956624267874,119.8203803489861,31.33874360907937,20.0,区县,0.0,100.0,,江苏省,320000,无锡市,320200,地级市,宜兴市,320282,县级市
江苏|江苏宿迁宿迁县,address,江苏宿迁宿迁县,江苏,ok,0,118.29412030944403,33.965563607160306,118.2821686742418,33.96067877101167,80.0,餐饮,1.0,100.0,,江苏省,320000,宿迁市,321300,地级市,宿城区,321302,市辖区
江苏|江苏宿迁宿迁市,address,江苏宿迁宿迁市,江苏,ok,0,118.28157403570837,33.96774971569008,118.26963681713656,33.96286775911467,20.0,城市,0.0,100.0,,江苏省,320000,宿迁市,321300,地级市,宿城区,321302,市辖区
江苏|江苏宿迁市宿迁县,address,江苏宿迁市宿迁县,江苏,ok,0,118.29412030944403,33.965563607160306,118.2821686742418,33.96067877101167,80.0,餐饮,1.0,100.0,,江苏省,320000,宿迁市,321300,地级市,宿城区,321302,市辖区
江苏|江苏宿迁市,address,江苏宿迁市,江苏,ok,0,118.28157403570837,33.96774971569008,118.26963681713656,33.96286775911467,20.0,城市,0.0,100.0,,江苏省,320000,宿迁市,321300,地级市,宿城区,321302,市辖区
江苏|江苏常州常州市,address,江苏常州常州市,江苏,ok,0,119.98148471327892,31.815795653327836,119.97033828947505,31.811477428145253,20.0,城市,0.0,100.0,,江苏省,320000,常州市,320400,地级市,新北区,320411,市辖区
江苏|江苏徐州丰县,address,江苏徐州丰县,江苏,ok,0,116.66473730424232,34.70217569492315,116.65285604785322,34.697464850659486,20.0,区县,0.0,100.0,,江苏省,320000,徐州市,320300,地级市,丰县,320321,县
江苏|江苏徐州徐州市,address,江苏徐州徐州市,江苏,ok,0,117.29057543439453,34.21266655011306,117.27824610318284,34.20817361909909,20.0,城市,0.0,100.0,,江苏省,320000,徐州市,320300,地级市,云龙区,320303,市辖区
江苏|江苏徐州沛县,address,江苏徐州沛县,江苏,ok,0,116.94258562390337,34.76515195541547,116.93056269167033,34.76059140409612,20.0,区县,0.0,100.0,,江苏省,320000,徐州市,320300,地级市,沛县,320322,县
江苏|江苏徐州萧县,address,江苏徐州萧县,江苏,ok,0,116.94323923099243,34.226833736436404,116.93127044731067,34.222644217017425,20.0,区县,0.0,100.0,,安徽省,340000,宿州市,341300,地级市,萧县,341322,县
江苏|江苏徐州邳县,address,江苏徐州邳县,江苏,ok,0,117.29057543439453,34.21266655011306,117.27824610318284,34.20817361909909,20.0,城市,0.0,100.0,,江苏省,320000,徐州市,320300,地级市,云龙区,320303,市辖区
江苏|江苏徐州铜山,address,江苏徐州铜山,江苏,ok,0,117.17556960198795,34.1861004498853,117.1631780054347,34.18162258829148,20.0,区县,0.0,100.0,,江苏省,320000,徐州市,320300,地级市,铜山区,320312,市辖区
江苏|江苏徐州市丰县,address,江苏徐州市丰县,江苏,ok,0,116.66473730424232,34.70217569492315,116.65285604785322,34.697464850659486,20.0,区县,0.0,100.0,,江苏省,320000,徐州市,320300,地级市,丰县,320321,县
江苏|江苏徐州市徐,address,江苏徐州市徐,江苏,ok,0,117.29057543439453,34.21266655011306,117.27824610318284,34.20817361909909,20.0,城市,0.0,100.0,,江苏省,320000,徐州市,320300,地级市,云龙区,320303,市辖区
江苏|江苏徐州市沛县,address,江苏徐州市沛县,江苏,ok,0,116.94258562390337,34.76515195541547,116.93056269167033,34.76059140409612,20.0,区县,0.0,100.0,,江苏省,320000,徐州市,320300,地级市,沛县,320322,县
江苏|江苏徐州市睢宁县,address,江苏徐州市睢宁县,江苏,ok,0,117.94743277245068,33.91878941781798,117.93557358793785,33.91397046243095,20.0,区县,0.0,100.0,,江苏省,320000,徐州市,320300,地级市,睢宁县,320324,县
江苏|江苏徐州市砀山县,address,江苏徐州市砀山县,江苏,ok,0,116.3725240015101,34.44842817139671,116.36045310434544,34.44333442508522,20.0,区县,0.0,100.0,,安徽省,340000,宿州市,341300,地级市,砀山县,341321,县
江苏|江苏徐州市萧县,address,江苏徐州市萧县,江苏,ok,0,116.94323923099243,34.226833736436404,116.93127044731067,34.222644217017425,20.0,区县,0.0,100.0,,安徽省,340000,宿州市,341300,地级市,萧县,341322,县
江苏|江苏扬州扬州市,address,江苏扬州扬州市,江苏,ok,0,119.41941890822997,32.40067693609037,119.407394082759,32.3966483390361,20.0,城市,0.0,100.0,,江苏省,320000,扬州市,321000,地级市,邗江区,321003,市辖区
江苏|江苏扬州市,address,江苏扬州市,江苏,ok,0,119.41941890822997,32.40067693609037,119.407394082759,32.3966483390361,20.0,城市,0.0,100.0,,江苏省,320000,扬州市,321000,地级市,邗江区,321003,市辖区
江苏|江苏扬州市江都县,address,江苏扬州市江都县,江苏,ok,0,119.5766029690771,32.44029450624287,119.56509936378258,32.436434701475015,20.0,区县,0.0,100.0,,江苏省,320000,扬州市,321000,地级市,江都区,321012,市辖区
江苏|江苏扬州市盱眙,address,江苏扬州市盱眙,江苏,ok,0,118.55144127023549,33.018254741659845,118.53975207449348,33.0142310503488,20.0,区县,0.0,100.0,,江苏省,320000,淮安市,320800,地级市,盱眙县,320830,县
江苏|江苏无锡无锡县,address,江苏无锡无锡县,江苏,ok,0,120.31858328810601,31.498809732685714,120.30754612519317,31.494502341848705,20.0,城市,0.0,100.0,,江苏省,320000,无锡市,320200,地级市,滨湖区,320211,市辖区
江苏|江苏泰州泰兴,address,江苏泰州泰兴,江苏,ok,0,120.05859939046078,32.17747402371212,120.04721995005947,32.173016065511874,20.0,区县,0.0,100.0,,江苏省,320000,泰州市,321200,地级市,泰兴市,321283,县级市
江苏|江苏淮安盱眙县,address,江苏淮安盱眙县,江苏,ok,0,118.55144127023549,33.018254741659845,118.53975207449348,33.0142310503488,20.0,区县,0.0,100.0,,江苏省,320000,淮安市,320800,地级市,盱眙县,320830,县
江苏|江苏淮安市淮安县,address,江苏淮安市淮安县,江苏,ok,0,119.14746320322271,33.508999838207515,119.13531078684998,33.50466204448391,20.0,区县,0.0,100.0,,江苏省,320000,淮安市,320800,地级市,淮安区,320803,市辖区
江苏|江苏淮安市,address,江苏淮安市,江苏,ok,0,119.11976413248364,33.55666778025387,119.10756762075802,33.55229038035702,20.0,城市,0.0,100.0,,江苏省,320000,淮安市,320800,地级市,淮安区,320803,市辖区
江苏|江苏盐城盐城市,address,江苏盐城盐城市,江苏,ok,0,120.167544265761,33.355100917626196,120.15619840223843,33.350223789127064,20.0,城市,0.0,100.0,,江苏省,320000,盐城市,320900,地级市,盐都区,320903,市辖区
江苏|江苏盐城阜宁县,address,江苏盐城阜宁县,江苏,ok,0,119.80958074885365,33.765078727087015,119.79806530775662,33.76021888029971,20.0,区县,0.0,100.0,,江苏省,320000,盐城市,320900,地级市,阜宁县,320923,县
江苏|江苏盐城市,address,江苏盐城市,江苏,ok,0,120.167544265761,33.355100917626196,120.15619840223843,33.350223789127064,20.0,城市,0.0,100.0,,江苏省,320000,盐城市,320900,地级市,盐都区,320903,市辖区
江苏|江苏盐城市东台县,address,江苏盐城市东台县,江苏,ok,0,120.32653706475246,32.872716312488244,120.31533941728263,32.8683133786598,20.0,区县,0.0,100.0,,江苏省,320000,盐城市,320900,地级市,东台市,320981,县级市
江苏|江苏连云港海州,address,江苏连云港海州,江苏,ok,0,119.16940808818707,34.5774561185969,119.15715287911632,34.572722199893064,20.0,区县,0.0,100.0,,江苏省,320000,连云港市,320700,地级市,海州区,210902,市辖区
江苏|江苏连云港市赣榆县,address,江苏连云港市赣榆县,江苏,ok,0,119.17943461496724,34.84768246084617,119.16718423749376,34.84270719626645,20.0,区县,0.0,100.0,,江苏省,320000,连云港市,320700,地级市,赣榆区,320707,市辖区
江苏|江苏镇江市丹徒县,address,江苏镇江市丹徒县,江苏,ok,0,119.44050079109088,32.137920395650404,119.42854842639974,32.1338713798791,20.0,区县,0.0,100.0,,江苏省,320000,镇江市,321100,地级市,丹徒区,321112,市辖区
江苏|江苏镇江市丹阳县,address,江苏镇江市丹阳县,江苏,ok,0,119.61250060471407,32.01592027416992,119.60110286907614,32.011999391944016,20.0,区县,0.0,100.0,,江苏省,320000,镇江市,321100,地级市,丹阳市,321181,县级市
江苏|江苏镇江市,address,江苏镇江市,江苏,ok,0,119.43048944567383,32.19471592052375,119.41850829282015,32.19067487890959,20.0,城市,0.0,100.0,,江苏省,320000,镇江市,321100,地级市,润州区,321111,市辖区
江西|江西广信,address,江西广信,江西,ok,0,117.91558441252161,28.454186874770276,117.90419487322598,28.451288145226982,20.0,区县,0.0,100.0,,江西省,360000,上饶市,361100,地级市,广信区,361104,市辖区
江西|江西抚州,address,江西抚州,江西,ok,0,116.36453876864373,27.954892253419565,116.35307269480022,27.951876724339712,20.0,城市,0.0,100.0,,江西省,360000,抚州市,361000,地级市,临川区,361002,市辖区
江西|江西泰和县,address,江西泰和县,江西,ok,0,114.91559111543528,26.795697341164775,114.90423646678998,26.793617224513067,20.0,区县,0.0,100.0,,江西省,360000,吉安市,360800,地级市,泰和县,360826,县
江西|江西赣州,address,江西赣州,江西,ok,0,114.9405033729825,25.835176103497655,114.92921205554373,25.83269806572344,20.0,城市,0.0,100.0,,江西省,360000,赣州市,360700,地级市,章贡区,360702,市辖区
江西|江西萍乡市,address,江西萍乡市,江西,ok,0,113.89369655407103,27.664752547951164,113.88205392078856,27.661887737872245,20.0,城市,0.0,100.0,,江西省,360000,萍乡市,360300,地级市,安源区,360302,市辖区
河北|河北万全县,address,河北万全县,河北,ok,0,114.74742582376042,40.77314964899669,114.73450068968636,40.76592462440795,20.0,区县,0.0,100.0,,河北省,130000,张家口市,130700,地级市,万全区,130708,市辖区
河北|河北丘县,address,河北丘县,河北,ok,0,117.20359278135501,39.15348514470478,117.1906936794183,39.14672346921229,20.0,区县,0.0,100.0,,天津市,120000,天津市,120000,直辖市,河北区,120105,市辖区
河北|河北东光县,address,河北东光县,河北,ok,0,116.54340955697872,37.894513906653266,116.53126331516678,37.88792372089086,20.0,区县,0.0,100.0,,河北省,130000,沧州市,130900,地级市,东光县,130923,县
河北|河北丰润县,address,河北丰润县,河北,ok,0,118.16854133135446,39.83835343085074,118.15579778239854,39.83067973041211,20.0,区县,0.0,100.0,,河北省,130000,唐山市,130200,地级市,丰润区,130208,市辖区
河北|河北临县,address,河北临县,河北,ok,0,117.20359278135501,39.15348514470478,117.1906936794183,39.14672346921229,20.0,区县,0.0,57.0,,天津市,120000,天津市,120000,直辖市,河北区,120105,市辖区
河北|河北临城县,address,河北临城县,河北,ok,0,114.5054433397213,37.450788548442155,114.49299163357365,37.44410588854916,20.0,区县,0.0,100.0,,河北省,130000,邢台市,130500,地级市,临城县,130522,县
河北|河北临漳县,address,河北临漳县,河北,ok,0,114.59217770111785,36.329381126857,114.5800372461301,36.3235953809044,20.0,区县,0.0,100.0,,河北省,130000,邯郸市,130400,地级市,临漳县,130423,县
河北|河北任县,address,河北任县,河北,ok,0,117.20359278135501,39.15348514470478,117.1906936794183,39.14672346921229,20.0,区县,0.0,100.0,,天津市,120000,天津市,120000,直辖市,河北区,120105,市辖区
河北|河北元城县,address,河北元城县,河北,ok,0,114.53659630531568,38.04320164520046,114.52416893736276,38.03665553790391,20.0,省份,0.0,100.0,,河北省,130000,石家庄市,130100,地级市,长安区,130102,市辖区
河北|河北元氏县,address,河北元氏县,河北,ok,0,114.53256551866185,37.7723385538555,114.52017046646037,37.765734126240076,20.0,区县,0.0,100.0,,河北省,130000,石家庄市,130100,地级市,元氏县,130132,县
河北|河北冀县,address,河北冀县,河北,ok,0,117.20359278135501,39.15348514470478,117.1906936794183,39.14672346921229,20.0,区县,0.0,100.0,,天津市,120000,天津市,120000,直辖市,河北区,120105,市辖区
河北|河北南和县,address,河北南和县,河北,ok,0,114.53659630531568,38.04320164520046,114.52416893736276,38.03665553790391,20.0,省份,0.0,100.0,,河北省,130000,石家庄市,130100,地级市,长安区,130102,市辖区
河北|河北南皮县,address,河北南皮县,河北,ok,0,116.71560115882829,38.045187886965145,116.70322706599515,38.03872078301899,20.0,区县,0.0,100.0,,河北省,130000,沧州市,130900,地级市,南皮县,130927,县
河北|河北博野县,address,河北博野县,河北,ok,0,115.47046698806136,38.463408004951994,115.45766557456561,38.4566905859927,20.0,区县,0.0,100.0,,河北省,130000,保定市,130600,地级市,博野县,130637,县
河北|河北吴桥县,address,河北吴桥县,河北,ok,0,116.39739206243448,37.63390875555352,116.38498311339374,37.62685958740568,20.0,区县,0.0,100.0,,河北省,130000,沧州市,130900,地级市,吴桥县,130928,县
河北|河北大同镇,address,河北大同镇,河北,ok,0,114.26596021110258,36.76324471904131,114.2535057021085,36.756737740705155,25.0,乡镇,0.0,100.0,,河北省,130000,邯郸市,130400,地级市,武安市,130481,县级市
河北|河北大城县,address,河北大城县,河北,ok,0,116.66040917846469,38.71085864002598,116.64810609188993,38.70440294067521,20.0,区县,0.0,100.0,,河北省,130000,廊坊市,131000,地级市,大城县,131025,县
河北|河北宁晋县,address,河北宁晋县,河北,ok,0,114.94596948723685,37.63074152974115,114.93359778440802,37.62451481008051,20.0,区县,0.0,100.0,,河北省,130000,邢台市,130500,地级市,宁晋县,130528,县
河北|河北安国县,address,河北安国县,河北,ok,0,115.33340802487648,38.424828318687446,115.32057823156275,38.41826830312487,20.0,区县,0.0,100.0,,河北省,130000,保定市,130600,地级市,安国市,130683,县级市
河北|河北安平县,address,河北安平县,河北,ok,0,115.5255492853222,38.24050692219121,115.51300889108514,38.23388771161917,20.0,区县,0.0,100.0,,河北省,130000,衡水市,131100,地级市,安平县,131125,县
河北|河北安新县,address,河北安新县,河北,ok,0,115.94242628265987,38.94173429859305,115.93019984569524,38.934706262575276,20.0,区县,0.0,100.0,,河北省,130000,保定市,130600,地级市,安新县,130632,县
河北|河北完县,address,河北完县,河北,ok,0,117.20359278135501,39.15348514470478,117.1906936794183,39.14672346921229,20.0,区县,0.0,100.0,,天津市,120000,天津市,120000,直辖市,河北区,120105,市辖区
河北|河北定兴县,address,河北定兴县,河北,ok,0,115.81441011189118,39.26942352852659,115.80195393512426,39.26216162530903,20.0,区县,0.0,100.0,,河北省,130000,保定市,130600,地级市,定兴县,130626,县
河北|河北定州市,address,河北定州市,河北,ok,0,114.99649620776492,38.522198840134,114.9838145646421,38.51592093503039,20.0,区县,0.0,100.0,,河北省,130000,保定市,130600,地级市,定州市,130682,县级市
河北|河北宣化县,address,河北宣化县,河北,ok,0,115.10544440679553,40.614591888266105,115.09219703673472,40.60737184403493,20.0,区县,0.0,100.0,,河北省,130000,张家口市,130700,地级市,宣化区,130705,市辖区
河北|河北巨鹿县,address,河北巨鹿县,河北,ok,0,115.0435873588701,37.227088328938194,115.030910783541,37.220732645958456,20.0,区县,0.0,100.0,,河北省,130000,邢台市,130500,地级市,巨鹿县,130529,县
河北|河北平乡县,address,河北平乡县,河北,ok,0,115.03658174368942,37.0690963930439,115.02393889492309,37.06285692399351,20.0,区县,0.0,100.0,,河北省,130000,邢台市,130500,地级市,平乡县,130532,县
河北|河北平山县,address,河北平山县,河北,ok,0,114.20233197420312,38.25366251987636,114.18961719907516,38.24670671670057,20.0,区县,0.0,100.0,,河北省,130000,石家庄市,130100,地级市,平山县,130131,县
河北|河北广宗县,address,河北广宗县,河北,ok,0,115.14960474634384,37.08045712216151,115.13687400365356,37.07411640464031,20.0,区县,0.0,100.0,,河北省,130000,邢台市,130500,地级市,广宗县,130531,县
河北|河北延庆县,address,河北延庆县,河北,ok,0,115.98163156901515,40.46216897375426,115.96911779567223,40.45458898088086,20.0,区县,0.0,100.0,,北京市,110000,北京市,110000,直辖市,延庆区,110119,市辖区
河北|河北怀来县,address,河北怀来县,河北,ok,0,115.52455288485054,40.42028989038194,115.51173446857517,40.413045267470636,20.0,区县,0.0,100.0,,河北省,130000,张家口市,130700,地级市,怀来县,130730,县
河北|河北成安县,address,河北成安县,河北,ok,0,114.67657655801901,36.4497962089534,114.66430247293795,36.44396309370632,20.0,区县,0.0,100.0,,河北省,130000,邯郸市,130400,地级市,成安县,130424,县
河北|河北文安,address,河北文安,河北,ok,0,116.46460947899904,38.878950493070235,116.45209049598512,38.87196537655535,20.0,区县,0.0,100.0,,河北省,130000,廊坊市,131000,地级市,文安县,131026,县
河北|河北文安县,address,河北文安县,河北,ok,0,116.46460947899904,38.878950493070235,116.45209049598512,38.87196537655535,20.0,区县,0.0,100.0,,河北省,130000,廊坊市,131000,地级市,文安县,131026,县
河北|河北昌平县,address,河北昌平县,河北,ok,0,116.23761791731043,40.22641337159427,116.22511343787448,40.21890340925371,20.0,区县,0.0,100.0,,北京市,110000,北京市,110000,直辖市,昌平区,110114,市辖区
河北|河北曲周县,address,河北曲周县,河北,ok,0,114.96340442938836,36.77154483133649,114.9510517768699,36.765716268346566,20.0,区县,0.0,100.0,,河北省,130000,邯郸市,130400,地级市,曲周县,130435,县
河北|河北柏乡县,address,河北柏乡县,河北,ok,0,114.6994973620894,37.488758727151506,114.68708814050059,37.48231759103141,20.0,区县,0.0,100.0,,河北省,130000,邢台市,130500,地级市,柏乡县,130524,县
河北|河北栾城县,address,河北栾城县,河北,ok,0,114.65457561879083,37.9058163641652,114.64221954889473,37.899414490120385,20.0,区县,0.0,100.0,,河北省,130000,石家庄市,130100,地级市,栾城区,130111,市辖区
河北|河北正定县,address,河北正定县,河北,ok,0,114.57748106365241,38.15171372795392,114.56513467651358,38.145311475238806,20.0,区县,0.0,100.0,,河北省,130000,石家庄市,130100,地级市,正定县,130123,县
河北|河北武清县,address,河北武清县,河北,ok,0,117.05059715977872,39.389871228788344,117.03765102662463,39.382979049030304,20.0,区县,0.0,100.0,,天津市,120000,天津市,120000,直辖市,武清区,120114,市辖区
河北|河北武邑县,address,河北武邑县,河北,ok,0,115.89451363116582,37.807764276867424,115.88242896281423,37.80088493383495,20.0,区县,0.0,100.0,,河北省,130000,衡水市,131100,地级市,武邑县,131122,县
河北|河北永年县,address,河北永年县,河北,ok,0,114.550625142465,36.74756938957492,114.53837230476955,36.741472703805826,20.0,区县,0.0,100.0,,河北省,130000,邯郸市,130400,地级市,永年区,130408,市辖区
河北|河北永清县,address,河北永清县,河北,ok,0,116.5054292898474,39.3278529985738,116.49300698260846,39.32077079679496,20.0,区县,0.0,100.0,,河北省,130000,廊坊市,131000,地级市,永清县,131023,县
河北|河北沙河县,address,河北沙河县,河北,ok,0,114.50947385688346,36.8611273411454,114.4970757303758,36.85479801476034,20.0,区县,0.0,100.0,,河北省,130000,邢台市,130500,地级市,沙河市,130582,县级市
河北|河北河津县,address,河北河津县,河北,ok,0,110.71857214373472,35.60192657532228,110.70648720483607,35.596413369095785,20.0,区县,0.0,100.0,,山西省,140000,运城市,140800,地级市,河津市,140882,县级市
河北|河北河间县,address,河北河间县,河北,ok,0,116.10562809211834,38.45135651510629,116.09307690952785,38.44417388366583,20.0,区县,0.0,100.0,,河北省,130000,沧州市,130900,地级市,河间市,130984,县级市
河北|河北泊头市,address,河北泊头市,河北,ok,0,116.5846280358124,38.08925691544578,116.57251611910421,38.082817992812245,20.0,区县,0.0,100.0,,河北省,130000,沧州市,130900,地级市,泊头市,130981,县级市
河北|河北涿鹿县,address,河北涿鹿县,河北,ok,0,115.21138346202879,40.385834075002876,115.19835820190292,40.37881504578363,20.0,区县,0.0,100.0,,河北省,130000,张家口市,130700,地级市,涿鹿县,130731,县
河北|河北清河县,address,河北清河县,河北,ok,0,115.67439356764524,37.04637540161698,115.66214566099278,37.03980893766768,20.0,区县,0.0,100.0,,河北省,130000,邢台市,130500,地级市,清河县,130534,县
河北|河北清苑县,address,河北清苑县,河北,ok,0,115.49660588179071,38.77100177474947,115.48387782236217,38.76423572578371,20.0,区县,0.0,100.0,,河北省,130000,保定市,130600,地级市,清苑区,130608,市辖区
河北|河北灵寿县,address,河北灵寿县,河北,ok,0,114.38947775770787,38.31462937004633,114.3766613754781,38.30770329600267,20.0,区县,0.0,100.0,,河北省,130000,石家庄市,130100,地级市,灵寿县,130126,县
河北|河北玉田县,address,河北玉田县,河北,ok,0,117.74543440564399,39.90659234818871,117.73260585240509,39.89910653312676,20.0,区县,0.0,100.0,,河北省,130000,唐山市,130200,地级市,玉田县,130229,县
河北|河北盐山县,address,河北盐山县,河北,ok,0,117.23741362448348,38.06431839955863,117.2246832670511,38.057856282145245,20.0,区县,0.0,100.0,,河北省,130000,沧州市,130900,地级市,盐山县,130925,县
河北|河北肃宁县,address,河北肃宁县,河北,ok,0,115.8365176799834,38.428905919717586,115.8241936719729,38.42204637261818,20.0,区县,0.0,100.0,,河北省,130000,沧州市,130900,地级市,肃宁县,130926,县
河北|河北肥乡县,address,河北肥乡县,河北,ok,0,114.80654708225521,36.553825253669615,114.79416114897415,36.54798999006934,20.0,区县,0.0,100.0,,河北省,130000,邯郸市,130400,地级市,肥乡区,130407,市辖区
河北|河北获鹿县,address,河北获鹿县,河北,ok,0,114.53659630531568,38.04320164520046,114.52416893736276,38.03665553790391,20.0,省份,0.0,100.0,,河北省,130000,石家庄市,130100,地级市,长安区,130102,市辖区
河北|河北赞皇县,address,河北赞皇县,河北,ok,0,114.39246354556191,37.671667061291416,114.37975293934404,37.66465780856501,20.0,区县,0.0,100.0,,河北省,130000,石家庄市,130100,地级市,赞皇县,130129,县
河北|河北赤城县,address,河北赤城县,河北,ok,0,115.83850589956863,40.918761216841006,115.82590100912192,40.91095948816388,20.0,区县,0.0,100.0,,河北省,130000,张家口市,130700,地级市,赤城县,130732,县
河北|河北迁安县,address,河北迁安县,河北,ok,0,118.70645736056483,40.00418392493125,118.69385379313287,39.99716189942603,20.0,区县,0.0,100.0,,河北省,130000,唐山市,130200,地级市,迁安市,130283,县级市
河北|河北遵化县,address,河北遵化县,河北,ok,0,117.97237521307129,40.195533204032955,117.95974994205798,40.18800135183615,20.0,区县,0.0,100.0,,河北省,130000,唐山市,130200,地级市,遵化市,130281,县级市
河北|河北邯郸县,address,河北邯郸县,河北,ok,0,114.53659630531568,38.04320164520046,114.52416893736276,38.03665553790391,20.0,省份,0.0,100.0,,河北省,130000,石家庄市,130100,地级市,长安区,130102,市辖区
河北|河北阜城县,address,河北阜城县,河北,ok,0,116.18242153524983,37.86873245790551,116.17010756181968,37.86161773370513,20.0,区县,0.0,100.0,,河北省,130000,衡水市,131100,地级市,阜城县,131128,县
河北|河北阜平县,address,河北阜平县,河北,ok,0,114.20156347383934,38.85535144479584,114.18877988144133,38.84825884513515,20.0,区县,0.0,100.0,,河北省,130000,保定市,130600,地级市,阜平县,130624,县
河北|河北阳原县,address,河北阳原县,河北,ok,0,114.15752413604322,40.10958838873102,114.14445660574685,40.10197203303237,20.0,区县,0.0,100.0,,河北省,130000,张家口市,130700,地级市,阳原县,130727,县
河北|河北隆尧县,address,河北隆尧县,河北,ok,0,114.77661608164605,37.355908006295365,114.76413954794221,37.34952328990935,20.0,区县,0.0,100.0,,河北省,130000,邢台市,130500,地级市,隆尧县,130525,县
河北|河北青县,address,河北青县,河北,ok,0,116.81057477836235,38.588464758639795,116.79807668320613,38.58209355375033,20.0,区县,0.0,100.0,,河北省,130000,沧州市,130900,地级市,青县,130922,县
河北|河北静海县,address,河北静海县,河北,ok,0,116.98046860454797,38.95337068917225,116.96785432056873,38.94692072314807,20.0,区县,0.0,100.0,,天津市,120000,天津市,120000,直辖市,静海区,120118,市辖区
河北|河北饶阳县,address,河北饶阳县,河北,ok,0,115.73257160535455,38.24103752542849,115.72009678980754,38.234162394132554,20.0,区县,0.0,100.0,,河北省,130000,衡水市,131100,地级市,饶阳县,131124,县
河北|河北馆陶县,address,河北馆陶县,河北,ok,0,115.28853676634758,36.55395672865321,115.27600856999526,36.54798976521398,20.0,区县,0.0,100.0,,河北省,130000,邯郸市,130400,地级市,馆陶县,130433,县
河北|河北高邑县,address,河北高邑县,河北,ok,0,114.61841307285897,37.62187956155255,114.60616192994435,37.61546691995488,20.0,区县,0.0,100.0,,河北省,130000,石家庄市,130100,地级市,高邑县,130127,县
河北|河北高阳县,address,河北高阳县,河北,ok,0,115.78544721513012,38.70625773408686,115.77295636912037,38.69928130106316,20.0,区县,0.0,100.0,,河北省,130000,保定市,130600,地级市,高阳县,130628,县
河北|河北鸡泽县,address,河北鸡泽县,河北,ok,0,114.89658577063967,36.91639820641365,114.8843196358004,36.91051639721521,20.0,区县,0.0,100.0,,河北省,130000,邯郸市,130400,地级市,鸡泽县,130431,县
河北|河北任丘市,address,河北任丘市,河北,ok,0,116.09127820057975,38.69203213176629,116.07870159163002,38.684789010838664,20.0,区县,0.0,100.0,,河北省,130000,沧州市,130900,地级市,任丘市,130982,县级市
河北|河北保定大城县,address,河北保定大城县,河北,ok,0,116.66040917846469,38.71085864002598,116.64810609188993,38.70440294067521,20.0,区县,0.0,100.0,,河北省,130000,廊坊市,131000,地级市,大城县,131025,县
河北|河北保定安新县,address,河北保定安新县,河北,ok,0,115.94242628265987,38.94173429859305,115.93019984569524,38.934706262575276,20.0,区县,0.0,100.0,,河北省,130000,保定市,130600,地级市,安新县,130632,县
河北|河北保定定兴县,address,河北保定定兴县,河北,ok,0,115.81441011189118,39.26942352852659,115.80195393512426,39.26216162530903,20.0,区县,0.0,100.0,,河北省,130000,保定市,130600,地级市,定兴县,130626,县
河北|河北保定定州市,address,河北保定定州市,河北,ok,0,114.99649620776492,38.522198840134,114.9838145646421,38.51592093503039,20.0,区县,0.0,100.0,,河北省,130000,保定市,130600,地级市,定州市,130682,县级市
河北|河北保定文安县,address,河北保定文安县,河北,ok,0,116.46460947899904,38.878950493070235,116.45209049598512,38.87196537655535,20.0,区县,0.0,100.0,,河北省,130000,廊坊市,131000,地级市,文安县,131026,县
河北|河北保定新城县,address,河北保定新城县,河北,ok,0,108.96739103850439,34.272724469532555,108.95605965785116,34.26858988488347,20.0,区县,0.0,100.0,,陕西省,610000,西安市,610100,地级市,新城区,150102,市辖区
河北|河北保定清苑县,address,河北保定清苑县,河北,ok,0,115.49660588179071,38.77100177474947,115.48387782236217,38.76423572578371,20.0,区县,0.0,100.0,,河北省,130000,保定市,130600,地级市,清苑区,130608,市辖区
河北|河北保定满城县,address,河北保定满城县,河北,ok,0,115.32837508859573,38.95544120868623,115.31550588822827,38.948701437835155,20.0,区县,0.0,100.0,,河北省,130000,保定市,130600,地级市,满城区,130607,市辖区
河北|河北保定蠡县,address,河北保定蠡县,河北,ok,0,115.59044548044898,38.494200963237745,115.57806236660433,38.48763023265533,20.0,区县,0.0,100.0,,河北省,130000,保定市,130600,地级市,蠡县,130635,县
河北|河北保定高阳县,address,河北保定高阳县,河北,ok,0,115.78544721513012,38.70625773408686,115.77295636912037,38.69928130106316,20.0,区县,0.0,100.0,,河北省,130000,保定市,130600,地级市,高阳县,130628,县
河北|河北保定市安新县,address,河北保定市安新县,河北,ok,0,115.94242628265987,38.94173429859305,115.93019984569524,38.934706262575276,20.0,区县,0.0,100.0,,河北省,130000,保定市,130600,地级市,安新县,130632,县
河北|河北保定市完县,address,河北保定市完县,河北,ok,0,115.47146383768579,38.87998776845534,115.45862641090352,38.87312410496908,20.0,城市,0.0,100.0,,河北省,130000,保定市,130600,地级市,竞秀区,130602,市辖区
河北|河北保定市定兴县,address,河北保定市定兴县,河北,ok,0,115.81441011189118,39.26942352852659,115.80195393512426,39.26216162530903,20.0,区县,0.0,100.0,,河北省,130000,保定市,130600,地级市,定兴县,130626,县
河北|河北保定市文安县,address,河北保定市文安县,河北,ok,0,116.46460947899904,38.878950493070235,116.45209049598512,38.87196537655535,20.0,区县,0.0,100.0,,河北省,130000,廊坊市,131000,地级市,文安县,131026,县
河北|河北保定市易县,address,河北保定市易县,河北,ok,0,115.50360664612163,39.35505446998136,115.49086671095438,39.34798051133829,20.0,区县,0.0,100.0,,河北省,130000,保定市,130600,地级市,易县,130633,县
河北|河北保定市清苑县,address,河北保定市清苑县,河北,ok,0,115.49660588179071,38.77100177474947,115.48387782236217,38.76423572578371,20.0,区县,0.0,100.0,,河北省,130000,保定市,130600,地级市,清苑区,130608,市辖区
河北|河北保定市满城县,address,河北保定市满城县,河北,ok,0,115.32837508859573,38.95544120868623,115.31550588822827,38.948701437835155,20.0,区县,0.0,100.0,,河北省,130000,保定市,130600,地级市,满城区,130607,市辖区
河北|河北保定市蠡县,address,河北保定市蠡县,河北,ok,0,115.59044548044898,38.494200963237745,115.57806236660433,38.48763023265533,20.0,区县,0.0,100.0,,河北省,130000,保定市,130600,地级市,蠡县,130635,县
河北|河北保定市雄县,address,河北保定市雄县,河北,ok,0,116.1146014455186,39.00018011949929,116.1020089392454,38.99278473057216,20.0,区县,0.0,100.0,,河北省,130000,保定市,130600,地级市,雄县,130638,县
河北|河北内丘县,address,河北内丘县,河北,ok,0,114.51849293403419,37.292857912046905,114.50610392001593,37.28628993147033,20.0,区县,0.0,100.0,,河北省,130000,邢台市,130500,地级市,内丘县,130523,县
河北|河北北京,address,河北北京,河北,ok,0,116.4133836971231,39.910924547299565,116.40068129339933,39.90342228013419,20.0,城市,0.0,100.0,,北京市,110000,北京市,110000,直辖市,东城区,110101,市辖区
河北|河北南宫市,address,河北南宫市,河北,ok,0,115.41452905480229,37.36406940272302,115.40176992636205,37.35731697124235,20.0,区县,0.0,100.0,,河北省,130000,邢台市,130500,地级市,南宫市,130581,县级市
河北|河北大名大名县,address,河北大名大名县,河北,ok,0,115.1671924902626,36.30462759575428,115.15456830896476,36.298752590773304,25.0,乡镇,0.0,57.0,,河北省,130000,邯郸市,130400,地级市,大名县,130425,县
河北|河北天津青县,address,河北天津青县,河北,ok,0,116.81057477836235,38.588464758639795,116.79807668320613,38.58209355375033,20.0,区县,0.0,100.0,,河北省,130000,沧州市,130900,地级市,青县,130922,县
河北|河北天津静海县,address,河北天津静海县,河北,ok,0,116.98046860454797,38.95337068917225,116.96785432056873,38.94692072314807,20.0,区县,0.0,100.0,,天津市,120000,天津市,120000,直辖市,静海区,120118,市辖区
河北|河北廊坊香河县,address,河北廊坊香河县,河北,ok,0,117.01240210779996,39.76793918854631,116.99955876132326,39.76105411514719,20.0,区县,0.0,100.0,,河北省,130000,廊坊市,131000,地级市,香河县,131024,县
河北|河北廊坊市固安县,address,河北廊坊市固安县,河北,ok,0,116.30542004093144,39.44448485530404,116.29299449196172,39.43711263572524,20.0,区县,0.0,100.0,,河北省,130000,廊坊市,131000,地级市,固安县,131022,县
河北|河北廊坊市大城县,address,河北廊坊市大城县,河北,ok,0,116.66040917846469,38.71085864002598,116.64810609188993,38.70440294067521,20.0,区县,0.0,100.0,,河北省,130000,廊坊市,131000,地级市,大城县,131025,县
河北|河北张家口宣化县,address,河北张家口宣化县,河北,ok,0,115.10544440679553,40.614591888266105,115.09219703673472,40.60737184403493,20.0,区县,0.0,100.0,,河北省,130000,张家口市,130700,地级市,宣化区,130705,市辖区
河北|河北张家口张北县,address,河北张家口张北县,河北,ok,0,114.7263751121007,41.164943620014895,114.71344567229237,41.15740223280438,20.0,区县,0.0,100.0,,河北省,130000,张家口市,130700,地级市,张北县,130722,县
河北|河北张家口怀安县,address,河北张家口怀安县,河北,ok,0,114.39246911505609,40.68036934311551,114.37935164631503,40.67268092654564,20.0,区县,0.0,100.0,,河北省,130000,张家口市,130700,地级市,怀安县,130728,县
河北|河北张家口涿鹿县,address,河北张家口涿鹿县,河北,ok,0,115.21138346202879,40.385834075002876,115.19835820190292,40.37881504578363,20.0,区县,0.0,100.0,,河北省,130000,张家口市,130700,地级市,涿鹿县,130731,县
河北|河北张家口蔚县,address,河北张家口蔚县,河北,ok,0,114.59540055179599,39.84708863636645,114.58288773060467,39.84019498199388,20.0,区县,0.0,100.0,,河北省,130000,张家口市,130700,地级市,蔚县,130726,县
河北|河北张家口赤城县,address,河北张家口赤城县,河北,ok,0,115.83850589956863,40.918761216841006,115.82590100912192,40.91095948816388,20.0,区县,0.0,100.0,,河北省,130000,张家口市,130700,地级市,赤城县,130732,县
河北|河北张家口阳原县,address,河北张家口阳原县,河北,ok,0,114.15752413604322,40.10958838873102,114.14445660574685,40.10197203303237,20.0,区县,0.0,100.0,,河北省,130000,张家口市,130700,地级市,阳原县,130727,县
河北|河北张家口市万全县,address,河北张家口市万全县,河北,ok,0,114.74742582376042,40.77314964899669,114.73450068968636,40.76592462440795,20.0,区县,0.0,100.0,,河北省,130000,张家口市,130700,地级市,万全区,130708,市辖区
河北|河北张家口市怀安县,address,河北张家口市怀安县,河北,ok,0,114.39246911505609,40.68036934311551,114.37935164631503,40.67268092654564,20.0,区县,0.0,100.0,,河北省,130000,张家口市,130700,地级市,怀安县,130728,县
河北|河北张家口市涿鹿县,address,河北张家口市涿鹿县,河北,ok,0,115.21138346202879,40.385834075002876,115.19835820190292,40.37881504578363,20.0,区县,0.0,100.0,,河北省,130000,张家口市,130700,地级市,涿鹿县,130731,县
河北|河北张家口市蔚县,address,河北张家口市蔚县,河北,ok,0,114.59540055179599,39.84708863636645,114.58288773060467,39.84019498199388,20.0,区县,0.0,100.0,,河北省,130000,张家口市,130700,地级市,蔚县,130726,县
河北|河北张家口市赤城县,address,河北张家口市赤城县,河北,ok,0,115.83850589956863,40.918761216841006,115.82590100912192,40.91095948816388,20.0,区县,0.0,100.0,,河北省,130000,张家口市,130700,地级市,赤城县,130732,县
河北|河北张家口市阳原县,address,河北张家口市阳原县,河北,ok,0,114.15752413604322,40.10958838873102,114.14445660574685,40.10197203303237,20.0,区县,0.0,100.0,,河北省,130000,张家口市,130700,地级市,阳原县,130727,县
河北|河北沧州交河县,address,河北沧州交河县,河北,ok,0,116.84558075595014,38.310215141107044,116.83317497937182,38.303958612283594,20.0,城市,0.0,100.0,,河北省,130000,沧州市,130900,地级市,运河区,130903,市辖区
河北|河北沧州盐山县,address,河北沧州盐山县,河北,ok,0,117.23741362448348,38.06431839955863,117.2246832670511,38.057856282145245,20.0,区县,0.0,100.0,,河北省,130000,沧州市,130900,地级市,盐山县,130925,县
河北|河北沧州市,address,河北沧州市,河北,ok,0,116.84558075595014,38.310215141107044,116.83317497937182,38.303958612283594,20.0,城市,0.0,100.0,,河北省,130000,沧州市,130900,地级市,运河区,130903,市辖区
河北|河北沧州市河间县,address,河北沧州市河间县,河北,ok,0,116.10562809211834,38.45135651510629,116.09307690952785,38.44417388366583,20.0,区县,0.0,100.0,,河北省,130000,沧州市,130900,地级市,河间市,130984,县级市
河北|河北沧州市献县,address,河北沧州市献县,河北,ok,0,116.15848861036135,38.18675542332404,116.14605947164925,38.17964015876451,20.0,区县,0.0,100.0,,河北省,130000,沧州市,130900,地级市,献县,130929,县
河北|河北石家庄井陉县,address,河北石家庄井陉县,河北,ok,0,114.15146299927575,38.03838621492678,114.13863829302935,38.031277623990285,20.0,区县,0.0,100.0,,河北省,130000,石家庄市,130100,地级市,井陉县,130121,县
河北|河北石家庄元氏县,address,河北石家庄元氏县,河北,ok,0,114.53256551866185,37.7723385538555,114.52017046646037,37.765734126240076,20.0,区县,0.0,100.0,,河北省,130000,石家庄市,130100,地级市,元氏县,130132,县
河北|河北石家庄平山县,address,河北石家庄平山县,河北,ok,0,114.20233197420312,38.25366251987636,114.18961719907516,38.24670671670057,20.0,区县,0.0,100.0,,河北省,130000,石家庄市,130100,地级市,平山县,130131,县
河北|河北石家庄无极县,address,河北石家庄无极县,河北,ok,0,114.98243934348369,38.18543617027971,114.96986167181976,38.17920087502508,20.0,区县,0.0,100.0,,河北省,130000,石家庄市,130100,地级市,无极县,130130,县
河北|河北石家庄栾城县,address,河北石家庄栾城县,河北,ok,0,114.65457561879083,37.9058163641652,114.64221954889473,37.899414490120385,20.0,区县,0.0,100.0,,河北省,130000,石家庄市,130100,地级市,栾城区,130111,市辖区
河北|河北石家庄赞皇县,address,河北石家庄赞皇县,河北,ok,0,114.39246354556191,37.671667061291416,114.37975293934404,37.66465780856501,20.0,区县,0.0,100.0,,河北省,130000,石家庄市,130100,地级市,赞皇县,130129,县
河北|河北石家庄辛集市,address,河北石家庄辛集市,河北,ok,0,115.22445084279079,37.949309043172505,115.21177606219759,37.94285986487205,20.0,区县,0.0,100.0,,河北省,130000,石家庄市,130100,地级市,辛集市,130181,县级市
河北|河北石家庄市井陉县,address,河北石家庄市井陉县,河北,ok,0,114.15146299927575,38.03838621492678,114.13863829302935,38.031277623990285,20.0,区县,0.0,100.0,,河北省,130000,石家庄市,130100,地级市,井陉县,130121,县
河北|河北石家庄市平山县,address,河北石家庄市平山县,河北,ok,0,114.20233197420312,38.25366251987636,114.18961719907516,38.24670671670057,20.0,区县,0.0,100.0,,河北省,130000,石家庄市,130100,地级市,平山县,130131,县
河北|河北石家庄市灵寿县,address,河北石家庄市灵寿县,河北,ok,0,114.38947775770787,38.31462937004633,114.3766613754781,38.30770329600267,20.0,区县,0.0,100.0,,河北省,130000,石家庄市,130100,地级市,灵寿县,130126,县
河北|河北石家庄市赞皇县,address,河北石家庄市赞皇县,河北,ok,0,114.39246354556191,37.671667061291416,114.37975293934404,37.66465780856501,20.0,区县,0.0,100.0,,河北省,130000,石家庄市,130100,地级市,赞皇县,130129,县
河北|河北秦皇岛市临渝县,address,河北秦皇岛市临渝县,河北,ok,0,119.5259671942601,39.89472719832739,119.51350584999925,39.88747629803479,20.0,城市,0.0,100.0,,河北省,130000,秦皇岛市,130300,地级市,海港区,130302,市辖区
河北|河北衡水饶阳县,address,河北衡水饶阳县,河北,ok,0,115.73257160535455,38.24103752542849,115.72009678980754,38.234162394132554,20.0,区县,0.0,100.0,,河北省,130000,衡水市,131100,地级市,饶阳县,131124,县
河北|河北衡水市武强县,address,河北衡水市武强县,河北,ok,0,115.98961391177681,38.04685680523654,115.97737597352499,38.03986375487708,20.0,区县,0.0,100.0,,河北省,130000,衡水市,131100,地级市,武强县,131123,县
河北|河北衡水市深县,address,河北衡水市深县,河北,ok,0,115.6754061376161,37.745191408077424,115.66309050522786,37.73838093643033,20.0,城市,0.0,100.0,,河北省,130000,衡水市,131100,地级市,桃城区,131102,市辖区
河北|河北衡水市深州市,address,河北衡水市深州市,河北,ok,0,115.56636927583166,38.00694123492171,115.55401209555079,38.00033482926951,20.0,区县,0.0,100.0,,河北省,130000,衡水市,131100,地级市,深州市,131182,县级市
河北|河北衡水市,address,河北衡水市,河北,ok,0,115.6754061376161,37.745191408077424,115.66309050522786,37.73838093643033,20.0,城市,0.0,100.0,,河北省,130000,衡水市,131100,地级市,桃城区,131102,市辖区
河北|河北迁安市迁安县,address,河北迁安市迁安县,河北,ok,0,118.70645736056483,40.00418392493125,118.69385379313287,39.99716189942603,20.0,区县,0.0,100.0,,河北省,130000,唐山市,130200,地级市,迁安市,130283,县级市
河北|河北邢台临城县,address,河北邢台临城县,河北,ok,0,114.5054433397213,37.450788548442155,114.49299163357365,37.44410588854916,20.0,区县,0.0,100.0,,河北省,130000,邢台市,130500,地级市,临城县,130522,县
河北|河北邢台宁晋县,address,河北邢台宁晋县,河北,ok,0,114.94596948723685,37.63074152974115,114.93359778440802,37.62451481008051,20.0,区县,0.0,100.0,,河北省,130000,邢台市,130500,地级市,宁晋县,130528,县
河北|河北邢台巨鹿县,address,河北邢台巨鹿县,河北,ok,0,115.0435873588701,37.227088328938194,115.030910783541,37.220732645958456,20.0,区县,0.0,100.0,,河北省,130000,邢台市,130500,地级市,巨鹿县,130529,县
河北|河北邢台平乡县,address,河北邢台平乡县,河北,ok,0,115.03658174368942,37.0690963930439,115.02393889492309,37.06285692399351,20.0,区县,0.0,100.0,,河北省,130000,邢台市,130500,地级市,平乡县,130532,县
河北|河北邢台邢台县,address,河北邢台邢台县,河北,ok,0,114.51146225612979,37.07668595096609,114.49906040463821,37.07021586160957,20.0,城市,0.0,100.0,,河北省,130000,邢台市,130500,地级市,襄都区,130502,市辖区
河北|河北邢台隆尧,address,河北邢台隆尧,河北,ok,0,114.77661608164605,37.355908006295365,114.76413954794221,37.34952328990935,20.0,区县,0.0,100.0,,河北省,130000,邢台市,130500,地级市,隆尧县,130525,县
河北|河北邢台隆平县,address,河北邢台隆平县,河北,ok,0,114.51146225612979,37.07668595096609,114.49906040463821,37.07021586160957,20.0,城市,0.0,100.0,,河北省,130000,邢台市,130500,地级市,襄都区,130502,市辖区
河北|河北邢台市临城县,address,河北邢台市临城县,河北,ok,0,114.5054433397213,37.450788548442155,114.49299163357365,37.44410588854916,20.0,区县,0.0,100.0,,河北省,130000,邢台市,130500,地级市,临城县,130522,县
河北|河北邢台市任县,address,河北邢台市任县,河北,ok,0,114.51146225612979,37.07668595096609,114.49906040463821,37.07021586160957,20.0,城市,0.0,100.0,,河北省,130000,邢台市,130500,地级市,襄都区,130502,市辖区
河北|河北邢台市宁晋县,address,河北邢台市宁晋县,河北,ok,0,114.94596948723685,37.63074152974115,114.93359778440802,37.62451481008051,20.0,区县,0.0,100.0,,河北省,130000,邢台市,130500,地级市,宁晋县,130528,县
河北|河北邢台市邢台县,address,河北邢台市邢台县,河北,ok,0,114.51146225612979,37.07668595096609,114.49906040463821,37.07021586160957,20.0,城市,0.0,100.0,,河北省,130000,邢台市,130500,地级市,襄都区,130502,市辖区
河北|河北邢台市隆尧县,address,河北邢台市隆尧县,河北,ok,0,114.77661608164605,37.355908006295365,114.76413954794221,37.34952328990935,20.0,区县,0.0,100.0,,河北省,130000,邢台市,130500,地级市,隆尧县,130525,县
河北|河北邯郸丘县,address,河北邯郸丘县,河北,ok,0,114.5456282282352,36.631262731204046,114.53336998710513,36.62522052143481,20.0,城市,0.0,100.0,,河北省,130000,邯郸市,130400,地级市,丛台区,130403,市辖区
河北|河北邯郸邯郸县,address,河北邯郸邯郸县,河北,ok,0,114.53659630531568,38.04320164520046,114.52416893736276,38.03665553790391,20.0,省份,0.0,100.0,,河北省,130000,石家庄市,130100,地级市,长安区,130102,市辖区
河北|河北邯郸馆陶县,address,河北邯郸馆陶县,河北,ok,0,115.28853676634758,36.55395672865321,115.27600856999526,36.54798976521398,20.0,区县,0.0,100.0,,河北省,130000,邯郸市,130400,地级市,馆陶县,130433,县
河北|河北邯郸市东明县,address,河北邯郸市东明县,河北,ok,0,115.11402511085738,35.28172493679994,115.10146480996437,35.276290238416784,20.0,区县,0.0,100.0,,山东省,370000,菏泽市,371700,地级市,东明县,371728,县
河北|河北邯郸市临漳县,address,河北邯郸市临漳县,河北,ok,0,114.59217770111785,36.329381126857,114.5800372461301,36.3235953809044,20.0,区县,0.0,100.0,,河北省,130000,邯郸市,130400,地级市,临漳县,130423,县
河北|河北邯郸市大名县,address,河北邯郸市大名县,河北,ok,0,115.15461253007031,36.29128846623129,115.14196323515688,36.28540194318219,20.0,区县,0.0,100.0,,河北省,130000,邯郸市,130400,地级市,大名县,130425,县
河北|河北邯郸市涉县,address,河北邯郸市涉县,河北,ok,0,113.69758434882932,36.590691663211175,113.68477935204689,36.584402730499,20.0,区县,0.0,100.0,,河北省,130000,邯郸市,130400,地级市,涉县,130426,县
河北|河北邯郸市,address,河北邯郸市,河北,ok,0,114.5456282282352,36.631262731204046,114.53336998710513,36.62522052143481,20.0,城市,0.0,100.0,,河北省,130000,邯郸市,130400,地级市,丛台区,130403,市辖区
河北|河北邯郸市馆陶县,address,河北邯郸市馆陶县,河北,ok,0,115.28853676634758,36.55395672865321,115.27600856999526,36.54798976521398,20.0,区县,0.0,100.0,,河北省,130000,邯郸市,130400,地级市,馆陶县,130433,县
河南|河南上蔡县,address,河南上蔡县,河南,ok,0,114.27048686239792,33.268511215884224,114.25841233624122,33.263980708404375,20.0,区县,0.0,100.0,,河南省,410000,驻马店市,411700,地级市,上蔡县,411722,县
河南|河南中牟县,address,河南中牟县,河南,ok,0,113.98248490572702,34.72501084892361,113.97014568143912,34.71976982876521,20.0,区县,0.0,100.0,,河南省,410000,郑州市,410100,地级市,中牟县,410122,县
河南|河南临汝县,address,河南临汝县,河南,ok,0,113.75938408486323,34.771712921931496,113.74676296750759,34.76645747002241,20.0,省份,0.0,100.0,,河南省,410000,郑州市,410100,地级市,金水区,410105,市辖区
河南|河南临颍县,address,河南临颍县,河南,ok,0,113.93757834379157,33.83269194792997,113.92542882440797,33.82799177472975,20.0,区县,0.0,100.0,,河南省,410000,漯河市,411100,地级市,临颍县,411122,县
河南|河南伊阳县,address,河南伊阳县,河南,ok,0,113.75938408486323,34.771712921931496,113.74676296750759,34.76645747002241,20.0,省份,0.0,100.0,,河南省,410000,郑州市,410100,地级市,金水区,410105,市辖区
河南|河南修武县,address,河南修武县,河南,ok,0,113.45458192871418,35.22932348259429,113.44154738265942,35.223745844585636,20.0,区县,0.0,100.0,,河南省,410000,焦作市,410800,地级市,修武县,410821,县
河南|河南偃师,address,河南偃师,河南,ok,0,112.79642141885469,34.733796624012776,112.78368485078146,34.729134445082046,20.0,区县,0.0,100.0,,河南省,410000,洛阳市,410300,地级市,偃师市,410381,县级市
河南|河南偃师县,address,河南偃师县,河南,ok,0,113.75938408486323,34.771712921931496,113.74676296750759,34.76645747002241,20.0,省份,0.0,100.0,,河南省,410000,郑州市,410100,地级市,金水区,410105,市辖区
河南|河南兰考县,address,河南兰考县,河南,ok,0,114.82523551991535,34.8622109159391,114.81307475091843,34.85745199952281,20.0,区县,0.0,100.0,,河南省,410000,开封市,410200,地级市,兰考县,410225,县
河南|河南南阳市,address,河南南阳市,河南,ok,0,112.53450131351325,32.99656220465144,112.52214807379757,32.99259024239246,20.0,城市,0.0,100.0,,河南省,410000,南阳市,411300,地级市,卧龙区,411303,市辖区
河南|河南卢氏县,address,河南卢氏县,河南,ok,0,111.0545640061735,34.059924845298816,111.04207179520989,34.05558747475811,20.0,区县,0.0,100.0,,河南省,410000,三门峡市,411200,地级市,卢氏县,411224,县
河南|河南原阳县,address,河南原阳县,河南,ok,0,113.94662374129375,35.07116386446907,113.93433825212729,35.065644401229875,20.0,区县,0.0,100.0,,河南省,410000,新乡市,410700,地级市,原阳县,410725,县
河南|河南夏邑县,address,河南夏邑县,河南,ok,0,116.1375123682284,34.2435234723781,116.12545442444015,34.23835743888745,20.0,区县,0.0,100.0,,河南省,410000,商丘市,411400,地级市,夏邑县,411426,县
河南|河南孟县,address,河南孟县,河南,ok,0,101.62247338027404,34.740396071091155,101.6143173455783,34.73570159744225,20.0,区县,0.0,100.0,,青海省,630000,黄南藏族自治州,632300,自治州,河南蒙古族自治县,632324,自治县
河南|河南孟津县,address,河南孟津县,河南,ok,0,113.75938408486323,34.771712921931496,113.74676296750759,34.76645747002241,20.0,省份,0.0,100.0,,河南省,410000,郑州市,410100,地级市,金水区,410105,市辖区
河南|河南宁陵县,address,河南宁陵县,河南,ok,0,115.32041843737164,34.46663402766001,115.30806118579538,34.46197227448405,20.0,区县,0.0,100.0,,河南省,410000,商丘市,411400,地级市,宁陵县,411423,县
河南|河南安平县,address,河南安平县,河南,ok,0,115.5255492853222,38.24050692219121,115.51300889108514,38.23388771161917,20.0,区县,0.0,100.0,,河北省,130000,衡水市,131100,地级市,安平县,131125,县
河南|河南安阳,address,河南安阳,河南,ok,0,114.47673376511405,36.088623815857204,114.46430462947787,36.08251507870008,20.0,区县,0.0,100.0,,河南省,410000,安阳市,410500,地级市,安阳县,410522,县
河南|河南宜阳县,address,河南宜阳县,河南,ok,0,112.17946537426293,34.54104694255354,112.1668090275573,34.53588601224502,20.0,区县,0.0,100.0,,河南省,410000,洛阳市,410300,地级市,宜阳县,410327,县
河南|河南宝丰县,address,河南宝丰县,河南,ok,0,113.06144723583577,33.874745598630774,113.04850575827497,33.87040821904369,20.0,区县,0.0,100.0,,河南省,410000,平顶山市,410400,地级市,宝丰县,410421,县
河南|河南密县,address,河南密县,河南,ok,0,113.75938408486323,34.771712921931496,113.74676296750759,34.76645747002241,20.0,省份,0.0,100.0,,河南省,410000,郑州市,410100,地级市,金水区,410105,市辖区
河南|河南封丘县,address,河南封丘县,河南,ok,0,114.42560616803036,35.0468575316508,114.41317704932143,35.04127395505614,20.0,区县,0.0,100.0,,河南省,410000,新乡市,410700,地级市,封丘县,410727,县
河南|河南尉氏县,address,河南尉氏县,河南,ok,0,114.1995611508576,34.41722801035352,114.18724783616747,34.41215714349812,20.0,区县,0.0,100.0,,河南省,410000,开封市,410200,地级市,尉氏县,410223,县
河南|河南巩县,address,河南巩县,河南,ok,0,113.75938408486323,34.771712921931496,113.74676296750759,34.76645747002241,20.0,省份,0.0,100.0,,河南省,410000,郑州市,410100,地级市,金水区,410105,市辖区
河南|河南归德,address,河南归德,河南,ok,0,113.72651724218636,34.77975425097056,113.71388709856224,34.77453366767533,50.0,NoClass,0.0,100.0,,河南省,410000,郑州市,410100,地级市,金水区,410105,市辖区
河南|河南扶沟县,address,河南扶沟县,河南,ok,0,114.4015098413696,34.065906253969246,114.38916423579947,34.061014491766414,20.0,区县,0.0,100.0,,河南省,410000,周口市,411600,地级市,扶沟县,411621,县
河南|河南新安县,address,河南新安县,河南,ok,0,112.14060970841214,34.73438332734371,112.12785595774301,34.72897132431635,20.0,区县,0.0,100.0,,河南省,410000,洛阳市,410300,地级市,新安县,410323,县
河南|河南新郑县,address,河南新郑县,河南,ok,0,113.74643447195358,34.40176637910559,113.73383708961545,34.39681743686182,20.0,区县,0.0,100.0,,河南省,410000,郑州市,410100,地级市,新郑市,410184,县级市
河南|河南方城县,address,河南方城县,河南,ok,0,113.01850275279521,33.26053945583183,113.00577356710394,33.25657296569785,20.0,区县,0.0,100.0,,河南省,410000,南阳市,411300,地级市,方城县,411322,县
河南|河南林县,address,河南林县,河南,ok,0,101.62247338027404,34.740396071091155,101.6143173455783,34.73570159744225,20.0,区县,0.0,100.0,,青海省,630000,黄南藏族自治州,632300,自治州,河南蒙古族自治县,632324,自治县
河南|河南柘城县,address,河南柘城县,河南,ok,0,115.31243456749063,34.09736021241513,115.30014431222591,34.0928837698857,20.0,区县,0.0,100.0,,河南省,410000,商丘市,411400,地级市,柘城县,411424,县
河南|河南桐柏县,address,河南桐柏县,河南,ok,0,113.43447273105946,32.38513075495586,113.42166114591295,32.38119023971213,20.0,区县,0.0,100.0,,河南省,410000,南阳市,411300,地级市,桐柏县,411330,县
河南|河南正阳县,address,河南正阳县,河南,ok,0,114.39949655906064,32.6116410772727,114.38727773024958,32.607438543493025,20.0,区县,0.0,100.0,,河南省,410000,驻马店市,411700,地级市,正阳县,411724,县
河南|河南武陟县,address,河南武陟县,河南,ok,0,113.4083958204103,35.105838449216684,113.39529037616981,35.10039212822153,20.0,区县,0.0,100.0,,河南省,410000,焦作市,410800,地级市,武陟县,410823,县
河南|河南汜水,address,河南汜水,河南,ok,0,101.62247338027404,34.740396071091155,101.6143173455783,34.73570159744225,20.0,区县,0.0,100.0,,青海省,630000,黄南藏族自治州,632300,自治州,河南蒙古族自治县,632324,自治县
河南|河南汝南县,address,河南汝南县,河南,ok,0,114.36940889397054,33.01314088199241,114.35719783291525,33.00871812960807,20.0,区县,0.0,100.0,,河南省,410000,驻马店市,411700,地级市,汝南县,411727,县
河南|河南汝阳县,address,河南汝阳县,河南,ok,0,112.47950327730925,34.15984336489338,112.46685684890127,34.15514589774909,20.0,区县,0.0,100.0,,河南省,410000,洛阳市,410300,地级市,汝阳县,410326,县
河南|河南汲县,address,河南汲县,河南,ok,0,101.62247338027404,34.740396071091155,101.6143173455783,34.73570159744225,20.0,区县,0.0,100.0,,青海省,630000,黄南藏族自治州,632300,自治州,河南蒙古族自治县,632324,自治县
河南|河南沁阳县,address,河南沁阳县,河南,ok,0,112.95751688155336,35.09378573234604,112.9448102496646,35.08890965634147,20.0,区县,0.0,100.0,,河南省,410000,焦作市,410800,地级市,沁阳市,410882,县级市
河南|河南沈丘县,address,河南沈丘县,河南,ok,0,115.10545545595329,33.41569109405895,115.09309417690031,33.41143836884626,20.0,区县,0.0,100.0,,河南省,410000,周口市,411600,地级市,沈丘县,411624,县
河南|河南河内县,address,河南河内县,河南,ok,0,113.75938408486323,34.771712921931496,113.74676296750759,34.76645747002241,20.0,省份,0.0,100.0,,河南省,410000,郑州市,410100,地级市,金水区,410105,市辖区
河南|河南洛宁县,address,河南洛宁县,河南,ok,0,111.65958740952347,34.39498456021476,111.64712615946958,34.39028211822583,20.0,区县,0.0,100.0,,河南省,410000,洛阳市,410300,地级市,洛宁县,410328,县
河南|河南洛阳,address,河南洛阳,河南,ok,0,112.46033424620128,34.625954754227166,112.44758059172632,34.62092593989101,20.0,城市,0.0,100.0,,河南省,410000,洛阳市,410300,地级市,洛龙区,410311,市辖区
河南|河南浙川县,address,河南浙川县,河南,ok,0,111.49739592427208,33.14410552917881,111.48489532775935,33.13992105956105,50.0,NoClass,0.0,100.0,,河南省,410000,南阳市,411300,地级市,淅川县,411326,县
河南|河南淅川县,address,河南淅川县,河南,ok,0,111.49743203615358,33.14418526002652,111.48493156013376,33.14000080562078,20.0,区县,0.0,100.0,,河南省,410000,南阳市,411300,地级市,淅川县,411326,县
河南|河南淮阳县,address,河南淮阳县,河南,ok,0,113.75938408486323,34.771712921931496,113.74676296750759,34.76645747002241,20.0,省份,0.0,100.0,,河南省,410000,郑州市,410100,地级市,金水区,410105,市辖区
河南|河南渑池县,address,河南渑池县,河南,ok,0,111.76854234584539,34.77319704298588,111.75591347758943,34.76797637330903,20.0,区县,0.0,100.0,,河南省,410000,三门峡市,411200,地级市,渑池县,411221,县
河南|河南灵宝县,address,河南灵宝县,河南,ok,0,110.90040831286163,34.52314262416382,110.8883855089265,34.51889530073128,20.0,区县,0.0,100.0,,河南省,410000,三门峡市,411200,地级市,灵宝市,411282,县级市
河南|河南登封县,address,河南登封县,河南,ok,0,113.05642283345736,34.45969746171987,113.04340454182984,34.4551579767665,20.0,区县,0.0,100.0,,河南省,410000,郑州市,410100,地级市,登封市,410185,县级市
河南|河南确山县,address,河南确山县,河南,ok,0,114.0324950107563,32.80817569298386,114.020208796606,32.80376875290031,20.0,区县,0.0,100.0,,河南省,410000,驻马店市,411700,地级市,确山县,411725,县
河南|河南禹县,address,河南禹县,河南,ok,0,101.62247338027404,34.740396071091155,101.6143173455783,34.73570159744225,20.0,区县,0.0,100.0,,青海省,630000,黄南藏族自治州,632300,自治州,河南蒙古族自治县,632324,自治县
河南|河南获嘉县,address,河南获嘉县,河南,ok,0,113.66341666994346,35.2658092841611,113.65083768631749,35.2602354416901,20.0,区县,0.0,100.0,,河南省,410000,新乡市,410700,地级市,获嘉县,410724,县
河南|河南西华县,address,河南西华县,河南,ok,0,114.53559667094417,33.77321533492214,114.52362806955705,33.7688037520478,20.0,区县,0.0,100.0,,河南省,410000,周口市,411600,地级市,西华县,411622,县
河南|河南西平县,address,河南西平县,河南,ok,0,114.02747357278608,33.39386099752538,114.0151737587693,33.38909133476484,20.0,区县,0.0,100.0,,河南省,410000,驻马店市,411700,地级市,西平县,411721,县
河南|河南许昌县,address,河南许昌县,河南,ok,0,113.82947787567075,34.13052547643305,113.81709069023019,34.125715468773876,20.0,区县,0.0,100.0,,河南省,410000,许昌市,411000,地级市,建安区,411003,市辖区
河南|河南邓县,address,河南邓县,河南,ok,0,101.62247338027404,34.740396071091155,101.6143173455783,34.73570159744225,20.0,区县,0.0,100.0,,青海省,630000,黄南藏族自治州,632300,自治州,河南蒙古族自治县,632324,自治县
河南|河南郾城县,address,河南郾城县,河南,ok,0,114.0133938915449,33.59341588086467,114.0011136955784,33.58859298101662,20.0,区县,0.0,100.0,,河南省,410000,漯河市,411100,地级市,郾城区,411103,市辖区
河南|河南镇平县,address,河南镇平县,河南,ok,0,102.59673195759976,29.238375849540244,102.58887668665379,29.23559124272196,25.0,乡镇,0.0,57.0,,四川省,510000,雅安市,511800,地级市,汉源县,511823,县
河南|河南长垣县,address,河南长垣县,河南,ok,0,113.75938408486323,34.771712921931496,113.74676296750759,34.76645747002241,20.0,省份,0.0,100.0,,河南省,410000,郑州市,410100,地级市,金水区,410105,市辖区
河南|河南项城县,address,河南项城县,河南,ok,0,114.88151400079326,33.473007441429914,114.86961603841647,33.46907377355945,20.0,区县,0.0,100.0,,河南省,410000,周口市,411600,地级市,项城市,411681,县级市
河南|河南鲁山县,address,河南鲁山县,河南,ok,0,112.91443396963372,33.74487886345235,112.90195833050217,33.74089611343307,20.0,区县,0.0,100.0,,河南省,410000,平顶山市,410400,地级市,鲁山县,410423,县
河南|河南鹿邑县,address,河南鹿邑县,河南,ok,0,115.49058525860173,33.8671732903174,115.47839372146473,33.86257529274212,20.0,区县,0.0,100.0,,河南省,410000,周口市,411600,地级市,鹿邑县,411628,县
河南|河南三门峡卢氏县,address,河南三门峡卢氏县,河南,ok,0,111.0545640061735,34.059924845298816,111.04207179520989,34.05558747475811,20.0,区县,0.0,100.0,,河南省,410000,三门峡市,411200,地级市,卢氏县,411224,县
河南|河南三门峡渑池县,address,河南三门峡渑池县,河南,ok,0,111.76854234584539,34.77319704298588,111.75591347758943,34.76797637330903,20.0,区县,0.0,100.0,,河南省,410000,三门峡市,411200,地级市,渑池县,411221,县
河南|河南三门峡灵宝县,address,河南三门峡灵宝县,河南,ok,0,110.90040831286163,34.52314262416382,110.8883855089265,34.51889530073128,20.0,区县,0.0,100.0,,河南省,410000,三门峡市,411200,地级市,灵宝市,411282,县级市
河南|河南三门峡市,address,河南三门峡市,河南,ok,0,111.2065332238741,34.778327249459984,111.19394219371482,34.77358035278641,20.0,城市,0.0,100.0,,河南省,410000,三门峡市,411200,地级市,湖滨区,411202,市辖区
河南|河南三门峡市卢氏县,address,河南三门峡市卢氏县,河南,ok,0,111.0545640061735,34.059924845298816,111.04207179520989,34.05558747475811,20.0,区县,0.0,100.0,,河南省,410000,三门峡市,411200,地级市,卢氏县,411224,县
河南|河南三门峡市渑池县,address,河南三门峡市渑池县,河南,ok,0,111.76854234584539,34.77319704298588,111.75591347758943,34.76797637330903,20.0,区县,0.0,100.0,,河南省,410000,三门峡市,411200,地级市,渑池县,411221,县
河南|河南信阳息县,address,河南信阳息县,河南,ok,0,114.74745313224791,32.34895551171522,114.73545980429486,32.34532686167932,20.0,区县,0.0,100.0,,河南省,410000,信阳市,411500,地级市,息县,411528,县
河南|河南信阳潢川县,address,河南信阳潢川县,河南,ok,0,115.05847075405106,32.137530716413536,115.04627096693824,32.13384141190318,20.0,区县,0.0,100.0,,河南省,410000,信阳市,411500,地级市,潢川县,411526,县
河南|河南信阳市光山县,address,河南信阳市光山县,河南,ok,0,114.92553303688484,32.01590687956846,114.91375088123908,32.01250520651234,20.0,区县,0.0,100.0,,河南省,410000,信阳市,411500,地级市,光山县,411522,县
河南|河南信阳市商城县,address,河南信阳市商城县,河南,ok,0,115.41351334076217,31.804345366902695,115.40133380732243,31.800296723759256,20.0,区县,0.0,100.0,,河南省,410000,信阳市,411500,地级市,商城县,411524,县
河南|河南信阳市固始县,address,河南信阳市固始县,河南,ok,0,115.66048788818134,32.17417437962212,115.64873099422115,32.17024527013451,20.0,区县,0.0,100.0,,河南省,410000,信阳市,411500,地级市,固始县,411525,县
河南|河南信阳市息县,address,河南信阳市息县,河南,ok,0,114.74745313224791,32.34895551171522,114.73545980429486,32.34532686167932,20.0,区县,0.0,100.0,,河南省,410000,信阳市,411500,地级市,息县,411528,县
河南|河南信阳市潢川县,address,河南信阳市潢川县,河南,ok,0,115.05847075405106,32.137530716413536,115.04627096693824,32.13384141190318,20.0,区县,0.0,100.0,,河南省,410000,信阳市,411500,地级市,潢川县,411526,县
河南|河南信阳市罗山县,address,河南信阳市罗山县,河南,ok,0,114.51952993791492,32.20915045183822,114.50762867003623,32.205331375860474,20.0,区县,0.0,100.0,,河南省,410000,信阳市,411500,地级市,罗山县,411521,县
河南|河南南阳市浙川县,address,河南南阳市浙川县,河南,ok,0,111.49739592427208,33.14410552917881,111.48489532775935,33.13992105956105,50.0,NoClass,0.0,100.0,,河南省,410000,南阳市,411300,地级市,淅川县,411326,县
河南|河南南阳市邓县,address,河南南阳市邓县,河南,ok,0,112.53450131351325,32.99656220465144,112.52214807379757,32.99259024239246,20.0,城市,0.0,100.0,,河南省,410000,南阳市,411300,地级市,卧龙区,411303,市辖区
河南|河南周口太康县,address,河南周口太康县,河南,ok,0,114.84438388999658,34.07003838224778,114.83234583433263,34.065846096581375,20.0,区县,0.0,100.0,,河南省,410000,周口市,411600,地级市,太康县,411627,县
河南|河南周口扶沟县,address,河南周口扶沟县,河南,ok,0,114.4015098413696,34.065906253969246,114.38916423579947,34.061014491766414,20.0,区县,0.0,100.0,,河南省,410000,周口市,411600,地级市,扶沟县,411621,县
河南|河南周口鹿邑县,address,河南周口鹿邑县,河南,ok,0,115.49058525860173,33.8671732903174,115.47839372146473,33.86257529274212,20.0,区县,0.0,100.0,,河南省,410000,周口市,411600,地级市,鹿邑县,411628,县
河南|河南周口市商水县,address,河南周口市商水县,河南,ok,0,114.61841594743659,33.54887747535332,114.60658319261657,33.54472464739739,20.0,区县,0.0,100.0,,河南省,410000,周口市,411600,地级市,商水县,411623,县
河南|河南周口市太康县,address,河南周口市太康县,河南,ok,0,114.84438388999658,34.07003838224778,114.83234583433263,34.065846096581375,20.0,区县,0.0,100.0,,河南省,410000,周口市,411600,地级市,太康县,411627,县
河南|河南周口市扶沟县,address,河南周口市扶沟县,河南,ok,0,114.4015098413696,34.065906253969246,114.38916423579947,34.061014491766414,20.0,区县,0.0,100.0,,河南省,410000,周口市,411600,地级市,扶沟县,411621,县
河南|河南周口市淮阳县,address,河南周口市淮阳县,河南,ok,0,114.7079826661061,33.643083575264406,114.69595666728011,33.638838204078915,20.0,城市,0.0,100.0,,河南省,410000,周口市,411600,地级市,川汇区,411602,市辖区
河南|河南周口市西华县,address,河南周口市西华县,河南,ok,0,114.53559667094417,33.77321533492214,114.52362806955705,33.7688037520478,20.0,区县,0.0,100.0,,河南省,410000,周口市,411600,地级市,西华县,411622,县
河南|河南周口市项城县,address,河南周口市项城县,河南,ok,0,114.88151400079326,33.473007441429914,114.86961603841647,33.46907377355945,20.0,区县,0.0,100.0,,河南省,410000,周口市,411600,地级市,项城市,411681,县级市
河南|河南周口市鹿邑县,address,河南周口市鹿邑县,河南,ok,0,115.49058525860173,33.8671732903174,115.47839372146473,33.86257529274212,20.0,区县,0.0,100.0,,河南省,410000,周口市,411600,地级市,鹿邑县,411628,县
河南|河南商丘宁陵县,address,河南商丘宁陵县,河南,ok,0,115.32041843737164,34.46663402766001,115.30806118579538,34.46197227448405,20.0,区县,0.0,100.0,,河南省,410000,商丘市,411400,地级市,宁陵县,411423,县
河南|河南商丘市夏邑县,address,河南商丘市夏邑县,河南,ok,0,116.1375123682284,34.2435234723781,116.12545442444015,34.23835743888745,20.0,区县,0.0,100.0,,河南省,410000,商丘市,411400,地级市,夏邑县,411426,县
河南|河南商丘市宁陵县,address,河南商丘市宁陵县,河南,ok,0,115.32041843737164,34.46663402766001,115.30806118579538,34.46197227448405,20.0,区县,0.0,100.0,,河南省,410000,商丘市,411400,地级市,宁陵县,411423,县
河南|河南商丘市柘城县,address,河南商丘市柘城县,河南,ok,0,115.31243456749063,34.09736021241513,115.30014431222591,34.0928837698857,20.0,区县,0.0,100.0,,河南省,410000,商丘市,411400,地级市,柘城县,411424,县
河南|河南商丘市永城县,address,河南商丘市永城县,河南,ok,0,116.45556614759954,33.93480147585089,116.44357486812962,33.93000912699209,20.0,区县,0.0,100.0,,河南省,410000,商丘市,411400,地级市,永城市,411481,县级市
河南|河南商丘市睢县,address,河南商丘市睢县,河南,ok,0,115.0784108906088,34.451616965408846,115.0659266489646,34.44701234760108,20.0,区县,0.0,100.0,,河南省,410000,商丘市,411400,地级市,睢县,411422,县
河南|河南安阳林县,address,河南安阳林县,河南,ok,0,114.39950042177432,36.10594098401491,114.38694028814908,36.09965145863775,20.0,城市,0.0,100.0,,河南省,410000,安阳市,410500,地级市,文峰区,410502,市辖区
河南|河南安阳市,address,河南安阳市,河南,ok,0,114.39950042177432,36.10594098401491,114.38694028814908,36.09965145863775,20.0,城市,0.0,100.0,,河南省,410000,安阳市,410500,地级市,文峰区,410502,市辖区
河南|河南安阳市林县,address,河南安阳市林县,河南,ok,0,114.39950042177432,36.10594098401491,114.38694028814908,36.09965145863775,20.0,城市,0.0,100.0,,河南省,410000,安阳市,410500,地级市,文峰区,410502,市辖区
河南|河南安阳市滑县,address,河南安阳市滑县,河南,ok,0,114.52555316618987,35.58104540055751,114.51337694987336,35.57531849877139,20.0,区县,0.0,100.0,,河南省,410000,安阳市,410500,地级市,滑县,410526,县
河南|河南平顶山临汝县,address,河南平顶山临汝县,河南,ok,0,113.19952856052156,33.772050748691015,113.18669000807654,33.76777019628955,20.0,城市,0.0,100.0,,河南省,410000,平顶山市,410400,地级市,新华区,130105,市辖区
河南|河南平顶山宝丰县,address,河南平顶山宝丰县,河南,ok,0,113.06144723583577,33.874745598630774,113.04850575827497,33.87040821904369,20.0,区县,0.0,100.0,,河南省,410000,平顶山市,410400,地级市,宝丰县,410421,县
河南|河南平顶山汝阳县,address,河南平顶山汝阳县,河南,ok,0,112.47950327730925,34.15984336489338,112.46685684890127,34.15514589774909,20.0,区县,0.0,100.0,,河南省,410000,洛阳市,410300,地级市,汝阳县,410326,县
河南|河南平顶山市宝丰县,address,河南平顶山市宝丰县,河南,ok,0,113.06144723583577,33.874745598630774,113.04850575827497,33.87040821904369,20.0,区县,0.0,100.0,,河南省,410000,平顶山市,410400,地级市,宝丰县,410421,县
河南|河南平顶山市鲁山县,address,河南平顶山市鲁山县,河南,ok,0,112.91443396963372,33.74487886345235,112.90195833050217,33.74089611343307,20.0,区县,0.0,100.0,,河南省,410000,平顶山市,410400,地级市,鲁山县,410423,县
河南|河南开封开封县,address,河南开封开封县,河南,ok,0,114.4475325479012,34.76273957222411,114.43515283719617,34.75750925610494,20.0,区县,0.0,100.0,,河南省,410000,开封市,410200,地级市,祥符区,410212,市辖区
河南|河南开封杞县,address,河南开封杞县,河南,ok,0,114.7895921047377,34.55485678068698,114.77739345733093,34.55030577706679,20.0,区县,0.0,100.0,,河南省,410000,开封市,410200,地级市,杞县,410221,县
河南|河南开封市兰考县,address,河南开封市兰考县,河南,ok,0,114.82523551991535,34.8622109159391,114.81307475091843,34.85745199952281,20.0,区县,0.0,100.0,,河南省,410000,开封市,410200,地级市,兰考县,410225,县
河南|河南开封市尉氏县,address,河南开封市尉氏县,河南,ok,0,114.1995611508576,34.41722801035352,114.18724783616747,34.41215714349812,20.0,区县,0.0,100.0,,河南省,410000,开封市,410200,地级市,尉氏县,410223,县
河南|河南开封市开封县,address,河南开封市开封县,河南,ok,0,114.4475325479012,34.76273957222411,114.43515283719617,34.75750925610494,20.0,区县,0.0,100.0,,河南省,410000,开封市,410200,地级市,祥符区,410212,市辖区
河南|河南开封市,address,河南开封市,河南,ok,0,114.32076511162192,34.80401391129182,114.30845665126323,34.7987016505835,20.0,城市,0.0,100.0,,河南省,410000,开封市,410200,地级市,龙亭区,410202,市辖区
河南|河南开封市杞县,address,河南开封市杞县,河南,ok,0,114.7895921047377,34.55485678068698,114.77739345733093,34.55030577706679,20.0,区县,0.0,100.0,,河南省,410000,开封市,410200,地级市,杞县,410221,县
河南|河南开封市通许县,address,河南开封市通许县,河南,ok,0,114.47343590592583,34.48677180265463,114.46114855124492,34.48185785703126,20.0,区县,0.0,100.0,,河南省,410000,开封市,410200,地级市,通许县,410222,县
河南|河南新乡原阳县,address,河南新乡原阳县,河南,ok,0,113.94662374129375,35.07116386446907,113.93433825212729,35.065644401229875,20.0,区县,0.0,100.0,,河南省,410000,新乡市,410700,地级市,原阳县,410725,县
河南|河南新乡汲县,address,河南新乡汲县,河南,ok,0,113.93360046733228,35.3096399303368,113.92131367830383,35.303896625722246,20.0,城市,0.0,100.0,,河南省,410000,新乡市,410700,地级市,红旗区,410702,市辖区
河南|河南新乡辉县,address,河南新乡辉县,河南,ok,0,113.81157302990697,35.467957818375645,113.79902031642935,35.46201737304462,20.0,区县,0.0,100.0,,河南省,410000,新乡市,410700,地级市,辉县市,410782,县级市
河南|河南新乡市卫辉市,address,河南新乡市卫辉市,河南,ok,0,114.07160094452217,35.40406888214502,114.0590127577535,35.3979052482083,20.0,区县,0.0,100.0,,河南省,410000,新乡市,410700,地级市,卫辉市,410781,县级市
河南|河南新乡市原阳县,address,河南新乡市原阳县,河南,ok,0,113.94662374129375,35.07116386446907,113.93433825212729,35.065644401229875,20.0,区县,0.0,100.0,,河南省,410000,新乡市,410700,地级市,原阳县,410725,县
河南|河南新乡市封丘县,address,河南新乡市封丘县,河南,ok,0,114.42560616803036,35.0468575316508,114.41317704932143,35.04127395505614,20.0,区县,0.0,100.0,,河南省,410000,新乡市,410700,地级市,封丘县,410727,县
河南|河南新乡市延津县,address,河南新乡市延津县,河南,ok,0,114.2115117582096,35.14780651050911,114.19918129921112,35.142072888226075,20.0,区县,0.0,100.0,,河南省,410000,新乡市,410700,地级市,延津县,410726,县
河南|河南新乡市汲县,address,河南新乡市汲县,河南,ok,0,113.93360046733228,35.3096399303368,113.92131367830383,35.303896625722246,20.0,城市,0.0,100.0,,河南省,410000,新乡市,410700,地级市,红旗区,410702,市辖区
河南|河南新乡市辉县,address,河南新乡市辉县,河南,ok,0,113.81157302990697,35.467957818375645,113.79902031642935,35.46201737304462,20.0,区县,0.0,100.0,,河南省,410000,新乡市,410700,地级市,辉县市,410782,县级市
河南|河南新乡市长垣县,address,河南新乡市长垣县,河南,ok,0,113.93360046733228,35.3096399303368,113.92131367830383,35.303896625722246,20.0,城市,0.0,100.0,,河南省,410000,新乡市,410700,地级市,红旗区,410702,市辖区
河南|河南洛阳嵩县,address,河南洛阳嵩县,河南,ok,0,112.09240816186609,34.14072155640602,112.07968952276927,34.13563839046948,20.0,区县,0.0,100.0,,河南省,410000,洛阳市,410300,地级市,嵩县,410325,县
河南|河南洛阳巩县,address,河南洛阳巩县,河南,ok,0,112.46033424620128,34.625954754227166,112.44758059172632,34.62092593989101,20.0,城市,0.0,100.0,,河南省,410000,洛阳市,410300,地级市,洛龙区,410311,市辖区
河南|河南洛阳汝阳县,address,河南洛阳汝阳县,河南,ok,0,112.47950327730925,34.15984336489338,112.46685684890127,34.15514589774909,20.0,区县,0.0,100.0,,河南省,410000,洛阳市,410300,地级市,汝阳县,410326,县
河南|河南洛阳洛宁县,address,河南洛阳洛宁县,河南,ok,0,111.65958740952347,34.39498456021476,111.64712615946958,34.39028211822583,20.0,区县,0.0,100.0,,河南省,410000,洛阳市,410300,地级市,洛宁县,410328,县
河南|河南洛阳市偃师县,address,河南洛阳市偃师县,河南,ok,0,112.46033424620128,34.625954754227166,112.44758059172632,34.62092593989101,20.0,城市,0.0,100.0,,河南省,410000,洛阳市,410300,地级市,洛龙区,410311,市辖区
河南|河南洛阳市宜阳县,address,河南洛阳市宜阳县,河南,ok,0,112.17946537426293,34.54104694255354,112.1668090275573,34.53588601224502,20.0,区县,0.0,100.0,,河南省,410000,洛阳市,410300,地级市,宜阳县,410327,县
河南|河南洛阳市嵩县,address,河南洛阳市嵩县,河南,ok,0,112.09240816186609,34.14072155640602,112.07968952276927,34.13563839046948,20.0,区县,0.0,100.0,,河南省,410000,洛阳市,410300,地级市,嵩县,410325,县
河南|河南洛阳市汝阳县,address,河南洛阳市汝阳县,河南,ok,0,112.47950327730925,34.15984336489338,112.46685684890127,34.15514589774909,20.0,区县,0.0,100.0,,河南省,410000,洛阳市,410300,地级市,汝阳县,410326,县
河南|河南洛阳市洛宁县,address,河南洛阳市洛宁县,河南,ok,0,111.65958740952347,34.39498456021476,111.64712615946958,34.39028211822583,20.0,区县,0.0,100.0,,河南省,410000,洛阳市,410300,地级市,洛宁县,410328,县
河南|河南洛阳市,address,河南洛阳市,河南,ok,0,112.46033424620128,34.625954754227166,112.44758059172632,34.62092593989101,20.0,城市,0.0,100.0,,河南省,410000,洛阳市,410300,地级市,洛龙区,410311,市辖区
河南|河南漯河市临颍县,address,河南漯河市临颍县,河南,ok,0,113.93757834379157,33.83269194792997,113.92542882440797,33.82799177472975,20.0,区县,0.0,100.0,,河南省,410000,漯河市,411100,地级市,临颍县,411122,县
河南|河南濮阳清丰县,address,河南濮阳清丰县,河南,ok,0,115.11047186341266,35.89130816827738,115.09783512610831,35.88549954917469,20.0,区县,0.0,100.0,,河南省,410000,濮阳市,410900,地级市,清丰县,410922,县
河南|河南濮阳濮阳市,address,河南濮阳濮阳市,河南,ok,0,115.03558408559006,35.717888889374784,115.02310832751091,35.7122621356372,20.0,区县,0.0,100.0,,河南省,410000,濮阳市,410900,地级市,濮阳县,410928,县
河南|河南濮阳市南乐县,address,河南濮阳市南乐县,河南,ok,0,115.21138615694532,36.076030832875425,115.19889674316079,36.07026946886827,20.0,区县,0.0,100.0,,河南省,410000,濮阳市,410900,地级市,南乐县,410923,县
河南|河南濮阳市清丰县,address,河南濮阳市清丰县,河南,ok,0,115.11047186341266,35.89130816827738,115.09783512610831,35.88549954917469,20.0,区县,0.0,100.0,,河南省,410000,濮阳市,410900,地级市,清丰县,410922,县
河南|河南濮阳市濮阳县,address,河南濮阳市濮阳县,河南,ok,0,115.03558408559006,35.717888889374784,115.02310832751091,35.7122621356372,20.0,区县,0.0,100.0,,河南省,410000,濮阳市,410900,地级市,濮阳县,410928,县
河南|河南濮阳市,address,河南濮阳市,河南,ok,0,115.03559747034215,35.76759302890629,115.02311419787114,35.76194518554627,20.0,城市,0.0,100.0,,河南省,410000,濮阳市,410900,地级市,华龙区,410902,市辖区
河南|河南濮阳市范县,address,河南濮阳市范县,河南,ok,0,115.51058621044251,35.85765508771859,115.49827151479147,35.85171449118744,20.0,区县,0.0,100.0,,河南省,410000,濮阳市,410900,地级市,范县,410926,县
河南|河南焦作市孟县,address,河南焦作市孟县,河南,ok,0,113.24854783457334,35.22096325403899,113.23561857520389,35.21572559357508,20.0,城市,0.0,100.0,,河南省,410000,焦作市,410800,地级市,解放区,410802,市辖区
河南|河南焦作市武陟县,address,河南焦作市武陟县,河南,ok,0,113.4083958204103,35.105838449216684,113.39529037616981,35.10039212822153,20.0,区县,0.0,100.0,,河南省,410000,焦作市,410800,地级市,武陟县,410823,县
河南|河南焦作市温县,address,河南焦作市温县,河南,ok,0,113.08656906806671,34.94613549224693,113.07345156198522,34.941102062927236,20.0,区县,0.0,100.0,,河南省,410000,焦作市,410800,地级市,温县,410825,县
河南|河南荥阳县,address,河南荥阳县,河南,ok,0,113.38942279956461,34.79381050034602,113.37633636380457,34.788727475709464,20.0,区县,0.0,100.0,,河南省,410000,郑州市,410100,地级市,荥阳市,410182,县级市
河南|河南许昌禹县,address,河南许昌禹县,河南,ok,0,113.85847553685502,34.04143161161871,113.84619173194905,34.036683429421416,20.0,城市,0.0,100.0,,河南省,410000,许昌市,411000,地级市,魏都区,411002,市辖区
河南|河南许昌鄢县,address,河南许昌鄢县,河南,ok,0,113.85847553685502,34.04143161161871,113.84619173194905,34.036683429421416,20.0,城市,0.0,100.0,,河南省,410000,许昌市,411000,地级市,魏都区,411002,市辖区
河南|河南许昌鄢陵县,address,河南许昌鄢陵县,河南,ok,0,114.18463769125088,34.108881697659704,114.17232633880779,34.103904677576786,20.0,区县,0.0,100.0,,河南省,410000,许昌市,411000,地级市,鄢陵县,411024,县
河南|河南许昌长葛县,address,河南许昌长葛县,河南,ok,0,113.82065759352936,34.201538754321476,113.80823211261911,34.196694567735946,20.0,区县,0.0,100.0,,河南省,410000,许昌市,411000,地级市,长葛市,411082,县级市
河南|河南许昌市禹县,address,河南许昌市禹县,河南,ok,0,113.85847553685502,34.04143161161871,113.84619173194905,34.036683429421416,20.0,城市,0.0,100.0,,河南省,410000,许昌市,411000,地级市,魏都区,411002,市辖区
河南|河南许昌市襄城县,address,河南许昌市襄城县,河南,ok,0,113.51342013114277,33.85791182158849,113.50075364491191,33.85339397129392,20.0,区县,0.0,100.0,,河南省,410000,许昌市,411000,地级市,襄城县,411025,县
河南|河南许昌市许昌县,address,河南许昌市许昌县,河南,ok,0,113.82947787567075,34.13052547643305,113.81709069023019,34.125715468773876,20.0,区县,0.0,100.0,,河南省,410000,许昌市,411000,地级市,建安区,411003,市辖区
河南|河南许昌市鄢陵县,address,河南许昌市鄢陵县,河南,ok,0,114.18463769125088,34.108881697659704,114.17232633880779,34.103904677576786,20.0,区县,0.0,100.0,,河南省,410000,许昌市,411000,地级市,鄢陵县,411024,县
河南|河南郑州密县,address,河南郑州密县,河南,ok,0,113.63141920733915,34.75343885045448,113.61889908350157,34.748486659196146,20.0,城市,0.0,100.0,,河南省,410000,郑州市,410100,地级市,中原区,410102,市辖区
河南|河南郑州登封县,address,河南郑州登封县,河南,ok,0,113.05642283345736,34.45969746171987,113.04340454182984,34.4551579767665,20.0,区县,0.0,100.0,,河南省,410000,郑州市,410100,地级市,登封市,410185,县级市
河南|河南郑州市中牟县,address,河南郑州市中牟县,河南,ok,0,113.98248490572702,34.72501084892361,113.97014568143912,34.71976982876521,20.0,区县,0.0,100.0,,河南省,410000,郑州市,410100,地级市,中牟县,410122,县
河南|河南郑州市巩县,address,河南郑州市巩县,河南,ok,0,113.63141920733915,34.75343885045448,113.61889908350157,34.748486659196146,20.0,城市,0.0,100.0,,河南省,410000,郑州市,410100,地级市,中原区,410102,市辖区
河南|河南郑州市新郑县,address,河南郑州市新郑县,河南,ok,0,113.74643447195358,34.40176637910559,113.73383708961545,34.39681743686182,20.0,区县,0.0,100.0,,河南省,410000,郑州市,410100,地级市,新郑市,410184,县级市
河南|河南郑州市登封县,address,河南郑州市登封县,河南,ok,0,113.05642283345736,34.45969746171987,113.04340454182984,34.4551579767665,20.0,区县,0.0,100.0,,河南省,410000,郑州市,410100,地级市,登封市,410185,县级市
河南|河南郑州市荥阳县,address,河南郑州市荥阳县,河南,ok,0,113.38942279956461,34.79381050034602,113.37633636380457,34.788727475709464,20.0,区县,0.0,100.0,,河南省,410000,郑州市,410100,地级市,荥阳市,410182,县级市
河南|河南郑州市,address,河南郑州市,河南,ok,0,113.63155727689603,34.75260967766173,113.61903713105221,34.7476580132733,100.0,,1.0,100.0,,河南省,410000,郑州市,410100,地级市,中原区,410102,市辖区
河南|河南鄢城县,address,河南鄢城县,河南,ok,0,113.75938408486323,34.771712921931496,113.74676296750759,34.76645747002241,20.0,省份,0.0,100.0,,河南省,410000,郑州市,410100,地级市,金水区,410105,市辖区
河南|河南鄢陵县,address,河南鄢陵县,河南,ok,0,114.18463769125088,34.108881697659704,114.17232633880779,34.103904677576786,20.0,区县,0.0,100.0,,河南省,410000,许昌市,411000,地级市,鄢陵县,411024,县
河南|河南驻马店上蔡县,address,河南驻马店上蔡县,河南,ok,0,114.27048686239792,33.268511215884224,114.25841233624122,33.263980708404375,20.0,区县,0.0,100.0,,河南省,410000,驻马店市,411700,地级市,上蔡县,411722,县
河南|河南驻马店新蔡县,address,河南驻马店新蔡县,河南,ok,0,114.97184912999602,32.75131512419268,114.95988117796912,32.74778231783216,20.0,区县,0.0,100.0,,河南省,410000,驻马店市,411700,地级市,新蔡县,411729,县
河南|河南驻马店正阳县,address,河南驻马店正阳县,河南,ok,0,114.39949655906064,32.6116410772727,114.38727773024958,32.607438543493025,20.0,区县,0.0,100.0,,河南省,410000,驻马店市,411700,地级市,正阳县,411724,县
河南|河南驻马店汝阳县,address,河南驻马店汝阳县,河南,ok,0,112.47950327730925,34.15984336489338,112.46685684890127,34.15514589774909,20.0,区县,0.0,100.0,,河南省,410000,洛阳市,410300,地级市,汝阳县,410326,县
河南|河南驻马店确山县,address,河南驻马店确山县,河南,ok,0,114.0324950107563,32.80817569298386,114.020208796606,32.80376875290031,20.0,区县,0.0,100.0,,河南省,410000,驻马店市,411700,地级市,确山县,411725,县
河南|河南驻马店市上蔡县,address,河南驻马店市上蔡县,河南,ok,0,114.27048686239792,33.268511215884224,114.25841233624122,33.263980708404375,20.0,区县,0.0,100.0,,河南省,410000,驻马店市,411700,地级市,上蔡县,411722,县
河南|河南驻马店市新蔡县,address,河南驻马店市新蔡县,河南,ok,0,114.97184912999602,32.75131512419268,114.95988117796912,32.74778231783216,20.0,区县,0.0,100.0,,河南省,410000,驻马店市,411700,地级市,新蔡县,411729,县
河南|河南驻马店市正阳县,address,河南驻马店市正阳县,河南,ok,0,114.39949655906064,32.6116410772727,114.38727773024958,32.607438543493025,20.0,区县,0.0,100.0,,河南省,410000,驻马店市,411700,地级市,正阳县,411724,县
河南|河南驻马店市汝南县,address,河南驻马店市汝南县,河南,ok,0,114.36940889397054,33.01314088199241,114.35719783291525,33.00871812960807,20.0,区县,0.0,100.0,,河南省,410000,驻马店市,411700,地级市,汝南县,411727,县
河南|河南驻马店市泌阳县,address,河南驻马店市泌阳县,河南,ok,0,113.33355798837405,32.729730650434554,113.32077209532164,32.72587671519299,20.0,区县,0.0,100.0,,河南省,410000,驻马店市,411700,地级市,泌阳县,411726,县
河南|河南驻马店市确山县,address,河南驻马店市确山县,河南,ok,0,114.0324950107563,32.80817569298386,114.020208796606,32.80376875290031,20.0,区县,0.0,100.0,,河南省,410000,驻马店市,411700,地级市,确山县,411725,县
河南|河南驻马店市西平县,address,河南驻马店市西平县,河南,ok,0,114.02747357278608,33.39386099752538,114.0151737587693,33.38909133476484,20.0,区县,0.0,100.0,,河南省,410000,驻马店市,411700,地级市,西平县,411721,县
河南|河南鹤壁市浚县,address,河南鹤壁市浚县,河南,ok,0,114.55760785085516,35.68191730591282,114.54551523703256,35.676248745446536,20.0,区县,0.0,100.0,,河南省,410000,鹤壁市,410600,地级市,浚县,410621,县
河南|河南鹤壁市淇县,address,河南鹤壁市淇县,河南,ok,0,114.21548972449943,35.62727702033594,114.20312837932255,35.62115061458862,20.0,区县,0.0,100.0,,河南省,410000,鹤壁市,410600,地级市,淇县,410622,县
浙江|浙江吴兴县,address,浙江吴兴县,浙江,ok,0,120.19160466020135,30.86295545498643,120.18051922633622,30.858829595296704,20.0,区县,0.0,100.0,,浙江省,330000,湖州市,330500,地级市,吴兴区,330502,市辖区
浙江|浙江建德县,address,浙江建德县,浙江,ok,0,119.28739807500521,29.48115402696838,119.27581135505581,29.47794431214063,20.0,区县,0.0,100.0,,浙江省,330000,杭州市,330100,地级市,建德市,330182,县级市
浙江|浙江桐乡县,address,浙江桐乡县,浙江,ok,0,120.57154315530762,30.63631118771037,120.5608536474098,30.632898167244246,20.0,区县,0.0,100.0,,浙江省,330000,嘉兴市,330400,地级市,桐乡市,330483,县级市
浙江|浙江湖州市,address,浙江湖州市,浙江,ok,0,120.09451660915789,30.898963937294184,120.08322881748141,30.894660165363238,20.0,城市,0.0,100.0,,浙江省,330000,湖州市,330500,地级市,吴兴区,330502,市辖区
浙江|浙江长兴县,address,浙江长兴县,浙江,ok,0,119.91749832197264,31.0325793268347,119.9064765629502,31.02856862749582,20.0,区县,0.0,100.0,,浙江省,330000,湖州市,330500,地级市,长兴县,330522,县
浙江|浙江嘉兴嘉兴市,address,浙江嘉兴嘉兴市,浙江,ok,0,120.76355182586005,30.750974830920143,120.7526523109261,30.747533855075527,20.0,城市,0.0,100.0,,浙江省,330000,嘉兴市,330400,地级市,南湖区,330402,市辖区
浙江|浙江嘉兴桐乡县,address,浙江嘉兴桐乡县,浙江,ok,0,120.57154315530762,30.63631118771037,120.5608536474098,30.632898167244246,20.0,区县,0.0,100.0,,浙江省,330000,嘉兴市,330400,地级市,桐乡市,330483,县级市
浙江|浙江杭州杭州市,address,浙江杭州杭州市,浙江,ok,0,120.21551180372168,30.25308298169347,120.20453101698386,30.249219762965502,20.0,城市,0.0,100.0,,浙江省,330000,杭州市,330100,地级市,江干区,330104,市辖区
浙江|浙江杭州市临安县,address,浙江杭州市临安县,浙江,ok,0,119.73151737122271,30.239805598053564,119.72016887728991,30.23604428113331,20.0,区县,0.0,100.0,,浙江省,330000,杭州市,330100,地级市,临安区,330112,市辖区
浙江|浙江湖州归安,address,浙江湖州归安,浙江,ok,0,120.09451660915789,30.898963937294184,120.08322881748141,30.894660165363238,20.0,城市,0.0,100.0,,浙江省,330000,湖州市,330500,地级市,吴兴区,330502,市辖区
浙江|浙江湖州湖州市,address,浙江湖州湖州市,浙江,ok,0,120.09451660915789,30.898963937294184,120.08322881748141,30.894660165363238,20.0,城市,0.0,100.0,,浙江省,330000,湖州市,330500,地级市,吴兴区,330502,市辖区
湖北|湖北保康县,address,湖北保康县,湖北,ok,0,111.26744121202825,31.883847150262206,111.25516424202178,31.880187461575346,20.0,区县,0.0,100.0,,湖北省,420000,襄阳市,420600,地级市,保康县,420626,县
湖北|湖北光化县,address,湖北光化县,湖北,ok,0,111.69036793765342,32.39891194689274,111.67803166346582,32.39498098162227,25.0,乡镇,0.0,100.0,,湖北省,420000,襄阳市,420600,地级市,老河口市,420682,县级市
湖北|湖北公安县,address,湖北公安县,湖北,ok,0,112.23650157583852,30.064400686806085,112.22437138167133,30.060712600338718,20.0,区县,0.0,100.0,,湖北省,420000,荆州市,421000,地级市,公安县,421022,县
湖北|湖北南漳县,address,湖北南漳县,湖北,ok,0,111.84538618391599,31.78112970677853,111.83321492858134,31.777038953776746,20.0,区县,0.0,100.0,,湖北省,420000,襄阳市,420600,地级市,南漳县,420624,县
湖北|湖北宜都县,address,湖北宜都县,湖北,ok,0,111.456515837124,30.38440427431352,111.44412451336554,30.3808802761141,20.0,区县,0.0,100.0,,湖北省,420000,宜昌市,420500,地级市,宜都市,420581,县级市
湖北|湖北宣城县,address,湖北宣城县,湖北,ok,0,114.34844073658718,30.551600064658352,114.33646715233071,30.54779024269279,20.0,省份,0.0,100.0,,湖北省,420000,武汉市,420100,地级市,武昌区,420106,市辖区
湖北|湖北归州,address,湖北归州,湖北,ok,0,110.72328627139,30.9858816019618,110.71158745302186,30.982424245922356,25.0,乡镇,0.0,100.0,,湖北省,420000,宜昌市,420500,地级市,秭归县,420527,县
湖北|湖北枝江县,address,湖北枝江县,湖北,ok,0,111.766539753372,30.431730676997983,111.75430663831112,30.4280324588705,20.0,区县,0.0,100.0,,湖北省,420000,宜昌市,420500,地级市,枝江市,420583,县级市
湖北|湖北枣阳县,address,湖北枣阳县,湖北,ok,0,112.77847075950989,32.13472991431875,112.76599002103339,32.13113770654082,20.0,区县,0.0,100.0,,湖北省,420000,襄阳市,420600,地级市,枣阳市,420683,县级市
湖北|湖北武汉市,address,湖北武汉市,湖北,ok,0,114.31158155473231,30.598466736400987,114.29967148483536,30.594674977433115,20.0,城市,0.0,100.0,,湖北省,420000,武汉市,420100,地级市,江岸区,420102,市辖区
湖北|湖北竹溪县,address,湖北竹溪县,湖北,ok,0,109.72154249888798,32.32412004885334,109.71007828779472,32.32014966204753,20.0,区县,0.0,100.0,,湖北省,420000,十堰市,420300,地级市,竹溪县,420324,县
湖北|湖北红安县,address,湖北红安县,湖北,ok,0,114.62442561129834,31.294296714037316,114.61278645347703,31.290698608716188,20.0,区县,0.0,100.0,,湖北省,420000,黄冈市,421100,地级市,红安县,421122,县
湖北|湖北罗田县,address,湖北罗田县,湖北,ok,0,115.40554716749966,30.7889104956853,115.3934348056662,30.785187706213797,20.0,区县,0.0,100.0,,湖北省,420000,黄冈市,421100,地级市,罗田县,421123,县
湖北|湖北老河口市,address,湖北老河口市,湖北,ok,0,111.6815563690755,32.39245958527059,111.66923915668899,32.38855351642533,20.0,区县,0.0,100.0,,湖北省,420000,襄阳市,420600,地级市,老河口市,420682,县级市
湖北|湖北谷城县,address,湖北谷城县,湖北,ok,0,111.65957564172129,32.268983068947186,111.64731918924488,32.26513656982826,20.0,区县,0.0,100.0,,湖北省,420000,襄阳市,420600,地级市,谷城县,420625,县
湖北|湖北黄冈县,address,湖北黄冈县,湖北,ok,0,114.87849048410779,30.4593588576181,114.86682430459682,30.456335979856956,20.0,城市,0.0,100.0,,湖北省,420000,黄冈市,421100,地级市,黄州区,421102,市辖区
湖北|湖北丹江口市,address,湖北丹江口市,湖北,ok,0,111.5195320584795,32.54625268850125,111.5071374515288,32.54243788911818,20.0,区县,0.0,100.0,,湖北省,420000,十堰市,420300,地级市,丹江口市,420381,县级市
湖北|湖北孝感汉川县,address,湖北孝感汉川县,湖北,ok,0,113.845549010397,30.666913578820797,113.83351964713823,30.663165848030996,20.0,区县,0.0,100.0,,湖北省,420000,孝感市,420900,地级市,汉川市,420984,县级市
湖北|湖北宜昌市兴山县,address,湖北宜昌市兴山县,湖北,ok,0,110.75344607041252,31.35446351771565,110.74168095154327,31.35083396130226,20.0,区县,0.0,100.0,,湖北省,420000,宜昌市,420500,地级市,兴山县,420526,县
湖北|湖北宜昌市秭归县,address,湖北宜昌市秭归县,湖北,ok,0,110.98444937467816,30.83193164321606,110.97254465547705,30.8287247091469,20.0,区县,0.0,100.0,,湖北省,420000,宜昌市,420500,地级市,秭归县,420527,县
湖北|湖北武汉汉阳,address,湖北武汉汉阳,湖北,ok,0,114.22544555463595,30.56005202744345,114.21354163702352,30.556242317737834,20.0,区县,0.0,100.0,,湖北省,420000,武汉市,420100,地级市,汉阳区,420105,市辖区
湖北|湖北武汉市京山县,address,湖北武汉市京山县,湖北,ok,0,113.12654806495773,31.02433060119255,113.11383992017582,31.020727079635236,20.0,区县,0.0,100.0,,湖北省,420000,荆门市,420800,地级市,京山市,420882,县级市
湖北|湖北武汉市崇阳县,address,湖北武汉市崇阳县,湖北,ok,0,114.04656290943393,29.561333782271227,114.03456042523622,29.557498997174537,20.0,区县,0.0,100.0,,湖北省,420000,咸宁市,421200,地级市,崇阳县,421223,县
湖北|湖北武汉市汉川县,address,湖北武汉市汉川县,湖北,ok,0,113.845549010397,30.666913578820797,113.83351964713823,30.663165848030996,20.0,区县,0.0,100.0,,湖北省,420000,孝感市,420900,地级市,汉川市,420984,县级市
湖北|湖北武汉市汉阳县,address,湖北武汉市汉阳县,湖北,ok,0,114.22544555463595,30.56005202744345,114.21354163702352,30.556242317737834,20.0,区县,0.0,100.0,,湖北省,420000,武汉市,420100,地级市,汉阳区,420105,市辖区
湖北|湖北石首石首市,address,湖北石首石首市,湖北,ok,0,112.41359611493958,29.706349427385994,112.40128672719732,29.70266561915846,70.0,汽车服务,1.0,100.0,,湖北省,420000,荆州市,421000,地级市,石首市,421081,县级市
湖北|湖北老河口光化,address,湖北老河口光化,湖北,ok,0,111.69036793765342,32.39891194689274,111.67803166346582,32.39498098162227,25.0,乡镇,0.0,100.0,,湖北省,420000,襄阳市,420600,地级市,老河口市,420682,县级市
湖北|湖北荆州市松滋县,address,湖北荆州市松滋县,湖北,ok,0,111.773580312637,30.17534223514285,111.7613831669095,30.171673744577312,20.0,区县,0.0,100.0,,湖北省,420000,荆州市,421000,地级市,松滋市,421087,县级市
湖北|湖北襄樊市襄樊,address,湖北襄樊市襄樊,湖北,ok,0,114.34844073658718,30.551600064658352,114.33646715233071,30.54779024269279,20.0,省份,0.0,100.0,,湖北省,420000,武汉市,420100,地级市,武昌区,420106,市辖区
湖北|湖北襄樊市,address,湖北襄樊市,湖北,ok,0,114.34844073658718,30.551600064658352,114.33646715233071,30.54779024269279,20.0,省份,0.0,100.0,,湖北省,420000,武汉市,420100,地级市,武昌区,420106,市辖区
湖北|湖北襄阳市宜城县,address,湖北襄阳市宜城县,湖北,ok,0,112.2646114416873,31.725469730972,112.25236199542576,31.721311422827306,20.0,区县,0.0,100.0,,湖北省,420000,襄阳市,420600,地级市,宜城市,420684,县级市
湖北|湖北襄阳市枣阳县,address,湖北襄阳市枣阳县,湖北,ok,0,112.77847075950989,32.13472991431875,112.76599002103339,32.13113770654082,20.0,区县,0.0,100.0,,湖北省,420000,襄阳市,420600,地级市,枣阳市,420683,县级市
湖北|湖北鄂州鄂州市,address,湖北鄂州鄂州市,湖北,ok,0,114.90160738827099,30.39657217331699,114.88996211499628,30.3935895173265,20.0,城市,0.0,57.0,,湖北省,420000,鄂州市,420700,地级市,鄂城区,420704,市辖区
湖北|湖北鄂州市,address,湖北鄂州市,湖北,ok,0,114.90160738827099,30.39657217331699,114.88996211499628,30.3935895173265,20.0,城市,0.0,100.0,,湖北省,420000,鄂州市,420700,地级市,鄂城区,420704,市辖区
湖北|湖北麻城市,address,湖北麻城市,湖北,ok,0,115.01656174777186,31.176995837411464,115.00460284476036,31.173457275526054,20.0,区县,0.0,100.0,,湖北省,420000,黄冈市,421100,地级市,麻城市,421181,县级市
湖北|湖北黄冈市广济县,address,湖北黄冈市广济县,湖北,ok,0,114.87849048410779,30.4593588576181,114.86682430459682,30.456335979856956,20.0,城市,0.0,100.0,,湖北省,420000,黄冈市,421100,地级市,黄州区,421102,市辖区
湖北|湖北黄冈市罗田县,address,湖北黄冈市罗田县,湖北,ok,0,115.40554716749966,30.7889104956853,115.3934348056662,30.785187706213797,20.0,区县,0.0,100.0,,湖北省,420000,黄冈市,421100,地级市,罗田县,421123,县
湖北|湖北黄冈市英山县,address,湖北黄冈市英山县,湖北,ok,0,115.6874216026259,30.74135008408465,115.6757405553434,30.737614973092924,20.0,区县,0.0,100.0,,湖北省,420000,黄冈市,421100,地级市,英山县,421124,县
湖北|湖北黄冈市麻城市,address,湖北黄冈市麻城市,湖北,ok,0,115.01656174777186,31.176995837411464,115.00460284476036,31.173457275526054,20.0,区县,0.0,100.0,,湖北省,420000,黄冈市,421100,地级市,麻城市,421181,县级市
湖南|湖南华容县,address,湖南华容县,湖南,ok,0,112.54746151216173,29.536286434381537,112.53546946359238,29.533091282695906,20.0,区县,0.0,100.0,,湖南省,430000,岳阳市,430600,地级市,华容县,430623,县
湖南|湖南安乡县,address,湖南安乡县,湖南,ok,0,112.17750615580171,29.417320432220166,112.16535018367688,29.413643389604236,20.0,区县,0.0,100.0,,湖南省,430000,常德市,430700,地级市,安乡县,430721,县
湖南|湖南慈利县,address,湖南慈利县,湖南,ok,0,111.14547125235251,29.43598672596915,111.13332644325395,29.432848139014496,20.0,区县,0.0,100.0,,湖南省,430000,张家界市,430800,地级市,慈利县,430821,县
湖南|湖南沅陵县,address,湖南沅陵县,湖南,ok,0,110.40043076601941,28.45901810262646,110.38894028809257,28.456074283313484,20.0,区县,0.0,100.0,,湖南省,430000,怀化市,431200,地级市,沅陵县,431222,县
湖南|湖南溆浦县,address,湖南溆浦县,湖南,ok,0,110.60155112895423,27.913963373885736,110.59039382257141,27.911591572939585,20.0,区县,0.0,100.0,,湖南省,430000,怀化市,431200,地级市,溆浦县,431224,县
湖南|湖南黔阳县,address,湖南黔阳县,湖南,ok,0,112.98960254334654,28.118269998009367,112.97743892757529,28.11600332127841,20.0,省份,0.0,100.0,,湖南省,430000,长沙市,430100,地级市,天心区,430103,市辖区
甘肃|甘肃,address,甘肃,甘肃,ok,0,103.83318221998086,36.06645500642709,103.82435223357125,36.06050068486506,100.0,,1.0,100.0,,甘肃省,620000,兰州市,620100,地级市,城关区,540102,市辖区
甘肃|甘肃两当县,address,甘肃两当县,甘肃,ok,0,106.31141946598899,33.91512283517304,106.30086403057584,33.910468810854645,20.0,区县,0.0,100.0,,甘肃省,620000,陇南市,621200,地级市,两当县,621228,县
甘肃|甘肃临夏县,address,甘肃临夏县,甘肃,ok,0,103.24954917760394,35.60989877268906,103.24075608901317,35.60451340189859,20.0,区县,0.0,100.0,,甘肃省,620000,临夏回族自治州,622900,自治州,临夏市,622901,县级市
甘肃|甘肃兰州市,address,甘肃兰州市,甘肃,ok,0,103.84052119633628,36.067234693545565,103.83170789216219,36.06129029436198,20.0,城市,0.0,100.0,,甘肃省,620000,兰州市,620100,地级市,城关区,540102,市辖区
甘肃|甘肃古浪县,address,甘肃古浪县,甘肃,ok,0,102.90362978165219,37.47580190660082,102.89522564994539,37.46983211060481,20.0,区县,0.0,100.0,,甘肃省,620000,武威市,620600,地级市,古浪县,620622,县
甘肃|甘肃合水县,address,甘肃合水县,甘肃,ok,0,108.02644718800366,35.825262216399665,108.0151462993352,35.819085095892625,20.0,区县,0.0,100.0,,甘肃省,620000,庆阳市,621000,地级市,合水县,621024,县
甘肃|甘肃和政县,address,甘肃和政县,甘肃,ok,0,103.35752370329226,35.43058990416631,103.34852789552662,35.42510514676189,20.0,区县,0.0,100.0,,甘肃省,620000,临夏回族自治州,622900,自治州,和政县,622925,县
甘肃|甘肃平凉县,address,甘肃平凉县,甘肃,ok,0,103.83247812812213,36.06546488736762,103.82364663574732,36.05950983308573,20.0,省份,0.0,100.0,,甘肃省,620000,兰州市,620100,地级市,城关区,540102,市辖区
甘肃|甘肃庄浪县,address,甘肃庄浪县,甘肃,ok,0,106.04258582178167,35.20819212580443,106.03198951324644,35.20243892397332,20.0,区县,0.0,100.0,,甘肃省,620000,平凉市,620800,地级市,庄浪县,620825,县
甘肃|甘肃庆阳县,address,甘肃庆阳县,甘肃,ok,0,103.83247812812213,36.06546488736762,103.82364663574732,36.05950983308573,20.0,省份,0.0,100.0,,甘肃省,620000,兰州市,620100,地级市,城关区,540102,市辖区
甘肃|甘肃永昌县,address,甘肃永昌县,甘肃,ok,0,101.97946358316133,38.252940956889034,101.97120074193518,38.24634683526773,20.0,区县,0.0,100.0,,甘肃省,620000,金昌市,620300,地级市,永昌县,620321,县
甘肃|甘肃泾川县,address,甘肃泾川县,甘肃,ok,0,107.37451813363634,35.33866859782093,107.36295940828144,35.33315132357213,20.0,区县,0.0,100.0,,甘肃省,620000,平凉市,620800,地级市,泾川县,620821,县
甘肃|甘肃清水县,address,甘肃清水县,甘肃,ok,0,106.14359506620673,34.753882906362854,106.13291406265704,34.748583181881756,20.0,区县,0.0,100.0,,甘肃省,620000,天水市,620500,地级市,清水县,620521,县
甘肃|甘肃通渭县,address,甘肃通渭县,甘肃,ok,0,105.24840362210966,35.217216821266426,105.2382351547734,35.21211592504904,20.0,区县,0.0,100.0,,甘肃省,620000,定西市,621100,地级市,通渭县,621121,县
甘肃|甘肃镇原县,address,甘肃镇原县,甘肃,ok,0,107.20757586986487,35.68323058631626,107.19618017187283,35.677727417419085,20.0,区县,0.0,100.0,,甘肃省,620000,庆阳市,621000,地级市,镇原县,621027,县
甘肃|甘肃陇西县,address,甘肃陇西县,甘肃,ok,0,104.64138059069448,35.01019716231762,104.63217676634781,35.00538630267723,20.0,区县,0.0,100.0,,甘肃省,620000,定西市,621100,地级市,陇西县,621122,县
甘肃|甘肃靖远县,address,甘肃靖远县,甘肃,ok,0,104.682515077963,36.577096288836835,104.67305944985243,36.57137903817618,20.0,区县,0.0,100.0,,甘肃省,620000,白银市,620400,地级市,靖远县,620421,县
甘肃|甘肃临夏临夏县,address,甘肃临夏临夏县,甘肃,ok,0,103.24954917760394,35.60989877268906,103.24075608901317,35.60451340189859,20.0,区县,0.0,100.0,,甘肃省,620000,临夏回族自治州,622900,自治州,临夏市,622901,县级市
甘肃|甘肃临夏回族自治州临夏县,address,甘肃临夏回族自治州临夏县,甘肃,ok,0,103.24954917760394,35.60989877268906,103.24075608901317,35.60451340189859,20.0,区县,0.0,100.0,,甘肃省,620000,临夏回族自治州,622900,自治州,临夏市,622901,县级市
甘肃|甘肃临夏州临夏县,address,甘肃临夏州临夏县,甘肃,ok,0,103.24954917760394,35.60989877268906,103.24075608901317,35.60451340189859,20.0,区县,0.0,100.0,,甘肃省,620000,临夏回族自治州,622900,自治州,临夏市,622901,县级市
甘肃|甘肃天水清水县,address,甘肃天水清水县,甘肃,ok,0,106.14359506620673,34.753882906362854,106.13291406265704,34.748583181881756,20.0,区县,0.0,100.0,,甘肃省,620000,天水市,620500,地级市,清水县,620521,县
甘肃|甘肃天水市,address,甘肃天水市,甘肃,ok,0,105.73141674566955,34.58741188165064,105.7210286779004,34.58251760078682,20.0,城市,0.0,100.0,,甘肃省,620000,天水市,620500,地级市,秦州区,620502,市辖区
甘肃|甘肃天水市武山县,address,甘肃天水市武山县,甘肃,ok,0,104.89742838308665,34.72766910163516,104.88790653307689,34.72334017257779,20.0,区县,0.0,100.0,,甘肃省,620000,天水市,620500,地级市,武山县,620524,县
甘肃|甘肃天水市甘谷县,address,甘肃天水市甘谷县,甘肃,ok,0,105.34247534291173,34.738300137397694,105.33210410616812,34.733520929179335,20.0,区县,0.0,100.0,,甘肃省,620000,天水市,620500,地级市,甘谷县,620523,县
甘肃|甘肃定西临洮县,address,甘肃定西临洮县,甘肃,ok,0,103.8656010776999,35.400587040257776,103.85689329064968,35.39498180372016,20.0,区县,0.0,100.0,,甘肃省,620000,定西市,621100,地级市,临洮县,621124,县
甘肃|甘肃定西市临洮县,address,甘肃定西市临洮县,甘肃,ok,0,103.8656010776999,35.400587040257776,103.85689329064968,35.39498180372016,20.0,区县,0.0,100.0,,甘肃省,620000,定西市,621100,地级市,临洮县,621124,县
甘肃|甘肃定西市渭源,address,甘肃定西市渭源,甘肃,ok,0,104.22158401061884,35.1423919580207,104.21256945662262,35.13689315213968,20.0,区县,0.0,100.0,,甘肃省,620000,定西市,621100,地级市,渭源县,621123,县
甘肃|甘肃定西市通渭县,address,甘肃定西市通渭县,甘肃,ok,0,105.24840362210966,35.217216821266426,105.2382351547734,35.21211592504904,20.0,区县,0.0,100.0,,甘肃省,620000,定西市,621100,地级市,通渭县,621121,县
甘肃|甘肃定西市陇西县,address,甘肃定西市陇西县,甘肃,ok,0,104.64138059069448,35.01019716231762,104.63217676634781,35.00538630267723,20.0,区县,0.0,100.0,,甘肃省,620000,定西市,621100,地级市,陇西县,621122,县
甘肃|甘肃平凉灵台县,address,甘肃平凉灵台县,甘肃,ok,0,107.62746120252491,35.07158181695951,107.6163495607415,35.066415872021835,20.0,区县,0.0,100.0,,甘肃省,620000,平凉市,620800,地级市,灵台县,620822,县
甘肃|甘肃平凉市崇信县,address,甘肃平凉市崇信县,甘肃,ok,0,107.04141513188709,35.308615839828015,107.03008191223851,35.303383832501176,20.0,区县,0.0,100.0,,甘肃省,620000,平凉市,620800,地级市,崇信县,620823,县
甘肃|甘肃平凉市,address,甘肃平凉市,甘肃,ok,0,106.67144234827796,35.549232050463516,106.66068551809612,35.54386288343085,20.0,城市,0.0,100.0,,甘肃省,620000,平凉市,620800,地级市,崆峒区,620802,市辖区
甘肃|甘肃平凉市灵台县,address,甘肃平凉市灵台县,甘肃,ok,0,107.62746120252491,35.07158181695951,107.6163495607415,35.066415872021835,20.0,区县,0.0,100.0,,甘肃省,620000,平凉市,620800,地级市,灵台县,620822,县
甘肃|甘肃平凉市静宁县,address,甘肃平凉市静宁县,甘肃,ok,0,105.73841580322,35.52825718913639,105.72799177109208,35.52244915182126,20.0,区县,0.0,100.0,,甘肃省,620000,平凉市,620800,地级市,静宁县,620826,县
甘肃|甘肃庆阳庆阳县,address,甘肃庆阳庆阳县,甘肃,ok,0,107.6493856959542,35.71521598356201,107.6382053180818,35.709477955030216,20.0,城市,0.0,100.0,,甘肃省,620000,庆阳市,621000,地级市,西峰区,621002,市辖区
甘肃|甘肃庆阳正宁县,address,甘肃庆阳正宁县,甘肃,ok,0,108.36637461671222,35.49821878089757,108.35501714102361,35.49229714445149,20.0,区县,0.0,100.0,,甘肃省,620000,庆阳市,621000,地级市,正宁县,621025,县
甘肃|甘肃庆阳市合水县,address,甘肃庆阳市合水县,甘肃,ok,0,108.02644718800366,35.825262216399665,108.0151462993352,35.819085095892625,20.0,区县,0.0,100.0,,甘肃省,620000,庆阳市,621000,地级市,合水县,621024,县
甘肃|甘肃庆阳市庆阳县,address,甘肃庆阳市庆阳县,甘肃,ok,0,107.6493856959542,35.71521598356201,107.6382053180818,35.709477955030216,20.0,城市,0.0,100.0,,甘肃省,620000,庆阳市,621000,地级市,西峰区,621002,市辖区
甘肃|甘肃庆阳市正宁县,address,甘肃庆阳市正宁县,甘肃,ok,0,108.36637461671222,35.49821878089757,108.35501714102361,35.49229714445149,20.0,区县,0.0,100.0,,甘肃省,620000,庆阳市,621000,地级市,正宁县,621025,县
甘肃|甘肃庆阳市镇原县,address,甘肃庆阳市镇原县,甘肃,ok,0,107.20757586986487,35.68323058631626,107.19618017187283,35.677727417419085,20.0,区县,0.0,100.0,,甘肃省,620000,庆阳市,621000,地级市,镇原县,621027,县
甘肃|甘肃文县,address,甘肃文县,甘肃,ok,0,104.68955842197508,32.94960128076792,104.68029833257948,32.9459241344556,20.0,区县,0.0,100.0,,甘肃省,620000,陇南市,621200,地级市,文县,621222,县
甘肃|甘肃白银庄浪县,address,甘肃白银庄浪县,甘肃,ok,0,106.04258582178167,35.20819212580443,106.03198951324644,35.20243892397332,20.0,区县,0.0,100.0,,甘肃省,620000,平凉市,620800,地级市,庄浪县,620825,县
甘肃|甘肃白银市庄浪县,address,甘肃白银市庄浪县,甘肃,ok,0,106.04258582178167,35.20819212580443,106.03198951324644,35.20243892397332,20.0,区县,0.0,100.0,,甘肃省,620000,平凉市,620800,地级市,庄浪县,620825,县
甘肃|甘肃白银市靖远县,address,甘肃白银市靖远县,甘肃,ok,0,104.682515077963,36.577096288836835,104.67305944985243,36.57137903817618,20.0,区县,0.0,100.0,,甘肃省,620000,白银市,620400,地级市,靖远县,620421,县
甘肃|甘肃秦州,address,甘肃秦州,甘肃,ok,0,105.73041549434814,34.587315743120705,105.72002875312616,34.58242324822169,20.0,区县,0.0,100.0,,甘肃省,620000,天水市,620500,地级市,秦州区,620502,市辖区
甘肃|甘肃酒泉市肃州区,address,甘肃酒泉市肃州区,甘肃,ok,0,98.51432185303162,39.75124550996345,98.50724433547985,39.74447452553214,20.0,区县,0.0,100.0,,甘肃省,620000,酒泉市,620900,地级市,肃州区,620902,市辖区
甘肃|甘肃酒泉市,address,甘肃酒泉市,甘肃,ok,0,98.50068521606795,39.73846908071564,98.49356640189843,39.73164619365902,20.0,城市,0.0,100.0,,甘肃省,620000,酒泉市,620900,地级市,肃州区,620902,市辖区
甘肃|甘肃陇南两当县,address,甘肃陇南两当县,甘肃,ok,0,106.31141946598899,33.91512283517304,106.30086403057584,33.910468810854645,20.0,区县,0.0,100.0,,甘肃省,620000,陇南市,621200,地级市,两当县,621228,县
甘肃|甘肃陇南文县,address,甘肃陇南文县,甘肃,ok,0,104.68955842197508,32.94960128076792,104.68029833257948,32.9459241344556,20.0,区县,0.0,100.0,,甘肃省,620000,陇南市,621200,地级市,文县,621222,县
甘肃|甘肃陇南市徽县,address,甘肃陇南市徽县,甘肃,ok,0,106.0944178700463,33.77519418708969,106.08381338403649,33.7703239597072,20.0,区县,0.0,100.0,,甘肃省,620000,陇南市,621200,地级市,徽县,621227,县
甘肃|甘肃陇南市武都县,address,甘肃陇南市武都县,甘肃,ok,0,104.9325933607497,33.39807218808857,104.92312231985319,33.394338335445916,20.0,区县,0.0,100.0,,甘肃省,620000,陇南市,621200,地级市,武都区,621202,市辖区
贵州|贵州天柱县,address,贵州天柱县,贵州,ok,0,109.21444570160986,26.915804084011683,109.20337329602877,26.91348030153764,20.0,区县,0.0,100.0,,贵州省,520000,黔东南苗族侗族自治州,522600,自治州,天柱县,522627,县
贵州|贵州桐梓县,address,贵州桐梓县,贵州,ok,0,106.83248902060909,28.139468384162452,106.82204583691454,28.1372536043444,20.0,区县,0.0,100.0,,贵州省,520000,遵义市,520300,地级市,桐梓县,520322,县
贵州|贵州沿河县,address,贵州沿河县,贵州,ok,0,108.5104775397904,28.570101680094822,108.49973810644349,28.567449579886055,20.0,区县,0.0,100.0,,贵州省,520000,铜仁市,520600,地级市,沿河土家族自治县,520627,自治县
贵州|贵州织金县,address,贵州织金县,贵州,ok,0,105.77758954702198,26.669221885658793,105.76764807462172,26.666502707138594,20.0,区县,0.0,100.0,,贵州省,520000,毕节市,520500,地级市,织金县,520524,县
贵州|贵州荔波县,address,贵州荔波县,贵州,ok,0,107.89340938687485,25.41709756627289,107.88304514056513,25.413883146454307,20.0,区县,0.0,100.0,,贵州省,520000,黔南布依族苗族自治州,522700,自治州,荔波县,522722,县
贵州|贵州遵义市,address,贵州遵义市,贵州,ok,0,107.03792295677086,27.728325334416603,107.02716210019848,27.72591646700346,20.0,城市,0.0,100.0,,贵州省,520000,遵义市,520300,地级市,红花岗区,520302,市辖区
辽宁|辽宁,address,辽宁,辽宁,ok,0,123.43559785683209,41.84146525120185,123.4229365182395,41.833118850011374,20.0,省份,0.0,100.0,,辽宁省,210000,沈阳市,210100,地级市,皇姑区,210105,市辖区
辽宁|辽宁辽东,address,辽宁辽东,辽宁,ok,0,123.43559785683209,41.84146525120185,123.4229365182395,41.833118850011374,20.0,省份,0.0,100.0,,辽宁省,210000,沈阳市,210100,地级市,皇姑区,210105,市辖区
辽宁|辽宁辽阳辽阳市,address,辽宁辽阳辽阳市,辽宁,ok,0,123.24336640651318,41.27416129045421,123.23105350642021,41.26636939069964,20.0,城市,0.0,100.0,,辽宁省,210000,辽阳市,211000,地级市,文圣区,211003,市辖区
辽宁|辽宁辽阳市,address,辽宁辽阳市,辽宁,ok,0,123.24336640651318,41.27416129045421,123.23105350642021,41.26636939069964,20.0,城市,0.0,100.0,,辽宁省,210000,辽阳市,211000,地级市,文圣区,211003,市辖区
陕西|陕西,address,陕西,陕西,ok,0,108.96039314875111,34.27580800602361,108.94908566034172,34.271687345799364,20.0,省份,0.0,100.0,,陕西省,610000,西安市,610100,地级市,新城区,150102,市辖区
陕西|陕西临潼县,address,陕西临潼县,陕西,ok,0,109.22043579557668,34.372747432848406,109.20878478903401,34.36835894628721,20.0,区县,0.0,100.0,,陕西省,610000,西安市,610100,地级市,临潼区,610115,市辖区
陕西|陕西兴平县,address,陕西兴平县,陕西,ok,0,108.49639400876816,34.30547652029205,108.48520171566294,34.300860739474395,20.0,区县,0.0,100.0,,陕西省,610000,咸阳市,610400,地级市,兴平市,610481,县级市
陕西|陕西南郑县,address,陕西南郑县,陕西,ok,0,106.94243318333695,33.00561459973419,106.93165840011649,33.00209225993767,20.0,区县,0.0,100.0,,陕西省,610000,汉中市,610700,地级市,南郑区,610703,市辖区
陕西|陕西周至县,address,陕西周至县,陕西,ok,0,108.22842183954491,34.16938526961624,108.21732443005867,34.16460384816036,20.0,区县,0.0,100.0,,陕西省,610000,西安市,610100,地级市,周至县,610124,县
陕西|陕西商县,address,陕西商县,陕西,ok,0,114.10999333943914,22.56808984196478,114.09841791391987,22.5644419960577,80.0,餐饮,0.0,0.0,,广东省,440000,深圳市,440300,地级市,福田区,440304,市辖区
陕西|陕西城固县,address,陕西城固县,陕西,ok,0,107.34061258029828,33.162399385178446,107.32930114772775,33.15834502902473,20.0,区县,0.0,100.0,,陕西省,610000,汉中市,610700,地级市,城固县,610722,县
陕西|陕西子长县,address,陕西子长县,陕西,ok,0,108.96039314875111,34.27580800602361,108.94908566034172,34.271687345799364,20.0,省份,0.0,100.0,,陕西省,610000,西安市,610100,地级市,新城区,150102,市辖区
陕西|陕西安塞县,address,陕西安塞县,陕西,ok,0,109.33541943983717,36.87009825930708,109.3234167138172,36.86392642145212,20.0,区县,0.0,100.0,,陕西省,610000,延安市,610600,地级市,安塞区,610603,市辖区
陕西|陕西山阳县,address,陕西山阳县,陕西,ok,0,109.88854863218121,33.53796838276926,109.87722985639523,33.53347143555464,20.0,区县,0.0,100.0,,陕西省,610000,商洛市,611000,地级市,山阳县,611024,县
陕西|陕西岐山县,address,陕西岐山县,陕西,ok,0,107.62744727878952,34.44977696238733,107.61636240637165,34.44519441239037,20.0,区县,0.0,100.0,,陕西省,610000,宝鸡市,610300,地级市,岐山县,610323,县
陕西|陕西岚皋县,address,陕西岚皋县,陕西,ok,0,108.90861535813927,32.312880776500705,108.8975712798482,32.309603171676564,20.0,区县,0.0,100.0,,陕西省,610000,安康市,610900,地级市,岚皋县,610925,县
陕西|陕西平利县,address,陕西平利县,陕西,ok,0,109.36854670128137,32.39480412318467,109.35686526860941,32.39100618962411,20.0,区县,0.0,100.0,,陕西省,610000,安康市,610900,地级市,平利县,610926,县
陕西|陕西延安市,address,陕西延安市,陕西,ok,0,109.50118366576285,36.656089661066176,109.4892717814151,36.64997023420491,20.0,城市,0.0,100.0,,陕西省,610000,延安市,610600,地级市,宝塔区,610602,市辖区
陕西|陕西户县,address,陕西户县,陕西,ok,0,108.61142023270983,34.11502071159901,108.600449321979,34.11080175814311,20.0,区县,0.0,100.0,,陕西省,610000,西安市,610100,地级市,鄠邑区,610118,市辖区
陕西|陕西扶风县,address,陕西扶风县,陕西,ok,0,107.90645306510017,34.381463351226095,107.89549426841296,34.37673851375265,20.0,区县,0.0,100.0,,陕西省,610000,宝鸡市,610300,地级市,扶风县,610324,县
陕西|陕西旬阳县,address,陕西旬阳县,陕西,ok,0,108.96039314875111,34.27580800602361,108.94908566034172,34.271687345799364,20.0,省份,0.0,100.0,,陕西省,610000,西安市,610100,地级市,新城区,150102,市辖区
陕西|陕西榆林县,address,陕西榆林县,陕西,ok,0,108.96039314875111,34.27580800602361,108.94908566034172,34.271687345799364,20.0,省份,0.0,100.0,,陕西省,610000,西安市,610100,地级市,新城区,150102,市辖区
陕西|陕西洋县,address,陕西洋县,陕西,ok,0,107.55246428058284,33.22886258931486,107.54142852617365,33.224785493760145,20.0,区县,0.0,100.0,,陕西省,610000,汉中市,610700,地级市,洋县,610723,县
陕西|陕西洛南县,address,陕西洛南县,陕西,ok,0,110.15442748007456,34.097070538846296,110.1426555398847,34.09210686981451,20.0,区县,0.0,100.0,,陕西省,610000,商洛市,611000,地级市,洛南县,611021,县
陕西|陕西洛川县,address,陕西洛川县,陕西,ok,0,109.43840396824812,35.768300429420684,109.42642678661952,35.762404427122824,20.0,区县,0.0,100.0,,陕西省,610000,延安市,610600,地级市,洛川县,610629,县
陕西|陕西浦城县,address,陕西浦城县,陕西,ok,0,118.54743912327928,27.923390046145474,118.53618285948468,27.920802110781114,20.0,区县,0.0,100.0,,福建省,350000,南平市,350700,地级市,浦城县,350722,县
陕西|陕西略阳县,address,陕西略阳县,陕西,ok,0,106.16354400615846,33.333193777733165,106.15302394101346,33.32859418631285,20.0,区县,0.0,100.0,,陕西省,610000,汉中市,610700,地级市,略阳县,610727,县
陕西|陕西白河县,address,陕西白河县,陕西,ok,0,110.11958688053117,32.814846485284406,110.1078745190304,32.810427268240446,20.0,区县,0.0,100.0,,陕西省,610000,安康市,610900,地级市,白河县,610929,县
陕西|陕西米脂县,address,陕西米脂县,陕西,ok,0,110.19045141746625,37.761397514329296,110.17842431179804,37.754430303882465,20.0,区县,0.0,100.0,,陕西省,610000,榆林市,610800,地级市,米脂县,610827,县
陕西|陕西绥德县,address,陕西绥德县,陕西,ok,0,110.26942648535928,37.50890728893263,110.25748681503643,37.50207426628122,20.0,区县,0.0,100.0,,陕西省,610000,榆林市,610800,地级市,绥德县,610826,县
陕西|陕西蓝田县,address,陕西蓝田县,陕西,ok,0,109.32938812681262,34.157620654732256,109.3176553665018,34.15317580001103,20.0,区县,0.0,100.0,,陕西省,610000,西安市,610100,地级市,蓝田县,610122,县
陕西|陕西鄠县,address,陕西鄠县,陕西,ok,0,108.96039314875111,34.27580800602361,108.94908566034172,34.271687345799364,20.0,省份,0.0,100.0,,陕西省,610000,西安市,610100,地级市,新城区,150102,市辖区
陕西|陕西长安县,address,陕西长安县,陕西,ok,0,108.91358047235403,34.163290267304646,108.90239115935063,34.15925932092664,20.0,区县,0.0,100.0,,陕西省,610000,西安市,610100,地级市,长安区,130102,市辖区
陕西|陕西靖边县,address,陕西靖边县,陕西,ok,0,108.80060049853356,37.60506319395491,108.78903228869086,37.59876849221806,20.0,区县,0.0,100.0,,陕西省,610000,榆林市,610800,地级市,靖边县,610824,县
陕西|陕西黄陵县,address,陕西黄陵县,陕西,ok,0,109.26960598495414,35.58507634896885,109.25788679981008,35.57958810535621,20.0,区县,0.0,100.0,,陕西省,610000,延安市,610600,地级市,黄陵县,610632,县
陕西|陕西咸阳咸阳市,address,陕西咸阳咸阳市,陕西,ok,0,108.71542245143303,34.335476293368586,108.7041706241146,34.331112596148316,20.0,城市,0.0,100.0,,陕西省,610000,咸阳市,610400,地级市,秦都区,610402,市辖区
陕西|陕西咸阳武功县,address,陕西咸阳武功县,陕西,ok,0,108.20655106478513,34.26613766763324,108.19540593990457,34.26127880344889,20.0,区县,0.0,100.0,,陕西省,610000,咸阳市,610400,地级市,武功县,610431,县
陕西|陕西咸阳永寿县,address,陕西咸阳永寿县,陕西,ok,0,108.14846878644317,34.69803553561666,108.13715613961105,34.692755915226876,20.0,区县,0.0,100.0,,陕西省,610000,咸阳市,610400,地级市,永寿县,610426,县
陕西|陕西咸阳市乾县,address,陕西咸阳市乾县,陕西,ok,0,108.24537762553739,34.53401826614159,108.23425669647568,34.52907340337107,20.0,区县,0.0,100.0,,陕西省,610000,咸阳市,610400,地级市,乾县,610424,县
陕西|陕西咸阳市,address,陕西咸阳市,陕西,ok,0,108.71542245143303,34.335476293368586,108.7041706241146,34.331112596148316,20.0,城市,0.0,100.0,,陕西省,610000,咸阳市,610400,地级市,秦都区,610402,市辖区
陕西|陕西咸阳市武功县,address,陕西咸阳市武功县,陕西,ok,0,108.20655106478513,34.26613766763324,108.19540593990457,34.26127880344889,20.0,区县,0.0,100.0,,陕西省,610000,咸阳市,610400,地级市,武功县,610431,县
陕西|陕西咸阳市永寿县,address,陕西咸阳市永寿县,陕西,ok,0,108.14846878644317,34.69803553561666,108.13715613961105,34.692755915226876,20.0,区县,0.0,100.0,,陕西省,610000,咸阳市,610400,地级市,永寿县,610426,县
陕西|陕西咸阳市泾阳县,address,陕西咸阳市泾阳县,陕西,ok,0,108.84937884704755,34.53331653276832,108.83812018005625,34.52900987497349,20.0,区县,0.0,100.0,,陕西省,610000,咸阳市,610400,地级市,泾阳县,610423,县
陕西|陕西咸阳市礼泉县,address,陕西咸阳市礼泉县,陕西,ok,0,108.4316154916632,34.48739076850446,108.42025826743216,34.48246604812584,20.0,区县,0.0,100.0,,陕西省,610000,咸阳市,610400,地级市,礼泉县,610425,县
陕西|陕西商洛市商县,address,陕西商洛市商县,陕西,ok,0,109.92441788136406,33.87863385220776,109.91306683681313,33.87402055992025,20.0,城市,0.0,100.0,,陕西省,610000,商洛市,611000,地级市,商州区,611002,市辖区
陕西|陕西商洛市柞水县,address,陕西商洛市柞水县,陕西,ok,0,109.12050227199981,33.69202624194488,109.10880626711572,33.687742758206234,20.0,区县,0.0,100.0,,陕西省,610000,商洛市,611000,地级市,柞水县,611026,县
陕西|陕西商洛市洛南县,address,陕西商洛市洛南县,陕西,ok,0,110.15442748007456,34.097070538846296,110.1426555398847,34.09210686981451,20.0,区县,0.0,100.0,,陕西省,610000,商洛市,611000,地级市,洛南县,611021,县
陕西|陕西安康市旬阳县,address,陕西安康市旬阳县,陕西,ok,0,109.03560108265746,32.69051277057377,109.02412271298864,32.68690454093218,20.0,城市,0.0,100.0,,陕西省,610000,安康市,610900,地级市,汉滨区,610902,市辖区
陕西|陕西宝鸡市扶风县,address,陕西宝鸡市扶风县,陕西,ok,0,107.90645306510017,34.381463351226095,107.89549426841296,34.37673851375265,20.0,区县,0.0,100.0,,陕西省,610000,宝鸡市,610300,地级市,扶风县,610324,县
陕西|陕西宝鸡市眉县,address,陕西宝鸡市眉县,陕西,ok,0,107.75639813644135,34.28037586308579,107.74516651313066,34.27559663667939,20.0,区县,0.0,100.0,,陕西省,610000,宝鸡市,610300,地级市,眉县,610326,县
陕西|陕西宝鸡市麟游县,address,陕西宝鸡市麟游县,陕西,ok,0,107.79951410600374,34.683748667164004,107.78830611093179,34.67870425945214,20.0,区县,0.0,100.0,,陕西省,610000,宝鸡市,610300,地级市,麟游县,610329,县
陕西|陕西延安延安市,address,陕西延安延安市,陕西,ok,0,109.50118366576285,36.656089661066176,109.4892717814151,36.64997023420491,20.0,城市,0.0,100.0,,陕西省,610000,延安市,610600,地级市,宝塔区,610602,市辖区
陕西|陕西延安黄陵县,address,陕西延安黄陵县,陕西,ok,0,109.26960598495414,35.58507634896885,109.25788679981008,35.57958810535621,20.0,区县,0.0,100.0,,陕西省,610000,延安市,610600,地级市,黄陵县,610632,县
陕西|陕西延安市安塞县,address,陕西延安市安塞县,陕西,ok,0,109.33541943983717,36.87009825930708,109.3234167138172,36.86392642145212,20.0,区县,0.0,100.0,,陕西省,610000,延安市,610600,地级市,安塞区,610603,市辖区
陕西|陕西延安市富县,address,陕西延安市富县,陕西,ok,0,109.38659653355447,35.99336797796858,109.37458008576,35.9874447011767,20.0,区县,0.0,100.0,,陕西省,610000,延安市,610600,地级市,富县,610628,县
陕西|陕西延安市洛川县,address,陕西延安市洛川县,陕西,ok,0,109.43840396824812,35.768300429420684,109.42642678661952,35.762404427122824,20.0,区县,0.0,100.0,,陕西省,610000,延安市,610600,地级市,洛川县,610629,县
陕西|陕西延安市黄陵县,address,陕西延安市黄陵县,陕西,ok,0,109.26960598495414,35.58507634896885,109.25788679981008,35.57958810535621,20.0,区县,0.0,100.0,,陕西省,610000,延安市,610600,地级市,黄陵县,610632,县
陕西|陕西榆林佳县,address,陕西榆林佳县,陕西,ok,0,110.4974774187358,38.025611678571785,110.48528025156062,38.0189911973433,20.0,区县,0.0,100.0,,陕西省,610000,榆林市,610800,地级市,佳县,610828,县
陕西|陕西榆林米脂县,address,陕西榆林米脂县,陕西,ok,0,110.19045141746625,37.761397514329296,110.17842431179804,37.754430303882465,20.0,区县,0.0,100.0,,陕西省,610000,榆林市,610800,地级市,米脂县,610827,县
陕西|陕西榆林靖边县,address,陕西榆林靖边县,陕西,ok,0,108.80060049853356,37.60506319395491,108.78903228869086,37.59876849221806,20.0,区县,0.0,100.0,,陕西省,610000,榆林市,610800,地级市,靖边县,610824,县
陕西|陕西榆林市佳县,address,陕西榆林市佳县,陕西,ok,0,110.4974774187358,38.025611678571785,110.48528025156062,38.0189911973433,20.0,区县,0.0,100.0,,陕西省,610000,榆林市,610800,地级市,佳县,610828,县
陕西|陕西榆林市府谷县,address,陕西榆林市府谷县,陕西,ok,0,111.0736281151979,39.033795629849784,111.0605253850541,39.02716391639241,20.0,区县,0.0,100.0,,陕西省,610000,榆林市,610800,地级市,府谷县,610822,县
陕西|陕西榆林市榆林县,address,陕西榆林市榆林县,陕西,ok,0,109.74161603381395,38.290883835484046,109.7295944156028,38.28413853012533,20.0,城市,0.0,100.0,,陕西省,610000,榆林市,610800,地级市,榆阳区,610802,市辖区
陕西|陕西榆林市绥德县,address,陕西榆林市绥德县,陕西,ok,0,110.26942648535928,37.50890728893263,110.25748681503643,37.50207426628122,20.0,区县,0.0,100.0,,陕西省,610000,榆林市,610800,地级市,绥德县,610826,县
陕西|陕西汉中市西乡县,address,陕西汉中市西乡县,陕西,ok,0,107.77339281906241,32.98939744189546,107.76228730173862,32.98516339284681,20.0,区县,0.0,100.0,,陕西省,610000,汉中市,610700,地级市,西乡县,610724,县
陕西|陕西渭南大荔县,address,陕西渭南大荔县,陕西,ok,0,109.94845330291125,34.801832760483684,109.93697221392277,34.79668467342072,20.0,区县,0.0,100.0,,陕西省,610000,渭南市,610500,地级市,大荔县,610523,县
陕西|陕西渭南潼关县,address,陕西渭南潼关县,陕西,ok,0,110.25250761972325,34.55032684853216,110.2408190341039,34.54533645735373,20.0,区县,0.0,100.0,,陕西省,610000,渭南市,610500,地级市,潼关县,610522,县
陕西|陕西渭南蒲城县,address,陕西渭南蒲城县,陕西,ok,0,109.59249651068265,34.96127412878287,109.58100173184665,34.95623208290382,20.0,区县,0.0,100.0,,陕西省,610000,渭南市,610500,地级市,蒲城县,610526,县
陕西|陕西渭南市华县,address,陕西渭南市华县,陕西,ok,0,109.77847737160204,34.51873074009985,109.76682088407719,34.51376985485431,20.0,区县,0.0,100.0,,陕西省,610000,渭南市,610500,地级市,华州区,610503,市辖区
陕西|陕西渭南市华阴县,address,陕西渭南市华阴县,陕西,ok,0,110.09860075703762,34.57180015875299,110.0867263508548,34.56653232458964,20.0,区县,0.0,100.0,,陕西省,610000,渭南市,610500,地级市,华阴市,610582,县级市
陕西|陕西渭南市合阳县,address,陕西渭南市合阳县,陕西,ok,0,110.15539621273652,35.243872196865574,110.14354148884883,35.23799374702947,20.0,区县,0.0,100.0,,陕西省,610000,渭南市,610500,地级市,合阳县,610524,县
陕西|陕西渭南市大荔县,address,陕西渭南市大荔县,陕西,ok,0,109.94845330291125,34.801832760483684,109.93697221392277,34.79668467342072,20.0,区县,0.0,100.0,,陕西省,610000,渭南市,610500,地级市,大荔县,610523,县
陕西|陕西渭南市富平县,address,陕西渭南市富平县,陕西,ok,0,109.18643744727943,34.75726044025601,109.17470406935477,34.75254244049986,20.0,区县,0.0,100.0,,陕西省,610000,渭南市,610500,地级市,富平县,610528,县
陕西|陕西渭南市渭南县,address,陕西渭南市渭南县,陕西,ok,0,109.51658960525897,34.50571551675255,109.50493120498768,34.50102753584246,20.0,城市,0.0,100.0,,陕西省,610000,渭南市,610500,地级市,临渭区,610502,市辖区
陕西|陕西渭南市潼关县,address,陕西渭南市潼关县,陕西,ok,0,110.25250761972325,34.55032684853216,110.2408190341039,34.54533645735373,20.0,区县,0.0,100.0,,陕西省,610000,渭南市,610500,地级市,潼关县,610522,县
陕西|陕西渭南市澄城县,address,陕西渭南市澄城县,陕西,ok,0,109.93843360325295,35.19657281555104,109.92695861026391,35.19101989307523,20.0,区县,0.0,100.0,,陕西省,610000,渭南市,610500,地级市,澄城县,610525,县
陕西|陕西渭南市蒲城县,address,陕西渭南市蒲城县,陕西,ok,0,109.59249651068265,34.96127412878287,109.58100173184665,34.95623208290382,20.0,区县,0.0,100.0,,陕西省,610000,渭南市,610500,地级市,蒲城县,610526,县
陕西|陕西渭南市韩城市,address,陕西渭南市韩城市,陕西,ok,0,110.44955264011737,35.482086787313165,110.43752311897403,35.476219594507626,20.0,区县,0.0,100.0,,陕西省,610000,渭南市,610500,地级市,韩城市,610581,县级市
陕西|陕西西安临潼县,address,陕西西安临潼县,陕西,ok,0,109.22043579557668,34.372747432848406,109.20878478903401,34.36835894628721,20.0,区县,0.0,100.0,,陕西省,610000,西安市,610100,地级市,临潼区,610115,市辖区
陕西|陕西西安周至县,address,陕西西安周至县,陕西,ok,0,108.22842183954491,34.16938526961624,108.21732443005867,34.16460384816036,20.0,区县,0.0,100.0,,陕西省,610000,西安市,610100,地级市,周至县,610124,县
陕西|陕西西安户县,address,陕西西安户县,陕西,ok,0,108.61142023270983,34.11502071159901,108.600449321979,34.11080175814311,20.0,区县,0.0,100.0,,陕西省,610000,西安市,610100,地级市,鄠邑区,610118,市辖区
陕西|陕西西安长安县,address,陕西西安长安县,陕西,ok,0,108.91358047235403,34.163290267304646,108.90239115935063,34.15925932092664,20.0,区县,0.0,100.0,,陕西省,610000,西安市,610100,地级市,长安区,130102,市辖区
陕西|陕西西安高陵县,address,陕西西安高陵县,陕西,ok,0,109.09438691387484,34.541093106058156,109.08259113613029,34.536499243064284,20.0,区县,0.0,100.0,,陕西省,610000,西安市,610100,地级市,高陵区,610117,市辖区
陕西|陕西西安市临潼县,address,陕西西安市临潼县,陕西,ok,0,109.22043579557668,34.372747432848406,109.20878478903401,34.36835894628721,20.0,区县,0.0,100.0,,陕西省,610000,西安市,610100,地级市,临潼区,610115,市辖区
陕西|陕西西安市户县,address,陕西西安市户县,陕西,ok,0,108.61142023270983,34.11502071159901,108.600449321979,34.11080175814311,20.0,区县,0.0,100.0,,陕西省,610000,西安市,610100,地级市,鄠邑区,610118,市辖区
陕西|陕西西安市蓝田县,address,陕西西安市蓝田县,陕西,ok,0,109.32938812681262,34.157620654732256,109.3176553665018,34.15317580001103,20.0,区县,0.0,100.0,,陕西省,610000,西安市,610100,地级市,蓝田县,610122,县
陕西|陕西西安市鄠邑区,address,陕西西安市鄠邑区,陕西,ok,0,108.94646555063274,34.34726881662395,108.93519184216433,34.343139992202296,20.0,城市,0.0,100.0,,陕西省,610000,西安市,610100,地级市,未央区,610112,市辖区
陕西|陕西西安市长安县,address,陕西西安市长安县,陕西,ok,0,108.91358047235403,34.163290267304646,108.90239115935063,34.15925932092664,20.0,区县,0.0,100.0,,陕西省,610000,西安市,610100,地级市,长安区,130102,市辖区
陕西|陕西西安市高陵县,address,陕西西安市高陵县,陕西,ok,0,109.09438691387484,34.541093106058156,109.08259113613029,34.536499243064284,20.0,区县,0.0,100.0,,陕西省,610000,西安市,610100,地级市,高陵区,610117,市辖区
陕西|陕西铜川同官县,address,陕西铜川同官县,陕西,ok,0,108.95240424835922,34.902637080502906,108.94107680910064,34.898040530954304,20.0,城市,0.0,100.0,,陕西省,610000,铜川市,610200,地级市,耀州区,610204,市辖区
陕西|陕西铜川市,address,陕西铜川市,陕西,ok,0,108.95240424835922,34.902637080502906,108.94107680910064,34.898040530954304,20.0,城市,0.0,100.0,,陕西省,610000,铜川市,610200,地级市,耀州区,610204,市辖区
云南|云南镇雄县,address,云南镇雄县,云南,ok,0,116.1146014455186,39.00018011949929,116.1020089392454,38.99278473057216,20.0,区县,0.0,100.0,,河北省,130000,保定市,130600,地级市,雄县,130638,县
云南|云南曲靖市古越,address,云南曲靖市古越,云南,ok,0,103.80243482794681,25.496406931543667,103.7939921487009,25.493163488064646,20.0,城市,0.0,100.0,,云南省,530000,曲靖市,530300,地级市,麒麟区,530302,市辖区
四川|四川名山县,address,四川名山县,四川,ok,0,103.11548579380317,30.075913663381538,103.1067905222295,30.072720421408803,20.0,区县,0.0,100.0,,四川省,510000,雅安市,511800,地级市,名山区,511803,市辖区
四川|四川营山县,address,四川营山县,四川,ok,0,106.57240802851658,31.083002970198866,106.5621047494211,31.079552535728904,20.0,区县,0.0,100.0,,四川省,510000,南充市,511300,地级市,营山县,511322,县
天津|天津蓟县,address,天津蓟县,天津,ok,0,117.41457869478904,40.051508786394855,117.40135317796357,40.04417607373375,20.0,区县,0.0,100.0,,天津市,120000,天津市,120000,直辖市,蓟州区,120119,市辖区
安徽|安徽,address,安徽,安徽,ok,0,117.3305404177196,31.73429415631746,117.31840395716797,31.73039032367704,20.0,省份,0.0,100.0,,安徽省,340000,合肥市,340100,地级市,包河区,340111,市辖区
安徽|安徽六安县,address,安徽六安县,安徽,ok,0,117.3305404177196,31.73429415631746,117.31840395716797,31.73039032367704,20.0,省份,0.0,100.0,,安徽省,340000,合肥市,340100,地级市,包河区,340111,市辖区
安徽|安徽皖南,address,安徽皖南,安徽,ok,0,117.663644587266,31.697966449708836,117.65182314864882,31.693910591162076,50.0,NoClass,0.0,0.0,,安徽省,340000,合肥市,340100,地级市,巢湖市,340181,县级市
安徽|安徽亳州市蒙城县,address,安徽亳州市蒙城县,安徽,ok,0,116.57158940082672,33.27165823967443,116.55997755742808,33.26755414956245,20.0,区县,0.0,100.0,,安徽省,340000,亳州市,341600,地级市,蒙城县,341622,县
安徽|安徽安庆市太湖县,address,安徽安庆市太湖县,安徽,ok,0,116.31547630162399,30.460113290447975,116.30389343894743,30.456330336743736,20.0,区县,0.0,100.0,,安徽省,340000,安庆市,340800,地级市,太湖县,340825,县
安徽|安徽灵璧县,address,安徽灵璧县,安徽,ok,0,117.56455699798788,33.547892231948374,117.55255933609357,33.54347618478507,20.0,区县,0.0,100.0,,安徽省,340000,宿州市,341300,地级市,灵璧县,341323,县
山东|山东东阿,address,山东东阿,山东,ok,0,116.25449294563757,36.340957707760644,116.2424351539442,36.33461454959697,20.0,区县,0.0,100.0,,山东省,370000,聊城市,371500,地级市,东阿县,371524,县
山东|山东济南府,address,山东济南府,山东,ok,0,117.03095660810855,36.64718713071695,117.01838710580714,36.64121291851737,80.0,餐饮,1.0,100.0,,山东省,370000,济南市,370100,地级市,历下区,370102,市辖区
山东|山东高密县,address,山东高密县,山东,ok,0,119.76241099601636,36.388956706464846,119.75049385033137,36.382518105115444,20.0,区县,0.0,100.0,,山东省,370000,潍坊市,370700,地级市,高密市,370785,县级市
山东|山东临沂沂州,address,山东临沂沂州,山东,ok,0,117.02744162847857,36.674856650404905,117.01488397839204,36.668876101496664,20.0,省份,0.0,100.0,,山东省,370000,济南市,370100,地级市,历下区,370102,市辖区
山东|山东临沂市郯城,address,山东临沂市郯城,山东,ok,0,118.37358710977321,34.61922593247125,118.36139373756987,34.61396738531961,20.0,区县,0.0,100.0,,山东省,370000,临沂市,371300,地级市,郯城县,371322,县
山东|山东枣庄滕县,address,山东枣庄滕县,山东,ok,0,117.33054194483897,34.815994048435115,117.3180662147885,34.81097033256396,20.0,城市,0.0,100.0,,山东省,370000,枣庄市,370400,地级市,薛城区,370403,市辖区
山东|山东泰安市,address,山东泰安市,山东,ok,0,117.0944948347959,36.2058580448846,117.08181116882463,36.19994271820543,20.0,城市,0.0,100.0,,山东省,370000,泰安市,370900,地级市,泰山区,370902,市辖区
山东|山东济南历城,address,山东济南历城,山东,ok,0,117.07158975107194,36.68565553471069,117.05888394702083,36.67956198892589,20.0,区县,0.0,100.0,,山东省,370000,济南市,370100,地级市,历城区,370112,市辖区
山东|山东济南济阳县,address,山东济南济阳县,山东,ok,0,117.18062113319276,36.98397051831499,117.1679352957891,36.97769959675554,20.0,区县,0.0,100.0,,山东省,370000,济南市,370100,地级市,济阳区,370115,市辖区
山东|山东济宁市兖州县,address,山东济宁市兖州县,山东,ok,0,116.7901151517282,35.557952373283435,116.77797569577189,35.55241295292106,20.0,区县,0.0,100.0,,山东省,370000,济宁市,370800,地级市,兖州区,370812,市辖区
山东|山东淄博博山,address,山东淄博博山,山东,ok,0,117.86846875371543,36.500847855130566,117.85628100080386,36.4944893089616,20.0,区县,0.0,100.0,,山东省,370000,淄博市,370300,地级市,博山区,370304,市辖区
山东|山东淄博市淄川,address,山东淄博市淄川,山东,ok,0,117.9734118576298,36.649834806021666,117.961194986012,36.643305058713125,20.0,区县,0.0,100.0,,山东省,370000,淄博市,370300,地级市,淄川区,370302,市辖区
山东|山东滨州无棣县,address,山东滨州无棣县,山东,ok,0,117.63245748606224,37.777567312085814,117.62005125902708,37.77082716708196,20.0,区县,0.0,100.0,,山东省,370000,滨州市,371600,地级市,无棣县,371623,县
山东|山东青岛胶州,address,山东青岛胶州,山东,ok,0,120.03953537126692,36.27034908804922,120.0277950693696,36.263750191522966,20.0,区县,0.0,100.0,,山东省,370000,青岛市,370200,地级市,胶州市,370281,县级市
山西|山西,address,山西,山西,ok,0,112.56937550968271,37.87982942385603,112.55659092887635,37.87339878152591,20.0,省份,0.0,100.0,,山西省,140000,太原市,140100,地级市,杏花岭区,140107,市辖区
山西|山西临汾,address,山西临汾,山西,ok,0,111.52553022403073,36.093741895419726,111.51281391952868,36.08784377738022,20.0,城市,0.0,100.0,,山西省,140000,临汾市,141000,地级市,尧都区,141002,市辖区
山西|山西原平县,address,山西原平县,山西,ok,0,112.71748713403183,38.73647589760487,112.70433067931599,38.730040020843745,20.0,区县,0.0,100.0,,山西省,140000,忻州市,140900,地级市,原平市,140981,县级市
山西|山西屯留县,address,山西屯留县,山西,ok,0,112.898474763774,36.321630843108416,112.88569950318119,36.316109664970156,20.0,区县,0.0,100.0,,山西省,140000,长治市,140400,地级市,屯留区,140405,市辖区
山西|山西永和县,address,山西永和县,山西,ok,0,110.63841589392663,36.765908673932856,110.62643663586073,36.76000417260789,20.0,区县,0.0,100.0,,山西省,140000,临汾市,141000,地级市,永和县,141032,县
山西|山西临汾洪洞县,address,山西临汾洪洞县,山西,ok,0,111.68158942671826,36.25946707937692,111.66889310357759,36.25339964125674,20.0,区县,0.0,100.0,,山西省,140000,临汾市,141000,地级市,洪洞县,141024,县
山西|山西大同市左云县,address,山西大同市左云县,山西,ok,0,112.7094632895556,40.01962344901451,112.6961746052429,40.01272444455061,20.0,区县,0.0,100.0,,山西省,140000,大同市,140200,地级市,左云县,140226,县
山西|山西晋城市凤台县,address,山西晋城市凤台县,山西,ok,0,116.71757320891433,32.715103905085066,116.70574143666049,32.711361309633034,20.0,区县,0.0,100.0,,安徽省,340000,淮南市,340400,地级市,凤台县,340421,县
山西|山西运城临晋县,address,山西运城临晋县,山西,ok,0,111.01338945447925,35.03270691290923,111.00097461083243,35.02777843294029,20.0,城市,0.0,100.0,,山西省,140000,运城市,140800,地级市,盐湖区,140802,市辖区
山西|山西运城市闻喜县,address,山西运城市闻喜县,山西,ok,0,111.23141035768413,35.36293119638129,111.21881076762581,35.35759361764926,20.0,区县,0.0,100.0,,山西省,140000,运城市,140800,地级市,闻喜县,140823,县
山西|山西阳泉市孟县,address,山西阳泉市孟县,山西,ok,0,113.58761666287546,37.862360847859385,113.57475261782595,37.85577514451225,20.0,城市,0.0,100.0,,山西省,140000,阳泉市,140300,地级市,城区,140302,市辖区
江苏|江苏嘉定县,address,江苏嘉定县,江苏,ok,0,121.27259505835202,31.3801553396772,121.26160424844782,31.376365413126504,20.0,区县,0.0,100.0,,上海市,310000,上海市,310000,直辖市,嘉定区,310114,市辖区
江苏|江苏宝山县,address,江苏宝山县,江苏,ok,0,121.4965630135246,31.41027947347614,121.4855967768288,31.406220126238615,20.0,区县,0.0,100.0,,上海市,310000,上海市,310000,直辖市,宝山区,230506,市辖区
江苏|江苏宝应县,address,江苏宝应县,江苏,ok,0,119.36555570137673,33.24720546114832,119.35348840418172,33.24284267676269,20.0,区县,0.0,100.0,,江苏省,320000,扬州市,321000,地级市,宝应县,321023,县
江苏|江苏盱眙县,address,江苏盱眙县,江苏,ok,0,118.55144127023549,33.018254741659845,118.53975207449348,33.0142310503488,20.0,区县,0.0,100.0,,江苏省,320000,淮安市,320800,地级市,盱眙县,320830,县
江苏|江苏睢宁县,address,江苏睢宁县,江苏,ok,0,117.94743277245068,33.91878941781798,117.93557358793785,33.91397046243095,20.0,区县,0.0,100.0,,江苏省,320000,徐州市,320300,地级市,睢宁县,320324,县
江苏|江苏宿迁市沐阳县,address,江苏宿迁市沐阳县,江苏,ok,0,118.81212566651739,34.28833047895301,118.80014496879717,34.28392544614616,50.0,村庄,0.0,100.0,,江苏省,320000,宿迁市,321300,地级市,沭阳县,321322,县
江苏|江苏徐州市,address,江苏徐州市,江苏,ok,0,117.29057543439453,34.21266655011306,117.27824610318284,34.20817361909909,20.0,城市,0.0,100.0,,江苏省,320000,徐州市,320300,地级市,云龙区,320303,市辖区
江苏|江苏泰州市泰县,address,江苏泰州市泰县,江苏,ok,0,119.9295663378548,32.4606750493083,119.91840566202926,32.45654333981687,20.0,城市,0.0,100.0,,江苏省,320000,泰州市,321200,地级市,海陵区,321202,市辖区
江苏、安徽|江苏、安徽,address,江苏、安徽,江苏、安徽,ok,0,117.3305404177196,31.73429415631746,117.31840395716797,31.73039032367704,20.0,省份,0.0,100.0,,安徽省,340000,合肥市,340100,地级市,包河区,340111,市辖区
江西|江西安福县,address,江西安福县,江西,ok,0,114.62647813460515,27.399076477104835,114.61515199153554,27.396653940985104,20.0,区县,0.0,100.0,,江西省,360000,吉安市,360800,地级市,安福县,360829,县
江西|江西宜春市,address,江西宜春市,江西,ok,0,114.4235636759064,27.820856421848216,114.4117916917309,27.81787342956771,20.0,城市,0.0,100.0,,江西省,360000,宜春市,360900,地级市,袁州区,360902,市辖区
河北|河北固安县,address,河北固安县,河北,ok,0,116.30542004093144,39.44448485530404,116.29299449196172,39.43711263572524,20.0,区县,0.0,100.0,,河北省,130000,廊坊市,131000,地级市,固安县,131022,县
河北|河北大名县,address,河北大名县,河北,ok,0,115.15461253007031,36.29128846623129,115.14196323515688,36.28540194318219,20.0,区县,0.0,100.0,,河北省,130000,邯郸市,130400,地级市,大名县,130425,县
河北|河北怀安县,address,河北怀安县,河北,ok,0,114.39246911505609,40.68036934311551,114.37935164631503,40.67268092654564,20.0,区县,0.0,100.0,,河北省,130000,张家口市,130700,地级市,怀安县,130728,县
河北|河北新城县,address,河北新城县,河北,ok,0,108.96739103850439,34.272724469532555,108.95605965785116,34.26858988488347,20.0,区县,0.0,100.0,,陕西省,610000,西安市,610100,地级市,新城区,150102,市辖区
河北|河北枣强县,address,河北枣强县,河北,ok,0,115.7305629044037,37.51936368976413,115.71820312417395,37.51243080965285,20.0,区县,0.0,100.0,,河北省,130000,衡水市,131100,地级市,枣强县,131121,县
河北|河北武强县,address,河北武强县,河北,ok,0,115.98961391177681,38.04685680523654,115.97737597352499,38.03986375487708,20.0,区县,0.0,100.0,,河北省,130000,衡水市,131100,地级市,武强县,131123,县
河北|河北深县,address,河北深县,河北,ok,0,117.20359278135501,39.15348514470478,117.1906936794183,39.14672346921229,20.0,区县,0.0,100.0,,天津市,120000,天津市,120000,直辖市,河北区,120105,市辖区
河北|河北香河县,address,河北香河县,河北,ok,0,117.01240210779996,39.76793918854631,116.99955876132326,39.76105411514719,20.0,区县,0.0,100.0,,河北省,130000,廊坊市,131000,地级市,香河县,131024,县
河北|河北保定雄县,address,河北保定雄县,河北,ok,0,114.53659630531568,38.04320164520046,114.52416893736276,38.03665553790391,20.0,省份,0.0,100.0,,河北省,130000,石家庄市,130100,地级市,长安区,130102,市辖区
河北|河北张家口市怀来县,address,河北张家口市怀来县,河北,ok,0,115.52455288485054,40.42028989038194,115.51173446857517,40.413045267470636,20.0,区县,0.0,100.0,,河北省,130000,张家口市,130700,地级市,怀来县,130730,县
河北|河北石家庄灵寿县,address,河北石家庄灵寿县,河北,ok,0,114.38947775770787,38.31462937004633,114.3766613754781,38.30770329600267,20.0,区县,0.0,100.0,,河北省,130000,石家庄市,130100,地级市,灵寿县,130126,县
河北|河北辛集束鹿县,address,河北辛集束鹿县,河北,ok,0,115.22140414982314,37.945471198145306,115.20872531384295,37.93901984562182,80.0,餐饮,1.0,100.0,,河北省,130000,石家庄市,130100,地级市,辛集市,130181,县级市
河北|河北邢台市内丘县,address,河北邢台市内丘县,河北,ok,0,114.51849293403419,37.292857912046905,114.50610392001593,37.28628993147033,20.0,区县,0.0,100.0,,河北省,130000,邢台市,130500,地级市,内丘县,130523,县
河北|河北邢台市,address,河北邢台市,河北,ok,0,114.51146225612979,37.07668595096609,114.49906040463821,37.07021586160957,20.0,城市,0.0,100.0,,河北省,130000,邢台市,130500,地级市,襄都区,130502,市辖区
河北|河北邯郸大名县,address,河北邯郸大名县,河北,ok,0,115.15461253007031,36.29128846623129,115.14196323515688,36.28540194318219,20.0,区县,0.0,100.0,,河北省,130000,邯郸市,130400,地级市,大名县,130425,县
河北|河北邯郸武安县,address,河北邯郸武安县,河北,ok,0,114.21051607638233,36.70248828627979,114.19799529114385,36.695946233669105,20.0,区县,0.0,100.0,,河北省,130000,邯郸市,130400,地级市,武安市,130481,县级市
河南|河南临汝,address,河南临汝,河南,ok,0,112.60980653390637,34.26481445693254,112.59740471016097,34.2604761661785,25.0,乡镇,0.0,100.0,,河南省,410000,平顶山市,410400,地级市,汝州市,410482,县级市
河南|河南永城县,address,河南永城县,河南,ok,0,116.45556614759954,33.93480147585089,116.44357486812962,33.93000912699209,20.0,区县,0.0,100.0,,河南省,410000,商丘市,411400,地级市,永城市,411481,县级市
河南|河南虞城县,address,河南虞城县,河南,ok,0,115.83447295698157,34.405331502097134,115.8225647149252,34.400371268111456,20.0,区县,0.0,100.0,,河南省,410000,商丘市,411400,地级市,虞城县,411425,县
河南|河南三门峡陕县,address,河南三门峡陕县,河南,ok,0,111.10945065249427,34.7269148015266,111.09676534187187,34.72212531666397,20.0,区县,0.0,100.0,,河南省,410000,三门峡市,411200,地级市,陕州区,411203,市辖区
河南|河南信阳光山县,address,河南信阳光山县,河南,ok,0,114.92553303688484,32.01590687956846,114.91375088123908,32.01250520651234,20.0,区县,0.0,100.0,,河南省,410000,信阳市,411500,地级市,光山县,411522,县
河南|河南南阳市内乡县,address,河南南阳市内乡县,河南,ok,0,111.8554252869733,33.05120310547566,111.84315338116659,33.04692853522445,20.0,区县,0.0,100.0,,河南省,410000,南阳市,411300,地级市,内乡县,411325,县
河南|河南周口淮阳县,address,河南周口淮阳县,河南,ok,0,114.7079826661061,33.643083575264406,114.69595666728011,33.638838204078915,20.0,城市,0.0,100.0,,河南省,410000,周口市,411600,地级市,川汇区,411602,市辖区
河南|河南商丘市虞城县,address,河南商丘市虞城县,河南,ok,0,115.83447295698157,34.405331502097134,115.8225647149252,34.400371268111456,20.0,区县,0.0,100.0,,河南省,410000,商丘市,411400,地级市,虞城县,411425,县
河南|河南安阳市内黄县,address,河南安阳市内黄县,河南,ok,0,114.90758875550918,35.97694966806135,114.89543203839177,35.97149157108543,20.0,区县,0.0,100.0,,河南省,410000,安阳市,410500,地级市,内黄县,410527,县
河南|河南平顶山市郏县,address,河南平顶山市郏县,河南,ok,0,113.21960622765287,33.977486289176724,113.20677163196024,33.97317355968792,20.0,区县,0.0,100.0,,河南省,410000,平顶山市,410400,地级市,郏县,410425,县
河南|河南新乡市新乡县,address,河南新乡市新乡县,河南,ok,0,113.81159378076424,35.19656440899276,113.79906137947401,35.19086970337929,20.0,区县,0.0,100.0,,河南省,410000,新乡市,410700,地级市,新乡县,410721,县
河南|河南洛阳市孟津县,address,河南洛阳市孟津县,河南,ok,0,112.46033424620128,34.625954754227166,112.44758059172632,34.62092593989101,20.0,城市,0.0,100.0,,河南省,410000,洛阳市,410300,地级市,洛龙区,410311,市辖区
河南|河南洛阳市新安县,address,河南洛阳市新安县,河南,ok,0,112.14060970841214,34.73438332734371,112.12785595774301,34.72897132431635,20.0,区县,0.0,100.0,,河南省,410000,洛阳市,410300,地级市,新安县,410323,县
河南|河南漯河市郾城县,address,河南漯河市郾城县,河南,ok,0,114.0133938915449,33.59341588086467,114.0011136955784,33.58859298101662,20.0,区县,0.0,100.0,,河南省,410000,漯河市,411100,地级市,郾城区,411103,市辖区
河南|河南焦作市沁阳县,address,河南焦作市沁阳县,河南,ok,0,112.95751688155336,35.09378573234604,112.9448102496646,35.08890965634147,20.0,区县,0.0,100.0,,河南省,410000,焦作市,410800,地级市,沁阳市,410882,县级市
河南|河南郑州郑州市,address,河南郑州郑州市,河南,ok,0,113.63141920733915,34.75343885045448,113.61889908350157,34.748486659196146,20.0,城市,0.0,100.0,,河南省,410000,郑州市,410100,地级市,中原区,410102,市辖区
河南|河南郑州市密县,address,河南郑州市密县,河南,ok,0,113.63141920733915,34.75343885045448,113.61889908350157,34.748486659196146,20.0,城市,0.0,100.0,,河南省,410000,郑州市,410100,地级市,中原区,410102,市辖区
河南|河南驻马店汝南县,address,河南驻马店汝南县,河南,ok,0,114.36940889397054,33.01314088199241,114.35719783291525,33.00871812960807,20.0,区县,0.0,100.0,,河南省,410000,驻马店市,411700,地级市,汝南县,411727,县
河南|河南鹤壁淇县,address,河南鹤壁淇县,河南,ok,0,114.21548972449943,35.62727702033594,114.20312837932255,35.62115061458862,20.0,区县,0.0,100.0,,河南省,410000,鹤壁市,410600,地级市,淇县,410622,县
湖北|湖北宜城县,address,湖北宜城县,湖北,ok,0,112.2646114416873,31.725469730972,112.25236199542576,31.721311422827306,20.0,区县,0.0,100.0,,湖北省,420000,襄阳市,420600,地级市,宜城市,420684,县级市
湖北|湖北襄阳县,address,湖北襄阳县,湖北,ok,0,114.34844073658718,30.551600064658352,114.33646715233071,30.54779024269279,20.0,省份,0.0,100.0,,湖北省,420000,武汉市,420100,地级市,武昌区,420106,市辖区
甘肃|甘肃环县,address,甘肃环县,甘肃,ok,0,107.31446964419415,36.57442710890686,107.30290491141406,36.56853289488095,20.0,区县,0.0,100.0,,甘肃省,620000,庆阳市,621000,地级市,环县,621022,县
甘肃|甘肃天水武山县,address,甘肃天水武山县,甘肃,ok,0,104.89742838308665,34.72766910163516,104.88790653307689,34.72334017257779,20.0,区县,0.0,100.0,,甘肃省,620000,天水市,620500,地级市,武山县,620524,县
甘肃|甘肃定西通渭县,address,甘肃定西通渭县,甘肃,ok,0,105.24840362210966,35.217216821266426,105.2382351547734,35.21211592504904,20.0,区县,0.0,100.0,,甘肃省,620000,定西市,621100,地级市,通渭县,621121,县
甘肃|甘肃庆阳市环县,address,甘肃庆阳市环县,甘肃,ok,0,107.31446964419415,36.57442710890686,107.30290491141406,36.56853289488095,20.0,区县,0.0,100.0,,甘肃省,620000,庆阳市,621000,地级市,环县,621022,县
甘肃|甘肃武威市武威,address,甘肃武威市武威,甘肃,ok,0,102.64455434036918,37.93437780815811,102.63629396637991,37.928222836472735,20.0,城市,0.0,100.0,,甘肃省,620000,武威市,620600,地级市,凉州区,620602,市辖区
陕西|陕西凤翔县,address,陕西凤翔县,陕西,ok,0,108.96039314875111,34.27580800602361,108.94908566034172,34.271687345799364,20.0,省份,0.0,100.0,,陕西省,610000,西安市,610100,地级市,新城区,150102,市辖区
陕西|陕西清涧县,address,陕西清涧县,陕西,ok,0,110.12755916227111,37.09485288782833,110.11547790515036,37.08795901199161,20.0,区县,0.0,100.0,,陕西省,610000,榆林市,610800,地级市,清涧县,610830,县
陕西|陕西紫阳县,address,陕西紫阳县,陕西,ok,0,108.54159431660538,32.525785619364406,108.53067033832741,32.52213441183169,20.0,区县,0.0,100.0,,陕西省,610000,安康市,610900,地级市,紫阳县,610924,县
陕西|陕西咸阳泾阳县,address,陕西咸阳泾阳县,陕西,ok,0,108.84937884704755,34.53331653276832,108.83812018005625,34.52900987497349,20.0,区县,0.0,100.0,,陕西省,610000,咸阳市,610400,地级市,泾阳县,610423,县
陕西|陕西咸阳市兴平县,address,陕西咸阳市兴平县,陕西,ok,0,108.49639400876816,34.30547652029205,108.48520171566294,34.300860739474395,20.0,区县,0.0,100.0,,陕西省,610000,咸阳市,610400,地级市,兴平市,610481,县级市
陕西|陕西安康市紫阳县,address,陕西安康市紫阳县,陕西,ok,0,108.54159431660538,32.525785619364406,108.53067033832741,32.52213441183169,20.0,区县,0.0,100.0,,陕西省,610000,安康市,610900,地级市,紫阳县,610924,县
陕西|陕西渭南市,address,陕西渭南市,陕西,ok,0,109.51658960525897,34.50571551675255,109.50493120498768,34.50102753584246,20.0,城市,0.0,100.0,,陕西省,610000,渭南市,610500,地级市,临渭区,610502,市辖区
陕西|陕西渭南市白水县,address,陕西渭南市白水县,陕西,ok,0,109.59752055373886,35.18328751461316,109.5860220934822,35.17800301161433,20.0,区县,0.0,100.0,,陕西省,610000,渭南市,610500,地级市,白水县,610527,县
陕西|陕西铜川耀县,address,陕西铜川耀县,陕西,ok,0,108.95240424835922,34.902637080502906,108.94107680910064,34.898040530954304,20.0,城市,0.0,100.0,,陕西省,610000,铜川市,610200,地级市,耀州区,610204,市辖区
山东|山东青州市（益都）,address,山东青州市（益都）,山东,ok,0,118.47761097765921,36.70385262432992,118.46528392654974,36.69742090199305,25.0,乡镇,0.0,100.0,,山东省,370000,潍坊市,370700,地级市,青州市,370781,县级市
山东|山东海阳县,address,山东海阳县,山东,ok,0,121.1804581977879,36.693269738228416,121.16880909817812,36.687127344966655,20.0,区县,0.0,100.0,,山东省,370000,烟台市,370600,地级市,海阳市,370687,县级市
河北|河北邯郸市邯郸县,address,河北邯郸市邯郸县,河北,ok,0,114.5456282282352,36.631262731204046,114.53336998710513,36.62522052143481,20.0,城市,0.0,100.0,,河北省,130000,邯郸市,130400,地级市,丛台区,130403,市辖区
河南|河南三门峡市灵宝县,address,河南三门峡市灵宝县,河南,ok,0,110.90040831286163,34.52314262416382,110.8883855089265,34.51889530073128,20.0,区县,0.0,100.0,,河南省,410000,三门峡市,411200,地级市,灵宝市,411282,县级市
河南|河南安阳市安阳县,address,河南安阳市安阳县,河南,ok,0,114.47673376511405,36.088623815857204,114.46430462947787,36.08251507870008,20.0,区县,0.0,100.0,,河南省,410000,安阳市,410500,地级市,安阳县,410522,县
湖北|湖北郧县,address,湖北郧县,湖北,ok,0,110.81857654361632,32.84059241303827,110.80666293435075,32.8369767954419,20.0,区县,0.0,100.0,,湖北省,420000,十堰市,420300,地级市,郧阳区,420304,市辖区
贵州|贵州六盘水市水城,address,贵州六盘水市水城,贵州,ok,0,106.71447593088575,26.604029544994923,106.70414774178717,26.601751753313398,20.0,省份,0.0,100.0,,贵州省,520000,贵阳市,520100,地级市,云岩区,520103,市辖区
四川|四川夹江,address,四川夹江,四川,failed,1,,,,,,,,,,,,,,,,,
山东|山东乐陵,address,山东乐陵,山东,failed,1,,,,,,,,,,,,,,,,,
山东|山东寿光,address,山东寿光,山东,failed,1,,,,,,,,,,,,,,,,,
山东|山东济阳,address,山东济阳,山东,failed,1,,,,,,,,,,,,,,,,,
山东|山东章丘,address,山东章丘,山东,failed,1,,,,,,,,,,,,,,,,,
山东|山东肥城,address,山东肥城,山东,failed,1,,,,,,,,,,,,,,,,,
山东|山东诸城,address,山东诸城,山东,failed,1,,,,,,,,,,,,,,,,,
山东|山东郯城,address,山东郯城,山东,failed,1,,,,,,,,,,,,,,,,,
山东|山东阳谷,address,山东阳谷,山东,failed,1,,,,,,,,,,,,,,,,,
山东|山东陵县,address,山东陵县,山东,failed,1,,,,,,,,,,,,,,,,,
山西|山西阳城,address,山西阳城,山西,failed,1,,,,,,,,,,,,,,,,,
山西|山西隰县,address,山西隰县,山西,failed,401,,,,,,,,,当前并发量已经超过约定并发配额，限制访问,,,,,,,,
山西|山西霍县,address,山西霍县,山西,failed,1,,,,,,,,,,,,,,,,,
江苏|江苏海,address,江苏海,江苏,failed,1,,,,,,,,,,,,,,,,,
江西|江西南昌,address,江西南昌,江西,failed,1,,,,,,,,,,,,,,,,,
河北|河北大城,address,河北大城,河北,failed,1,,,,,,,,,,,,,,,,,
河北|河北威县,address,河北威县,河北,failed,1,,,,,,,,,,,,,,,,,
河北|河北晋县,address,河北晋县,河北,failed,1,,,,,,,,,,,,,,,,,
河北|河北景县,address,河北景县,河北,failed,1,,,,,,,,,,,,,,,,,
河北|河北涉县,address,河北涉县,河北,failed,1,,,,,,,,,,,,,,,,,
河北|河北献县,address,河北献县,河北,failed,1,,,,,,,,,,,,,,,,,
河北|河北赵县,address,河北赵县,河北,failed,1,,,,,,,,,,,,,,,,,
河北|河北雄县,address,河北雄县,河北,failed,1,,,,,,,,,,,,,,,,,
河南|河南内乡县,address,河南内乡县,河南,failed,1,,,,,,,,,,,,,,,,,
河南|河南商水县,address,河南商水县,河南,failed,1,,,,,,,,,,,,,,,,,
河南|河南嵩县,address,河南嵩县,河南,failed,1,,,,,,,,,,,,,,,,,
河南|河南息县,address,河南息县,河南,failed,1,,,,,,,,,,,,,,,,,
河南|河南济源县,address,河南济源县,河南,failed,1,,,,,,,,,,,,,,,,,
河南|河南浚县,address,河南浚县,河南,failed,1,,,,,,,,,,,,,,,,,
河南|河南温县,address,河南温县,河南,failed,1,,,,,,,,,,,,,,,,,
河南|河南滑县,address,河南滑县,河南,failed,401,,,,,,,,,当前并发量已经超过约定并发配额，限制访问,,,,,,,,
河南|河南灵宝,address,河南灵宝,河南,failed,401,,,,,,,,,当前并发量已经超过约定并发配额，限制访问,,,,,,,,
河南|河南辉县,address,河南辉县,河南,failed,1,,,,,,,,,,,,,,,,,
河南|河南阌乡,address,河南阌乡,河南,failed,401,,,,,,,,,当前并发量已经超过约定并发配额，限制访问,,,,,,,,
湖北|湖北公安,address,湖北公安,湖北,failed,1,,,,,,,,,,,,,,,,,
湖北|湖北房县,address,湖北房县,湖北,failed,1,,,,,,,,,,,,,,,,,
湖南|湖南澧县,address,湖南澧县,湖南,failed,1,,,,,,,,,,,,,,,,,
陕西|陕西佳县,address,陕西佳县,陕西,failed,1,,,,,,,,,,,,,,,,,
陕西|陕西米脂,address,陕西米脂,陕西,failed,1,,,,,,,,,,,,,,,,,
上海|上海 南汇区,address,上海 南汇区,上海,ok,0,121.81232009519839,30.8654651769684,121.80162299652856,30.86143892948393,50.0,NoClass,0.0,0.0,,上海市,310000,上海市,310000,直辖市,浦东新区,310115,市辖区
云南|云南省保山市,address,云南省保山市,云南,ok,0,99.16801175601306,25.11785803166449,99.16053360433094,25.114976242651696,20.0,城市,0.0,100.0,,云南省,530000,保山市,530500,地级市,隆阳区,530502,市辖区
云南|云南省屏边县,address,云南省屏边县,云南,ok,0,103.69343183231612,22.989989585512753,103.68508657602571,22.986697425868766,20.0,区县,0.0,100.0,,云南省,530000,红河哈尼族彝族自治州,532500,自治州,屏边苗族自治县,532523,自治县
云南|云南省嵩明县,address,云南省嵩明县,云南,ok,0,103.04356394015612,25.344409459134855,103.0352100601372,25.341554219287445,20.0,区县,0.0,100.0,,云南省,530000,昆明市,530100,地级市,嵩明县,530127,县
云南|云南省景东县,address,云南省景东县,云南,ok,0,100.83848864452241,24.451863775494918,100.83077297587496,24.44919656681382,20.0,区县,0.0,100.0,,云南省,530000,普洱市,530800,地级市,景东彝族自治县,530823,自治县
云南|云南省镇雄县,address,云南省镇雄县,云南,ok,0,104.88040422431135,27.447794634649174,104.87130273547685,27.445638524629814,20.0,区县,0.0,100.0,,云南省,530000,昭通市,530600,地级市,镇雄县,530627,县
云南|云南 保山市,address,云南 保山市,云南,ok,0,99.16801175601306,25.11785803166449,99.16053360433094,25.114976242651696,20.0,城市,0.0,100.0,,云南省,530000,保山市,530500,地级市,隆阳区,530502,市辖区
内蒙古|内蒙古自治区七斤及蒙旗,address,内蒙古自治区七斤及蒙旗,内蒙古,ok,0,111.77260583081977,40.823156232446166,111.75927778895714,40.81548159746563,20.0,省份,0.0,100.0,,内蒙古自治区,150000,呼和浩特市,150100,地级市,赛罕区,150105,市辖区
内蒙古|内蒙古自治区二道河,address,内蒙古自治区二道河,内蒙古,ok,0,112.10728589772233,40.37321263521891,112.09383213525876,40.36552517029904,50.0,村庄,0.0,100.0,,内蒙古自治区,150000,呼和浩特市,150100,地级市,和林格尔县,150123,县
内蒙古|内蒙古 呼和浩特 林格尔县,address,内蒙古 呼和浩特 林格尔县,内蒙古,ok,0,111.75550856170946,40.84842299711348,111.74216803224213,40.84073652101055,20.0,城市,0.0,100.0,,内蒙古自治区,150000,呼和浩特市,150100,地级市,新城区,150102,市辖区
内蒙古|内蒙古自治区康保尔,address,内蒙古自治区康保尔,内蒙古,ok,0,111.77260583081977,40.823156232446166,111.75927778895714,40.81548159746563,20.0,省份,0.0,100.0,,内蒙古自治区,150000,呼和浩特市,150100,地级市,赛罕区,150105,市辖区
内蒙古|内蒙古自治区归绥道属七斤及蒙旗,address,内蒙古自治区归绥道属七斤及蒙旗,内蒙古,ok,0,111.77260583081977,40.823156232446166,111.75927778895714,40.81548159746563,20.0,省份,0.0,100.0,,内蒙古自治区,150000,呼和浩特市,150100,地级市,赛罕区,150105,市辖区
内蒙古|内蒙古 呼和浩特 归绥县,address,内蒙古 呼和浩特 归绥县,内蒙古,ok,0,111.75550856170946,40.84842299711348,111.74216803224213,40.84073652101055,20.0,城市,0.0,100.0,,内蒙古自治区,150000,呼和浩特市,150100,地级市,新城区,150102,市辖区
四川|四川省万源县,address,四川省万源县,四川,ok,0,108.04154069684341,32.08742084778871,108.03047173727529,32.08320772536667,20.0,区县,0.0,100.0,,四川省,510000,达州市,511700,地级市,万源市,511781,县级市
四川|四川省丹棱县,address,四川省丹棱县,四川,ok,0,103.51958331729479,30.020362794871584,103.51098231436545,30.01708264753124,20.0,区县,0.0,100.0,,四川省,510000,眉山市,511400,地级市,丹棱县,511424,县
四川|四川省乐至县,address,四川省乐至县,四川,ok,0,105.02747697007167,30.28234834600031,105.01775510196907,30.279266039064172,20.0,区县,0.0,100.0,,四川省,510000,资阳市,512000,地级市,乐至县,512022,县
四川|四川省井研县,address,四川省井研县,四川,ok,0,104.07651071352818,29.65730305907957,104.06764474102623,29.653553475394187,20.0,区县,0.0,100.0,,四川省,510000,乐山市,511100,地级市,井研县,511124,县
四川|四川省北川县,address,四川省北川县,四川,ok,0,104.36158555316277,31.963084103414715,104.35248061213439,31.959043621623046,20.0,区县,0.0,100.0,,四川省,510000,绵阳市,510700,地级市,北川羌族自治县,510726,自治县
四川|四川省名山县,address,四川省名山县,四川,ok,0,103.11548579380317,30.075913663381538,103.1067905222295,30.072720421408803,20.0,区县,0.0,100.0,,四川省,510000,雅安市,511800,地级市,名山区,511803,市辖区
四川|四川省夹江,address,四川省夹江,四川,ok,0,103.57841009994,29.743846302985492,103.56997649934988,29.74065807587223,20.0,区县,0.0,100.0,,四川省,510000,乐山市,511100,地级市,夹江县,511126,县
四川|四川 乐山市 夹江县,address,四川 乐山市 夹江县,四川,ok,0,103.57841009994,29.743846302985492,103.56997649934988,29.74065807587223,20.0,区县,0.0,100.0,,四川省,510000,乐山市,511100,地级市,夹江县,511126,县
四川|四川省安岳县,address,四川省安岳县,四川,ok,0,105.34245423273225,30.103392734493756,105.33238581514537,30.100108258454977,20.0,区县,0.0,100.0,,四川省,510000,资阳市,512000,地级市,安岳县,512021,县
四川|四川省巫溪县,address,四川省巫溪县,四川,ok,0,109.57640255899645,31.404880009858267,109.5651989311638,31.401116861125143,20.0,区县,0.0,100.0,,重庆市,500000,重庆市,500000,直辖市,巫溪县,500238,县
四川|四川省巴中,address,四川省巴中,四川,ok,0,106.7515853031645,31.872888585956545,106.7408841926349,31.869295503041812,20.0,城市,0.0,100.0,,四川省,510000,巴中市,511900,地级市,巴州区,511902,市辖区
四川|四川省彭水县,address,四川省彭水县,四川,ok,0,108.17257803588225,29.29946229044254,108.16174067106847,29.295907807206625,20.0,区县,0.0,100.0,,重庆市,500000,重庆市,500000,直辖市,彭水苗族土家族自治县,500243,自治县
四川|四川省忠县,address,四川省忠县,四川,ok,0,108.04453753385525,30.305268389356584,108.03357404708322,30.301457313629257,20.0,区县,0.0,100.0,,重庆市,500000,重庆市,500000,直辖市,忠县,500233,县
四川|四川省营山县,address,四川省营山县,四川,ok,0,106.57240802851658,31.083002970198866,106.5621047494211,31.079552535728904,20.0,区县,0.0,100.0,,四川省,510000,南充市,511300,地级市,营山县,511322,县
四川|重庆市 潼南区,address,重庆市 潼南区,四川,ok,0,105.84739903616547,30.19731423966403,105.83739312304216,30.193812483087864,20.0,区县,0.0,100.0,,重庆市,500000,重庆市,500000,直辖市,潼南区,500152,市辖区
四川|重庆市 彭水苗族土家自治县,address,重庆市 彭水苗族土家自治县,四川,ok,0,108.17257803588225,29.29946229044254,108.16174067106847,29.295907807206625,20.0,区县,0.0,57.0,,重庆市,500000,重庆市,500000,直辖市,彭水苗族土家族自治县,500243,自治县
天津|天津市武清县,address,天津市武清县,天津,ok,0,117.05059715977872,39.389871228788344,117.03765102662463,39.382979049030304,20.0,区县,0.0,100.0,,天津市,120000,天津市,120000,直辖市,武清区,120114,市辖区
宁夏|宁夏回族自治区隆德县,address,宁夏回族自治区隆德县,宁夏,ok,0,106.11849829669953,35.63176231509369,106.10776068814151,35.625609781539666,20.0,区县,0.0,100.0,,宁夏回族自治区,640000,固原市,640400,地级市,隆德县,640423,县
宁夏|宁夏 固原 隆德县,address,宁夏 固原 隆德县,宁夏,ok,0,106.11849829669953,35.63176231509369,106.10776068814151,35.625609781539666,20.0,区县,0.0,100.0,,宁夏回族自治区,640000,固原市,640400,地级市,隆德县,640423,县
安徽|安徽省五河县,address,安徽省五河县,安徽,ok,0,117.88756088987175,33.13270946286574,117.87577610034704,33.128291080313225,20.0,区县,0.0,100.0,,安徽省,340000,蚌埠市,340300,地级市,五河县,340322,县
安徽|安徽省全椒县,address,安徽省全椒县,安徽,ok,0,118.28058428269748,32.091939797603374,118.26881834932831,32.08774688415112,20.0,区县,0.0,100.0,,安徽省,340000,滁州市,341100,地级市,全椒县,341124,县
安徽|安徽省六安县,address,安徽省六安县,安徽,ok,0,117.3305404177196,31.73429415631746,117.31840395716797,31.73039032367704,20.0,省份,0.0,100.0,,安徽省,340000,合肥市,340100,地级市,包河区,340111,市辖区
安徽|安徽省凤阳县,address,安徽省凤阳县,安徽,ok,0,117.5385853687445,32.88097672525767,117.52655007979223,32.876943495466676,20.0,区县,0.0,100.0,,安徽省,340000,滁州市,341100,地级市,凤阳县,341126,县
安徽|安徽省天长县,address,安徽省天长县,安徽,ok,0,119.01138527948528,32.67341003277047,118.99944359605178,32.669748451826294,20.0,区县,0.0,100.0,,安徽省,340000,滁州市,341100,地级市,天长市,341181,县级市
安徽|安徽省太和县,address,安徽省太和县,安徽,ok,0,115.62861546970402,33.16595985009563,115.6168237913428,33.16175255517233,20.0,区县,0.0,100.0,,安徽省,340000,阜阳市,341200,地级市,太和县,341222,县
安徽|安徽省太湖县,address,安徽省太湖县,安徽,ok,0,116.31547630162399,30.460113290447975,116.30389343894743,30.456330336743736,20.0,区县,0.0,100.0,,安徽省,340000,安庆市,340800,地级市,太湖县,340825,县
安徽|安徽省宁国县,address,安徽省宁国县,安徽,ok,0,118.98960981494011,30.639352229689443,118.97793803565347,30.636133252544116,20.0,区县,0.0,100.0,,安徽省,340000,宣城市,341800,地级市,宁国市,341881,县级市
安徽|安徽省宿县,address,安徽省宿县,安徽,ok,0,117.3305404177196,31.73429415631746,117.31840395716797,31.73039032367704,20.0,省份,0.0,100.0,,安徽省,340000,合肥市,340100,地级市,包河区,340111,市辖区
安徽|安徽省宿松县,address,安徽省宿松县,安徽,ok,0,116.1355236994904,30.159786861375334,116.12383361827244,30.15581646482123,20.0,区县,0.0,100.0,,安徽省,340000,安庆市,340800,地级市,宿松县,340826,县
安徽|安徽省寿县,address,安徽省寿县,安徽,ok,0,116.80556277259998,32.56154615120071,116.79370182237162,32.5579417641997,20.0,区县,0.0,100.0,,安徽省,340000,淮南市,340400,地级市,寿县,340422,县
安徽|安徽 淮南市 寿县,address,安徽 淮南市 寿县,安徽,ok,0,116.80556277259998,32.56154615120071,116.79370182237162,32.5579417641997,20.0,区县,0.0,100.0,,安徽省,340000,淮南市,340400,地级市,寿县,340422,县
安徽|安徽省广德县,address,安徽省广德县,安徽,ok,0,117.3305404177196,31.73429415631746,117.31840395716797,31.73039032367704,20.0,省份,0.0,100.0,,安徽省,340000,合肥市,340100,地级市,包河区,340111,市辖区
安徽|安徽省怀远县,address,安徽省怀远县,安徽,ok,0,117.21150631391461,32.97600372662439,117.19931253358105,32.97210215183883,20.0,区县,0.0,100.0,,安徽省,340000,蚌埠市,340300,地级市,怀远县,340321,县
安徽|安徽省来安县,address,安徽省来安县,安徽,ok,0,118.44241249320064,32.458449762426696,118.43043387172844,32.45428560812365,20.0,区县,0.0,100.0,,安徽省,340000,滁州市,341100,地级市,来安县,341122,县
安徽|安徽省潜山县,address,安徽省潜山县,安徽,ok,0,116.58761103891939,30.636755682399183,116.57621213995516,30.633432109115144,20.0,区县,0.0,100.0,,安徽省,340000,安庆市,340800,地级市,潜山市,340882,县级市
安徽|安徽省皖南,address,安徽省皖南,安徽,ok,0,118.20674949859365,31.164972287503105,118.19502654482875,31.160747895096485,50.0,村庄,0.0,100.0,,安徽省,340000,芜湖市,340200,地级市,繁昌区,340211,市辖区
安徽|安徽省舒城县,address,安徽省舒城县,安徽,ok,0,116.95560171142074,31.467692010555787,116.94389517454707,31.464189150990926,20.0,区县,0.0,100.0,,安徽省,340000,六安市,341500,地级市,舒城县,341523,县
安徽|安徽省萧县,address,安徽省萧县,安徽,ok,0,116.94323923099243,34.226833736436404,116.93127044731067,34.222644217017425,20.0,区县,0.0,100.0,,安徽省,340000,宿州市,341300,地级市,萧县,341322,县
安徽|安徽 宿州市 萧县,address,安徽 宿州市 萧县,安徽,ok,0,116.94323923099243,34.226833736436404,116.93127044731067,34.222644217017425,20.0,区县,0.0,100.0,,安徽省,340000,宿州市,341300,地级市,萧县,341322,县
安徽|安徽省蒙城县,address,安徽省蒙城县,安徽,ok,0,116.57158940082672,33.27165823967443,116.55997755742808,33.26755414956245,20.0,区县,0.0,100.0,,安徽省,340000,亳州市,341600,地级市,蒙城县,341622,县
安徽|安徽省霍丘县,address,安徽省霍丘县,安徽,ok,0,117.3305404177196,31.73429415631746,117.31840395716797,31.73039032367704,20.0,省份,0.0,100.0,,安徽省,340000,合肥市,340100,地级市,包河区,340111,市辖区
安徽|安徽省霍山县,address,安徽省霍山县,安徽,ok,0,116.35428238101063,31.41558470831777,116.3425687997416,31.41132868355709,20.0,区县,0.0,100.0,,安徽省,340000,六安市,341500,地级市,霍山县,341525,县
安徽|安徽省霍邱县,address,安徽省霍邱县,安徽,ok,0,116.28439133775672,32.3593435909225,116.27269978072248,32.355213848915234,20.0,区县,0.0,100.0,,安徽省,340000,六安市,341500,地级市,霍邱县,341522,县
安徽|安徽省颍上县,address,安徽省颍上县,安徽,ok,0,116.26347689904284,32.659028468804394,116.25177445473328,32.654832755586185,20.0,区县,0.0,100.0,,安徽省,340000,阜阳市,341200,地级市,颍上县,341226,县
安徽|安徽 合肥市,address,安徽 合肥市,安徽,ok,0,117.23344266497664,31.826577833686887,117.22139827455932,31.82284558474241,20.0,城市,0.0,100.0,,安徽省,340000,合肥市,340100,地级市,蜀山区,340104,市辖区
安徽|安徽 六安市 霍邱县,address,安徽 六安市 霍邱县,安徽,ok,0,116.28439133775672,32.3593435909225,116.27269978072248,32.355213848915234,20.0,区县,0.0,100.0,,安徽省,340000,六安市,341500,地级市,霍邱县,341522,县
安徽|安徽 阜阳市,address,安徽 阜阳市,安徽,ok,0,115.82043612491321,32.89606099485221,115.80864083917106,32.89176771745348,20.0,城市,0.0,100.0,,安徽省,340000,阜阳市,341200,地级市,颍州区,341202,市辖区
山东|山东省东明县,address,山东省东明县,山东,ok,0,115.11402511085738,35.28172493679994,115.10146480996437,35.276290238416784,20.0,区县,0.0,100.0,,山东省,370000,菏泽市,371700,地级市,东明县,371728,县
山东|山东省东阿,address,山东省东阿,山东,ok,0,116.25449294563757,36.340957707760644,116.2424351539442,36.33461454959697,20.0,区县,0.0,100.0,,山东省,370000,聊城市,371500,地级市,东阿县,371524,县
山东|山东省东阿县,address,山东省东阿县,山东,ok,0,116.25449294563757,36.340957707760644,116.2424351539442,36.33461454959697,20.0,区县,0.0,100.0,,山东省,370000,聊城市,371500,地级市,东阿县,371524,县
山东|山东省临邑县,address,山东省临邑县,山东,ok,0,116.87340370301902,37.19616936672706,116.86119026250917,37.19003660564351,20.0,区县,0.0,100.0,,山东省,370000,德州市,371400,地级市,临邑县,371424,县
山东|山东省乐陵,address,山东省乐陵,山东,ok,0,117.23840643173311,37.73592450080975,117.22573442331917,37.729413257866234,20.0,区县,0.0,100.0,,山东省,370000,德州市,371400,地级市,乐陵市,371481,县级市
山东|山东 乐陵市,address,山东 乐陵市,山东,ok,0,117.23840643173311,37.73592450080975,117.22573442331917,37.729413257866234,20.0,区县,0.0,100.0,,山东省,370000,德州市,371400,地级市,乐陵市,371481,县级市
山东|山东省利津县,address,山东省利津县,山东,ok,0,118.26161799914311,37.49586029903058,118.249333989842,37.48884551345866,20.0,区县,0.0,100.0,,山东省,370000,东营市,370500,地级市,利津县,370522,县
山东|山东省单县,address,山东省单县,山东,ok,0,116.11158367798839,34.78465843369218,116.0994403212599,34.77907745117317,20.0,区县,0.0,100.0,,山东省,370000,菏泽市,371700,地级市,单县,371722,县
山东|山东省商河县,address,山东省商河县,山东,ok,0,117.16352979289881,37.31497071555638,117.15078768268042,37.30847670827174,20.0,区县,0.0,100.0,,山东省,370000,济南市,370100,地级市,商河县,370126,县
山东|山东省宁津县,address,山东省宁津县,山东,ok,0,116.80653761373941,37.658018745854946,116.79417946941864,37.65158668960172,20.0,区县,0.0,100.0,,山东省,370000,德州市,371400,地级市,宁津县,371422,县
山东|山东省宁阳县,address,山东省宁阳县,山东,ok,0,116.81257853863292,35.76453909734402,116.80043604229819,35.75894029100397,20.0,区县,0.0,100.0,,山东省,370000,泰安市,370900,地级市,宁阳县,370921,县
山东|山东省安丘,address,山东省安丘,山东,ok,0,119.2256075181801,36.483842195596104,119.2132661393574,36.47789065436373,20.0,区县,0.0,100.0,,山东省,370000,潍坊市,370700,地级市,安丘市,370784,县级市
山东|山东省安丘县,address,山东省安丘县,山东,ok,0,119.2256075181801,36.483842195596104,119.2132661393574,36.47789065436373,20.0,区县,0.0,100.0,,山东省,370000,潍坊市,370700,地级市,安丘市,370784,县级市
山东|山东省定陶县,address,山东省定陶县,山东,ok,0,115.57943737523806,35.07727517975711,115.5674278263538,35.07199426035382,20.0,区县,0.0,100.0,,山东省,370000,菏泽市,371700,地级市,定陶区,371703,市辖区
山东|山东 潍坊市 寿光市,address,山东 潍坊市 寿光市,山东,ok,0,118.7974153748082,36.86192174647094,118.78513837646636,36.85580614952079,20.0,区县,0.0,100.0,,山东省,370000,潍坊市,370700,地级市,寿光市,370783,县级市
山东|山东省寿光县,address,山东省寿光县,山东,ok,0,118.7974153748082,36.86192174647094,118.78513837646636,36.85580614952079,20.0,区县,0.0,100.0,,山东省,370000,潍坊市,370700,地级市,寿光市,370783,县级市
山东|山东省寿张,address,山东省寿张,山东,ok,0,115.86795442028837,36.02591841355568,115.855994492069,36.019754117470235,25.0,乡镇,0.0,100.0,,山东省,370000,聊城市,371500,地级市,阳谷县,371521,县
山东|山东省平原县,address,山东省平原县,山东,ok,0,116.4405047082665,37.171221463311625,116.42815239879762,37.16439798328747,20.0,区县,0.0,100.0,,山东省,370000,德州市,371400,地级市,平原县,371426,县
山东|山东省平度县,address,山东省平度县,山东,ok,0,119.976700697455,36.75993613014904,119.9650758511575,36.753282712117986,20.0,区县,0.0,100.0,,山东省,370000,青岛市,370200,地级市,平度市,370283,县级市
山东|山东省平阴县,address,山东省平阴县,山东,ok,0,116.46261667805571,36.29486132106647,116.45037937064606,36.288608229324915,20.0,区县,0.0,100.0,,山东省,370000,济南市,370100,地级市,平阴县,370124,县
山东|山东省广饶县,address,山东省广饶县,山东,ok,0,118.4260019786527,37.060488846616934,118.4135403625954,37.05366338315894,20.0,区县,0.0,100.0,,山东省,370000,东营市,370500,地级市,广饶县,370523,县
山东|山东省德州市,address,山东省德州市,山东,ok,0,116.36555674397471,37.441308454576266,116.35321987406334,37.4342960545154,20.0,城市,0.0,100.0,,山东省,370000,德州市,371400,地级市,德城区,371402,市辖区
山东|山东省惠民县,address,山东省惠民县,山东,ok,0,117.5165096904979,37.49580310894013,117.50392534343422,37.48906997519396,20.0,区县,0.0,100.0,,山东省,370000,滨州市,371600,地级市,惠民县,371621,县
山东|山东省成武县,address,山东省成武县,山东,ok,0,115.8965190083863,34.95860565495999,115.8847154575813,34.95321209739009,20.0,区县,0.0,100.0,,山东省,370000,菏泽市,371700,地级市,成武县,371723,县
山东|山东省昌乐,address,山东省昌乐,山东,ok,0,118.83648798143965,36.71299619084501,118.82429353944114,36.70707189699923,20.0,区县,0.0,100.0,,山东省,370000,潍坊市,370700,地级市,昌乐县,370725,县
山东|山东省昌乐县,address,山东省昌乐县,山东,ok,0,118.83648798143965,36.71299619084501,118.82429353944114,36.70707189699923,20.0,区县,0.0,100.0,,山东省,370000,潍坊市,370700,地级市,昌乐县,370725,县
山东|山东省昌邑县,address,山东省昌邑县,山东,ok,0,119.40440597739446,36.8651610726221,119.39190138070562,36.85864744673794,20.0,区县,0.0,100.0,,山东省,370000,潍坊市,370700,地级市,昌邑市,370786,县级市
山东|山东省栖霞县,address,山东省栖霞县,山东,ok,0,120.85641658337892,37.341418164799684,120.84506333147107,37.335106508435175,20.0,区县,0.0,100.0,,山东省,370000,烟台市,370600,地级市,栖霞市,370686,县级市
山东|山东省武定,address,山东省武定,山东,ok,0,102.4105318203669,25.536089587806806,102.40246175715689,25.53280721910491,20.0,区县,0.0,100.0,,云南省,530000,楚雄彝族自治州,532300,自治州,武定县,532329,县
山东|山东省永年县,address,山东省永年县,山东,ok,0,114.550625142465,36.74756938957492,114.53837230476955,36.741472703805826,20.0,区县,0.0,100.0,,河北省,130000,邯郸市,130400,地级市,永年区,130408,市辖区
山东|山东省汶上县,address,山东省汶上县,山东,ok,0,116.50544105764958,35.71705539262766,116.49342294629581,35.71113752766394,20.0,区县,0.0,100.0,,山东省,370000,济宁市,370800,地级市,汶上县,370830,县
山东|山东省沂水县,address,山东省沂水县,山东,ok,0,118.63461726384591,35.79618058471814,118.6226943349985,35.79049981255665,20.0,区县,0.0,100.0,,山东省,370000,临沂市,371300,地级市,沂水县,371323,县
山东|山东省沾化县,address,山东省沾化县,山东,ok,0,118.10545441335532,37.705298106724484,118.09286360123511,37.697989397406445,20.0,区县,0.0,100.0,,山东省,370000,滨州市,371600,地级市,沾化区,371603,市辖区
山东|山东省泗水县,address,山东省泗水县,山东,ok,0,117.2574285898902,35.67060048122767,117.24500155210293,35.66494275359562,20.0,区县,0.0,100.0,,山东省,370000,济宁市,370800,地级市,泗水县,370831,县
山东|山东省泰安,address,山东省泰安,山东,ok,0,117.0944948347959,36.2058580448846,117.08181116882463,36.19994271820543,20.0,城市,0.0,100.0,,山东省,370000,泰安市,370900,地级市,泰山区,370902,市辖区
山东|山东省济南府,address,山东省济南府,山东,ok,0,117.03095660810855,36.64718713071695,117.01838710580714,36.64121291851737,80.0,餐饮,1.0,100.0,,山东省,370000,济南市,370100,地级市,历下区,370102,市辖区
山东|山东 济南市,address,山东 济南市,山东,ok,0,117.07354922488085,36.97570663177495,117.06081892197419,36.969413402806794,70.0,教育,1.0,57.0,,山东省,370000,济南市,370100,地级市,济阳区,370115,市辖区
山东|山东省济宁,address,山东省济宁,山东,ok,0,116.59361234853988,35.420177394529645,116.58181111739216,35.41472606496415,20.0,城市,0.0,100.0,,山东省,370000,济宁市,370800,地级市,任城区,370811,市辖区
山东|山东省济阳,address,山东省济阳,山东,ok,0,117.18062113319276,36.98397051831499,117.1679352957891,36.97769959675554,20.0,区县,0.0,100.0,,山东省,370000,济南市,370100,地级市,济阳区,370115,市辖区
山东|山东 济南市 济阳区,address,山东 济南市 济阳区,山东,ok,0,117.18062113319276,36.98397051831499,117.1679352957891,36.97769959675554,20.0,区县,0.0,100.0,,山东省,370000,济南市,370100,地级市,济阳区,370115,市辖区
山东|山东省济阳县,address,山东省济阳县,山东,ok,0,117.18062113319276,36.98397051831499,117.1679352957891,36.97769959675554,20.0,区县,0.0,100.0,,山东省,370000,济南市,370100,地级市,济阳区,370115,市辖区
山东|山东省滕县,address,山东省滕县,山东,ok,0,117.02744162847857,36.674856650404905,117.01488397839204,36.668876101496664,20.0,省份,0.0,100.0,,山东省,370000,济南市,370100,地级市,历下区,370102,市辖区
山东|山东省禹城县,address,山东省禹城县,山东,ok,0,116.64437110138118,36.94024200876569,116.6323227202416,36.93410297501305,20.0,区县,0.0,100.0,,山东省,370000,德州市,371400,地级市,禹城市,371482,县级市
山东|山东省章丘,address,山东省章丘,山东,ok,0,117.53256537436938,36.685532751420155,117.52010184210887,36.67929465581294,20.0,区县,0.0,100.0,,山东省,370000,济南市,370100,地级市,章丘区,370114,市辖区
山东|山东 济南市 章丘区,address,山东 济南市 章丘区,山东,ok,0,117.53256537436938,36.685532751420155,117.52010184210887,36.67929465581294,20.0,区县,0.0,100.0,,山东省,370000,济南市,370100,地级市,章丘区,370114,市辖区
山东|山东省章丘县,address,山东省章丘县,山东,ok,0,117.53256537436938,36.685532751420155,117.52010184210887,36.67929465581294,20.0,区县,0.0,100.0,,山东省,370000,济南市,370100,地级市,章丘区,370114,市辖区
山东|山东省肥城,address,山东省肥城,山东,ok,0,116.77540081764421,36.18881122431525,116.76315713539525,36.183020030819556,20.0,区县,0.0,100.0,,山东省,370000,泰安市,370900,地级市,肥城市,370983,县级市
山东|山东 泰安市 肥城市,address,山东 泰安市 肥城市,山东,ok,0,116.77540081764421,36.18881122431525,116.76315713539525,36.183020030819556,20.0,区县,0.0,100.0,,山东省,370000,泰安市,370900,地级市,肥城市,370983,县级市
山东|山东省肥城县,address,山东省肥城县,山东,ok,0,116.77540081764421,36.18881122431525,116.76315713539525,36.183020030819556,20.0,区县,0.0,100.0,,山东省,370000,泰安市,370900,地级市,肥城市,370983,县级市
山东|山东省茌平,address,山东省茌平,山东,ok,0,116.26145544215375,36.5867850688424,116.24936959857321,36.58033868138363,20.0,区县,0.0,100.0,,山东省,370000,聊城市,371500,地级市,茌平区,371503,市辖区
山东|山东省莒县,address,山东省莒县,山东,ok,0,118.87571222204119,35.59687205195049,118.86374427169913,35.591466259449206,20.0,区县,0.0,100.0,,山东省,370000,日照市,371100,地级市,莒县,371122,县
山东|山东省莱阳县,address,山东省莱阳县,山东,ok,0,120.718414309578,36.9846355683041,120.70697891992518,36.97833319421675,20.0,区县,0.0,100.0,,山东省,370000,烟台市,370600,地级市,莱阳市,370682,县级市
山东|山东省蒙阴县,address,山东省蒙阴县,山东,ok,0,117.95141460145422,35.71634716623248,117.93937860407655,35.71020219701927,20.0,区县,0.0,100.0,,山东省,370000,临沂市,371300,地级市,蒙阴县,371328,县
山东|山东省诸城,address,山东省诸城,山东,ok,0,119.41640221866636,36.00200885807568,119.40401397777873,35.9958611758665,20.0,区县,0.0,100.0,,山东省,370000,潍坊市,370700,地级市,诸城市,370782,县级市
山东|山东 潍坊市 诸城市,address,山东 潍坊市 诸城市,山东,ok,0,119.41640221866636,36.00200885807568,119.40401397777873,35.9958611758665,20.0,区县,0.0,100.0,,山东省,370000,潍坊市,370700,地级市,诸城市,370782,县级市
山东|山东省费县,address,山东省费县,山东,ok,0,117.98442508318213,35.27230412851695,117.97235465071927,35.26639496572099,20.0,区县,0.0,100.0,,山东省,370000,临沂市,371300,地级市,费县,371325,县
山东|山东 临沂市 费县,address,山东 临沂市 费县,山东,ok,0,117.98442508318213,35.27230412851695,117.97235465071927,35.26639496572099,20.0,区县,0.0,100.0,,山东省,370000,临沂市,371300,地级市,费县,371325,县
山东|山东省邹县,address,山东省邹县,山东,ok,0,117.02744162847857,36.674856650404905,117.01488397839204,36.668876101496664,20.0,省份,0.0,100.0,,山东省,370000,济南市,370100,地级市,历下区,370102,市辖区
山东|山东省邹平县,address,山东省邹平县,山东,ok,0,117.74947848721935,36.8700322166973,117.73700476983839,36.863376800557255,20.0,区县,0.0,100.0,,山东省,370000,滨州市,371600,地级市,邹平市,371681,县级市
山东|山东省郓城县,address,山东省郓城县,山东,ok,0,115.94539329592878,35.58147559928302,115.93354361095909,35.57545784558036,20.0,区县,0.0,100.0,,山东省,370000,菏泽市,371700,地级市,郓城县,371725,县
山东|山东省郯城,address,山东省郯城,山东,ok,0,118.37358710977321,34.61922593247125,118.36139373756987,34.61396738531961,20.0,区县,0.0,100.0,,山东省,370000,临沂市,371300,地级市,郯城县,371322,县
山东|山东 临沂市 郯城县,address,山东 临沂市 郯城县,山东,ok,0,118.37358710977321,34.61922593247125,118.36139373756987,34.61396738531961,20.0,区县,0.0,100.0,,山东省,370000,临沂市,371300,地级市,郯城县,371322,县
山东|山东省阳信县,address,山东省阳信县,山东,ok,0,117.58443703790701,37.64733803495721,117.57203947886005,37.64065377650137,20.0,区县,0.0,100.0,,山东省,370000,滨州市,371600,地级市,阳信县,371622,县
山东|山东省阳谷,address,山东省阳谷,山东,ok,0,115.79839557041204,36.12081551468669,115.78622846999039,36.11454765599915,20.0,区县,0.0,100.0,,山东省,370000,聊城市,371500,地级市,阳谷县,371521,县
山东|山东 聊城市 阳谷县,address,山东 聊城市 阳谷县,山东,ok,0,115.79839557041204,36.12081551468669,115.78622846999039,36.11454765599915,20.0,区县,0.0,100.0,,山东省,370000,聊城市,371500,地级市,阳谷县,371521,县
山东|山东省阳谷县,address,山东省阳谷县,山东,ok,0,115.79839557041204,36.12081551468669,115.78622846999039,36.11454765599915,20.0,区县,0.0,100.0,,山东省,370000,聊城市,371500,地级市,阳谷县,371521,县
山东|山东省陵县,address,山东省陵县,山东,ok,0,116.5894000143425,37.34713243458088,116.57739403949111,37.34071846932783,20.0,区县,0.0,100.0,,山东省,370000,德州市,371400,地级市,陵城区,371403,市辖区
山东|山东 德州市 陵城区,address,山东 德州市 陵城区,山东,ok,0,116.5894000143425,37.34713243458088,116.57739403949111,37.34071846932783,20.0,区县,0.0,100.0,,山东省,370000,德州市,371400,地级市,陵城区,371403,市辖区
山东|山东省青城,address,山东省青城,山东,ok,0,117.70263760402926,37.18524705654007,117.69018221232251,37.178469515096694,25.0,乡镇,0.0,100.0,,山东省,370000,淄博市,370300,地级市,高青县,370322,县
山东|山东省青州,address,山东省青州,山东,ok,0,118.48653672086745,36.690416508705376,118.47424030978493,36.68402765229215,20.0,区县,0.0,100.0,,山东省,370000,潍坊市,370700,地级市,青州市,370781,县级市
山东|山东省青州市（益都）,address,山东省青州市（益都）,山东,ok,0,118.47761097765921,36.70385262432992,118.46528392654974,36.69742090199305,25.0,乡镇,0.0,100.0,,山东省,370000,潍坊市,370700,地级市,青州市,370781,县级市
山东|山东省高密县,address,山东省高密县,山东,ok,0,119.76241099601636,36.388956706464846,119.75049385033137,36.382518105115444,20.0,区县,0.0,100.0,,山东省,370000,潍坊市,370700,地级市,高密市,370785,县级市
山东|山东省鱼台县,address,山东省鱼台县,山东,ok,0,116.65739284822328,35.017887717822525,116.6455165969788,35.012852284735224,20.0,区县,0.0,100.0,,山东省,370000,济宁市,370800,地级市,鱼台县,370827,县
山东|山东省龙口市,address,山东省龙口市,山东,ok,0,120.48536852807433,37.65255512549617,120.47378538210444,37.64563367559842,20.0,区县,0.0,100.0,,山东省,370000,烟台市,370600,地级市,龙口市,370681,县级市
山东|山东 临沂市,address,山东 临沂市,山东,ok,0,118.36353300501388,35.11067124236514,118.35132962902804,35.10491040307795,20.0,城市,0.0,100.0,,山东省,370000,临沂市,371300,地级市,兰山区,371302,市辖区
山东|山东 济南市 商河县,address,山东 济南市 商河县,山东,ok,0,117.16352979289881,37.31497071555638,117.15078768268042,37.30847670827174,20.0,区县,0.0,100.0,,山东省,370000,济南市,370100,地级市,商河县,370126,县
山东|山东 枣庄市 滕州市,address,山东 枣庄市 滕州市,山东,ok,0,117.17256521920983,35.120034809573916,117.16008410062695,35.11478480555841,20.0,区县,0.0,100.0,,山东省,370000,枣庄市,370400,地级市,滕州市,370481,县级市
山东|山东 菏泽市 郓城县,address,山东 菏泽市 郓城县,山东,ok,0,115.94539329592878,35.58147559928302,115.93354361095909,35.57545784558036,20.0,区县,0.0,100.0,,山东省,370000,菏泽市,371700,地级市,郓城县,371725,县
山东|山东 济宁市 兖州区,address,山东 济宁市 兖州区,山东,ok,0,116.7901151517282,35.557952373283435,116.77797569577189,35.55241295292106,20.0,区县,0.0,100.0,,山东省,370000,济宁市,370800,地级市,兖州区,370812,市辖区
山东|山东 德州市 庆云县,address,山东 德州市 庆云县,山东,ok,0,117.39145244824853,37.78158531885699,117.37854198773813,37.77476358485895,20.0,区县,0.0,100.0,,山东省,370000,德州市,371400,地级市,庆云县,371423,县
山东|山东 淄博市 高青县,address,山东 淄博市 高青县,山东,ok,0,117.8333943252478,37.17726865433254,117.82106438018153,37.17043705680412,20.0,区县,0.0,100.0,,山东省,370000,淄博市,370300,地级市,高青县,370322,县
山东|山东 烟台市 莱州市,address,山东 烟台市 莱州市,山东,ok,0,119.94859307736998,37.18263660907421,119.9369982677728,37.175764707825486,20.0,区县,0.0,100.0,,山东省,370000,烟台市,370600,地级市,莱州市,370683,县级市
山东|山东 聊城市,address,山东 聊城市,山东,ok,0,115.99158784830443,36.46275818769411,115.97949852390047,36.45631777625356,20.0,城市,0.0,100.0,,山东省,370000,聊城市,371500,地级市,东昌府区,371502,市辖区
山东|山东 潍坊市 昌邑市,address,山东 潍坊市 昌邑市,山东,ok,0,119.40440597739446,36.8651610726221,119.39190138070562,36.85864744673794,20.0,区县,0.0,100.0,,山东省,370000,潍坊市,370700,地级市,昌邑市,370786,县级市
山东|山东 青岛市 高密市,address,山东 青岛市 高密市,山东,ok,0,119.76241099601636,36.388956706464846,119.75049385033137,36.382518105115444,20.0,区县,0.0,100.0,,山东省,370000,潍坊市,370700,地级市,高密市,370785,县级市
山西|山西省万泉,address,山西省万泉,山西,ok,0,110.8151805894664,35.36743935471832,110.80305152080747,35.362195888409644,25.0,乡镇,0.0,100.0,,山西省,140000,运城市,140800,地级市,万荣县,140822,县
山西|山西省临汾,address,山西省临汾,山西,ok,0,111.52553022403073,36.093741895419726,111.51281391952868,36.08784377738022,20.0,城市,0.0,100.0,,山西省,140000,临汾市,141000,地级市,尧都区,141002,市辖区
山西|山西省乐平县,address,山西省乐平县,山西,ok,0,117.15851067473356,28.984363669039215,117.14659676896147,28.981495141454253,20.0,区县,0.0,100.0,,江西省,360000,景德镇市,360200,地级市,乐平市,360281,县级市
山西|山西省乡宁县,address,山西省乡宁县,山西,ok,0,110.85349790082506,35.9764416654741,110.84133684016011,35.9709723175486,20.0,区县,0.0,100.0,,山西省,140000,临汾市,141000,地级市,乡宁县,141029,县
山西|山西省五台县,address,山西省五台县,山西,ok,0,113.26145109491867,38.73418159056545,113.24807688753141,38.727735308250914,20.0,区县,0.0,100.0,,山西省,140000,忻州市,140900,地级市,五台县,140922,县
山西|山西省保德县,address,山西省保德县,山西,ok,0,111.09254175804939,39.02833693239553,111.07939867881623,39.02168522201652,20.0,区县,0.0,100.0,,山西省,140000,忻州市,140900,地级市,保德县,140931,县
山西|山西省偏关县,address,山西省偏关县,山西,ok,0,111.51447352049172,39.44223009038652,111.50135039721368,39.435229578521174,20.0,区县,0.0,100.0,,山西省,140000,忻州市,140900,地级市,偏关县,140932,县
山西|山西省原平县,address,山西省原平县,山西,ok,0,112.71748713403183,38.73647589760487,112.70433067931599,38.730040020843745,20.0,区县,0.0,100.0,,山西省,140000,忻州市,140900,地级市,原平市,140981,县级市
山西|山西省垣曲县,address,山西省垣曲县,山西,ok,0,111.67660670571551,35.30301451741769,111.66405091496313,35.297408176271546,20.0,区县,0.0,100.0,,山西省,140000,运城市,140800,地级市,垣曲县,140827,县
山西|山西省壶关县,address,山西省壶关县,山西,ok,0,113.21357985530864,36.121334604236964,113.20048864016854,36.11559784388345,20.0,区县,0.0,100.0,,山西省,140000,长治市,140400,地级市,壶关县,140427,县
山西|山西省大同市,address,山西省大同市,山西,ok,0,113.37336244450448,40.102783001859564,113.35963642626889,40.09560028973004,20.0,城市,0.0,100.0,,山西省,140000,大同市,140200,地级市,平城区,140213,市辖区
山西|山西省太原,address,山西省太原,山西,ok,0,112.55639149167204,37.87698902884778,112.54358427906784,37.87052119049943,20.0,城市,0.0,100.0,,山西省,140000,太原市,140100,地级市,杏花岭区,140107,市辖区
山西|山西省太平,address,山西省太平,山西,ok,0,120.77887411627259,24.10801044402896,120.7684886172875,24.104981815056227,20.0,区县,0.0,100.0,,台湾省,710000,台湾省,710000,不统计,台湾省,710000,不统计
山西|山西省太平县,address,山西省太平县,山西,ok,0,121.68538413680544,42.01696785414082,121.67352351605028,42.008644508466205,20.0,区县,0.0,100.0,,辽宁省,210000,阜新市,210900,地级市,太平区,210904,市辖区
山西|山西省太谷县,address,山西省太谷县,山西,ok,0,112.56937550968271,37.87982942385603,112.55659092887635,37.87339878152591,20.0,省份,0.0,100.0,,山西省,140000,太原市,140100,地级市,杏花岭区,140107,市辖区
山西|山西省孟县,address,山西省孟县,山西,ok,0,112.56937550968271,37.87982942385603,112.55659092887635,37.87339878152591,20.0,省份,0.0,100.0,,山西省,140000,太原市,140100,地级市,杏花岭区,140107,市辖区
山西|山西省宁武县,address,山西省宁武县,山西,ok,0,112.32639824212184,39.02434238143123,112.31326018359562,39.01726736690062,20.0,区县,0.0,100.0,,山西省,140000,忻州市,140900,地级市,宁武县,140925,县
山西|山西省安邑,address,山西省安邑,山西,ok,0,111.0454667764434,35.071044143097964,111.03291163311754,35.065981913521135,25.0,乡镇,0.0,100.0,,山西省,140000,运城市,140800,地级市,盐湖区,140802,市辖区
山西|山西省寿阳县,address,山西省寿阳县,山西,ok,0,113.18341017492547,37.9013076069566,113.17005204903484,37.894847513160855,20.0,区县,0.0,100.0,,山西省,140000,晋中市,140700,地级市,寿阳县,140725,县
山西|山西省屯留县,address,山西省屯留县,山西,ok,0,112.898474763774,36.321630843108416,112.88569950318119,36.316109664970156,20.0,区县,0.0,100.0,,山西省,140000,长治市,140400,地级市,屯留区,140405,市辖区
山西|山西省岢岚县,address,山西省岢岚县,山西,ok,0,111.57947778177136,38.710151038936225,111.5665975753578,38.70361017975879,20.0,区县,0.0,100.0,,山西省,140000,忻州市,140900,地级市,岢岚县,140929,县
山西|山西省崞县,address,山西省崞县,山西,ok,0,112.56937550968271,37.87982942385603,112.55659092887635,37.87339878152591,20.0,省份,0.0,100.0,,山西省,140000,太原市,140100,地级市,杏花岭区,140107,市辖区
山西|山西省左权县,address,山西省左权县,山西,ok,0,113.38545184005775,37.088555147170815,113.3721173382016,37.08203200794018,20.0,区县,0.0,100.0,,山西省,140000,晋中市,140700,地级市,左权县,140722,县
山西|山西省平遥县,address,山西省平遥县,山西,ok,0,112.182455563814,37.195600690703,112.1695504662803,37.18871078258395,20.0,区县,0.0,100.0,,山西省,140000,晋中市,140700,地级市,平遥县,140728,县
山西|山西省怀仁县,address,山西省怀仁县,山西,ok,0,113.1066084673833,39.83375688952166,113.0928790213879,39.82675813018382,20.0,区县,0.0,100.0,,山西省,140000,朔州市,140600,地级市,怀仁市,140681,县级市
山西|山西省昔阳县,address,山西省昔阳县,山西,ok,0,113.71361290387442,37.61788404299596,113.70070778658796,37.611017333688025,20.0,区县,0.0,100.0,,山西省,140000,晋中市,140700,地级市,昔阳县,140724,县
山西|山西省曲沃县,address,山西省曲沃县,山西,ok,0,111.48239637818867,35.64732733598219,111.46959865829949,35.64149765398547,20.0,区县,0.0,100.0,,山西省,140000,临汾市,141000,地级市,曲沃县,141021,县
山西|山西省永和县,address,山西省永和县,山西,ok,0,110.63841589392663,36.765908673932856,110.62643663586073,36.76000417260789,20.0,区县,0.0,100.0,,山西省,140000,临汾市,141000,地级市,永和县,141032,县
山西|山西省汾阳县,address,山西省汾阳县,山西,ok,0,111.79459661919569,37.271291794517566,111.78176140484942,37.26450394259373,20.0,区县,0.0,100.0,,山西省,140000,吕梁市,141100,地级市,汾阳市,141182,县级市
山西|山西省沁县,address,山西省沁县,山西,ok,0,112.70545801477827,36.7621899385521,112.6925686542564,36.7561944567547,20.0,区县,0.0,100.0,,山西省,140000,长治市,140400,地级市,沁县,140430,县
山西|山西省河曲县,address,山西省河曲县,山西,ok,0,111.14444863516302,39.39070248871515,111.13126741744951,39.383864377644166,20.0,区县,0.0,100.0,,山西省,140000,忻州市,140900,地级市,河曲县,140930,县
山西|山西省河津县,address,山西省河津县,山西,ok,0,110.71857214373472,35.60192657532228,110.70648720483607,35.596413369095785,20.0,区县,0.0,100.0,,山西省,140000,运城市,140800,地级市,河津市,140882,县级市
山西|山西省洪洞县,address,山西省洪洞县,山西,ok,0,111.68158942671826,36.25946707937692,111.66889310357759,36.25339964125674,20.0,区县,0.0,100.0,,山西省,140000,临汾市,141000,地级市,洪洞县,141024,县
山西|山西省浮山县,address,山西省浮山县,山西,ok,0,111.8553849530559,35.97439275394264,111.84282455657927,35.96831509797113,20.0,区县,0.0,100.0,,山西省,140000,临汾市,141000,地级市,浮山县,141027,县
山西|山西省灵石县,address,山西省灵石县,山西,ok,0,111.78561787596237,36.85336750127023,111.7727913626176,36.84684392536132,20.0,区县,0.0,100.0,,山西省,140000,晋中市,140700,地级市,灵石县,140729,县
山西|山西省盂县,address,山西省盂县,山西,ok,0,113.4184204607489,38.091979630200996,113.40495340472206,38.08525695912114,20.0,区县,0.0,100.0,,山西省,140000,阳泉市,140300,地级市,盂县,140322,县
山西|山西省离石县,address,山西省离石县,山西,ok,0,111.15749077354018,37.52357747590664,111.1445547213518,37.51711426932417,20.0,区县,0.0,100.0,,山西省,140000,吕梁市,141100,地级市,离石区,141102,市辖区
山西|山西省稷山县,address,山西省稷山县,山西,ok,0,110.98941457872347,35.61040356961574,110.97706775371542,35.605032538116106,20.0,区县,0.0,100.0,,山西省,140000,运城市,140800,地级市,稷山县,140824,县
山西|山西省绛州,address,山西省绛州,山西,ok,0,112.56937550968271,37.87982942385603,112.55659092887635,37.87339878152591,20.0,省份,0.0,100.0,,山西省,140000,太原市,140100,地级市,杏花岭区,140107,市辖区
山西|山西省翼城县,address,山西省翼城县,山西,ok,0,111.72537553219112,35.744429075038624,111.71268239757367,35.7383995720109,20.0,区县,0.0,100.0,,山西省,140000,临汾市,141000,地级市,翼城县,141022,县
山西|山西省蒲县,address,山西省蒲县,山西,ok,0,111.10247405258157,36.41800542917659,111.08960761974078,36.41211577090315,20.0,区县,0.0,100.0,,山西省,140000,临汾市,141000,地级市,蒲县,141033,县
山西|山西省蒲州,address,山西省蒲州,山西,ok,0,110.3358168320408,34.83977625089564,110.32395613533994,34.834491047108976,25.0,乡镇,0.0,100.0,,山西省,140000,运城市,140800,地级市,永济市,140881,县级市
山西|山西省襄垣县,address,山西省襄垣县,山西,ok,0,113.05741258646825,36.54168582115512,113.04415295397486,36.535767768147245,20.0,区县,0.0,100.0,,山西省,140000,长治市,140400,地级市,襄垣县,140423,县
山西|山西省襄汾县,address,山西省襄汾县,山西,ok,0,111.44854005199257,35.88206267067628,111.4356160240519,35.876095273206644,20.0,区县,0.0,100.0,,山西省,140000,临汾市,141000,地级市,襄汾县,141023,县
山西|山西省襄陵县,address,山西省襄陵县,山西,ok,0,116.5894000143425,37.34713243458088,116.57739403949111,37.34071846932783,20.0,区县,0.0,100.0,,山东省,370000,德州市,371400,地级市,陵城区,371403,市辖区
山西|山西省运城市,address,山西省运城市,山西,ok,0,111.01338945447925,35.03270691290923,111.00097461083243,35.02777843294029,20.0,城市,0.0,100.0,,山西省,140000,运城市,140800,地级市,盐湖区,140802,市辖区
山西|山西省长子县,address,山西省长子县,山西,ok,0,112.88456585041024,36.128001557793574,112.8718157175802,36.12251932199088,20.0,区县,0.0,100.0,,山西省,140000,长治市,140400,地级市,长子县,140428,县
山西|山西省闻喜县,address,山西省闻喜县,山西,ok,0,111.23141035768413,35.36293119638129,111.21881076762581,35.35759361764926,20.0,区县,0.0,100.0,,山西省,140000,运城市,140800,地级市,闻喜县,140823,县
山西|山西省阳城,address,山西省阳城,山西,ok,0,112.42145378711842,35.492181320425026,112.40859072072564,35.486205881010875,20.0,区县,0.0,100.0,,山西省,140000,晋城市,140500,地级市,阳城县,140522,县
山西|山西 晋城市 阳城县,address,山西 晋城市 阳城县,山西,ok,0,112.42145378711842,35.492181320425026,112.40859072072564,35.486205881010875,20.0,区县,0.0,100.0,,山西省,140000,晋城市,140500,地级市,阳城县,140522,县
山西|山西省阳城县,address,山西省阳城县,山西,ok,0,112.42145378711842,35.492181320425026,112.40859072072564,35.486205881010875,20.0,区县,0.0,100.0,,山西省,140000,晋城市,140500,地级市,阳城县,140522,县
山西|山西省阳曲县,address,山西省阳曲县,山西,ok,0,112.67940895159992,38.06462081944815,112.66644986258734,38.058265483917616,20.0,区县,0.0,100.0,,山西省,140000,太原市,140100,地级市,阳曲县,140122,县
山西|山西省隰县,address,山西省隰县,山西,ok,0,110.9475912707899,36.69906138322701,110.93526358824285,36.69337616659461,20.0,区县,0.0,100.0,,山西省,140000,临汾市,141000,地级市,隰县,141031,县
山西|山西省霍县,address,山西省霍县,山西,ok,0,112.56937550968271,37.87982942385603,112.55659092887635,37.87339878152591,20.0,省份,0.0,100.0,,山西省,140000,太原市,140100,地级市,杏花岭区,140107,市辖区
山西|山西 临汾市 霍州市,address,山西 临汾市 霍州市,山西,ok,0,111.76150942217721,36.574606950709004,111.74867983139899,36.5682586333717,20.0,区县,0.0,100.0,,山西省,140000,临汾市,141000,地级市,霍州市,141082,县级市
山西|山西省静乐县,address,山西省静乐县,山西,ok,0,111.94543190585105,38.36514708843798,111.93263771996283,38.35839938623427,20.0,区县,0.0,100.0,,山西省,140000,忻州市,140900,地级市,静乐县,140926,县
山西|山西省黎城县,address,山西省黎城县,山西,ok,0,113.39343247603895,36.50866990144076,113.38013949988907,36.502500765484186,20.0,区县,0.0,100.0,,山西省,140000,长治市,140400,地级市,黎城县,140426,县
山西|山西 临汾市 乡宁县,address,山西 临汾市 乡宁县,山西,ok,0,110.85349790082506,35.9764416654741,110.84133684016011,35.9709723175486,20.0,区县,0.0,100.0,,山西省,140000,临汾市,141000,地级市,乡宁县,141029,县
山西|山西 临汾市 岳阳县,address,山西 临汾市 岳阳县,山西,ok,0,113.12254448250472,29.150269316045275,113.11001431991403,29.147280504255708,20.0,区县,0.0,100.0,,湖南省,430000,岳阳市,430600,地级市,岳阳县,430621,县
山西|山西 大同市,address,山西 大同市,山西,ok,0,121.52409046630116,25.067476243851605,121.51369687571167,25.06427852753283,25.0,乡镇,0.0,100.0,,台湾省,710000,台湾省,710000,不统计,台湾省,710000,不统计
山西|山西 朔州市 怀仁市,address,山西 朔州市 怀仁市,山西,ok,0,113.1066084673833,39.83375688952166,113.0928790213879,39.82675813018382,20.0,区县,0.0,100.0,,山西省,140000,朔州市,140600,地级市,怀仁市,140681,县级市
山西|山西 吕梁市 交城县,address,山西 吕梁市 交城县,山西,ok,0,112.16256770863693,37.55777223625885,112.14958214020047,37.55069824225758,20.0,区县,0.0,100.0,,山西省,140000,吕梁市,141100,地级市,交城县,141122,县
山西|山西 晋城市 凤台县,address,山西 晋城市 凤台县,山西,ok,0,116.71757320891433,32.715103905085066,116.70574143666049,32.711361309633034,20.0,区县,0.0,100.0,,安徽省,340000,淮南市,340400,地级市,凤台县,340421,县
广西|广西壮族自治区宜山县,address,广西壮族自治区宜山县,广西,ok,0,108.3345212294372,22.821268997908664,108.32404206322511,22.817852569142207,20.0,省份,0.0,100.0,,广西壮族自治区,450000,南宁市,450100,地级市,青秀区,450103,市辖区
广西|广西 钦州市 灵山县,address,广西 钦州市 灵山县,广西,ok,0,109.29747796631128,22.42241332670075,109.28663798379382,22.41947796063693,20.0,区县,0.0,100.0,,广西壮族自治区,450000,钦州市,450700,地级市,灵山县,450721,县
江苏|江苏省东台县,address,江苏省东台县,江苏,ok,0,120.32653706475246,32.872716312488244,120.31533941728263,32.8683133786598,20.0,区县,0.0,100.0,,江苏省,320000,盐城市,320900,地级市,东台市,320981,县级市
江苏|江苏省丰县,address,江苏省丰县,江苏,ok,0,116.66473730424232,34.70217569492315,116.65285604785322,34.697464850659486,20.0,区县,0.0,100.0,,江苏省,320000,徐州市,320300,地级市,丰县,320321,县
江苏|江苏省仪征县,address,江苏省仪征县,江苏,ok,0,119.19146705795117,32.27809048316069,119.17950446105111,32.27438042770309,20.0,区县,0.0,100.0,,江苏省,320000,扬州市,321000,地级市,仪征市,321081,县级市
江苏|江苏省南通县,address,江苏省南通县,江苏,ok,0,120.90159173866185,31.98654943120089,120.89078659791699,31.98306312462828,20.0,城市,0.0,100.0,,江苏省,320000,南通市,320600,地级市,崇川区,320602,市辖区
江苏|江苏省吴江县,address,江苏省吴江县,江苏,ok,0,120.65156717454464,31.144644190472693,120.64083742902876,31.14102560891471,20.0,区县,0.0,100.0,,江苏省,320000,苏州市,320500,地级市,吴江区,320509,市辖区
江苏|江苏省嘉定县,address,江苏省嘉定县,江苏,ok,0,121.27259505835202,31.3801553396772,121.26160424844782,31.376365413126504,20.0,区县,0.0,100.0,,上海市,310000,上海市,310000,直辖市,嘉定区,310114,市辖区
江苏|江苏省太仓县,address,江苏省太仓县,江苏,ok,0,121.13559529350024,31.464599352977785,121.12440848691675,31.460719505518753,20.0,区县,0.0,100.0,,江苏省,320000,苏州市,320500,地级市,太仓市,320585,县级市
江苏|江苏省如皋县,address,江苏省如皋县,江苏,ok,0,120.57946558109177,32.37785148610902,120.56864346491574,32.37414485574507,20.0,区县,0.0,100.0,,江苏省,320000,南通市,320600,地级市,如皋市,320682,县级市
江苏|江苏省宝山县,address,江苏省宝山县,江苏,ok,0,121.4965630135246,31.41027947347614,121.4855967768288,31.406220126238615,20.0,区县,0.0,100.0,,上海市,310000,上海市,310000,直辖市,宝山区,230506,市辖区
江苏|江苏省宝应县,address,江苏省宝应县,江苏,ok,0,119.36555570137673,33.24720546114832,119.35348840418172,33.24284267676269,20.0,区县,0.0,100.0,,江苏省,320000,扬州市,321000,地级市,宝应县,321023,县
江苏|江苏省宿迁,address,江苏省宿迁,江苏,ok,0,118.28157403570837,33.96774971569008,118.26963681713656,33.96286775911467,20.0,城市,0.0,100.0,,江苏省,320000,宿迁市,321300,地级市,宿城区,321302,市辖区
江苏|江苏省宿迁县,address,江苏省宿迁县,江苏,ok,0,118.28157403570837,33.96774971569008,118.26963681713656,33.96286775911467,20.0,城市,0.0,100.0,,江苏省,320000,宿迁市,321300,地级市,宿城区,321302,市辖区
江苏|江苏省崇明县,address,江苏省崇明县,江苏,ok,0,121.40355686271847,31.62856998440405,121.39235940761883,31.624431697242223,20.0,区县,0.0,100.0,,上海市,310000,上海市,310000,直辖市,崇明区,310151,市辖区
江苏|江苏省徐,address,江苏省徐,江苏,ok,0,118.76955164466914,32.066776944293416,118.75775425334236,32.06307875794219,20.0,省份,0.0,100.0,,江苏省,320000,南京市,320100,地级市,鼓楼区,320106,市辖区
江苏|江苏省沐,address,江苏省沐,江苏,ok,0,118.76955164466914,32.066776944293416,118.75775425334236,32.06307875794219,20.0,省份,0.0,100.0,,江苏省,320000,南京市,320100,地级市,鼓楼区,320106,市辖区
江苏|江苏省沐阳,address,江苏省沐阳,江苏,ok,0,120.74158690868283,31.629737179962653,120.73065196515441,31.625925890456845,75.0,购物,1.0,100.0,,江苏省,320000,苏州市,320500,地级市,常熟市,320581,县级市
江苏|江苏省沐阳县,address,江苏省沐阳县,江苏,ok,0,120.74158690868283,31.629737179962653,120.73065196515441,31.625925890456845,75.0,购物,1.0,100.0,,江苏省,320000,苏州市,320500,地级市,常熟市,320581,县级市
江苏|江苏省沛县,address,江苏省沛县,江苏,ok,0,116.94258562390337,34.76515195541547,116.93056269167033,34.76059140409612,20.0,区县,0.0,100.0,,江苏省,320000,徐州市,320300,地级市,沛县,320322,县
江苏|江苏省泗阳县,address,江苏省泗阳县,江苏,ok,0,118.70946596537884,33.728328313046696,118.69758416295001,33.72399285629828,20.0,区县,0.0,100.0,,江苏省,320000,宿迁市,321300,地级市,泗阳县,321323,县
江苏|江苏省涟水县,address,江苏省涟水县,江苏,ok,0,119.26644843920793,33.78707870790034,119.25446055237174,33.78270908312882,20.0,区县,0.0,100.0,,江苏省,320000,淮安市,320800,地级市,涟水县,320826,县
江苏|江苏省淮安县,address,江苏省淮安县,江苏,ok,0,119.14746320322271,33.508999838207515,119.13531078684998,33.50466204448391,20.0,区县,0.0,100.0,,江苏省,320000,淮安市,320800,地级市,淮安区,320803,市辖区
江苏|江苏省淮阴县,address,江苏省淮阴县,江苏,ok,0,119.0414217411613,33.63815042476756,119.02931291311253,33.63384316368321,20.0,区县,0.0,100.0,,江苏省,320000,淮安市,320800,地级市,淮阴区,320804,市辖区
江苏|江苏省盐城,address,江苏省盐城,江苏,ok,0,120.167544265761,33.355100917626196,120.15619840223843,33.350223789127064,20.0,城市,0.0,100.0,,江苏省,320000,盐城市,320900,地级市,盐都区,320903,市辖区
江苏|江苏省盱眙县,address,江苏省盱眙县,江苏,ok,0,118.55144127023549,33.018254741659845,118.53975207449348,33.0142310503488,20.0,区县,0.0,100.0,,江苏省,320000,淮安市,320800,地级市,盱眙县,320830,县
江苏|江苏省睢宁县,address,江苏省睢宁县,江苏,ok,0,117.94743277245068,33.91878941781798,117.93557358793785,33.91397046243095,20.0,区县,0.0,100.0,,江苏省,320000,徐州市,320300,地级市,睢宁县,320324,县
江苏|江苏省赣榆县,address,江苏省赣榆县,江苏,ok,0,119.17943461496724,34.84768246084617,119.16718423749376,34.84270719626645,20.0,区县,0.0,100.0,,江苏省,320000,连云港市,320700,地级市,赣榆区,320707,市辖区
江苏|江苏省邳县,address,江苏省邳县,江苏,ok,0,118.76955164466914,32.066776944293416,118.75775425334236,32.06307875794219,20.0,省份,0.0,100.0,,江苏省,320000,南京市,320100,地级市,鼓楼区,320106,市辖区
江苏|江苏省铜山县,address,江苏省铜山县,江苏,ok,0,117.17556960198795,34.1861004498853,117.1631780054347,34.18162258829148,20.0,区县,0.0,100.0,,江苏省,320000,徐州市,320300,地级市,铜山区,320312,市辖区
江苏|江苏省阜宁,address,江苏省阜宁,江苏,ok,0,119.80958074885365,33.765078727087015,119.79806530775662,33.76021888029971,20.0,区县,0.0,100.0,,江苏省,320000,盐城市,320900,地级市,阜宁县,320923,县
江苏|江苏省靖江县,address,江苏省靖江县,江苏,ok,0,120.28353203592053,31.988170075210594,120.27247857870093,31.983920183272456,20.0,区县,0.0,100.0,,江苏省,320000,泰州市,321200,地级市,靖江市,321282,县级市
江苏|江苏省高邮县,address,江苏省高邮县,江苏,ok,0,119.46561561653884,32.787147020528316,119.45366864021217,32.78301188877447,20.0,区县,0.0,100.0,,江苏省,320000,扬州市,321000,地级市,高邮市,321084,县级市
江西|江西省南昌,address,江西省南昌,江西,ok,0,115.95046017276752,28.551604186108275,115.9391704974582,28.54865445520961,20.0,区县,0.0,100.0,,江西省,360000,南昌市,360100,地级市,南昌县,360121,县
江西|江西省安福县,address,江西省安福县,江西,ok,0,114.62647813460515,27.399076477104835,114.61515199153554,27.396653940985104,20.0,区县,0.0,100.0,,江西省,360000,吉安市,360800,地级市,安福县,360829,县
江西|江西省广信,address,江西省广信,江西,ok,0,117.91558441252161,28.454186874770276,117.90419487322598,28.451288145226982,20.0,区县,0.0,100.0,,江西省,360000,上饶市,361100,地级市,广信区,361104,市辖区
江西|江西省抚州,address,江西省抚州,江西,ok,0,116.36453876864373,27.954892253419565,116.35307269480022,27.951876724339712,20.0,城市,0.0,100.0,,江西省,360000,抚州市,361000,地级市,临川区,361002,市辖区
江西|江西省泰和县,address,江西省泰和县,江西,ok,0,114.91559111543528,26.795697341164775,114.90423646678998,26.793617224513067,20.0,区县,0.0,100.0,,江西省,360000,吉安市,360800,地级市,泰和县,360826,县
江西|江西省赣州,address,江西省赣州,江西,ok,0,114.9405033729825,25.835176103497655,114.92921205554373,25.83269806572344,20.0,城市,0.0,100.0,,江西省,360000,赣州市,360700,地级市,章贡区,360702,市辖区
河北|河北省万全县,address,河北省万全县,河北,ok,0,114.74742582376042,40.77314964899669,114.73450068968636,40.76592462440795,20.0,区县,0.0,100.0,,河北省,130000,张家口市,130700,地级市,万全区,130708,市辖区
河北|河北省丘县,address,河北省丘县,河北,ok,0,114.53659630531568,38.04320164520046,114.52416893736276,38.03665553790391,20.0,省份,0.0,100.0,,河北省,130000,石家庄市,130100,地级市,长安区,130102,市辖区
河北|河北省东光县,address,河北省东光县,河北,ok,0,116.54340955697872,37.894513906653266,116.53126331516678,37.88792372089086,20.0,区县,0.0,100.0,,河北省,130000,沧州市,130900,地级市,东光县,130923,县
河北|河北省丰润县,address,河北省丰润县,河北,ok,0,118.16854133135446,39.83835343085074,118.15579778239854,39.83067973041211,20.0,区县,0.0,100.0,,河北省,130000,唐山市,130200,地级市,丰润区,130208,市辖区
河北|河北省临县,address,河北省临县,河北,ok,0,110.99841488128904,37.95721067232133,110.98575553101674,37.95096045979951,20.0,区县,0.0,100.0,,山西省,140000,吕梁市,141100,地级市,临县,141124,县
河北|河北省临城县,address,河北省临城县,河北,ok,0,114.5054433397213,37.450788548442155,114.49299163357365,37.44410588854916,20.0,区县,0.0,100.0,,河北省,130000,邢台市,130500,地级市,临城县,130522,县
河北|河北省临漳县,address,河北省临漳县,河北,ok,0,114.59217770111785,36.329381126857,114.5800372461301,36.3235953809044,20.0,区县,0.0,100.0,,河北省,130000,邯郸市,130400,地级市,临漳县,130423,县
河北|河北省任县,address,河北省任县,河北,ok,0,114.53659630531568,38.04320164520046,114.52416893736276,38.03665553790391,20.0,省份,0.0,100.0,,河北省,130000,石家庄市,130100,地级市,长安区,130102,市辖区
河北|河北省元氏县,address,河北省元氏县,河北,ok,0,114.53256551866185,37.7723385538555,114.52017046646037,37.765734126240076,20.0,区县,0.0,100.0,,河北省,130000,石家庄市,130100,地级市,元氏县,130132,县
河北|河北省冀县,address,河北省冀县,河北,ok,0,114.53659630531568,38.04320164520046,114.52416893736276,38.03665553790391,20.0,省份,0.0,100.0,,河北省,130000,石家庄市,130100,地级市,长安区,130102,市辖区
河北|河北省南和县,address,河北省南和县,河北,ok,0,114.53659630531568,38.04320164520046,114.52416893736276,38.03665553790391,20.0,省份,0.0,100.0,,河北省,130000,石家庄市,130100,地级市,长安区,130102,市辖区
河北|河北省南皮县,address,河北省南皮县,河北,ok,0,116.71560115882829,38.045187886965145,116.70322706599515,38.03872078301899,20.0,区县,0.0,100.0,,河北省,130000,沧州市,130900,地级市,南皮县,130927,县
河北|河北省博野县,address,河北省博野县,河北,ok,0,115.47046698806136,38.463408004951994,115.45766557456561,38.4566905859927,20.0,区县,0.0,100.0,,河北省,130000,保定市,130600,地级市,博野县,130637,县
河北|河北省吴桥县,address,河北省吴桥县,河北,ok,0,116.39739206243448,37.63390875555352,116.38498311339374,37.62685958740568,20.0,区县,0.0,100.0,,河北省,130000,沧州市,130900,地级市,吴桥县,130928,县
河北|河北省固安县,address,河北省固安县,河北,ok,0,116.30542004093144,39.44448485530404,116.29299449196172,39.43711263572524,20.0,区县,0.0,100.0,,河北省,130000,廊坊市,131000,地级市,固安县,131022,县
河北|河北省大同镇,address,河北省大同镇,河北,ok,0,114.26596021110258,36.76324471904131,114.2535057021085,36.756737740705155,25.0,乡镇,0.0,100.0,,河北省,130000,邯郸市,130400,地级市,武安市,130481,县级市
河北|河北省大名县,address,河北省大名县,河北,ok,0,115.15461253007031,36.29128846623129,115.14196323515688,36.28540194318219,20.0,区县,0.0,100.0,,河北省,130000,邯郸市,130400,地级市,大名县,130425,县
河北|河北省大城,address,河北省大城,河北,ok,0,116.66040917846469,38.71085864002598,116.64810609188993,38.70440294067521,20.0,区县,0.0,100.0,,河北省,130000,廊坊市,131000,地级市,大城县,131025,县
河北|河北省大城县,address,河北省大城县,河北,ok,0,116.66040917846469,38.71085864002598,116.64810609188993,38.70440294067521,20.0,区县,0.0,100.0,,河北省,130000,廊坊市,131000,地级市,大城县,131025,县
河北|河北省威县,address,河北省威县,河北,ok,0,115.2736176186073,36.98158160866276,115.26107270871864,36.97536610917926,20.0,区县,0.0,100.0,,河北省,130000,邢台市,130500,地级市,威县,130533,县
河北|河北省宁晋县,address,河北省宁晋县,河北,ok,0,114.94596948723685,37.63074152974115,114.93359778440802,37.62451481008051,20.0,区县,0.0,100.0,,河北省,130000,邢台市,130500,地级市,宁晋县,130528,县
河北|河北省安平县,address,河北省安平县,河北,ok,0,115.5255492853222,38.24050692219121,115.51300889108514,38.23388771161917,20.0,区县,0.0,100.0,,河北省,130000,衡水市,131100,地级市,安平县,131125,县
河北|河北省安新县,address,河北省安新县,河北,ok,0,115.94242628265987,38.94173429859305,115.93019984569524,38.934706262575276,20.0,区县,0.0,100.0,,河北省,130000,保定市,130600,地级市,安新县,130632,县
河北|河北省完县,address,河北省完县,河北,ok,0,114.53659630531568,38.04320164520046,114.52416893736276,38.03665553790391,20.0,省份,0.0,100.0,,河北省,130000,石家庄市,130100,地级市,长安区,130102,市辖区
河北|河北省定兴县,address,河北省定兴县,河北,ok,0,115.81441011189118,39.26942352852659,115.80195393512426,39.26216162530903,20.0,区县,0.0,100.0,,河北省,130000,保定市,130600,地级市,定兴县,130626,县
河北|河北省定州市,address,河北省定州市,河北,ok,0,114.99649620776492,38.522198840134,114.9838145646421,38.51592093503039,20.0,区县,0.0,100.0,,河北省,130000,保定市,130600,地级市,定州市,130682,县级市
河北|河北省宣化县,address,河北省宣化县,河北,ok,0,115.10544440679553,40.614591888266105,115.09219703673472,40.60737184403493,20.0,区县,0.0,100.0,,河北省,130000,张家口市,130700,地级市,宣化区,130705,市辖区
河北|河北省巨鹿县,address,河北省巨鹿县,河北,ok,0,115.0435873588701,37.227088328938194,115.030910783541,37.220732645958456,20.0,区县,0.0,100.0,,河北省,130000,邢台市,130500,地级市,巨鹿县,130529,县
河北|河北省平乡县,address,河北省平乡县,河北,ok,0,115.03658174368942,37.0690963930439,115.02393889492309,37.06285692399351,20.0,区县,0.0,100.0,,河北省,130000,邢台市,130500,地级市,平乡县,130532,县
河北|河北省平山县,address,河北省平山县,河北,ok,0,114.20233197420312,38.25366251987636,114.18961719907516,38.24670671670057,20.0,区县,0.0,100.0,,河北省,130000,石家庄市,130100,地级市,平山县,130131,县
河北|河北省广宗县,address,河北省广宗县,河北,ok,0,115.14960474634384,37.08045712216151,115.13687400365356,37.07411640464031,20.0,区县,0.0,100.0,,河北省,130000,邢台市,130500,地级市,广宗县,130531,县
河北|河北省延庆县,address,河北省延庆县,河北,ok,0,115.98163156901515,40.46216897375426,115.96911779567223,40.45458898088086,20.0,区县,0.0,100.0,,北京市,110000,北京市,110000,直辖市,延庆区,110119,市辖区
河北|河北省怀来县,address,河北省怀来县,河北,ok,0,115.52455288485054,40.42028989038194,115.51173446857517,40.413045267470636,20.0,区县,0.0,100.0,,河北省,130000,张家口市,130700,地级市,怀来县,130730,县
河北|河北省成安县,address,河北省成安县,河北,ok,0,114.67657655801901,36.4497962089534,114.66430247293795,36.44396309370632,20.0,区县,0.0,100.0,,河北省,130000,邯郸市,130400,地级市,成安县,130424,县
河北|河北省文安,address,河北省文安,河北,ok,0,116.46460947899904,38.878950493070235,116.45209049598512,38.87196537655535,20.0,区县,0.0,100.0,,河北省,130000,廊坊市,131000,地级市,文安县,131026,县
河北|河北省文安县,address,河北省文安县,河北,ok,0,116.46460947899904,38.878950493070235,116.45209049598512,38.87196537655535,20.0,区县,0.0,100.0,,河北省,130000,廊坊市,131000,地级市,文安县,131026,县
河北|河北省新城县,address,河北省新城县,河北,ok,0,108.96739103850439,34.272724469532555,108.95605965785116,34.26858988488347,20.0,区县,0.0,100.0,,陕西省,610000,西安市,610100,地级市,新城区,150102,市辖区
河北|河北省昌平县,address,河北省昌平县,河北,ok,0,116.23761791731043,40.22641337159427,116.22511343787448,40.21890340925371,20.0,区县,0.0,100.0,,北京市,110000,北京市,110000,直辖市,昌平区,110114,市辖区
河北|河北省晋县,address,河北省晋县,河北,ok,0,114.53659630531568,38.04320164520046,114.52416893736276,38.03665553790391,20.0,省份,0.0,100.0,,河北省,130000,石家庄市,130100,地级市,长安区,130102,市辖区
河北|河北省景县,address,河北省景县,河北,ok,0,116.27741078529978,37.69881455139486,116.26522889220496,37.6918277476336,20.0,区县,0.0,100.0,,河北省,130000,衡水市,131100,地级市,景县,131127,县
河北|河北省曲周县,address,河北省曲周县,河北,ok,0,114.96340442938836,36.77154483133649,114.9510517768699,36.765716268346566,20.0,区县,0.0,100.0,,河北省,130000,邯郸市,130400,地级市,曲周县,130435,县
河北|河北省枣强县,address,河北省枣强县,河北,ok,0,115.7305629044037,37.51936368976413,115.71820312417395,37.51243080965285,20.0,区县,0.0,100.0,,河北省,130000,衡水市,131100,地级市,枣强县,131121,县
河北|河北省柏乡县,address,河北省柏乡县,河北,ok,0,114.6994973620894,37.488758727151506,114.68708814050059,37.48231759103141,20.0,区县,0.0,100.0,,河北省,130000,邢台市,130500,地级市,柏乡县,130524,县
河北|河北省栾城县,address,河北省栾城县,河北,ok,0,114.65457561879083,37.9058163641652,114.64221954889473,37.899414490120385,20.0,区县,0.0,100.0,,河北省,130000,石家庄市,130100,地级市,栾城区,130111,市辖区
河北|河北省正定县,address,河北省正定县,河北,ok,0,114.57748106365241,38.15171372795392,114.56513467651358,38.145311475238806,20.0,区县,0.0,100.0,,河北省,130000,石家庄市,130100,地级市,正定县,130123,县
河北|河北省武强县,address,河北省武强县,河北,ok,0,115.98961391177681,38.04685680523654,115.97737597352499,38.03986375487708,20.0,区县,0.0,100.0,,河北省,130000,衡水市,131100,地级市,武强县,131123,县
河北|河北省武清县,address,河北省武清县,河北,ok,0,117.05059715977872,39.389871228788344,117.03765102662463,39.382979049030304,20.0,区县,0.0,100.0,,天津市,120000,天津市,120000,直辖市,武清区,120114,市辖区
河北|河北省武邑县,address,河北省武邑县,河北,ok,0,115.89451363116582,37.807764276867424,115.88242896281423,37.80088493383495,20.0,区县,0.0,100.0,,河北省,130000,衡水市,131100,地级市,武邑县,131122,县
河北|河北省永年县,address,河北省永年县,河北,ok,0,114.550625142465,36.74756938957492,114.53837230476955,36.741472703805826,20.0,区县,0.0,100.0,,河北省,130000,邯郸市,130400,地级市,永年区,130408,市辖区
河北|河北省永清县,address,河北省永清县,河北,ok,0,116.5054292898474,39.3278529985738,116.49300698260846,39.32077079679496,20.0,区县,0.0,100.0,,河北省,130000,廊坊市,131000,地级市,永清县,131023,县
河北|河北省沙河县,address,河北省沙河县,河北,ok,0,114.50947385688346,36.8611273411454,114.4970757303758,36.85479801476034,20.0,区县,0.0,100.0,,河北省,130000,邢台市,130500,地级市,沙河市,130582,县级市
河北|河北省河津县,address,河北省河津县,河北,ok,0,110.71857214373472,35.60192657532228,110.70648720483607,35.596413369095785,20.0,区县,0.0,100.0,,山西省,140000,运城市,140800,地级市,河津市,140882,县级市
河北|河北省河间县,address,河北省河间县,河北,ok,0,116.10562809211834,38.45135651510629,116.09307690952785,38.44417388366583,20.0,区县,0.0,100.0,,河北省,130000,沧州市,130900,地级市,河间市,130984,县级市
河北|河北省泊头市,address,河北省泊头市,河北,ok,0,116.5846280358124,38.08925691544578,116.57251611910421,38.082817992812245,20.0,区县,0.0,100.0,,河北省,130000,沧州市,130900,地级市,泊头市,130981,县级市
河北|河北省涉县,address,河北省涉县,河北,ok,0,113.69758434882932,36.590691663211175,113.68477935204689,36.584402730499,20.0,区县,0.0,100.0,,河北省,130000,邯郸市,130400,地级市,涉县,130426,县
河北|河北省涿鹿县,address,河北省涿鹿县,河北,ok,0,115.21138346202879,40.385834075002876,115.19835820190292,40.37881504578363,20.0,区县,0.0,100.0,,河北省,130000,张家口市,130700,地级市,涿鹿县,130731,县
河北|河北省清河县,address,河北省清河县,河北,ok,0,115.67439356764524,37.04637540161698,115.66214566099278,37.03980893766768,20.0,区县,0.0,100.0,,河北省,130000,邢台市,130500,地级市,清河县,130534,县
河北|河北省清苑县,address,河北省清苑县,河北,ok,0,115.49660588179071,38.77100177474947,115.48387782236217,38.76423572578371,20.0,区县,0.0,100.0,,河北省,130000,保定市,130600,地级市,清苑区,130608,市辖区
河北|河北省灵寿县,address,河北省灵寿县,河北,ok,0,114.38947775770787,38.31462937004633,114.3766613754781,38.30770329600267,20.0,区县,0.0,100.0,,河北省,130000,石家庄市,130100,地级市,灵寿县,130126,县
河北|河北省献县,address,河北省献县,河北,ok,0,116.15848861036135,38.18675542332404,116.14605947164925,38.17964015876451,20.0,区县,0.0,100.0,,河北省,130000,沧州市,130900,地级市,献县,130929,县
河北|河北省玉田县,address,河北省玉田县,河北,ok,0,117.74543440564399,39.90659234818871,117.73260585240509,39.89910653312676,20.0,区县,0.0,100.0,,河北省,130000,唐山市,130200,地级市,玉田县,130229,县
河北|河北省盐山县,address,河北省盐山县,河北,ok,0,117.23741362448348,38.06431839955863,117.2246832670511,38.057856282145245,20.0,区县,0.0,100.0,,河北省,130000,沧州市,130900,地级市,盐山县,130925,县
河北|河北省肃宁县,address,河北省肃宁县,河北,ok,0,115.8365176799834,38.428905919717586,115.8241936719729,38.42204637261818,20.0,区县,0.0,100.0,,河北省,130000,沧州市,130900,地级市,肃宁县,130926,县
河北|河北省肥乡县,address,河北省肥乡县,河北,ok,0,114.80654708225521,36.553825253669615,114.79416114897415,36.54798999006934,20.0,区县,0.0,100.0,,河北省,130000,邯郸市,130400,地级市,肥乡区,130407,市辖区
河北|河北省赤城县,address,河北省赤城县,河北,ok,0,115.83850589956863,40.918761216841006,115.82590100912192,40.91095948816388,20.0,区县,0.0,100.0,,河北省,130000,张家口市,130700,地级市,赤城县,130732,县
河北|河北省赵县,address,河北省赵县,河北,ok,0,114.78259655057873,37.76185852288779,114.77007412421057,37.75541887528854,20.0,区县,0.0,100.0,,河北省,130000,石家庄市,130100,地级市,赵县,130133,县
河北|河北省迁安县,address,河北省迁安县,河北,ok,0,118.70645736056483,40.00418392493125,118.69385379313287,39.99716189942603,20.0,区县,0.0,100.0,,河北省,130000,唐山市,130200,地级市,迁安市,130283,县级市
河北|河北省遵化县,address,河北省遵化县,河北,ok,0,117.97237521307129,40.195533204032955,117.95974994205798,40.18800135183615,20.0,区县,0.0,100.0,,河北省,130000,唐山市,130200,地级市,遵化市,130281,县级市
河北|河北省邯郸县,address,河北省邯郸县,河北,ok,0,114.53659630531568,38.04320164520046,114.52416893736276,38.03665553790391,20.0,省份,0.0,100.0,,河北省,130000,石家庄市,130100,地级市,长安区,130102,市辖区
河北|河北省阜城县,address,河北省阜城县,河北,ok,0,116.18242153524983,37.86873245790551,116.17010756181968,37.86161773370513,20.0,区县,0.0,100.0,,河北省,130000,衡水市,131100,地级市,阜城县,131128,县
河北|河北省阜平县,address,河北省阜平县,河北,ok,0,114.20156347383934,38.85535144479584,114.18877988144133,38.84825884513515,20.0,区县,0.0,100.0,,河北省,130000,保定市,130600,地级市,阜平县,130624,县
河北|河北省阳原县,address,河北省阳原县,河北,ok,0,114.15752413604322,40.10958838873102,114.14445660574685,40.10197203303237,20.0,区县,0.0,100.0,,河北省,130000,张家口市,130700,地级市,阳原县,130727,县
河北|河北省隆尧县,address,河北省隆尧县,河北,ok,0,114.77661608164605,37.355908006295365,114.76413954794221,37.34952328990935,20.0,区县,0.0,100.0,,河北省,130000,邢台市,130500,地级市,隆尧县,130525,县
河北|河北省雄县,address,河北省雄县,河北,ok,0,116.1146014455186,39.00018011949929,116.1020089392454,38.99278473057216,20.0,区县,0.0,100.0,,河北省,130000,保定市,130600,地级市,雄县,130638,县
河北|河北省青县,address,河北省青县,河北,ok,0,116.81057477836235,38.588464758639795,116.79807668320613,38.58209355375033,20.0,区县,0.0,100.0,,河北省,130000,沧州市,130900,地级市,青县,130922,县
河北|河北省静海县,address,河北省静海县,河北,ok,0,116.98046860454797,38.95337068917225,116.96785432056873,38.94692072314807,20.0,区县,0.0,100.0,,天津市,120000,天津市,120000,直辖市,静海区,120118,市辖区
河北|河北省饶阳县,address,河北省饶阳县,河北,ok,0,115.73257160535455,38.24103752542849,115.72009678980754,38.234162394132554,20.0,区县,0.0,100.0,,河北省,130000,衡水市,131100,地级市,饶阳县,131124,县
河北|河北省馆陶县,address,河北省馆陶县,河北,ok,0,115.28853676634758,36.55395672865321,115.27600856999526,36.54798976521398,20.0,区县,0.0,100.0,,河北省,130000,邯郸市,130400,地级市,馆陶县,130433,县
河北|河北省香河县,address,河北省香河县,河北,ok,0,117.01240210779996,39.76793918854631,116.99955876132326,39.76105411514719,20.0,区县,0.0,100.0,,河北省,130000,廊坊市,131000,地级市,香河县,131024,县
河北|河北省高邑县,address,河北省高邑县,河北,ok,0,114.61841307285897,37.62187956155255,114.60616192994435,37.61546691995488,20.0,区县,0.0,100.0,,河北省,130000,石家庄市,130100,地级市,高邑县,130127,县
河北|河北省鸡泽县,address,河北省鸡泽县,河北,ok,0,114.89658577063967,36.91639820641365,114.8843196358004,36.91051639721521,20.0,区县,0.0,100.0,,河北省,130000,邯郸市,130400,地级市,鸡泽县,130431,县
河南|河南省上蔡县,address,河南省上蔡县,河南,ok,0,114.27048686239792,33.268511215884224,114.25841233624122,33.263980708404375,20.0,区县,0.0,100.0,,河南省,410000,驻马店市,411700,地级市,上蔡县,411722,县
河南|河南省临汝,address,河南省临汝,河南,ok,0,112.60980653390637,34.26481445693254,112.59740471016097,34.2604761661785,25.0,乡镇,0.0,100.0,,河南省,410000,平顶山市,410400,地级市,汝州市,410482,县级市
河南|河南省临汝县,address,河南省临汝县,河南,ok,0,113.75938408486323,34.771712921931496,113.74676296750759,34.76645747002241,20.0,省份,0.0,100.0,,河南省,410000,郑州市,410100,地级市,金水区,410105,市辖区
河南|河南省临颍县,address,河南省临颍县,河南,ok,0,113.93757834379157,33.83269194792997,113.92542882440797,33.82799177472975,20.0,区县,0.0,100.0,,河南省,410000,漯河市,411100,地级市,临颍县,411122,县
河南|河南省伊阳县,address,河南省伊阳县,河南,ok,0,113.61315351225201,34.743731300439215,113.60063632052027,34.73882057473149,75.0,购物,1.0,100.0,,河南省,410000,郑州市,410100,地级市,中原区,410102,市辖区
河南|河南省修武县,address,河南省修武县,河南,ok,0,113.45458192871418,35.22932348259429,113.44154738265942,35.223745844585636,20.0,区县,0.0,100.0,,河南省,410000,焦作市,410800,地级市,修武县,410821,县
河南|河南省偃师,address,河南省偃师,河南,ok,0,112.79642141885469,34.733796624012776,112.78368485078146,34.729134445082046,20.0,区县,0.0,100.0,,河南省,410000,洛阳市,410300,地级市,偃师市,410381,县级市
河南|河南省偃师县,address,河南省偃师县,河南,ok,0,113.75938408486323,34.771712921931496,113.74676296750759,34.76645747002241,20.0,省份,0.0,100.0,,河南省,410000,郑州市,410100,地级市,金水区,410105,市辖区
河南|河南省兰考县,address,河南省兰考县,河南,ok,0,114.82523551991535,34.8622109159391,114.81307475091843,34.85745199952281,20.0,区县,0.0,100.0,,河南省,410000,开封市,410200,地级市,兰考县,410225,县
河南|河南省内乡县,address,河南省内乡县,河南,ok,0,111.8554252869733,33.05120310547566,111.84315338116659,33.04692853522445,20.0,区县,0.0,100.0,,河南省,410000,南阳市,411300,地级市,内乡县,411325,县
河南|河南省南阳市,address,河南省南阳市,河南,ok,0,112.53450131351325,32.99656220465144,112.52214807379757,32.99259024239246,20.0,城市,0.0,100.0,,河南省,410000,南阳市,411300,地级市,卧龙区,411303,市辖区
河南|河南省卢氏县,address,河南省卢氏县,河南,ok,0,111.0545640061735,34.059924845298816,111.04207179520989,34.05558747475811,20.0,区县,0.0,100.0,,河南省,410000,三门峡市,411200,地级市,卢氏县,411224,县
河南|河南省原阳县,address,河南省原阳县,河南,ok,0,113.94662374129375,35.07116386446907,113.93433825212729,35.065644401229875,20.0,区县,0.0,100.0,,河南省,410000,新乡市,410700,地级市,原阳县,410725,县
河南|河南省商水县,address,河南省商水县,河南,ok,0,114.61841594743659,33.54887747535332,114.60658319261657,33.54472464739739,20.0,区县,0.0,100.0,,河南省,410000,周口市,411600,地级市,商水县,411623,县
河南|河南省夏邑县,address,河南省夏邑县,河南,ok,0,116.1375123682284,34.2435234723781,116.12545442444015,34.23835743888745,20.0,区县,0.0,100.0,,河南省,410000,商丘市,411400,地级市,夏邑县,411426,县
河南|河南省孟县,address,河南省孟县,河南,ok,0,113.75938408486323,34.771712921931496,113.74676296750759,34.76645747002241,20.0,省份,0.0,100.0,,河南省,410000,郑州市,410100,地级市,金水区,410105,市辖区
河南|河南省孟津县,address,河南省孟津县,河南,ok,0,113.75938408486323,34.771712921931496,113.74676296750759,34.76645747002241,20.0,省份,0.0,100.0,,河南省,410000,郑州市,410100,地级市,金水区,410105,市辖区
河南|河南省宁陵县,address,河南省宁陵县,河南,ok,0,115.32041843737164,34.46663402766001,115.30806118579538,34.46197227448405,20.0,区县,0.0,100.0,,河南省,410000,商丘市,411400,地级市,宁陵县,411423,县
河南|河南省安平县,address,河南省安平县,河南,ok,0,115.5255492853222,38.24050692219121,115.51300889108514,38.23388771161917,20.0,区县,0.0,100.0,,河北省,130000,衡水市,131100,地级市,安平县,131125,县
河南|河南省安阳,address,河南省安阳,河南,ok,0,114.47673376511405,36.088623815857204,114.46430462947787,36.08251507870008,20.0,区县,0.0,100.0,,河南省,410000,安阳市,410500,地级市,安阳县,410522,县
河南|河南省宜阳县,address,河南省宜阳县,河南,ok,0,112.17946537426293,34.54104694255354,112.1668090275573,34.53588601224502,20.0,区县,0.0,100.0,,河南省,410000,洛阳市,410300,地级市,宜阳县,410327,县
河南|河南省密县,address,河南省密县,河南,ok,0,113.75938408486323,34.771712921931496,113.74676296750759,34.76645747002241,20.0,省份,0.0,100.0,,河南省,410000,郑州市,410100,地级市,金水区,410105,市辖区
河南|河南省封丘县,address,河南省封丘县,河南,ok,0,114.42560616803036,35.0468575316508,114.41317704932143,35.04127395505614,20.0,区县,0.0,100.0,,河南省,410000,新乡市,410700,地级市,封丘县,410727,县
河南|河南省嵩县,address,河南省嵩县,河南,ok,0,112.09240816186609,34.14072155640602,112.07968952276927,34.13563839046948,20.0,区县,0.0,100.0,,河南省,410000,洛阳市,410300,地级市,嵩县,410325,县
河南|河南省巩县,address,河南省巩县,河南,ok,0,113.75938408486323,34.771712921931496,113.74676296750759,34.76645747002241,20.0,省份,0.0,100.0,,河南省,410000,郑州市,410100,地级市,金水区,410105,市辖区
河南|河南省归德,address,河南省归德,河南,ok,0,113.72651724218636,34.77975425097056,113.71388709856224,34.77453366767533,50.0,NoClass,0.0,100.0,,河南省,410000,郑州市,410100,地级市,金水区,410105,市辖区
河南|河南省息县,address,河南省息县,河南,ok,0,114.74745313224791,32.34895551171522,114.73545980429486,32.34532686167932,20.0,区县,0.0,100.0,,河南省,410000,信阳市,411500,地级市,息县,411528,县
河南|河南省扶沟县,address,河南省扶沟县,河南,ok,0,114.4015098413696,34.065906253969246,114.38916423579947,34.061014491766414,20.0,区县,0.0,100.0,,河南省,410000,周口市,411600,地级市,扶沟县,411621,县
河南|河南省新安县,address,河南省新安县,河南,ok,0,112.14060970841214,34.73438332734371,112.12785595774301,34.72897132431635,20.0,区县,0.0,100.0,,河南省,410000,洛阳市,410300,地级市,新安县,410323,县
河南|河南省新郑县,address,河南省新郑县,河南,ok,0,113.74643447195358,34.40176637910559,113.73383708961545,34.39681743686182,20.0,区县,0.0,100.0,,河南省,410000,郑州市,410100,地级市,新郑市,410184,县级市
河南|河南省方城县,address,河南省方城县,河南,ok,0,113.01850275279521,33.26053945583183,113.00577356710394,33.25657296569785,20.0,区县,0.0,100.0,,河南省,410000,南阳市,411300,地级市,方城县,411322,县
河南|河南省林县,address,河南省林县,河南,ok,0,113.75938408486323,34.771712921931496,113.74676296750759,34.76645747002241,20.0,省份,0.0,100.0,,河南省,410000,郑州市,410100,地级市,金水区,410105,市辖区
河南|河南省柘城县,address,河南省柘城县,河南,ok,0,115.31243456749063,34.09736021241513,115.30014431222591,34.0928837698857,20.0,区县,0.0,100.0,,河南省,410000,商丘市,411400,地级市,柘城县,411424,县
河南|河南省桐柏县,address,河南省桐柏县,河南,ok,0,113.43447273105946,32.38513075495586,113.42166114591295,32.38119023971213,20.0,区县,0.0,100.0,,河南省,410000,南阳市,411300,地级市,桐柏县,411330,县
河南|河南省正阳县,address,河南省正阳县,河南,ok,0,114.39949655906064,32.6116410772727,114.38727773024958,32.607438543493025,20.0,区县,0.0,100.0,,河南省,410000,驻马店市,411700,地级市,正阳县,411724,县
河南|河南省武陟县,address,河南省武陟县,河南,ok,0,113.4083958204103,35.105838449216684,113.39529037616981,35.10039212822153,20.0,区县,0.0,100.0,,河南省,410000,焦作市,410800,地级市,武陟县,410823,县
河南|河南省永城县,address,河南省永城县,河南,ok,0,116.45556614759954,33.93480147585089,116.44357486812962,33.93000912699209,20.0,区县,0.0,100.0,,河南省,410000,商丘市,411400,地级市,永城市,411481,县级市
河南|河南省汜水,address,河南省汜水,河南,ok,0,113.22505840311514,34.849925780254786,113.21212696220789,34.84508696541134,25.0,乡镇,0.0,100.0,,河南省,410000,郑州市,410100,地级市,荥阳市,410182,县级市
河南|河南省汝南县,address,河南省汝南县,河南,ok,0,114.36940889397054,33.01314088199241,114.35719783291525,33.00871812960807,20.0,区县,0.0,100.0,,河南省,410000,驻马店市,411700,地级市,汝南县,411727,县
河南|河南省汝阳县,address,河南省汝阳县,河南,ok,0,112.47950327730925,34.15984336489338,112.46685684890127,34.15514589774909,20.0,区县,0.0,100.0,,河南省,410000,洛阳市,410300,地级市,汝阳县,410326,县
河南|河南省汲县,address,河南省汲县,河南,ok,0,113.75938408486323,34.771712921931496,113.74676296750759,34.76645747002241,20.0,省份,0.0,100.0,,河南省,410000,郑州市,410100,地级市,金水区,410105,市辖区
河南|河南省沁阳县,address,河南省沁阳县,河南,ok,0,112.95751688155336,35.09378573234604,112.9448102496646,35.08890965634147,20.0,区县,0.0,100.0,,河南省,410000,焦作市,410800,地级市,沁阳市,410882,县级市
河南|河南省河内县,address,河南省河内县,河南,ok,0,113.75938408486323,34.771712921931496,113.74676296750759,34.76645747002241,20.0,省份,0.0,100.0,,河南省,410000,郑州市,410100,地级市,金水区,410105,市辖区
河南|河南省洛宁县,address,河南省洛宁县,河南,ok,0,111.65958740952347,34.39498456021476,111.64712615946958,34.39028211822583,20.0,区县,0.0,100.0,,河南省,410000,洛阳市,410300,地级市,洛宁县,410328,县
河南|河南省洛阳,address,河南省洛阳,河南,ok,0,112.46033424620128,34.625954754227166,112.44758059172632,34.62092593989101,20.0,城市,0.0,100.0,,河南省,410000,洛阳市,410300,地级市,洛龙区,410311,市辖区
河南|河南省浙川县,address,河南省浙川县,河南,ok,0,111.49739592427208,33.14410552917881,111.48489532775935,33.13992105956105,50.0,NoClass,0.0,100.0,,河南省,410000,南阳市,411300,地级市,淅川县,411326,县
河南|河南省浚县,address,河南省浚县,河南,ok,0,114.55760785085516,35.68191730591282,114.54551523703256,35.676248745446536,20.0,区县,0.0,100.0,,河南省,410000,鹤壁市,410600,地级市,浚县,410621,县
河南|河南省淅川县,address,河南省淅川县,河南,ok,0,111.49743203615358,33.14418526002652,111.48493156013376,33.14000080562078,20.0,区县,0.0,100.0,,河南省,410000,南阳市,411300,地级市,淅川县,411326,县
河南|河南省淮阳县,address,河南省淮阳县,河南,ok,0,113.75938408486323,34.771712921931496,113.74676296750759,34.76645747002241,20.0,省份,0.0,100.0,,河南省,410000,郑州市,410100,地级市,金水区,410105,市辖区
河南|河南省渑池县,address,河南省渑池县,河南,ok,0,111.76854234584539,34.77319704298588,111.75591347758943,34.76797637330903,20.0,区县,0.0,100.0,,河南省,410000,三门峡市,411200,地级市,渑池县,411221,县
河南|河南省温县,address,河南省温县,河南,ok,0,113.08656906806671,34.94613549224693,113.07345156198522,34.941102062927236,20.0,区县,0.0,100.0,,河南省,410000,焦作市,410800,地级市,温县,410825,县
河南|河南省滑县,address,河南省滑县,河南,ok,0,114.52555316618987,35.58104540055751,114.51337694987336,35.57531849877139,20.0,区县,0.0,100.0,,河南省,410000,安阳市,410500,地级市,滑县,410526,县
河南|河南省灵宝县,address,河南省灵宝县,河南,ok,0,110.90040831286163,34.52314262416382,110.8883855089265,34.51889530073128,20.0,区县,0.0,100.0,,河南省,410000,三门峡市,411200,地级市,灵宝市,411282,县级市
河南|河南省登封县,address,河南省登封县,河南,ok,0,113.05642283345736,34.45969746171987,113.04340454182984,34.4551579767665,20.0,区县,0.0,100.0,,河南省,410000,郑州市,410100,地级市,登封市,410185,县级市
河南|河南省确山县,address,河南省确山县,河南,ok,0,114.0324950107563,32.80817569298386,114.020208796606,32.80376875290031,20.0,区县,0.0,100.0,,河南省,410000,驻马店市,411700,地级市,确山县,411725,县
河南|河南省禹县,address,河南省禹县,河南,ok,0,113.75938408486323,34.771712921931496,113.74676296750759,34.76645747002241,20.0,省份,0.0,100.0,,河南省,410000,郑州市,410100,地级市,金水区,410105,市辖区
河南|河南省获嘉县,address,河南省获嘉县,河南,ok,0,113.66341666994346,35.2658092841611,113.65083768631749,35.2602354416901,20.0,区县,0.0,100.0,,河南省,410000,新乡市,410700,地级市,获嘉县,410724,县
河南|河南省虞城县,address,河南省虞城县,河南,ok,0,115.83447295698157,34.405331502097134,115.8225647149252,34.400371268111456,20.0,区县,0.0,100.0,,河南省,410000,商丘市,411400,地级市,虞城县,411425,县
河南|河南省西华县,address,河南省西华县,河南,ok,0,114.53559667094417,33.77321533492214,114.52362806955705,33.7688037520478,20.0,区县,0.0,100.0,,河南省,410000,周口市,411600,地级市,西华县,411622,县
河南|河南省西平县,address,河南省西平县,河南,ok,0,114.02747357278608,33.39386099752538,114.0151737587693,33.38909133476484,20.0,区县,0.0,100.0,,河南省,410000,驻马店市,411700,地级市,西平县,411721,县
河南|河南省许昌县,address,河南省许昌县,河南,ok,0,113.82947787567075,34.13052547643305,113.81709069023019,34.125715468773876,20.0,区县,0.0,100.0,,河南省,410000,许昌市,411000,地级市,建安区,411003,市辖区
河南|河南省辉县,address,河南省辉县,河南,ok,0,113.81157302990697,35.467957818375645,113.79902031642935,35.46201737304462,20.0,区县,0.0,100.0,,河南省,410000,新乡市,410700,地级市,辉县市,410782,县级市
河南|河南省邓县,address,河南省邓县,河南,ok,0,113.75938408486323,34.771712921931496,113.74676296750759,34.76645747002241,20.0,省份,0.0,100.0,,河南省,410000,郑州市,410100,地级市,金水区,410105,市辖区
河南|河南省郏县,address,河南省郏县,河南,ok,0,113.21960622765287,33.977486289176724,113.20677163196024,33.97317355968792,20.0,区县,0.0,100.0,,河南省,410000,平顶山市,410400,地级市,郏县,410425,县
河南|河南省镇平县,address,河南省镇平县,河南,ok,0,112.24154448331042,33.0397185292249,112.22915982229952,33.035357920767936,20.0,区县,0.0,100.0,,河南省,410000,南阳市,411300,地级市,镇平县,411324,县
河南|河南省长垣县,address,河南省长垣县,河南,ok,0,113.75938408486323,34.771712921931496,113.74676296750759,34.76645747002241,20.0,省份,0.0,100.0,,河南省,410000,郑州市,410100,地级市,金水区,410105,市辖区
河南|河南省阌乡,address,河南省阌乡,河南,ok,0,110.63973271997371,34.57700598035973,110.62795425601826,34.57251991338507,50.0,村庄,0.0,100.0,,河南省,410000,三门峡市,411200,地级市,灵宝市,411282,县级市
河南|河南省项城县,address,河南省项城县,河南,ok,0,114.88151400079326,33.473007441429914,114.86961603841647,33.46907377355945,20.0,区县,0.0,100.0,,河南省,410000,周口市,411600,地级市,项城市,411681,县级市
河南|河南省鲁山县,address,河南省鲁山县,河南,ok,0,112.91443396963372,33.74487886345235,112.90195833050217,33.74089611343307,20.0,区县,0.0,100.0,,河南省,410000,平顶山市,410400,地级市,鲁山县,410423,县
河南|河南省鹿邑县,address,河南省鹿邑县,河南,ok,0,115.49058525860173,33.8671732903174,115.47839372146473,33.86257529274212,20.0,区县,0.0,100.0,,河南省,410000,周口市,411600,地级市,鹿邑县,411628,县
浙江|浙江省吴兴县,address,浙江省吴兴县,浙江,ok,0,120.19160466020135,30.86295545498643,120.18051922633622,30.858829595296704,20.0,区县,0.0,100.0,,浙江省,330000,湖州市,330500,地级市,吴兴区,330502,市辖区
浙江|浙江省建德县,address,浙江省建德县,浙江,ok,0,119.28739807500521,29.48115402696838,119.27581135505581,29.47794431214063,20.0,区县,0.0,100.0,,浙江省,330000,杭州市,330100,地级市,建德市,330182,县级市
浙江|浙江省桐乡县,address,浙江省桐乡县,浙江,ok,0,120.57154315530762,30.63631118771037,120.5608536474098,30.632898167244246,20.0,区县,0.0,100.0,,浙江省,330000,嘉兴市,330400,地级市,桐乡市,330483,县级市
浙江|浙江省湖州市,address,浙江省湖州市,浙江,ok,0,120.09451660915789,30.898963937294184,120.08322881748141,30.894660165363238,20.0,城市,0.0,100.0,,浙江省,330000,湖州市,330500,地级市,吴兴区,330502,市辖区
浙江|浙江省长兴县,address,浙江省长兴县,浙江,ok,0,119.91749832197264,31.0325793268347,119.9064765629502,31.02856862749582,20.0,区县,0.0,100.0,,浙江省,330000,湖州市,330500,地级市,长兴县,330522,县
湖北|湖北省保康县,address,湖北省保康县,湖北,ok,0,111.26744121202825,31.883847150262206,111.25516424202178,31.880187461575346,20.0,区县,0.0,100.0,,湖北省,420000,襄阳市,420600,地级市,保康县,420626,县
湖北|湖北省公安,address,湖北省公安,湖北,ok,0,112.23650157583852,30.064400686806085,112.22437138167133,30.060712600338718,20.0,区县,0.0,100.0,,湖北省,420000,荆州市,421000,地级市,公安县,421022,县
湖北|湖北省公安县,address,湖北省公安县,湖北,ok,0,112.23650157583852,30.064400686806085,112.22437138167133,30.060712600338718,20.0,区县,0.0,100.0,,湖北省,420000,荆州市,421000,地级市,公安县,421022,县
湖北|湖北省南漳县,address,湖北省南漳县,湖北,ok,0,111.84538618391599,31.78112970677853,111.83321492858134,31.777038953776746,20.0,区县,0.0,100.0,,湖北省,420000,襄阳市,420600,地级市,南漳县,420624,县
湖北|湖北省宜城县,address,湖北省宜城县,湖北,ok,0,112.2646114416873,31.725469730972,112.25236199542576,31.721311422827306,20.0,区县,0.0,100.0,,湖北省,420000,襄阳市,420600,地级市,宜城市,420684,县级市
湖北|湖北省归州,address,湖北省归州,湖北,ok,0,110.72328627139,30.9858816019618,110.71158745302186,30.982424245922356,25.0,乡镇,0.0,100.0,,湖北省,420000,宜昌市,420500,地级市,秭归县,420527,县
湖北|湖北省房县,address,湖北省房县,湖北,ok,0,110.73359136270881,32.04666554526334,110.72177928839163,32.04305102426906,20.0,区县,0.0,100.0,,湖北省,420000,十堰市,420300,地级市,房县,420325,县
湖北|湖北省枝江县,address,湖北省枝江县,湖北,ok,0,111.766539753372,30.431730676997983,111.75430663831112,30.4280324588705,20.0,区县,0.0,100.0,,湖北省,420000,宜昌市,420500,地级市,枝江市,420583,县级市
湖北|湖北省枣阳县,address,湖北省枣阳县,湖北,ok,0,112.77847075950989,32.13472991431875,112.76599002103339,32.13113770654082,20.0,区县,0.0,100.0,,湖北省,420000,襄阳市,420600,地级市,枣阳市,420683,县级市
湖北|湖北省武汉市,address,湖北省武汉市,湖北,ok,0,114.31158155473231,30.598466736400987,114.29967148483536,30.594674977433115,20.0,城市,0.0,100.0,,湖北省,420000,武汉市,420100,地级市,江岸区,420102,市辖区
湖北|湖北省竹溪县,address,湖北省竹溪县,湖北,ok,0,109.72154249888798,32.32412004885334,109.71007828779472,32.32014966204753,20.0,区县,0.0,100.0,,湖北省,420000,十堰市,420300,地级市,竹溪县,420324,县
湖北|湖北省红安县,address,湖北省红安县,湖北,ok,0,114.62442561129834,31.294296714037316,114.61278645347703,31.290698608716188,20.0,区县,0.0,100.0,,湖北省,420000,黄冈市,421100,地级市,红安县,421122,县
湖北|湖北省老河口市,address,湖北省老河口市,湖北,ok,0,111.6815563690755,32.39245958527059,111.66923915668899,32.38855351642533,20.0,区县,0.0,100.0,,湖北省,420000,襄阳市,420600,地级市,老河口市,420682,县级市
湖北|湖北省襄阳县,address,湖北省襄阳县,湖北,ok,0,112.12853720100244,32.014796804669224,112.11604465896413,32.01044115863019,20.0,城市,0.0,100.0,,湖北省,420000,襄阳市,420600,地级市,襄城区,420602,市辖区
湖北|湖北省谷城县,address,湖北省谷城县,湖北,ok,0,111.65957564172129,32.268983068947186,111.64731918924488,32.26513656982826,20.0,区县,0.0,100.0,,湖北省,420000,襄阳市,420600,地级市,谷城县,420625,县
湖北|湖北省郧县,address,湖北省郧县,湖北,ok,0,110.81857654361632,32.84059241303827,110.80666293435075,32.8369767954419,20.0,区县,0.0,100.0,,湖北省,420000,十堰市,420300,地级市,郧阳区,420304,市辖区
湖北|湖北省黄冈县,address,湖北省黄冈县,湖北,ok,0,114.87849048410779,30.4593588576181,114.86682430459682,30.456335979856956,20.0,城市,0.0,100.0,,湖北省,420000,黄冈市,421100,地级市,黄州区,421102,市辖区
湖南|湖南省华容县,address,湖南省华容县,湖南,ok,0,112.54746151216173,29.536286434381537,112.53546946359238,29.533091282695906,20.0,区县,0.0,100.0,,湖南省,430000,岳阳市,430600,地级市,华容县,430623,县
湖南|湖南省安乡县,address,湖南省安乡县,湖南,ok,0,112.17750615580171,29.417320432220166,112.16535018367688,29.413643389604236,20.0,区县,0.0,100.0,,湖南省,430000,常德市,430700,地级市,安乡县,430721,县
湖南|湖南省慈利县,address,湖南省慈利县,湖南,ok,0,111.14547125235251,29.43598672596915,111.13332644325395,29.432848139014496,20.0,区县,0.0,100.0,,湖南省,430000,张家界市,430800,地级市,慈利县,430821,县
湖南|湖南省沅陵县,address,湖南省沅陵县,湖南,ok,0,110.40043076601941,28.45901810262646,110.38894028809257,28.456074283313484,20.0,区县,0.0,100.0,,湖南省,430000,怀化市,431200,地级市,沅陵县,431222,县
湖南|湖南省溆浦县,address,湖南省溆浦县,湖南,ok,0,110.60155112895423,27.913963373885736,110.59039382257141,27.911591572939585,20.0,区县,0.0,100.0,,湖南省,430000,怀化市,431200,地级市,溆浦县,431224,县
湖南|湖南省澧县,address,湖南省澧县,湖南,ok,0,111.7655335473624,29.638946004609103,111.75340229134198,29.635326852853257,20.0,区县,0.0,100.0,,湖南省,430000,常德市,430700,地级市,澧县,430723,县
湖南|湖南省黔阳县,address,湖南省黔阳县,湖南,ok,0,112.98960254334654,28.118269998009367,112.97743892757529,28.11600332127841,20.0,省份,0.0,100.0,,湖南省,430000,长沙市,430100,地级市,天心区,430103,市辖区
甘肃|甘肃省两当县,address,甘肃省两当县,甘肃,ok,0,106.31141946598899,33.91512283517304,106.30086403057584,33.910468810854645,20.0,区县,0.0,100.0,,甘肃省,620000,陇南市,621200,地级市,两当县,621228,县
甘肃|甘肃省临夏县,address,甘肃省临夏县,甘肃,ok,0,103.24954917760394,35.60989877268906,103.24075608901317,35.60451340189859,20.0,区县,0.0,100.0,,甘肃省,620000,临夏回族自治州,622900,自治州,临夏市,622901,县级市
甘肃|甘肃省兰州市,address,甘肃省兰州市,甘肃,ok,0,103.84052119633628,36.067234693545565,103.83170789216219,36.06129029436198,20.0,城市,0.0,100.0,,甘肃省,620000,兰州市,620100,地级市,城关区,540102,市辖区
甘肃|甘肃省古浪县,address,甘肃省古浪县,甘肃,ok,0,102.90362978165219,37.47580190660082,102.89522564994539,37.46983211060481,20.0,区县,0.0,100.0,,甘肃省,620000,武威市,620600,地级市,古浪县,620622,县
甘肃|甘肃省合水县,address,甘肃省合水县,甘肃,ok,0,108.02644718800366,35.825262216399665,108.0151462993352,35.819085095892625,20.0,区县,0.0,100.0,,甘肃省,620000,庆阳市,621000,地级市,合水县,621024,县
甘肃|甘肃省和政县,address,甘肃省和政县,甘肃,ok,0,103.35752370329226,35.43058990416631,103.34852789552662,35.42510514676189,20.0,区县,0.0,100.0,,甘肃省,620000,临夏回族自治州,622900,自治州,和政县,622925,县
甘肃|甘肃省平凉县,address,甘肃省平凉县,甘肃,ok,0,106.67144234827796,35.549232050463516,106.66068551809612,35.54386288343085,20.0,城市,0.0,100.0,,甘肃省,620000,平凉市,620800,地级市,崆峒区,620802,市辖区
甘肃|甘肃省庄浪县,address,甘肃省庄浪县,甘肃,ok,0,106.04258582178167,35.20819212580443,106.03198951324644,35.20243892397332,20.0,区县,0.0,100.0,,甘肃省,620000,平凉市,620800,地级市,庄浪县,620825,县
甘肃|甘肃省庆阳县,address,甘肃省庆阳县,甘肃,ok,0,103.83247812812213,36.06546488736762,103.82364663574732,36.05950983308573,20.0,省份,0.0,100.0,,甘肃省,620000,兰州市,620100,地级市,城关区,540102,市辖区
甘肃|甘肃省永昌县,address,甘肃省永昌县,甘肃,ok,0,101.97946358316133,38.252940956889034,101.97120074193518,38.24634683526773,20.0,区县,0.0,100.0,,甘肃省,620000,金昌市,620300,地级市,永昌县,620321,县
甘肃|甘肃省泾川县,address,甘肃省泾川县,甘肃,ok,0,107.37451813363634,35.33866859782093,107.36295940828144,35.33315132357213,20.0,区县,0.0,100.0,,甘肃省,620000,平凉市,620800,地级市,泾川县,620821,县
甘肃|甘肃省清水县,address,甘肃省清水县,甘肃,ok,0,106.14359506620673,34.753882906362854,106.13291406265704,34.748583181881756,20.0,区县,0.0,100.0,,甘肃省,620000,天水市,620500,地级市,清水县,620521,县
甘肃|甘肃省环县,address,甘肃省环县,甘肃,ok,0,107.31446964419415,36.57442710890686,107.30290491141406,36.56853289488095,20.0,区县,0.0,100.0,,甘肃省,620000,庆阳市,621000,地级市,环县,621022,县
甘肃|甘肃省镇原县,address,甘肃省镇原县,甘肃,ok,0,107.20757586986487,35.68323058631626,107.19618017187283,35.677727417419085,20.0,区县,0.0,100.0,,甘肃省,620000,庆阳市,621000,地级市,镇原县,621027,县
甘肃|甘肃省陇西县,address,甘肃省陇西县,甘肃,ok,0,104.64138059069448,35.01019716231762,104.63217676634781,35.00538630267723,20.0,区县,0.0,100.0,,甘肃省,620000,定西市,621100,地级市,陇西县,621122,县
甘肃|甘肃省靖远县,address,甘肃省靖远县,甘肃,ok,0,104.682515077963,36.577096288836835,104.67305944985243,36.57137903817618,20.0,区县,0.0,100.0,,甘肃省,620000,白银市,620400,地级市,靖远县,620421,县
贵州|贵州省天柱县,address,贵州省天柱县,贵州,ok,0,109.21444570160986,26.915804084011683,109.20337329602877,26.91348030153764,20.0,区县,0.0,100.0,,贵州省,520000,黔东南苗族侗族自治州,522600,自治州,天柱县,522627,县
贵州|贵州省桐梓县,address,贵州省桐梓县,贵州,ok,0,106.83248902060909,28.139468384162452,106.82204583691454,28.1372536043444,20.0,区县,0.0,100.0,,贵州省,520000,遵义市,520300,地级市,桐梓县,520322,县
贵州|贵州省织金县,address,贵州省织金县,贵州,ok,0,105.77758954702198,26.669221885658793,105.76764807462172,26.666502707138594,20.0,区县,0.0,100.0,,贵州省,520000,毕节市,520500,地级市,织金县,520524,县
辽宁|辽宁省辽东,address,辽宁省辽东,辽宁,ok,0,122.68109210475535,39.842742883353225,122.66951631347256,39.83566966427464,50.0,村庄,0.0,100.0,,辽宁省,210000,大连市,210200,地级市,庄河市,210283,县级市
陕西|陕西省临潼县,address,陕西省临潼县,陕西,ok,0,109.22043579557668,34.372747432848406,109.20878478903401,34.36835894628721,20.0,区县,0.0,100.0,,陕西省,610000,西安市,610100,地级市,临潼区,610115,市辖区
陕西|陕西省佳县,address,陕西省佳县,陕西,ok,0,110.4974774187358,38.025611678571785,110.48528025156062,38.0189911973433,20.0,区县,0.0,100.0,,陕西省,610000,榆林市,610800,地级市,佳县,610828,县
陕西|陕西省兴平县,address,陕西省兴平县,陕西,ok,0,108.49639400876816,34.30547652029205,108.48520171566294,34.300860739474395,20.0,区县,0.0,100.0,,陕西省,610000,咸阳市,610400,地级市,兴平市,610481,县级市
陕西|陕西省凤翔县,address,陕西省凤翔县,陕西,ok,0,108.96039314875111,34.27580800602361,108.94908566034172,34.271687345799364,20.0,省份,0.0,100.0,,陕西省,610000,西安市,610100,地级市,新城区,150102,市辖区
陕西|陕西省南郑县,address,陕西省南郑县,陕西,ok,0,106.94243318333695,33.00561459973419,106.93165840011649,33.00209225993767,20.0,区县,0.0,100.0,,陕西省,610000,汉中市,610700,地级市,南郑区,610703,市辖区
陕西|陕西省周至县,address,陕西省周至县,陕西,ok,0,108.22842183954491,34.16938526961624,108.21732443005867,34.16460384816036,20.0,区县,0.0,100.0,,陕西省,610000,西安市,610100,地级市,周至县,610124,县
陕西|陕西省商县,address,陕西省商县,陕西,ok,0,108.96039314875111,34.27580800602361,108.94908566034172,34.271687345799364,20.0,省份,0.0,100.0,,陕西省,610000,西安市,610100,地级市,新城区,150102,市辖区
陕西|陕西省城固县,address,陕西省城固县,陕西,ok,0,107.34061258029828,33.162399385178446,107.32930114772775,33.15834502902473,20.0,区县,0.0,100.0,,陕西省,610000,汉中市,610700,地级市,城固县,610722,县
陕西|陕西省子长县,address,陕西省子长县,陕西,ok,0,108.96039314875111,34.27580800602361,108.94908566034172,34.271687345799364,20.0,省份,0.0,100.0,,陕西省,610000,西安市,610100,地级市,新城区,150102,市辖区
陕西|陕西省安塞县,address,陕西省安塞县,陕西,ok,0,109.33541943983717,36.87009825930708,109.3234167138172,36.86392642145212,20.0,区县,0.0,100.0,,陕西省,610000,延安市,610600,地级市,安塞区,610603,市辖区
陕西|陕西省岐山县,address,陕西省岐山县,陕西,ok,0,107.62744727878952,34.44977696238733,107.61636240637165,34.44519441239037,20.0,区县,0.0,100.0,,陕西省,610000,宝鸡市,610300,地级市,岐山县,610323,县
陕西|陕西省岚皋县,address,陕西省岚皋县,陕西,ok,0,108.90861535813927,32.312880776500705,108.8975712798482,32.309603171676564,20.0,区县,0.0,100.0,,陕西省,610000,安康市,610900,地级市,岚皋县,610925,县
陕西|陕西省平利县,address,陕西省平利县,陕西,ok,0,109.36854670128137,32.39480412318467,109.35686526860941,32.39100618962411,20.0,区县,0.0,100.0,,陕西省,610000,安康市,610900,地级市,平利县,610926,县
陕西|陕西省延安市,address,陕西省延安市,陕西,ok,0,109.50118366576285,36.656089661066176,109.4892717814151,36.64997023420491,20.0,城市,0.0,100.0,,陕西省,610000,延安市,610600,地级市,宝塔区,610602,市辖区
陕西|陕西省户县,address,陕西省户县,陕西,ok,0,108.61142023270983,34.11502071159901,108.600449321979,34.11080175814311,20.0,区县,0.0,100.0,,陕西省,610000,西安市,610100,地级市,鄠邑区,610118,市辖区
陕西|陕西省扶风县,address,陕西省扶风县,陕西,ok,0,107.90645306510017,34.381463351226095,107.89549426841296,34.37673851375265,20.0,区县,0.0,100.0,,陕西省,610000,宝鸡市,610300,地级市,扶风县,610324,县
陕西|陕西省旬阳县,address,陕西省旬阳县,陕西,ok,0,108.96039314875111,34.27580800602361,108.94908566034172,34.271687345799364,20.0,省份,0.0,100.0,,陕西省,610000,西安市,610100,地级市,新城区,150102,市辖区
陕西|陕西省榆林县,address,陕西省榆林县,陕西,ok,0,109.74161603381395,38.290883835484046,109.7295944156028,38.28413853012533,20.0,城市,0.0,100.0,,陕西省,610000,榆林市,610800,地级市,榆阳区,610802,市辖区
陕西|陕西省洋县,address,陕西省洋县,陕西,ok,0,107.55246428058284,33.22886258931486,107.54142852617365,33.224785493760145,20.0,区县,0.0,100.0,,陕西省,610000,汉中市,610700,地级市,洋县,610723,县
陕西|陕西省洛川县,address,陕西省洛川县,陕西,ok,0,109.43840396824812,35.768300429420684,109.42642678661952,35.762404427122824,20.0,区县,0.0,100.0,,陕西省,610000,延安市,610600,地级市,洛川县,610629,县
陕西|陕西省浦城县,address,陕西省浦城县,陕西,ok,0,118.54743912327928,27.923390046145474,118.53618285948468,27.920802110781114,20.0,区县,0.0,100.0,,福建省,350000,南平市,350700,地级市,浦城县,350722,县
陕西|陕西省清涧县,address,陕西省清涧县,陕西,ok,0,110.12755916227111,37.09485288782833,110.11547790515036,37.08795901199161,20.0,区县,0.0,100.0,,陕西省,610000,榆林市,610800,地级市,清涧县,610830,县
陕西|陕西省略阳县,address,陕西省略阳县,陕西,ok,0,106.16354400615846,33.333193777733165,106.15302394101346,33.32859418631285,20.0,区县,0.0,100.0,,陕西省,610000,汉中市,610700,地级市,略阳县,610727,县
陕西|陕西省白河县,address,陕西省白河县,陕西,ok,0,110.11958688053117,32.814846485284406,110.1078745190304,32.810427268240446,20.0,区县,0.0,100.0,,陕西省,610000,安康市,610900,地级市,白河县,610929,县
陕西|陕西省米脂,address,陕西省米脂,陕西,ok,0,110.19045141746625,37.761397514329296,110.17842431179804,37.754430303882465,20.0,区县,0.0,100.0,,陕西省,610000,榆林市,610800,地级市,米脂县,610827,县
陕西|陕西省米脂县,address,陕西省米脂县,陕西,ok,0,110.19045141746625,37.761397514329296,110.17842431179804,37.754430303882465,20.0,区县,0.0,100.0,,陕西省,610000,榆林市,610800,地级市,米脂县,610827,县
陕西|陕西省紫阳县,address,陕西省紫阳县,陕西,ok,0,108.54159431660538,32.525785619364406,108.53067033832741,32.52213441183169,20.0,区县,0.0,100.0,,陕西省,610000,安康市,610900,地级市,紫阳县,610924,县
陕西|陕西省绥德县,address,陕西省绥德县,陕西,ok,0,110.26942648535928,37.50890728893263,110.25748681503643,37.50207426628122,20.0,区县,0.0,100.0,,陕西省,610000,榆林市,610800,地级市,绥德县,610826,县
陕西|陕西省蓝田县,address,陕西省蓝田县,陕西,ok,0,109.32938812681262,34.157620654732256,109.3176553665018,34.15317580001103,20.0,区县,0.0,100.0,,陕西省,610000,西安市,610100,地级市,蓝田县,610122,县
陕西|陕西省鄠县,address,陕西省鄠县,陕西,ok,0,108.96039314875111,34.27580800602361,108.94908566034172,34.271687345799364,20.0,省份,0.0,100.0,,陕西省,610000,西安市,610100,地级市,新城区,150102,市辖区
陕西|陕西省长安县,address,陕西省长安县,陕西,ok,0,108.91358047235403,34.163290267304646,108.90239115935063,34.15925932092664,20.0,区县,0.0,100.0,,陕西省,610000,西安市,610100,地级市,长安区,130102,市辖区
陕西|陕西省靖边县,address,陕西省靖边县,陕西,ok,0,108.80060049853356,37.60506319395491,108.78903228869086,37.59876849221806,20.0,区县,0.0,100.0,,陕西省,610000,榆林市,610800,地级市,靖边县,610824,县
陕西|陕西省黄陵县,address,陕西省黄陵县,陕西,ok,0,109.26960598495414,35.58507634896885,109.25788679981008,35.57958810535621,20.0,区县,0.0,100.0,,陕西省,610000,延安市,610600,地级市,黄陵县,610632,县
安徽|安徽省泗县,address,安徽省泗县,安徽,ok,0,117.9165899917489,33.48869463013435,117.90480821678626,33.48405772839524,20.0,区县,0.0,100.0,,安徽省,340000,宿州市,341300,地级市,泗县,341324,县
安徽|安徽寿县,address,安徽寿县,安徽,failed,1,,,,,,,,,,,,,,,,,
安徽|安徽萧县,address,安徽萧县,安徽,failed,1,,,,,,,,,,,,,,,,,
山东|山东省兖州县,address,山东省兖州县,山东,ok,0,116.7901151517282,35.557952373283435,116.77797569577189,35.55241295292106,20.0,区县,0.0,100.0,,山东省,370000,济宁市,370800,地级市,兖州区,370812,市辖区
山东|山东省德州,address,山东省德州,山东,ok,0,116.36555674397471,37.441308454576266,116.35321987406334,37.4342960545154,20.0,城市,0.0,100.0,,山东省,370000,德州市,371400,地级市,德城区,371402,市辖区
山东|山东省曲阜,address,山东省曲阜,山东,ok,0,116.99341597169382,35.587372286487756,116.98115990413179,35.58190773434287,20.0,区县,0.0,100.0,,山东省,370000,济宁市,370800,地级市,曲阜市,370881,县级市
山东|山东省济南,address,山东省济南,山东,ok,0,117.12639941261048,36.65655420178723,117.11365220404856,36.65044573461825,20.0,城市,0.0,100.0,,山东省,370000,济南市,370100,地级市,历下区,370102,市辖区
山东|山东省诸城县,address,山东省诸城县,山东,ok,0,119.41640221866636,36.00200885807568,119.40401397777873,35.9958611758665,20.0,区县,0.0,100.0,,山东省,370000,潍坊市,370700,地级市,诸城市,370782,县级市
山东|山东省齐河县,address,山东省齐河县,山东,ok,0,116.76938747072987,36.78994480666954,116.75707547048201,36.78386740908337,20.0,区县,0.0,100.0,,山东省,370000,德州市,371400,地级市,齐河县,371425,县
山东|山东费县,address,山东费县,山东,failed,1,,,,,,,,,,,,,,,,,
山西|山西省嵩岚县,address,山西省嵩岚县,山西,ok,0,111.67859223038421,38.285028788850155,111.66567372876317,38.2783805501453,20.0,区县,0.0,100.0,,山西省,140000,吕梁市,141100,地级市,岚县,141127,县
山西|山西省左云县,address,山西省左云县,山西,ok,0,112.7094632895556,40.01962344901451,112.6961746052429,40.01272444455061,20.0,区县,0.0,100.0,,山西省,140000,大同市,140200,地级市,左云县,140226,县
山西|山西省平定县,address,山西省平定县,山西,ok,0,113.66442115516472,37.792796383591316,113.65155684957944,37.786065402058874,20.0,区县,0.0,100.0,,山西省,140000,阳泉市,140300,地级市,平定县,140321,县
山西|山西省文水县,address,山西省文水县,山西,ok,0,112.03559869260123,37.44430008265076,112.0226621390482,37.43725503381225,20.0,区县,0.0,100.0,,山西省,140000,吕梁市,141100,地级市,文水县,141121,县
山西|山西省武乡县,address,山西省武乡县,山西,ok,0,112.8706056438019,36.84316794930056,112.85775856507577,36.83733582791326,20.0,区县,0.0,100.0,,山西省,140000,长治市,140400,地级市,武乡县,140429,县
山西|山西省长治县,address,山西省长治县,山西,ok,0,113.05741608985974,36.05928647929114,113.04422929032513,36.05352925729022,20.0,区县,0.0,100.0,,山西省,140000,长治市,140400,地级市,上党区,140404,市辖区
山西|山西省高平县,address,山西省高平县,山西,ok,0,112.93041239923134,35.80433679857751,112.9176969981076,35.79895926181578,20.0,区县,0.0,100.0,,山西省,140000,晋城市,140500,地级市,高平市,140581,县级市
江苏|江苏省淮,address,江苏省淮,江苏,ok,0,118.76955164466914,32.066776944293416,118.75775425334236,32.06307875794219,20.0,省份,0.0,100.0,,江苏省,320000,南京市,320100,地级市,鼓楼区,320106,市辖区
江苏|江苏省淮安,address,江苏省淮安,江苏,ok,0,119.14746320322271,33.508999838207515,119.13531078684998,33.50466204448391,20.0,区县,0.0,100.0,,江苏省,320000,淮安市,320800,地级市,淮安区,320803,市辖区
河北|河北省元城县,address,河北省元城县,河北,ok,0,114.53659630531568,38.04320164520046,114.52416893736276,38.03665553790391,20.0,省份,0.0,100.0,,河北省,130000,石家庄市,130100,地级市,长安区,130102,市辖区
河北|河北省安国县,address,河北省安国县,河北,ok,0,115.33340802487648,38.424828318687446,115.32057823156275,38.41826830312487,20.0,区县,0.0,100.0,,河北省,130000,保定市,130600,地级市,安国市,130683,县级市
河北|河北省怀安县,address,河北省怀安县,河北,ok,0,114.39246911505609,40.68036934311551,114.37935164631503,40.67268092654564,20.0,区县,0.0,100.0,,河北省,130000,张家口市,130700,地级市,怀安县,130728,县
河北|河北省深县,address,河北省深县,河北,ok,0,114.53659630531568,38.04320164520046,114.52416893736276,38.03665553790391,20.0,省份,0.0,100.0,,河北省,130000,石家庄市,130100,地级市,长安区,130102,市辖区
河北|河北省获鹿县,address,河北省获鹿县,河北,ok,0,114.53659630531568,38.04320164520046,114.52416893736276,38.03665553790391,20.0,省份,0.0,100.0,,河北省,130000,石家庄市,130100,地级市,长安区,130102,市辖区
河北|河北省赞皇县,address,河北省赞皇县,河北,ok,0,114.39246354556191,37.671667061291416,114.37975293934404,37.66465780856501,20.0,区县,0.0,100.0,,河北省,130000,石家庄市,130100,地级市,赞皇县,130129,县
河北|河北省高阳县,address,河北省高阳县,河北,ok,0,115.78544721513012,38.70625773408686,115.77295636912037,38.69928130106316,20.0,区县,0.0,100.0,,河北省,130000,保定市,130600,地级市,高阳县,130628,县
河南|河南省中牟县,address,河南省中牟县,河南,ok,0,113.98248490572702,34.72501084892361,113.97014568143912,34.71976982876521,20.0,区县,0.0,100.0,,河南省,410000,郑州市,410100,地级市,中牟县,410122,县
河南|河南省宝丰县,address,河南省宝丰县,河南,ok,0,113.06144723583577,33.874745598630774,113.04850575827497,33.87040821904369,20.0,区县,0.0,100.0,,河南省,410000,平顶山市,410400,地级市,宝丰县,410421,县
河南|河南省尉氏县,address,河南省尉氏县,河南,ok,0,114.1995611508576,34.41722801035352,114.18724783616747,34.41215714349812,20.0,区县,0.0,100.0,,河南省,410000,开封市,410200,地级市,尉氏县,410223,县
河南|河南省沈丘县,address,河南省沈丘县,河南,ok,0,115.10545545595329,33.41569109405895,115.09309417690031,33.41143836884626,20.0,区县,0.0,100.0,,河南省,410000,周口市,411600,地级市,沈丘县,411624,县
河南|河南省灵宝,address,河南省灵宝,河南,ok,0,110.90040831286163,34.52314262416382,110.8883855089265,34.51889530073128,20.0,区县,0.0,100.0,,河南省,410000,三门峡市,411200,地级市,灵宝市,411282,县级市
河南|河南省郾城县,address,河南省郾城县,河南,ok,0,114.0133938915449,33.59341588086467,114.0011136955784,33.58859298101662,20.0,区县,0.0,100.0,,河南省,410000,漯河市,411100,地级市,郾城区,411103,市辖区
河南|河南杞县,address,河南杞县,河南,failed,1,,,,,,,,,,,,,,,,,
河南|河南济源市济源县,address,河南济源市济源县,河南,failed,1,,,,,,,,,,,,,,,,,
河南|河南淇县,address,河南淇县,河南,failed,1,,,,,,,,,,,,,,,,,
河南|河南郏县,address,河南郏县,河南,failed,1,,,,,,,,,,,,,,,,,
湖北|湖北省光化县,address,湖北省光化县,湖北,ok,0,111.69036793765342,32.39891194689274,111.67803166346582,32.39498098162227,25.0,乡镇,0.0,100.0,,湖北省,420000,襄阳市,420600,地级市,老河口市,420682,县级市
湖北|湖北省宜都县,address,湖北省宜都县,湖北,ok,0,111.456515837124,30.38440427431352,111.44412451336554,30.3808802761141,20.0,区县,0.0,100.0,,湖北省,420000,宜昌市,420500,地级市,宜都市,420581,县级市
湖北|湖北省宣城县,address,湖北省宣城县,湖北,ok,0,114.34844073658718,30.551600064658352,114.33646715233071,30.54779024269279,20.0,省份,0.0,100.0,,湖北省,420000,武汉市,420100,地级市,武昌区,420106,市辖区
湖北|湖北省罗田县,address,湖北省罗田县,湖北,ok,0,115.40554716749966,30.7889104956853,115.3934348056662,30.785187706213797,20.0,区县,0.0,100.0,,湖北省,420000,黄冈市,421100,地级市,罗田县,421123,县
甘肃|甘肃省通渭县,address,甘肃省通渭县,甘肃,ok,0,105.24840362210966,35.217216821266426,105.2382351547734,35.21211592504904,20.0,区县,0.0,100.0,,甘肃省,620000,定西市,621100,地级市,通渭县,621121,县
贵州|贵州省沿河县,address,贵州省沿河县,贵州,ok,0,108.5104775397904,28.570101680094822,108.49973810644349,28.567449579886055,20.0,区县,0.0,100.0,,贵州省,520000,铜仁市,520600,地级市,沿河土家族自治县,520627,自治县
贵州|贵州省荔波县,address,贵州省荔波县,贵州,ok,0,107.89340938687485,25.41709756627289,107.88304514056513,25.413883146454307,20.0,区县,0.0,100.0,,贵州省,520000,黔南布依族苗族自治州,522700,自治州,荔波县,522722,县
陕西|陕西省山阳县,address,陕西省山阳县,陕西,ok,0,109.88854863218121,33.53796838276926,109.87722985639523,33.53347143555464,20.0,区县,0.0,100.0,,陕西省,610000,商洛市,611000,地级市,山阳县,611024,县
陕西|陕西省洛南县,address,陕西省洛南县,陕西,ok,0,110.15442748007456,34.097070538846296,110.1426555398847,34.09210686981451,20.0,区县,0.0,100.0,,陕西省,610000,商洛市,611000,地级市,洛南县,611021,县
云南|保山永昌府,address,保山永昌府,云南,ok,0,99.17303579906762,25.136976222955916,99.16556516811944,25.134100387876206,25.0,乡镇,0.0,100.0,,云南省,530000,保山市,530500,地级市,隆阳区,530502,市辖区
云南|大理白族自治州鹤庆县,address,大理白族自治州鹤庆县,云南,ok,0,100.18249206302262,26.566197313344603,100.17483107918969,26.56341189769925,20.0,区县,0.0,100.0,,云南省,530000,大理白族自治州,532900,自治州,鹤庆县,532932,县
云南|昆明市嵩明县,address,昆明市嵩明县,云南,ok,0,103.04356394015612,25.344409459134855,103.0352100601372,25.341554219287445,20.0,区县,0.0,100.0,,云南省,530000,昆明市,530100,地级市,嵩明县,530127,县
云南|曲靖市古越,address,曲靖市古越,云南,ok,0,103.80243482794681,25.496406931543667,103.7939921487009,25.493163488064646,20.0,城市,0.0,100.0,,云南省,530000,曲靖市,530300,地级市,麒麟区,530302,市辖区
内蒙古|呼和浩特市,address,呼和浩特市,内蒙古,ok,0,111.75550856170946,40.84842299711348,111.74216803224213,40.84073652101055,20.0,城市,0.0,100.0,,内蒙古自治区,150000,呼和浩特市,150100,地级市,新城区,150102,市辖区
四川|乐山市峨眉山市,address,乐山市峨眉山市,四川,ok,0,103.49154557410374,29.60697552746157,103.48288934797503,29.60368959906148,20.0,区县,0.0,100.0,,四川省,510000,乐山市,511100,地级市,峨眉山市,511181,县级市
四川|内江市内江县,address,内江市内江县,四川,ok,0,105.06458802499718,29.58588653832045,105.05479332881606,29.582778602097743,20.0,城市,0.0,100.0,,四川省,510000,内江市,511000,地级市,市中区,370103,市辖区
四川|广元市剑阁县,address,广元市剑阁县,四川,ok,0,105.53157601886727,32.29347851677268,105.52147177097264,32.289806916151754,20.0,区县,0.0,100.0,,四川省,510000,广元市,510800,地级市,剑阁县,510823,县
四川|广安市广安县,address,广安市广安县,四川,ok,0,106.64853115607652,30.479768100141722,106.63815982311401,30.4766597170026,20.0,区县,0.0,100.0,,四川省,510000,广安市,511600,地级市,广安区,511602,市辖区
四川|德阳市绵竹市,address,德阳市绵竹市,四川,ok,0,104.22760930499648,31.343592258210748,104.21878635929892,31.33957718794184,20.0,区县,0.0,100.0,,四川省,510000,德阳市,510600,地级市,绵竹市,510683,县级市
四川|成都成都市,address,成都成都市,四川,ok,0,104.02802863763932,30.860021045904805,104.0192190589955,30.856128221002844,70.0,政府机构,1.0,100.0,,四川省,510000,成都市,510100,地级市,新都区,510114,市辖区
四川|成都市崇州市,address,成都市崇州市,四川,ok,0,103.67943336923445,30.63659589137926,103.67083531091842,30.633122467413212,20.0,区县,0.0,100.0,,四川省,510000,成都市,510100,地级市,崇州市,510184,县级市
四川|简阳市简阳县,address,简阳市简阳县,四川,ok,0,104.55349406265084,30.41745149135266,104.54457081524713,30.414276461568424,20.0,区县,0.0,100.0,,四川省,510000,成都市,510100,地级市,简阳市,510185,县级市
四川|自贡市富顺县,address,自贡市富顺县,四川,ok,0,104.98149440602947,29.186886257830583,104.97206697073503,29.184227972883903,20.0,区县,0.0,100.0,,四川省,510000,自贡市,510300,地级市,富顺县,510322,县
四川|遂宁市潼南县,address,遂宁市潼南县,四川,ok,0,105.84739903616547,30.19731423966403,105.83739312304216,30.193812483087864,20.0,区县,0.0,100.0,,重庆市,500000,重庆市,500000,直辖市,潼南区,500152,市辖区
四川|遂宁市遂宁县,address,遂宁市遂宁县,四川,ok,0,105.5994215306444,30.53909767110912,105.58951937785726,30.535795380864815,20.0,城市,0.0,100.0,,四川省,510000,遂宁市,510900,地级市,船山区,510903,市辖区
四川|重庆市彭水县,address,重庆市彭水县,四川,ok,0,108.17257803588225,29.29946229044254,108.16174067106847,29.295907807206625,20.0,区县,0.0,100.0,,重庆市,500000,重庆市,500000,直辖市,彭水苗族土家族自治县,500243,自治县
四川|雅安市名山县,address,雅安市名山县,四川,ok,0,103.11548579380317,30.075913663381538,103.1067905222295,30.072720421408803,20.0,区县,0.0,100.0,,四川省,510000,雅安市,511800,地级市,名山区,511803,市辖区
四川|雅安市荥经县,address,雅安市荥经县,四川,ok,0,102.85343551292941,29.799193512656352,102.84531775507135,29.796308952209515,20.0,区县,0.0,100.0,,四川省,510000,雅安市,511800,地级市,荥经县,511822,县
宁夏|固原隆德县,address,固原隆德县,宁夏,ok,0,106.11849829669953,35.63176231509369,106.10776068814151,35.625609781539666,20.0,区县,0.0,100.0,,宁夏回族自治区,640000,固原市,640400,地级市,隆德县,640423,县
安徽|五河县,address,五河县,安徽,ok,0,117.88756088987175,33.13270946286574,117.87577610034704,33.128291080313225,20.0,区县,0.0,100.0,,安徽省,340000,蚌埠市,340300,地级市,五河县,340322,县
安徽|亳州,address,亳州,安徽,ok,0,115.7844632112745,33.850642695788835,115.77250965460992,33.84582222387731,20.0,城市,0.0,100.0,,安徽省,340000,亳州市,341600,地级市,谯城区,341602,市辖区
安徽|亳州市,address,亳州市,安徽,ok,0,115.7844632112745,33.850642695788835,115.77250965460992,33.84582222387731,20.0,城市,0.0,100.0,,安徽省,340000,亳州市,341600,地级市,谯城区,341602,市辖区
安徽|亳州市蒙城县,address,亳州市蒙城县,安徽,ok,0,116.57158940082672,33.27165823967443,116.55997755742808,33.26755414956245,20.0,区县,0.0,100.0,,安徽省,340000,亳州市,341600,地级市,蒙城县,341622,县
安徽|六安六安县,address,六安六安县,安徽,ok,0,116.52640966418569,31.741450815322555,116.51483664480276,31.737542646091534,20.0,城市,0.0,100.0,,安徽省,340000,六安市,341500,地级市,金安区,341502,市辖区
安徽|六安霍邱县,address,六安霍邱县,安徽,ok,0,116.28439133775672,32.3593435909225,116.27269978072248,32.355213848915234,20.0,区县,0.0,100.0,,安徽省,340000,六安市,341500,地级市,霍邱县,341522,县
安徽|六安市六安县,address,六安市六安县,安徽,ok,0,116.52640966418569,31.741450815322555,116.51483664480276,31.737542646091534,20.0,城市,0.0,100.0,,安徽省,340000,六安市,341500,地级市,金安区,341502,市辖区
安徽|六安市舒城县,address,六安市舒城县,安徽,ok,0,116.95560171142074,31.467692010555787,116.94389517454707,31.464189150990926,20.0,区县,0.0,100.0,,安徽省,340000,六安市,341500,地级市,舒城县,341523,县
安徽|六安市霍山县,address,六安市霍山县,安徽,ok,0,116.35428238101063,31.41558470831777,116.3425687997416,31.41132868355709,20.0,区县,0.0,100.0,,安徽省,340000,六安市,341500,地级市,霍山县,341525,县
安徽|六安市霍邱县,address,六安市霍邱县,安徽,ok,0,116.28439133775672,32.3593435909225,116.27269978072248,32.355213848915234,20.0,区县,0.0,100.0,,安徽省,340000,六安市,341500,地级市,霍邱县,341522,县
安徽|凤阳县,address,凤阳县,安徽,ok,0,117.5385853687445,32.88097672525767,117.52655007979223,32.876943495466676,20.0,区县,0.0,100.0,,安徽省,340000,滁州市,341100,地级市,凤阳县,341126,县
安徽|合肥合肥市,address,合肥合肥市,安徽,ok,0,117.23344266497664,31.826577833686887,117.22139827455932,31.82284558474241,20.0,城市,0.0,100.0,,安徽省,340000,合肥市,340100,地级市,蜀山区,340104,市辖区
安徽|合肥市,address,合肥市,安徽,ok,0,117.23344266497664,31.826577833686887,117.22139827455932,31.82284558474241,20.0,城市,0.0,100.0,,安徽省,340000,合肥市,340100,地级市,蜀山区,340104,市辖区
安徽|太和县,address,太和县,安徽,ok,0,121.11045324939532,41.11510930713197,121.09818137538818,41.10737901342767,20.0,区县,0.0,100.0,,辽宁省,210000,锦州市,210700,地级市,太和区,210711,市辖区
安徽|安庆安庆市,address,安庆安庆市,安徽,ok,0,117.1212827542562,30.53922247681024,117.10917074266816,30.535810268391135,20.0,城市,0.0,100.0,,安徽省,340000,安庆市,340800,地级市,宜秀区,340811,市辖区
安徽|安庆望江县,address,安庆望江县,安徽,ok,0,116.71325900687212,30.1339222330446,116.70167610843488,30.13067554340478,20.0,区县,0.0,100.0,,安徽省,340000,安庆市,340800,地级市,望江县,340827,县
安徽|安庆市太湖县,address,安庆市太湖县,安徽,ok,0,116.31547630162399,30.460113290447975,116.30389343894743,30.456330336743736,20.0,区县,0.0,100.0,,安徽省,340000,安庆市,340800,地级市,太湖县,340825,县
安徽|安庆市怀宁县,address,安庆市怀宁县,安徽,ok,0,116.83659258050895,30.739399674606553,116.82494754615982,30.736157953530554,20.0,区县,0.0,100.0,,安徽省,340000,安庆市,340800,地级市,怀宁县,340822,县
安徽|安庆市潜山县,address,安庆市潜山县,安徽,ok,0,116.58761103891939,30.636755682399183,116.57621213995516,30.633432109115144,20.0,区县,0.0,100.0,,安徽省,340000,安庆市,340800,地级市,潜山市,340882,县级市
安徽|宿州市萧县,address,宿州市萧县,安徽,ok,0,116.94323923099243,34.226833736436404,116.93127044731067,34.222644217017425,20.0,区县,0.0,100.0,,安徽省,340000,宿州市,341300,地级市,萧县,341322,县
安徽|寿县,address,寿县,安徽,ok,0,116.80556277259998,32.56154615120071,116.79370182237162,32.5579417641997,20.0,区县,0.0,100.0,,安徽省,340000,淮南市,340400,地级市,寿县,340422,县
安徽|庐江县,address,庐江县,安徽,ok,0,117.29357730191721,31.261327637478026,117.28156078781893,31.257594952419993,20.0,区县,0.0,100.0,,安徽省,340000,合肥市,340100,地级市,庐江县,340124,县
安徽|当涂县,address,当涂县,安徽,ok,0,118.50460469891183,31.576649154711316,118.49292179874985,31.572618077590207,20.0,区县,0.0,100.0,,安徽省,340000,马鞍山市,340500,地级市,当涂县,340521,县
安徽|徐州萧县,address,徐州萧县,安徽,ok,0,116.94323923099243,34.226833736436404,116.93127044731067,34.222644217017425,20.0,区县,0.0,100.0,,安徽省,340000,宿州市,341300,地级市,萧县,341322,县
安徽|池州市东至县,address,池州市东至县,安徽,ok,0,117.03448128943805,30.116534528265298,117.02257447792826,30.113307082604482,20.0,区县,0.0,100.0,,安徽省,340000,池州市,341700,地级市,东至县,341721,县
安徽|池州市贵池县,address,池州市贵池县,安徽,ok,0,117.57449037048667,30.693857943819243,117.56274334958648,30.6903184498233,20.0,区县,0.0,100.0,,安徽省,340000,池州市,341700,地级市,贵池区,341702,市辖区
安徽|泗县,address,泗县,安徽,ok,0,117.9165899917489,33.48869463013435,117.90480821678626,33.48405772839524,20.0,区县,0.0,100.0,,安徽省,340000,宿州市,341300,地级市,泗县,341324,县
安徽|淮南市寿县,address,淮南市寿县,安徽,ok,0,116.80556277259998,32.56154615120071,116.79370182237162,32.5579417641997,20.0,区县,0.0,100.0,,安徽省,340000,淮南市,340400,地级市,寿县,340422,县
安徽|滁州市凤阳县,address,滁州市凤阳县,安徽,ok,0,117.5385853687445,32.88097672525767,117.52655007979223,32.876943495466676,20.0,区县,0.0,100.0,,安徽省,340000,滁州市,341100,地级市,凤阳县,341126,县
安徽|滁州市天长县,address,滁州市天长县,安徽,ok,0,119.01138527948528,32.67341003277047,118.99944359605178,32.669748451826294,20.0,区县,0.0,100.0,,安徽省,340000,滁州市,341100,地级市,天长市,341181,县级市
安徽|滁州市,address,滁州市,安徽,ok,0,118.33940613596579,32.26127087204081,118.3275150300542,32.25706267787063,20.0,城市,0.0,100.0,,安徽省,340000,滁州市,341100,地级市,南谯区,341103,市辖区
安徽|灵璧县,address,灵璧县,安徽,ok,0,117.56455699798788,33.547892231948374,117.55255933609357,33.54347618478507,20.0,区县,0.0,100.0,,安徽省,340000,宿州市,341300,地级市,灵璧县,341323,县
安徽|萧县,address,萧县,安徽,ok,0,116.94323923099243,34.226833736436404,116.93127044731067,34.222644217017425,20.0,区县,0.0,100.0,,安徽省,340000,宿州市,341300,地级市,萧县,341322,县
安徽|蚌埠市怀远县,address,蚌埠市怀远县,安徽,ok,0,117.21150631391461,32.97600372662439,117.19931253358105,32.97210215183883,20.0,区县,0.0,100.0,,安徽省,340000,蚌埠市,340300,地级市,怀远县,340321,县
安徽|铜陵市铜陵县,address,铜陵市铜陵县,安徽,ok,0,117.94404104033666,30.956809322839803,117.93244760631507,30.95284325431162,20.0,区县,0.0,100.0,,安徽省,340000,铜陵市,340700,地级市,义安区,340706,市辖区
安徽|阜阳太和县,address,阜阳太和县,安徽,ok,0,115.62861546970402,33.16595985009563,115.6168237913428,33.16175255517233,20.0,区县,0.0,100.0,,安徽省,340000,阜阳市,341200,地级市,太和县,341222,县
安徽|阜阳阜阳县,address,阜阳阜阳县,安徽,ok,0,115.82043612491321,32.89606099485221,115.80864083917106,32.89176771745348,20.0,城市,0.0,100.0,,安徽省,340000,阜阳市,341200,地级市,颍州区,341202,市辖区
安徽|阜阳霍邱县,address,阜阳霍邱县,安徽,ok,0,116.28439133775672,32.3593435909225,116.27269978072248,32.355213848915234,20.0,区县,0.0,100.0,,安徽省,340000,六安市,341500,地级市,霍邱县,341522,县
安徽|阜阳颍上县,address,阜阳颍上县,安徽,ok,0,116.26347689904284,32.659028468804394,116.25177445473328,32.654832755586185,20.0,区县,0.0,100.0,,安徽省,340000,阜阳市,341200,地级市,颍上县,341226,县
安徽|阜阳市阜阳县,address,阜阳市阜阳县,安徽,ok,0,115.82043612491321,32.89606099485221,115.80864083917106,32.89176771745348,20.0,城市,0.0,100.0,,安徽省,340000,阜阳市,341200,地级市,颍州区,341202,市辖区
安徽|阜阳市,address,阜阳市,安徽,ok,0,115.82043612491321,32.89606099485221,115.80864083917106,32.89176771745348,20.0,城市,0.0,100.0,,安徽省,340000,阜阳市,341200,地级市,颍州区,341202,市辖区
安徽|阜阳市霍邱县,address,阜阳市霍邱县,安徽,ok,0,116.28439133775672,32.3593435909225,116.27269978072248,32.355213848915234,20.0,区县,0.0,100.0,,安徽省,340000,六安市,341500,地级市,霍邱县,341522,县
安徽|阜阳市颍上县,address,阜阳市颍上县,安徽,ok,0,116.26347689904284,32.659028468804394,116.25177445473328,32.654832755586185,20.0,区县,0.0,100.0,,安徽省,340000,阜阳市,341200,地级市,颍上县,341226,县
安徽|霍邱县,address,霍邱县,安徽,ok,0,116.28439133775672,32.3593435909225,116.27269978072248,32.355213848915234,20.0,区县,0.0,100.0,,安徽省,340000,六安市,341500,地级市,霍邱县,341522,县
安徽|颍上县,address,颍上县,安徽,ok,0,116.26347689904284,32.659028468804394,116.25177445473328,32.654832755586185,20.0,区县,0.0,100.0,,安徽省,340000,阜阳市,341200,地级市,颍上县,341226,县
安徽|黄山市歙县,address,黄山市歙县,安徽,ok,0,118.42146012978772,29.866287675757313,118.40971929157053,29.86250639976256,20.0,区县,0.0,100.0,,安徽省,340000,黄山市,341000,地级市,歙县,341021,县
山东|东营利津县,address,东营利津县,山东,ok,0,118.26161799914311,37.49586029903058,118.249333989842,37.48884551345866,20.0,区县,0.0,100.0,,山东省,370000,东营市,370500,地级市,利津县,370522,县
山东|东营市利津县,address,东营市利津县,山东,ok,0,118.26161799914311,37.49586029903058,118.249333989842,37.48884551345866,20.0,区县,0.0,100.0,,山东省,370000,东营市,370500,地级市,利津县,370522,县
山东|东营市广饶县,address,东营市广饶县,山东,ok,0,118.4260019786527,37.060488846616934,118.4135403625954,37.05366338315894,20.0,区县,0.0,100.0,,山东省,370000,东营市,370500,地级市,广饶县,370523,县
山东|临沂临沂市,address,临沂临沂市,山东,ok,0,118.36353300501388,35.11067124236514,118.35132962902804,35.10491040307795,20.0,城市,0.0,100.0,,山东省,370000,临沂市,371300,地级市,兰山区,371302,市辖区
山东|临沂蒙阴县,address,临沂蒙阴县,山东,ok,0,117.95141460145422,35.71634716623248,117.93937860407655,35.71020219701927,20.0,区县,0.0,100.0,,山东省,370000,临沂市,371300,地级市,蒙阴县,371328,县
山东|临沂费县,address,临沂费县,山东,ok,0,117.98442508318213,35.27230412851695,117.97235465071927,35.26639496572099,20.0,区县,0.0,100.0,,山东省,370000,临沂市,371300,地级市,费县,371325,县
山东|临沂市,address,临沂市,山东,ok,0,118.36353300501388,35.11067124236514,118.35132962902804,35.10491040307795,20.0,城市,0.0,100.0,,山东省,370000,临沂市,371300,地级市,兰山区,371302,市辖区
山东|临沂市沂州,address,临沂市沂州,山东,ok,0,118.36353300501388,35.11067124236514,118.35132962902804,35.10491040307795,20.0,城市,0.0,100.0,,山东省,370000,临沂市,371300,地级市,兰山区,371302,市辖区
山东|临沂市沂水县,address,临沂市沂水县,山东,ok,0,118.63461726384591,35.79618058471814,118.6226943349985,35.79049981255665,20.0,区县,0.0,100.0,,山东省,370000,临沂市,371300,地级市,沂水县,371323,县
山东|临沂市费县,address,临沂市费县,山东,ok,0,117.98442508318213,35.27230412851695,117.97235465071927,35.26639496572099,20.0,区县,0.0,100.0,,山东省,370000,临沂市,371300,地级市,费县,371325,县
山东|临沂市郯城,address,临沂市郯城,山东,ok,0,118.37358710977321,34.61922593247125,118.36139373756987,34.61396738531961,20.0,区县,0.0,100.0,,山东省,370000,临沂市,371300,地级市,郯城县,371322,县
山东|临沂市郯城县,address,临沂市郯城县,山东,ok,0,118.37358710977321,34.61922593247125,118.36139373756987,34.61396738531961,20.0,区县,0.0,100.0,,山东省,370000,临沂市,371300,地级市,郯城县,371322,县
山东|临邑县,address,临邑县,山东,ok,0,116.87340370301902,37.19616936672706,116.86119026250917,37.19003660564351,20.0,区县,0.0,100.0,,山东省,370000,德州市,371400,地级市,临邑县,371424,县
山东|商河县,address,商河县,山东,ok,0,117.16352979289881,37.31497071555638,117.15078768268042,37.30847670827174,20.0,区县,0.0,100.0,,山东省,370000,济南市,370100,地级市,商河县,370126,县
山东|威海威海市,address,威海威海市,山东,ok,0,122.12754097831325,37.5164305480148,122.11610892938603,37.50906507705594,20.0,城市,0.0,100.0,,山东省,370000,威海市,371000,地级市,环翠区,371002,市辖区
山东|威海文登县,address,威海文登县,山东,ok,0,122.06442836877653,37.20011332831649,122.05303659838503,37.192883285713535,20.0,区县,0.0,100.0,,山东省,370000,威海市,371000,地级市,文登区,371003,市辖区
山东|威海荣成县,address,威海荣成县,山东,ok,0,122.49250463073764,37.171317939253235,122.48119563568142,37.164547970802495,20.0,区县,0.0,100.0,,山东省,370000,威海市,371000,地级市,荣成市,371082,县级市
山东|平阴县,address,平阴县,山东,ok,0,116.46261667805571,36.29486132106647,116.45037937064606,36.288608229324915,20.0,区县,0.0,100.0,,山东省,370000,济南市,370100,地级市,平阴县,370124,县
山东|德州临邑县,address,德州临邑县,山东,ok,0,116.87340370301902,37.19616936672706,116.86119026250917,37.19003660564351,20.0,区县,0.0,100.0,,山东省,370000,德州市,371400,地级市,临邑县,371424,县
山东|德州乐陵县,address,德州乐陵县,山东,ok,0,117.23840643173311,37.73592450080975,117.22573442331917,37.729413257866234,20.0,区县,0.0,100.0,,山东省,370000,德州市,371400,地级市,乐陵市,371481,县级市
山东|德州商河县,address,德州商河县,山东,ok,0,117.16352979289881,37.31497071555638,117.15078768268042,37.30847670827174,20.0,区县,0.0,100.0,,山东省,370000,济南市,370100,地级市,商河县,370126,县
山东|德州夏津县,address,德州夏津县,山东,ok,0,116.00853411225853,36.954154863323446,115.9963534603409,36.94736416130516,20.0,区县,0.0,100.0,,山东省,370000,德州市,371400,地级市,夏津县,371427,县
山东|德州平原县,address,德州平原县,山东,ok,0,116.4405047082665,37.171221463311625,116.42815239879762,37.16439798328747,20.0,区县,0.0,100.0,,山东省,370000,德州市,371400,地级市,平原县,371426,县
山东|德州庆云县,address,德州庆云县,山东,ok,0,117.39145244824853,37.78158531885699,117.37854198773813,37.77476358485895,20.0,区县,0.0,100.0,,山东省,370000,德州市,371400,地级市,庆云县,371423,县
山东|德州德州市,address,德州德州市,山东,ok,0,116.36555674397471,37.441308454576266,116.35321987406334,37.4342960545154,20.0,城市,0.0,100.0,,山东省,370000,德州市,371400,地级市,德城区,371402,市辖区
山东|德州武城县,address,德州武城县,山东,ok,0,116.07550629141886,37.21922208028849,116.06313961278425,37.21210575898866,20.0,区县,0.0,100.0,,山东省,370000,德州市,371400,地级市,武城县,371428,县
山东|德州市临邑县,address,德州市临邑县,山东,ok,0,116.87340370301902,37.19616936672706,116.86119026250917,37.19003660564351,20.0,区县,0.0,100.0,,山东省,370000,德州市,371400,地级市,临邑县,371424,县
山东|德州市夏津县,address,德州市夏津县,山东,ok,0,116.00853411225853,36.954154863323446,115.9963534603409,36.94736416130516,20.0,区县,0.0,100.0,,山东省,370000,德州市,371400,地级市,夏津县,371427,县
山东|德州市平原县,address,德州市平原县,山东,ok,0,116.4405047082665,37.171221463311625,116.42815239879762,37.16439798328747,20.0,区县,0.0,100.0,,山东省,370000,德州市,371400,地级市,平原县,371426,县
山东|德州市庆云县,address,德州市庆云县,山东,ok,0,117.39145244824853,37.78158531885699,117.37854198773813,37.77476358485895,20.0,区县,0.0,100.0,,山东省,370000,德州市,371400,地级市,庆云县,371423,县
山东|德州市,address,德州市,山东,ok,0,116.36555674397471,37.441308454576266,116.35321987406334,37.4342960545154,20.0,城市,0.0,100.0,,山东省,370000,德州市,371400,地级市,德城区,371402,市辖区
山东|德州市武城县,address,德州市武城县,山东,ok,0,116.07550629141886,37.21922208028849,116.06313961278425,37.21210575898866,20.0,区县,0.0,100.0,,山东省,370000,德州市,371400,地级市,武城县,371428,县
山东|德州市禹城县,address,德州市禹城县,山东,ok,0,116.64437110138118,36.94024200876569,116.6323227202416,36.93410297501305,20.0,区县,0.0,100.0,,山东省,370000,德州市,371400,地级市,禹城市,371482,县级市
山东|德州市齐河县,address,德州市齐河县,山东,ok,0,116.76938747072987,36.78994480666954,116.75707547048201,36.78386740908337,20.0,区县,0.0,100.0,,山东省,370000,德州市,371400,地级市,齐河县,371425,县
山东|文登县,address,文登县,山东,ok,0,122.06442836877653,37.20011332831649,122.05303659838503,37.192883285713535,20.0,区县,0.0,100.0,,山东省,370000,威海市,371000,地级市,文登区,371003,市辖区
山东|新泰市,address,新泰市,山东,ok,0,117.77460624826666,35.9146198665876,117.7622721194928,35.908353409449866,20.0,区县,0.0,100.0,,山东省,370000,泰安市,370900,地级市,新泰市,370982,县级市
山东|日照日照市,address,日照日照市,山东,ok,0,119.53341540456555,35.42283899843767,119.52151481735513,35.41710211780598,20.0,城市,0.0,100.0,,山东省,370000,日照市,371100,地级市,东港区,371102,市辖区
山东|日照市,address,日照市,山东,ok,0,119.53341540456555,35.42283899843767,119.52151481735513,35.41710211780598,20.0,城市,0.0,100.0,,山东省,370000,日照市,371100,地级市,东港区,371102,市辖区
山东|昌邑县,address,昌邑县,山东,ok,0,126.58144866124232,43.88799247473632,126.56928360727917,43.87989366049361,20.0,区县,0.0,100.0,,吉林省,220000,吉林市,220200,地级市,昌邑区,220202,市辖区
山东|曲阜市,address,曲阜市,山东,ok,0,116.99341597169382,35.587372286487756,116.98115990413179,35.58190773434287,20.0,区县,0.0,100.0,,山东省,370000,济宁市,370800,地级市,曲阜市,370881,县级市
山东|枣庄峄县,address,枣庄峄县,山东,ok,0,117.33054194483897,34.815994048435115,117.3180662147885,34.81097033256396,20.0,城市,0.0,100.0,,山东省,370000,枣庄市,370400,地级市,薛城区,370403,市辖区
山东|枣庄市峄县,address,枣庄市峄县,山东,ok,0,117.33054194483897,34.815994048435115,117.3180662147885,34.81097033256396,20.0,城市,0.0,100.0,,山东省,370000,枣庄市,370400,地级市,薛城区,370403,市辖区
山东|枣庄市,address,枣庄市,山东,ok,0,117.33054194483897,34.815994048435115,117.3180662147885,34.81097033256396,20.0,城市,0.0,100.0,,山东省,370000,枣庄市,370400,地级市,薛城区,370403,市辖区
山东|枣庄市滕县,address,枣庄市滕县,山东,ok,0,117.33054194483897,34.815994048435115,117.3180662147885,34.81097033256396,20.0,城市,0.0,100.0,,山东省,370000,枣庄市,370400,地级市,薛城区,370403,市辖区
山东|栖霞县,address,栖霞县,山东,ok,0,118.91542298490691,32.10260020782976,118.9037966380732,32.09916794360143,20.0,区县,0.0,100.0,,江苏省,320000,南京市,320100,地级市,栖霞区,320113,市辖区
山东|泰安东平,address,泰安东平,山东,ok,0,116.47759421565412,35.94190801501926,116.46545360937391,35.93580041461248,20.0,区县,0.0,100.0,,山东省,370000,泰安市,370900,地级市,东平县,370923,县
山东|泰安东平县,address,泰安东平县,山东,ok,0,116.47759421565412,35.94190801501926,116.46545360937391,35.93580041461248,20.0,区县,0.0,100.0,,山东省,370000,泰安市,370900,地级市,东平县,370923,县
山东|泰安新泰市,address,泰安新泰市,山东,ok,0,117.77460624826666,35.9146198665876,117.7622721194928,35.908353409449866,20.0,区县,0.0,100.0,,山东省,370000,泰安市,370900,地级市,新泰市,370982,县级市
山东|泰安,address,泰安,山东,ok,0,117.0944948347959,36.2058580448846,117.08181116882463,36.19994271820543,20.0,城市,0.0,100.0,,山东省,370000,泰安市,370900,地级市,泰山区,370902,市辖区
山东|泰安泰安县,address,泰安泰安县,山东,ok,0,117.0944948347959,36.2058580448846,117.08181116882463,36.19994271820543,20.0,城市,0.0,100.0,,山东省,370000,泰安市,370900,地级市,泰山区,370902,市辖区
山东|泰安泰安市,address,泰安泰安市,山东,ok,0,117.0944948347959,36.2058580448846,117.08181116882463,36.19994271820543,20.0,城市,0.0,100.0,,山东省,370000,泰安市,370900,地级市,泰山区,370902,市辖区
山东|泰安肥城,address,泰安肥城,山东,ok,0,116.77540081764421,36.18881122431525,116.76315713539525,36.183020030819556,20.0,区县,0.0,100.0,,山东省,370000,泰安市,370900,地级市,肥城市,370983,县级市
山东|泰安肥城县,address,泰安肥城县,山东,ok,0,116.77540081764421,36.18881122431525,116.76315713539525,36.183020030819556,20.0,区县,0.0,100.0,,山东省,370000,泰安市,370900,地级市,肥城市,370983,县级市
山东|泰安市东平县,address,泰安市东平县,山东,ok,0,116.47759421565412,35.94190801501926,116.46545360937391,35.93580041461248,20.0,区县,0.0,100.0,,山东省,370000,泰安市,370900,地级市,东平县,370923,县
山东|泰安市宁阳县,address,泰安市宁阳县,山东,ok,0,116.81257853863292,35.76453909734402,116.80043604229819,35.75894029100397,20.0,区县,0.0,100.0,,山东省,370000,泰安市,370900,地级市,宁阳县,370921,县
山东|泰安市泰安县,address,泰安市泰安县,山东,ok,0,117.0944948347959,36.2058580448846,117.08181116882463,36.19994271820543,20.0,城市,0.0,100.0,,山东省,370000,泰安市,370900,地级市,泰山区,370902,市辖区
山东|泰安市,address,泰安市,山东,ok,0,117.0944948347959,36.2058580448846,117.08181116882463,36.19994271820543,20.0,城市,0.0,100.0,,山东省,370000,泰安市,370900,地级市,泰山区,370902,市辖区
山东|泰安市肥城县,address,泰安市肥城县,山东,ok,0,116.77540081764421,36.18881122431525,116.76315713539525,36.183020030819556,20.0,区县,0.0,100.0,,山东省,370000,泰安市,370900,地级市,肥城市,370983,县级市
山东|济南历城,address,济南历城,山东,ok,0,117.07158975107194,36.68565553471069,117.05888394702083,36.67956198892589,20.0,区县,0.0,100.0,,山东省,370000,济南市,370100,地级市,历城区,370112,市辖区
山东|济南历城县,address,济南历城县,山东,ok,0,117.07158975107194,36.68565553471069,117.05888394702083,36.67956198892589,20.0,区县,0.0,100.0,,山东省,370000,济南市,370100,地级市,历城区,370112,市辖区
山东|济南济阳县,address,济南济阳县,山东,ok,0,117.18062113319276,36.98397051831499,117.1679352957891,36.97769959675554,20.0,区县,0.0,100.0,,山东省,370000,济南市,370100,地级市,济阳区,370115,市辖区
山东|济南莱芜市,address,济南莱芜市,山东,ok,0,117.66659067001653,36.20884142681693,117.6542875583521,36.20270530989479,20.0,区县,0.0,100.0,,山东省,370000,济南市,370100,地级市,莱芜区,370116,市辖区
山东|济南市历城县,address,济南市历城县,山东,ok,0,117.07158975107194,36.68565553471069,117.05888394702083,36.67956198892589,20.0,区县,0.0,100.0,,山东省,370000,济南市,370100,地级市,历城区,370112,市辖区
山东|济南市商河县,address,济南市商河县,山东,ok,0,117.16352979289881,37.31497071555638,117.15078768268042,37.30847670827174,20.0,区县,0.0,100.0,,山东省,370000,济南市,370100,地级市,商河县,370126,县
山东|济南市,address,济南市,山东,ok,0,117.12639941261048,36.65655420178723,117.11365220404856,36.65044573461825,20.0,城市,0.0,100.0,,山东省,370000,济南市,370100,地级市,历下区,370102,市辖区
山东|济南市济南府,address,济南市济南府,山东,ok,0,117.03095660810855,36.64718713071695,117.01838710580714,36.64121291851737,80.0,餐饮,1.0,100.0,,山东省,370000,济南市,370100,地级市,历下区,370102,市辖区
山东|济南市济阳县,address,济南市济阳县,山东,ok,0,117.18062113319276,36.98397051831499,117.1679352957891,36.97769959675554,20.0,区县,0.0,100.0,,山东省,370000,济南市,370100,地级市,济阳区,370115,市辖区
山东|济南市章丘县,address,济南市章丘县,山东,ok,0,117.53256537436938,36.685532751420155,117.52010184210887,36.67929465581294,20.0,区县,0.0,100.0,,山东省,370000,济南市,370100,地级市,章丘区,370114,市辖区
山东|济南市莱芜县,address,济南市莱芜县,山东,ok,0,117.66659067001653,36.20884142681693,117.6542875583521,36.20270530989479,20.0,区县,0.0,100.0,,山东省,370000,济南市,370100,地级市,莱芜区,370116,市辖区
山东|济南市长清县,address,济南市长清县,山东,ok,0,116.75838709094633,36.5602158799097,116.7460978751959,36.55426596717356,20.0,区县,0.0,100.0,,山东省,370000,济南市,370100,地级市,长清区,370113,市辖区
山东|济宁曲阜市,address,济宁曲阜市,山东,ok,0,116.99341597169382,35.587372286487756,116.98115990413179,35.58190773434287,20.0,区县,0.0,100.0,,山东省,370000,济宁市,370800,地级市,曲阜市,370881,县级市
山东|济宁汶上县,address,济宁汶上县,山东,ok,0,116.50544105764958,35.71705539262766,116.49342294629581,35.71113752766394,20.0,区县,0.0,100.0,,山东省,370000,济宁市,370800,地级市,汶上县,370830,县
山东|济宁泗水县,address,济宁泗水县,山东,ok,0,117.2574285898902,35.67060048122767,117.24500155210293,35.66494275359562,20.0,区县,0.0,100.0,,山东省,370000,济宁市,370800,地级市,泗水县,370831,县
山东|济宁济宁县,address,济宁济宁县,山东,ok,0,116.59361234853988,35.420177394529645,116.58181111739216,35.41472606496415,20.0,城市,0.0,100.0,,山东省,370000,济宁市,370800,地级市,任城区,370811,市辖区
山东|济宁滋阳,address,济宁滋阳,山东,ok,0,116.59361234853988,35.420177394529645,116.58181111739216,35.41472606496415,20.0,城市,0.0,100.0,,山东省,370000,济宁市,370800,地级市,任城区,370811,市辖区
山东|济宁滕州,address,济宁滕州,山东,ok,0,117.17256521920983,35.120034809573916,117.16008410062695,35.11478480555841,20.0,区县,0.0,100.0,,山东省,370000,枣庄市,370400,地级市,滕州市,370481,县级市
山东|济宁邹城,address,济宁邹城,山东,ok,0,117.01440416129005,35.40752093244999,117.00207791706885,35.40212236458752,20.0,区县,0.0,100.0,,山东省,370000,济宁市,370800,地级市,邹城市,370883,县级市
山东|济宁郓城县,address,济宁郓城县,山东,ok,0,115.94539329592878,35.58147559928302,115.93354361095909,35.57545784558036,20.0,区县,0.0,100.0,,山东省,370000,菏泽市,371700,地级市,郓城县,371725,县
山东|济宁金乡县,address,济宁金乡县,山东,ok,0,116.31852982171351,35.072569118665015,116.30654179433719,35.06692896771575,20.0,区县,0.0,100.0,,山东省,370000,济宁市,370800,地级市,金乡县,370828,县
山东|济宁鱼台县,address,济宁鱼台县,山东,ok,0,116.65739284822328,35.017887717822525,116.6455165969788,35.012852284735224,20.0,区县,0.0,100.0,,山东省,370000,济宁市,370800,地级市,鱼台县,370827,县
山东|济宁市兖州县,address,济宁市兖州县,山东,ok,0,116.7901151517282,35.557952373283435,116.77797569577189,35.55241295292106,20.0,区县,0.0,100.0,,山东省,370000,济宁市,370800,地级市,兖州区,370812,市辖区
山东|济宁市兖州市,address,济宁市兖州市,山东,ok,0,116.7901151517282,35.557952373283435,116.77797569577189,35.55241295292106,20.0,区县,0.0,100.0,,山东省,370000,济宁市,370800,地级市,兖州区,370812,市辖区
山东|济宁市兖州府,address,济宁市兖州府,山东,ok,0,116.8552511045956,35.55896570809757,116.84320261669977,35.55357512379575,70.0,地产小区,1.0,100.0,,山东省,370000,济宁市,370800,地级市,兖州区,370812,市辖区
山东|济宁市曲阜市,address,济宁市曲阜市,山东,ok,0,116.99341597169382,35.587372286487756,116.98115990413179,35.58190773434287,20.0,区县,0.0,100.0,,山东省,370000,济宁市,370800,地级市,曲阜市,370881,县级市
山东|济宁市汶上县,address,济宁市汶上县,山东,ok,0,116.50544105764958,35.71705539262766,116.49342294629581,35.71113752766394,20.0,区县,0.0,100.0,,山东省,370000,济宁市,370800,地级市,汶上县,370830,县
山东|济宁市泗水县,address,济宁市泗水县,山东,ok,0,117.2574285898902,35.67060048122767,117.24500155210293,35.66494275359562,20.0,区县,0.0,100.0,,山东省,370000,济宁市,370800,地级市,泗水县,370831,县
山东|济宁市,address,济宁市,山东,ok,0,116.59361234853988,35.420177394529645,116.58181111739216,35.41472606496415,20.0,城市,0.0,100.0,,山东省,370000,济宁市,370800,地级市,任城区,370811,市辖区
山东|济宁市邹县,address,济宁市邹县,山东,ok,0,116.59361234853988,35.420177394529645,116.58181111739216,35.41472606496415,20.0,城市,0.0,100.0,,山东省,370000,济宁市,370800,地级市,任城区,370811,市辖区
山东|济宁市金乡县,address,济宁市金乡县,山东,ok,0,116.31852982171351,35.072569118665015,116.30654179433719,35.06692896771575,20.0,区县,0.0,100.0,,山东省,370000,济宁市,370800,地级市,金乡县,370828,县
山东|济宁市鱼台县,address,济宁市鱼台县,山东,ok,0,116.65739284822328,35.017887717822525,116.6455165969788,35.012852284735224,20.0,区县,0.0,100.0,,山东省,370000,济宁市,370800,地级市,鱼台县,370827,县
山东|海阳县,address,海阳县,山东,ok,0,121.1804581977879,36.693269738228416,121.16880909817812,36.687127344966655,20.0,区县,0.0,100.0,,山东省,370000,烟台市,370600,地级市,海阳市,370687,县级市
山东|淄博博山,address,淄博博山,山东,ok,0,117.86846875371543,36.500847855130566,117.85628100080386,36.4944893089616,20.0,区县,0.0,100.0,,山东省,370000,淄博市,370300,地级市,博山区,370304,市辖区
山东|淄博淄博市,address,淄博淄博市,山东,ok,0,118.06145253489896,36.81908568332188,118.0489701362115,36.81220954779001,20.0,城市,0.0,100.0,,山东省,370000,淄博市,370300,地级市,张店区,370303,市辖区
山东|淄博淄川,address,淄博淄川,山东,ok,0,117.9734118576298,36.649834806021666,117.961194986012,36.643305058713125,20.0,区县,0.0,100.0,,山东省,370000,淄博市,370300,地级市,淄川区,370302,市辖区
山东|淄博市博山区,address,淄博市博山区,山东,ok,0,117.86846875371543,36.500847855130566,117.85628100080386,36.4944893089616,20.0,区县,0.0,100.0,,山东省,370000,淄博市,370300,地级市,博山区,370304,市辖区
山东|淄博市桓台,address,淄博市桓台,山东,ok,0,118.10443420778763,36.965607980118264,118.09191108231586,36.95859908659337,20.0,区县,0.0,100.0,,山东省,370000,淄博市,370300,地级市,桓台县,370321,县
山东|淄博市桓台县,address,淄博市桓台县,山东,ok,0,118.10443420778763,36.965607980118264,118.09191108231586,36.95859908659337,20.0,区县,0.0,100.0,,山东省,370000,淄博市,370300,地级市,桓台县,370321,县
山东|淄博市,address,淄博市,山东,ok,0,118.06145253489896,36.81908568332188,118.0489701362115,36.81220954779001,20.0,城市,0.0,100.0,,山东省,370000,淄博市,370300,地级市,张店区,370303,市辖区
山东|淄博市淄川,address,淄博市淄川,山东,ok,0,117.9734118576298,36.649834806021666,117.961194986012,36.643305058713125,20.0,区县,0.0,100.0,,山东省,370000,淄博市,370300,地级市,淄川区,370302,市辖区
山东|滕县,address,滕县,山东,ok,0,110.9360053617411,23.37658656353264,110.92483539210896,23.373707082221316,70.0,医疗,0.0,0.0,,广西壮族自治区,450000,梧州市,450400,地级市,藤县,450422,县
山东|滨州博兴县,address,滨州博兴县,山东,ok,0,118.1174926953251,37.160477277651474,118.10496833490431,37.153346300815045,20.0,区县,0.0,100.0,,山东省,370000,滨州市,371600,地级市,博兴县,371625,县
山东|滨州庆云县,address,滨州庆云县,山东,ok,0,117.39145244824853,37.78158531885699,117.37854198773813,37.77476358485895,20.0,区县,0.0,100.0,,山东省,370000,德州市,371400,地级市,庆云县,371423,县
山东|滨州惠民县,address,滨州惠民县,山东,ok,0,117.5165096904979,37.49580310894013,117.50392534343422,37.48906997519396,20.0,区县,0.0,100.0,,山东省,370000,滨州市,371600,地级市,惠民县,371621,县
山东|滨州无棣县,address,滨州无棣县,山东,ok,0,117.63245748606224,37.777567312085814,117.62005125902708,37.77082716708196,20.0,区县,0.0,100.0,,山东省,370000,滨州市,371600,地级市,无棣县,371623,县
山东|滨州阳信县,address,滨州阳信县,山东,ok,0,117.58443703790701,37.64733803495721,117.57203947886005,37.64065377650137,20.0,区县,0.0,100.0,,山东省,370000,滨州市,371600,地级市,阳信县,371622,县
山东|滨州市博兴县,address,滨州市博兴县,山东,ok,0,118.1174926953251,37.160477277651474,118.10496833490431,37.153346300815045,20.0,区县,0.0,100.0,,山东省,370000,滨州市,371600,地级市,博兴县,371625,县
山东|滨州市无棣县,address,滨州市无棣县,山东,ok,0,117.63245748606224,37.777567312085814,117.62005125902708,37.77082716708196,20.0,区县,0.0,100.0,,山东省,370000,滨州市,371600,地级市,无棣县,371623,县
山东|滨州市沽化县,address,滨州市沽化县,山东,ok,0,117.9774040171467,37.3881961960769,117.96512921499226,37.381199322913275,20.0,城市,0.0,100.0,,山东省,370000,滨州市,371600,地级市,滨城区,371602,市辖区
山东|滨州市沾化县,address,滨州市沾化县,山东,ok,0,118.10545441335532,37.705298106724484,118.09286360123511,37.697989397406445,20.0,区县,0.0,100.0,,山东省,370000,滨州市,371600,地级市,沾化区,371603,市辖区
山东|滨州市滨县,address,滨州市滨县,山东,ok,0,117.9774040171467,37.3881961960769,117.96512921499226,37.381199322913275,20.0,城市,0.0,100.0,,山东省,370000,滨州市,371600,地级市,滨城区,371602,市辖区
山东|滨州市邹平县,address,滨州市邹平县,山东,ok,0,117.74947848721935,36.8700322166973,117.73700476983839,36.863376800557255,20.0,区县,0.0,100.0,,山东省,370000,滨州市,371600,地级市,邹平市,371681,县级市
山东|滨州市阳信县,address,滨州市阳信县,山东,ok,0,117.58443703790701,37.64733803495721,117.57203947886005,37.64065377650137,20.0,区县,0.0,100.0,,山东省,370000,滨州市,371600,地级市,阳信县,371622,县
山东|滨州市高青县,address,滨州市高青县,山东,ok,0,117.8333943252478,37.17726865433254,117.82106438018153,37.17043705680412,20.0,区县,0.0,100.0,,山东省,370000,淄博市,370300,地级市,高青县,370322,县
山东|潍坊临朐县,address,潍坊临朐县,山东,ok,0,118.54944999641151,36.519129501827656,118.53737985852345,36.51308284332949,20.0,区县,0.0,100.0,,山东省,370000,潍坊市,370700,地级市,临朐县,370724,县
山东|潍坊昌邑县,address,潍坊昌邑县,山东,ok,0,119.40440597739446,36.8651610726221,119.39190138070562,36.85864744673794,20.0,区县,0.0,100.0,,山东省,370000,潍坊市,370700,地级市,昌邑市,370786,县级市
山东|潍坊潍县,address,潍坊潍县,山东,ok,0,119.16837791142822,36.71265155126753,119.15588422042816,36.70651557347972,20.0,城市,0.0,100.0,,山东省,370000,潍坊市,370700,地级市,奎文区,370705,市辖区
山东|潍坊潍坊市,address,潍坊潍坊市,山东,ok,0,119.16837791142822,36.71265155126753,119.15588422042816,36.70651557347972,20.0,城市,0.0,100.0,,山东省,370000,潍坊市,370700,地级市,奎文区,370705,市辖区
山东|潍坊青州市,address,潍坊青州市,山东,ok,0,118.48653672086745,36.690416508705376,118.47424030978493,36.68402765229215,20.0,区县,0.0,100.0,,山东省,370000,潍坊市,370700,地级市,青州市,370781,县级市
山东|潍坊市临朐县,address,潍坊市临朐县,山东,ok,0,118.54944999641151,36.519129501827656,118.53737985852345,36.51308284332949,20.0,区县,0.0,100.0,,山东省,370000,潍坊市,370700,地级市,临朐县,370724,县
山东|潍坊市安丘县,address,潍坊市安丘县,山东,ok,0,119.2256075181801,36.483842195596104,119.2132661393574,36.47789065436373,20.0,区县,0.0,100.0,,山东省,370000,潍坊市,370700,地级市,安丘市,370784,县级市
山东|潍坊市寿光县,address,潍坊市寿光县,山东,ok,0,118.7974153748082,36.86192174647094,118.78513837646636,36.85580614952079,20.0,区县,0.0,100.0,,山东省,370000,潍坊市,370700,地级市,寿光市,370783,县级市
山东|潍坊市昌乐县,address,潍坊市昌乐县,山东,ok,0,118.83648798143965,36.71299619084501,118.82429353944114,36.70707189699923,20.0,区县,0.0,100.0,,山东省,370000,潍坊市,370700,地级市,昌乐县,370725,县
山东|潍坊市昌邑县,address,潍坊市昌邑县,山东,ok,0,119.40440597739446,36.8651610726221,119.39190138070562,36.85864744673794,20.0,区县,0.0,100.0,,山东省,370000,潍坊市,370700,地级市,昌邑市,370786,县级市
山东|潍坊市,address,潍坊市,山东,ok,0,119.16837791142822,36.71265155126753,119.15588422042816,36.70651557347972,20.0,城市,0.0,100.0,,山东省,370000,潍坊市,370700,地级市,奎文区,370705,市辖区
山东|潍坊市诸城县,address,潍坊市诸城县,山东,ok,0,119.41640221866636,36.00200885807568,119.40401397777873,35.9958611758665,20.0,区县,0.0,100.0,,山东省,370000,潍坊市,370700,地级市,诸城市,370782,县级市
山东|潍坊市青州市,address,潍坊市青州市,山东,ok,0,118.48653672086745,36.690416508705376,118.47424030978493,36.68402765229215,20.0,区县,0.0,100.0,,山东省,370000,潍坊市,370700,地级市,青州市,370781,县级市
山东|潍坊市高密县,address,潍坊市高密县,山东,ok,0,119.76241099601636,36.388956706464846,119.75049385033137,36.382518105115444,20.0,区县,0.0,100.0,,山东省,370000,潍坊市,370700,地级市,高密市,370785,县级市
山东|烟台栖霞,address,烟台栖霞,山东,ok,0,120.85641658337892,37.341418164799684,120.84506333147107,37.335106508435175,20.0,区县,0.0,100.0,,山东省,370000,烟台市,370600,地级市,栖霞市,370686,县级市
山东|烟台栖霞县,address,烟台栖霞县,山东,ok,0,120.85641658337892,37.341418164799684,120.84506333147107,37.335106508435175,20.0,区县,0.0,100.0,,山东省,370000,烟台市,370600,地级市,栖霞市,370686,县级市
山东|烟台海阳县,address,烟台海阳县,山东,ok,0,121.1804581977879,36.693269738228416,121.16880909817812,36.687127344966655,20.0,区县,0.0,100.0,,山东省,370000,烟台市,370600,地级市,海阳市,370687,县级市
山东|烟台莱州,address,烟台莱州,山东,ok,0,119.94859307736998,37.18263660907421,119.9369982677728,37.175764707825486,20.0,区县,0.0,100.0,,山东省,370000,烟台市,370600,地级市,莱州市,370683,县级市
山东|烟台莱阳县,address,烟台莱阳县,山东,ok,0,120.718414309578,36.9846355683041,120.70697891992518,36.97833319421675,20.0,区县,0.0,100.0,,山东省,370000,烟台市,370600,地级市,莱阳市,370682,县级市
山东|烟台蓬莱县,address,烟台蓬莱县,山东,ok,0,121.45441541730195,37.470038383730525,121.44270935857601,37.463132720826465,20.0,城市,0.0,100.0,,山东省,370000,烟台市,370600,地级市,莱山区,370613,市辖区
山东|烟台龙口市,address,烟台龙口市,山东,ok,0,120.48536852807433,37.65255512549617,120.47378538210444,37.64563367559842,20.0,区县,0.0,100.0,,山东省,370000,烟台市,370600,地级市,龙口市,370681,县级市
山东|烟台市掖县,address,烟台市掖县,山东,ok,0,121.45441541730195,37.470038383730525,121.44270935857601,37.463132720826465,20.0,城市,0.0,100.0,,山东省,370000,烟台市,370600,地级市,莱山区,370613,市辖区
山东|烟台市栖霞县,address,烟台市栖霞县,山东,ok,0,120.85641658337892,37.341418164799684,120.84506333147107,37.335106508435175,20.0,区县,0.0,100.0,,山东省,370000,烟台市,370600,地级市,栖霞市,370686,县级市
山东|烟台市,address,烟台市,山东,ok,0,121.45441541730195,37.470038383730525,121.44270935857601,37.463132720826465,20.0,城市,0.0,100.0,,山东省,370000,烟台市,370600,地级市,莱山区,370613,市辖区
山东|烟台市福山县,address,烟台市福山县,山东,ok,0,121.27460474743894,37.50366822845149,121.26301350971501,37.497073004041575,20.0,区县,0.0,100.0,,山东省,370000,烟台市,370600,地级市,福山区,370611,市辖区
山东|烟台市莱州市,address,烟台市莱州市,山东,ok,0,119.94859307736998,37.18263660907421,119.9369982677728,37.175764707825486,20.0,区县,0.0,100.0,,山东省,370000,烟台市,370600,地级市,莱州市,370683,县级市
山东|烟台市蓬莱县,address,烟台市蓬莱县,山东,ok,0,121.45441541730195,37.470038383730525,121.44270935857601,37.463132720826465,20.0,城市,0.0,100.0,,山东省,370000,烟台市,370600,地级市,莱山区,370613,市辖区
山东|聊城东阿县,address,聊城东阿县,山东,ok,0,116.25449294563757,36.340957707760644,116.2424351539442,36.33461454959697,20.0,区县,0.0,100.0,,山东省,370000,聊城市,371500,地级市,东阿县,371524,县
山东|聊城临清市,address,聊城临清市,山东,ok,0,115.71146960045022,36.8442891866943,115.6991733333618,36.837763008454864,20.0,区县,0.0,100.0,,山东省,370000,聊城市,371500,地级市,临清市,371581,县级市
山东|聊城冠县,address,聊城冠县,山东,ok,0,115.44939579503601,36.49024322539373,115.4367595380033,36.484017953630165,20.0,区县,0.0,100.0,,山东省,370000,聊城市,371500,地级市,冠县,371525,县
山东|聊城聊城县,address,聊城聊城县,山东,ok,0,115.95499600216935,36.43013589648993,115.94300701819758,36.4238071910915,70.0,休闲娱乐,1.0,100.0,,山东省,370000,聊城市,371500,地级市,东昌府区,371502,市辖区
山东|聊城茌平县,address,聊城茌平县,山东,ok,0,115.99158784830443,36.46275818769411,115.97949852390047,36.45631777625356,20.0,城市,0.0,100.0,,山东省,370000,聊城市,371500,地级市,东昌府区,371502,市辖区
山东|聊城莘县,address,聊城莘县,山东,ok,0,115.67739687245674,36.23990712054613,115.66521509674193,36.2337732794601,20.0,区县,0.0,100.0,,山东省,370000,聊城市,371500,地级市,莘县,371522,县
山东|聊城阳谷县,address,聊城阳谷县,山东,ok,0,115.79839557041204,36.12081551468669,115.78622846999039,36.11454765599915,20.0,区县,0.0,100.0,,山东省,370000,聊城市,371500,地级市,阳谷县,371521,县
山东|聊城市东阿县,address,聊城市东阿县,山东,ok,0,116.25449294563757,36.340957707760644,116.2424351539442,36.33461454959697,20.0,区县,0.0,100.0,,山东省,370000,聊城市,371500,地级市,东阿县,371524,县
山东|聊城市冠县,address,聊城市冠县,山东,ok,0,115.44939579503601,36.49024322539373,115.4367595380033,36.484017953630165,20.0,区县,0.0,100.0,,山东省,370000,聊城市,371500,地级市,冠县,371525,县
山东|聊城市聊城县,address,聊城市聊城县,山东,ok,0,115.95499600216935,36.43013589648993,115.94300701819758,36.4238071910915,70.0,休闲娱乐,1.0,100.0,,山东省,370000,聊城市,371500,地级市,东昌府区,371502,市辖区
山东|聊城市,address,聊城市,山东,ok,0,115.99158784830443,36.46275818769411,115.97949852390047,36.45631777625356,20.0,城市,0.0,100.0,,山东省,370000,聊城市,371500,地级市,东昌府区,371502,市辖区
山东|聊城市莘县,address,聊城市莘县,山东,ok,0,115.67739687245674,36.23990712054613,115.66521509674193,36.2337732794601,20.0,区县,0.0,100.0,,山东省,370000,聊城市,371500,地级市,莘县,371522,县
山东|聊城市阳谷县,address,聊城市阳谷县,山东,ok,0,115.79839557041204,36.12081551468669,115.78622846999039,36.11454765599915,20.0,区县,0.0,100.0,,山东省,370000,聊城市,371500,地级市,阳谷县,371521,县
山东|聊城市高唐县,address,聊城市高唐县,山东,ok,0,116.23560427567926,36.85159108409526,116.22348934765438,36.844951647831905,20.0,区县,0.0,100.0,,山东省,370000,聊城市,371500,地级市,高唐县,371526,县
山东|莱芜莱芜市,address,莱芜莱芜市,山东,ok,0,117.66659067001653,36.20884142681693,117.6542875583521,36.20270530989479,20.0,区县,0.0,100.0,,山东省,370000,济南市,370100,地级市,莱芜区,370116,市辖区
山东|莱芜市,address,莱芜市,山东,ok,0,117.66659067001653,36.20884142681693,117.6542875583521,36.20270530989479,20.0,区县,0.0,100.0,,山东省,370000,济南市,370100,地级市,莱芜区,370116,市辖区
山东|莱阳县,address,莱阳县,山东,ok,0,120.718414309578,36.9846355683041,120.70697891992518,36.97833319421675,20.0,区县,0.0,100.0,,山东省,370000,烟台市,370600,地级市,莱阳市,370682,县级市
山东|菏泽郓城县,address,菏泽郓城县,山东,ok,0,115.94539329592878,35.58147559928302,115.93354361095909,35.57545784558036,20.0,区县,0.0,100.0,,山东省,370000,菏泽市,371700,地级市,郓城县,371725,县
山东|菏泽市东明县,address,菏泽市东明县,山东,ok,0,115.11402511085738,35.28172493679994,115.10146480996437,35.276290238416784,20.0,区县,0.0,100.0,,山东省,370000,菏泽市,371700,地级市,东明县,371728,县
山东|菏泽市单县,address,菏泽市单县,山东,ok,0,116.11158367798839,34.78465843369218,116.0994403212599,34.77907745117317,20.0,区县,0.0,100.0,,山东省,370000,菏泽市,371700,地级市,单县,371722,县
山东|菏泽市定陶县,address,菏泽市定陶县,山东,ok,0,115.57943737523806,35.07727517975711,115.5674278263538,35.07199426035382,20.0,区县,0.0,100.0,,山东省,370000,菏泽市,371700,地级市,定陶区,371703,市辖区
山东|菏泽市成武县,address,菏泽市成武县,山东,ok,0,115.8965190083863,34.95860565495999,115.8847154575813,34.95321209739009,20.0,区县,0.0,100.0,,山东省,370000,菏泽市,371700,地级市,成武县,371723,县
山东|菏泽市,address,菏泽市,山东,ok,0,115.48754503343376,35.23940742476551,115.47520573733212,35.233829270245145,20.0,城市,0.0,100.0,,山东省,370000,菏泽市,371700,地级市,牡丹区,371702,市辖区
山东|费县,address,费县,山东,ok,0,117.98442508318213,35.27230412851695,117.97235465071927,35.26639496572099,20.0,区县,0.0,100.0,,山东省,370000,临沂市,371300,地级市,费县,371325,县
山东|郯城县,address,郯城县,山东,ok,0,118.37358710977321,34.61922593247125,118.36139373756987,34.61396738531961,20.0,区县,0.0,100.0,,山东省,370000,临沂市,371300,地级市,郯城县,371322,县
山东|青岛即墨,address,青岛即墨,山东,ok,0,120.45353617402276,36.39474917032192,120.44195045583403,36.38835276118817,20.0,区县,0.0,100.0,,山东省,370000,青岛市,370200,地级市,即墨区,370215,市辖区
山东|青岛即墨县,address,青岛即墨县,山东,ok,0,120.45353617402276,36.39474917032192,120.44195045583403,36.38835276118817,20.0,区县,0.0,100.0,,山东省,370000,青岛市,370200,地级市,即墨区,370215,市辖区
山东|青岛平度县,address,青岛平度县,山东,ok,0,119.976700697455,36.75993613014904,119.9650758511575,36.753282712117986,20.0,区县,0.0,100.0,,山东省,370000,青岛市,370200,地级市,平度市,370283,县级市
山东|青岛昌邑,address,青岛昌邑,山东,ok,0,126.58144866124232,43.88799247473632,126.56928360727917,43.87989366049361,20.0,区县,0.0,100.0,,吉林省,220000,吉林市,220200,地级市,昌邑区,220202,市辖区
山东|青岛胶县,address,青岛胶县,山东,ok,0,120.38945519114627,36.072227496663224,120.37785700710023,36.06582017150679,20.0,城市,0.0,100.0,,山东省,370000,青岛市,370200,地级市,市南区,370202,市辖区
山东|青岛胶州,address,青岛胶州,山东,ok,0,120.03953537126692,36.27034908804922,120.0277950693696,36.263750191522966,20.0,区县,0.0,100.0,,山东省,370000,青岛市,370200,地级市,胶州市,370281,县级市
山东|青岛高密,address,青岛高密,山东,ok,0,119.76241099601636,36.388956706464846,119.75049385033137,36.382518105115444,20.0,区县,0.0,100.0,,山东省,370000,潍坊市,370700,地级市,高密市,370785,县级市
山东|青岛高密县,address,青岛高密县,山东,ok,0,119.76241099601636,36.388956706464846,119.75049385033137,36.382518105115444,20.0,区县,0.0,100.0,,山东省,370000,潍坊市,370700,地级市,高密市,370785,县级市
山东|青岛市即墨县,address,青岛市即墨县,山东,ok,0,120.45353617402276,36.39474917032192,120.44195045583403,36.38835276118817,20.0,区县,0.0,100.0,,山东省,370000,青岛市,370200,地级市,即墨区,370215,市辖区
山东|青岛市平度县,address,青岛市平度县,山东,ok,0,119.976700697455,36.75993613014904,119.9650758511575,36.753282712117986,20.0,区县,0.0,100.0,,山东省,370000,青岛市,370200,地级市,平度市,370283,县级市
山东|青岛市胶县,address,青岛市胶县,山东,ok,0,120.38945519114627,36.072227496663224,120.37785700710023,36.06582017150679,20.0,城市,0.0,100.0,,山东省,370000,青岛市,370200,地级市,市南区,370202,市辖区
山东|青岛市高密县,address,青岛市高密县,山东,ok,0,119.76241099601636,36.388956706464846,119.75049385033137,36.382518105115444,20.0,区县,0.0,100.0,,山东省,370000,潍坊市,370700,地级市,高密市,370785,县级市
山东|青州益都县,address,青州益都县,山东,ok,0,118.47761097765921,36.70385262432992,118.46528392654974,36.69742090199305,25.0,乡镇,0.0,100.0,,山东省,370000,潍坊市,370700,地级市,青州市,370781,县级市
山东|青州市益都,address,青州市益都,山东,ok,0,118.47761097765921,36.70385262432992,118.46528392654974,36.69742090199305,25.0,乡镇,0.0,100.0,,山东省,370000,潍坊市,370700,地级市,青州市,370781,县级市
山东|青州市,address,青州市,山东,ok,0,118.48653672086745,36.690416508705376,118.47424030978493,36.68402765229215,20.0,区县,0.0,100.0,,山东省,370000,潍坊市,370700,地级市,青州市,370781,县级市
山西|临汾临汾市,address,临汾临汾市,山西,ok,0,111.52553022403073,36.093741895419726,111.51281391952868,36.08784377738022,20.0,城市,0.0,100.0,,山西省,140000,临汾市,141000,地级市,尧都区,141002,市辖区
山西|临汾乡宁县,address,临汾乡宁县,山西,ok,0,107.934570925868,35.5079329745365,107.92355353976141,35.50215595676889,20.0,区县,0.0,100.0,,甘肃省,620000,庆阳市,621000,地级市,宁县,621026,县
山西|临汾吉县,address,临汾吉县,山西,ok,0,110.68854637189425,36.10399906202126,110.67648016124049,36.098332982216434,20.0,区县,0.0,100.0,,山西省,140000,临汾市,141000,地级市,吉县,141028,县
山西|临汾大宁县,address,临汾大宁县,山西,ok,0,110.75938440881679,36.47130568709722,110.74709746790715,36.46550433281647,20.0,区县,0.0,100.0,,山西省,140000,临汾市,141000,地级市,大宁县,141030,县
山西|临汾岳阳县,address,临汾岳阳县,山西,ok,0,113.12254448250472,29.150269316045275,113.11001431991403,29.147280504255708,20.0,区县,0.0,100.0,,湖南省,430000,岳阳市,430600,地级市,岳阳县,430621,县
山西|临汾曲沃县,address,临汾曲沃县,山西,ok,0,111.48239637818867,35.64732733598219,111.46959865829949,35.64149765398547,20.0,区县,0.0,100.0,,山西省,140000,临汾市,141000,地级市,曲沃县,141021,县
山西|临汾洪洞县,address,临汾洪洞县,山西,ok,0,111.68158942671826,36.25946707937692,111.66889310357759,36.25339964125674,20.0,区县,0.0,100.0,,山西省,140000,临汾市,141000,地级市,洪洞县,141024,县
山西|临汾襄汾县,address,临汾襄汾县,山西,ok,0,111.44854005199257,35.88206267067628,111.4356160240519,35.876095273206644,20.0,区县,0.0,100.0,,山西省,140000,临汾市,141000,地级市,襄汾县,141023,县
山西|临汾隰州,address,临汾隰州,山西,ok,0,110.94355087226714,36.70040820424006,110.93123551740868,36.694727978371475,75.0,购物,1.0,100.0,,山西省,140000,临汾市,141000,地级市,隰县,141031,县
山西|临汾霍县,address,临汾霍县,山西,ok,0,111.52553022403073,36.093741895419726,111.51281391952868,36.08784377738022,20.0,城市,0.0,100.0,,山西省,140000,临汾市,141000,地级市,尧都区,141002,市辖区
山西|临汾市临汾县,address,临汾市临汾县,山西,ok,0,111.52553022403073,36.093741895419726,111.51281391952868,36.08784377738022,20.0,城市,0.0,100.0,,山西省,140000,临汾市,141000,地级市,尧都区,141002,市辖区
山西|临汾市,address,临汾市,山西,ok,0,111.52553022403073,36.093741895419726,111.51281391952868,36.08784377738022,20.0,城市,0.0,100.0,,山西省,140000,临汾市,141000,地级市,尧都区,141002,市辖区
山西|临汾市乡宁县,address,临汾市乡宁县,山西,ok,0,110.85349790082506,35.9764416654741,110.84133684016011,35.9709723175486,20.0,区县,0.0,100.0,,山西省,140000,临汾市,141000,地级市,乡宁县,141029,县
山西|临汾市吉县,address,临汾市吉县,山西,ok,0,110.68854637189425,36.10399906202126,110.67648016124049,36.098332982216434,20.0,区县,0.0,100.0,,山西省,140000,临汾市,141000,地级市,吉县,141028,县
山西|临汾市大宁县,address,临汾市大宁县,山西,ok,0,110.75938440881679,36.47130568709722,110.74709746790715,36.46550433281647,20.0,区县,0.0,100.0,,山西省,140000,临汾市,141000,地级市,大宁县,141030,县
山西|临汾市曲沃县,address,临汾市曲沃县,山西,ok,0,111.48239637818867,35.64732733598219,111.46959865829949,35.64149765398547,20.0,区县,0.0,100.0,,山西省,140000,临汾市,141000,地级市,曲沃县,141021,县
山西|临汾市汾西县,address,临汾市汾西县,山西,ok,0,111.56954629571415,36.65878226423185,111.55688101462664,36.65272282056453,20.0,区县,0.0,100.0,,山西省,140000,临汾市,141000,地级市,汾西县,141034,县
山西|临汾市洪洞县,address,临汾市洪洞县,山西,ok,0,111.68158942671826,36.25946707937692,111.66889310357759,36.25339964125674,20.0,区县,0.0,100.0,,山西省,140000,临汾市,141000,地级市,洪洞县,141024,县
山西|临汾市浮山县,address,临汾市浮山县,山西,ok,0,111.8553849530559,35.97439275394264,111.84282455657927,35.96831509797113,20.0,区县,0.0,100.0,,山西省,140000,临汾市,141000,地级市,浮山县,141027,县
山西|临汾市翼城县,address,临汾市翼城县,山西,ok,0,111.72537553219112,35.744429075038624,111.71268239757367,35.7383995720109,20.0,区县,0.0,100.0,,山西省,140000,临汾市,141000,地级市,翼城县,141022,县
山西|临汾市襄汾县,address,临汾市襄汾县,山西,ok,0,111.44854005199257,35.88206267067628,111.4356160240519,35.876095273206644,20.0,区县,0.0,100.0,,山西省,140000,临汾市,141000,地级市,襄汾县,141023,县
山西|临汾市隰县,address,临汾市隰县,山西,ok,0,110.9475912707899,36.69906138322701,110.93526358824285,36.69337616659461,20.0,区县,0.0,100.0,,山西省,140000,临汾市,141000,地级市,隰县,141031,县
山西|五台县,address,五台县,山西,ok,0,113.26145109491867,38.73418159056545,113.24807688753141,38.727735308250914,20.0,区县,0.0,100.0,,山西省,140000,忻州市,140900,地级市,五台县,140922,县
山西|吕梁孝义县,address,吕梁孝义县,山西,ok,0,111.78560601832963,37.15106331910215,111.7727633327655,37.144338640090325,20.0,区县,0.0,100.0,,山西省,140000,吕梁市,141100,地级市,孝义市,141181,县级市
山西|吕梁文水县,address,吕梁文水县,山西,ok,0,112.03559869260123,37.44430008265076,112.0226621390482,37.43725503381225,20.0,区县,0.0,100.0,,山西省,140000,吕梁市,141100,地级市,文水县,141121,县
山西|吕梁汾阳县,address,吕梁汾阳县,山西,ok,0,111.79459661919569,37.271291794517566,111.78176140484942,37.26450394259373,20.0,区县,0.0,100.0,,山西省,140000,吕梁市,141100,地级市,汾阳市,141182,县级市
山西|吕梁市临县,address,吕梁市临县,山西,ok,0,110.99841488128904,37.95721067232133,110.98575553101674,37.95096045979951,20.0,区县,0.0,100.0,,山西省,140000,吕梁市,141100,地级市,临县,141124,县
山西|吕梁市孝义县,address,吕梁市孝义县,山西,ok,0,111.78560601832963,37.15106331910215,111.7727633327655,37.144338640090325,20.0,区县,0.0,100.0,,山西省,140000,吕梁市,141100,地级市,孝义市,141181,县级市
山西|吕梁市文水县,address,吕梁市文水县,山西,ok,0,112.03559869260123,37.44430008265076,112.0226621390482,37.43725503381225,20.0,区县,0.0,100.0,,山西省,140000,吕梁市,141100,地级市,文水县,141121,县
山西|吕梁市汾阳县,address,吕梁市汾阳县,山西,ok,0,111.79459661919569,37.271291794517566,111.78176140484942,37.26450394259373,20.0,区县,0.0,100.0,,山西省,140000,吕梁市,141100,地级市,汾阳市,141182,县级市
山西|大同大同市,address,大同大同市,山西,ok,0,113.37336244450448,40.102783001859564,113.35963642626889,40.09560028973004,20.0,城市,0.0,100.0,,山西省,140000,大同市,140200,地级市,平城区,140213,市辖区
山西|大同市,address,大同市,山西,ok,0,113.37334499999993,40.102784060617616,113.35961900484868,40.09560138887801,100.0,,1.0,100.0,,山西省,140000,大同市,140200,地级市,平城区,140213,市辖区
山西|大同市左云县,address,大同市左云县,山西,ok,0,112.7094632895556,40.01962344901451,112.6961746052429,40.01272444455061,20.0,区县,0.0,100.0,,山西省,140000,大同市,140200,地级市,左云县,140226,县
山西|大同市怀仁县,address,大同市怀仁县,山西,ok,0,113.1066084673833,39.83375688952166,113.0928790213879,39.82675813018382,20.0,区县,0.0,100.0,,山西省,140000,朔州市,140600,地级市,怀仁市,140681,县级市
山西|太原市交城县,address,太原市交城县,山西,ok,0,112.16256770863693,37.55777223625885,112.14958214020047,37.55069824225758,20.0,区县,0.0,100.0,,山西省,140000,吕梁市,141100,地级市,交城县,141122,县
山西|太原市,address,太原市,山西,ok,0,112.55639149167204,37.87698902884778,112.54358427906784,37.87052119049943,20.0,城市,0.0,100.0,,山西省,140000,太原市,140100,地级市,杏花岭区,140107,市辖区
山西|寿阳县,address,寿阳县,山西,ok,0,113.18341017492547,37.9013076069566,113.17005204903484,37.894847513160855,20.0,区县,0.0,100.0,,山西省,140000,晋中市,140700,地级市,寿阳县,140725,县
山西|忻州崞县,address,忻州崞县,山西,ok,0,112.74062416023847,38.42238338517772,112.72746033336257,38.416023319469055,20.0,城市,0.0,100.0,,山西省,140000,忻州市,140900,地级市,忻府区,140902,市辖区
山西|忻州市代县,address,忻州市代县,山西,ok,0,112.96655194854216,39.07272834638067,112.95334613756849,39.06631809407322,20.0,区县,0.0,100.0,,山西省,140000,忻州市,140900,地级市,代县,140923,县
山西|忻州市静乐县,address,忻州市静乐县,山西,ok,0,111.94543190585105,38.36514708843798,111.93263771996283,38.35839938623427,20.0,区县,0.0,100.0,,山西省,140000,忻州市,140900,地级市,静乐县,140926,县
山西|晋中榆次市,address,晋中榆次市,山西,ok,0,112.71450350211099,37.703940486801216,112.70150998497498,37.69750317894035,20.0,区县,0.0,100.0,,山西省,140000,晋中市,140700,地级市,榆次区,140702,市辖区
山西|晋中灵石县,address,晋中灵石县,山西,ok,0,111.78561787596237,36.85336750127023,111.7727913626176,36.84684392536132,20.0,区县,0.0,100.0,,山西省,140000,晋中市,140700,地级市,灵石县,140729,县
山西|晋中市太谷县,address,晋中市太谷县,山西,ok,0,112.75959475565928,37.69283940975972,112.74653763583775,37.68640549644606,20.0,城市,0.0,100.0,,山西省,140000,晋中市,140700,地级市,榆次区,140702,市辖区
山西|晋中市寿阳县,address,晋中市寿阳县,山西,ok,0,113.18341017492547,37.9013076069566,113.17005204903484,37.894847513160855,20.0,区县,0.0,100.0,,山西省,140000,晋中市,140700,地级市,寿阳县,140725,县
山西|晋中市左权县,address,晋中市左权县,山西,ok,0,113.38545184005775,37.088555147170815,113.3721173382016,37.08203200794018,20.0,区县,0.0,100.0,,山西省,140000,晋中市,140700,地级市,左权县,140722,县
山西|晋中市昔阳县,address,晋中市昔阳县,山西,ok,0,113.71361290387442,37.61788404299596,113.70070778658796,37.611017333688025,20.0,区县,0.0,100.0,,山西省,140000,晋中市,140700,地级市,昔阳县,140724,县
山西|晋中市榆次市,address,晋中市榆次市,山西,ok,0,112.71450350211099,37.703940486801216,112.70150998497498,37.69750317894035,20.0,区县,0.0,100.0,,山西省,140000,晋中市,140700,地级市,榆次区,140702,市辖区
山西|晋城晋城市,address,晋城晋城市,山西,ok,0,112.85857823132879,35.49628458647257,112.84589367702986,35.491008404044315,20.0,城市,0.0,100.0,,山西省,140000,晋城市,140500,地级市,城区,140302,市辖区
山西|晋城市凤台县,address,晋城市凤台县,山西,ok,0,116.71757320891433,32.715103905085066,116.70574143666049,32.711361309633034,20.0,区县,0.0,100.0,,安徽省,340000,淮南市,340400,地级市,凤台县,340421,县
山西|晋城市,address,晋城市,山西,ok,0,112.85857823132879,35.49628458647257,112.84589367702986,35.491008404044315,20.0,城市,0.0,100.0,,山西省,140000,晋城市,140500,地级市,城区,140302,市辖区
山西|晋城市沁水县,address,晋城市沁水县,山西,ok,0,112.19342620968516,35.69636446245674,112.1807164120625,35.690196423176246,20.0,区县,0.0,100.0,,山西省,140000,晋城市,140500,地级市,沁水县,140521,县
山西|晋城市泽州,address,晋城市泽州,山西,ok,0,112.7944012195933,35.59976972948786,112.78160112779476,35.59427892659182,20.0,区县,0.0,100.0,,山西省,140000,晋城市,140500,地级市,泽州县,140525,县
山西|晋城市阳城,address,晋城市阳城,山西,ok,0,112.42145378711842,35.492181320425026,112.40859072072564,35.486205881010875,20.0,区县,0.0,100.0,,山西省,140000,晋城市,140500,地级市,阳城县,140522,县
山西|晋城市阳城县,address,晋城市阳城县,山西,ok,0,112.42145378711842,35.492181320425026,112.40859072072564,35.486205881010875,20.0,区县,0.0,100.0,,山西省,140000,晋城市,140500,地级市,阳城县,140522,县
山西|晋城市陵川县,address,晋城市陵川县,山西,ok,0,113.28740655466288,35.781743639537595,113.27439978593652,35.77606258415284,20.0,区县,0.0,100.0,,山西省,140000,晋城市,140500,地级市,陵川县,140524,县
山西|晋城市高平,address,晋城市高平,山西,ok,0,112.93041239923134,35.80433679857751,112.9176969981076,35.79895926181578,20.0,区县,0.0,100.0,,山西省,140000,晋城市,140500,地级市,高平市,140581,县级市
山西|晋城市高平县,address,晋城市高平县,山西,ok,0,112.93041239923134,35.80433679857751,112.9176969981076,35.79895926181578,20.0,区县,0.0,100.0,,山西省,140000,晋城市,140500,地级市,高平市,140581,县级市
山西|榆次,address,榆次,山西,ok,0,112.71450350211099,37.703940486801216,112.70150998497498,37.69750317894035,20.0,区县,0.0,100.0,,山西省,140000,晋中市,140700,地级市,榆次区,140702,市辖区
山西|榆次市,address,榆次市,山西,ok,0,112.71450350211099,37.703940486801216,112.70150998497498,37.69750317894035,20.0,区县,0.0,100.0,,山西省,140000,晋中市,140700,地级市,榆次区,140702,市辖区
山西|祁县,address,祁县,山西,ok,0,112.34244242768281,37.36413128347519,112.32947790318018,37.35725222421017,20.0,区县,0.0,100.0,,山西省,140000,晋中市,140700,地级市,祁县,140727,县
山西|运城万荣县,address,运城万荣县,山西,ok,0,110.84457611016106,35.42110880053557,110.83247739731605,35.41589068840547,20.0,区县,0.0,100.0,,山西省,140000,运城市,140800,地级市,万荣县,140822,县
山西|运城临晋县,address,运城临晋县,山西,ok,0,111.01338945447925,35.03270691290923,111.00097461083243,35.02777843294029,20.0,城市,0.0,100.0,,山西省,140000,运城市,140800,地级市,盐湖区,140802,市辖区
山西|运城临猗县,address,运城临猗县,山西,ok,0,110.78040700351404,35.149542242621784,110.76827068947101,35.14444201250438,20.0,区县,0.0,100.0,,山西省,140000,运城市,140800,地级市,临猗县,140821,县
山西|运城垣曲,address,运城垣曲,山西,ok,0,111.67660670571551,35.30301451741769,111.66405091496313,35.297408176271546,20.0,区县,0.0,100.0,,山西省,140000,运城市,140800,地级市,垣曲县,140827,县
山西|运城垣曲县,address,运城垣曲县,山西,ok,0,111.67660670571551,35.30301451741769,111.66405091496313,35.297408176271546,20.0,区县,0.0,100.0,,山西省,140000,运城市,140800,地级市,垣曲县,140827,县
山西|运城夏县,address,运城夏县,山西,ok,0,111.22643149939508,35.14746177980724,111.21384266385157,35.14233333799358,20.0,区县,0.0,100.0,,山西省,140000,运城市,140800,地级市,夏县,140828,县
山西|运城新绛县,address,运城新绛县,山西,ok,0,111.23140649497044,35.62263010308172,111.2187799586928,35.61710602087835,20.0,区县,0.0,100.0,,山西省,140000,运城市,140800,地级市,新绛县,140825,县
山西|运城河津县,address,运城河津县,山西,ok,0,110.71857214373472,35.60192657532228,110.70648720483607,35.596413369095785,20.0,区县,0.0,100.0,,山西省,140000,运城市,140800,地级市,河津市,140882,县级市
山西|运城绛县,address,运城绛县,山西,ok,0,111.57548652055998,35.49727637389565,111.56299088570692,35.49167789792661,20.0,区县,0.0,100.0,,山西省,140000,运城市,140800,地级市,绛县,140826,县
山西|运城芮城县,address,运城芮城县,山西,ok,0,110.70061151319877,34.69938811056296,110.68863279936271,34.6947442867551,20.0,区县,0.0,100.0,,山西省,140000,运城市,140800,地级市,芮城县,140830,县
山西|运城荣河县,address,运城荣河县,山西,ok,0,111.01338945447925,35.03270691290923,111.00097461083243,35.02777843294029,20.0,城市,0.0,100.0,,山西省,140000,运城市,140800,地级市,盐湖区,140802,市辖区
山西|运城解州,address,运城解州,山西,ok,0,110.89117732544109,34.91406860482904,110.8791342455471,34.90944905744542,25.0,乡镇,0.0,100.0,,山西省,140000,运城市,140800,地级市,盐湖区,140802,市辖区
山西|运城市万荣县,address,运城市万荣县,山西,ok,0,110.84457611016106,35.42110880053557,110.83247739731605,35.41589068840547,20.0,区县,0.0,100.0,,山西省,140000,运城市,140800,地级市,万荣县,140822,县
山西|运城市临猗县,address,运城市临猗县,山西,ok,0,110.78040700351404,35.149542242621784,110.76827068947101,35.14444201250438,20.0,区县,0.0,100.0,,山西省,140000,运城市,140800,地级市,临猗县,140821,县
山西|运城市垣曲县,address,运城市垣曲县,山西,ok,0,111.67660670571551,35.30301451741769,111.66405091496313,35.297408176271546,20.0,区县,0.0,100.0,,山西省,140000,运城市,140800,地级市,垣曲县,140827,县
山西|运城市夏县,address,运城市夏县,山西,ok,0,111.22643149939508,35.14746177980724,111.21384266385157,35.14233333799358,20.0,区县,0.0,100.0,,山西省,140000,运城市,140800,地级市,夏县,140828,县
山西|运城市平陆县,address,运城市平陆县,山西,ok,0,111.22348047596425,34.84292515458109,111.21090360151506,34.838124707507816,20.0,区县,0.0,100.0,,山西省,140000,运城市,140800,地级市,平陆县,140829,县
山西|运城市新绛县,address,运城市新绛县,山西,ok,0,111.23140649497044,35.62263010308172,111.2187799586928,35.61710602087835,20.0,区县,0.0,100.0,,山西省,140000,运城市,140800,地级市,新绛县,140825,县
山西|运城市永济县,address,运城市永济县,山西,ok,0,110.45457767130965,34.87282971471371,110.44258705165444,34.867581050280066,20.0,区县,0.0,100.0,,山西省,140000,运城市,140800,地级市,永济市,140881,县级市
山西|运城市河津县,address,运城市河津县,山西,ok,0,110.71857214373472,35.60192657532228,110.70648720483607,35.596413369095785,20.0,区县,0.0,100.0,,山西省,140000,运城市,140800,地级市,河津市,140882,县级市
山西|运城市稷山县,address,运城市稷山县,山西,ok,0,110.98941457872347,35.61040356961574,110.97706775371542,35.605032538116106,20.0,区县,0.0,100.0,,山西省,140000,运城市,140800,地级市,稷山县,140824,县
山西|运城市绛县,address,运城市绛县,山西,ok,0,111.57548652055998,35.49727637389565,111.56299088570692,35.49167789792661,20.0,区县,0.0,100.0,,山西省,140000,运城市,140800,地级市,绛县,140826,县
山西|运城市芮城县,address,运城市芮城县,山西,ok,0,110.70061151319877,34.69938811056296,110.68863279936271,34.6947442867551,20.0,区县,0.0,100.0,,山西省,140000,运城市,140800,地级市,芮城县,140830,县
山西|运城市,address,运城市,山西,ok,0,111.01338945447925,35.03270691290923,111.00097461083243,35.02777843294029,20.0,城市,0.0,100.0,,山西省,140000,运城市,140800,地级市,盐湖区,140802,市辖区
山西|运城市闻喜县,address,运城市闻喜县,山西,ok,0,111.23141035768413,35.36293119638129,111.21881076762581,35.35759361764926,20.0,区县,0.0,100.0,,山西省,140000,运城市,140800,地级市,闻喜县,140823,县
山西|长治潞城县,address,长治潞城县,山西,ok,0,113.23557845894248,36.339691267612324,113.22248360088737,36.333902579341114,20.0,区县,0.0,100.0,,山西省,140000,长治市,140400,地级市,潞城区,140406,市辖区
山西|长治市壶关县,address,长治市壶关县,山西,ok,0,113.21357985530864,36.121334604236964,113.20048864016854,36.11559784388345,20.0,区县,0.0,100.0,,山西省,140000,长治市,140400,地级市,壶关县,140427,县
山西|长治市屯留县,address,长治市屯留县,山西,ok,0,112.898474763774,36.321630843108416,112.88569950318119,36.316109664970156,20.0,区县,0.0,100.0,,山西省,140000,长治市,140400,地级市,屯留区,140405,市辖区
山西|长治市平顺县,address,长治市平顺县,山西,ok,0,113.44251696707077,36.205989459384334,113.4293152394039,36.19989830999326,20.0,区县,0.0,100.0,,山西省,140000,长治市,140400,地级市,平顺县,140425,县
山西|长治市潞城县,address,长治市潞城县,山西,ok,0,113.23557845894248,36.339691267612324,113.22248360088737,36.333902579341114,20.0,区县,0.0,100.0,,山西省,140000,长治市,140400,地级市,潞城区,140406,市辖区
山西|长治市襄垣县,address,长治市襄垣县,山西,ok,0,113.05741258646825,36.54168582115512,113.04415295397486,36.535767768147245,20.0,区县,0.0,100.0,,山西省,140000,长治市,140400,地级市,襄垣县,140423,县
山西|长治市长子县,address,长治市长子县,山西,ok,0,112.88456585041024,36.128001557793574,112.8718157175802,36.12251932199088,20.0,区县,0.0,100.0,,山西省,140000,长治市,140400,地级市,长子县,140428,县
山西|长治市长治县,address,长治市长治县,山西,ok,0,113.05741608985974,36.05928647929114,113.04422929032513,36.05352925729022,20.0,区县,0.0,100.0,,山西省,140000,长治市,140400,地级市,上党区,140404,市辖区
山西|阳曲县,address,阳曲县,山西,ok,0,112.67940895159992,38.06462081944815,112.66644986258734,38.058265483917616,20.0,区县,0.0,100.0,,山西省,140000,太原市,140100,地级市,阳曲县,140122,县
山西|阳泉平定县,address,阳泉平定县,山西,ok,0,113.66442115516472,37.792796383591316,113.65155684957944,37.786065402058874,20.0,区县,0.0,100.0,,山西省,140000,阳泉市,140300,地级市,平定县,140321,县
山西|阳泉市孟县,address,阳泉市孟县,山西,ok,0,113.58761666287546,37.862360847859385,113.57475261782595,37.85577514451225,20.0,城市,0.0,100.0,,山西省,140000,阳泉市,140300,地级市,城区,140302,市辖区
山西|阳泉市平定县,address,阳泉市平定县,山西,ok,0,113.66442115516472,37.792796383591316,113.65155684957944,37.786065402058874,20.0,区县,0.0,100.0,,山西省,140000,阳泉市,140300,地级市,平定县,140321,县
广东|东莞市,address,东莞市,广东,ok,0,113.75842045787648,23.02730841164339,113.7467779408789,23.02378834935775,20.0,区县,0.0,100.0,,广东省,440000,东莞市,441900,地级市,东莞市,441900,地级市
广东|广州市增城县,address,广州市增城县,广东,ok,0,113.81754566889597,23.266592400631392,113.8060128975412,23.26300395210115,20.0,区县,0.0,100.0,,广东省,440000,广州市,440100,地级市,增城区,440118,市辖区
广东|惠州市惠城区,address,惠州市惠城区,广东,ok,0,114.38949004961869,23.08972597254434,114.37804281696052,23.08611677661873,20.0,区县,0.0,100.0,,广东省,440000,惠州市,441300,地级市,惠城区,441302,市辖区
广东|江门市恩平县,address,江门市恩平县,广东,ok,0,112.3114375784788,22.189035201534217,112.29981062773268,22.18560785720619,20.0,区县,0.0,100.0,,广东省,440000,江门市,440700,地级市,恩平市,440785,县级市
广东|江门市新会县,address,江门市新会县,广东,ok,0,113.03845482238786,22.465113060519734,113.026534236534,22.46222972775436,20.0,区县,0.0,100.0,,广东省,440000,江门市,440700,地级市,新会区,440705,市辖区
广东|深圳市宝安县,address,深圳市宝安县,广东,ok,0,113.89042744066019,22.560032908924555,113.87908559475193,22.556755647142673,20.0,区县,0.0,100.0,,广东省,440000,深圳市,440300,地级市,宝安区,440306,市辖区
广西|钦州市灵山县,address,钦州市灵山县,广西,ok,0,109.29747796631128,22.42241332670075,109.28663798379382,22.41947796063693,20.0,区县,0.0,100.0,,广西壮族自治区,450000,钦州市,450700,地级市,灵山县,450721,县
江苏|上海上海市,address,上海上海市,江苏,ok,0,121.48053886017651,31.235929042252014,121.46952213482447,31.231905427171462,20.0,城市,0.0,100.0,,上海市,310000,上海市,310000,直辖市,黄浦区,310101,市辖区
江苏|上海嘉定县,address,上海嘉定县,江苏,ok,0,121.27259505835202,31.3801553396772,121.26160424844782,31.376365413126504,20.0,区县,0.0,100.0,,上海市,310000,上海市,310000,直辖市,嘉定区,310114,市辖区
江苏|南京上元,address,南京上元,江苏,ok,0,118.80242172124585,32.06465288561847,118.79065587042527,32.06101135412403,20.0,城市,0.0,100.0,,江苏省,320000,南京市,320100,地级市,玄武区,320102,市辖区
江苏|南京南京市,address,南京南京市,江苏,ok,0,118.80242172124585,32.06465288561847,118.79065587042527,32.06101135412403,20.0,城市,0.0,100.0,,江苏省,320000,南京市,320100,地级市,玄武区,320102,市辖区
江苏|南京市六合县,address,南京市六合县,江苏,ok,0,118.82747132971379,32.328666041019886,118.81571198160161,32.32511676345132,20.0,区县,0.0,100.0,,江苏省,320000,南京市,320100,地级市,六合区,320116,市辖区
江苏|南京市,address,南京市,江苏,ok,0,118.80242172124585,32.06465288561847,118.79065587042527,32.06101135412403,20.0,城市,0.0,100.0,,江苏省,320000,南京市,320100,地级市,玄武区,320102,市辖区
江苏|南京市江宁县,address,南京市江宁县,江苏,ok,0,118.84656705909214,31.958526869176943,118.8348993862009,31.954968318766365,20.0,区县,0.0,100.0,,江苏省,320000,南京市,320100,地级市,江宁区,320115,市辖区
江苏|南京市溧水县,address,南京市溧水县,江苏,ok,0,119.0344039090257,31.65728369631429,119.02251415294687,31.653525212313397,20.0,区县,0.0,100.0,,江苏省,320000,南京市,320100,地级市,溧水区,320117,市辖区
江苏|南通市南通县,address,南通市南通县,江苏,ok,0,121.02078367474492,32.539220171070774,121.00961879482136,32.535549531601006,50.0,NoClass,0.0,100.0,,江苏省,320000,南通市,320600,地级市,如东县,320623,县
江苏|南通市如皋县,address,南通市如皋县,江苏,ok,0,120.57946558109177,32.37785148610902,120.56864346491574,32.37414485574507,20.0,区县,0.0,100.0,,江苏省,320000,南通市,320600,地级市,如皋市,320682,县级市
江苏|宜兴县,address,宜兴县,江苏,ok,0,119.83160603216115,31.342956624267874,119.8203803489861,31.33874360907937,20.0,区县,0.0,100.0,,江苏省,320000,无锡市,320200,地级市,宜兴市,320282,县级市
江苏|宿迁宿迁县,address,宿迁宿迁县,江苏,ok,0,118.28157403570837,33.96774971569008,118.26963681713656,33.96286775911467,20.0,城市,0.0,100.0,,江苏省,320000,宿迁市,321300,地级市,宿城区,321302,市辖区
江苏|宿迁宿迁市,address,宿迁宿迁市,江苏,ok,0,118.28157403570837,33.96774971569008,118.26963681713656,33.96286775911467,20.0,城市,0.0,100.0,,江苏省,320000,宿迁市,321300,地级市,宿城区,321302,市辖区
江苏|宿迁市宿迁县,address,宿迁市宿迁县,江苏,ok,0,118.29412030944403,33.965563607160306,118.2821686742418,33.96067877101167,80.0,餐饮,1.0,100.0,,江苏省,320000,宿迁市,321300,地级市,宿城区,321302,市辖区
江苏|宿迁市,address,宿迁市,江苏,ok,0,118.28157403570837,33.96774971569008,118.26963681713656,33.96286775911467,20.0,城市,0.0,100.0,,江苏省,320000,宿迁市,321300,地级市,宿城区,321302,市辖区
江苏|宿迁市沐阳县,address,宿迁市沐阳县,江苏,ok,0,118.81212566651739,34.28833047895301,118.80014496879717,34.28392544614616,50.0,村庄,0.0,100.0,,江苏省,320000,宿迁市,321300,地级市,沭阳县,321322,县
江苏|常州常州市,address,常州常州市,江苏,ok,0,119.98148471327892,31.815795653327836,119.97033828947505,31.811477428145253,20.0,城市,0.0,100.0,,江苏省,320000,常州市,320400,地级市,新北区,320411,市辖区
江苏|徐州丰县,address,徐州丰县,江苏,ok,0,116.66473730424232,34.70217569492315,116.65285604785322,34.697464850659486,20.0,区县,0.0,100.0,,江苏省,320000,徐州市,320300,地级市,丰县,320321,县
江苏|徐州徐州市,address,徐州徐州市,江苏,ok,0,117.29057543439453,34.21266655011306,117.27824610318284,34.20817361909909,20.0,城市,0.0,100.0,,江苏省,320000,徐州市,320300,地级市,云龙区,320303,市辖区
江苏|徐州沛县,address,徐州沛县,江苏,ok,0,116.94258562390337,34.76515195541547,116.93056269167033,34.76059140409612,20.0,区县,0.0,100.0,,江苏省,320000,徐州市,320300,地级市,沛县,320322,县
江苏|徐州萧县,address,徐州萧县,江苏,ok,0,116.94323923099243,34.226833736436404,116.93127044731067,34.222644217017425,20.0,区县,0.0,100.0,,安徽省,340000,宿州市,341300,地级市,萧县,341322,县
江苏|徐州邳县,address,徐州邳县,江苏,ok,0,117.29057543439453,34.21266655011306,117.27824610318284,34.20817361909909,20.0,城市,0.0,100.0,,江苏省,320000,徐州市,320300,地级市,云龙区,320303,市辖区
江苏|徐州铜山,address,徐州铜山,江苏,ok,0,117.17556960198795,34.1861004498853,117.1631780054347,34.18162258829148,20.0,区县,0.0,100.0,,江苏省,320000,徐州市,320300,地级市,铜山区,320312,市辖区
江苏|徐州市丰县,address,徐州市丰县,江苏,ok,0,116.66473730424232,34.70217569492315,116.65285604785322,34.697464850659486,20.0,区县,0.0,100.0,,江苏省,320000,徐州市,320300,地级市,丰县,320321,县
江苏|徐州市徐,address,徐州市徐,江苏,ok,0,117.29057543439453,34.21266655011306,117.27824610318284,34.20817361909909,20.0,城市,0.0,100.0,,江苏省,320000,徐州市,320300,地级市,云龙区,320303,市辖区
江苏|徐州市,address,徐州市,江苏,ok,0,117.29057543439453,34.21266655011306,117.27824610318284,34.20817361909909,20.0,城市,0.0,100.0,,江苏省,320000,徐州市,320300,地级市,云龙区,320303,市辖区
江苏|徐州市沛县,address,徐州市沛县,江苏,ok,0,116.94258562390337,34.76515195541547,116.93056269167033,34.76059140409612,20.0,区县,0.0,100.0,,江苏省,320000,徐州市,320300,地级市,沛县,320322,县
江苏|徐州市睢宁县,address,徐州市睢宁县,江苏,ok,0,117.94743277245068,33.91878941781798,117.93557358793785,33.91397046243095,20.0,区县,0.0,100.0,,江苏省,320000,徐州市,320300,地级市,睢宁县,320324,县
江苏|徐州市砀山县,address,徐州市砀山县,江苏,ok,0,116.3725240015101,34.44842817139671,116.36045310434544,34.44333442508522,20.0,区县,0.0,100.0,,安徽省,340000,宿州市,341300,地级市,砀山县,341321,县
江苏|徐州市萧县,address,徐州市萧县,江苏,ok,0,116.94323923099243,34.226833736436404,116.93127044731067,34.222644217017425,20.0,区县,0.0,100.0,,安徽省,340000,宿州市,341300,地级市,萧县,341322,县
江苏|扬州扬州市,address,扬州扬州市,江苏,ok,0,119.41941890822997,32.40067693609037,119.407394082759,32.3966483390361,20.0,城市,0.0,100.0,,江苏省,320000,扬州市,321000,地级市,邗江区,321003,市辖区
江苏|扬州市江都县,address,扬州市江都县,江苏,ok,0,119.5766029690771,32.44029450624287,119.56509936378258,32.436434701475015,20.0,区县,0.0,100.0,,江苏省,320000,扬州市,321000,地级市,江都区,321012,市辖区
江苏|扬州市盱眙,address,扬州市盱眙,江苏,ok,0,118.55144127023549,33.018254741659845,118.53975207449348,33.0142310503488,20.0,区县,0.0,100.0,,江苏省,320000,淮安市,320800,地级市,盱眙县,320830,县
江苏|无锡无锡县,address,无锡无锡县,江苏,ok,0,120.31858328810601,31.498809732685714,120.30754612519317,31.494502341848705,20.0,城市,0.0,100.0,,江苏省,320000,无锡市,320200,地级市,滨湖区,320211,市辖区
江苏|沐阳县,address,沐阳县,江苏,ok,0,120.74158690868283,31.629737179962653,120.73065196515441,31.625925890456845,75.0,购物,0.0,0.0,,江苏省,320000,苏州市,320500,地级市,常熟市,320581,县级市
江苏|泰州泰兴,address,泰州泰兴,江苏,ok,0,120.05859939046078,32.17747402371212,120.04721995005947,32.173016065511874,20.0,区县,0.0,100.0,,江苏省,320000,泰州市,321200,地级市,泰兴市,321283,县级市
江苏|泰州市泰县,address,泰州市泰县,江苏,ok,0,119.9295663378548,32.4606750493083,119.91840566202926,32.45654333981687,20.0,城市,0.0,100.0,,江苏省,320000,泰州市,321200,地级市,海陵区,321202,市辖区
江苏|淮安盱眙县,address,淮安盱眙县,江苏,ok,0,118.55144127023549,33.018254741659845,118.53975207449348,33.0142310503488,20.0,区县,0.0,100.0,,江苏省,320000,淮安市,320800,地级市,盱眙县,320830,县
江苏|淮安市淮安县,address,淮安市淮安县,江苏,ok,0,119.14746320322271,33.508999838207515,119.13531078684998,33.50466204448391,20.0,区县,0.0,100.0,,江苏省,320000,淮安市,320800,地级市,淮安区,320803,市辖区
江苏|淮安市,address,淮安市,江苏,ok,0,119.11976413248364,33.55666778025387,119.10756762075802,33.55229038035702,20.0,城市,0.0,100.0,,江苏省,320000,淮安市,320800,地级市,淮安区,320803,市辖区
江苏|盐城盐城市,address,盐城盐城市,江苏,ok,0,120.167544265761,33.355100917626196,120.15619840223843,33.350223789127064,20.0,城市,0.0,100.0,,江苏省,320000,盐城市,320900,地级市,盐都区,320903,市辖区
江苏|盐城阜宁县,address,盐城阜宁县,江苏,ok,0,119.80958074885365,33.765078727087015,119.79806530775662,33.76021888029971,20.0,区县,0.0,100.0,,江苏省,320000,盐城市,320900,地级市,阜宁县,320923,县
江苏|盐城市东台县,address,盐城市东台县,江苏,ok,0,120.32653706475246,32.872716312488244,120.31533941728263,32.8683133786598,20.0,区县,0.0,100.0,,江苏省,320000,盐城市,320900,地级市,东台市,320981,县级市
江苏|盐城市,address,盐城市,江苏,ok,0,120.167544265761,33.355100917626196,120.15619840223843,33.350223789127064,20.0,城市,0.0,100.0,,江苏省,320000,盐城市,320900,地级市,盐都区,320903,市辖区
江苏|赣榆县,address,赣榆县,江苏,ok,0,119.17943461496724,34.84768246084617,119.16718423749376,34.84270719626645,20.0,区县,0.0,100.0,,江苏省,320000,连云港市,320700,地级市,赣榆区,320707,市辖区
江苏|连云港海州,address,连云港海州,江苏,ok,0,119.16940808818707,34.5774561185969,119.15715287911632,34.572722199893064,20.0,区县,0.0,100.0,,江苏省,320000,连云港市,320700,地级市,海州区,210902,市辖区
江苏|连云港市赣榆县,address,连云港市赣榆县,江苏,ok,0,119.17943461496724,34.84768246084617,119.16718423749376,34.84270719626645,20.0,区县,0.0,100.0,,江苏省,320000,连云港市,320700,地级市,赣榆区,320707,市辖区
江苏|镇江市丹徒县,address,镇江市丹徒县,江苏,ok,0,119.44050079109088,32.137920395650404,119.42854842639974,32.1338713798791,20.0,区县,0.0,100.0,,江苏省,320000,镇江市,321100,地级市,丹徒区,321112,市辖区
江苏|镇江市丹阳县,address,镇江市丹阳县,江苏,ok,0,119.61250060471407,32.01592027416992,119.60110286907614,32.011999391944016,20.0,区县,0.0,100.0,,江苏省,320000,镇江市,321100,地级市,丹阳市,321181,县级市
江苏|镇江市,address,镇江市,江苏,ok,0,119.43048944567383,32.19471592052375,119.41850829282015,32.19067487890959,20.0,城市,0.0,100.0,,江苏省,320000,镇江市,321100,地级市,润州区,321111,市辖区
江西|宜春市,address,宜春市,江西,ok,0,114.4235636759064,27.820856421848216,114.4117916917309,27.81787342956771,20.0,城市,0.0,100.0,,江西省,360000,宜春市,360900,地级市,袁州区,360902,市辖区
江西|萍乡市,address,萍乡市,江西,ok,0,113.89369655407103,27.664752547951164,113.88205392078856,27.661887737872245,20.0,城市,0.0,100.0,,江西省,360000,萍乡市,360300,地级市,安源区,360302,市辖区
河北|任丘市,address,任丘市,河北,ok,0,116.09127820057975,38.69203213176629,116.07870159163002,38.684789010838664,20.0,区县,0.0,100.0,,河北省,130000,沧州市,130900,地级市,任丘市,130982,县级市
河北|保定大城县,address,保定大城县,河北,ok,0,116.66040917846469,38.71085864002598,116.64810609188993,38.70440294067521,20.0,区县,0.0,100.0,,河北省,130000,廊坊市,131000,地级市,大城县,131025,县
河北|保定安新县,address,保定安新县,河北,ok,0,114.8855247552342,31.649738468474663,114.87379780699696,31.64626283981802,20.0,区县,0.0,100.0,,河南省,410000,信阳市,411500,地级市,新县,411523,县
河北|保定定兴县,address,保定定兴县,河北,ok,0,115.81441011189118,39.26942352852659,115.80195393512426,39.26216162530903,20.0,区县,0.0,100.0,,河北省,130000,保定市,130600,地级市,定兴县,130626,县
河北|保定定州市,address,保定定州市,河北,ok,0,114.99649620776492,38.522198840134,114.9838145646421,38.51592093503039,20.0,区县,0.0,100.0,,河北省,130000,保定市,130600,地级市,定州市,130682,县级市
河北|保定文安县,address,保定文安县,河北,ok,0,116.46460947899904,38.878950493070235,116.45209049598512,38.87196537655535,20.0,区县,0.0,100.0,,河北省,130000,廊坊市,131000,地级市,文安县,131026,县
河北|保定新城县,address,保定新城县,河北,ok,0,108.96739103850439,34.272724469532555,108.95605965785116,34.26858988488347,20.0,区县,0.0,100.0,,陕西省,610000,西安市,610100,地级市,新城区,150102,市辖区
河北|保定清苑县,address,保定清苑县,河北,ok,0,115.49660588179071,38.77100177474947,115.48387782236217,38.76423572578371,20.0,区县,0.0,100.0,,河北省,130000,保定市,130600,地级市,清苑区,130608,市辖区
河北|保定满城县,address,保定满城县,河北,ok,0,115.32837508859573,38.95544120868623,115.31550588822827,38.948701437835155,20.0,区县,0.0,100.0,,河北省,130000,保定市,130600,地级市,满城区,130607,市辖区
河北|保定蠡县,address,保定蠡县,河北,ok,0,115.59044548044898,38.494200963237745,115.57806236660433,38.48763023265533,20.0,区县,0.0,100.0,,河北省,130000,保定市,130600,地级市,蠡县,130635,县
河北|保定高阳县,address,保定高阳县,河北,ok,0,115.78544721513012,38.70625773408686,115.77295636912037,38.69928130106316,20.0,区县,0.0,100.0,,河北省,130000,保定市,130600,地级市,高阳县,130628,县
河北|保定市安新县,address,保定市安新县,河北,ok,0,115.94242628265987,38.94173429859305,115.93019984569524,38.934706262575276,20.0,区县,0.0,100.0,,河北省,130000,保定市,130600,地级市,安新县,130632,县
河北|保定市完县,address,保定市完县,河北,ok,0,115.47146383768579,38.87998776845534,115.45862641090352,38.87312410496908,20.0,城市,0.0,100.0,,河北省,130000,保定市,130600,地级市,竞秀区,130602,市辖区
河北|保定市定兴县,address,保定市定兴县,河北,ok,0,115.81441011189118,39.26942352852659,115.80195393512426,39.26216162530903,20.0,区县,0.0,100.0,,河北省,130000,保定市,130600,地级市,定兴县,130626,县
河北|保定市文安县,address,保定市文安县,河北,ok,0,116.46460947899904,38.878950493070235,116.45209049598512,38.87196537655535,20.0,区县,0.0,100.0,,河北省,130000,廊坊市,131000,地级市,文安县,131026,县
河北|保定市易县,address,保定市易县,河北,ok,0,115.50360664612163,39.35505446998136,115.49086671095438,39.34798051133829,20.0,区县,0.0,100.0,,河北省,130000,保定市,130600,地级市,易县,130633,县
河北|保定市清苑县,address,保定市清苑县,河北,ok,0,115.49660588179071,38.77100177474947,115.48387782236217,38.76423572578371,20.0,区县,0.0,100.0,,河北省,130000,保定市,130600,地级市,清苑区,130608,市辖区
河北|保定市满城县,address,保定市满城县,河北,ok,0,115.32837508859573,38.95544120868623,115.31550588822827,38.948701437835155,20.0,区县,0.0,100.0,,河北省,130000,保定市,130600,地级市,满城区,130607,市辖区
河北|保定市蠡县,address,保定市蠡县,河北,ok,0,115.59044548044898,38.494200963237745,115.57806236660433,38.48763023265533,20.0,区县,0.0,100.0,,河北省,130000,保定市,130600,地级市,蠡县,130635,县
河北|保定市雄县,address,保定市雄县,河北,ok,0,116.1146014455186,39.00018011949929,116.1020089392454,38.99278473057216,20.0,区县,0.0,100.0,,河北省,130000,保定市,130600,地级市,雄县,130638,县
河北|内丘县,address,内丘县,河北,ok,0,114.51849293403419,37.292857912046905,114.50610392001593,37.28628993147033,20.0,区县,0.0,100.0,,河北省,130000,邢台市,130500,地级市,内丘县,130523,县
河北|南宫市,address,南宫市,河北,ok,0,115.41452905480229,37.36406940272302,115.40176992636205,37.35731697124235,20.0,区县,0.0,100.0,,河北省,130000,邢台市,130500,地级市,南宫市,130581,县级市
河北|大名大名县,address,大名大名县,河北,ok,0,115.1671924902626,36.30462759575428,115.15456830896476,36.298752590773304,25.0,乡镇,0.0,57.0,,河北省,130000,邯郸市,130400,地级市,大名县,130425,县
河北|天津青县,address,天津青县,河北,ok,0,116.81057477836235,38.588464758639795,116.79807668320613,38.58209355375033,20.0,区县,0.0,100.0,,河北省,130000,沧州市,130900,地级市,青县,130922,县
河北|天津静海县,address,天津静海县,河北,ok,0,116.98046860454797,38.95337068917225,116.96785432056873,38.94692072314807,20.0,区县,0.0,100.0,,天津市,120000,天津市,120000,直辖市,静海区,120118,市辖区
河北|平乡县,address,平乡县,河北,ok,0,115.03658174368942,37.0690963930439,115.02393889492309,37.06285692399351,20.0,区县,0.0,100.0,,河北省,130000,邢台市,130500,地级市,平乡县,130532,县
河北|广宗县,address,广宗县,河北,ok,0,115.14960474634384,37.08045712216151,115.13687400365356,37.07411640464031,20.0,区县,0.0,100.0,,河北省,130000,邢台市,130500,地级市,广宗县,130531,县
河北|廊坊香河县,address,廊坊香河县,河北,ok,0,117.01240210779996,39.76793918854631,116.99955876132326,39.76105411514719,20.0,区县,0.0,100.0,,河北省,130000,廊坊市,131000,地级市,香河县,131024,县
河北|廊坊市固安县,address,廊坊市固安县,河北,ok,0,116.30542004093144,39.44448485530404,116.29299449196172,39.43711263572524,20.0,区县,0.0,100.0,,河北省,130000,廊坊市,131000,地级市,固安县,131022,县
河北|廊坊市大城县,address,廊坊市大城县,河北,ok,0,116.66040917846469,38.71085864002598,116.64810609188993,38.70440294067521,20.0,区县,0.0,100.0,,河北省,130000,廊坊市,131000,地级市,大城县,131025,县
河北|张家口宣化县,address,张家口宣化县,河北,ok,0,115.10544440679553,40.614591888266105,115.09219703673472,40.60737184403493,20.0,区县,0.0,100.0,,河北省,130000,张家口市,130700,地级市,宣化区,130705,市辖区
河北|张家口张北县,address,张家口张北县,河北,ok,0,114.7263751121007,41.164943620014895,114.71344567229237,41.15740223280438,20.0,区县,0.0,100.0,,河北省,130000,张家口市,130700,地级市,张北县,130722,县
河北|张家口怀安县,address,张家口怀安县,河北,ok,0,114.39246911505609,40.68036934311551,114.37935164631503,40.67268092654564,20.0,区县,0.0,100.0,,河北省,130000,张家口市,130700,地级市,怀安县,130728,县
河北|张家口涿鹿县,address,张家口涿鹿县,河北,ok,0,115.21138346202879,40.385834075002876,115.19835820190292,40.37881504578363,20.0,区县,0.0,100.0,,河北省,130000,张家口市,130700,地级市,涿鹿县,130731,县
河北|张家口蔚县,address,张家口蔚县,河北,ok,0,114.59540055179599,39.84708863636645,114.58288773060467,39.84019498199388,20.0,区县,0.0,100.0,,河北省,130000,张家口市,130700,地级市,蔚县,130726,县
河北|张家口赤城县,address,张家口赤城县,河北,ok,0,115.83850589956863,40.918761216841006,115.82590100912192,40.91095948816388,20.0,区县,0.0,100.0,,河北省,130000,张家口市,130700,地级市,赤城县,130732,县
河北|张家口阳原县,address,张家口阳原县,河北,ok,0,114.15752413604322,40.10958838873102,114.14445660574685,40.10197203303237,20.0,区县,0.0,100.0,,河北省,130000,张家口市,130700,地级市,阳原县,130727,县
河北|张家口市万全县,address,张家口市万全县,河北,ok,0,114.74742582376042,40.77314964899669,114.73450068968636,40.76592462440795,20.0,区县,0.0,100.0,,河北省,130000,张家口市,130700,地级市,万全区,130708,市辖区
河北|张家口市怀安县,address,张家口市怀安县,河北,ok,0,114.39246911505609,40.68036934311551,114.37935164631503,40.67268092654564,20.0,区县,0.0,100.0,,河北省,130000,张家口市,130700,地级市,怀安县,130728,县
河北|张家口市怀来县,address,张家口市怀来县,河北,ok,0,115.52455288485054,40.42028989038194,115.51173446857517,40.413045267470636,20.0,区县,0.0,100.0,,河北省,130000,张家口市,130700,地级市,怀来县,130730,县
河北|张家口市涿鹿县,address,张家口市涿鹿县,河北,ok,0,115.21138346202879,40.385834075002876,115.19835820190292,40.37881504578363,20.0,区县,0.0,100.0,,河北省,130000,张家口市,130700,地级市,涿鹿县,130731,县
河北|张家口市蔚县,address,张家口市蔚县,河北,ok,0,114.59540055179599,39.84708863636645,114.58288773060467,39.84019498199388,20.0,区县,0.0,100.0,,河北省,130000,张家口市,130700,地级市,蔚县,130726,县
河北|张家口市赤城县,address,张家口市赤城县,河北,ok,0,115.83850589956863,40.918761216841006,115.82590100912192,40.91095948816388,20.0,区县,0.0,100.0,,河北省,130000,张家口市,130700,地级市,赤城县,130732,县
河北|张家口市阳原县,address,张家口市阳原县,河北,ok,0,114.15752413604322,40.10958838873102,114.14445660574685,40.10197203303237,20.0,区县,0.0,100.0,,河北省,130000,张家口市,130700,地级市,阳原县,130727,县
河北|沙河县,address,沙河县,河北,ok,0,114.50947385688346,36.8611273411454,114.4970757303758,36.85479801476034,20.0,区县,0.0,100.0,,河北省,130000,邢台市,130500,地级市,沙河市,130582,县级市
河北|沧州交河县,address,沧州交河县,河北,ok,0,116.84558075595014,38.310215141107044,116.83317497937182,38.303958612283594,20.0,城市,0.0,100.0,,河北省,130000,沧州市,130900,地级市,运河区,130903,市辖区
河北|沧州盐山县,address,沧州盐山县,河北,ok,0,117.23741362448348,38.06431839955863,117.2246832670511,38.057856282145245,20.0,区县,0.0,100.0,,河北省,130000,沧州市,130900,地级市,盐山县,130925,县
河北|沧州市,address,沧州市,河北,ok,0,116.84558075595014,38.310215141107044,116.83317497937182,38.303958612283594,20.0,城市,0.0,100.0,,河北省,130000,沧州市,130900,地级市,运河区,130903,市辖区
河北|沧州市河间县,address,沧州市河间县,河北,ok,0,116.10562809211834,38.45135651510629,116.09307690952785,38.44417388366583,20.0,区县,0.0,100.0,,河北省,130000,沧州市,130900,地级市,河间市,130984,县级市
河北|沧州市献县,address,沧州市献县,河北,ok,0,116.15848861036135,38.18675542332404,116.14605947164925,38.17964015876451,20.0,区县,0.0,100.0,,河北省,130000,沧州市,130900,地级市,献县,130929,县
河北|泊头市,address,泊头市,河北,ok,0,116.5846280358124,38.08925691544578,116.57251611910421,38.082817992812245,20.0,区县,0.0,100.0,,河北省,130000,沧州市,130900,地级市,泊头市,130981,县级市
河北|石家庄井陉县,address,石家庄井陉县,河北,ok,0,114.15146299927575,38.03838621492678,114.13863829302935,38.031277623990285,20.0,区县,0.0,100.0,,河北省,130000,石家庄市,130100,地级市,井陉县,130121,县
河北|石家庄元氏县,address,石家庄元氏县,河北,ok,0,114.53256551866185,37.7723385538555,114.52017046646037,37.765734126240076,20.0,区县,0.0,100.0,,河北省,130000,石家庄市,130100,地级市,元氏县,130132,县
河北|石家庄平山县,address,石家庄平山县,河北,ok,0,114.20233197420312,38.25366251987636,114.18961719907516,38.24670671670057,20.0,区县,0.0,100.0,,河北省,130000,石家庄市,130100,地级市,平山县,130131,县
河北|石家庄无极县,address,石家庄无极县,河北,ok,0,114.98243934348369,38.18543617027971,114.96986167181976,38.17920087502508,20.0,区县,0.0,100.0,,河北省,130000,石家庄市,130100,地级市,无极县,130130,县
河北|石家庄栾城县,address,石家庄栾城县,河北,ok,0,114.65457561879083,37.9058163641652,114.64221954889473,37.899414490120385,20.0,区县,0.0,100.0,,河北省,130000,石家庄市,130100,地级市,栾城区,130111,市辖区
河北|石家庄灵寿县,address,石家庄灵寿县,河北,ok,0,114.38947775770787,38.31462937004633,114.3766613754781,38.30770329600267,20.0,区县,0.0,100.0,,河北省,130000,石家庄市,130100,地级市,灵寿县,130126,县
河北|石家庄赞皇县,address,石家庄赞皇县,河北,ok,0,114.39246354556191,37.671667061291416,114.37975293934404,37.66465780856501,20.0,区县,0.0,100.0,,河北省,130000,石家庄市,130100,地级市,赞皇县,130129,县
河北|石家庄辛集市,address,石家庄辛集市,河北,ok,0,115.22445084279079,37.949309043172505,115.21177606219759,37.94285986487205,20.0,区县,0.0,100.0,,河北省,130000,石家庄市,130100,地级市,辛集市,130181,县级市
河北|石家庄市井陉县,address,石家庄市井陉县,河北,ok,0,114.15146299927575,38.03838621492678,114.13863829302935,38.031277623990285,20.0,区县,0.0,100.0,,河北省,130000,石家庄市,130100,地级市,井陉县,130121,县
河北|石家庄市平山县,address,石家庄市平山县,河北,ok,0,114.20233197420312,38.25366251987636,114.18961719907516,38.24670671670057,20.0,区县,0.0,100.0,,河北省,130000,石家庄市,130100,地级市,平山县,130131,县
河北|石家庄市灵寿县,address,石家庄市灵寿县,河北,ok,0,114.38947775770787,38.31462937004633,114.3766613754781,38.30770329600267,20.0,区县,0.0,100.0,,河北省,130000,石家庄市,130100,地级市,灵寿县,130126,县
河北|石家庄市赞皇县,address,石家庄市赞皇县,河北,ok,0,114.39246354556191,37.671667061291416,114.37975293934404,37.66465780856501,20.0,区县,0.0,100.0,,河北省,130000,石家庄市,130100,地级市,赞皇县,130129,县
河北|秦皇岛市临渝县,address,秦皇岛市临渝县,河北,ok,0,119.5259671942601,39.89472719832739,119.51350584999925,39.88747629803479,20.0,城市,0.0,100.0,,河北省,130000,秦皇岛市,130300,地级市,海港区,130302,市辖区
河北|衡水饶阳县,address,衡水饶阳县,河北,ok,0,115.73257160535455,38.24103752542849,115.72009678980754,38.234162394132554,20.0,区县,0.0,100.0,,河北省,130000,衡水市,131100,地级市,饶阳县,131124,县
河北|衡水市武强县,address,衡水市武强县,河北,ok,0,115.98961391177681,38.04685680523654,115.97737597352499,38.03986375487708,20.0,区县,0.0,100.0,,河北省,130000,衡水市,131100,地级市,武强县,131123,县
河北|衡水市深县,address,衡水市深县,河北,ok,0,115.6754061376161,37.745191408077424,115.66309050522786,37.73838093643033,20.0,城市,0.0,100.0,,河北省,130000,衡水市,131100,地级市,桃城区,131102,市辖区
河北|衡水市深州市,address,衡水市深州市,河北,ok,0,115.56636927583166,38.00694123492171,115.55401209555079,38.00033482926951,20.0,区县,0.0,100.0,,河北省,130000,衡水市,131100,地级市,深州市,131182,县级市
河北|衡水市,address,衡水市,河北,ok,0,115.6754061376161,37.745191408077424,115.66309050522786,37.73838093643033,20.0,城市,0.0,100.0,,河北省,130000,衡水市,131100,地级市,桃城区,131102,市辖区
河北|辛集束鹿县,address,辛集束鹿县,河北,ok,0,115.22140414982314,37.945471198145306,115.20872531384295,37.93901984562182,80.0,餐饮,1.0,100.0,,河北省,130000,石家庄市,130100,地级市,辛集市,130181,县级市
河北|迁安市迁安县,address,迁安市迁安县,河北,ok,0,118.70645736056483,40.00418392493125,118.69385379313287,39.99716189942603,20.0,区县,0.0,100.0,,河北省,130000,唐山市,130200,地级市,迁安市,130283,县级市
河北|邢台临城县,address,邢台临城县,河北,ok,0,114.5054433397213,37.450788548442155,114.49299163357365,37.44410588854916,20.0,区县,0.0,100.0,,河北省,130000,邢台市,130500,地级市,临城县,130522,县
河北|邢台宁晋县,address,邢台宁晋县,河北,ok,0,114.94596948723685,37.63074152974115,114.93359778440802,37.62451481008051,20.0,区县,0.0,100.0,,河北省,130000,邢台市,130500,地级市,宁晋县,130528,县
河北|邢台巨鹿县,address,邢台巨鹿县,河北,ok,0,115.0435873588701,37.227088328938194,115.030910783541,37.220732645958456,20.0,区县,0.0,100.0,,河北省,130000,邢台市,130500,地级市,巨鹿县,130529,县
河北|邢台平乡县,address,邢台平乡县,河北,ok,0,115.03658174368942,37.0690963930439,115.02393889492309,37.06285692399351,20.0,区县,0.0,100.0,,河北省,130000,邢台市,130500,地级市,平乡县,130532,县
河北|邢台邢台县,address,邢台邢台县,河北,ok,0,114.51146225612979,37.07668595096609,114.49906040463821,37.07021586160957,20.0,城市,0.0,100.0,,河北省,130000,邢台市,130500,地级市,襄都区,130502,市辖区
河北|邢台隆尧,address,邢台隆尧,河北,ok,0,114.77661608164605,37.355908006295365,114.76413954794221,37.34952328990935,20.0,区县,0.0,100.0,,河北省,130000,邢台市,130500,地级市,隆尧县,130525,县
河北|邢台隆平县,address,邢台隆平县,河北,ok,0,114.51146225612979,37.07668595096609,114.49906040463821,37.07021586160957,20.0,城市,0.0,100.0,,河北省,130000,邢台市,130500,地级市,襄都区,130502,市辖区
河北|邢台市临城县,address,邢台市临城县,河北,ok,0,114.5054433397213,37.450788548442155,114.49299163357365,37.44410588854916,20.0,区县,0.0,100.0,,河北省,130000,邢台市,130500,地级市,临城县,130522,县
河北|邢台市任县,address,邢台市任县,河北,ok,0,114.51146225612979,37.07668595096609,114.49906040463821,37.07021586160957,20.0,城市,0.0,100.0,,河北省,130000,邢台市,130500,地级市,襄都区,130502,市辖区
河北|邢台市内丘县,address,邢台市内丘县,河北,ok,0,114.51849293403419,37.292857912046905,114.50610392001593,37.28628993147033,20.0,区县,0.0,100.0,,河北省,130000,邢台市,130500,地级市,内丘县,130523,县
河北|邢台市宁晋县,address,邢台市宁晋县,河北,ok,0,114.94596948723685,37.63074152974115,114.93359778440802,37.62451481008051,20.0,区县,0.0,100.0,,河北省,130000,邢台市,130500,地级市,宁晋县,130528,县
河北|邢台市邢台县,address,邢台市邢台县,河北,ok,0,114.51146225612979,37.07668595096609,114.49906040463821,37.07021586160957,20.0,城市,0.0,100.0,,河北省,130000,邢台市,130500,地级市,襄都区,130502,市辖区
河北|邢台市,address,邢台市,河北,ok,0,114.51146225612979,37.07668595096609,114.49906040463821,37.07021586160957,20.0,城市,0.0,100.0,,河北省,130000,邢台市,130500,地级市,襄都区,130502,市辖区
河北|邢台市隆尧县,address,邢台市隆尧县,河北,ok,0,114.77661608164605,37.355908006295365,114.76413954794221,37.34952328990935,20.0,区县,0.0,100.0,,河北省,130000,邢台市,130500,地级市,隆尧县,130525,县
河北|邯郸丘县,address,邯郸丘县,河北,ok,0,114.5456282282352,36.631262731204046,114.53336998710513,36.62522052143481,20.0,城市,0.0,100.0,,河北省,130000,邯郸市,130400,地级市,丛台区,130403,市辖区
河北|邯郸大名县,address,邯郸大名县,河北,ok,0,115.15461253007031,36.29128846623129,115.14196323515688,36.28540194318219,20.0,区县,0.0,100.0,,河北省,130000,邯郸市,130400,地级市,大名县,130425,县
河北|邯郸武安县,address,邯郸武安县,河北,ok,0,114.21051607638233,36.70248828627979,114.19799529114385,36.695946233669105,20.0,区县,0.0,100.0,,河北省,130000,邯郸市,130400,地级市,武安市,130481,县级市
河北|邯郸邯郸县,address,邯郸邯郸县,河北,ok,0,114.5456282282352,36.631262731204046,114.53336998710513,36.62522052143481,20.0,城市,0.0,100.0,,河北省,130000,邯郸市,130400,地级市,丛台区,130403,市辖区
河北|邯郸馆陶县,address,邯郸馆陶县,河北,ok,0,115.28853676634758,36.55395672865321,115.27600856999526,36.54798976521398,20.0,区县,0.0,100.0,,河北省,130000,邯郸市,130400,地级市,馆陶县,130433,县
河北|邯郸市东明县,address,邯郸市东明县,河北,ok,0,115.11402511085738,35.28172493679994,115.10146480996437,35.276290238416784,20.0,区县,0.0,100.0,,山东省,370000,菏泽市,371700,地级市,东明县,371728,县
河北|邯郸市临漳县,address,邯郸市临漳县,河北,ok,0,114.59217770111785,36.329381126857,114.5800372461301,36.3235953809044,20.0,区县,0.0,100.0,,河北省,130000,邯郸市,130400,地级市,临漳县,130423,县
河北|邯郸市大名县,address,邯郸市大名县,河北,ok,0,115.15461253007031,36.29128846623129,115.14196323515688,36.28540194318219,20.0,区县,0.0,100.0,,河北省,130000,邯郸市,130400,地级市,大名县,130425,县
河北|邯郸市涉县,address,邯郸市涉县,河北,ok,0,113.69758434882932,36.590691663211175,113.68477935204689,36.584402730499,20.0,区县,0.0,100.0,,河北省,130000,邯郸市,130400,地级市,涉县,130426,县
河北|邯郸市邯郸县,address,邯郸市邯郸县,河北,ok,0,114.5456282282352,36.631262731204046,114.53336998710513,36.62522052143481,20.0,城市,0.0,100.0,,河北省,130000,邯郸市,130400,地级市,丛台区,130403,市辖区
河北|邯郸市,address,邯郸市,河北,ok,0,114.5456282282352,36.631262731204046,114.53336998710513,36.62522052143481,20.0,城市,0.0,100.0,,河北省,130000,邯郸市,130400,地级市,丛台区,130403,市辖区
河北|邯郸市馆陶县,address,邯郸市馆陶县,河北,ok,0,115.28853676634758,36.55395672865321,115.27600856999526,36.54798976521398,20.0,区县,0.0,100.0,,河北省,130000,邯郸市,130400,地级市,馆陶县,130433,县
河南|三门峡卢氏县,address,三门峡卢氏县,河南,ok,0,111.0545640061735,34.059924845298816,111.04207179520989,34.05558747475811,20.0,区县,0.0,100.0,,河南省,410000,三门峡市,411200,地级市,卢氏县,411224,县
河南|三门峡渑池县,address,三门峡渑池县,河南,ok,0,111.76854234584539,34.77319704298588,111.75591347758943,34.76797637330903,20.0,区县,0.0,100.0,,河南省,410000,三门峡市,411200,地级市,渑池县,411221,县
河南|三门峡灵宝县,address,三门峡灵宝县,河南,ok,0,110.90040831286163,34.52314262416382,110.8883855089265,34.51889530073128,20.0,区县,0.0,100.0,,河南省,410000,三门峡市,411200,地级市,灵宝市,411282,县级市
河南|三门峡陕县,address,三门峡陕县,河南,ok,0,111.10945065249427,34.7269148015266,111.09676534187187,34.72212531666397,20.0,区县,0.0,100.0,,河南省,410000,三门峡市,411200,地级市,陕州区,411203,市辖区
河南|三门峡市,address,三门峡市,河南,ok,0,111.2065332238741,34.778327249459984,111.19394219371482,34.77358035278641,20.0,城市,0.0,100.0,,河南省,410000,三门峡市,411200,地级市,湖滨区,411202,市辖区
河南|三门峡市卢氏县,address,三门峡市卢氏县,河南,ok,0,111.0545640061735,34.059924845298816,111.04207179520989,34.05558747475811,20.0,区县,0.0,100.0,,河南省,410000,三门峡市,411200,地级市,卢氏县,411224,县
河南|三门峡市渑池县,address,三门峡市渑池县,河南,ok,0,111.76854234584539,34.77319704298588,111.75591347758943,34.76797637330903,20.0,区县,0.0,100.0,,河南省,410000,三门峡市,411200,地级市,渑池县,411221,县
河南|三门峡市灵宝县,address,三门峡市灵宝县,河南,ok,0,110.90040831286163,34.52314262416382,110.8883855089265,34.51889530073128,20.0,区县,0.0,100.0,,河南省,410000,三门峡市,411200,地级市,灵宝市,411282,县级市
河南|中牟县,address,中牟县,河南,ok,0,113.98248490572702,34.72501084892361,113.97014568143912,34.71976982876521,20.0,区县,0.0,100.0,,河南省,410000,郑州市,410100,地级市,中牟县,410122,县
河南|信阳光山县,address,信阳光山县,河南,ok,0,114.92553303688484,32.01590687956846,114.91375088123908,32.01250520651234,20.0,区县,0.0,100.0,,河南省,410000,信阳市,411500,地级市,光山县,411522,县
河南|信阳息县,address,信阳息县,河南,ok,0,114.74745313224791,32.34895551171522,114.73545980429486,32.34532686167932,20.0,区县,0.0,100.0,,河南省,410000,信阳市,411500,地级市,息县,411528,县
河南|信阳潢川县,address,信阳潢川县,河南,ok,0,115.05847075405106,32.137530716413536,115.04627096693824,32.13384141190318,20.0,区县,0.0,100.0,,河南省,410000,信阳市,411500,地级市,潢川县,411526,县
河南|信阳市光山县,address,信阳市光山县,河南,ok,0,114.92553303688484,32.01590687956846,114.91375088123908,32.01250520651234,20.0,区县,0.0,100.0,,河南省,410000,信阳市,411500,地级市,光山县,411522,县
河南|信阳市商城县,address,信阳市商城县,河南,ok,0,115.41351334076217,31.804345366902695,115.40133380732243,31.800296723759256,20.0,区县,0.0,100.0,,河南省,410000,信阳市,411500,地级市,商城县,411524,县
河南|信阳市固始县,address,信阳市固始县,河南,ok,0,115.66048788818134,32.17417437962212,115.64873099422115,32.17024527013451,20.0,区县,0.0,100.0,,河南省,410000,信阳市,411500,地级市,固始县,411525,县
河南|信阳市息县,address,信阳市息县,河南,ok,0,114.74745313224791,32.34895551171522,114.73545980429486,32.34532686167932,20.0,区县,0.0,100.0,,河南省,410000,信阳市,411500,地级市,息县,411528,县
河南|信阳市潢川县,address,信阳市潢川县,河南,ok,0,115.05847075405106,32.137530716413536,115.04627096693824,32.13384141190318,20.0,区县,0.0,100.0,,河南省,410000,信阳市,411500,地级市,潢川县,411526,县
河南|信阳市罗山县,address,信阳市罗山县,河南,ok,0,114.51952993791492,32.20915045183822,114.50762867003623,32.205331375860474,20.0,区县,0.0,100.0,,河南省,410000,信阳市,411500,地级市,罗山县,411521,县
河南|修武县,address,修武县,河南,ok,0,113.45458192871418,35.22932348259429,113.44154738265942,35.223745844585636,20.0,区县,0.0,100.0,,河南省,410000,焦作市,410800,地级市,修武县,410821,县
河南|南阳市内乡县,address,南阳市内乡县,河南,ok,0,111.8554252869733,33.05120310547566,111.84315338116659,33.04692853522445,20.0,区县,0.0,100.0,,河南省,410000,南阳市,411300,地级市,内乡县,411325,县
河南|南阳市,address,南阳市,河南,ok,0,112.53450131351325,32.99656220465144,112.52214807379757,32.99259024239246,20.0,城市,0.0,100.0,,河南省,410000,南阳市,411300,地级市,卧龙区,411303,市辖区
河南|南阳市浙川县,address,南阳市浙川县,河南,ok,0,111.49739592427208,33.14410552917881,111.48489532775935,33.13992105956105,50.0,NoClass,0.0,100.0,,河南省,410000,南阳市,411300,地级市,淅川县,411326,县
河南|南阳市邓县,address,南阳市邓县,河南,ok,0,112.53450131351325,32.99656220465144,112.52214807379757,32.99259024239246,20.0,城市,0.0,100.0,,河南省,410000,南阳市,411300,地级市,卧龙区,411303,市辖区
河南|原阳县,address,原阳县,河南,ok,0,113.94662374129375,35.07116386446907,113.93433825212729,35.065644401229875,20.0,区县,0.0,100.0,,河南省,410000,新乡市,410700,地级市,原阳县,410725,县
河南|周口太康县,address,周口太康县,河南,ok,0,114.84438388999658,34.07003838224778,114.83234583433263,34.065846096581375,20.0,区县,0.0,100.0,,河南省,410000,周口市,411600,地级市,太康县,411627,县
河南|周口扶沟县,address,周口扶沟县,河南,ok,0,114.4015098413696,34.065906253969246,114.38916423579947,34.061014491766414,20.0,区县,0.0,100.0,,河南省,410000,周口市,411600,地级市,扶沟县,411621,县
河南|周口淮阳县,address,周口淮阳县,河南,ok,0,114.7079826661061,33.643083575264406,114.69595666728011,33.638838204078915,20.0,城市,0.0,100.0,,河南省,410000,周口市,411600,地级市,川汇区,411602,市辖区
河南|周口鹿邑县,address,周口鹿邑县,河南,ok,0,115.49058525860173,33.8671732903174,115.47839372146473,33.86257529274212,20.0,区县,0.0,100.0,,河南省,410000,周口市,411600,地级市,鹿邑县,411628,县
河南|周口市商水县,address,周口市商水县,河南,ok,0,114.61841594743659,33.54887747535332,114.60658319261657,33.54472464739739,20.0,区县,0.0,100.0,,河南省,410000,周口市,411600,地级市,商水县,411623,县
河南|周口市太康县,address,周口市太康县,河南,ok,0,114.84438388999658,34.07003838224778,114.83234583433263,34.065846096581375,20.0,区县,0.0,100.0,,河南省,410000,周口市,411600,地级市,太康县,411627,县
河南|周口市扶沟县,address,周口市扶沟县,河南,ok,0,114.4015098413696,34.065906253969246,114.38916423579947,34.061014491766414,20.0,区县,0.0,100.0,,河南省,410000,周口市,411600,地级市,扶沟县,411621,县
河南|周口市淮阳县,address,周口市淮阳县,河南,ok,0,114.7079826661061,33.643083575264406,114.69595666728011,33.638838204078915,20.0,城市,0.0,100.0,,河南省,410000,周口市,411600,地级市,川汇区,411602,市辖区
河南|周口市西华县,address,周口市西华县,河南,ok,0,114.53559667094417,33.77321533492214,114.52362806955705,33.7688037520478,20.0,区县,0.0,100.0,,河南省,410000,周口市,411600,地级市,西华县,411622,县
河南|周口市项城县,address,周口市项城县,河南,ok,0,114.88151400079326,33.473007441429914,114.86961603841647,33.46907377355945,20.0,区县,0.0,100.0,,河南省,410000,周口市,411600,地级市,项城市,411681,县级市
河南|周口市鹿邑县,address,周口市鹿邑县,河南,ok,0,115.49058525860173,33.8671732903174,115.47839372146473,33.86257529274212,20.0,区县,0.0,100.0,,河南省,410000,周口市,411600,地级市,鹿邑县,411628,县
河南|商丘宁陵县,address,商丘宁陵县,河南,ok,0,115.32041843737164,34.46663402766001,115.30806118579538,34.46197227448405,20.0,区县,0.0,100.0,,河南省,410000,商丘市,411400,地级市,宁陵县,411423,县
河南|商丘市夏邑县,address,商丘市夏邑县,河南,ok,0,116.1375123682284,34.2435234723781,116.12545442444015,34.23835743888745,20.0,区县,0.0,100.0,,河南省,410000,商丘市,411400,地级市,夏邑县,411426,县
河南|商丘市宁陵县,address,商丘市宁陵县,河南,ok,0,115.32041843737164,34.46663402766001,115.30806118579538,34.46197227448405,20.0,区县,0.0,100.0,,河南省,410000,商丘市,411400,地级市,宁陵县,411423,县
河南|商丘市柘城县,address,商丘市柘城县,河南,ok,0,115.31243456749063,34.09736021241513,115.30014431222591,34.0928837698857,20.0,区县,0.0,100.0,,河南省,410000,商丘市,411400,地级市,柘城县,411424,县
河南|商丘市永城县,address,商丘市永城县,河南,ok,0,116.45556614759954,33.93480147585089,116.44357486812962,33.93000912699209,20.0,区县,0.0,100.0,,河南省,410000,商丘市,411400,地级市,永城市,411481,县级市
河南|商丘市睢县,address,商丘市睢县,河南,ok,0,115.0784108906088,34.451616965408846,115.0659266489646,34.44701234760108,20.0,区县,0.0,100.0,,河南省,410000,商丘市,411400,地级市,睢县,411422,县
河南|商丘市虞城县,address,商丘市虞城县,河南,ok,0,115.83447295698157,34.405331502097134,115.8225647149252,34.400371268111456,20.0,区县,0.0,100.0,,河南省,410000,商丘市,411400,地级市,虞城县,411425,县
河南|夏邑县,address,夏邑县,河南,ok,0,116.1375123682284,34.2435234723781,116.12545442444015,34.23835743888745,20.0,区县,0.0,100.0,,河南省,410000,商丘市,411400,地级市,夏邑县,411426,县
河南|安阳林县,address,安阳林县,河南,ok,0,114.39950042177432,36.10594098401491,114.38694028814908,36.09965145863775,20.0,城市,0.0,100.0,,河南省,410000,安阳市,410500,地级市,文峰区,410502,市辖区
河南|安阳市内黄县,address,安阳市内黄县,河南,ok,0,114.90758875550918,35.97694966806135,114.89543203839177,35.97149157108543,20.0,区县,0.0,100.0,,河南省,410000,安阳市,410500,地级市,内黄县,410527,县
河南|安阳市安阳县,address,安阳市安阳县,河南,ok,0,114.47673376511405,36.088623815857204,114.46430462947787,36.08251507870008,20.0,区县,0.0,100.0,,河南省,410000,安阳市,410500,地级市,安阳县,410522,县
河南|安阳市,address,安阳市,河南,ok,0,114.39950042177432,36.10594098401491,114.38694028814908,36.09965145863775,20.0,城市,0.0,100.0,,河南省,410000,安阳市,410500,地级市,文峰区,410502,市辖区
河南|安阳市林县,address,安阳市林县,河南,ok,0,114.39950042177432,36.10594098401491,114.38694028814908,36.09965145863775,20.0,城市,0.0,100.0,,河南省,410000,安阳市,410500,地级市,文峰区,410502,市辖区
河南|安阳市滑县,address,安阳市滑县,河南,ok,0,114.52555316618987,35.58104540055751,114.51337694987336,35.57531849877139,20.0,区县,0.0,100.0,,河南省,410000,安阳市,410500,地级市,滑县,410526,县
河南|平顶山临汝县,address,平顶山临汝县,河南,ok,0,113.19952856052156,33.772050748691015,113.18669000807654,33.76777019628955,20.0,城市,0.0,100.0,,河南省,410000,平顶山市,410400,地级市,新华区,130105,市辖区
河南|平顶山宝丰县,address,平顶山宝丰县,河南,ok,0,113.06144723583577,33.874745598630774,113.04850575827497,33.87040821904369,20.0,区县,0.0,100.0,,河南省,410000,平顶山市,410400,地级市,宝丰县,410421,县
河南|平顶山汝阳县,address,平顶山汝阳县,河南,ok,0,112.47950327730925,34.15984336489338,112.46685684890127,34.15514589774909,20.0,区县,0.0,100.0,,河南省,410000,洛阳市,410300,地级市,汝阳县,410326,县
河南|平顶山市宝丰县,address,平顶山市宝丰县,河南,ok,0,113.06144723583577,33.874745598630774,113.04850575827497,33.87040821904369,20.0,区县,0.0,100.0,,河南省,410000,平顶山市,410400,地级市,宝丰县,410421,县
河南|平顶山市郏县,address,平顶山市郏县,河南,ok,0,113.21960622765287,33.977486289176724,113.20677163196024,33.97317355968792,20.0,区县,0.0,100.0,,河南省,410000,平顶山市,410400,地级市,郏县,410425,县
河南|平顶山市鲁山县,address,平顶山市鲁山县,河南,ok,0,112.91443396963372,33.74487886345235,112.90195833050217,33.74089611343307,20.0,区县,0.0,100.0,,河南省,410000,平顶山市,410400,地级市,鲁山县,410423,县
河南|开封开封县,address,开封开封县,河南,ok,0,114.4475325479012,34.76273957222411,114.43515283719617,34.75750925610494,20.0,区县,0.0,100.0,,河南省,410000,开封市,410200,地级市,祥符区,410212,市辖区
河南|开封杞县,address,开封杞县,河南,ok,0,114.7895921047377,34.55485678068698,114.77739345733093,34.55030577706679,20.0,区县,0.0,100.0,,河南省,410000,开封市,410200,地级市,杞县,410221,县
河南|开封市兰考县,address,开封市兰考县,河南,ok,0,114.82523551991535,34.8622109159391,114.81307475091843,34.85745199952281,20.0,区县,0.0,100.0,,河南省,410000,开封市,410200,地级市,兰考县,410225,县
河南|开封市尉氏县,address,开封市尉氏县,河南,ok,0,114.1995611508576,34.41722801035352,114.18724783616747,34.41215714349812,20.0,区县,0.0,100.0,,河南省,410000,开封市,410200,地级市,尉氏县,410223,县
河南|开封市开封县,address,开封市开封县,河南,ok,0,114.4475325479012,34.76273957222411,114.43515283719617,34.75750925610494,20.0,区县,0.0,100.0,,河南省,410000,开封市,410200,地级市,祥符区,410212,市辖区
河南|开封市,address,开封市,河南,ok,0,114.32076511162192,34.80401391129182,114.30845665126323,34.7987016505835,20.0,城市,0.0,100.0,,河南省,410000,开封市,410200,地级市,龙亭区,410202,市辖区
河南|开封市杞县,address,开封市杞县,河南,ok,0,114.7895921047377,34.55485678068698,114.77739345733093,34.55030577706679,20.0,区县,0.0,100.0,,河南省,410000,开封市,410200,地级市,杞县,410221,县
河南|开封市通许县,address,开封市通许县,河南,ok,0,114.47343590592583,34.48677180265463,114.46114855124492,34.48185785703126,20.0,区县,0.0,100.0,,河南省,410000,开封市,410200,地级市,通许县,410222,县
河南|新乡原阳县,address,新乡原阳县,河南,ok,0,113.94662374129375,35.07116386446907,113.93433825212729,35.065644401229875,20.0,区县,0.0,100.0,,河南省,410000,新乡市,410700,地级市,原阳县,410725,县
河南|新乡汲县,address,新乡汲县,河南,ok,0,113.93360046733228,35.3096399303368,113.92131367830383,35.303896625722246,20.0,城市,0.0,100.0,,河南省,410000,新乡市,410700,地级市,红旗区,410702,市辖区
河南|新乡辉县,address,新乡辉县,河南,ok,0,113.81157302990697,35.467957818375645,113.79902031642935,35.46201737304462,20.0,区县,0.0,100.0,,河南省,410000,新乡市,410700,地级市,辉县市,410782,县级市
河南|新乡市卫辉市,address,新乡市卫辉市,河南,ok,0,114.07160094452217,35.40406888214502,114.0590127577535,35.3979052482083,20.0,区县,0.0,100.0,,河南省,410000,新乡市,410700,地级市,卫辉市,410781,县级市
河南|新乡市原阳县,address,新乡市原阳县,河南,ok,0,113.94662374129375,35.07116386446907,113.93433825212729,35.065644401229875,20.0,区县,0.0,100.0,,河南省,410000,新乡市,410700,地级市,原阳县,410725,县
河南|新乡市封丘县,address,新乡市封丘县,河南,ok,0,114.42560616803036,35.0468575316508,114.41317704932143,35.04127395505614,20.0,区县,0.0,100.0,,河南省,410000,新乡市,410700,地级市,封丘县,410727,县
河南|新乡市延津县,address,新乡市延津县,河南,ok,0,114.2115117582096,35.14780651050911,114.19918129921112,35.142072888226075,20.0,区县,0.0,100.0,,河南省,410000,新乡市,410700,地级市,延津县,410726,县
河南|新乡市新乡县,address,新乡市新乡县,河南,ok,0,113.81159378076424,35.19656440899276,113.79906137947401,35.19086970337929,20.0,区县,0.0,100.0,,河南省,410000,新乡市,410700,地级市,新乡县,410721,县
河南|新乡市汲县,address,新乡市汲县,河南,ok,0,113.93360046733228,35.3096399303368,113.92131367830383,35.303896625722246,20.0,城市,0.0,100.0,,河南省,410000,新乡市,410700,地级市,红旗区,410702,市辖区
河南|新乡市辉县,address,新乡市辉县,河南,ok,0,113.81157302990697,35.467957818375645,113.79902031642935,35.46201737304462,20.0,区县,0.0,100.0,,河南省,410000,新乡市,410700,地级市,辉县市,410782,县级市
河南|新乡市长垣县,address,新乡市长垣县,河南,ok,0,113.93360046733228,35.3096399303368,113.92131367830383,35.303896625722246,20.0,城市,0.0,100.0,,河南省,410000,新乡市,410700,地级市,红旗区,410702,市辖区
河南|新安县,address,新安县,河南,ok,0,112.14060970841214,34.73438332734371,112.12785595774301,34.72897132431635,20.0,区县,0.0,100.0,,河南省,410000,洛阳市,410300,地级市,新安县,410323,县
河南|新郑县,address,新郑县,河南,ok,0,113.74643447195358,34.40176637910559,113.73383708961545,34.39681743686182,20.0,区县,0.0,100.0,,河南省,410000,郑州市,410100,地级市,新郑市,410184,县级市
河南|杞县,address,杞县,河南,ok,0,114.7895921047377,34.55485678068698,114.77739345733093,34.55030577706679,20.0,区县,0.0,100.0,,河南省,410000,开封市,410200,地级市,杞县,410221,县
河南|武陟县,address,武陟县,河南,ok,0,113.4083958204103,35.105838449216684,113.39529037616981,35.10039212822153,20.0,区县,0.0,100.0,,河南省,410000,焦作市,410800,地级市,武陟县,410823,县
河南|沁阳县,address,沁阳县,河南,ok,0,112.95751688155336,35.09378573234604,112.9448102496646,35.08890965634147,20.0,区县,0.0,100.0,,河南省,410000,焦作市,410800,地级市,沁阳市,410882,县级市
河南|洛阳嵩县,address,洛阳嵩县,河南,ok,0,112.09240816186609,34.14072155640602,112.07968952276927,34.13563839046948,20.0,区县,0.0,100.0,,河南省,410000,洛阳市,410300,地级市,嵩县,410325,县
河南|洛阳巩县,address,洛阳巩县,河南,ok,0,112.46033424620128,34.625954754227166,112.44758059172632,34.62092593989101,20.0,城市,0.0,100.0,,河南省,410000,洛阳市,410300,地级市,洛龙区,410311,市辖区
河南|洛阳汝阳县,address,洛阳汝阳县,河南,ok,0,112.47950327730925,34.15984336489338,112.46685684890127,34.15514589774909,20.0,区县,0.0,100.0,,河南省,410000,洛阳市,410300,地级市,汝阳县,410326,县
河南|洛阳洛宁县,address,洛阳洛宁县,河南,ok,0,111.65958740952347,34.39498456021476,111.64712615946958,34.39028211822583,20.0,区县,0.0,100.0,,河南省,410000,洛阳市,410300,地级市,洛宁县,410328,县
河南|洛阳市偃师县,address,洛阳市偃师县,河南,ok,0,112.46033424620128,34.625954754227166,112.44758059172632,34.62092593989101,20.0,城市,0.0,100.0,,河南省,410000,洛阳市,410300,地级市,洛龙区,410311,市辖区
河南|洛阳市孟津县,address,洛阳市孟津县,河南,ok,0,112.46033424620128,34.625954754227166,112.44758059172632,34.62092593989101,20.0,城市,0.0,100.0,,河南省,410000,洛阳市,410300,地级市,洛龙区,410311,市辖区
河南|洛阳市宜阳县,address,洛阳市宜阳县,河南,ok,0,112.17946537426293,34.54104694255354,112.1668090275573,34.53588601224502,20.0,区县,0.0,100.0,,河南省,410000,洛阳市,410300,地级市,宜阳县,410327,县
河南|洛阳市嵩县,address,洛阳市嵩县,河南,ok,0,112.09240816186609,34.14072155640602,112.07968952276927,34.13563839046948,20.0,区县,0.0,100.0,,河南省,410000,洛阳市,410300,地级市,嵩县,410325,县
河南|洛阳市新安县,address,洛阳市新安县,河南,ok,0,112.14060970841214,34.73438332734371,112.12785595774301,34.72897132431635,20.0,区县,0.0,100.0,,河南省,410000,洛阳市,410300,地级市,新安县,410323,县
河南|洛阳市汝阳县,address,洛阳市汝阳县,河南,ok,0,112.47950327730925,34.15984336489338,112.46685684890127,34.15514589774909,20.0,区县,0.0,100.0,,河南省,410000,洛阳市,410300,地级市,汝阳县,410326,县
河南|洛阳市洛宁县,address,洛阳市洛宁县,河南,ok,0,111.65958740952347,34.39498456021476,111.64712615946958,34.39028211822583,20.0,区县,0.0,100.0,,河南省,410000,洛阳市,410300,地级市,洛宁县,410328,县
河南|洛阳市,address,洛阳市,河南,ok,0,112.46033424620128,34.625954754227166,112.44758059172632,34.62092593989101,20.0,城市,0.0,100.0,,河南省,410000,洛阳市,410300,地级市,洛龙区,410311,市辖区
河南|济源市济源县,address,济源市济源县,河南,ok,0,112.60858070620743,35.072907226846525,112.59611532276266,35.06788435213942,20.0,区县,0.0,100.0,,河南省,410000,济源市,419001,省直辖县,济源市,419001,县级市
河南|淇县,address,淇县,河南,ok,0,114.21548972449943,35.62727702033594,114.20312837932255,35.62115061458862,20.0,区县,0.0,100.0,,河南省,410000,鹤壁市,410600,地级市,淇县,410622,县
河南|漯河市临颍县,address,漯河市临颍县,河南,ok,0,113.93757834379157,33.83269194792997,113.92542882440797,33.82799177472975,20.0,区县,0.0,100.0,,河南省,410000,漯河市,411100,地级市,临颍县,411122,县
河南|漯河市郾城县,address,漯河市郾城县,河南,ok,0,114.0133938915449,33.59341588086467,114.0011136955784,33.58859298101662,20.0,区县,0.0,100.0,,河南省,410000,漯河市,411100,地级市,郾城区,411103,市辖区
河南|濮阳清丰县,address,濮阳清丰县,河南,ok,0,115.11047186341266,35.89130816827738,115.09783512610831,35.88549954917469,20.0,区县,0.0,100.0,,河南省,410000,濮阳市,410900,地级市,清丰县,410922,县
河南|濮阳濮阳市,address,濮阳濮阳市,河南,ok,0,115.03558408559006,35.717888889374784,115.02310832751091,35.7122621356372,20.0,区县,0.0,100.0,,河南省,410000,濮阳市,410900,地级市,濮阳县,410928,县
河南|濮阳市南乐县,address,濮阳市南乐县,河南,ok,0,115.21138615694532,36.076030832875425,115.19889674316079,36.07026946886827,20.0,区县,0.0,100.0,,河南省,410000,濮阳市,410900,地级市,南乐县,410923,县
河南|濮阳市清丰县,address,濮阳市清丰县,河南,ok,0,115.11047186341266,35.89130816827738,115.09783512610831,35.88549954917469,20.0,区县,0.0,100.0,,河南省,410000,濮阳市,410900,地级市,清丰县,410922,县
河南|濮阳市濮阳县,address,濮阳市濮阳县,河南,ok,0,115.03558408559006,35.717888889374784,115.02310832751091,35.7122621356372,20.0,区县,0.0,100.0,,河南省,410000,濮阳市,410900,地级市,濮阳县,410928,县
河南|濮阳市,address,濮阳市,河南,ok,0,115.03559747034215,35.76759302890629,115.02311419787114,35.76194518554627,20.0,城市,0.0,100.0,,河南省,410000,濮阳市,410900,地级市,华龙区,410902,市辖区
河南|濮阳市范县,address,濮阳市范县,河南,ok,0,115.51058621044251,35.85765508771859,115.49827151479147,35.85171449118744,20.0,区县,0.0,100.0,,河南省,410000,濮阳市,410900,地级市,范县,410926,县
河南|焦作市孟县,address,焦作市孟县,河南,ok,0,113.24854783457334,35.22096325403899,113.23561857520389,35.21572559357508,20.0,城市,0.0,100.0,,河南省,410000,焦作市,410800,地级市,解放区,410802,市辖区
河南|焦作市武陟县,address,焦作市武陟县,河南,ok,0,113.4083958204103,35.105838449216684,113.39529037616981,35.10039212822153,20.0,区县,0.0,100.0,,河南省,410000,焦作市,410800,地级市,武陟县,410823,县
河南|焦作市沁阳县,address,焦作市沁阳县,河南,ok,0,112.95751688155336,35.09378573234604,112.9448102496646,35.08890965634147,20.0,区县,0.0,100.0,,河南省,410000,焦作市,410800,地级市,沁阳市,410882,县级市
河南|焦作市温县,address,焦作市温县,河南,ok,0,113.08656906806671,34.94613549224693,113.07345156198522,34.941102062927236,20.0,区县,0.0,100.0,,河南省,410000,焦作市,410800,地级市,温县,410825,县
河南|荥阳县,address,荥阳县,河南,ok,0,113.38942279956461,34.79381050034602,113.37633636380457,34.788727475709464,20.0,区县,0.0,100.0,,河南省,410000,郑州市,410100,地级市,荥阳市,410182,县级市
河南|获嘉县,address,获嘉县,河南,ok,0,113.66341666994346,35.2658092841611,113.65083768631749,35.2602354416901,20.0,区县,0.0,100.0,,河南省,410000,新乡市,410700,地级市,获嘉县,410724,县
河南|西平县,address,西平县,河南,ok,0,114.02747357278608,33.39386099752538,114.0151737587693,33.38909133476484,20.0,区县,0.0,100.0,,河南省,410000,驻马店市,411700,地级市,西平县,411721,县
河南|许昌禹县,address,许昌禹县,河南,ok,0,113.85847553685502,34.04143161161871,113.84619173194905,34.036683429421416,20.0,城市,0.0,100.0,,河南省,410000,许昌市,411000,地级市,魏都区,411002,市辖区
河南|许昌鄢县,address,许昌鄢县,河南,ok,0,113.85847553685502,34.04143161161871,113.84619173194905,34.036683429421416,20.0,城市,0.0,100.0,,河南省,410000,许昌市,411000,地级市,魏都区,411002,市辖区
河南|许昌鄢陵县,address,许昌鄢陵县,河南,ok,0,114.18463769125088,34.108881697659704,114.17232633880779,34.103904677576786,20.0,区县,0.0,100.0,,河南省,410000,许昌市,411000,地级市,鄢陵县,411024,县
河南|许昌长葛县,address,许昌长葛县,河南,ok,0,113.82065759352936,34.201538754321476,113.80823211261911,34.196694567735946,20.0,区县,0.0,100.0,,河南省,410000,许昌市,411000,地级市,长葛市,411082,县级市
河南|许昌市禹县,address,许昌市禹县,河南,ok,0,113.85847553685502,34.04143161161871,113.84619173194905,34.036683429421416,20.0,城市,0.0,100.0,,河南省,410000,许昌市,411000,地级市,魏都区,411002,市辖区
河南|许昌市襄城县,address,许昌市襄城县,河南,ok,0,113.51342013114277,33.85791182158849,113.50075364491191,33.85339397129392,20.0,区县,0.0,100.0,,河南省,410000,许昌市,411000,地级市,襄城县,411025,县
河南|许昌市许昌县,address,许昌市许昌县,河南,ok,0,113.82947787567075,34.13052547643305,113.81709069023019,34.125715468773876,20.0,区县,0.0,100.0,,河南省,410000,许昌市,411000,地级市,建安区,411003,市辖区
河南|许昌市鄢陵县,address,许昌市鄢陵县,河南,ok,0,114.18463769125088,34.108881697659704,114.17232633880779,34.103904677576786,20.0,区县,0.0,100.0,,河南省,410000,许昌市,411000,地级市,鄢陵县,411024,县
河南|郏县,address,郏县,河南,ok,0,113.21960622765287,33.977486289176724,113.20677163196024,33.97317355968792,20.0,区县,0.0,100.0,,河南省,410000,平顶山市,410400,地级市,郏县,410425,县
河南|郑州密县,address,郑州密县,河南,ok,0,113.63141920733915,34.75343885045448,113.61889908350157,34.748486659196146,20.0,城市,0.0,100.0,,河南省,410000,郑州市,410100,地级市,中原区,410102,市辖区
河南|郑州登封县,address,郑州登封县,河南,ok,0,113.05642283345736,34.45969746171987,113.04340454182984,34.4551579767665,20.0,区县,0.0,100.0,,河南省,410000,郑州市,410100,地级市,登封市,410185,县级市
河南|郑州郑州市,address,郑州郑州市,河南,ok,0,113.63141920733915,34.75343885045448,113.61889908350157,34.748486659196146,20.0,城市,0.0,100.0,,河南省,410000,郑州市,410100,地级市,中原区,410102,市辖区
河南|郑州市中牟县,address,郑州市中牟县,河南,ok,0,113.98248490572702,34.72501084892361,113.97014568143912,34.71976982876521,20.0,区县,0.0,100.0,,河南省,410000,郑州市,410100,地级市,中牟县,410122,县
河南|郑州市密县,address,郑州市密县,河南,ok,0,113.63141920733915,34.75343885045448,113.61889908350157,34.748486659196146,20.0,城市,0.0,100.0,,河南省,410000,郑州市,410100,地级市,中原区,410102,市辖区
河南|郑州市巩县,address,郑州市巩县,河南,ok,0,113.63141920733915,34.75343885045448,113.61889908350157,34.748486659196146,20.0,城市,0.0,100.0,,河南省,410000,郑州市,410100,地级市,中原区,410102,市辖区
河南|郑州市新郑县,address,郑州市新郑县,河南,ok,0,113.74643447195358,34.40176637910559,113.73383708961545,34.39681743686182,20.0,区县,0.0,100.0,,河南省,410000,郑州市,410100,地级市,新郑市,410184,县级市
河南|郑州市登封县,address,郑州市登封县,河南,ok,0,113.05642283345736,34.45969746171987,113.04340454182984,34.4551579767665,20.0,区县,0.0,100.0,,河南省,410000,郑州市,410100,地级市,登封市,410185,县级市
河南|郑州市荥阳县,address,郑州市荥阳县,河南,ok,0,113.38942279956461,34.79381050034602,113.37633636380457,34.788727475709464,20.0,区县,0.0,100.0,,河南省,410000,郑州市,410100,地级市,荥阳市,410182,县级市
河南|郑州市,address,郑州市,河南,ok,0,113.63141920733915,34.75343885045448,113.61889908350157,34.748486659196146,20.0,城市,0.0,100.0,,河南省,410000,郑州市,410100,地级市,中原区,410102,市辖区
河南|鄢陵县,address,鄢陵县,河南,ok,0,114.18463769125088,34.108881697659704,114.17232633880779,34.103904677576786,20.0,区县,0.0,100.0,,河南省,410000,许昌市,411000,地级市,鄢陵县,411024,县
河南|驻马店上蔡县,address,驻马店上蔡县,河南,ok,0,114.27048686239792,33.268511215884224,114.25841233624122,33.263980708404375,20.0,区县,0.0,100.0,,河南省,410000,驻马店市,411700,地级市,上蔡县,411722,县
河南|驻马店新蔡县,address,驻马店新蔡县,河南,ok,0,114.97184912999602,32.75131512419268,114.95988117796912,32.74778231783216,20.0,区县,0.0,100.0,,河南省,410000,驻马店市,411700,地级市,新蔡县,411729,县
河南|驻马店正阳县,address,驻马店正阳县,河南,ok,0,114.39949655906064,32.6116410772727,114.38727773024958,32.607438543493025,20.0,区县,0.0,100.0,,河南省,410000,驻马店市,411700,地级市,正阳县,411724,县
河南|驻马店汝南县,address,驻马店汝南县,河南,ok,0,114.36940889397054,33.01314088199241,114.35719783291525,33.00871812960807,20.0,区县,0.0,100.0,,河南省,410000,驻马店市,411700,地级市,汝南县,411727,县
河南|驻马店汝阳县,address,驻马店汝阳县,河南,ok,0,112.47950327730925,34.15984336489338,112.46685684890127,34.15514589774909,20.0,区县,0.0,100.0,,河南省,410000,洛阳市,410300,地级市,汝阳县,410326,县
河南|驻马店确山县,address,驻马店确山县,河南,ok,0,114.0324950107563,32.80817569298386,114.020208796606,32.80376875290031,20.0,区县,0.0,100.0,,河南省,410000,驻马店市,411700,地级市,确山县,411725,县
河南|驻马店市上蔡县,address,驻马店市上蔡县,河南,ok,0,114.27048686239792,33.268511215884224,114.25841233624122,33.263980708404375,20.0,区县,0.0,100.0,,河南省,410000,驻马店市,411700,地级市,上蔡县,411722,县
河南|驻马店市新蔡县,address,驻马店市新蔡县,河南,ok,0,114.97184912999602,32.75131512419268,114.95988117796912,32.74778231783216,20.0,区县,0.0,100.0,,河南省,410000,驻马店市,411700,地级市,新蔡县,411729,县
河南|驻马店市正阳县,address,驻马店市正阳县,河南,ok,0,114.39949655906064,32.6116410772727,114.38727773024958,32.607438543493025,20.0,区县,0.0,100.0,,河南省,410000,驻马店市,411700,地级市,正阳县,411724,县
河南|驻马店市汝南县,address,驻马店市汝南县,河南,ok,0,114.36940889397054,33.01314088199241,114.35719783291525,33.00871812960807,20.0,区县,0.0,100.0,,河南省,410000,驻马店市,411700,地级市,汝南县,411727,县
河南|驻马店市泌阳县,address,驻马店市泌阳县,河南,ok,0,113.33355798837405,32.729730650434554,113.32077209532164,32.72587671519299,20.0,区县,0.0,100.0,,河南省,410000,驻马店市,411700,地级市,泌阳县,411726,县
河南|驻马店市确山县,address,驻马店市确山县,河南,ok,0,114.0324950107563,32.80817569298386,114.020208796606,32.80376875290031,20.0,区县,0.0,100.0,,河南省,410000,驻马店市,411700,地级市,确山县,411725,县
河南|驻马店市西平县,address,驻马店市西平县,河南,ok,0,114.02747357278608,33.39386099752538,114.0151737587693,33.38909133476484,20.0,区县,0.0,100.0,,河南省,410000,驻马店市,411700,地级市,西平县,411721,县
河南|鹤壁淇县,address,鹤壁淇县,河南,ok,0,114.21548972449943,35.62727702033594,114.20312837932255,35.62115061458862,20.0,区县,0.0,100.0,,河南省,410000,鹤壁市,410600,地级市,淇县,410622,县
河南|鹤壁市浚县,address,鹤壁市浚县,河南,ok,0,114.55760785085516,35.68191730591282,114.54551523703256,35.676248745446536,20.0,区县,0.0,100.0,,河南省,410000,鹤壁市,410600,地级市,浚县,410621,县
河南|鹤壁市淇县,address,鹤壁市淇县,河南,ok,0,114.21548972449943,35.62727702033594,114.20312837932255,35.62115061458862,20.0,区县,0.0,100.0,,河南省,410000,鹤壁市,410600,地级市,淇县,410622,县
浙江|嘉兴嘉兴市,address,嘉兴嘉兴市,浙江,ok,0,120.76355182586005,30.750974830920143,120.7526523109261,30.747533855075527,20.0,城市,0.0,100.0,,浙江省,330000,嘉兴市,330400,地级市,南湖区,330402,市辖区
浙江|嘉兴桐乡县,address,嘉兴桐乡县,浙江,ok,0,120.57154315530762,30.63631118771037,120.5608536474098,30.632898167244246,20.0,区县,0.0,100.0,,浙江省,330000,嘉兴市,330400,地级市,桐乡市,330483,县级市
浙江|杭州杭州市,address,杭州杭州市,浙江,ok,0,120.21551180372168,30.25308298169347,120.20453101698386,30.249219762965502,20.0,城市,0.0,100.0,,浙江省,330000,杭州市,330100,地级市,江干区,330104,市辖区
浙江|杭州市临安县,address,杭州市临安县,浙江,ok,0,119.73151737122271,30.239805598053564,119.72016887728991,30.23604428113331,20.0,区县,0.0,100.0,,浙江省,330000,杭州市,330100,地级市,临安区,330112,市辖区
浙江|湖州归安,address,湖州归安,浙江,ok,0,120.09451660915789,30.898963937294184,120.08322881748141,30.894660165363238,20.0,城市,0.0,100.0,,浙江省,330000,湖州市,330500,地级市,吴兴区,330502,市辖区
浙江|湖州湖州市,address,湖州湖州市,浙江,ok,0,120.09451660915789,30.898963937294184,120.08322881748141,30.894660165363238,20.0,城市,0.0,100.0,,浙江省,330000,湖州市,330500,地级市,吴兴区,330502,市辖区
浙江|湖州市,address,湖州市,浙江,ok,0,120.09451660915789,30.898963937294184,120.08322881748141,30.894660165363238,20.0,城市,0.0,100.0,,浙江省,330000,湖州市,330500,地级市,吴兴区,330502,市辖区
湖北|丹江口市,address,丹江口市,湖北,ok,0,111.5195320584795,32.54625268850125,111.5071374515288,32.54243788911818,20.0,区县,0.0,100.0,,湖北省,420000,十堰市,420300,地级市,丹江口市,420381,县级市
湖北|孝感汉川县,address,孝感汉川县,湖北,ok,0,113.845549010397,30.666913578820797,113.83351964713823,30.663165848030996,20.0,区县,0.0,100.0,,湖北省,420000,孝感市,420900,地级市,汉川市,420984,县级市
湖北|宜昌市兴山县,address,宜昌市兴山县,湖北,ok,0,110.75344607041252,31.35446351771565,110.74168095154327,31.35083396130226,20.0,区县,0.0,100.0,,湖北省,420000,宜昌市,420500,地级市,兴山县,420526,县
湖北|宜昌市秭归县,address,宜昌市秭归县,湖北,ok,0,110.98444937467816,30.83193164321606,110.97254465547705,30.8287247091469,20.0,区县,0.0,100.0,,湖北省,420000,宜昌市,420500,地级市,秭归县,420527,县
湖北|武汉汉阳,address,武汉汉阳,湖北,ok,0,114.22544555463595,30.56005202744345,114.21354163702352,30.556242317737834,20.0,区县,0.0,100.0,,湖北省,420000,武汉市,420100,地级市,汉阳区,420105,市辖区
湖北|武汉市京山县,address,武汉市京山县,湖北,ok,0,113.12654806495773,31.02433060119255,113.11383992017582,31.020727079635236,20.0,区县,0.0,100.0,,湖北省,420000,荆门市,420800,地级市,京山市,420882,县级市
湖北|武汉市崇阳县,address,武汉市崇阳县,湖北,ok,0,114.04656290943393,29.561333782271227,114.03456042523622,29.557498997174537,20.0,区县,0.0,100.0,,湖北省,420000,咸宁市,421200,地级市,崇阳县,421223,县
湖北|武汉市,address,武汉市,湖北,ok,0,114.31158155473231,30.598466736400987,114.29967148483536,30.594674977433115,20.0,城市,0.0,100.0,,湖北省,420000,武汉市,420100,地级市,江岸区,420102,市辖区
湖北|武汉市汉川县,address,武汉市汉川县,湖北,ok,0,113.845549010397,30.666913578820797,113.83351964713823,30.663165848030996,20.0,区县,0.0,100.0,,湖北省,420000,孝感市,420900,地级市,汉川市,420984,县级市
湖北|武汉市汉阳县,address,武汉市汉阳县,湖北,ok,0,114.22544555463595,30.56005202744345,114.21354163702352,30.556242317737834,20.0,区县,0.0,100.0,,湖北省,420000,武汉市,420100,地级市,汉阳区,420105,市辖区
湖北|石首石首市,address,石首石首市,湖北,ok,0,112.43141984370993,29.72703397740694,112.41911607152684,29.723375243417873,20.0,区县,0.0,100.0,,湖北省,420000,荆州市,421000,地级市,石首市,421081,县级市
湖北|罗田县,address,罗田县,湖北,ok,0,115.40554716749966,30.7889104956853,115.3934348056662,30.785187706213797,20.0,区县,0.0,100.0,,湖北省,420000,黄冈市,421100,地级市,罗田县,421123,县
湖北|老河口光化,address,老河口光化,湖北,ok,0,111.69036793765342,32.39891194689274,111.67803166346582,32.39498098162227,25.0,乡镇,0.0,100.0,,湖北省,420000,襄阳市,420600,地级市,老河口市,420682,县级市
湖北|老河口市,address,老河口市,湖北,ok,0,111.6815563690755,32.39245958527059,111.66923915668899,32.38855351642533,20.0,区县,0.0,100.0,,湖北省,420000,襄阳市,420600,地级市,老河口市,420682,县级市
湖北|荆州市松滋县,address,荆州市松滋县,湖北,ok,0,111.773580312637,30.17534223514285,111.7613831669095,30.171673744577312,20.0,区县,0.0,100.0,,湖北省,420000,荆州市,421000,地级市,松滋市,421087,县级市
湖北|襄樊市襄樊,address,襄樊市襄樊,湖北,ok,0,121.08877102896209,31.965885390216,121.07750949799757,31.962036168997834,20.0,城市,0.0,0.0,,江苏省,320000,南通市,320600,地级市,海门区,320684,市辖区
湖北|襄阳市宜城县,address,襄阳市宜城县,湖北,ok,0,112.2646114416873,31.725469730972,112.25236199542576,31.721311422827306,20.0,区县,0.0,100.0,,湖北省,420000,襄阳市,420600,地级市,宜城市,420684,县级市
湖北|襄阳市枣阳县,address,襄阳市枣阳县,湖北,ok,0,112.77847075950989,32.13472991431875,112.76599002103339,32.13113770654082,20.0,区县,0.0,100.0,,湖北省,420000,襄阳市,420600,地级市,枣阳市,420683,县级市
湖北|鄂州鄂州市,address,鄂州鄂州市,湖北,ok,0,114.90160738827099,30.39657217331699,114.88996211499628,30.3935895173265,20.0,城市,0.0,100.0,,湖北省,420000,鄂州市,420700,地级市,鄂城区,420704,市辖区
湖北|鄂州市,address,鄂州市,湖北,ok,0,114.90160738827099,30.39657217331699,114.88996211499628,30.3935895173265,20.0,城市,0.0,100.0,,湖北省,420000,鄂州市,420700,地级市,鄂城区,420704,市辖区
湖北|麻城市,address,麻城市,湖北,ok,0,115.01656174777186,31.176995837411464,115.00460284476036,31.173457275526054,20.0,区县,0.0,100.0,,湖北省,420000,黄冈市,421100,地级市,麻城市,421181,县级市
湖北|黄冈市广济县,address,黄冈市广济县,湖北,ok,0,114.87849048410779,30.4593588576181,114.86682430459682,30.456335979856956,20.0,城市,0.0,100.0,,湖北省,420000,黄冈市,421100,地级市,黄州区,421102,市辖区
湖北|黄冈市罗田县,address,黄冈市罗田县,湖北,ok,0,115.40554716749966,30.7889104956853,115.3934348056662,30.785187706213797,20.0,区县,0.0,100.0,,湖北省,420000,黄冈市,421100,地级市,罗田县,421123,县
湖北|黄冈市英山县,address,黄冈市英山县,湖北,ok,0,115.6874216026259,30.74135008408465,115.6757405553434,30.737614973092924,20.0,区县,0.0,100.0,,湖北省,420000,黄冈市,421100,地级市,英山县,421124,县
湖北|黄冈市麻城市,address,黄冈市麻城市,湖北,ok,0,115.01656174777186,31.176995837411464,115.00460284476036,31.173457275526054,20.0,区县,0.0,100.0,,湖北省,420000,黄冈市,421100,地级市,麻城市,421181,县级市
甘肃|临夏临夏县,address,临夏临夏县,甘肃,ok,0,103.24954917760394,35.60989877268906,103.24075608901317,35.60451340189859,20.0,区县,0.0,100.0,,甘肃省,620000,临夏回族自治州,622900,自治州,临夏市,622901,县级市
甘肃|临夏回族自治州临夏县,address,临夏回族自治州临夏县,甘肃,ok,0,103.24954917760394,35.60989877268906,103.24075608901317,35.60451340189859,20.0,区县,0.0,100.0,,甘肃省,620000,临夏回族自治州,622900,自治州,临夏市,622901,县级市
甘肃|临夏州临夏县,address,临夏州临夏县,甘肃,ok,0,103.24954917760394,35.60989877268906,103.24075608901317,35.60451340189859,20.0,区县,0.0,100.0,,甘肃省,620000,临夏回族自治州,622900,自治州,临夏市,622901,县级市
甘肃|兰州市,address,兰州市,甘肃,ok,0,103.84052119633628,36.067234693545565,103.83170789216219,36.06129029436198,20.0,城市,0.0,100.0,,甘肃省,620000,兰州市,620100,地级市,城关区,540102,市辖区
甘肃|天水武山县,address,天水武山县,甘肃,ok,0,104.89742838308665,34.72766910163516,104.88790653307689,34.72334017257779,20.0,区县,0.0,100.0,,甘肃省,620000,天水市,620500,地级市,武山县,620524,县
甘肃|天水清水县,address,天水清水县,甘肃,ok,0,106.14359506620673,34.753882906362854,106.13291406265704,34.748583181881756,20.0,区县,0.0,100.0,,甘肃省,620000,天水市,620500,地级市,清水县,620521,县
甘肃|天水市,address,天水市,甘肃,ok,0,105.73141674566955,34.58741188165064,105.7210286779004,34.58251760078682,20.0,城市,0.0,100.0,,甘肃省,620000,天水市,620500,地级市,秦州区,620502,市辖区
甘肃|天水市武山县,address,天水市武山县,甘肃,ok,0,104.89742838308665,34.72766910163516,104.88790653307689,34.72334017257779,20.0,区县,0.0,100.0,,甘肃省,620000,天水市,620500,地级市,武山县,620524,县
甘肃|天水市甘谷县,address,天水市甘谷县,甘肃,ok,0,105.34247534291173,34.738300137397694,105.33210410616812,34.733520929179335,20.0,区县,0.0,100.0,,甘肃省,620000,天水市,620500,地级市,甘谷县,620523,县
甘肃|定西临洮县,address,定西临洮县,甘肃,ok,0,103.8656010776999,35.400587040257776,103.85689329064968,35.39498180372016,20.0,区县,0.0,100.0,,甘肃省,620000,定西市,621100,地级市,临洮县,621124,县
甘肃|定西通渭县,address,定西通渭县,甘肃,ok,0,105.24840362210966,35.217216821266426,105.2382351547734,35.21211592504904,20.0,区县,0.0,100.0,,甘肃省,620000,定西市,621100,地级市,通渭县,621121,县
甘肃|定西市临洮县,address,定西市临洮县,甘肃,ok,0,103.8656010776999,35.400587040257776,103.85689329064968,35.39498180372016,20.0,区县,0.0,100.0,,甘肃省,620000,定西市,621100,地级市,临洮县,621124,县
甘肃|定西市渭源,address,定西市渭源,甘肃,ok,0,104.22158401061884,35.1423919580207,104.21256945662262,35.13689315213968,20.0,区县,0.0,100.0,,甘肃省,620000,定西市,621100,地级市,渭源县,621123,县
甘肃|定西市通渭县,address,定西市通渭县,甘肃,ok,0,105.24840362210966,35.217216821266426,105.2382351547734,35.21211592504904,20.0,区县,0.0,100.0,,甘肃省,620000,定西市,621100,地级市,通渭县,621121,县
甘肃|定西市陇西县,address,定西市陇西县,甘肃,ok,0,104.64138059069448,35.01019716231762,104.63217676634781,35.00538630267723,20.0,区县,0.0,100.0,,甘肃省,620000,定西市,621100,地级市,陇西县,621122,县
甘肃|平凉灵台县,address,平凉灵台县,甘肃,ok,0,107.62746120252491,35.07158181695951,107.6163495607415,35.066415872021835,20.0,区县,0.0,100.0,,甘肃省,620000,平凉市,620800,地级市,灵台县,620822,县
甘肃|平凉市崇信县,address,平凉市崇信县,甘肃,ok,0,107.04141513188709,35.308615839828015,107.03008191223851,35.303383832501176,20.0,区县,0.0,100.0,,甘肃省,620000,平凉市,620800,地级市,崇信县,620823,县
甘肃|平凉市,address,平凉市,甘肃,ok,0,106.67144234827796,35.549232050463516,106.66068551809612,35.54386288343085,20.0,城市,0.0,100.0,,甘肃省,620000,平凉市,620800,地级市,崆峒区,620802,市辖区
甘肃|平凉市灵台县,address,平凉市灵台县,甘肃,ok,0,107.62746120252491,35.07158181695951,107.6163495607415,35.066415872021835,20.0,区县,0.0,100.0,,甘肃省,620000,平凉市,620800,地级市,灵台县,620822,县
甘肃|平凉市静宁县,address,平凉市静宁县,甘肃,ok,0,105.73841580322,35.52825718913639,105.72799177109208,35.52244915182126,20.0,区县,0.0,100.0,,甘肃省,620000,平凉市,620800,地级市,静宁县,620826,县
甘肃|庄浪县,address,庄浪县,甘肃,ok,0,106.04258582178167,35.20819212580443,106.03198951324644,35.20243892397332,20.0,区县,0.0,100.0,,甘肃省,620000,平凉市,620800,地级市,庄浪县,620825,县
甘肃|庆阳庆阳县,address,庆阳庆阳县,甘肃,ok,0,107.6493856959542,35.71521598356201,107.6382053180818,35.709477955030216,20.0,城市,0.0,100.0,,甘肃省,620000,庆阳市,621000,地级市,西峰区,621002,市辖区
甘肃|庆阳正宁县,address,庆阳正宁县,甘肃,ok,0,108.36637461671222,35.49821878089757,108.35501714102361,35.49229714445149,20.0,区县,0.0,100.0,,甘肃省,620000,庆阳市,621000,地级市,正宁县,621025,县
甘肃|庆阳市合水县,address,庆阳市合水县,甘肃,ok,0,108.02644718800366,35.825262216399665,108.0151462993352,35.819085095892625,20.0,区县,0.0,100.0,,甘肃省,620000,庆阳市,621000,地级市,合水县,621024,县
甘肃|庆阳市庆阳县,address,庆阳市庆阳县,甘肃,ok,0,107.6493856959542,35.71521598356201,107.6382053180818,35.709477955030216,20.0,城市,0.0,100.0,,甘肃省,620000,庆阳市,621000,地级市,西峰区,621002,市辖区
甘肃|庆阳市正宁县,address,庆阳市正宁县,甘肃,ok,0,108.36637461671222,35.49821878089757,108.35501714102361,35.49229714445149,20.0,区县,0.0,100.0,,甘肃省,620000,庆阳市,621000,地级市,正宁县,621025,县
甘肃|庆阳市环县,address,庆阳市环县,甘肃,ok,0,107.31446964419415,36.57442710890686,107.30290491141406,36.56853289488095,20.0,区县,0.0,100.0,,甘肃省,620000,庆阳市,621000,地级市,环县,621022,县
甘肃|庆阳市镇原县,address,庆阳市镇原县,甘肃,ok,0,107.20757586986487,35.68323058631626,107.19618017187283,35.677727417419085,20.0,区县,0.0,100.0,,甘肃省,620000,庆阳市,621000,地级市,镇原县,621027,县
甘肃|文县,address,文县,甘肃,ok,0,104.68955842197508,32.94960128076792,104.68029833257948,32.9459241344556,20.0,区县,0.0,100.0,,甘肃省,620000,陇南市,621200,地级市,文县,621222,县
甘肃|武威市武威,address,武威市武威,甘肃,ok,0,102.64455434036918,37.93437780815811,102.63629396637991,37.928222836472735,20.0,城市,0.0,100.0,,甘肃省,620000,武威市,620600,地级市,凉州区,620602,市辖区
甘肃|清水县,address,清水县,甘肃,ok,0,106.14359506620673,34.753882906362854,106.13291406265704,34.748583181881756,20.0,区县,0.0,100.0,,甘肃省,620000,天水市,620500,地级市,清水县,620521,县
甘肃|白银庄浪县,address,白银庄浪县,甘肃,ok,0,106.04258582178167,35.20819212580443,106.03198951324644,35.20243892397332,20.0,区县,0.0,100.0,,甘肃省,620000,平凉市,620800,地级市,庄浪县,620825,县
甘肃|白银市庄浪县,address,白银市庄浪县,甘肃,ok,0,106.04258582178167,35.20819212580443,106.03198951324644,35.20243892397332,20.0,区县,0.0,100.0,,甘肃省,620000,平凉市,620800,地级市,庄浪县,620825,县
甘肃|白银市靖远县,address,白银市靖远县,甘肃,ok,0,104.682515077963,36.577096288836835,104.67305944985243,36.57137903817618,20.0,区县,0.0,100.0,,甘肃省,620000,白银市,620400,地级市,靖远县,620421,县
甘肃|酒泉市肃州区,address,酒泉市肃州区,甘肃,ok,0,98.51432185303162,39.75124550996345,98.50724433547985,39.74447452553214,20.0,区县,0.0,100.0,,甘肃省,620000,酒泉市,620900,地级市,肃州区,620902,市辖区
甘肃|酒泉市,address,酒泉市,甘肃,ok,0,98.50068521606795,39.73846908071564,98.49356640189843,39.73164619365902,20.0,城市,0.0,100.0,,甘肃省,620000,酒泉市,620900,地级市,肃州区,620902,市辖区
甘肃|陇南两当县,address,陇南两当县,甘肃,ok,0,106.31141946598899,33.91512283517304,106.30086403057584,33.910468810854645,20.0,区县,0.0,100.0,,甘肃省,620000,陇南市,621200,地级市,两当县,621228,县
甘肃|陇南文县,address,陇南文县,甘肃,ok,0,104.68955842197508,32.94960128076792,104.68029833257948,32.9459241344556,20.0,区县,0.0,100.0,,甘肃省,620000,陇南市,621200,地级市,文县,621222,县
甘肃|陇南市徽县,address,陇南市徽县,甘肃,ok,0,106.0944178700463,33.77519418708969,106.08381338403649,33.7703239597072,20.0,区县,0.0,100.0,,甘肃省,620000,陇南市,621200,地级市,徽县,621227,县
甘肃|陇南市武都县,address,陇南市武都县,甘肃,ok,0,104.9325933607497,33.39807218808857,104.92312231985319,33.394338335445916,20.0,区县,0.0,100.0,,甘肃省,620000,陇南市,621200,地级市,武都区,621202,市辖区
贵州|六盘水市水城,address,六盘水市水城,贵州,ok,0,104.96456610819116,26.553719763691845,104.95530640144487,26.551657588929547,20.0,区县,0.0,100.0,,贵州省,520000,六盘水市,520200,地级市,水城区,520221,市辖区
贵州|遵义市,address,遵义市,贵州,ok,0,107.03792295677086,27.728325334416603,107.02716210019848,27.72591646700346,20.0,城市,0.0,100.0,,贵州省,520000,遵义市,520300,地级市,红花岗区,520302,市辖区
辽宁|辽阳辽阳市,address,辽阳辽阳市,辽宁,ok,0,123.24336640651318,41.27416129045421,123.23105350642021,41.26636939069964,20.0,城市,0.0,100.0,,辽宁省,210000,辽阳市,211000,地级市,文圣区,211003,市辖区
陕西|咸阳咸阳市,address,咸阳咸阳市,陕西,ok,0,108.71542245143303,34.335476293368586,108.7041706241146,34.331112596148316,20.0,城市,0.0,100.0,,陕西省,610000,咸阳市,610400,地级市,秦都区,610402,市辖区
陕西|咸阳武功县,address,咸阳武功县,陕西,ok,0,108.20655106478513,34.26613766763324,108.19540593990457,34.26127880344889,20.0,区县,0.0,100.0,,陕西省,610000,咸阳市,610400,地级市,武功县,610431,县
陕西|咸阳永寿县,address,咸阳永寿县,陕西,ok,0,108.14846878644317,34.69803553561666,108.13715613961105,34.692755915226876,20.0,区县,0.0,100.0,,陕西省,610000,咸阳市,610400,地级市,永寿县,610426,县
陕西|咸阳泾阳县,address,咸阳泾阳县,陕西,ok,0,108.84937884704755,34.53331653276832,108.83812018005625,34.52900987497349,20.0,区县,0.0,100.0,,陕西省,610000,咸阳市,610400,地级市,泾阳县,610423,县
陕西|咸阳市乾县,address,咸阳市乾县,陕西,ok,0,108.24537762553739,34.53401826614159,108.23425669647568,34.52907340337107,20.0,区县,0.0,100.0,,陕西省,610000,咸阳市,610400,地级市,乾县,610424,县
陕西|咸阳市兴平县,address,咸阳市兴平县,陕西,ok,0,108.49639400876816,34.30547652029205,108.48520171566294,34.300860739474395,20.0,区县,0.0,100.0,,陕西省,610000,咸阳市,610400,地级市,兴平市,610481,县级市
陕西|咸阳市,address,咸阳市,陕西,ok,0,108.71542245143303,34.335476293368586,108.7041706241146,34.331112596148316,20.0,城市,0.0,100.0,,陕西省,610000,咸阳市,610400,地级市,秦都区,610402,市辖区
陕西|咸阳市武功县,address,咸阳市武功县,陕西,ok,0,108.20655106478513,34.26613766763324,108.19540593990457,34.26127880344889,20.0,区县,0.0,100.0,,陕西省,610000,咸阳市,610400,地级市,武功县,610431,县
陕西|咸阳市永寿县,address,咸阳市永寿县,陕西,ok,0,108.14846878644317,34.69803553561666,108.13715613961105,34.692755915226876,20.0,区县,0.0,100.0,,陕西省,610000,咸阳市,610400,地级市,永寿县,610426,县
陕西|咸阳市泾阳县,address,咸阳市泾阳县,陕西,ok,0,108.84937884704755,34.53331653276832,108.83812018005625,34.52900987497349,20.0,区县,0.0,100.0,,陕西省,610000,咸阳市,610400,地级市,泾阳县,610423,县
陕西|咸阳市礼泉县,address,咸阳市礼泉县,陕西,ok,0,108.4316154916632,34.48739076850446,108.42025826743216,34.48246604812584,20.0,区县,0.0,100.0,,陕西省,610000,咸阳市,610400,地级市,礼泉县,610425,县
陕西|商洛市商县,address,商洛市商县,陕西,ok,0,109.92441788136406,33.87863385220776,109.91306683681313,33.87402055992025,20.0,城市,0.0,100.0,,陕西省,610000,商洛市,611000,地级市,商州区,611002,市辖区
陕西|商洛市柞水县,address,商洛市柞水县,陕西,ok,0,109.12050227199981,33.69202624194488,109.10880626711572,33.687742758206234,20.0,区县,0.0,100.0,,陕西省,610000,商洛市,611000,地级市,柞水县,611026,县
陕西|商洛市洛南县,address,商洛市洛南县,陕西,ok,0,110.15442748007456,34.097070538846296,110.1426555398847,34.09210686981451,20.0,区县,0.0,100.0,,陕西省,610000,商洛市,611000,地级市,洛南县,611021,县
陕西|安康市旬阳县,address,安康市旬阳县,陕西,ok,0,109.03560108265746,32.69051277057377,109.02412271298864,32.68690454093218,20.0,城市,0.0,100.0,,陕西省,610000,安康市,610900,地级市,汉滨区,610902,市辖区
陕西|安康市紫阳县,address,安康市紫阳县,陕西,ok,0,108.54159431660538,32.525785619364406,108.53067033832741,32.52213441183169,20.0,区县,0.0,100.0,,陕西省,610000,安康市,610900,地级市,紫阳县,610924,县
陕西|宝鸡市扶风县,address,宝鸡市扶风县,陕西,ok,0,107.90645306510017,34.381463351226095,107.89549426841296,34.37673851375265,20.0,区县,0.0,100.0,,陕西省,610000,宝鸡市,610300,地级市,扶风县,610324,县
陕西|宝鸡市眉县,address,宝鸡市眉县,陕西,ok,0,107.75639813644135,34.28037586308579,107.74516651313066,34.27559663667939,20.0,区县,0.0,100.0,,陕西省,610000,宝鸡市,610300,地级市,眉县,610326,县
陕西|宝鸡市麟游县,address,宝鸡市麟游县,陕西,ok,0,107.79951410600374,34.683748667164004,107.78830611093179,34.67870425945214,20.0,区县,0.0,100.0,,陕西省,610000,宝鸡市,610300,地级市,麟游县,610329,县
陕西|延安延安市,address,延安延安市,陕西,ok,0,109.50118366576285,36.656089661066176,109.4892717814151,36.64997023420491,20.0,城市,0.0,100.0,,陕西省,610000,延安市,610600,地级市,宝塔区,610602,市辖区
陕西|延安黄陵县,address,延安黄陵县,陕西,ok,0,109.26960598495414,35.58507634896885,109.25788679981008,35.57958810535621,20.0,区县,0.0,100.0,,陕西省,610000,延安市,610600,地级市,黄陵县,610632,县
陕西|延安市安塞县,address,延安市安塞县,陕西,ok,0,109.33541943983717,36.87009825930708,109.3234167138172,36.86392642145212,20.0,区县,0.0,100.0,,陕西省,610000,延安市,610600,地级市,安塞区,610603,市辖区
陕西|延安市富县,address,延安市富县,陕西,ok,0,109.38659653355447,35.99336797796858,109.37458008576,35.9874447011767,20.0,区县,0.0,100.0,,陕西省,610000,延安市,610600,地级市,富县,610628,县
陕西|延安市,address,延安市,陕西,ok,0,109.50118366576285,36.656089661066176,109.4892717814151,36.64997023420491,20.0,城市,0.0,100.0,,陕西省,610000,延安市,610600,地级市,宝塔区,610602,市辖区
陕西|延安市洛川县,address,延安市洛川县,陕西,ok,0,109.43840396824812,35.768300429420684,109.42642678661952,35.762404427122824,20.0,区县,0.0,100.0,,陕西省,610000,延安市,610600,地级市,洛川县,610629,县
陕西|延安市黄陵县,address,延安市黄陵县,陕西,ok,0,109.26960598495414,35.58507634896885,109.25788679981008,35.57958810535621,20.0,区县,0.0,100.0,,陕西省,610000,延安市,610600,地级市,黄陵县,610632,县
陕西|榆林佳县,address,榆林佳县,陕西,ok,0,110.4974774187358,38.025611678571785,110.48528025156062,38.0189911973433,20.0,区县,0.0,100.0,,陕西省,610000,榆林市,610800,地级市,佳县,610828,县
陕西|榆林米脂县,address,榆林米脂县,陕西,ok,0,110.19045141746625,37.761397514329296,110.17842431179804,37.754430303882465,20.0,区县,0.0,100.0,,陕西省,610000,榆林市,610800,地级市,米脂县,610827,县
陕西|榆林靖边县,address,榆林靖边县,陕西,ok,0,108.80060049853356,37.60506319395491,108.78903228869086,37.59876849221806,20.0,区县,0.0,100.0,,陕西省,610000,榆林市,610800,地级市,靖边县,610824,县
陕西|榆林市佳县,address,榆林市佳县,陕西,ok,0,110.4974774187358,38.025611678571785,110.48528025156062,38.0189911973433,20.0,区县,0.0,100.0,,陕西省,610000,榆林市,610800,地级市,佳县,610828,县
陕西|榆林市府谷县,address,榆林市府谷县,陕西,ok,0,111.0736281151979,39.033795629849784,111.0605253850541,39.02716391639241,20.0,区县,0.0,100.0,,陕西省,610000,榆林市,610800,地级市,府谷县,610822,县
陕西|榆林市榆林县,address,榆林市榆林县,陕西,ok,0,109.74161603381395,38.290883835484046,109.7295944156028,38.28413853012533,20.0,城市,0.0,100.0,,陕西省,610000,榆林市,610800,地级市,榆阳区,610802,市辖区
陕西|榆林市绥德县,address,榆林市绥德县,陕西,ok,0,110.26942648535928,37.50890728893263,110.25748681503643,37.50207426628122,20.0,区县,0.0,100.0,,陕西省,610000,榆林市,610800,地级市,绥德县,610826,县
陕西|汉中市西乡县,address,汉中市西乡县,陕西,ok,0,107.77339281906241,32.98939744189546,107.76228730173862,32.98516339284681,20.0,区县,0.0,100.0,,陕西省,610000,汉中市,610700,地级市,西乡县,610724,县
陕西|渭南大荔县,address,渭南大荔县,陕西,ok,0,109.94845330291125,34.801832760483684,109.93697221392277,34.79668467342072,20.0,区县,0.0,100.0,,陕西省,610000,渭南市,610500,地级市,大荔县,610523,县
陕西|渭南潼关县,address,渭南潼关县,陕西,ok,0,110.25250761972325,34.55032684853216,110.2408190341039,34.54533645735373,20.0,区县,0.0,100.0,,陕西省,610000,渭南市,610500,地级市,潼关县,610522,县
陕西|渭南蒲城县,address,渭南蒲城县,陕西,ok,0,109.59249651068265,34.96127412878287,109.58100173184665,34.95623208290382,20.0,区县,0.0,100.0,,陕西省,610000,渭南市,610500,地级市,蒲城县,610526,县
陕西|渭南市华县,address,渭南市华县,陕西,ok,0,109.77847737160204,34.51873074009985,109.76682088407719,34.51376985485431,20.0,区县,0.0,100.0,,陕西省,610000,渭南市,610500,地级市,华州区,610503,市辖区
陕西|渭南市华阴县,address,渭南市华阴县,陕西,ok,0,110.09860075703762,34.57180015875299,110.0867263508548,34.56653232458964,20.0,区县,0.0,100.0,,陕西省,610000,渭南市,610500,地级市,华阴市,610582,县级市
陕西|渭南市合阳县,address,渭南市合阳县,陕西,ok,0,110.15539621273652,35.243872196865574,110.14354148884883,35.23799374702947,20.0,区县,0.0,100.0,,陕西省,610000,渭南市,610500,地级市,合阳县,610524,县
陕西|渭南市大荔县,address,渭南市大荔县,陕西,ok,0,109.94845330291125,34.801832760483684,109.93697221392277,34.79668467342072,20.0,区县,0.0,100.0,,陕西省,610000,渭南市,610500,地级市,大荔县,610523,县
陕西|渭南市富平县,address,渭南市富平县,陕西,ok,0,109.18643744727943,34.75726044025601,109.17470406935477,34.75254244049986,20.0,区县,0.0,100.0,,陕西省,610000,渭南市,610500,地级市,富平县,610528,县
陕西|渭南市渭南县,address,渭南市渭南县,陕西,ok,0,109.51658960525897,34.50571551675255,109.50493120498768,34.50102753584246,20.0,城市,0.0,100.0,,陕西省,610000,渭南市,610500,地级市,临渭区,610502,市辖区
陕西|渭南市,address,渭南市,陕西,ok,0,109.51658960525897,34.50571551675255,109.50493120498768,34.50102753584246,20.0,城市,0.0,100.0,,陕西省,610000,渭南市,610500,地级市,临渭区,610502,市辖区
陕西|渭南市潼关县,address,渭南市潼关县,陕西,ok,0,110.25250761972325,34.55032684853216,110.2408190341039,34.54533645735373,20.0,区县,0.0,100.0,,陕西省,610000,渭南市,610500,地级市,潼关县,610522,县
陕西|渭南市澄城县,address,渭南市澄城县,陕西,ok,0,109.93843360325295,35.19657281555104,109.92695861026391,35.19101989307523,20.0,区县,0.0,100.0,,陕西省,610000,渭南市,610500,地级市,澄城县,610525,县
陕西|渭南市白水县,address,渭南市白水县,陕西,ok,0,109.59752055373886,35.18328751461316,109.5860220934822,35.17800301161433,20.0,区县,0.0,100.0,,陕西省,610000,渭南市,610500,地级市,白水县,610527,县
陕西|渭南市蒲城县,address,渭南市蒲城县,陕西,ok,0,109.59249651068265,34.96127412878287,109.58100173184665,34.95623208290382,20.0,区县,0.0,100.0,,陕西省,610000,渭南市,610500,地级市,蒲城县,610526,县
陕西|渭南市韩城市,address,渭南市韩城市,陕西,ok,0,110.44955264011737,35.482086787313165,110.43752311897403,35.476219594507626,20.0,区县,0.0,100.0,,陕西省,610000,渭南市,610500,地级市,韩城市,610581,县级市
陕西|西安临潼县,address,西安临潼县,陕西,ok,0,109.22043579557668,34.372747432848406,109.20878478903401,34.36835894628721,20.0,区县,0.0,100.0,,陕西省,610000,西安市,610100,地级市,临潼区,610115,市辖区
陕西|西安周至县,address,西安周至县,陕西,ok,0,108.22842183954491,34.16938526961624,108.21732443005867,34.16460384816036,20.0,区县,0.0,100.0,,陕西省,610000,西安市,610100,地级市,周至县,610124,县
陕西|西安户县,address,西安户县,陕西,ok,0,108.61142023270983,34.11502071159901,108.600449321979,34.11080175814311,20.0,区县,0.0,100.0,,陕西省,610000,西安市,610100,地级市,鄠邑区,610118,市辖区
陕西|西安长安县,address,西安长安县,陕西,ok,0,108.91358047235403,34.163290267304646,108.90239115935063,34.15925932092664,20.0,区县,0.0,100.0,,陕西省,610000,西安市,610100,地级市,长安区,130102,市辖区
陕西|西安高陵县,address,西安高陵县,陕西,ok,0,109.09438691387484,34.541093106058156,109.08259113613029,34.536499243064284,20.0,区县,0.0,100.0,,陕西省,610000,西安市,610100,地级市,高陵区,610117,市辖区
陕西|西安市临潼县,address,西安市临潼县,陕西,ok,0,109.22043579557668,34.372747432848406,109.20878478903401,34.36835894628721,20.0,区县,0.0,100.0,,陕西省,610000,西安市,610100,地级市,临潼区,610115,市辖区
陕西|西安市户县,address,西安市户县,陕西,ok,0,108.61142023270983,34.11502071159901,108.600449321979,34.11080175814311,20.0,区县,0.0,100.0,,陕西省,610000,西安市,610100,地级市,鄠邑区,610118,市辖区
陕西|西安市蓝田县,address,西安市蓝田县,陕西,ok,0,109.32938812681262,34.157620654732256,109.3176553665018,34.15317580001103,20.0,区县,0.0,100.0,,陕西省,610000,西安市,610100,地级市,蓝田县,610122,县
陕西|西安市鄠邑区,address,西安市鄠邑区,陕西,ok,0,108.94646555063274,34.34726881662395,108.93519184216433,34.343139992202296,20.0,城市,0.0,100.0,,陕西省,610000,西安市,610100,地级市,未央区,610112,市辖区
陕西|西安市长安县,address,西安市长安县,陕西,ok,0,108.91358047235403,34.163290267304646,108.90239115935063,34.15925932092664,20.0,区县,0.0,100.0,,陕西省,610000,西安市,610100,地级市,长安区,130102,市辖区
陕西|西安市高陵县,address,西安市高陵县,陕西,ok,0,109.09438691387484,34.541093106058156,109.08259113613029,34.536499243064284,20.0,区县,0.0,100.0,,陕西省,610000,西安市,610100,地级市,高陵区,610117,市辖区
陕西|铜川同官县,address,铜川同官县,陕西,ok,0,108.95240424835922,34.902637080502906,108.94107680910064,34.898040530954304,20.0,城市,0.0,100.0,,陕西省,610000,铜川市,610200,地级市,耀州区,610204,市辖区
陕西|铜川市,address,铜川市,陕西,ok,0,108.95240424835922,34.902637080502906,108.94107680910064,34.898040530954304,20.0,城市,0.0,100.0,,陕西省,610000,铜川市,610200,地级市,耀州区,610204,市辖区
北京|北京市京师,address,北京市京师,北京,ok,0,116.37856591453966,40.02282646525241,116.36587566449073,40.01530000730738,70.0,地产小区,1.0,100.0,,北京市,110000,北京市,110000,直辖市,朝阳区,110105,市辖区
江苏|江苏省海,address,江苏省海,江苏,ok,0,118.76955164466914,32.066776944293416,118.75775425334236,32.06307875794219,20.0,省份,0.0,100.0,,江苏省,320000,南京市,320100,地级市,鼓楼区,320106,市辖区
上海|上海 上海市 南汇区,address,上海 上海市 南汇区,上海,ok,0,121.81232009519839,30.8654651769684,121.80162299652856,30.86143892948393,50.0,NoClass,0.0,100.0,,上海市,310000,上海市,310000,直辖市,浦东新区,310115,市辖区
四川|四川 德阳市,address,四川 德阳市,四川,ok,0,104.40441936496448,31.133115003656755,104.39527416408355,31.129159379842907,20.0,城市,0.0,100.0,,四川省,510000,德阳市,510600,地级市,旌阳区,510603,市辖区
安徽|安徽 宿州市,address,安徽 宿州市,安徽,ok,0,116.97054394561262,33.65209532645213,116.95857822859081,33.64801424654192,20.0,城市,0.0,100.0,,安徽省,340000,宿州市,341300,地级市,埇桥区,341302,市辖区
安徽|安徽 宣城市 广德市,address,安徽 宣城市 广德市,安徽,ok,0,119.42747581034895,30.883667102643013,119.41561693975413,30.879821906023775,20.0,区县,0.0,100.0,,安徽省,340000,宣城市,341800,地级市,广德市,341882,县级市
山西|山西 晋中市 太谷区,address,山西 晋中市 太谷区,山西,ok,0,112.55738411926058,37.42739557731329,112.54464195456727,37.420954269011695,20.0,区县,0.0,100.0,,山西省,140000,晋中市,140700,地级市,太谷区,140703,市辖区
江苏|上海 上海市,address,上海 上海市,江苏,ok,0,121.48053886017651,31.235929042252014,121.46952213482447,31.231905427171462,20.0,城市,0.0,100.0,,上海市,310000,上海市,310000,直辖市,黄浦区,310101,市辖区
江苏|上海 上海市 嘉定区,address,上海 上海市 嘉定区,江苏,ok,0,121.27259505835202,31.3801553396772,121.26160424844782,31.376365413126504,20.0,区县,0.0,100.0,,上海市,310000,上海市,310000,直辖市,嘉定区,310114,市辖区
江苏|安徽 宿州市 萧县,address,安徽 宿州市 萧县,江苏,ok,0,116.94323923099243,34.226833736436404,116.93127044731067,34.222644217017425,20.0,区县,0.0,100.0,,安徽省,340000,宿州市,341300,地级市,萧县,341322,县
江苏|安徽 宿州市 砀山县,address,安徽 宿州市 砀山县,江苏,ok,0,116.3725240015101,34.44842817139671,116.36045310434544,34.44333442508522,20.0,区县,0.0,100.0,,安徽省,340000,宿州市,341300,地级市,砀山县,341321,县
江苏|江苏 淮安市 盱眙县,address,江苏 淮安市 盱眙县,江苏,ok,0,118.55144127023549,33.018254741659845,118.53975207449348,33.0142310503488,20.0,区县,0.0,100.0,,江苏省,320000,淮安市,320800,地级市,盱眙县,320830,县
江西|江西 宜春市,address,江西 宜春市,江西,ok,0,114.4235636759064,27.820856421848216,114.4117916917309,27.81787342956771,20.0,城市,0.0,100.0,,江西省,360000,宜春市,360900,地级市,袁州区,360902,市辖区
河北|河北 廊坊市 大城县,address,河北 廊坊市 大城县,河北,ok,0,116.66040917846469,38.71085864002598,116.64810609188993,38.70440294067521,20.0,区县,0.0,100.0,,河北省,130000,廊坊市,131000,地级市,大城县,131025,县
河北|河北 保定市 安新县,address,河北 保定市 安新县,河北,ok,0,115.94242628265987,38.94173429859305,115.93019984569524,38.934706262575276,20.0,区县,0.0,100.0,,河北省,130000,保定市,130600,地级市,安新县,130632,县
河北|河北 廊坊市 文安县,address,河北 廊坊市 文安县,河北,ok,0,116.46460947899904,38.878950493070235,116.45209049598512,38.87196537655535,20.0,区县,0.0,100.0,,河北省,130000,廊坊市,131000,地级市,文安县,131026,县
河北|河北 保定市 高碑店市,address,河北 保定市 高碑店市,河北,ok,0,115.88056905507335,39.33233544746168,115.86829372250749,39.32511768126458,20.0,区县,0.0,100.0,,河北省,130000,保定市,130600,地级市,高碑店市,130684,县级市
河北|河北 保定市 雄县,address,河北 保定市 雄县,河北,ok,0,116.1146014455186,39.00018011949929,116.1020089392454,38.99278473057216,20.0,区县,0.0,100.0,,河北省,130000,保定市,130600,地级市,雄县,130638,县
河北|北京 北京市,address,北京 北京市,河北,ok,0,116.4133836971231,39.910924547299565,116.40068129339933,39.90342228013419,20.0,城市,0.0,100.0,,北京市,110000,北京市,110000,直辖市,东城区,110101,市辖区
河北|河北 沧州市 青县,address,河北 沧州市 青县,河北,ok,0,116.81057477836235,38.588464758639795,116.79807668320613,38.58209355375033,20.0,区县,0.0,100.0,,河北省,130000,沧州市,130900,地级市,青县,130922,县
河北|天津 天津市 静海区,address,天津 天津市 静海区,河北,ok,0,116.98046860454797,38.95337068917225,116.96785432056873,38.94692072314807,20.0,区县,0.0,100.0,,天津市,120000,天津市,120000,直辖市,静海区,120118,市辖区
河北|山东 菏泽市 东明县,address,山东 菏泽市 东明县,河北,ok,0,115.11402511085738,35.28172493679994,115.10146480996437,35.276290238416784,20.0,区县,0.0,100.0,,山东省,370000,菏泽市,371700,地级市,东明县,371728,县
河南|河南 济源市,address,河南 济源市,河南,ok,0,101.62247338027404,34.740396071091155,101.6143173455783,34.73570159744225,20.0,区县,0.0,57.0,,青海省,630000,黄南藏族自治州,632300,自治州,河南蒙古族自治县,632324,自治县
河南|河南 焦作市 孟州市,address,河南 焦作市 孟州市,河南,ok,0,112.79739491253585,34.91359781788649,112.78464917061258,34.908752205533624,20.0,区县,0.0,100.0,,河南省,410000,焦作市,410800,地级市,孟州市,410883,县级市
河南|河南 郑州市 新密市,address,河南 郑州市 新密市,河南,ok,0,113.39739094909922,34.54589798344474,113.3843216757733,34.54102338263987,20.0,区县,0.0,100.0,,河南省,410000,郑州市,410100,地级市,新密市,410183,县级市
河南|河南 洛阳市 汝阳县,address,河南 洛阳市 汝阳县,河南,ok,0,112.47950327730925,34.15984336489338,112.46685684890127,34.15514589774909,20.0,区县,0.0,100.0,,河南省,410000,洛阳市,410300,地级市,汝阳县,410326,县
河南|河南 新乡市 卫辉市,address,河南 新乡市 卫辉市,河南,ok,0,114.07160094452217,35.40406888214502,114.0590127577535,35.3979052482083,20.0,区县,0.0,100.0,,河南省,410000,新乡市,410700,地级市,卫辉市,410781,县级市
河南|河南 许昌市 禹州市,address,河南 许昌市 禹州市,河南,ok,0,113.49522360557991,34.14826652246125,113.48243374533457,34.14364043909892,20.0,区县,0.0,100.0,,河南省,410000,许昌市,411000,地级市,禹州市,411081,县级市
河南|河南 漯河市 郾城区,address,河南 漯河市 郾城区,河南,ok,0,114.0133938915449,33.59341588086467,114.0011136955784,33.58859298101662,20.0,区县,0.0,100.0,,河南省,410000,漯河市,411100,地级市,郾城区,411103,市辖区
湖北|湖北 荆门市 京山市,address,湖北 荆门市 京山市,湖北,ok,0,113.1267917752426,31.023914297026735,113.11408386339154,31.02031112945071,20.0,城市,0.0,100.0,,湖北省,420000,荆门市,420800,地级市,京山市,420882,县级市
湖北|湖北 咸宁市 崇阳县,address,湖北 咸宁市 崇阳县,湖北,ok,0,114.04656290943393,29.561333782271227,114.03456042523622,29.557498997174537,20.0,区县,0.0,100.0,,湖北省,420000,咸宁市,421200,地级市,崇阳县,421223,县
湖北|湖北 孝感市 汉川市,address,湖北 孝感市 汉川市,湖北,ok,0,113.845549010397,30.666913578820797,113.83351964713823,30.663165848030996,20.0,区县,0.0,100.0,,湖北省,420000,孝感市,420900,地级市,汉川市,420984,县级市
湖北|湖北 襄阳市,address,湖北 襄阳市,湖北,ok,0,112.12853720100244,32.014796804669224,112.11604465896413,32.01044115863019,20.0,城市,0.0,100.0,,湖北省,420000,襄阳市,420600,地级市,襄城区,420602,市辖区
甘肃|甘肃 定西市 临兆县,address,甘肃 定西市 临兆县,甘肃,ok,0,104.63242008306302,35.586832926561875,104.62322741602647,35.581503661403154,20.0,城市,0.0,100.0,,甘肃省,620000,定西市,621100,地级市,安定区,621102,市辖区
甘肃|甘肃 庆阳市,address,甘肃 庆阳市,甘肃,ok,0,107.6493856959542,35.71521598356201,107.6382053180818,35.709477955030216,20.0,城市,0.0,100.0,,甘肃省,620000,庆阳市,621000,地级市,西峰区,621002,市辖区
甘肃|甘肃 平凉县 庄浪市,address,甘肃 平凉县 庄浪市,甘肃,ok,0,106.04258582178167,35.20819212580443,106.03198951324644,35.20243892397332,20.0,区县,0.0,100.0,,甘肃省,620000,平凉市,620800,地级市,庄浪县,620825,县
陕西|陕西 延安市,address,陕西 延安市,陕西,ok,0,109.50118366576285,36.656089661066176,109.4892717814151,36.64997023420491,20.0,城市,0.0,100.0,,陕西省,610000,延安市,610600,地级市,宝塔区,610602,市辖区
陕西|陕西 榆林市 府谷县,address,陕西 榆林市 府谷县,陕西,ok,0,111.0736281151979,39.033795629849784,111.0605253850541,39.02716391639241,20.0,区县,0.0,100.0,,陕西省,610000,榆林市,610800,地级市,府谷县,610822,县
陕西|陕西 铜川市 耀州区,address,陕西 铜川市 耀州区,陕西,ok,0,108.98643790006298,34.9159603091095,108.97498546600985,34.91127008675113,20.0,区县,0.0,100.0,,陕西省,610000,铜川市,610200,地级市,耀州区,610204,市辖区
上海|上海南汇县,address,上海南汇县,上海,failed,1,,,,,,,,,,,,,,,,,
四川|德阳德阳市,address,德阳德阳市,四川,failed,1,,,,,,,,,,,,,,,,,
安徽|宿县,address,宿县,安徽,failed,1,,,,,,,,,,,,,,,,,
安徽|广德县,address,广德县,安徽,failed,1,,,,,,,,,,,,,,,,,
安徽|阜阳县,address,阜阳县,安徽,failed,1,,,,,,,,,,,,,,,,,
山东|山东省寿光,address,山东省寿光,山东,failed,1,,,,,,,,,,,,,,,,,
山东|临沂沂州,address,临沂沂州,山东,failed,1,,,,,,,,,,,,,,,,,
山东|掖县,address,掖县,山东,failed,1,,,,,,,,,,,,,,,,,
山东|枣庄滕县,address,枣庄滕县,山东,failed,1,,,,,,,,,,,,,,,,,
山东|烟台掖县,address,烟台掖县,山东,failed,1,,,,,,,,,,,,,,,,,
山西|太谷县,address,太谷县,山西,failed,1,,,,,,,,,,,,,,,,,
河北|保定雄县,address,保定雄县,河北,failed,1,,,,,,,,,,,,,,,,,
河南|河南省济源县,address,河南省济源县,河南,failed,302,,,,,,,,,天配额超限，限制访问,,,,,,,,
河南|孟县,address,孟县,河南,failed,1,,,,,,,,,,,,,,,,,
河南|密县,address,密县,河南,failed,1,,,,,,,,,,,,,,,,,
河南|禹县,address,禹县,河南,failed,1,,,,,,,,,,,,,,,,,
河南|鄢城县,address,鄢城县,河南,failed,1,,,,,,,,,,,,,,,,,
湖北|襄樊市,address,襄樊市,湖北,failed,1,,,,,,,,,,,,,,,,,
甘肃|庆阳县,address,庆阳县,甘肃,failed,1,,,,,,,,,,,,,,,,,
陕西|铜川耀县,address,铜川耀县,陕西,failed,1,,,,,,,,,,,,,,,,,
