seq,year_ce,year_era,province,city,county,ancient_name,source,record,note
1,1387,明太祖洪武二十年,河南,无,淮阳县,无,《续修陈州志》,淮阳县：大饥，人相食。——康熙《续修陈州志》卷四灾异,无
2,1404,明成祖永乐二年,江西,无,泰和县,无,《泰和县志》,泰和县：大水，岁饥，人相食。——乾隆《泰和县志》卷二十八祥异,无
3,1404,明成祖永乐二年,江西,无,安福县,无,《安福县志》,安福县：大水，岁饥，人相食。——康熙《安福县志》卷一沿革,无
4,1433,明宣宗宣德八年,山东,潍坊市,无,无,《潍县志稿》,潍坊市：自春徂秋不雨，大饥，人相食。——民国《潍县志稿》卷二通纪,无
5,1438,明英宗正统三年,安徽,无,潜山县,无,《潜山县志》,安徽：潜山县：六邑大旱，人相食，输粟五千石送府助赈。——民国《潜山县志》卷十七笃行,无
6,1439,明英宗正统四年,甘肃,无,两当县,无,《两当县新志》转引《西北灾荒史》,两当县：大饥，人相食。——《两当县新志》（道光二十二年），转引自《西北灾荒史》第1595页。,无
7,1440,明英宗正统五年,江苏,无,宝应县,无,《宝应县志》,宝应县：江淮大饥，人相食。天子遣户部主事何来学振济，慕民出粟一千石者，复其家。——民国《宝应县志》卷五蠲赈,无
8,1440,明英宗正统五年,江苏,无,高邮县,无,《高邮州志》,高邮县：大饥，人相食。——隆庆《高邮州志》卷十二灾祥,无
9,1450,明代宗景泰元年,山东,德州市,无,无,《德州志》,德州市：大水。饥，人相食。——万历《德州志》卷十灾祥,无
10,1453,明代宗景泰四年,江苏,常州市,无,无,《常州府志》,常州市：秋大旱，人相食。——康熙《常州府志》卷三祥异,无
11,1453,明代宗景泰四年,浙江,湖州市,无,无,《双林镇志》,湖州市：夏秋大水，民相食。——同治《双林镇志》卷十九灾异,无
12,1454,明代宗景泰五年,江苏,宜兴县,宜兴县,无,《重修镇江府志》,宜兴县：夏大潦。秋大旱，人相食，抚按劝令富民出栗赈贷，视其多寡，旌赏有差。——万历《重修镇江府志》卷三十四祥异,无
13,1454,明代宗景泰五年,浙江,湖州市,无,无,《乌程县志》,湖州市：大水，民相食。——崇祯《乌程县志》卷四灾异,无
14,1456,明代宗景泰七年,山东,无,惠民县,无,《惠民县志》,山东：惠民县：大饥，人相食。——乾隆《惠民县志》卷四祥异,无
15,1458,明英宗天顺二年,湖北,武汉市,武昌县,无,《湖北通志》,武汉市等：武昌、汉阳、崇阳、汉川、京山自五月至九月不雨，人相食。——嘉庆《湖北通志》卷四十六祥异,无
16,1458,明英宗天顺二年,湖北,武汉市,汉阳县,无,《汉阳县志》,武汉市：大旱，人相食。——乾隆《汉阳县志》卷四祥异,无
17,1458,明英宗天顺二年,湖北,武汉市,汉川县,无,《汉川县志》,汉川县：大旱，自五月至九月不雨，人相食。——同治《汉川县志》卷十四祥禄,无
18,1458,明英宗天顺二年,湖北,武汉市,崇阳县,无,《崇阳县志》,崇阳县：大旱，自五月至九月不雨，人相食。——同治《崇阳县志》卷十二灾祥,无
19,1458,明英宗天顺二年,湖北,武汉市,京山县,无,《湖北通志》,武汉市等：武昌、汉阳、崇阳、汉川、京山自五月至九月不雨，人相食。——嘉庆《湖北通志》卷四十六祥异,无
20,1462,明英宗天顺六年,山西,晋城市,凤台县,无,《凤台县志》,晋城市：岁大饥，斗米千钱，民易子而食。——乾隆《凤台县志》卷十二纪事,古凤台县属泽州府，今晋城市，非今安徽淮南市凤台县
21,1462,明英宗天顺六年,山西,无,高平县,无,《高平县志》,高平县：岁大饥，都粟至千钱，官仓民积百无一存，少壮搏老稚以为食，甚且有易子而食者。——顺治《高平县志》卷九祥异,无
22,1464,明英宗天顺八年,陕西,无,商县,无,《直隶商州志》,商县：大饥，人相食。——乾隆《直隶商州志》卷十四灾祥,无
23,1464,明英宗天顺八年,陕西,无,洛南县,无,《雒南县志》,洛南县：大饥，人相食。——康熙《雒南县志》卷七灾祥,无
24,1464,明英宗天顺八年,陕西,无,山阳县,无,《山阳县初志》,山阳县：大饥，人相食。——康熙《山阳县初志》卷二灾祥,无
25,1464,明英宗天顺八年,安徽,无,怀远县,无,《怀远县志》,怀远县：大饥，人相食。——雍正《怀远县志》卷八灾异,无
26,1466,明宪宗成化二年,江苏,南京,上元,无,《上元县志》,南京市：四月，上元等县饥，民相食，命户部赈之。——康熙《上元县志》卷十三 五行,无
27,1466,明宪宗成化二年,山西,无,代县,代州,《太原府志》,代县：代州十月大雪，人相食。——万历《太原府志》卷二十六灾祥,代州为推测，原文为古代地名代州
28,1466,明宪宗成化二年,山西,无,孟县,无,《孟县志》,孟县：岁大凶，人相食。赈饥。——乾隆《孟县志》卷二欵祥,无
29,1466,明宪宗成化二年,山西,无,临猗,无,《临晋县志》,临猗县：大饥，人相食。次年六月始雨。——民国《临晋县志》卷十四旧闻,无
30,1466,明宪宗成化二年,安徽,安庆市,无,无,《安庆府志》,安庆市：旱，大饥，江淮人相食。——康熙二十二年《安庆府志》卷十四祥异,无
31,1466,明宪宗成化二年,河南,无,夏邑,无,《通许县志》,夏邑县：大饥，人相食。诏免全租，仍遣官赈贷。——嘉靖《通许县志》卷上祥异,无
32,1466,明宪宗成化二年,河南,无,虞城,无,《虞城县志》,虞城县：大饥，人相食。诏免租赈贷。——顺治《虞城县志》卷八灾祥,无
33,1466,明宪宗成化二年,河南,无,永城,无,《永城县志》,永城县：大饥，人相食。诏免全租，仍发谷赈之。——嘉靖《永城县志》卷四灾祥,无
34,1466,明宪宗成化二年,甘肃,定西市,临洮,狄道,《临洮府志》,临洮县等：四月，狄道、金兰、渭源、河州大旱，人相食。——万历《临洮府志》卷二十二祥异,无
35,1466,明宪宗成化二年,甘肃,无,无,金兰,《临洮府志》,临洮县等：四月，狄道、金兰、渭源、河州大旱，人相食。——万历《临洮府志》卷二十二祥异,无
36,1466,明宪宗成化二年,甘肃,定西市,渭源,无,《临洮府志》,临洮县等：四月，狄道、金兰、渭源、河州大旱，人相食。——万历《临洮府志》卷二十二祥异,无
37,1466,明宪宗成化二年,甘肃,临夏州,临夏,河州,《临洮府志》,临洮县等：四月，狄道、金兰、渭源、河州大旱，人相食。——万历《临洮府志》卷二十二祥异,无
38,1466,明宪宗成化二年,甘肃,临夏州,临夏,河州,《河州志》,临夏县：四月，大旱，饥，人相食。——嘉靖《河州志》卷一灾异,无
39,1467,明宪宗成化三年,甘肃,无,和政县,无,《和政县志》转引《西北灾荒史》,和政县：四月，大旱，饥，人相食。——《和政县志》（民国十九年），转引自《西北灾荒史》第397页。,无
40,1468,明宪宗成化四年,甘肃,无,临夏县,河州,《甘肃新通志》转引《西北灾荒史》,甘肃：临夏县：夏四月，临洮府属河州大旱，饥，人相食。——《甘肃新通志》（宣统元年），转引自《西北灾荒史》第398页。,河州为推测，原文为古代地名河州；临夏县为现代地名，原文写作'临夏县'，可能为OCR错误或地名误写，实际应为河州
41,1471,明宪宗成化七年,山东,淄博市,无,无,《淄川县志》,山东：淄博市：八月，大饥，人相食。——万历《淄川县志》卷二十二灾祥,无
42,1472,明宪宗成化八年,河北,无,平山县,无,《平山县志》,平山县：大饥，民流殍相食。——康熙《平山县志》卷一纪事,无
43,1472,明宪宗成化八年,河北,邢台市,无,无,《顺德府志》,邢台市：大饥，人相食。——乾隆《顺德府志》卷十六祥异,无
44,1472,明宪宗成化八年,河北,沙河县,沙河县,无,《宣化县新志》,沙河县：大饥，人相食。——民国《宣化县新志》卷一祥异,无
45,1472,明宪宗成化八年,河北,内丘县,内丘县,无,《内邱县志》,内丘县：旱荒，人相食。——崇祯《内邱县志》变纪,无
46,1472,明宪宗成化八年,河北,广宗县,广宗县,无,《怀来县志》,广宗县：大饥，人相食。——光绪《怀来县志》卷八杂识,无
47,1472,明宪宗成化八年,河北,平乡县,平乡县,无,《平乡县志》,平乡县：大饥，人相食。——乾隆《平乡县志》卷一灾祥,无
48,1472,明宪宗成化八年,山西,阳曲县,阳曲县,无,《太原府志》,阳曲县：正月，阳曲雨雹，伤禾。岁大饥，人相食。——乾隆《太原府志》卷四十九祥异,无
49,1472,明宪宗成化八年,山西,榆次市,无,无,《榆次县志》,榆次市：七月雨雹，伤禾稼，人相食。——万历《榆次县志》卷八灾祥,无
50,1472,明宪宗成化八年,山西,太谷县,太谷县,无,《太谷县志》,太谷县：雨雹损禾，大饥，人相食。——咸丰《太谷县志》卷二,无
51,1472,明宪宗成化八年,山西,寿阳县,寿阳县,无,《寿阳县志》,寿阳县：秋七月，雨雹，大饥，人相食。——乾隆《寿阳县志》卷八祥异,无
52,1472,明宪宗成化八年,山西,祁县,祁县,无,《祁县志》,祁县：七月，雨雹伤禾，人相食。——乾隆《祁县志》卷十一,无
53,1472,明宪宗成化八年,山东,淄博市,无,无,《淄川县志》,淄博市：大饥，人相食。——嘉靖《淄川县志》卷二祥异,无
54,1472,明宪宗成化八年,山东,临邑县,临邑县,无,《临邑县志》,临邑县：大饥，人相食。——道光《临邑县志》卷十六纪祥,无
55,1472,明宪宗成化八年,山东,昌邑县,昌邑县,无,《昌邑县志》,昌邑县：大饥，人相食。——康熙《昌邑县志》卷一祥异,无
56,1472,明宪宗成化八年,山东,潍坊市,无,无,《潍县志》,潍坊市：大饥，人相食。——康熙《潍县志》卷五祥异,无
57,1472,明宪宗成化八年,山东,掖县,掖县,无,《掖县志》,掖县：大饥，人相食。——乾隆《掖县志》卷五祥异,无
58,1472,明宪宗成化八年,山东,新泰市,无,无,《新泰县志》,新泰市：人相食。——天启《新泰县志》卷八祥异,无
59,1472,明宪宗成化八年,山东,商河县,商河县,无,《华北、东北近五百年旱涝史料》,商河县：大饥，人相食。——《华北、东北近五百年旱涝史料》第三分册，第27页。,无
60,1473,明宪宗成化九年,河北,沧州市,沧县,无,《沧县志》,沧州市：大饥，人相食。——民国《沧县志》卷十六事实,无
61,1473,明宪宗成化九年,山西,晋中市,榆次,无,《山西通志》,榆次市等：七月，榆次，太谷，寿阳，祁县雨雹伤稼，人相食。——万历《山西通志》卷二十六灾祥,无
62,1473,明宪宗成化九年,山西,晋中市,太谷,无,《山西通志》,榆次市等：七月，榆次，太谷，寿阳，祁县雨雹伤稼，人相食。——万历《山西通志》卷二十六灾祥,无
63,1473,明宪宗成化九年,山西,晋中市,寿阳,无,《山西通志》,榆次市等：七月，榆次，太谷，寿阳，祁县雨雹伤稼，人相食。——万历《山西通志》卷二十六灾祥,无
64,1473,明宪宗成化九年,山西,晋中市,祁县,无,《山西通志》,榆次市等：七月，榆次，太谷，寿阳，祁县雨雹伤稼，人相食。——万历《山西通志》卷二十六灾祥,无
65,1473,明宪宗成化九年,山东,德州市,德州,无,《德州志》,德州市：大饥，人相食。——乾隆《德州志》卷二纪事,无
66,1473,明宪宗成化九年,山东,德州市,禹城,无,《禹城县志》,禹城县：八月，旱、蝗，继水。大饥，人相食。——嘉庆《禹城县志》卷十一灾祥,无
67,1473,明宪宗成化九年,山东,德州市,武城,无,《恩县志》,武城县：饥甚，人相食。——嘉靖《恩县志》卷九灾祥,无
68,1473,明宪宗成化九年,山东,滨州市,高青,青城,《青城县志》,高青县：是岁大饥，人相食。——乾隆《青城县志》卷十祥异,无
69,1473,明宪宗成化九年,山东,淄博市,桓台,新城,《新城县志》,恒台县：大饥，人相食。——崇祯《新城县志》卷十一灾祥,疑似OCR错误，原文'恒台县'应为'桓台县'
70,1473,明宪宗成化九年,山东,临沂市,临沂,无,《临沂县志》,临沂市：大饥馑，人相食。——民国《临沂县志》卷一通纪,无
71,1473,明宪宗成化九年,山东,济宁市,曲阜,无,《曲阜县志》,曲阜市：春饥，人相食。免今年粮税。秋八月大水。——乾隆《曲阜县志》卷二十九通编,无
72,1473,明宪宗成化九年,山东,济宁市,金乡,无,《金乡县志略》,金乡县：旱。畿南、山东大饥，人相食。——咸丰《金乡县志略》卷十一纪事,无
73,1473,明宪宗成化九年,山东,聊城市,冠,无,《东昌府志》,冠县：七月河决，饥甚，人相食。——乾隆《东昌府志》卷三总纪,无
74,1473,明宪宗成化九年,山东,济南市,济南,无,《华北、东北近五百年旱涝史料》,济南市：八月旱蝗又大水，民大饥，人相食，民茹草木尽，免税粮发粟赈之。——《华北、东北近五百年旱涝史料》第三分册，第1页,无
75,1473,明宪宗成化九年,山东,淄博市,淄博,无,《华北、东北近五百年旱涝史料》,淄博市：大饥，人相食。——《华北、东北近五百年旱涝史料》，第三分册，第1页,无
76,1474,明宪宗成化十年,山西,无,壶关县,无,《壶关县志》,壶关县：霜雹大作，秋无禾。冬春人相食。——康熙《壶关县志》卷一灾祥,无
77,1474,明宪宗成化十年,陕西,无,无,无,《明实录》转引《西北灾荒史》,陕西旱，大饥，人相食。——《明实录》，转引自《西北灾荒史》第399页。,无
78,1479,明宪宗成化十五年,河南,无,临汝县,无,《汝州全志》,临汝县：大饥，人相食，伊邑尤甚。——道光《汝州全志》卷九祥异,无
79,1479,明宪宗成化十五年,河南,无,嵩县,无,《嵩县志》,嵩县：大饥，人相食。——康熙三十年《嵩县志》卷十灾祥,无
80,1479,明宪宗成化十五年,河南,无,汝阳县,无,《重修伊阳县志》,汝阳县：大饥，人相食。——道光《重修伊阳县志》卷六祥异,无
81,1481,明宪宗成化十七年,山东,无,平度县,无,《平度州志》,平度县：大饥，人相食。——康熙《平度州志》卷六灾祥,无
82,1481,明宪宗成化十七年,山东,无,莱阳县,无,《莱阳县志》,莱阳县：大饥，人相食。——民国《莱阳县志》大纪事,无
83,1481,明宪宗成化十七年,山东,临沂市,无,沂州,《沂州府志》,临沂市：沂州大饥馑，人相食。——乾隆《沂州府志》卷十五纪事,临沂市为推测，原文为古代地名沂州
84,1481,明宪宗成化十七年,山东,临沂市,郯城县,无,《郯城县志》,郯城县：大饥，人相食。——康熙《郯城县志》卷就灾祥,无
85,1481,明宪宗成化十七年,江苏,无,如皋县,无,《重修如皋县志》,如皋县：大饥，人相食。——嘉靖《重修如皋县志》卷六灾祥,无
86,1481,明宪宗成化十七年,河南,无,温县,无,《河南通志》,温县：…各行采食蓬蒿，宰烹畜禽，又将房屋拆坏变卖，且有鬻子女以易栗，割人肉以充腹者。…途间不敢独行，多被饥民打食，甚至同行至亲，相为割食救命。——康熙九年《河南通志》卷三十九艺文,无
87,1482,明宪宗成化十八年,山西,无,原平县,无,《崞县志》,原平县；大风折苗。大饥，民多相食，流殍者半。——嘉靖《崞县志》卷八灾异,无
88,1482,明宪宗成化十八年,陕西,无,无,无,《甘肃新通志》,陕西大旱，饥，人相食。——光绪《甘肃新通志》卷二天文,无
89,1482,明宪宗成化十八年,甘肃,天水市,天水市,无,《直隶秦州新志》,天水市：大饥，人相食。——乾隆《直隶秦州新志》卷六灾祥,无
90,1482,明宪宗成化十八年,甘肃,无,清水县,无,《清水县志》,清水县：大饥，人相食。——康熙《清水县志》卷十灾祥,无
91,1482,明宪宗成化十八年,甘肃,无,两当县,无,《两当县新志》,两当县：大饥，人相食。——道光《两当县新志》卷六灾异,无
92,1482,明宪宗成化十八年,山东,无,商河县,无,《商河县志》,商河县：大饥，人相食。——道光《商河县志》卷三祥异,无
93,1482,明宪宗成化十八年,江苏,无,吴江县,无,《吴江县志》,吴江县：大饥，人相食。——康熙二十四年《吴江县志》卷四十一灾祥,无
94,1482,明宪宗成化十八年,浙江,湖州市,湖州市,无,《双林镇志》,湖州市：大饥，人相食。——民国《双林镇志》卷十九灾异,无
95,1482,明宪宗成化十八年,浙江,无,长兴县,无,《长兴县志》,长兴县：大饥，人相食。——同治《长兴县志》卷九灾祥,无
96,1483,明宪宗成化十九年,河南,无,汲县,无,《汲县志》,汲县：三月七日，阴霾。是年秋至明年春大饥，人相食。——康熙《汲县志》卷十祥,无
97,1483,明宪宗成化十九年,河南,无,辉县,无,《辉县志》,辉县：三月七日，阴霾。是年秋至明年春大饥，人相食。——康熙《辉县志》卷十八灾祥,无
98,1483,明宪宗成化十九年,河南,无,淇县,无,《淇县志》,淇县：秋至二十年春，卫淇境大饥，人相食。——嘉靖《淇县志》卷四灾异,无
99,1483,明宪宗成化十九年,河南,无,扶沟县,无,《扶沟县志》,扶沟县：旱荒，人相食，死者蔽野。——康熙三十八年《扶沟县志》卷四灾异,无
100,1483,明宪宗成化十九年,河南,无,太康县,无,《太康县志》,太康县：大旱，人相食，死者蔽野。——嘉靖《太康县志》卷四 五行,无
101,1483,明宪宗成化十九年,河南,无,长葛县,无,《长葛县志》,长葛县：大旱，流移转徙，人民相食。事闻，遣使转输京储赈恤，始安。——康熙《长葛县志》卷一灾祥,无
102,1484,明宪宗成化二十年,河北,无,大名县,无,《大名县志》,大名县：大旱，饥，人相食。——乾隆《大名县志》卷二十七禨祥,无
103,1484,明宪宗成化二十年,山西,无,曲沃,曲沃,《山西通志》,曲沃、洪洞、临汾、临晋、荣河、解州、平陆、夏邑、安邑、孝义、崞县大旱，人相食。长子、宁乡、泽州、高平、阳城饥疫，遣使赈恤。免通省田租之半。——雍正《山西通志》卷一六三祥异,原文为古代地名曲沃
104,1484,明宪宗成化二十年,山西,无,洪洞,洪洞,《山西通志》,曲沃、洪洞、临汾、临晋、荣河、解州、平陆、夏邑、安邑、孝义、崞县大旱，人相食。长子、宁乡、泽州、高平、阳城饥疫，遣使赈恤。免通省田租之半。——雍正《山西通志》卷一六三祥异,原文为古代地名洪洞
105,1484,明宪宗成化二十年,山西,无,临汾,临汾,《山西通志》,曲沃、洪洞、临汾、临晋、荣河、解州、平陆、夏邑、安邑、孝义、崞县大旱，人相食。长子、宁乡、泽州、高平、阳城饥疫，遣使赈恤。免通省田租之半。——雍正《山西通志》卷一六三祥异,原文为古代地名临汾
106,1484,明宪宗成化二十年,山西,无,临晋,临晋,《山西通志》,曲沃、洪洞、临汾、临晋、荣河、解州、平陆、夏邑、安邑、孝义、崞县大旱，人相食。长子、宁乡、泽州、高平、阳城饥疫，遣使赈恤。免通省田租之半。——雍正《山西通志》卷一六三祥异,原文为古代地名临晋
107,1484,明宪宗成化二十年,山西,无,荣河,荣河,《山西通志》,曲沃、洪洞、临汾、临晋、荣河、解州、平陆、夏邑、安邑、孝义、崞县大旱，人相食。长子、宁乡、泽州、高平、阳城饥疫，遣使赈恤。免通省田租之半。——雍正《山西通志》卷一六三祥异,原文为古代地名荣河
108,1484,明宪宗成化二十年,山西,无,解州,解州,《山西通志》,曲沃、洪洞、临汾、临晋、荣河、解州、平陆、夏邑、安邑、孝义、崞县大旱，人相食。长子、宁乡、泽州、高平、阳城饥疫，遣使赈恤。免通省田租之半。——雍正《山西通志》卷一六三祥异,原文为古代地名解州
109,1484,明宪宗成化二十年,山西,无,平陆,平陆,《山西通志》,曲沃、洪洞、临汾、临晋、荣河、解州、平陆、夏邑、安邑、孝义、崞县大旱，人相食。长子、宁乡、泽州、高平、阳城饥疫，遣使赈恤。免通省田租之半。——雍正《山西通志》卷一六三祥异,原文为古代地名平陆
110,1484,明宪宗成化二十年,山西,无,夏邑,夏邑,《山西通志》,曲沃、洪洞、临汾、临晋、荣河、解州、平陆、夏邑、安邑、孝义、崞县大旱，人相食。长子、宁乡、泽州、高平、阳城饥疫，遣使赈恤。免通省田租之半。——雍正《山西通志》卷一六三祥异,原文为古代地名夏邑；此夏邑清代属山西解州，与河南夏邑不同
111,1484,明宪宗成化二十年,山西,无,安邑,安邑,《山西通志》,曲沃、洪洞、临汾、临晋、荣河、解州、平陆、夏邑、安邑、孝义、崞县大旱，人相食。长子、宁乡、泽州、高平、阳城饥疫，遣使赈恤。免通省田租之半。——雍正《山西通志》卷一六三祥异,原文为古代地名安邑
112,1484,明宪宗成化二十年,山西,无,孝义,孝义,《山西通志》,曲沃、洪洞、临汾、临晋、荣河、解州、平陆、夏邑、安邑、孝义、崞县大旱，人相食。长子、宁乡、泽州、高平、阳城饥疫，遣使赈恤。免通省田租之半。——雍正《山西通志》卷一六三祥异,原文为古代地名孝义
113,1484,明宪宗成化二十年,山西,无,崞县,崞县,《山西通志》,曲沃、洪洞、临汾、临晋、荣河、解州、平陆、夏邑、安邑、孝义、崞县大旱，人相食。长子、宁乡、泽州、高平、阳城饥疫，遣使赈恤。免通省田租之半。——雍正《山西通志》卷一六三祥异,原文为古代地名崞县
114,1484,明宪宗成化二十年,山西,晋城市,泽州,泽州,《泽州府志》,晋城市等：泽州、高平、阳城大饥，民多疫死，生者至相食。诏遣户部郎中移河南、山东二省粟各方石赈恤，仍免山西阖省田租之半。——雍正《泽州府志》卷五十祥异,原文为古代地名泽州，泽州为推测，原文为古代地名泽州
115,1484,明宪宗成化二十年,山西,晋城市,高平,高平,《泽州府志》,晋城市等：泽州、高平、阳城大饥，民多疫死，生者至相食。诏遣户部郎中移河南、山东二省粟各方石赈恤，仍免山西阖省田租之半。——雍正《泽州府志》卷五十祥异,高平为推测，原文为古代地名高平
116,1484,明宪宗成化二十年,山西,晋城市,阳城,阳城,《泽州府志》,晋城市等：泽州、高平、阳城大饥，民多疫死，生者至相食。诏遣户部郎中移河南、山东二省粟各方石赈恤，仍免山西阖省田租之半。——雍正《泽州府志》卷五十祥异,阳城为推测，原文为古代地名阳城
117,1484,明宪宗成化二十年,山西,晋城市,高平县,无,《高平县志》,高平县：岁大饥，民多疫死，生者至相食。上遣官赈恤，免租之半。——顺治《高平县志》卷九祥异,无
118,1484,明宪宗成化二十年,山西,晋城市,阳城县,无,《阳城县志》,阳城县：大饥，人相食。——顺治《阳城县志》卷七祥异,无
119,1484,明宪宗成化二十年,山西,长治市,长子县,无,《长子县志》,长子县：大饥，人相食。——康熙《长子县志》卷一灾异,无
120,1484,明宪宗成化二十年,山西,长治市,潞城县,无,《潞城县志》,潞城县：饥民相食，饿殍盈野，瘟疫大作。——天启《潞城县志》卷八灾祥,无
121,1484,明宪宗成化二十年,山西,临汾市,临汾,无,《临汾县志》,临汾市：秋不雨，次年六月始雨。饿殍盈野，人相食。——康熙五十七年《临汾县志》卷五祥异,无
122,1484,明宪宗成化二十年,山西,临汾市,曲沃县,无,《平阳府志》,曲沃县：秋不雨，饥莩盈野，人相食。诸州是皆然，次年六月始雨。——万历《平阳府志》卷十灾祥,无
123,1484,明宪宗成化二十年,山西,临汾市,襄汾县,无,《太平县志》,襄汾县：人民相食。——乾隆《太平县志》卷十纪,无
124,1484,明宪宗成化二十年,山西,临汾市,乡宁县,无,《乡宁县志》,乡宁县：大饥，人相食。——民国《乡宁县志》卷八大事纪,无
125,1484,明宪宗成化二十年,山西,运城市,运城市,安邑,《安邑县志》,运城市：大旱，人相食。——万历《安邑县志》卷八祥异,安邑为古代地名，原文为运城市
126,1484,明宪宗成化二十年,山西,运城市,平陆县,无,《解州平陆县志》,平陆县：秋大旱，人相食。次年六月始雨。——乾隆《解州平陆县志》卷十一祥异,无
127,1484,明宪宗成化二十年,山西,运城市,永济县,无,《永济县志》,永济县：大旱，民多易子而食，死徙者不可胜数。——光绪《永济县志》卷二十三纪事,无
128,1484,明宪宗成化二十年,山西,运城市,夏县,无,《华北、东北近五百年旱涝史料》,夏县：大旱，人相食。——《华北、东北近五百年旱涝史料》第五分册，第38页。,无
129,1484,明宪宗成化二十年,山西,长治市,屯留县,无,《华北、东北近五百年旱涝史料》,屯留县：大饥，民多疫死，人相食。——《华北、东北近五百年旱涝史料》第五分册，第61页。,无
130,1484,明宪宗成化二十年,陕西,咸阳市,咸阳市,无,《咸阳县新志》,咸阳市：成化二十年，二十一年大祲，人相食。——万历《咸阳县新志》卷九纪事,无
131,1484,明宪宗成化二十年,陕西,咸阳市,泾阳县,无,《泾阳县志》,泾阳县：连岁大旱，无麦禾，百姓流亡，人相食。——康熙《泾阳县志》卷一祥异,无
132,1484,明宪宗成化二十年,陕西,渭南市,大荔县,无,《朝邑县志》,大荔县：二十年，二十一年大祲，人相食。——正德《朝邑县志》卷一总志,无
133,1484,明宪宗成化二十年,陕西,渭南市,华阴县,无,《华阴县志》,华阴县：二十年，二十一年大荒，民至相食，十亡八九。——万历《华阴县志》卷七祥异,无
134,1484,明宪宗成化二十年,陕西,咸阳市,武功县,无,《武功县志》,武功县：岁大饥，民相食，流移者十之七八。——正德《武功县志》卷二官师,无
135,1484,明宪宗成化二十年,陕西,榆林市,榆林县,无,《延绥镇志》,榆林县：大旱，多虫。大饥，人相食。——万历《延绥镇志》卷三灾异,无
136,1484,明宪宗成化二十年,甘肃,平凉市,静宁县,无,《甘肃新通志》,静宁县等：静宁、灵台、肃州等处大旱，饥，人相食。——光绪《甘肃新通志》卷二祥异,无
137,1484,明宪宗成化二十年,甘肃,平凉市,灵台县,无,《甘肃新通志》,静宁县等：静宁、灵台、肃州等处大旱，饥，人相食。——光绪《甘肃新通志》卷二祥异,无
138,1484,明宪宗成化二十年,甘肃,酒泉市,肃州区,肃州,《甘肃新通志》,静宁县等：静宁、灵台、肃州等处大旱，饥，人相食。——光绪《甘肃新通志》卷二祥异,原文为古代地名肃州
139,1484,明宪宗成化二十年,甘肃,平凉市,崇信县,无,《平凉府志》,崇信县：大饥，斗米五钱，人相食。——嘉靖《平凉府志》卷十二祥异,无
140,1484,明宪宗成化二十年,甘肃,酒泉市,酒泉市,无,《肃镇华夷志》,酒泉市：大饥，人相食。——万历《肃镇华夷志》卷四灾祥,无
141,1484,明宪宗成化二十年,山东,菏泽市,东明县,无,《东明县志》,东明县：岁大旱，人饥相食。——康熙《东明县志》卷七灾祥,无
142,1484,明宪宗成化二十年,山东,聊城市,冠县,无,《东昌府志》,冠县：旱，人相食。——乾隆《东昌府志》卷三总纪,无
143,1484,明宪宗成化二十年,山东,济宁市,兖州市,无,《华北、东北近五百年旱涝史料》,兖州府：春至秋不雨，蝗蝻满地，人相食。——《华北、东北近五百年旱涝史料》第三分册，第74页。,无
144,1484,明宪宗成化二十年,河南,郑州市,荥阳县,无,《荥阳县志》,荥阳县：春大饥，人相食。——顺治《荥阳县志》卷七灾祥,无
145,1484,明宪宗成化二十年,河南,开封市,开封市,无,《开封府志》,开封市：大饥，人相食。——万历《开封府志》卷二機祥,无
146,1484,明宪宗成化二十年,河南,开封市,杞县,无,《杞乘》,杞县：大饥，人相食。——万历《杞乘》卷二今总纪,无
147,1484,明宪宗成化二十年,河南,开封市,尉氏县,无,《尉氏县志》,尉氏县：大饥，至人相食。——嘉靖《尉氏县志》卷四祥异,无
148,1484,明宪宗成化二十年,河南,郑州市,中牟县,无,《中牟县志》,中牟县：大旱，民食树皮、蒺藜、麻籽尽，有食人肉者。——正德《中牟县志》卷一祥异,无
149,1484,明宪宗成化二十年,河南,新乡市,新乡县,无,《新乡县续志》,新乡县：春饥，人相食。——康熙《新乡县续志》卷二灾异,无
150,1484,明宪宗成化二十年,河南,焦作市,温县,无,《温县志》,温县：人相食。——万历《温县志》卷下灾祥附,无
151,1484,明宪宗成化二十年,河南,新乡市,原阳县,无,《阳武县志》,原阳县：大饥，人相食。赈。——康熙《阳武县志》卷八灾祥,无
152,1484,明宪宗成化二十年,河南,濮阳市,南乐县,无,《南乐县志》,南乐县：岁大饥，人相食。——康熙《南乐县志》卷九纪年,无
153,1484,明宪宗成化二十年,河南,周口市,西华县,无,《西华县志》,西华县：饥，岁大俭，人相食。——乾隆《西华县志》卷八义行,无
154,1484,明宪宗成化二十年,河南,许昌市,许昌县,无,《许州志》,许昌县：大饥，人相食。——嘉靖《许州志》卷十一祥异,无
155,1484,明宪宗成化二十年,河南,许昌市,鄢陵县,无,《鄢陵县志》,鄢陵县：大饥，流民四集，互掠人以食。——嘉靖《鄢陵县志》卷七祥异,无
156,1484,明宪宗成化二十年,河南,平顶山市,鲁山县,无,《鲁山县志》,鲁山县：大旱，岁荒，人相食。至二十一年大熟。——嘉靖《鲁山县志》卷十灾祥,无
157,1484,明宪宗成化二十年,河南,漯河市,临颍县,无,《临颍志》,临颍县：大饥，人相食。——嘉靖《临颍志》卷八祥异,无
158,1484,明宪宗成化二十年,河南,禹州市,禹县,无,《禹州志》,禹县：大饥，人相食。——顺治《禹州志》卷九欝祥,无
159,1484,明宪宗成化二十年,河南,洛阳市,洛阳市,无,《洛阳州志》,洛阳市：岁大祲，人相食。——顺治《洛阳州志》卷九灾祥,无
160,1484,明宪宗成化二十年,河南,洛阳市,新安县,无,《新安县志》,新安县：大饥，人相食，死者枕藉。——康熙《新安县志》卷十七灾异,无
161,1484,明宪宗成化二十年,河南,郑州市,新郑县,无,《华北、东北近五百年旱涝史料》,新郑县：年大饥，人相食。——《华北、东北近五百年旱涝史料》第四分册，第22页。,无
162,1485,明宪宗成化二十一年,河北,无,丘县,无,《丘县志》,丘县：大饥，人相食。——康熙《丘县志》卷八祥异,无
163,1485,明宪宗成化二十一年,河北,无,临漳县,无,《临漳县志》,临漳县：不雨，人相食。——雍正《临漳县志》卷一灾祥,无
164,1485,明宪宗成化二十一年,山西,无,翼城县,无,《冀城县志》,翼城县：是年，民大饥，人相食。——民国《冀城县志》卷十四祥异,无
165,1485,明宪宗成化二十一年,山西,无,曲沃县,无,《沃史》,曲沃县：大饥，人相食。——万历《沃史》卷二今总纪,无
166,1485,明宪宗成化二十一年,山西,临汾市,无,无,《临汾县志》,临汾市：大饥，人相食。——康熙五十七年《临汾县志》卷五祥异,无
167,1485,明宪宗成化二十一年,山西,无,洪洞县,无,《洪洞县志》,洪洞县：是年民大饥，人多相食。——万历《洪洞县志》卷八祥异,无
168,1485,明宪宗成化二十一年,山西,无,浮山县,无,《浮山县志》,浮山县：是年大饥，人多相食。——乾隆《浮山县志》卷三十四,无
169,1485,明宪宗成化二十一年,山西,运城市,无,解州,《解州志》,运城市：二十年，秋大旱，人相食。次年六月始雨。——康熙十二年《解州志》卷九灾祥,无
170,1485,明宪宗成化二十一年,山西,无,新绛县,绛州,《绛州志》,新绛县：大荒，有食人者。——康熙《绛州志》卷三灾异,无
171,1485,明宪宗成化二十一年,山西,无,垣曲县,无,《垣曲县志》,垣曲县：大旱，飞蝗兼至，人皆相食，流死者大半，饥民啸聚山林。——康熙《垣曲县志》卷十二灾荒,无
172,1485,明宪宗成化二十一年,陕西,无,无,无,《陕西通志》,陕西连岁大旱，百姓流亡殆尽，人相食。——嘉靖《陕西通志》卷四灾祥,泛指省级，暂不提取
173,1485,明宪宗成化二十一年,陕西,西安市,无,无,《长安县志》,西安市：成化二十一年至二十二年，关中连岁大旱，百姓流亡殆尽，人相食，十亡八九。——康熙《长安县志》卷六祥异,无
174,1485,明宪宗成化二十一年,陕西,无,长安县,无,《咸宁县志》,长安县：连岁大旱，百姓流亡殆尽，人至相食。——康熙《咸宁县志》卷七祥异,无
175,1485,明宪宗成化二十一年,陕西,咸阳市,无,无,《咸阳县新志》,咸阳市：岁大祲，人相食。——万历《咸阳县新志》卷九纪事,无
176,1485,明宪宗成化二十一年,陕西,无,泾阳县,无,《泾阳县志》,泾阳县：连岁大旱，无麦禾，百姓流亡，人相食。——康熙《泾阳县志》卷一祥异,无
177,1485,明宪宗成化二十一年,陕西,无,蓝田县,无,《蓝田县志》,蓝田县：大饥，人相食。——顺治《蓝田县志》卷四灾异,无
178,1485,明宪宗成化二十一年,陕西,无,大荔县,同州,《同州志》,大荔县：荐饥，人相食，大徙。——天启《同州志》卷十六祥禄,无
179,1485,明宪宗成化二十一年,陕西,无,澄城县,无,《澄城县志》,澄城县：大饥，死者枕藉，人相食。——嘉靖《澄城县志》卷一灾祥,无
180,1485,明宪宗成化二十一年,陕西,无,华县,无,《华县县志稿》,华县：人相食。——民国《华县县志稿》卷十一人物,无
181,1485,明宪宗成化二十一年,陕西,无,华阴县,无,《华阴县志》,华阴县：大荒，民至相食，十亡八九。——万历《华阴县志》卷七祥异,无
182,1485,明宪宗成化二十一年,陕西,无,白水县,无,《白水县志》,白水县：荐饥，人相食，大徙。——顺治《白水县志》卷下灾祥,无
183,1485,明宪宗成化二十一年,陕西,无,潼关县,无,《续修潼关厅志》,潼关县：岁饥，人相食。——嘉庆《续修潼关厅志》卷中人物,无
184,1485,明宪宗成化二十一年,陕西,无,商县,直隶商州,《直隶商州志》,商县：人相食。——乾隆《直隶商州志》卷十四灾祥,无
185,1485,明宪宗成化二十一年,陕西,无,洛南县,无,《雒南县志》,洛南县：连岁旱，人相食。——康熙《雒南县志》卷七灾祥,无
186,1485,明宪宗成化二十一年,陕西,无,眉县,无,《郿志》,眉县：连岁大旱，流亡殆尽，人相食。——万历《郿志》卷六事纪,无
187,1485,明宪宗成化二十一年,陕西,无,富县,鄜州,《鄜州志》,富县：大饥，死者枕藉，人相食。——康熙《鄜州志》卷七灾祥,无
188,1485,明宪宗成化二十一年,陕西,无,洛川县,无,《洛川县志》,洛川县：旱，人相食，十亡八九。——嘉庆《洛川县志》卷一祥异,无
189,1485,明宪宗成化二十一年,陕西,无,黄陵县,中部县,《续修中部县志》,黄陵县：连岁大旱，百姓流亡殆尽。人相食，十亡八九。斗米万钱。——嘉庆《续修中部县志》卷二祥异,无
190,1485,明宪宗成化二十一年,甘肃,无,徽县,无,《徽郡志》,徽县：岁大饥，人相食。——嘉靖《徽郡志》卷八祥异,无
191,1485,明宪宗成化二十一年,甘肃,无,武都县,阶州,《阶州志》,武都县：大旱地赤，民饥相食。——万历《阶州志》卷十二灾祥,无
192,1485,明宪宗成化二十一年,山东,无,夏津县,无,《夏津县志》,夏津县：大饥，人相食。——乾隆《夏津县志》卷九灾祥,无
193,1485,明宪宗成化二十一年,山东,临沂市,无,无,《临沂县志》,临沂市：春至秋不雨，蝗灾，人相食。——民国《临沂县志》卷一通纪,无
194,1485,明宪宗成化二十一年,山东,无,兖州县,兖州府,《兖州府志》,兖州县：春至秋不雨，蝗蝻满地，人相食。——万历元年《兖州府志》卷十五灾祥,无
195,1485,明宪宗成化二十一年,山东,聊城市,无,东昌府,《聊城县志》,聊城市：大饥，人相食。——宣统《聊城县志》卷十一通纪,无
196,1485,明宪宗成化二十一年,山东,无,莘县,无,《莘县志》,莘县：亢阳不雨，卖秋无，遍地赤野，富者尤可庶几，贫者何以存活。故是时有杀人而食者，呜呼，时之饥馑，事之怪异有如是哉。——嘉靖《莘县志》卷六杂志,无
197,1485,明宪宗成化二十一年,山东,无,阳谷县,无,《阳谷县志》,阳谷县：春至秋不雨，蝗蝻满地，人相食。——康熙十二年《阳谷县志》卷四灾祥,无
198,1485,明宪宗成化二十一年,山东,聊城市,无,东昌府,《东昌府志》,大饥，人相食。——万历《东昌府志》卷十七祥异,无
199,1486,明宪宗成化二十二年,河北,无,大名县,无,《大名府志》,大名县：秋八月，大旱，饥，人相食。诏赈恤。——咸丰《大名府志》卷四纪年,无
200,1486,明宪宗成化二十二年,山西,无,嵩岚县,无,《嵩岚州志》,嵩岚县：大旱，饥，人相食。——康熙《嵩岚州志》卷一祥异,疑似OCR错误（原文为嵩岚县，来源为嵩岚州志）
201,1486,明宪宗成化二十二年,山西,无,长治县,无,《长治县志》,长治县：大旱，禾尽槁，人相食。——乾隆《长治县志》卷二十一祥异,无
202,1486,明宪宗成化二十二年,山西,无,潞城县,无,《潞城县志》,潞城县：大旱，禾尽稿，人相食。——康熙《潞城县志》卷八灾祥,无
203,1486,明宪宗成化二十二年,山西,无,屯留县,无,《屯留县志》,屯留县：秋禾稿，人相食。——雍正《屯留县志》卷一祥异,无
204,1486,明宪宗成化二十二年,山西,无,稷山县,无,《平阳府志》,稷山县等：秋无禾，稷山、万泉人相食。八月望日，吉州雨雪深三四尺，饥馑荐臻。——万历《平阳府志》卷十灾祥,无
205,1486,明宪宗成化二十二年,山西,无,万荣县,无,《平阳府志》,稷山县等：秋无禾，稷山、万泉人相食。八月望日，吉州雨雪深三四尺，饥馑荐臻。——万历《平阳府志》卷十灾祥,无
206,1486,明宪宗成化二十二年,山西,无,稷山县,无,《稷山县志》,稷山县：秋大饥，人相食。——万历《稷山县志》卷七祥异,无
207,1486,明宪宗成化二十二年,山西,无,万荣县,无,《万全县志》,万荣县：秋无禾，人相食。——康熙《万全县志》卷七祥异,无
208,1486,明宪宗成化二十二年,陕西,无,榆林县,无,《延绥镇志》,榆林县：延绥大饥，人相食。——万历《延绥镇志》卷三灾异,无
209,1486,明宪宗成化二十二年,河南,无,内黄县,无,《彰德府志》,内黄县：大饥，人相食。——乾隆五十二年《彰德府志》卷三十一祥异,无
210,1486,明宪宗成化二十二年,河南,无,濮阳市,无,《开州志》,濮阳市：岁大饥，人相食。——嘉靖《开州志》卷八祥异,无
211,1486,明宪宗成化二十二年,河南,无,长垣县,无,《长垣县志》,长垣县：大饥，米价涌贵，县民亦相食。——正德《长垣县志》卷八灾祥,无
212,1487,明宪宗成化二十三年,河北,廊坊市,固安县,无,《固安县志》,固安县：多大饥，人相食。——嘉靖《固安县志》卷九灾异,无
213,1487,明宪宗成化二十三年,河北,邯郸市,大名县,无,《大名县志》,大名县：大饥，人相食。——乾隆《大名县志》卷二十七釋祥,无
214,1487,明宪宗成化二十三年,陕西,咸阳市,武功县,无,《明史·五行志》,武功县：陕西大饥。武功民有杀食宿客者。——《明史·五行志》,无
215,1487,明宪宗成化二十三年,陕西,铜川市,铜川市,同官,《同官县志》,铜川市：同官大饥，人相食。——崇祯《同官县志》卷十灾异,无
216,1487,明宪宗成化二十三年,山东,菏泽市,东明县,无,《东明县志》,东明县：岁大饥，人相食。——康熙《东明县志》卷七灾祥,无
217,1487,明宪宗成化二十三年,安徽,滁州市,凤阳县,无,《凤阳县志》,凤阳县：大饥，人相食。——乾隆《凤阳县志》卷十五纪事,无
218,1487,明宪宗成化二十三年,安徽,六安市,霍邱县,无,《霍邱县志》,霍邱县：旱，大饥，人相食。——同治《霍邱县志》卷十六,无
219,1487,明宪宗成化二十三年,安徽,淮南市,寿县,寿州,《寿州志》,寿县：大饥，人相食。越明年，麦熟始安。——嘉靖《寿州志》卷八灾祥,无
220,1487,明宪宗成化二十三年,河南,濮阳市,南乐县,无,《南乐县志》,南乐县：岁大饥，人相食。——康熙《南乐县志》卷九纪年,无
221,1487,明宪宗成化二十三年,河南,鹤壁市,浚县,无,《浚县志》,浚县：岁大饥，人相食。——康熙《浚县志》卷一祥异,无
222,1487,明宪宗成化二十三年,河南,安阳市,内黄县,无,《内黄县志》,内黄县：大饥，人相食。——乾隆《内黄县志》卷六编年,无
223,1487,明宪宗成化二十三年,河南,濮阳市,清丰县,无,《清风县志》,清丰县：大饥，人相食。——康熙《清风县志》卷二编年,无
224,1487,明宪宗成化二十三年,河南,信阳市,息县,无,《息县志》,息县：夏六月，大水，坏民庐舍。大饥，人相食。——顺治《息县志》卷十灾异,无
225,1487,明宪宗成化二十三年,河南,信阳市,固始县,无,《固始县志》,固始县：岁大饥，人相食。越明年，麦秋始安堵。大雪，平地三尺余，民多冻死。——嘉靖《固始县志》卷九灾祥,无
226,1487,明宪宗成化二十三年,湖北,武汉市,武汉市,江夏,《江夏县志》,武汉市：大旱，人相食。——康熙二十二年《江夏县志》卷一灾祥,无
227,1487,明宪宗成化二十三年,湖北,鄂州市,鄂州市,无,《湖广通志》,鄂州市：大旱，人相食。——康熙《湖广通志》卷三祥异,无
228,1488,明孝宗弘治元年,陕西,无,靖边县,无,《靖边县志》,靖边县：大荒，人相食。——康熙《靖边县志》灾异,无
229,1488,明孝宗弘治元年,陕西,无,略阳县,无,《略阳县志》,略阳县：夏大旱，冬至人相食。——雍正《略阳县志》卷一灾祥,无
230,1488,明孝宗弘治元年,湖北,武汉市,无,无,《汉阳府志》,武汉市：旱，人相食。——嘉靖《汉阳府志》卷二方域,无
231,1488,明孝宗弘治元年,湖南,无,华容县,无,《岳州府志》,华容县：岳阳大旱饥，华容人相食。自正月不雨至九月，田中无苗，百物食尽，又兼时疫流行，道馑相望。华容人又相食者。虽发帑散赈，不能遍。——乾隆十一年《岳州府志》卷二十九事纪,无
232,1488,明孝宗弘治元年,湖南,无,慈利县,无,《直隶澧州志林》,澧县：大旱，春正月不雨至九月。慈利、安乡人相食。——乾隆《直隶澧州志林》卷十九 機祥,无
233,1488,明孝宗弘治元年,湖南,无,安乡县,无,《直隶澧州志林》,澧县：大旱，春正月不雨至九月。慈利、安乡人相食。——乾隆《直隶澧州志林》卷十九 機祥,无
234,1488,明孝宗弘治元年,四川,无,乐至县,无,《乐至县志》,乐至县：大旱，大饥相食。——雍正《乐至县志》祥异,无
235,1488,明孝宗弘治元年,四川,无,安岳县,无,《安岳县志》,安岳县：大旱，人相食。——道光《安岳县志》卷十五祥异,无
236,1488,明孝宗弘治元年,四川,无,营山县,无,《营山县志》,营山县：大旱，饥，人相食。夏秋不雨。冬地震。——万历《营山县志》卷八灾祥,无
237,1492,明孝宗弘治五年,山东,淄博市,无,无,《淄川县志》,淄博市：大饥，人相食。——嘉靖《淄川县志》卷二祥异,无
238,1492,明孝宗弘治五年,山东,无,无棣县,无,《海丰县志》,无棣县：海丰旱，大饥，人相食。——康熙《海丰县志》卷四纪事,无
239,1492,明孝宗弘治五年,山东,日照市,无,无,《日照县志》,日照市：大旱，民相食。——康熙《日照县志》卷一纪事,无
240,1492,明孝宗弘治五年,山东,临沂市,无,无,《华北、东北近五百年旱涝史料》,临沂市：大旱饥，人相食。——《华北、东北近五百年旱涝史料》第三分册，第98页。,无
241,1494,明孝宗弘治七年,山东,无,宁津县,无,《宁津县志》,山东：宁津县：大饥，人相食。——万历《宁津县志》卷四祥异,无
242,1503,明孝宗弘治十六年,安徽,无,天长县,无,《皇明天长志》,安徽：天长县：岁大饥，民相食。——嘉靖《皇明天长志》卷七灾祥,无
243,1504,明孝宗弘治十七年,江苏,无,盱眙,无,《盱眙县志稿》,盱眙：“自夏四月不雨至秋九月”，“淮安…洊饥，人相食”。——光绪《盱眙县志稿》卷十七,无
244,1504,明孝宗弘治十七年,安徽,无,凤阳,无,《凤阳县志》,凤阳县：凤阳游饥，人相食。——乾隆《凤阳县志》卷十五纪事,无
245,1508,明武宗正德三年,河北,无,固安县,无,《固安县志》,固安县：大旱，人相食。——嘉靖《固安县志》卷九灾异,无
246,1508,明武宗正德三年,山东,临沂市,临沂市,无,《临沂县志》,临沂市：大旱，人相食。——民国《临沂县志》卷一通纪,无
247,1508,明武宗正德三年,山东,日照市,日照市,无,《日照县志》,日照市：大旱，人相食。——康熙《日照县志》卷一纪异,无
248,1508,明武宗正德三年,安徽,无,霍邱县,无,《霍邱县志》,霍邱县：蝗，大饥，疫，人相食。——乾隆《霍邱县志》卷十二灾祥,无
249,1508,明武宗正德三年,安徽,无,寿县,无,《寿州志》,寿县：蝗，大饥，疫，人相食。——嘉靖《寿州志》卷八灾祥,无
250,1508,明武宗正德三年,安徽,无,蒙城县,无,《蒙城县志》,蒙城县：大饥，人相食，复大疫。——顺治《蒙城县志》卷六灾祥,无
251,1508,明武宗正德三年,河南,无,鲁山县,无,《鲁山县志》,鲁山县：自四月始雨，继后昼晴夜雨，自七月终方止。夏麦秋禾俱未成熟，人相食者甚多，民多逃死。至四年，夏秋大熟，斗粟钱十文矣。——嘉靖《鲁山县志》卷十灾祥,无
252,1508,明武宗正德三年,河南,无,确山县,无,《确山县志》,确山县：夏旱，大饥，人相食。——乾隆《确山县志》卷四禨祥,无
253,1508,明武宗正德三年,河南,无,汝南县,无,《汝南志》,汝南县：是岁，郡中大旱，饥，人相食。——万历《汝南志》卷二十四灾祥,无
254,1508,明武宗正德三年,河南,无,上蔡县,无,《上蔡县志》,上蔡县：大旱，人相食。——康熙《上蔡县志》卷十二编年,无
255,1508,明武宗正德三年,河南,无,正阳县,无,《真阳县志》,正阳县：大旱，人相食，田野沟壑皆死尸。——嘉靖《真阳县志》卷九祥异,无
256,1508,明武宗正德三年,河南,无,息县,无,《息县志》,息县：夏大旱，饥，人相食。——顺治《息县志》卷十灾异,无
257,1508,明武宗正德三年,河南,无,固始县,无,《固始县志》,固始县：大旱，人相食。——嘉靖《固始县志》卷九灾祥,无
258,1508,明武宗正德三年,河南,无,光山县,无,《光山县志》,光山县：夏旱，大饥，流亡满路，人有相食者。——嘉靖《光山县志》,无
259,1508,明武宗正德三年,湖北,襄樊市,襄樊市,无,《襄阳府志》,襄樊市：自五月不雨，至子己巳三月。民饥乏食，饿殍盈途，或有相食者。——正德《襄阳府志》卷九祥异,无
260,1509,明武宗正德四年,山东,烟台市,福山县,无,《福山县志》,烟台市：大饥，人相食。——康熙《福山县志》卷一灾祥,无
261,1509,明武宗正德四年,山东,栖霞县,栖霞县,无,《栖霞县志》,栖霞县：大饥，人相食。——康熙十一年《栖霞县志》卷七祥异,无
262,1509,明武宗正德四年,山东,莱阳县,莱阳县,无,《莱阳县志》,莱阳县：大饥，人相食。——康熙《莱阳县志》卷九灾祥,无
263,1509,明武宗正德四年,山东,文登县,文登县,无,《文登县志》,文登县：大饥，人相食。——光绪《文登县志》卷十四灾异,无
264,1509,明武宗正德四年,山东,海阳县,海阳县,无,《海阳县志》,海阳县：大饥，人相食。——乾隆《海阳县志》卷三灾祥,无
265,1509,明武宗正德四年,安徽,寿县,寿县,无,《寿州志》,寿县：夏大旱，蝗飞蔽日。岁大饥，人相食。——乾隆《寿州志》卷十一灾祥,无
266,1509,明武宗正德四年,安徽,阜阳市,颍州,无,《颍州志》,阜阳市：春大饥，人相食。——嘉靖十五年《颍州志》卷一郡纪,无
267,1509,明武宗正德四年,安徽,颍上县,颍上县,无,《颍上县志》,颍上县：春大饥，人相吞噬。——顺治《颍上县志》卷十一灾祥,无
268,1509,明武宗正德四年,安徽,太和县,太和县,无,《太和县志》,太和县：春大饥，人相食。——民国《太和县志》卷十二灾祥,无
269,1509,明武宗正德四年,安徽,宿县,宿县,无,《宿州志》,宿县：夏大旱，蝗飞蔽日。岁大饥，人相食。——嘉靖《宿州志》卷八祥异,无
270,1509,明武宗正德四年,安徽,灵璧县,灵璧县,无,《灵璧县志》,灵璧县：夏大旱，蝗，岁饥，人相食。——康熙《灵璧县志》卷一祥异,无
271,1509,明武宗正德四年,安徽,凤阳县,凤阳县,无,《凤阳县志》,凤阳县：夏大旱，蝗飞蔽日。岁大饥，人相食。——乾隆《凤阳县志》卷十五纪事,无
272,1509,明武宗正德四年,安徽,广德县,广德县,无,《广德直隶州志》,广德县：春饥，人相食。夏大疫，死者方计，遗骸载道。秋，大水灌城。冬，冰坚地坼，禽兽草木皆死。——乾隆《广德直隶州志》卷四十八祥异,无
273,1510,明武宗正德五年,安徽,无,太和县,无,《太和县志》,安徽：太和县；春大饥，人相食。——民国《太和县志》卷十二,无
274,1511,明武宗正德六年,山西,无,蒲县,无,《蒲县志》,蒲县：大饥，人相食。——乾隆《蒲县志》卷九祥异,无
275,1511,明武宗正德六年,安徽,无,怀远县,无,《怀远县志》,怀远县：蝗飞蔽日，岁大饥，人相食。——雍正《怀远县志》卷八灾异,无
276,1512,明武宗正德七年,陕西,无,黄陵县,无,《续修中部县志》,黄陵县：大旱，人相食。——嘉庆《续修中部县志》卷二祥异,无
277,1512,明武宗正德七年,河南,无,禹县,无,《禹州志》,禹县：大饥，民食荞花、荆子，人相食。——顺治《禹州志》卷九灾祥,无
278,1512,明武宗正德七年,湖北,无,丹江口市,无,《均州志》,丹江口市：春大饥，人相食。六月，蝗。——康熙《均州志》卷二灾祥,无
279,1513,明武宗正德八年,陕西,无,米脂,无,《米脂县志》,陕西：米脂：大饥，人相食。——《米脂县志》（光绪三十三年），转引自《西北灾荒史》第1606页。,无
280,1516,明武宗正德十一年,山东,无,滕县,无,《滕县志》,山东：滕县：大饥，人相食。——康熙五十六年《滕县志》卷三灾异,无
281,1517,明武宗正德十二年,河北,无,安新县,无,《安州志》,安新县：夏大水，民田涂没，寸草无余，人相食。——康熙《安州志》卷七祥异,无
282,1517,明武宗正德十二年,河北,无,安国县,无,《祁州志》,安国县：夏六月，大水，损禾稼。冬，人相食。——康熙《祁州志》卷十灾异,无
283,1519,明武宗正德十四年,江苏,扬州,无,无,《明史》,扬州市等：是岁，淮、扬饥，人相食。——《明史》卷一六《武宗本纪》,原文为'扬州市等'，疑似OCR错误或现代地名用法混入
284,1520,明武宗正德十五年,江苏,无,淮安,无,《安东县志》,淮安县：正月，以水灾免淮安等处粮草有差。以户部言淮安等处大饥，人相食。自去冬屡行赈贷。——光绪《安东县志》卷五灾异,无
285,1521,明武宗正德十六年,河北,张家口市,赤城县,无,《龙门县志》,赤城县：春三月，大饥，人相食。——康熙《龙门县志》卷二灾祥,无
286,1521,明武宗正德十六年,河北,张家口市,怀来县,无,《怀来县志》,怀来县：春三月，大饥，人相食。——康熙《怀来县志》卷二灾祥,无
287,1521,明武宗正德十六年,河北,张家口市,蔚县,无,《蔚县志》,蔚县：大饥，人相食。——乾隆《蔚县志》卷二十九祥异,无
288,1521,明武宗正德十六年,河北,张家口市,涿鹿县,无,《保安州志》,涿鹿县：春三月，大饥，人相食。——康熙十一年《保安州志》卷二灾异,无
289,1521,明武宗正德十六年,河北,张家口市,阳原县,无,《西宁县志》,阳原县：春三月，大饥，人相食。——康熙《西宁县志》卷一灾祥,无
290,1521,明武宗正德十六年,河北,张家口市,怀安县,无,《怀安县志》,怀安县：春三月，大饥，人相食。——乾隆《怀安县志》卷二十二灾祥,无
291,1521,明武宗正德十六年,河北,张家口市,万全县,无,《万全县志》,万全县：大饥，人相食。——乾隆《万全县志》卷二灾祥,无
292,1521,明武宗正德十六年,山东,济宁市,泗水县,无,《泗水县志》,泗水县：大饥，人相食。——康熙《泗水县志》卷十一灾祥,无
293,1521,明武宗正德十六年,山东,枣庄市,滕县,无,《滕县志》,滕县：大饥，人相食。——康熙《滕县志》卷三灾异,无
294,1522,明世宗嘉靖元年,江苏,无,宿迁县,无,《宿迁县志》,宿迁县：夏大水，无麦禾。冬大饥，人相食。——嘉庆《宿迁县志》卷六祥异,无
295,1522,明世宗嘉靖元年,山西,大同市,无,无,《明史》,大同市：韩邦靖，朝邑人，武宗朝登进士，以直言忤旨削职。'世宗即位（1522年），起山西左参政，分守大同。岁饥，人相食，奏请发帑，不许。复抗疏千余言，不报。乞归，不待命辄行。军民瘁疥瘞遮道泣留，抵家病卒，年三十六。'——《明史》卷201《韩邦奇附邦靖》,无
296,1523,明世宗嘉靖二年,河北,无,清河县,无,《清河县志》,清河县：大饥，瘟疫盛行，积尸载道。人相食。——嘉靖《清河县志》卷三灾祥,无
297,1523,明世宗嘉靖二年,江苏,无,六合县,无,《六合县志》,六合县：夏秋旱，大饥。自冬至次年夏大疫，米价腾涌，贫民多啖草根树皮，街市饿殍枕藉，人有相食者。——嘉靖《六合县志》卷二祥异,无
298,1523,明世宗嘉靖二年,江苏,无,溧水县,无,《溧水县志》,溧水县：大旱，南北流移，人相食。——顺治《溧水县志》卷一邑纪,无
299,1523,明世宗嘉靖二年,江苏,南京市,无,无,《上元县志》,南京市：大旱，人相食。——道光《上元县志》卷二十六,无
300,1523,明世宗嘉靖二年,江苏,扬州市,无,扬州府,《扬州府志》,扬州市等：正月至六月不雨，旱，禾槁死。七月，霾雨不止，晚禾无收。民饥，免税粮一万石。是年大水，冲决泰州、江都、海门等处河堤，漂没田庐。岁大饥，民相食，疫作。敕南京兵部右侍郎席书赈之，免嘉靖三年租三万石。——万历《扬州府志》卷二十二祥异,无
301,1523,明世宗嘉靖二年,江苏,无,泰兴县,无,《泰兴县志》,泰兴：大饥，人相食。——万历《泰兴县志》卷四遗事,无
302,1523,明世宗嘉靖二年,江苏,无,靖江县,无,《靖江县志》,靖江县：饥，人相食。鬻棺以称，十八斤为最下。——嘉靖《靖江县志》卷四编年,无
303,1523,明世宗嘉靖二年,江苏,无,南通县,通州,《通州志》,南通县：大饥，民相食，死者以方计。遣侍郎席书赈。——万历《通州志》卷二 猴祥,无
304,1523,明世宗嘉靖二年,江苏,无,如皋县,无,《重修如皋县志》,如皋县：大凶饥，饿殍盈路，人相食，有父子相残害者。免税粮。正月至六月不雨，旱，禾槁死。七月后霾雨不止，晚禾无收。——嘉靖《重修如皋县志》卷六灾祥,无
305,1523,明世宗嘉靖二年,江苏,淮安市,淮安县,无,《山阳县志》,淮安县：夏大旱，秋大水，冬大疫，人相食。——乾隆《山阳县志》卷十八祥禄,无
306,1523,明世宗嘉靖二年,江苏,无,淮阴县,无,《清河县志》,淮阴县：大饥，疫，积尸载道，人相食。——康熙《清河县志》卷一祥异,无
307,1523,明世宗嘉靖二年,江苏,无,涟水县,安东县,《安东县志》,涟水县：蝗灾。民饥，人相食。——雍正《安东县志》卷十五祥异,无
308,1523,明世宗嘉靖二年,江苏,无,泗阳县,无,《江南通志》,泗阳县：岁大饥，人相食。——康熙《江南通志》卷四十一名宦,无
309,1523,明世宗嘉靖二年,江苏,无,盱眙县,无,《盱眙县志》,盱眙县：大祲，人相食。秋旱。冬，冻饥疫死者无数。——乾隆《盱眙县志》卷十四灾祥,无
310,1523,明世宗嘉靖二年,江苏,无,盐城县,无,《盐城县志》,盐城市：大饥，米石钱两千，人相食。——万历《盐城县志》卷一祥异,无
311,1523,明世宗嘉靖二年,江苏,无,东台县,无,《东台县志》,东台县：正月至六月不雨。七月霾雨不止，河堤决，漂没田庐。民饥，人相食，冬大疫，死亡无算。诏命南京兵部右侍郎席书赈之，免明年租。——嘉庆《东台县志》卷七祥异,无
312,1523,明世宗嘉靖二年,江苏,无,睢宁县,无,《睢宁县旧志》,睢宁县：岁大饥，斗米百钱，民相食。——康熙《睢宁县旧志》卷九灾祥,无
313,1523,明世宗嘉靖二年,江苏,无,仪征县,无,《华东地区近五百年气候历史资料》,仪征县：春三月不雨至夏六月，运河井泉竭，是年大饥，人相食，水陆殍尸无算。——《华东地区近五百年气候历史资料》第二分册，第66页。,无
314,1523,明世宗嘉靖二年,江苏,扬州市,江都县,无,《华东地区近五百年气候历史资料》,江都县：大饥，民相食，且病疫。——《华东地区近五百年气候历史资料》第二分册，第67页。,无
315,1523,明世宗嘉靖二年,安徽,合肥市,合肥市,无,《合肥县志》,合肥市：大旱，人相食。——万历《合肥县志》祥异,无
316,1523,明世宗嘉靖二年,安徽,无,霍邱县,无,《霍邱县志》,霍邱县：春大饥，疫，人相食。诏户部侍郎席书赈之。秋，大雨三月。——康熙《霍邱县志》卷十祥异,无
317,1523,明世宗嘉靖二年,安徽,无,寿县,寿州,《寿州志》,寿县：大饥，人相食。——道光《寿州志》卷三十人物,无
318,1523,明世宗嘉靖二年,安徽,无,舒城县,无,《舒城县志》,舒城县：夏，旱。秋，淫雨。岁大饥，人至相食，斗米百钱，饿死者枕藉于道。——万历《舒城县志》卷十祥异,无
319,1523,明世宗嘉靖二年,安徽,无,蒙城县,无,《蒙城县志》,蒙城县：春大疫，人相食。遣户部侍郎席书赈之。——顺治《蒙城县志》卷六灾祥,无
320,1523,明世宗嘉靖二年,安徽,无,宿县,宿州,《宿州志》,宿县：夏亢旱，风霾累日。入秋淫雨不止，百谷无登。冬月积阴无霁。岁遂大饥，暨于春月，冻饿疫防疫而死者不可胜计，商贩不通，人乃相食，继以大疫，有数口之家无子遗者。——嘉靖《宿州志》卷八灾祥,无
321,1523,明世宗嘉靖二年,安徽,无,五河县,无,《五河县志》,五河县：夏四月，麦将熟，继以亢旱，秋禾尽槁。冬十月，淮水又溢，遂大饥。次年春，冻馁疫疠者无算，人乃相食。——康熙二十二年《五河县志》卷一祥异,无
322,1523,明世宗嘉靖二年,安徽,无,怀远县,无,《怀远县志》,怀远县：春，疫。人相食。——雍正《怀远县志》卷八灾异,无
323,1523,明世宗嘉靖二年,安徽,无,凤阳县,无,《凤阳新书》,凤阳县：夏旱风霾，人相食。诏户部尚书席书来赈。秋，大雨三月，冬阴三月。——天气《凤阳新书》卷四星土,无
324,1523,明世宗嘉靖二年,安徽,无,天长县,无,《皇明天长志》,天长县：自正月至六月，不雨。七月雨，至于九月。岁大歉，人相食。——嘉靖《皇明天长志》卷七灾祥,无
325,1523,明世宗嘉靖二年,安徽,无,来安县,无,《新修来安县志》,来安县：正月至六月，不雨，禾尽枯。七月，大雨至九月，涝甚。是岁大饥，民相食。天启《新修来安县志》卷九祥异,无
326,1523,明世宗嘉靖二年,河南,无,永城县,无,《永城县志》,永城县：正月朔，雷雨竞日。春旱，秋霖，冬大饥，人多相食。——嘉靖《永城县志》卷四灾祥,无
327,1524,明世宗嘉靖三年,山东,临沂市,临沂市,无,《临沂县志》,临沂市：冬大饥，人相食。——民国《临沂县志》卷一通纪,无
328,1524,明世宗嘉靖三年,山东,郯城县,郯城县,无,《郯城县志》,郯城县：冬大饥，人相食。——康熙《郯城县志》卷九灾祥,无
329,1524,明世宗嘉靖三年,山东,费县,费县,无,《费县志》,费县：冬大饥，人相食。——光绪《费县志》卷十六祥异,无
330,1524,明世宗嘉靖三年,山东,平阴县,平阴县,无,《泰安府志》,平阴县：春，平阴大饥，人相食。——乾隆《泰安府志》卷二十九祥异,无
331,1524,明世宗嘉靖三年,江苏,南京市,南京市,无,《江宁府志》,南京市：岁大饥，人相食。（寇）天叙竭力赈济，设粥厂以食流民。寻瘟疫大作，给药以救，亲行巡视，夜以继日。——康熙七年《江宁府志》卷十八宦绩,无
332,1524,明世宗嘉靖三年,江苏,沐阳县,沐阳县,无,《沐阳县志》,沐阳县：岁大饥，人相食。——康熙《沐阳县志》卷一灾异,无
333,1524,明世宗嘉靖三年,江苏,赣榆县,赣榆县,无,《海州直隶州志》,赣榆县：赣榆饥，人相食。——嘉庆《海州直隶州志》卷三十一祥异,无
334,1524,明世宗嘉靖三年,江苏,沐阳县,沐阳县,无,《海州直隶州志》,沐阳县：沐阳饥，人相食。——嘉庆《海州直隶州志》卷三十一祥异,无
335,1524,明世宗嘉靖三年,安徽,庐江县,庐江县,无,《庐江县志》,庐江县：大饥，人相食。官设厂煮粥赈之，人人枵腹，饱食辄死。继以大疫，死者无算。——嘉庆《庐江县志》卷二祥异,无
336,1524,明世宗嘉靖三年,安徽,霍邱县,霍邱县,无,《霍邱县志》,霍邱县：春大饥，斗米三钱，人至相食。——康熙《霍邱县志》卷十灾祥,无
337,1524,明世宗嘉靖三年,安徽,阜阳县,阜阳县,无,《颍州志》,阜阳县：春大饥，人相食。——嘉靖十五年《颍州志》卷一郡纪,无
338,1524,明世宗嘉靖三年,安徽,灵璧县,灵璧县,无,《灵璧县志》,灵璧县：春大饥，人相食，大疫。——康熙《灵璧县志》卷一祥异,无
339,1524,明世宗嘉靖三年,安徽,凤阳县,凤阳县,无,《凤阳县志》,凤阳县：大饥，斗米五钱，人相食。大疫，人民死亡过半。——乾隆《凤阳县志》卷十五纪事,无
340,1524,明世宗嘉靖三年,安徽,当涂县,当涂县,无,《太平府志》,当涂县：大饥，人相食。——康熙《太平府志》卷三祥异,无
341,1524,明世宗嘉靖三年,安徽,宿县,宿县,无,《宿县志》,宿县：春又大疫，死者相藉，商贩不同，人相食。——光绪《宿县志》卷三十六,无
342,1524,明世宗嘉靖三年,安徽,五河县,五河县,无,《五河县志》,五河县：春冻馁，疫疠，死者无算，人乃相食。——光绪《五河县志》卷二十,无
343,1524,明世宗嘉靖三年,河南,夏邑县,夏邑县,无,《夏邑县志》,夏邑县：秋大饥，人相食。——康熙《夏邑县志》卷八艺文,无
344,1524,明世宗嘉靖三年,河南,洛阳市,洛阳市,无,《洛阳县志》,洛阳市：岁大饥，人相食。——顺治《洛阳县志》卷八灾异,无
345,1525,明世宗嘉靖四年,山东,无,费县,无,《费县志》,山东：费县：春大饥，人相食。——康熙二十八年《费县志》卷五灾异,无
346,1526,明世宗嘉靖五年,陕西,无,城固县,无,《城固县志》转引《西北灾荒史》,城固县：大旱，大饥，人相食。——《城固县志》（康熙五十六年），转引自《西北灾荒史》第411页。,无
347,1527,明世宗嘉靖六年,河南,无,长垣县,无,《长垣县志》,河南：长垣县：旱，六月乃雨。明年春，米斗过百钱，因行折二钱，人有相食者。——康熙《长垣县志》卷二灾异,无
348,1528,明世宗嘉靖七年,陕西,无,无,无,《陕西通志》,陕西大旱，人相食，饿死无数。——嘉靖《陕西通志》卷四十灾祥,无
349,1528,明世宗嘉靖七年,陕西,无,临潼县,无,《临潼县志》,临潼县：旱，大饥，人相食。——康熙《临潼县志》卷六祥异,无
350,1528,明世宗嘉靖七年,陕西,无,凤翔县,无,《凤翔县志》,凤翔县：大旱，斗米千钱，人相食。——乾隆《凤翔县志》卷八祥异,无
351,1528,明世宗嘉靖七年,陕西,无,岐山县,无,《重修岐山县志》,岐山县：大旱，斗米千钱，民相食。——万历《重修岐山县志》卷二灾祥,无
352,1528,明世宗嘉靖七年,陕西,无,扶风县,无,《扶风县志》,扶风县：大旱，斗米千钱，民相食。——顺治《扶风县志》卷一灾祥,无
353,1528,明世宗嘉靖七年,陕西,无,绥德县,无,《绥德州直隶州志》,绥德县：夏冰（雹）。秋霜。八月，饥，人相食。——乾隆《绥德州直隶州志》卷二岁征,无
354,1528,明世宗嘉靖七年,陕西,无,南郑县,无,《南郑县志》,南郑县：大饥，人相食。——乾隆《南郑县志》卷十二纪事,无
355,1528,明世宗嘉靖七年,陕西,无,城固县,无,《城固县志》,城固县：大饥，人相食。——康熙《城固县志》卷二灾异,无
356,1528,明世宗嘉靖七年,陕西,无,洋县,无,《洋县志》,洋县：大饥，人相食。——康熙《洋县志》卷一灾祥,无
357,1528,明世宗嘉靖七年,陕西,无,旬阳县,无,《洵阳县志》,旬阳县：春大饥，人相食。——乾隆《洵阳县志》卷十二祥异,无
358,1528,明世宗嘉靖七年,陕西,无,白河县,无,《白河县志》,白河县：春大饥，人相食。——嘉庆《白河县志》卷十四录事,无
359,1528,明世宗嘉靖七年,甘肃,无,陇西县,无,《甘肃通志》,陇西县：巩昌大旱，人相食。——乾隆《甘肃通志》卷二十四祥异,无
360,1528,明世宗嘉靖七年,甘肃,平凉市,无,无,《平凉府志》,平凉市：大旱。饥，人相食，斗米银三四钱，民大流亡，十存一二。——嘉靖《平凉府志》卷三祥异,无
361,1528,明世宗嘉靖七年,甘肃,无,庆阳县,无,《庆阳府志》,庆阳县：旱，人相食。——嘉靖《庆阳府志》卷十八纪异,无
362,1528,明世宗嘉靖七年,甘肃,无,环县,无,《环县志》,环县：旱，人相食，米石四两。——乾隆《环县志》卷十纪事,无
363,1528,明世宗嘉靖七年,甘肃,天水市,无,秦州,《直隶秦州新志》,天水市：秦州各县大旱，人相食。——乾隆《直隶秦州新志》卷六灾祥,秦州为古代地名，映射为现代天水市
364,1528,明世宗嘉靖七年,山东,无,昌乐县,无,《昌乐县志》,昌乐县：是年蝗。大饥，人相食。大疫。夏五月七日，大雨雹。——嘉庆《昌乐县志》卷一总纪,无
365,1528,明世宗嘉靖七年,山东,无,安丘县,无,《安邱县志》,安丘县：春大蝗。饥，人相食，大疫。——万历《安邱县志》卷一总纪,无
366,1528,明世宗嘉靖七年,山东,潍坊市,无,无,《潍县志稿》,潍坊市：春大蝗。饥，人相食，大疫。——民国《潍县志稿》卷二通纪,无
367,1528,明世宗嘉靖七年,河南,无,登封县,无,《登封县志》,登封县：旱，人相食。——康熙《登封县志》卷九灾祥,无
368,1528,明世宗嘉靖七年,河南,无,兰考县,无,《仪封县志》,兰考县：旱，人相食。——嘉靖《仪封县志》卷下灾祥,无
369,1528,明世宗嘉靖七年,河南,无,汲县,无,《卫辉府志》,汲县：大旱，蝗。明年春大饥，人相食。——万历《卫辉府志》灾祥,无
370,1528,明世宗嘉靖七年,河南,无,辉县,无,《辉县志》,辉县：大旱，蝗，明年春大饥，人相食。——康熙《辉县志》卷十八灾祥,无
371,1528,明世宗嘉靖七年,河南,无,原阳县,无,《原武县志》,原阳县：大蝗，大饥，人相食。——万历《原武县志》卷上祥异,无
372,1528,明世宗嘉靖七年,河南,无,武陟县,无,《武陟县志》,武陟县：大饥，人相食，多蝗。——道光《武陟县志》卷十二祥异,无
373,1528,明世宗嘉靖七年,河南,无,沁阳县,无,《新修怀庆府志》,沁阳县：大饥，人相食，蝗结块如球。——乾隆《新修怀庆府志》卷三十二物异,无
374,1528,明世宗嘉靖七年,河南,无,修武县,无,《修武县志》,修武县：春，饿，人相食。秋，蝗，结块如斗，自墙屋滚下，厨食遍满。——康熙《修武县志》卷四灾祥,无
375,1528,明世宗嘉靖七年,河南,无,浚县,无,《浚县志》,浚县：岁大饥，人相食。——康熙《浚县志》卷一祥异,无
376,1528,明世宗嘉靖七年,河南,无,鲁山县,无,《鲁山县志》,鲁山县：七年、八年相继旱荒无收，民饥死者大半，活者相食，间有父子夫妻相残而不忍观者。至九年，麦大熟，每斗十三文。——嘉靖《鲁山县志》卷十灾祥。,无
377,1528,明世宗嘉靖七年,河南,无,郏县,无,《郏县志》,郏县：七年、十七年皆大饥，人相食。——顺治《郏县志》卷一灾祥,无
378,1528,明世宗嘉靖七年,河南,无,临颍县,无,《临颍志》,临颍县：夏六月，大旱。冬大饥，民之流离者难以数计，是春尤甚，人相食。父老谓：比之成化二十年殆过之也。——嘉靖《临颍志》卷八祥异,无
379,1528,明世宗嘉靖七年,河南,无,禹县,无,《禹州志》,禹县：大饥，民食树皮草子，人相食，饿殍盈野。——顺治《禹州志》卷九禨祥,无
380,1528,明世宗嘉靖七年,河南,南阳市,无,无,《南阳府志》,南阳市：府、州、县大饥，人相食，死徙过。——嘉靖《南阳府志》卷十妖祥,无
381,1528,明世宗嘉靖七年,河南,无,方城县,无,《裕州志》,方城县：大旱。秋蝗害稼。民大饥，野多饿殍，乃相食。——嘉靖《裕州志》卷一灾祥,无
382,1528,明世宗嘉靖七年,河南,无,浙川县,无,《浙川县志》,浙川县：大饥，人相食。——康熙《浙川县志》卷八祥异,无
383,1528,明世宗嘉靖七年,河南,无,镇平县,无,《镇平县志》,镇平县：大饥，人相食。——康熙《镇平县志》卷下灾祥,无
384,1528,明世宗嘉靖七年,河南,无,内乡县,无,《内乡县志》,内乡县：秋大旱，民多饥死，人相食。——康熙五十一年《内乡县志》卷十一灾祥,无
385,1528,明世宗嘉靖七年,河南,无,孟津县,无,《河南府志》,孟津县：大饥，人相食。——顺治《河南府志》卷三灾异,无
386,1528,明世宗嘉靖七年,河南,无,嵩县,无,《嵩县志》,嵩县：大饥，人相食。——乾隆《嵩县志》卷二十六孝义,无
387,1528,明世宗嘉靖七年,河南,无,宜阳县,无,《宜阳县志》,宜阳县：大饥，人相食。——光绪《宜阳县志》卷二祥异,无
388,1528,明世宗嘉靖七年,河南,无,洛宁县,无,《洛宁县志》,洛宁县：大饥，人相食。——民国《洛宁县志》卷一祥异,无
389,1528,明世宗嘉靖七年,河南,无,新安县,无,《新安县志》,新安县：大饥，人相食。——康熙《新安县志》卷十七灾祥,无
390,1528,明世宗嘉靖七年,湖北,丹江口市,无,无,《襄阳府志》,丹江口市：春大饥，人相食。六月，蝗。——万历《襄阳府志》卷二十三灾祥,无
391,1528,明世宗嘉靖七年,湖北,襄樊市,无,无,《襄阳府志》,襄樊市等：六月，襄樊、宜城、南漳、枣阳、谷城、光化大旱，饥，人相食。都御史张禄绘饥民十图以献，请帑赈济。——乾隆《襄阳府志》卷三十七祥异,无
392,1528,明世宗嘉靖七年,湖北,无,宜城县,无,《襄阳府志》,襄樊市等：六月，襄樊、宜城、南漳、枣阳、谷城、光化大旱，饥，人相食。都御史张禄绘饥民十图以献，请帑赈济。——乾隆《襄阳府志》卷三十七祥异,无
393,1528,明世宗嘉靖七年,湖北,无,南漳县,无,《襄阳府志》,襄樊市等：六月，襄樊、宜城、南漳、枣阳、谷城、光化大旱，饥，人相食。都御史张禄绘饥民十图以献，请帑赈济。——乾隆《襄阳府志》卷三十七祥异,无
394,1528,明世宗嘉靖七年,湖北,无,枣阳县,无,《襄阳府志》,襄樊市等：六月，襄樊、宜城、南漳、枣阳、谷城、光化大旱，饥，人相食。都御史张禄绘饥民十图以献，请帑赈济。——乾隆《襄阳府志》卷三十七祥异,无
395,1528,明世宗嘉靖七年,湖北,无,谷城县,无,《襄阳府志》,襄樊市等：六月，襄樊、宜城、南漳、枣阳、谷城、光化大旱，饥，人相食。都御史张禄绘饥民十图以献，请帑赈济。——乾隆《襄阳府志》卷三十七祥异,无
396,1528,明世宗嘉靖七年,湖北,无,光化县,无,《襄阳府志》,襄樊市等：六月，襄樊、宜城、南漳、枣阳、谷城、光化大旱，饥，人相食。都御史张禄绘饥民十图以献，请帑赈济。——乾隆《襄阳府志》卷三十七祥异,无
397,1528,明世宗嘉靖七年,湖北,无,南漳县,无,《襄阳府志》,南漳县：大旱，殍横于野，饥民裔而食之。——万历《襄阳府志》卷三十三祥灾,无
398,1528,明世宗嘉靖七年,湖北,无,枣阳县,无,《襄阳府志》,枣阳县：秋蝗，大饥，人相食。——万历《襄阳府志》卷三十三灾祥,无
399,1528,明世宗嘉靖七年,湖北,无,宜城县,无,《襄阳府志》,宜城县：大旱，人相食。——万历《襄阳府志》卷三十三灾祥,无
400,1528,明世宗嘉靖七年,湖北,老河口市,无,无,《襄阳府志》,老河口市：大旱，人相食。——万历《襄阳府志》卷三十三灾祥,无
401,1529,明世宗嘉靖八年,河北,衡水市,深州市,深州,《真定府志》,夏六月，深州、宁晋、井陉等县大旱，蝗蝻食尽禾稼，民饥相食，诏作粥赈恤之。时深州、井陉、临城、隆平、灵寿、平山、赞皇、无极等处斗米百十钱，采草木皮叶而食之。后，人自相食，父食子、夫食妻者不可胜计。——嘉靖《真定府志》卷九纪事,无
402,1529,明世宗嘉靖八年,河北,石家庄市,井陉县,无,《华北、东北近五百年旱涝史料》,井陉县：大旱，民饥相食。——《华北、东北近五百年旱涝史料》第二分册，第76页。,无
403,1529,明世宗嘉靖八年,河北,石家庄市,平山县,无,《平山县志》,平山县：七月，蝗飞蔽天，蛹生，食稼殆尽，民饥相食。——康熙《平山县志》卷一纪事,无
404,1529,明世宗嘉靖八年,河北,衡水市,深州市,深县,《深州直隶州志》,深县：（六月）大旱，蝗蝻食禾稼。八月，陨霜杀谷，民大饥，人相食。诏煮粥赈恤。——道光《深州直隶州志》卷末 檄祥,无
405,1529,明世宗嘉靖八年,河北,邯郸市,邯郸市,邯郸县,《邯郸县志》,邯郸县：大蝗蔽天，岁又大饥，人相食。——康熙《邯郸县志》卷十灾异,无
406,1529,明世宗嘉靖八年,河北,邯郸市,涉县,无,《涉县志》,涉县：大饥，人相食。——顺治《涉县志》卷七灾变,无
407,1529,明世宗嘉靖八年,河北,邯郸市,临漳县,无,《临漳县志》,临漳县：大饥，人相食。——雍正《临漳县志》卷一灾祥,无
408,1529,明世宗嘉靖八年,河北,邢台市,宁晋县,无,《赵州志》,宁晋县：夏六月，宁晋大旱，蝗蝻食尽禾稼。大饥，民相食，诏作粥赈恤之。——隆庆《赵州志》卷九灾祥,无
409,1529,明世宗嘉靖八年,河北,邢台市,隆尧县,隆平县,《隆平县志》,隆尧县：大旱，蝗蝻食尽田禾。民饥相食，诏作粥赈之。——崇祯《隆平县志》卷八灾异,无
410,1529,明世宗嘉靖八年,河北,邢台市,临城县,无,《临城县志》,临城县：夏六月，蝗蝻食尽禾稼，民饥相食。——万历《临城县志》卷七纪事,无
411,1529,明世宗嘉靖八年,河北,邢台市,内丘县,内邱县,《内邱县志》,内丘县：春大旱。秋大蝗，野无遗禾。饿殍枕藉于道路，人相食。——崇祯《内邱县志》变纪,无
412,1529,明世宗嘉靖八年,陕西,榆林市,榆林县,无,《延绥镇志》,榆林县：大饥，人相食。——万历《延绥镇志》卷三灾异,无
413,1529,明世宗嘉靖八年,陕西,榆林市,绥德县,无,《绥德州志》,绥德县：大饥，人相食。——顺治《绥德州志》卷一灾祥,无
414,1529,明世宗嘉靖八年,陕西,延安市,延安市,延安府,《重修延安府志》,延安市：蝗飞蔽日，大饥，人相食。——嘉庆《重修延安府志》卷五大事表,无
415,1529,明世宗嘉靖八年,甘肃,定西市,临洮县,临洮府,《临洮府志》,临洮县等：（临洮）府属皆大饥，人相食。——万历《临洮府志》卷二十二祥异,无
416,1529,明世宗嘉靖八年,甘肃,临夏回族自治州,临夏市,河州,《河州志》,临夏县：岁遭大荒，市籴每斗七千，人相食，城池四野积死无数。——嘉靖《河州志》卷一灾异,无
417,1529,明世宗嘉靖八年,山东,聊城市,东阿县,无,《东阿县志》,东阿县：春大饥，人相食。——道光《东阿县志》卷二十三祥异,无
418,1529,明世宗嘉靖八年,山东,聊城市,阳谷县,无,《胶州直隶州乡土志》,阳谷县：春饥，人相食。县令发粟赈济，贫民争食，自相踏，死者千余人，——光绪《胶州直隶州乡土志》,无
419,1529,明世宗嘉靖八年,河南,郑州市,荥阳市,荥阳县,《荥阳县志》,荥阳县：春大饥，人相食。麦生双穗。——康熙《荥阳县志》卷一灾祥,无
420,1529,明世宗嘉靖八年,河南,新乡市,新乡市,新乡县,《新乡县续志》,新乡县：春，人相食。——康熙《新乡县续志》卷二灾异,无
421,1529,明世宗嘉靖八年,河南,新乡市,卫辉市,汲县,《汲县志》,汲县：春，人相食。——康熙《汲县志》卷二叢祥,无
422,1529,明世宗嘉靖八年,河南,新乡市,延津县,无,《延津志》,延津县：大饥，人相食。——嘉靖《延津志》祥异,无
423,1529,明世宗嘉靖八年,河南,新乡市,原阳县,阳武县,《阳武县志》,原阳县：春饥，饿殍相望，人相食。赈。——康熙《阳武县志》卷八灾祥,无
424,1529,明世宗嘉靖八年,河南,鹤壁市,淇县,无,《淇县志》,淇县：七月，淇境大蝗，秋禾食尽。民大饥，人相食。九月、十月俱霖雨，卫河、淇水俱泛滥，山水亦横流，淹没民禾，淤东南之境。——嘉靖《淇县志》卷四祥异,无
425,1529,明世宗嘉靖八年,湖北,襄阳市,宜城市,无,《宜城县志》,宜城县：旱，人相食。——康熙《宜城县志》卷三灾异,无
426,1530,明世宗嘉靖九年,河北,无,赞皇县,无,《赞皇县志》,赞皇县：春大疫。斗米八九十钱，民多赴食河南，饥死者遍田野，有司赈济不及，始而人食死者，继而（戕）食生者，言之至今忆然。是岁秋庆大有，斗米三十文千，豆十余文钱，民始得生。——康熙《赞皇县志》卷九祥异,无
427,1531,明世宗嘉靖十年,河南,无,宝丰县,无,《宝丰县志》,宝丰县：秋大水，坏民庐舍。大饥，人相食。——嘉庆《宝丰县志》卷二十四大事记,无
428,1531,明世宗嘉靖十年,山西,无,怀仁县,无,《华北、东北近五百年旱涝史料》,怀仁县：大饥，人相食。——《华北、东北近五百年旱涝史料》第五分册，第3页。,无
429,1532,明世宗嘉靖十一年,陕西,无,蓝田县,无,《蓝田县志》,蓝田县：又大祲，人相食。——顺治《蓝田县志》卷四灾异,无
430,1532,明世宗嘉靖十一年,河南,无,鲁山县,无,《鲁山县志》,鲁山县：春大旱，夏飞蝗，遮天蔽日。秋，遍地蛹生，食禾无遗。民大荒，相食者甚多，饿莩枕藉于道。至十二年大熟。——嘉靖《鲁山县志》卷十灾祥,无
431,1534,明世宗嘉靖十三年,山西,临汾市,无,无,《华北、东北近五百年旱涝史料》,临汾市：大饥，人相食。——《华北、东北近五百年旱涝史料》第五分册，第39页。,无
432,1534,明世宗嘉靖十三年,山西,无,翼城县,无,《华北、东北近五百年旱涝史料》,翼城县：大饥，人相食。——《华北、东北近五百年旱涝史料》第五分册，第39页。,无
433,1535,明世宗嘉靖十四年,甘肃,无,永昌县,无,《永昌县志》,永昌县：旱，民饥，人相食。——《永昌县志》（乾隆十四年），转引自《西北灾荒史》第414页。,无
434,1535,明世宗嘉靖十四年,甘肃,无,和政县,无,《和政县志》,和政县：大旱，人相食。——《和政县志》（民国十九年），转引自《西北灾荒史》第419页。,无
435,1537,明世宗嘉靖十六年,河南,无,西平县,无,《西平县志》,西平县：丁酉，庚子岁荐旱蝗，人相食。——康熙《西平县志》卷九艺文,无
436,1538,明世宗嘉靖十七年,河南,无,新郑县,无,《新郑县志》,新郑县：大饥，人相食。——顺治《新郑县志》卷五祥异,无
437,1538,明世宗嘉靖十七年,河南,无,登封县,无,《登封县志》,登封县：蝗，人相食。——康熙《登封县志》卷九灾祥,无
438,1538,明世宗嘉靖十七年,河南,无,中牟县,无,《中牟县志》,中牟县：春大饥，人相食。——天启《中牟县志》卷二物异,无
439,1538,明世宗嘉靖十七年,河南,无,扶沟县,无,《扶沟县志》,扶沟县：十七年、十八年连大饥，人相食。——康熙三十八年《扶沟县志》卷四灾异,无
440,1538,明世宗嘉靖十七年,河南,无,西华县,无,《西华县志》,西华县：十七年、十八年大水，相继潰麦。岁大饥，人相食。——乾隆《西华县志》卷十五行,无
441,1538,明世宗嘉靖十七年,河南,无,临汝县,无,《汝州全志》,临汝县：大水，阖郡饥，人相食。——道光《汝州全志》卷九祥异,无
442,1538,明世宗嘉靖十七年,河南,无,杞县,无,《华北、东北近五百年旱涝史料》第四分册,杞县：夏六月，大水，民饥相食。——《华北、东北近五百年旱涝史料》第四分册，第24页。,无
443,1539,明世宗嘉靖十八年,河南,无,尉氏县,无,《尉氏县志》,尉氏县：大饥，死尸相枕藉于城外，人有割其肉以食者。——嘉靖《尉氏县志》卷四祥异,无
444,1539,明世宗嘉靖十八年,河南,无,宁陵县,无,《宁陵县志》,宁陵县：有虫，伤菽尽。大水，岁饥，民相食，死者遍野。——康熙《宁陵县志》卷十二灾祥,无
445,1539,明世宗嘉靖十八年,河南,无,鹿邑县,无,《鹿邑县志》,鹿邑县：春，大饥疫，人相食，死者枕藉于野。——康熙《鹿邑县志》卷八灾祥,无
446,1539,明世宗嘉靖十八年,河南,无,淮阳县,无,《续修陈州志》,淮阳县：大饥。夏秋霾雨没禾。民鬻妻子，逃散，人相食。——康熙《续修陈州志》卷四灾异,无
447,1539,明世宗嘉靖十八年,河南,无,鲁山县,无,《鲁山县志》,鲁山县：春大旱，秋大蝗，尤炽于十一年，野无遗禾，黎民相食者甚多，饿莩者枕藉道路。时春夏瘟疫大行，冬始方息。——嘉靖《鲁山县志》卷十灾祥,无
448,1539,明世宗嘉靖十八年,河南,无,汝南县,无,《汝南志》,汝南县：大旱，蝗飞蔽天。明年春大疫，人相食。诏免本年田租之半，仍遣官赈济。——万历《汝南志》卷二十四灾祥,无
449,1539,明世宗嘉靖十八年,河南,无,潢川县,无,《光州志》,潢川县：大旱，蝗灾。明年春大疫，人相食。——顺治《光州志》卷十二灾祥,无
450,1540,明世宗嘉靖十九年,河南,无,确山县,无,《确山县志》,确山县：春大疫，人相食。诏免田租之半，遣官赈济。——乾隆《确山县志》禨祥,无
451,1540,明世宗嘉靖十九年,河南,无,西平县,无,《西平县志》,西平县：岁荐旱蝗，人相食。——康熙《西平县志》卷九艺文,无
452,1540,明世宗嘉靖十九年,河南,无,汝南县,无,《汝阳县志》,汝南县：春大疫，人相食。——顺治《汝阳县志》卷十外纪,无
453,1540,明世宗嘉靖十九年,河南,无,上蔡县,无,《上蔡县志》,上蔡县：春饥疫，人相食。——康熙《上蔡县志》卷十二编年,无
454,1540,明世宗嘉靖十九年,河南,无,息县,无,《息县志》,息县：春大饥，人相食，免田租之半。——顺治《息县志》卷十灾异,无
455,1541,明世宗嘉靖二十年,河北,无,大名县,无,《大名县志》,大名县：大旱，饥。自春至夏五月乃雨，人相食，飞蝗蔽天。——民国《大名县志》卷二十六祥异,无
456,1541,明世宗嘉靖二十年,河南,无,滑县,无,《滑县志》,滑县：大旱，人饥相食。——顺治《滑县志》卷四祥异,无
457,1542,明世宗嘉靖二十一年,河北,无,大城县,无,《大城县志》,大城县：蝗，饥疫，人相食。——康熙《大城县志》卷八灾异,无
458,1542,明世宗嘉靖二十一年,河北,无,文安县,无,《文安县志》,文安县：饥，疫。人相食。——崇祯《文安县志》卷十一灾祥,无
459,1543,明世宗嘉靖二十二年,河北,无,新城县,无,《新城县志》,新城县：大水。饥，死者遍于乡坊。有司赈济不及，始而人食死者，继而戕食生者。——道光《新城县志》卷十五祥异,无
460,1543,明世宗嘉靖二十二年,河南,无,登封县,无,《登封县志》,登封县：旱，人相食。——康熙《登封县志》卷九灾祥,无
461,1544,明世宗嘉靖二十三年,山东,无,莒县,无,《莒州志》,莒县：大饥，人相食。——嘉庆《莒州志》卷十五纪事,无
462,1548,明世宗嘉靖二十七年,湖北,荆州市,无,无,《石首县志》,石首市：大旱。米涌贵，有烹子食母者。——乾隆元年《石首县志》卷四灾异,石首市为推测，原文为现代地名石首市；烹子食母属食人事件
463,1548,明世宗嘉靖二十七年,江苏,徐州市,无,无,《徐州志》,徐州市：二十七年，大水，历至三十二年益大水。历夏秋冬不消，兼之疫疠，道殣相望，民食草叶、榆皮不能自（疗？），甚至人相食者。钦命刑部侍郎吴鹏发赈。——顺治《徐州志》卷八灾祥,无
464,1549,明世宗嘉靖二十八年,河北,无,获鹿县,无,《获鹿县志》,河北：获鹿县：春夏大旱，至秋不雨。大饥，人相食。——嘉靖《获鹿县志》卷九纪事,无
465,1551,明世宗嘉靖三十年,辽宁,辽阳市,无,无,《奉天通志》,辽阳市：张铎，嘉靖辛丑进士，积谷六万斛贮辽阳预备仓，以备兵荒。后十年（1551年），辽阳果遇大水，瘟疫，人相食，虏患频，仍赖此赈济。——民国《奉天通志》卷一四0宦迹,无
466,1552,明世宗嘉靖三十一年,山西,无,无,大同镇,《大同府志》,大同市：大同镇饥，人相食。——乾隆《大同府志》卷二十五祥异,大同为推测，原文为古代地名大同镇
467,1552,明世宗嘉靖三十一年,山西,无,怀仁县,无,《怀仁县新志》,怀仁县：大饥，人相食。——光绪《怀仁县新志》卷一祥异,无
468,1552,明世宗嘉靖三十一年,山东,无,峄县,无,《峄县志》,枣庄市：三十一、二年间，自正月不雨，至夏四月始雨，复大水害稼，岁大饥。强梁着竟白昼揭旗鼓肆掠境内；良民取草根木皮充饥；无赖剥殍肉为食，至有尚呻吟即为人所剥，有司莫能禁，枕藉于沟壑者无算。是年，邑人以饥及盗，瘟疫死者无虑数千。——康熙《峄县志》卷二灾祥,无
469,1552,明世宗嘉靖三十一年,山东,无,蒙阴县,无,《蒙阴县志》,蒙阴县：岁大饥，人相食，死者枕藉。——康熙《蒙阴县志》卷三宦绩,无
470,1552,明世宗嘉靖三十一年,江苏,无,宿迁县,无,《宿迁县志》,宿迁市：夏大水，无麦禾。冬大饥，人相食，有父鬻子、夫鬻妻者者以千计。——康熙二十二年《宿迁县志》卷九祥异,无
471,1553,明世宗嘉靖三十二年,河北,北京,无,京师,《金垒子》转引《历代社会风俗事物考》,京师大饥，人相食，米石二两二钱。——《历代社会风俗事物考》转引《金垒子》,无
472,1553,明世宗嘉靖三十二年,河北,无,大城县,无,《保定县志》,大城县：饥，人相食。夏大水，坏民舍，人畜溺死无算。——康熙《保定县志》卷二十六祥异,无
473,1553,明世宗嘉靖三十二年,河北,无,定州市,无,《直隶定州志》,定州市：春夏荒歉。秋大水，时以树皮充饥，斗栗三钱，民有相食者。——雍正《直隶定州志》卷十祥异,无
474,1553,明世宗嘉靖三十二年,河北,无,清苑县,无,《保定府志》,清苑县：春大饥，人相食。夏大水，坏民屋舍，人畜溺死者无算。——万历《保定府志》卷十五祥异,无
475,1553,明世宗嘉靖三十二年,河北,无,安新县,无,《安州志》,安新县：春大饥，人相食。夏大水，坏民屋舍，人畜溺死者无算。——康熙《安州志》卷七祥异,无
476,1553,明世宗嘉靖三十二年,河北,无,蠡县,无,《蠡县志》,蠡县：春大饥，人相食。夏大水，坏民屋舍，人畜溺死者无算。——顺治《蠡县志》卷八祥异,无
477,1553,明世宗嘉靖三十二年,河北,无,高阳县,无,《高阳县志》,高阳县：春大饥，人相食。夏大水。——雍正《高阳县志》卷六禨祥,无
478,1553,明世宗嘉靖三十二年,河北,无,满城县,无,《保定府志》,满城县：春大饥，人相食。——光绪《保定府志》卷四十祥异,无
479,1553,明世宗嘉靖三十二年,河北,无,饶阳县,无,《饶阳县志》,饶阳县：夏六月，滹沱、滋水交溢。大饥，人相食。——乾隆《饶阳县志》卷下纪事,无
480,1553,明世宗嘉靖三十二年,河北,无,邯郸县,无,《邯郸县志》,邯郸县：大饥，人相食。——康熙《邯郸县志》卷十灾异,无
481,1553,明世宗嘉靖三十二年,河北,无,邢台县,无,《邢台县志》,邢台县：大水，饥甚，人相食。——康熙《邢台县志》卷十二纪事,无
482,1553,明世宗嘉靖三十二年,河北,无,巨鹿县,无,《钜鹿县志》,巨鹿县：大水，大饥，人相食。——顺治《钜鹿县志》卷八灾异,无
483,1553,明世宗嘉靖三十二年,河北,无,平乡县,无,《平乡县志》,平乡县：春正月元旦，昼晦如夜。秋七月，大水入城。大饥，人相食。——康熙《平乡县志》卷三纪事,无
484,1553,明世宗嘉靖三十二年,山东,临沂市,临沂市,无,《兖州府志》,临沂市等：沂州自春正月不雨，至于夏四月乃雨，复大水。滕（滕州）、邹（邹城）、滋（滋阳）、峄（峄县）大饥，人相食。——万历元年《兖州府志》卷十五灾祥,无
485,1553,明世宗嘉靖三十二年,山东,无,滕县,滕县,《兖州府志》,临沂市等：沂州自春正月不雨，至于夏四月乃雨，复大水。滕（滕州）、邹（邹城）、滋（滋阳）、峄（峄县）大饥，人相食。——万历元年《兖州府志》卷十五灾祥,滕县为古代地名，现代对应山东省枣庄市滕州市
486,1553,明世宗嘉靖三十二年,山东,无,邹县,邹县,《兖州府志》,临沂市等：沂州自春正月不雨，至于夏四月乃雨，复大水。滕（滕州）、邹（邹城）、滋（滋阳）、峄（峄县）大饥，人相食。——万历元年《兖州府志》卷十五灾祥,邹县为古代地名，现代对应山东省济宁市邹城市
487,1553,明世宗嘉靖三十二年,山东,无,滋阳,滋阳,《兖州府志》,临沂市等：沂州自春正月不雨，至于夏四月乃雨，复大水。滕（滕州）、邹（邹城）、滋（滋阳）、峄（峄县）大饥，人相食。——万历元年《兖州府志》卷十五灾祥,滋阳为古代地名，现代对应山东省济宁市兖州区
488,1553,明世宗嘉靖三十二年,山东,无,峄县,峄县,《兖州府志》,临沂市等：沂州自春正月不雨，至于夏四月乃雨，复大水。滕（滕州）、邹（邹城）、滋（滋阳）、峄（峄县）大饥，人相食。——万历元年《兖州府志》卷十五灾祥,峄县为古代地名，现代对应山东省枣庄市峄城区
489,1553,明世宗嘉靖三十二年,山东,无,蒙阴县,无,《蒙阴县志》,蒙阴县：大饥，人相食，赈恤。——康熙二十四年《蒙阴县志》卷八灾异,无
490,1553,明世宗嘉靖三十二年,山东,新泰市,新泰市,无,《新泰县志》,新泰市：大饥，人相食，道路不通，死者相枕藉。——天启《新泰县志》卷八祥异,无
491,1553,明世宗嘉靖三十二年,山东,无,滕县,滕县,《兖州府志》,兖州县等：府境州县大饥，滕、邹、滋、峄人相食。——康熙《兖州府志》卷三十九灾祥,滕县为古代地名，现代对应山东省枣庄市滕州市
492,1553,明世宗嘉靖三十二年,山东,无,邹县,邹县,《兖州府志》,兖州县等：府境州县大饥，滕、邹、滋、峄人相食。——康熙《兖州府志》卷三十九灾祥,邹县为古代地名，现代对应山东省济宁市邹城市
493,1553,明世宗嘉靖三十二年,山东,无,滋阳,滋阳,《兖州府志》,兖州县等：府境州县大饥，滕、邹、滋、峄人相食。——康熙《兖州府志》卷三十九灾祥,滋阳为古代地名，现代对应山东省济宁市兖州区
494,1553,明世宗嘉靖三十二年,山东,无,峄县,峄县,《兖州府志》,兖州县等：府境州县大饥，滕、邹、滋、峄人相食。——康熙《兖州府志》卷三十九灾祥,峄县为古代地名，现代对应山东省枣庄市峄城区
495,1553,明世宗嘉靖三十二年,山东,无,泗水县,无,《泗水县志》,泗水县：大饥，人相食，斗粟三钱。——顺治《泗水县志》卷十一灾祥,无
496,1553,明世宗嘉靖三十二年,山东,无,滕县,滕县,《滕县志》,滕县：大饥，食草食木皮既尽，剥割殍肉石之，有呻吟未绝，而肉已被割者。——康熙《滕县志》卷三灾异,滕县为古代地名，现代对应山东省枣庄市滕州市
497,1553,明世宗嘉靖三十二年,山东,济宁市,济宁市,无,《济宁直隶州志》,济宁市：河溢，运道淤。大饥，人相食。——乾隆《济宁直隶州志》卷一纪年,无
498,1553,明世宗嘉靖三十二年,山东,无,金乡县,无,《金乡县志略》,金乡县：河溢，运道淤。大饥，人相食。——咸丰《金乡县志略》卷十一纪事,无
499,1553,明世宗嘉靖三十二年,山东,无,郓城县,无,《郓城县志》,郓城县：大饥，人相食。——崇祯《郓城县志》卷七灾祥,无
500,1553,明世宗嘉靖三十二年,山东,无,阳谷县,无,《寿张县志》,阳谷县：大饥，人相食。——光绪《寿张县志》卷十灾变,无
501,1553,明世宗嘉靖三十二年,江苏,徐州市,徐州市,无,《睢宁县志稿》,徐州市等：春，徐、萧、沛、丰、邳、睢俱大饥，人相食。——光绪《睢宁县志稿》卷十五祥异,无
502,1553,明世宗嘉靖三十二年,安徽,无,萧县,无,《睢宁县志稿》,徐州市等：春，徐、萧、沛、丰、邳、睢俱大饥，人相食。——光绪《睢宁县志稿》卷十五祥异,无
503,1553,明世宗嘉靖三十二年,江苏,无,沛县,无,《睢宁县志稿》,徐州市等：春，徐、萧、沛、丰、邳、睢俱大饥，人相食。——光绪《睢宁县志稿》卷十五祥异,无
504,1553,明世宗嘉靖三十二年,江苏,无,丰县,无,《睢宁县志稿》,徐州市等：春，徐、萧、沛、丰、邳、睢俱大饥，人相食。——光绪《睢宁县志稿》卷十五祥异,无
505,1553,明世宗嘉靖三十二年,江苏,无,邳县,无,《睢宁县志稿》,徐州市等：春，徐、萧、沛、丰、邳、睢俱大饥，人相食。——光绪《睢宁县志稿》卷十五祥异,无
506,1553,明世宗嘉靖三十二年,江苏,无,睢宁县,无,《睢宁县志稿》,徐州市等：春，徐、萧、沛、丰、邳、睢俱大饥，人相食。——光绪《睢宁县志稿》卷十五祥异,无
507,1553,明世宗嘉靖三十二年,江苏,无,邳县,无,《邳州志》,邳县：春大饥，人相食。——嘉庆《邳州志》卷十七祥异,无
508,1553,明世宗嘉靖三十二年,安徽,无,萧县,无,《徐州府志》,萧县：春，徐、萧、沛、丰、邳、睢俱大饥，人相食。——同治《徐州府志》卷二十五,无
509,1554,明世宗嘉靖三十三年,河北,廊坊市,大城县,无,《大城县志》,大城县：春大饥，人相食。夏大水，平地丈杂。——康熙《大城县志》卷八灾异,无
510,1554,明世宗嘉靖三十三年,河北,保定市,文安县,无,《保定县志》,文安县：大饥，人相食，逃亡殆尽。——万历《保定县志》卷九艺文,无
511,1554,明世宗嘉靖三十三年,河北,保定市,清苑县,无,《清苑县志》,清苑县：春大饥，人相食。夏大水。——康熙《清苑县志》卷一灾祥,无
512,1554,明世宗嘉靖三十三年,河北,保定市,定兴县,无,《定县志》,定兴县：夏大水，坏民舍无算。次年春大饥，民相食。夏复大水。——康熙《定县志》卷一禨祥,无
513,1554,明世宗嘉靖三十三年,河北,保定市,安新县,无,《清苑县志》,安新县：春大饥，人相食，秋大水。——康熙《清苑县志》卷一灾祥,无
514,1554,明世宗嘉靖三十三年,河北,保定市,蠡县,无,《蠡县志》,蠡县：春大饥，人相食。夏大水。——顺治《蠡县志》卷八祥异,无
515,1554,明世宗嘉靖三十三年,河北,保定市,易县,无,《易水志》,易县：春大饥，民相食。夏大水，又决前民田三顷余。——顺治《易水志》卷上灾异,无
516,1554,明世宗嘉靖三十三年,河北,保定市,雄县,无,《雄乘》,雄县：大饥，莘者横道，人相食。——万历《雄乘》灾异,无
517,1554,明世宗嘉靖三十三年,河北,保定市,满城县,无,《满城县志》,满城县：春大饥，人相食。夏大水。——康熙《满城县志》卷八灾祥,无
518,1554,明世宗嘉靖三十三年,河北,沧州市,河间县,无,《河间府志》,河间县：春饥，人相食。夏，大雨雹，坏屋伤禾。——万历《河间府志》卷四祥异,无
519,1554,明世宗嘉靖三十三年,河北,沧州市,泊头市,无,《交河县志》,泊头市：春饥，人相食。夏，雨雹如斗，坏庐舍禾稼。——民国《交河县志》卷十祥异,无
520,1554,明世宗嘉靖三十三年,河北,沧州市,任丘市,无,《任丘志集》,任丘市：春饥，人相食。夏，大雨雹，甚为斗大，坏屋伤人。——万历《任丘志集》卷八灾异,无
521,1554,明世宗嘉靖三十三年,河北,沧州市,献县,无,《献县志》,献县：春饥，人相食。夏，雨雹如斗，坏庐舍禾稼。——乾隆《献县志》卷十八祥异,无
522,1554,明世宗嘉靖三十三年,河北,邯郸市,邯郸市,无,《广平府志》,邯郸市：大饥，人相食。——乾隆《广平府志》卷二十三灾祥,无
523,1554,明世宗嘉靖三十三年,河北,邢台市,任县,无,《任县志》,任县：春大饥，饿殍盈途，人有相食者。——隆庆《任县志》卷七祥异,无
524,1554,明世宗嘉靖三十三年,陕西,渭南市,蒲城县,无,《蒲城志》,蒲城县：大荒，人相食。——康熙《蒲城志》卷二祥异,无
525,1554,明世宗嘉靖三十三年,山东,泰安市,泰安市,无,《泰安县志》,泰安市：春，泰山大饥，饿莩枕藉，人相食。——乾隆四十七年《泰安县志》卷十四祥异,无
526,1554,明世宗嘉靖三十三年,山东,临沂市,临沂市,无,《华北、东北近五百年旱涝史料》,临沂市：大饥，人相食。——《华北、东北近五百年旱涝史料》第三分册，第100页。,无
527,1554,明世宗嘉靖三十三年,山东,临沂市,费县,无,《华北、东北近五百年旱涝史料》,费县：大饥，人相食。——《华北、东北近五百年旱涝史料》第三分册，第100页。,无
528,1555,明世宗嘉靖三十四年,河北,无,宣化县,无,《宣化县志》,宣化县：春三月，大饥，人相食。诏发帑金赈之。——康熙《宣化县志》卷五灾祥,无
529,1555,明世宗嘉靖三十四年,河北,无,赤城县,无,《龙关县志》,赤城县：春三月，大饥，人相食。诏发帑金赈之。——民国《龙关县志》卷十九灾祥,无
530,1555,明世宗嘉靖三十四年,河北,无,蔚县,无,《蔚县志》,蔚县：春三月，大饥，人相食。——乾隆《蔚县志》卷二十九祥异,无
531,1555,明世宗嘉靖三十四年,河北,无,逐鹿县,无,《保安州志》,逐鹿县：春三月，大饥，人相食。诏发帑金赈之。——康熙十一年《保安州志》卷二灾异,无
532,1555,明世宗嘉靖三十四年,河北,无,阳原县,无,《西宁县志》,阳原县：春三月，大饥，人相食。发帑金赈之。——康熙《西宁县志》卷一灾异,无
533,1555,明世宗嘉靖三十四年,河北,无,怀安县,无,《怀安县志》,怀安县：春三月，大饥，人相食。诏发帑金赈之。——乾隆《怀安县志》卷二灾祥,无
534,1555,明世宗嘉靖三十四年,河北,无,万全县,无,《永平府志》,万全县：春三月，大饥，人相食。发帑金赈之。——乾隆《永平府志》卷三灾祥,无
535,1555,明世宗嘉靖三十四年,河北,无,清苑县,无,《清苑县志》,清苑县：春大饥，人相食。三月，，有龙见文庙松林中。夏，霾雨伤稼。——康熙《清苑县志》卷一灾祥,无
536,1555,明世宗嘉靖三十四年,河北,无,定兴县,无,《定兴县志》,定兴县：春大饥，人相食。夏复大水。——康熙《定兴县志》卷一禨祥,无
537,1555,明世宗嘉靖三十四年,河北,无,新城县,无,《新城县志》,新城县：春大饥，人相食。——民国二十四年《新城县志》卷二十二灾祸,无
538,1556,明世宗嘉靖三十五年,河北,无,临渝县,无,《荒政记》,秦皇岛市：明·陈绾《荒政记》：嘉靖丙辰秋，岁大不登，辽民重困。初，关西人率仰给辽东，至是辽人悉出其银钱杂物以易粟，关内近关等处粟顿空。关西人乃浮山东之粟，至丰台，辇运抵山海，辗转接卖，比至其他，费已数倍，斗粟至三四钱，至六七钱。富者犹倾囊自给，贫民遂无从得食，始剥树皮和糠秕食之，又刮苔泥作粉以啖，谓之'土面'，然多肿瘞经死，乃相率剔死人肉食之，久则掠生人食之。——民国《临渝县志》卷八纪事,无
539,1556,明世宗嘉靖三十五年,甘肃,无,庄浪县,无,《庄浪志略》,庄浪县：大饥，人相食，民逃几尽。——乾隆《庄浪志略》卷十九灾祥,无
540,1556,明世宗嘉靖三十五年,甘肃,无,平凉县,无,《甘肃新通志》转引《西北灾荒史》,平凉县：平凉、庄浪等处大饥，人相食。——《甘肃新通志》（宣统元年），《西北灾荒史》第1614页,无
541,1556,明世宗嘉靖三十五年,甘肃,无,庄浪县,无,《甘肃新通志》转引《西北灾荒史》,平凉县：平凉、庄浪等处大饥，人相食。——《甘肃新通志》（宣统元年），《西北灾荒史》第1614页,无
542,1557,明世宗嘉靖三十六年,辽宁,辽阳市,无,无,《盛京通志》,辽阳市：（明）御史周斯盛《发帑救荒疏》：臣照得辽东地方，自嘉靖三十六年大水以后，一望成湖，子粒未获，远近居民家家缺食，鬻妻弃子，流离载道。入冬以来，日甚一日，斗米值钱五钱，且数日市无贩籴，民愈窘迫，始则掘食土面，继而遂至相食，壮者肆行劫掠，无所顾忌，法禁不能止，积孽狼藉，不忍见闻。——康熙《盛京通志》卷三十二艺文,无
543,1558,明世宗嘉靖三十七年,辽宁,辽阳市,无,无,《全辽志》,辽阳市：大饥，人相食，是年斗米银一两。大疫，有阖门死者。——嘉靖《全辽志》卷四祥异,无
544,1558,明世宗嘉靖三十七年,山东,淄博市,无,无,《淄博县志》,淄博市：春饥，人相食。四月，雹，大有如斗者。——万历《淄博县志》卷二十二灾祥,无
545,1559,明世宗嘉靖三十八年,辽宁,无,无,辽东,《中外历史年表》,八月，以辽东连年饥馑，至有父食死子者，发银籴粟赈之。——《中外历史年表》,辽东为古代地名/区域名
546,1560,明世宗嘉靖三十九年,北京,北京,延庆县,无,《延庆州志》,延庆县：大饥，人相食，暴骨原野。——康熙《延庆州志》卷六灾祥,无
547,1560,明世宗嘉靖三十九年,天津,天津,静海县,无,《静海县志》,静海县：三十九至四十年，岁饥，人相食。——同治《静海县志》卷三灾祥,无
548,1560,明世宗嘉靖三十九年,河北,石家庄市,灵寿县,无,《灵寿县志》,灵寿县：夏大旱，蝗蛹遍野，禾稼不登，人相食。父老惊骇，以为凶荒未见有至此极者。——嘉靖《灵寿县志》卷九灾祥,无
549,1560,明世宗嘉靖三十九年,河北,石家庄市,赞皇县,无,《赞皇县志》,赞皇县：大旱，蝗飞蔽天，流移载道，人多相食。——康熙《赞皇县志》卷九祥异,无
550,1560,明世宗嘉靖三十九年,河北,保定市,清苑县,无,《清苑县志》,清苑县：蝗蝻遍地，伤稼。民大饥，至相食。——民国《清苑县志》卷六灾祥,无
551,1560,明世宗嘉靖三十九年,河北,保定市,安新县,无,《安州志》,安新县：蝗蝻遍地，残禾。民大饥，有父子相食者。——康熙《安州志》卷七祥异,无
552,1560,明世宗嘉靖三十九年,河北,保定市,完县,无,《完县志》,完县：大蝗，颗粒无遗，至有父子相食者。——康熙《完县志》卷十灾异,无
553,1560,明世宗嘉靖三十九年,河北,沧州市,沧州市,无,《沧州志》,沧州市：三十九年、四十年，连岁饥，甚至有割死人以食者。诏发部银若干，于畿辅地方赈之。——万历《沧州志》卷五故事,无
554,1560,明世宗嘉靖三十九年,河北,衡水市,武强县,无,《武强县新志》,武强县：岁无雨，四境赤地，井底涸，寸草不生。民间子三十二年房地器物典卖已尽，故饥死者尤众，民相食，间有食其妻子者。——康熙《武强县新志》卷七灾祥,无
555,1560,明世宗嘉靖三十九年,河北,邢台市,内丘县,无,《内丘县志》,内丘县：风霾作孽，蝗飞蔽天。大饥，民食草根树皮，或剥殍肉，或呻吟气尚未绝而操刀剥之者，流离四方不可胜计。——崇祯《内丘县志》变纪,无
556,1560,明世宗嘉靖三十九年,山西,忻州市,静乐县,无,《静乐县志》,静乐县：岁大饥，人相食。——康熙《静乐县志》卷四灾变,无
557,1560,明世宗嘉靖三十九年,山西,晋中市,榆次市,无,《榆次县志》,榆次市：大旱，无秋，人相食，多浮肿死。——万历《榆次县志》卷八灾祥,无
558,1560,明世宗嘉靖三十九年,山西,晋中市,昔阳县,乐平,《乐平县志》,昔阳县：七月，大旱，蝗。至四十年五月方雨，民饥，人相食。——乾隆十八年《乐平县志》卷二祥异,昔阳县为推测，原文为乐平县
559,1560,明世宗嘉靖三十九年,山西,晋中市,太谷县,无,《太谷县志》,太谷县：旱，游饥。人相食。——咸丰《太谷县志》卷二,无
560,1560,明世宗嘉靖三十九年,山西,阳泉市,平定县,平定州,《平定州志》,平定县：七月，大旱，蝗。至四十年五月方雨。民饥，人相食。——乾隆十四年《平定州志》卷二祥异,平定县为推测，原文为平定州
561,1560,明世宗嘉靖三十九年,山西,晋中市,寿阳县,无,《寿阳县志》,寿阳县：大旱，蝗，四十年五月方雨，民饥，相食。——光绪《寿阳县志》卷十三集志,无
562,1560,明世宗嘉靖三十九年,山西,太原市,交城县,无,《交城县志》,交城县：大饥，人相食。——康熙八年《交城县志》卷一灾祥,无
563,1560,明世宗嘉靖三十九年,山西,吕梁市,文水县,无,《文水县志》,文水县：大饥，饿殍盈野，民弃子女，食人肉。——天启《文水县志》卷十灾祥,无
564,1560,明世宗嘉靖三十九年,山东,德州市,德州市,无,《德州志》,德州市：大旱，麦谷全无。饥，人相食。——万历《德州志》卷十灾祥,无
565,1562,明世宗嘉靖四十一年,山西,无,太谷县,无,《太谷县志》,太谷县：三十九至四十一年，岁大歉，百姓逃窜，在者食树皮草根，鸡猪绝于途，人皆相食，死尸枕藉于外，郊外童男女弃置不顾。——万历《太谷县志》卷八灾异,无
566,1565,明世宗嘉靖四十四年,甘肃,无,临夏县,无,《河州志》转引《西北灾荒史》,临夏县：河州岁大荒，市巢每斗七钱，人相食，城池田野，积尸无数。——《河州志》（嘉靖二十五年），转引自《西北灾荒史》第1615页。,无
567,1565,明世宗嘉靖四十四年,甘肃,无,和政县,无,《和政县志》转引《西北灾荒史》,和政县：大旱，斗栗银七钱，人相食，城池遍野积尸无数。——《和政县志》（民国十九年），转引自《西北灾荒史》第1615页。,无
568,1572,明穆宗隆庆六年,陕西,无,榆林县,无,《延绥镇志》,榆林县：复大饥，人相食。——万历《延绥镇志》卷三灾异,无
569,1572,明穆宗隆庆六年,陕西,无,安塞县,无,《安塞县志》,安塞县：旱，饥，人相食。——民国《安塞县志》卷十祥异,无
570,1572,明穆宗隆庆六年,陕西,无,洛川县,无,《洛川县志》,洛川县：旱，饥，人相食。——嘉庆《洛川县志》卷一祥异,无
571,1572,明穆宗隆庆六年,陕西,无,黄陵县,无,《续修中部县志》,黄陵县：大饥，旱，人相食。——嘉庆《续修中部县志》卷二祥异,无
572,1572,明穆宗隆庆六年,陕西,延安市,无,无,《陕西通志》转引《西北灾荒史》,延安市：大旱，饥，人相食。——《陕西通志》（万历三十九年），转引自《西北灾荒史》第420页。,无
573,1580,明神宗万历八年,河南,无,沈丘县,无,《沈丘县志》,沈丘县：大水，饥，人相食。——顺治《沈丘县志》卷十三灾祥,无
574,1580,明神宗万历八年,河南,无,偃师县,无,《偃师县志》,偃师县：大饥，人相食。——顺治《偃师县志》卷二灾祥,无
575,1581,明神宗万历九年,安徽,无,怀远县,无,《怀远县志》,怀远县：旱涝相仍，岁大饥，人有相食者。知县郑际可申灾抚恤，民持以安。——雍正《怀远县志》卷八灾异,无
576,1581,明神宗万历九年,湖北,无,枝江县,无,《枝江县志》,枝江县：大饥，人相食。——道光《枝江县志》卷十四氛祲,无
577,1582,明神宗万历十年,陕西,咸阳市,无,无,《咸阳县志》,咸阳市：大旱，人相食。知县傅公需煮粥，民赖全活。——乾隆《咸阳县志》卷二十祥异,无
578,1582,明神宗万历十年,陕西,无,高陵县,无,《高陵县志》,高陵县：大旱，人相食。——雍正《高陵县志》卷四祥异,无
579,1582,明神宗万历十年,陕西,无,临潼县,无,《临潼县志》,临潼县：大旱，人相食。——康熙《临潼县志》卷六祥异,无
580,1582,明神宗万历十年,陕西,无,华阴县,无,《同州府志》,华阴县：华阴雨雹。是年大旱，人相食。——咸丰《同州府志》卷六沿革表,无
581,1582,明神宗万历十年,陕西,榆林市,无,无,《延绥镇志》,榆林县：旱。大饥，人相食。——万历《延绥镇志》卷三灾异,无
582,1582,明神宗万历十年,陕西,延安市,无,无,《陕西通志》,延安市：大旱，人相食。——康熙六年《陕西通志》卷三十祥异,无
583,1582,明神宗万历十年,陕西,无,洛川县,无,《洛川县志》,洛川县：大旱，饥，人相食。——嘉庆《洛川县志》卷一祥异,无
584,1582,明神宗万历十年,陕西,无,黄陵县,无,《续修中部县志》,黄陵县：大旱，人相食。——嘉庆《续修中部县志》卷二祥异,无
585,1582,明神宗万历十年,甘肃,庆阳市,庆阳县,无,《新修庆阳府志》,庆阳县：旱。大饥，人相食。——乾隆《新修庆阳府志》卷三十七祥眚,无
586,1582,明神宗万历十年,甘肃,庆阳市,合水县,无,《合水县志》,合水县：麦收一分，秋全无。是年及冬十一年春，人有相食者。——乾隆《合水县志》卷下祥异,无
587,1582,明神宗万历十年,甘肃,庆阳市,环县,无,《环县志》,环县：旱。大饥，人相食。——乾隆《环县志》卷十纪事,无
588,1582,明神宗万历十年,甘肃,庆阳市,正宁县,无,《正宁县志》,正宁县：旱。大饥，人相食。——乾隆《正宁县志》卷十三祥眚,无
589,1582,明神宗万历十年,湖北,无,松滋县,无,《松滋县志》,松滋县：大饥，人相食。——康熙九年《松滋县志》卷下禨祥,无
590,1583,明神宗万历十一年,甘肃,无,合水县,无,《合水县志》转引《西北灾荒史》,合水县：春，人有相食者。——《合水县志》（光绪三十四年），转引自《西北灾荒史》第1619页。,无
591,1585,明神宗万历十三年,河南,无,孟县,无,《华北、东北近五百年旱涝史料》,孟县：大饥，人相食，瘟疫。——《华北、东北近五百年旱涝史料》第四分册，第50页。,无
592,1586,明神宗万历十四年,天津,天津,宝坻县,无,《宝坻县志》,宝坻县：旱，飞蝗蔽空，邑令漆圆捕蝗三十石。大饥，民相食。——乾隆《宝坻县志》卷十四襤祥,无
593,1586,明神宗万历十四年,山西,无,太谷县,无,《太谷县志》,太谷县：大旱。官为煮粥济饥，人多相食。——咸丰《太谷县志》卷八灾祥,无
594,1586,明神宗万历十四年,河南,无,登封县,无,《登封县志》,登封县：旱，谷斗全伤。大饥，人相食。——康熙《登封县志》卷九灾祥,无
595,1587,明神宗万历十五年,山西,无,潞城县,无,《潞城县志》,潞城县：春疫大作，死者枕路，生者相食。——康熙《潞城县志》卷八祥异,无
596,1587,明神宗万历十五年,山西,无,襄汾县,无,《襄陵县志》,襄汾县：十四、十五两年，连遭大饥，民多食石脂，甚或人相食。——光绪《襄陵县志》卷十四祥异,无
597,1587,明神宗万历十五年,山西,无,乡宁县,无,《乡宁县志》,乡宁县：遭大饥，民多食石脂，甚或人相食。——顺治《乡宁县志》卷六祥异,无
598,1587,明神宗万历十五年,陕西,无,永寿县,无,《永寿县志余》,永寿县：大旱，人相食。——嘉庆《永寿县志余》卷六灾祥,无
599,1587,明神宗万历十五年,陕西,无,潼关县,无,《潼关卫志》,潼关县：大饥，人相食。——康熙《潼关卫志》卷上灾祥,无
600,1587,明神宗万历十五年,陕西,无,米脂县,无,《米脂县志》,米脂县：大饥，人相食。知县张可立赈济。——康熙《米脂县志》卷一灾祥,无
601,1587,明神宗万历十五年,甘肃,庆阳,无,无,《甘肃新通志》,春大疫。庆阳、文县。庄浪。清水等处旱，饥，人相食，流亡过半。——光绪《甘肃新通志》卷二祥异,原文为庆阳，现代对应庆阳市
602,1587,明神宗万历十五年,甘肃,无,文县,无,《甘肃新通志》,春大疫。庆阳、文县。庄浪。清水等处旱，饥，人相食，流亡过半。——光绪《甘肃新通志》卷二祥异,无
603,1587,明神宗万历十五年,甘肃,无,庄浪,无,《甘肃新通志》,春大疫。庆阳、文县。庄浪。清水等处旱，饥，人相食，流亡过半。——光绪《甘肃新通志》卷二祥异,无
604,1587,明神宗万历十五年,甘肃,无,清水,无,《甘肃新通志》,春大疫。庆阳、文县。庄浪。清水等处旱，饥，人相食，流亡过半。——光绪《甘肃新通志》卷二祥异,无
605,1587,明神宗万历十五年,甘肃,庆阳,无,无,《甘肃新通志》转引《西北灾荒史》,庆阳、文县、庄浪、清水、正宁、秦州等处旱，饥，人相食，流亡过半。——《甘肃新通志》（宣统元年），转引自《西北灾荒史》第425页。,原文为庆阳，现代对应庆阳市
606,1587,明神宗万历十五年,甘肃,无,文县,无,《甘肃新通志》转引《西北灾荒史》,庆阳、文县、庄浪、清水、正宁、秦州等处旱，饥，人相食，流亡过半。——《甘肃新通志》（宣统元年），转引自《西北灾荒史》第425页。,无
607,1587,明神宗万历十五年,甘肃,无,庄浪,无,《甘肃新通志》转引《西北灾荒史》,庆阳、文县、庄浪、清水、正宁、秦州等处旱，饥，人相食，流亡过半。——《甘肃新通志》（宣统元年），转引自《西北灾荒史》第425页。,无
608,1587,明神宗万历十五年,甘肃,无,清水,无,《甘肃新通志》转引《西北灾荒史》,庆阳、文县、庄浪、清水、正宁、秦州等处旱，饥，人相食，流亡过半。——《甘肃新通志》（宣统元年），转引自《西北灾荒史》第425页。,无
609,1587,明神宗万历十五年,甘肃,无,正宁,无,《甘肃新通志》转引《西北灾荒史》,庆阳、文县、庄浪、清水、正宁、秦州等处旱，饥，人相食，流亡过半。——《甘肃新通志》（宣统元年），转引自《西北灾荒史》第425页。,无
610,1587,明神宗万历十五年,甘肃,秦州,无,秦州,《甘肃新通志》转引《西北灾荒史》,庆阳、文县、庄浪、清水、正宁、秦州等处旱，饥，人相食，流亡过半。——《甘肃新通志》（宣统元年），转引自《西北灾荒史》第425页。,秦州为古代地名，现代对应天水市
611,1587,明神宗万历十五年,甘肃,无,庄浪,无,《庄浪志略》,庄浪县：又旱，人相食，流亡过半。——乾隆《庄浪志略》卷十九灾祥,无
612,1587,明神宗万历十五年,甘肃,无,文县,无,《甘肃新通志》,文县：旱，饥，人相食，流亡过半。——光绪《甘肃新通志》卷二祥异,无
613,1587,明神宗万历十五年,河南,无,原阳县,原武,《原武县志》,原阳县：秋八月，河决冲横，四望皆赤。人相食，鬻女货妇无售者，童稚弃道而不育。——乾隆《原武县志》卷九艺文,原文为原阳县，来源为《原武县志》，原武为古代地名
614,1587,明神宗万历十五年,河南,无,林县,无,《林县志》,林县：夏大旱，秋无禾。冬，大饥，相食。——万历《林县志》卷八灾祥,无
615,1587,明神宗万历十五年,河南,无,汝阳县,无,《伊阳县志》,汝阳县：至六月不雨，荞麦每斗银四钱余。九月十二日，大雪尺余，晚禾尽杀。至次年春，邑民饥死盈野，父子相食。问之父老，自立县以来未有荒旱疫疠如此之甚。——顺治《伊阳县志》卷二灾异,无
616,1587,明神宗万历十五年,河南,无,灵宝县,阌乡,《阌乡县志》,灵宝县：大饥，人相食。——顺治《阌乡县志》卷一灾异,原文为灵宝县，来源为《阌乡县志》，阌乡为古代地名
617,1587,明神宗万历十五年,河南,无,陕县,陕州,《重修直隶陕州志》,陕县：大饥，人相食。——乾隆《重修直隶陕州志》卷十九灾祥,原文为陕县，来源为《重修直隶陕州志》，陕州为古代地名
618,1588,明神宗万历十六年,甘肃,无,庆阳,无,《甘肃新通志》,庆阳、文县、庄浪、清水等处旱，饥，人相食，流亡过半。——《甘肃新通志》（宣统元年），转引自《西北灾荒史》第425页。,无
619,1588,明神宗万历十六年,甘肃,无,文县,无,《甘肃新通志》,庆阳、文县、庄浪、清水等处旱，饥，人相食，流亡过半。——《甘肃新通志》（宣统元年），转引自《西北灾荒史》第425页。,无
620,1588,明神宗万历十六年,甘肃,无,庄浪,无,《甘肃新通志》,庆阳、文县、庄浪、清水等处旱，饥，人相食，流亡过半。——《甘肃新通志》（宣统元年），转引自《西北灾荒史》第425页。,无
621,1588,明神宗万历十六年,甘肃,无,清水,无,《甘肃新通志》,庆阳、文县、庄浪、清水等处旱，饥，人相食，流亡过半。——《甘肃新通志》（宣统元年），转引自《西北灾荒史》第425页。,无
622,1588,明神宗万历十六年,山东,泰安市,泰安县,无,《泰安县志》,泰安县：十六、十七年州屡饥，斗钱三钱，贫民取饿殍肉食之，群盗蜂起。——乾隆四十七年《泰安县志》卷十四祥异,无
623,1588,明神宗万历十六年,山东,莱芜市,莱芜市,无,《莱芜县志》,莱芜市：饥，人相食。——光绪《莱芜县志》卷二灾祥,无
624,1588,明神宗万历十六年,山东,菏泽市,菏泽市,无,《菏泽县志》,菏泽市：岁大饥，人食榆皮、草根既尽，遂相食，至父子、夫妻不相顾，且瘟疫盛行，饿及病死者大半，至有全家尽死者。——光绪《菏泽县志》卷十九灾祥,无
625,1588,明神宗万历十六年,山东,菏泽市,东明县,无,《东明县志》,东明县：大饥，斗米二百余钱，人相食。疫气流行，人死过半。夏麦大熟，委弃在野，不尽收割。——康熙《东明县志》卷七灾祥,无
626,1588,明神宗万历十六年,山东,菏泽市,成武县,无,《华北、东北近五百年旱涝史料》,成武县：大饥，人相食。——《华北、东北近五百年旱涝史料》第三分册，第78页。,无
627,1588,明神宗万历十六年,山东,菏泽市,定陶县,无,《华北、东北近五百年旱涝史料》,定陶县：大饥，人相食，树皮草根殆尽。——《华北、东北近五百年旱涝史料》第三分册，第78页。,无
628,1588,明神宗万历十六年,上海,上海,南汇县,无,《分建南汇县志》,南汇县：大水，人相食。——雍正《分建南汇县志》卷十四救荒,无
629,1588,明神宗万历十六年,江苏,南京市,溧水县,无,《溧水县志》,溧水县：岁大饥，人相食。知县杜充继申请应天府丞许疏，准动帑银筑凤贤圩各埂，饥民赖之。——康熙《溧水县志》卷一邑纪,无
630,1588,明神宗万历十六年,江苏,南通市,南通县,无,《州乘资》,南通县：大旱，民饥，人相食。——弘光《州乘资》卷一禨祥,无
631,1588,明神宗万历十六年,江苏,徐州市,徐州市,无,《徐州志》,徐州市：春大饥，人相食。夏大疫，死者相望。——顺治《徐州志》卷八灾祥,无
632,1588,明神宗万历十六年,江苏,淮安市,淮安市,无,《华东地区近五百年气候历史资料》,淮安市：五月，民饥相食。——《华东地区近五百年气候历史资料》第二分册，第31页。,无
633,1588,明神宗万历十六年,安徽,宿州市,萧县,无,《徐州府志》,萧县：徐、肖春大饥，人相食，夏大疫，死者相枕。——同治《徐州府志》卷二十五,无
634,1588,明神宗万历十六年,安徽,宿州市,泗县,泗州,《明实录》,泗县、凤阳县：凤阳、泗州五月民饥，相食。——《明实录》,无
635,1588,明神宗万历十六年,安徽,滁州市,凤阳县,无,《明实录》,泗县、凤阳县：凤阳、泗州五月民饥，相食。——《明实录》,无
636,1588,明神宗万历十六年,河南,郑州市,郑州市,无,《郑州志》,郑州市：瘟疫大作，民死几半，人相食。——康熙《郑州志》卷一灾祥,无
637,1588,明神宗万历十六年,河南,郑州市,荥阳县,无,《荥阳县志》,荥阳县：大饥，疫。人相食，白骨满路。——顺治《荥阳县志》卷七灾祥,无
638,1588,明神宗万历十六年,河南,开封市,杞县,无,《杞乘》,杞县：春，大饥，人相食。夏四月，寒甚，数多风霾，昼常晦。是年，大疫，自春徂秋死者万余人。——万历《杞乘》卷二今总纪,无
639,1588,明神宗万历十六年,河南,郑州市,新郑县,无,《新郑县志》,新郑县：大饥，人相食。——顺治《新郑县志》卷五祥异,无
640,1588,明神宗万历十六年,河南,郑州市,中牟县,无,《中牟县志》,中牟县：大饥，父子相食。疫死。——天启《中牟县志》卷二物异,无
641,1588,明神宗万历十六年,河南,郑州市,密县,无,《密县志》,密县：大饥，人相食。——顺治九年《密县志》卷七祥异,无
642,1588,明神宗万历十六年,河南,新乡市,新乡县,无,《新乡县续志》,新乡县：荒，人相食。大疫，死者枕藉，至不能殓，填弃沟壑。——康熙《新乡县续志》卷二灾异,无
643,1588,明神宗万历十六年,河南,新乡市,获嘉县,无,《获嘉县志》,获嘉县：春旱大饥，疫起，死者枕藉，饥民相食。——万历《获嘉县志》卷十杂志,无
644,1588,明神宗万历十六年,河南,济源市,济源县,无,《济源县志》,济源县：大饥，大疫，人相食。——乾隆《济源县志》卷一祥异,无
645,1588,明神宗万历十六年,河南,新乡市,原阳县,原武县,《原武县志》,原阳县：春大饥，斗米二百钱，人相食，甚至骨肉相残。瘟疫大作，死者枕藉道路。——万历《原武县志》卷上祥异,无
646,1588,明神宗万历十六年,河南,焦作市,武陟县,无,《武陟县志》,武陟县：春大饥，人相食，斗米千钱。瘟疫大作，死者枕藉道路。——康熙《武陟县志》卷一灾祥,无
647,1588,明神宗万历十六年,河南,焦作市,孟县,无,《孟县志》,孟县：大饥，人相食，瘟疫，死者枕藉道路。——康熙《孟县志》卷七灾祥,无
648,1588,明神宗万历十六年,河南,焦作市,沁阳县,河内县,《河内县志》,沁阳县：大疫，大饥，死者枕藉，城野人相食。——万历《河内县志》卷一灾祥,无
649,1588,明神宗万历十六年,河南,焦作市,修武县,无,《修武县志》,修武县：春，饥，民食树皮蒺藜等物殆尽，死者填塞道路，人或父子相食。夏，瘟疫大作，有一家全殒者，虽至亲不问吊。是岁属戊子，与嘉靖七年戊子合而尤甚。——康熙《修武县志》卷四祥异,无
650,1588,明神宗万历十六年,河南,鹤壁市,浚县,无,《浚县志》,浚县：大饥，人相食。——康熙《浚县志》卷一祥异,无
651,1588,明神宗万历十六年,河南,鹤壁市,淇县,无,《淇县志》,淇县：春大疫，人相食。——顺治《淇县志》卷十灾祥,无
652,1588,明神宗万历十六年,河南,许昌市,鄢陵县,无,《鄢陵文献志》,鄢陵县：大饥，人相食，病瘟死伤尤众。——同治《鄢陵文献志》卷二十三祥异,无
653,1588,明神宗万历十六年,河南,漯河市,鄢城县,无,《鄢城县志》,鄢城县：春大饥，人相食。夏大疫，死者过半。——顺治《鄢城县志》卷八祥异,无
654,1588,明神宗万历十六年,河南,平顶山市,郏县,无,《郏县志》,郏县：大饥，人至相食。——顺治《郏县志》卷一灾祥,无
655,1588,明神宗万历十六年,河南,许昌市,禹县,禹州,《禹州志》,禹县：春大饥，人相食。夏大疫，死者甚众。——顺治《禹州志》卷九工作机制,无
656,1588,明神宗万历十六年,河南,平顶山市,临汝县,无,《汝州全志》,临汝县：春，阖郡大饥，人相食。——道光《汝州全志》卷九灾祥,无
657,1588,明神宗万历十六年,湖北,黄冈市,罗田县,无,《罗田县志》,罗田县：旱，人相食。——康熙五十六年《罗田县志》卷一灾异,无
658,1589,明神宗万历十七年,山东,泰安市,无,无,《泰安县志》,泰安市：州屡饥，斗米三钱，贫民取饿殍肉食之，群盗蜂起。——乾隆四十七年《泰安县志》卷十四祥异,无
659,1589,明神宗万历十七年,安徽,合肥市,无,无,《庐州府志》,合肥市：府属大旱，饥，升米百钱，人相食。——康熙三十五年《庐州府志》卷三祥异,无
660,1589,明神宗万历十七年,安徽,六安市,无,无,《重修六安州志》,六安县：大饥，人相食。——康熙《重修六安州志》卷十祥异,无
661,1589,明神宗万历十七年,河南,无,息县,无,《息县志》,息县：大旱，饥。自春至秋不雨，人相食。——顺治《息县志》卷十灾异,无
662,1589,明神宗万历十七年,河南,无,光山县,无,《光山县志》,光山县：旱，斗米三钱。人相食。——顺治《光山县志》卷十二灾祥,无
663,1589,明神宗万历十七年,湖北,无,汉川县,无,《汉川县志》,汉川县：大旱，饥，人相食。——乾隆《汉川县志》祥禄,无
664,1589,明神宗万历十七年,湖北,鄂州市,无,无,《武昌县志》,鄂州市：大旱，人相食。——康熙《武昌县志》卷七灾异,无
665,1590,明神宗万历十八年,湖北,无,黄冈县,无,《黄冈县志》,黄冈县：夏四月，雨雹如砖。大疫，人相食。——万历《黄冈县志》卷十灾祥,无
666,1591,明神宗万历十九年,甘肃,庆阳市,庆阳县,无,《新修庆阳府志》,庆阳县：大饥，人相食。——乾隆《新修庆阳府志》卷三十七祥眚,无
667,1591,明神宗万历十九年,甘肃,庆阳市,正宁县,无,《正宁县志》,正宁县：大饥，人相食。——乾隆《正宁县志》卷十三祥眚,无
668,1591,明神宗万历十九年,河南,信阳市,罗山县,无,《华北、东北近五百年旱涝史料》,罗山县：旱大饥，人相食。——《华北、东北近五百年旱涝史料》第四分册，第81页,无
669,1592,明神宗万历二十年,安徽,萧县,萧县,无,《萧县志》,萧县等：徐、萧大饥，人相食，疫复盛行，死者载道。——嘉庆《萧县志》卷十八祥异,无
670,1592,明神宗万历二十年,河南,西平县,西平县,无,《西平县志》,西平县：大祲，民相残食。——民国《西平县志》卷十二编年,无
671,1593,明神宗万历二十一年,山东,临沂市,费县,无,《费县志》,费县：夏，霾雨四十余日，所在淹没，高地亦涝而无收。至次年春，食榆皮，人相食。——康熙二十八年《费县志》卷五灾异,无
672,1593,明神宗万历二十一年,山东,济宁市,鱼台县,无,《鱼台县志》,鱼台县：冬饥，至二十二春大饥，人相食。——乾隆《鱼台县志》卷三灾祥,无
673,1593,明神宗万历二十一年,江苏,徐州市,徐州市,无,《徐州志》,徐州市：大饥，人相食，病疫盛行，死者充道。督扰请留南粮赈之。——顺治《徐州志》卷八灾祥,无
674,1593,明神宗万历二十一年,江苏,徐州市,睢宁县,无,《睢宁县旧志》,睢宁县：岁大歉，谷涌贵，人相食。——康熙《睢宁县旧志》卷九灾祥,无
675,1593,明神宗万历二十一年,安徽,宿州市,萧县,无,《萧县志》,萧县：大饥，人相食，瘟疫盛行，死者载道。——顺治《萧县志》卷五灾祥,无
676,1593,明神宗万历二十一年,河南,郑州市,新郑县,无,《新郑县志》,新郑县：大饥，人相食。——顺治《新郑县志》卷五祥异,无
677,1593,明神宗万历二十一年,河南,周口市,扶沟县,无,《扶沟县志》,扶沟县：五月，霾雨五十日。麦熟未刈，雨，平地水深三尺，尽为腐烂。秋复大水，遂大饥。民有骨肉相食者。——康熙三十八年《扶沟县志》卷四灾异,无
678,1593,明神宗万历二十一年,河南,周口市,项城县,无,《陈州府志》,项城县：四月初，霆雨淋漓，抵八月方己四野弥漫，舟航遍地。夏麦漂没，秋种不得播，民间室庐冲圮，米珠薪桂，比户嗷嗷。始犹食鱼虾，继则食树皮，哺草根，复乃同类相残，道殛绝无完肤，毙骸枕藉，白骨累累，诚人间未有之矣。——乾隆《陈州府志》卷三十杂志,无
679,1593,明神宗万历二十一年,河南,许昌市,许昌县,无,《许州志》,许昌县：大饥，人相食。——康熙《许州志》卷九祥异,无
680,1593,明神宗万历二十一年,河南,许昌市,襄城县,无,《襄城县志》,襄城县：大饥，人相食。——万历《襄城县志》卷七灾异,无
681,1593,明神宗万历二十一年,河南,平顶山市,鲁山县,无,《鲁山县全志》,鲁山县：大霖雨，四月至八月平地为渊，夏秋未登。民至父子相食，盗贼蜂起。——乾隆《鲁山县全志》卷九祥异,无
682,1593,明神宗万历二十一年,河南,平顶山市,郏县,无,《郏县志》,郏县：自夏至秋，霾雨害禾。次年春大饥，父子相食。——顺治《郏县志》卷一灾祥,无
683,1593,明神宗万历二十一年,河南,漯河市,临颍县,无,《临颍县续志》,临颍县：大饥，人相食。——乾隆《临颍县续志》卷七灾祥,无
684,1593,明神宗万历二十一年,河南,平顶山市,宝丰县,无,《宝丰县志》,宝丰县：自夏至秋，霾雨害稼。次年春大饥，易子而食。——乾隆《宝丰县志》卷五灾祥,无
685,1593,明神宗万历二十一年,河南,驻马店市,西平县,无,《西平县志》,西平县：大雨两月，麦禾尽没，人民相食，饥殍载道。——康熙《西平县志》卷十外志,无
686,1593,明神宗万历二十一年,河南,驻马店市,正阳县,无,《真阳县志》,正阳县：蝗，人相食。——康熙《真阳县志》卷八灾祥,无
687,1593,明神宗万历二十一年,河南,信阳市,罗山县,无,《罗山县志》,罗山县：旱，大饥，人相食。——乾隆《罗山县志》卷八灾祥,无
688,1593,明神宗万历二十一年,河南,南阳市,邓县,无,《邓州志》,邓县：水荒，民相食。——顺治《邓州志》卷二郡记,无
689,1593,明神宗万历二十一年,河南,南阳市,浙川县,无,《浙川县志》,浙川县：霾雨，自四月朔日至七月止。六月，麦尚未获。冬大饥，人相食。——康熙《浙川县志》卷八灾祥,无
690,1593,明神宗万历二十一年,河南,南阳市,内乡县,无,《内乡县志》,内乡县：四月雨，至七月方止。六月尚未收麦。是年冬大饥，人相食。——康熙五十一年《内乡县志》卷八灾祥,无
691,1593,明神宗万历二十一年,河南,三门峡市,无,陕州,《陕州志》,三门峡市：大饥，人相食。——顺治《陕州志》卷七人物,陕州为古代地名，今为三门峡市陕州区
692,1594,明神宗万历二十二年,山东,潍坊市,潍坊市,无,《潍县志稿》,潍坊市：大饥，人相食。——民国《潍县志稿》卷二通纪,无
693,1594,明神宗万历二十二年,山东,无,平度县,无,《重修平度州志》,平度县：大饥，人相食。——道光《重修平度州志》卷二十六大事,无
694,1594,明神宗万历二十二年,山东,无,即墨县,无,《即墨县志》,即墨县：大饥，人相食。——乾隆《即墨县志》卷十一灾祥,无
695,1594,明神宗万历二十二年,山东,无,费县,无,《费县志》,费县：春大饥，人相食。——光绪《费县志》卷十六祥异,无
696,1594,明神宗万历二十二年,江苏,徐州市,徐州市,无,《徐州府志》,徐州市：五月大雨，邳城陷水中。六月，邳州、宿迁溺死人无算。是年，徐、肖大饥，人相食。疫盛行，死者载道。沛、丰亦苦霖雨凡三月，人有食草木皮者。——同治《徐州府志》卷二十五,无
697,1594,明神宗万历二十二年,江苏,无,盱眙县,无,《明实录》,盱眙县：…昨岁各省伤情；…及徐淮近河之地为尤甚，民间至有剥树皮屑革子而食，至又有割死尸，杀生人而食者。——《明实录》,"疑似OCR错误','应为'剥'"
698,1594,明神宗万历二十二年,安徽,无,霍邱县,无,《霍邱县志》,霍邱县：春大饥，人相食，饿殍枕藉。——康熙《霍邱县志》卷上灾祥,无
699,1594,明神宗万历二十二年,安徽,无,阜阳县,无,《阜阳县志》,阜阳县：春，人相食，饿殍枕藉。冬，大荒。——乾隆《阜阳县志》卷一郡纪,无
700,1594,明神宗万历二十二年,安徽,无,亳州,无,《亳州志》,亳州：春饥，饿殍枕藉，人食人。——乾隆五年《亳州志》卷一灾祥,无
701,1594,明神宗万历二十二年,安徽,无,颍上县,无,《颍上县志》,颍上县：春大饥，米贵，斗百五十文，人相食，饿殍枕藉。城市惊盗，昼常戒严。夏秋大熟。本年扰安奏灾，发帑藏银并临清仓熟米煮粥行赈。——顺治《颍上县志》卷十一灾祥,无
702,1594,明神宗万历二十二年,安徽,无,太和县,无,《太和县志》,太和县：春饥，人相食。秋大熟。——民国《太和县志》卷十二灾祥,无
703,1594,明神宗万历二十二年,安徽,无,萧县,无,《徐州府志》,萧县：五月大雨，邳城陷水中。六月，邳州、宿迁溺死人无算。是年，徐、萧大饥，人相食。疫盛行，死者载道。——同治《徐州府志》卷二十五,无
704,1594,明神宗万历二十二年,河南,无,淮阳县,无,《续修陈州志》,淮阳县：春正月，雷鸣。民大饥，时五谷极贵，草根木皮人藉为食，僵殍相望，同类相食，流民抛弃儿女于路，不顾而去。夏五月，州大水，莲花池堤决，积水侵城，室庐倾圮，田禾一空。——康熙《续修陈州志》卷四灾异,无
705,1594,明神宗万历二十二年,河南,无,确山县,无,《确山县志》,确山县：春，人相食。夏大疫。——乾隆《确山县志》卷四禨祥,无
706,1594,明神宗万历二十二年,河南,无,汝南县,无,《汝阳县志》,汝南县：春，人相食。癸巳九月至明年四月，剡壕尸，掘冢墓，啖生人，父子、兄弟夫妇互俎，而贾人肉于市。夏大疫，飞蝇蔽天，自北而南，野蒿如林，成拱成把。——顺治《汝阳县志》卷十禨祥,无
707,1594,明神宗万历二十二年,河南,无,新蔡县,无,《新蔡县志》,新蔡县：大荒，人将相食，死者枕藉道路，四城门朝暮间异葬出者数百家。——康熙《新蔡县志》卷七杂述,无
708,1594,明神宗万历二十二年,河南,无,上蔡县,无,《上蔡县志》,上蔡县：春，人相食。有司疏闻，发帑金遣官赈济。始食树皮，继食道瘞，甚至父子兄弟夫妇相食，遂以人肉市者。是夏大疫。——康熙《上蔡县志》卷十二编年,无
709,1594,明神宗万历二十二年,河南,无,息县,无,《息县志》,息县：春大饥。夏旱，大疫。斗米二钱，人相食，至以人肉市。遣官振济。——顺治《息县志》卷十灾异,无
710,1595,明神宗万历二十三年,山东,无,昌邑县,无,《昌邑县志》,山东：昌邑县：春大饥，人相食。夏四月、五月大疫。——康熙《昌邑县志》卷一祥异,无
711,1595,明神宗万历二十三年,山东,滕州市,无,无,《滕县志》,山东：滕州市：大饥，殛者枕藉于道，人相食。——顺治《滕县志》卷三灾异,无
712,1598,明神宗万历二十六年,河南,无,永城县,无,《永城县志》,永城县：大饥，人相食，河役繁兴，瘟疫频行。给谏杨公东明绘《流民图》以上，诏赈济。——康熙《永城县志》卷八灾异,无
713,1598,明神宗万历二十六年,河南,洛阳市,无,无,《洛阳县志》,洛阳市：大旱，无禾，人相食。——顺治《洛阳县志》卷八灾异,无
714,1599,明神宗万历二十七年,山西,五台县,五台县,无,《五台县志》,五台县：秋，社日霜厚一寸，百谷尽死，人相食。——康熙《五台县志》卷八祥异附,无
715,1600,明神宗万历二十八年,河北,无,武强县,无,《重修武强县志》,武强县：夏大旱，蝗蝻遍地，食禾殆尽。民大饥，积尸满野，人相食，有弃子女井中、升米鬻妻、自缢服毒者。——康熙《重修武强县志》卷二灾祥,无
716,1600,明神宗万历二十八年,山西,无,岢岚县,无,《岢岚州志》,岢岚县：饥，人相食，死者枕藉。——康熙《岢岚州志》卷一祥异,无
717,1604,明神宗万历三十二年,河南,无,夏邑县,无,《夏邑县志》,夏邑县：大饥，人相食。——康熙《夏邑县志》卷十灾异,无
718,1605,明神宗万历三十三年,河北,无,迁安县,无,《迁安县志》,迁安县：春大饥。至夏六月大雨，滦河水溢。道瘞相望，父鬻子。夫卖妻，人民相食。——康熙十八年《迁安县志》卷七灾祥,无
719,1605,明神宗万历三十三年,安徽,无,蒙城县,无,《蒙城县志》,蒙城县：大疫，人相食。——顺治《蒙城县志》卷六灾祥,无
720,1607,明神宗万历三十五年,浙江,无,吴兴县,无,《华东地区近五百年气候历史资料》,浙江：吴兴县：乌程淫雨。三吴沈灶产蛙，人相食。——《华东地区近五百年气候历史资料》第四分册，第49页。,无
721,1608,明神宗万历三十六年,陕西,无,户县,无,《鄂县志》,陕西：户县：岁大饥，人相食。——康熙《鄂县志》卷八灾异,无
722,1608,明神宗万历三十六年,陕西,无,周至县,无,《重修盩厔县志》,陕西：周至县：岁大饥，人相食。——乾隆《重修盩厔县志》卷十三祥异,无
723,1609,明神宗万历三十七年,山西,无,阳曲县,无,《阳曲县志》,阳曲县：大荒，米珠薪桂，人至相食。——道光《阳曲县志》志余,无
724,1609,明神宗万历三十七年,山西,无,孟县,无,《孟县志》,孟县：大荒，旱，人相食。——乾隆《孟县志》卷二叢祥,无
725,1610,明神宗万历三十八年,河北,无,平山县,无,《平山县志》,平山县：春，斗米二钱，民相食。——康熙《平山县志》卷一事纪,无
726,1610,明神宗万历三十八年,河北,无,临城县,无,《临城县志》,临城县：大饥，有食人者。——康熙三十年《临城县志》卷八欵祥,无
727,1610,明神宗万历三十八年,山东,无,平度县,无,《华北、东北近五百年旱涝史料》,平度县：旱蝗饥，人相食。——《华北、东北近五百年旱涝史料》第三分册，第6页。,无
728,1613,明神宗万历四十一年,江苏,无,赣榆县,无,《赣榆县志》,江苏赣榆县：大旱，人相食，男女，道雍相望。——光绪《赣榆县志》卷十七祥异,无
729,1614,明神宗万历四十二年,山东,无,章丘县,无,《章邱县志》,章丘县：秋田颗粒无成，遂成饥，人食树皮，父子相食。——康熙《章邱县志》卷一灾祥,无
730,1614,明神宗万历四十二年,河北,无,盐山县,无,《华北、东北近五百年旱涝史料》,盐山县：大旱，人相食。——《华北、东北近五百年旱涝史料》第二分册，第29页,无
731,1615,明神宗万历四十三年,河北,迁安市,迁安县,无,《迁安县志》,迁安县：春正月不雨，至于是七月。大荒，饥。人民结党抢掠，人相食。诏发仓赈济，劝富户输粟助赈。——康熙十八年《迁安县志》卷七灾祥,无
732,1615,明神宗万历四十三年,陕西,渭南市,澄城县,无,《澄城县志》,澄城县：大饥，人相食。——《澄城县志》咸丰元年，转引自《西北灾荒史》第1625页。,无
733,1615,明神宗万历四十三年,山东,济南市,历城县,无,《历乘》,历城县：夏六月，大旱，东城楼兽喷烟，三月不雨。岁大饥，父子相食。——崇祯《历乘》卷十三灾祥,无
734,1615,明神宗万历四十三年,山东,济南市,章丘市,无,《章丘县志》,章丘县：大饥，人相食。——乾隆《章丘县志》卷五祥异,无
735,1615,明神宗万历四十三年,山东,淄博市,淄博市,无,《淄博县志》,淄博市：大饥，人相食。御史过庭训奉朝命来淄赈济。——康熙二十四年《淄博县志》卷一灾祥,无
736,1615,明神宗万历四十三年,山东,德州市,齐河县,无,《齐河县志》,齐河县：夏大旱，饥，人相食。遣御史过庭训赈之。——康熙《齐河县志》卷六灾祥,无
737,1615,明神宗万历四十三年,山东,德州市,禹城市,无,《禹城县志》,禹城县：大旱，赤地千里，人相食。——嘉庆《禹城县志》卷十一灾祥,无
738,1615,明神宗万历四十三年,山东,德州市,平原县,无,《平远县志》,平原县：春夏大旱，蝗，千里如焚。民饥，或父子相食。诏留税粮，遣御史过庭训赈之。庭训赈恤有方，全活者重。——乾隆《平远县志》卷九灾祥,无
739,1615,明神宗万历四十三年,山东,德州市,武城县,无,《武城县志》,武城县：大饥，人相食。——乾隆《武城县志》卷十二祥异,无
740,1615,明神宗万历四十三年,山东,德州市,庆云县,无,《庆云县志》,庆云县：大旱，人相食，群聚为盗。——康熙《庆云县志》卷十一灾祥,无
741,1615,明神宗万历四十三年,山东,滨州市,无棣县,无,《无棣县志》,无棣县：夏大旱，秋八月，陨霜。大饥，人相食，群聚为盗。——民国《无棣县志》卷十六祥异,无
742,1615,明神宗万历四十三年,山东,滨州市,滨州市,无,《滨州志》,滨县：旱。秋八月，腊。岁大饥，人相食。——康熙《滨州志》卷八事纪,无
743,1615,明神宗万历四十三年,山东,东营市,利津县,无,《利津县新志》,利津县：大饥，人相食。——康熙《利津县新志》卷九祥异,无
744,1615,明神宗万历四十三年,山东,滨州市,沾化县,无,《沾化县志》,沾化县：是年，邑大旱，人相食，邻邑皆大饥。——民国《沾化县志》卷七大事纪,无
745,1615,明神宗万历四十三年,山东,东营市,广饶县,无,《乐安县续志》,广饶县：大饥，人相食。——康熙《乐安县续志》卷上纪年,无
746,1615,明神宗万历四十三年,山东,潍坊市,青州市,无,《青州府志》,青州市：青州大饥，人相食。自四月不雨，黍、谷、豆俱无。至八九月间，蝗台南地，食麦苗又尽，于是粟价涌贵，盗贼蜂起。——康熙十五年《青州府志》卷二十灾异,无
747,1615,明神宗万历四十三年,山东,潍坊市,寿光市,无,《寿光县志》,寿光县：旱，蝗。岁大饥，人相食。齐地生齿十去五六。——康熙《寿光县志》卷一总纪,无
748,1615,明神宗万历四十三年,山东,潍坊市,昌乐县,无,《昌乐县志》,昌乐县：夏旱，蝗。大饥，人相食。遣使赈荒。——嘉庆《昌乐县志》卷一总纪,无
749,1615,明神宗万历四十三年,山东,潍坊市,临朐县,无,《临朐县志》,临朐县：夏旱，蝗。秋大饥，父子相食。——光绪《临朐县志》卷十大事表,无
750,1615,明神宗万历四十三年,山东,潍坊市,安丘市,无,《续安邱县志》,安丘县：夏旱，蝗。秋大饥，栗价涌贵，民刮木皮和糠秕而食，林木为之一尽，饿死者道相枕藉，乃有割尸肉而食者。——康熙《续安邱县志》卷一总纪,无
751,1615,明神宗万历四十三年,山东,潍坊市,诸城市,无,《诸城县志》,诸城县：大旱，蝗。大饥，人相食，鬻子女，至有人市。——乾隆《诸城县志》卷二总纪,无
752,1615,明神宗万历四十三年,山东,潍坊市,昌邑市,无,《昌邑县志》,昌邑县：蝗，旱。至四十四年春大饥，人民相食，妇女南贩以千万计，名曰'贩梢'。途劫杀伤之横，亘古未见。——康熙《昌邑县志》卷一祥异,无
753,1615,明神宗万历四十三年,山东,潍坊市,潍坊市,无,《潍县志》,潍坊市：大饥，人相食，妇女南贩以万计。——乾隆《潍县志》卷六祥异,无
754,1615,明神宗万历四十三年,山东,青岛市,胶州市,无,《胶州志》,胶县：夏大旱，有蝗，蚜鲂复起。禾稼尽，饥民相食。——康熙《胶州志》卷六灾祥,无
755,1615,明神宗万历四十三年,山东,青岛市,高密市,无,《高密县志》,高密县：旱，蝗。饥，至人相食。——乾隆《高密县志》卷十纪事,无
756,1615,明神宗万历四十三年,山东,青岛市,平度市,无,《重修平度州志》,平度县：大疫，饥，至人相食。——道光《重修平度州志》卷二十六大事,无
757,1615,明神宗万历四十三年,山东,烟台市,莱州市,无,《掖县志》,掖县：春大旱，蝗，是岁大饥，人相食；寻复大疫，死者山积。——乾隆《掖县志》卷五祥异,无
758,1615,明神宗万历四十三年,山东,青岛市,即墨市,无,《即墨县志》,即墨县：大饥，人相食。寻又大疫，尸积如山。——乾隆《即墨县志》卷十一灾祥,无
759,1615,明神宗万历四十三年,山东,临沂市,临沂市,无,《沂州志》,临沂市：大饥，人民相食，流离载道，饿死者不可胜计。——康熙《沂州志》卷一灾异,无
760,1615,明神宗万历四十三年,山东,临沂市,郯城县,无,《郯城县志》,郯城县：蝗蝻遍野，禾稼一空，遂成大饥，人相食，父子、夫妻、兄弟不相保聚，或数十文钱即鬻其妻，一二饑即鬻其子。流亡载道，非常之灾。——康熙《郯城县志》卷九灾祥,无
761,1615,明神宗万历四十三年,山东,临沂市,沂水县,无,《沂水县志》,沂水县：大饥，人相食，村落皆空。——康熙《沂水县志》卷五灾祥,无
762,1615,明神宗万历四十三年,山东,日照市,日照市,无,《日照县志》,日照市：大旱，蝗。赤地千里，人相食，子女贩若牛羊，死者枕藉于野。——康熙《日照县志》卷一纪异,无
763,1615,明神宗万历四十三年,山东,泰安市,肥城市,无,《肥城县志书》,肥城县：四十二年至四十五年，三年旱蝗相连，人民相食，死者枕藉。——康熙《肥城县志书》卷下,无
764,1615,明神宗万历四十三年,山东,泰安市,新泰市,无,《新泰县志》,新泰市：大旱，井泉枯竭。八月，陨霜杀菽。冬大饥，人相食，死者相枕藉。——天启《新泰县志》卷八祥异,无
765,1615,明神宗万历四十三年,山东,泰安市,东平县,无,《东平州志》,东平县：大旱，民饥。流离卖妻鬻子子河南，人相食。——康熙《东平州志》卷六灾祥,无
766,1615,明神宗万历四十三年,山东,济宁市,兖州市,无,《滋阳县志》,兖州县：大旱，经年不雨。大饥，人民相食。——康熙《滋阳县志》卷二灾异,无
767,1615,明神宗万历四十三年,山东,济宁市,泗水县,无,《泗水县志》,泗水县：大饥，人相食。——顺治《泗水县志》卷十一灾祥,无
768,1615,明神宗万历四十三年,山东,聊城市,冠县,无,《东昌府志》,冠县：大饥，人相食。——乾隆《东昌府志》卷三总纪,无
769,1615,明神宗万历四十三年,山东,滨州市,博兴县,无,《华北、东北近五百年旱涝史料》,博兴县：大荒，人相食。——《华北、东北近五百年旱涝史料》第三分册，第7页。,无
770,1615,明神宗万历四十三年,山东,济南市,商河县,无,《华北、东北近五百年旱涝史料》,商河县：大旱，人相食。——《华北、东北近五百年旱涝史料》第三分册，第33页。,无
771,1615,明神宗万历四十三年,山东,德州市,平原县,无,《华北、东北近五百年旱涝史料》,平原县：春夏大旱蝗，千里如焚，人相食。——《华北、东北近五百年旱涝史料》第三分册，第33页。,无
772,1615,明神宗万历四十三年,江苏,宿迁市,沐阳县,无,《沐阳县志》,沐阳县：春冰雹，杀禾，夏蝗。秋不雨，人相食，多瘟疫。——康熙《沐阳县志》卷一灾异,无
773,1615,明神宗万历四十三年,江苏,连云港市,赣榆县,无,《重修赣榆县志》,赣榆县：大旱，蝗。七月不雨，人相食。山东捎贩子女日数百车，攘夺相杀，道殛如山。——康熙《重修赣榆县志》卷四纪灾,无
774,1616,明神宗万历四十四年,河北,盐山县,无,无,《交河县志》,盐山县：大饥，人民相食，饿莩载道。——康熙《交河县志》卷七灾祥,无
775,1616,明神宗万历四十四年,山东,栖霞县,无,无,《栖霞县志》,春大饥，时全省荒，人相食。朝廷发银十六万两、糟米十二万石，遣御史过庭训赈之。——康熙十一年《栖霞县志》卷七祥异,无
776,1616,明神宗万历四十四年,山东,临邑县,无,无,《德平县志》,临邑县：春大饥，人相食，发帑金三十万、仓米二十万赈之。——乾隆《德平县志》卷三灾祥,无
777,1616,明神宗万历四十四年,山东,惠民县,无,无,《武定州志》,惠民县：春大歉，人相食。——崇祯《武定州志》卷十一灾祥,无
778,1616,明神宗万历四十四年,山东,阳信县,无,无,《阳信县志》,阳信县：人相食。夏秋大疫。——康熙《阳信县志》卷三灾异,无
779,1616,明神宗万历四十四年,山东,烟台市,蓬莱县,无,《登州府志》,蓬莱县：春，各属游饥，至人相食，饿殍载路，盗聚夜劫市，卖子女。——光绪《登州府志》卷二十三水旱丰饥,无
780,1616,明神宗万历四十四年,山东,龙口市,无,黄县,《黄县志》,龙口市：春大饥，斗粟千钱，饿殍载道，盗聚夜劫市，并人至相食，市卖子女。黄县设粥厂十二处。——康熙《黄县志》卷七祥异,黄县为推测，原文为黄县
781,1616,明神宗万历四十四年,山东,莱阳县,无,无,《莱阳县志》,莱阳县：春大饥，人相食，赈银粟。——康熙《莱阳县志》卷九灾祥,无
782,1616,明神宗万历四十四年,山东,文登县,无,无,《文登县志》,文登县：大饥，人相食。…是春，斗粟千钱。——雍正《文登县志》卷一灾祥,无
783,1616,明神宗万历四十四年,山东,海阳县,无,无,《海阳县志》,海阳县：春大饥，人相食，赈银粟。——乾隆《海阳县志》卷三灾祥,无
784,1616,明神宗万历四十四年,山东,荣成县,无,无,《荣成县志》,荣成县：春大饥，人相食，斗粟千钱。——道光《荣成县志》卷一灾祥,无
785,1616,明神宗万历四十四年,山东,临沂市,无,无,《临沂县志》,临沂市：饥，人相食。——民国《临沂县志》卷一通纪,无
786,1616,明神宗万历四十四年,山东,费县,无,无,《费县志》,费县：亢旱，大饥，人相食。——光绪《费县志》卷十六祥异,无
787,1616,明神宗万历四十四年,山东,肥城县,无,无,《肥城县志》,肥城县：旱蝗相连，人民相食，死者枕藉。——康熙《肥城县志》下卷,无
788,1616,明神宗万历四十四年,山东,莱芜市,无,无,《莱芜县志》,莱芜市：正月大饥，人相食，有食马者，甚至父杀其子食之，夫妇兄弟自相杀食，逃入徐、淮者以数十万计、春夏大饥，二月皆焦。五月，飞蝗蔽野，食秋禾一空，村落如扫。——光绪《莱芜县志》卷二灾祥,无
789,1616,明神宗万历四十四年,山东,曲阜市,无,曲阜县,《曲阜县志》,曲阜市：春大饥，蠲金赈之。夏旱，蝗。饥，人相食。——乾隆《曲阜县志》卷二灾祥,曲阜县为推测，原文为曲阜
790,1616,明神宗万历四十四年,山东,青州市,无,无,《华北、东北近五百年旱涝史料》,青州市：大饥，人相食。——《华北、东北近五百年旱涝史料》第三分册，第7页。,无
791,1617,明神宗万历四十五年,山西,无,河津县,无,《河津县志》,河津县：夏大旱，赤地千里。入秋霾雨浃旬籽粒无收，人饥相食。——康熙《河津县志》卷八祥异,无
792,1617,明神宗万历四十五年,山东,无,肥城县,无,《肥城县志》,肥城县：旱蝗相连。人民相食，死者枕藉。——康熙《肥城县志》下卷,无
793,1617,明神宗万历四十五年,山东,莱州市,无,无,《枣林杂俎》,莱州市：万历四十五年，山东连续饥荒，莱州公开卖人肉。中州兄弟两无子，去山东买妾，遇二女，自称姑嫂，骗兄弟往。兄得小姑。小姑私语之曰：汝弟已为我嫂制成肉羹矣。兄急往视，弟头尚扔炕下。兄急诉之县，抵嫂于罪，兄带小姑去。——《枣林杂俎》,无
794,1618,明神宗万历四十六年,河南,无,渑池县,无,《渑池县志》,渑池县：旱，蝗。人相食。——民国《渑池县志》卷十九祥异,无
795,1618,明神宗万历四十六年,广西,无,宜山县,无,《庆远府志》,宜山县等：庆远府属大旱，人相食，疫死者七八。庶民廖落始此。——道光《庆远府志》卷二十祥禄,原文为'宜山县等'，仅提取宜山县
796,1619,明神宗万历四十七年,安徽,凤阳县,凤阳县,无,《凤阳县志》,凤阳县：大旱，无麦禾，民食树皮，饿死者半。大饥，人相食。——乾隆《凤阳县志》卷十五纪事,无
797,1619,明神宗万历四十七年,河南,荥阳县,荥阳县,无,《荥阳县志》,荥阳县：大旱，人相食。——康熙《荥阳县志》卷一灾祥,无
798,1619,明神宗万历四十七年,河南,新安县,新安县,无,《新安县志》,新安县：旱，断青，人相食。——康熙《新安县志》卷十七灾异,无
799,1625,明熹宗天启五年,陕西,延安市,无,无,《国榷》,延安市：是岁延安大饥，人相食。——《国榷》谈迁，转引自《西北灾荒史》第1627页。,转引自《西北灾荒史》
800,1627,明熹宗天启七年,江苏,连云港市,无,海州、赣榆,《淮安府实录备草》,江苏：连云港市：六月，海（州），赣（榆）复夏，山田尽枯，民皆拆屋以炊，易子而食。——崇祯《淮安府实录备草》卷十八祥异,原文为海州、赣榆，属古代地名；海州现为连云港市海州区，赣榆现为连云港市赣榆区
801,1629,明思宗崇祯二年,河北,无,怀来县,无,《怀来县志》,怀来县：夏大旱。至二年春，斗米银一两，人相食。——康熙《怀来县志》卷二灾异,无
802,1629,明思宗崇祯二年,河北,无,宣化县,无,《宣化县志》,宣化县：大饥，人相食。——康熙《宣化县志》卷五灾祥,无
803,1629,明思宗崇祯二年,河北,无,赤城县,无,《龙门县志》,赤城县：大饥，人相食。——康熙《龙门县志》卷二灾祥,无
804,1629,明思宗崇祯二年,河北,无,涿鹿县,无,《保安州志》,涿鹿县：春，斗米银一两，人相食。——康熙十一年《保安州志》卷二灾异,无
805,1629,明思宗崇祯二年,河北,无,阳原县,无,《西宁县志》,阳原县：大饥，人相食。——康熙《西宁县志》卷一灾祥,无
806,1629,明思宗崇祯二年,河北,无,万全县,无,《万全县志》,万全县：大饥，人相食。——乾隆《万全县志》灾祥,无
807,1630,明思宗崇祯三年,河北,无,遵化县,无,《直隶遵化州志》,遵化县：蝗蝻遍野。秋冬大饥，人相食，冻饿死者枕藉道路。——乾隆《直隶遵化州志》卷二灾异,无
808,1630,明思宗崇祯三年,陕西,无,清涧县,无,《清涧县志》,清涧县：大饥。盗起，斗栗六钱，人民相食。死者遍城野，掘万人坑瘞之。发帑金数十万，命御史赈焉。自是连岁皆饥，至十五年方稔。——道光《清涧县志》卷一灾祥,无
809,1630,明思宗崇祯三年,陕西,延安市,无,无,《重修延安府志》,延安市：又旱饥，人相食。各县掘万人坑。安塞马懋才俱上疏，诏发赈。——嘉庆《重修延安府志》卷六十事表,无
810,1630,明思宗崇祯三年,陕西,无,子长县,无,《安定县志》,子长县：又旱饥，人相食。——雍正《安定县志》灾祥,无
811,1630,明思宗崇祯三年,宁夏,无,隆德县,无,《重修隆德县志》,隆德县：不雨，自四月至秋八月，飞蝗蔽天。大饥，父子相食。——民国《重修隆德县志》卷四祥异,无
812,1630,明思宗崇祯三年,河南,洛阳市,无,无,《河南府志》,洛阳市：庚午、辛未、壬申大旱，野无青草，十室九空。于是有斗米千钱者，有采菜根木叶充饥者，有夫弃其妻、父弃其子，有骨肉相残食者。——乾隆《河南府志》卷七十八艺文,无
813,1631,明思宗崇祯四年,陕西,无,扶风县,无,《扶风县志》,扶风县：四月，霪雨伤禾，人相食。——顺治《扶风县志》卷一灾祥,无
814,1631,明思宗崇祯四年,湖北,无,红安县,无,《黄安县志》,红安县：蝗大灾，人相食。——道光《黄安县志》卷八行善,无
815,1632,明思宗崇祯五年,山西,无,河曲县,无,《河曲县志》,河曲县：大饥，人相食。时斗米五钱，军民争食死人。有李峥杀人而食，事发，至毙杖下。——顺治《河曲县志》卷四纪异,无
816,1632,明思宗崇祯五年,山西,无,永和县,无,《华北、东北近五百年旱涝史料》,永和县：大旱，人相食，惨不可言。——《华北、东北近五百年旱涝史料》第五分册，第43页。,无
817,1632,明思宗崇祯五年,陕西,无,安塞县,无,《重修延安府志》,安塞县：安塞大荒，斗米八钱，民始掘草根、柳叶、树皮，继捣石啜之。人相残贼，僵尸遍野。——嘉庆《重修延安府志》卷六大事表,无
818,1632,明思宗崇祯五年,陕西,无,子长县,无,《安定县志》,子长县：春旱，人相食。——雍正《安定县志》灾祥,无
819,1633,明思宗崇祯六年,山西,无,汾阳县,无,《汾阳县志》,汾阳县：自八月至明年四月不雨，大饥，民相食。——康熙《汾阳县志》卷七灾祥,无
820,1633,明思宗崇祯六年,山西,无,隰县,无,《隰州志》,隰县：六、七两年，旱，斗米价银五钱，人民食草根木皮，死者枕藉于路，且有食人肉者。郡人李时进自食其子。——康熙《隰州志》卷二十四祥异,无
821,1633,明思宗崇祯六年,山西,无,永和县,无,《永和县志》,永和县：六、七年，大旱，民间食草饭砂，人相食，惨不堪言，莫甚于此。——康熙《永和县志》卷二十二祥异,无
822,1633,明思宗崇祯六年,山西,无,蒲县,无,《蒲县新志》,蒲县：六、七两年，大旱，斗米价银七钱，蒲人先食草根木皮，其后咸食人肉，死者枕藉于路。有曹留住自食其父，声闻远近。——康熙《蒲县新志》灾祥,无
823,1633,明思宗崇祯六年,陕西,无,靖边县,无,《靖边县志》,靖边县：六年癸酉，七年甲戌，八年乙亥俱大旱，赤地千里，斗粟一两二钱，民饥死者十之九，人相食，父母子女夫妻相食者有之。粮食人，三五成群，昼游城市，往往于稠众中攫人食之。——康熙《靖边县志》灾异,无
824,1633,明思宗崇祯六年,陕西,无,米脂县,无,《陕西通志》,米脂县：大旱，斗米千钱，人相食。——康熙六年《陕西通志》卷三十祥异,无
825,1634,明思宗崇祯七年,山西,无,无,山西,《明实录》,三月丁亥，山西自去秋八月至今不雨，大饥，人相食。——《明实录·附录·崇祯》卷七,无
826,1634,明思宗崇祯七年,山西,无,太平,太平,《山西通志》,太平、蒲县、安邑、万泉、绛州、阳城、隰州、垣曲、蒲州饥，人相食。——康熙《山西通志》卷三十祥异,无
827,1634,明思宗崇祯七年,山西,无,蒲县,蒲县,《山西通志》,太平、蒲县、安邑、万泉、绛州、阳城、隰州、垣曲、蒲州饥，人相食。——康熙《山西通志》卷三十祥异,无
828,1634,明思宗崇祯七年,山西,无,安邑,安邑,《山西通志》,太平、蒲县、安邑、万泉、绛州、阳城、隰州、垣曲、蒲州饥，人相食。——康熙《山西通志》卷三十祥异,无
829,1634,明思宗崇祯七年,山西,无,万泉,万泉,《山西通志》,太平、蒲县、安邑、万泉、绛州、阳城、隰州、垣曲、蒲州饥，人相食。——康熙《山西通志》卷三十祥异,无
830,1634,明思宗崇祯七年,山西,无,绛州,绛州,《山西通志》,太平、蒲县、安邑、万泉、绛州、阳城、隰州、垣曲、蒲州饥，人相食。——康熙《山西通志》卷三十祥异,无
831,1634,明思宗崇祯七年,山西,无,阳城,阳城,《山西通志》,太平、蒲县、安邑、万泉、绛州、阳城、隰州、垣曲、蒲州饥，人相食。——康熙《山西通志》卷三十祥异,无
832,1634,明思宗崇祯七年,山西,无,隰州,隰州,《山西通志》,太平、蒲县、安邑、万泉、绛州、阳城、隰州、垣曲、蒲州饥，人相食。——康熙《山西通志》卷三十祥异,无
833,1634,明思宗崇祯七年,山西,无,垣曲,垣曲,《山西通志》,太平、蒲县、安邑、万泉、绛州、阳城、隰州、垣曲、蒲州饥，人相食。——康熙《山西通志》卷三十祥异,无
834,1634,明思宗崇祯七年,山西,无,蒲州,蒲州,《山西通志》,太平、蒲县、安邑、万泉、绛州、阳城、隰州、垣曲、蒲州饥，人相食。——康熙《山西通志》卷三十祥异,无
835,1634,明思宗崇祯七年,山西,太原,无,太原,《明史》,太原市：太原大饥，人相食。——《明史》卷三0《五行志》,无
836,1634,明思宗崇祯七年,山西,无,汾阳,汾阳,《汾阳县志》,汾阳县：自去年八月至今年四月不雨，大饥，民相食。——康熙《汾阳县志》卷七灾祥,无
837,1634,明思宗崇祯七年,山西,无,无,泽州,《凤台县志》,晋城市：大旱，饥，人相食。——乾隆《凤台县志》卷十二纪事,凤台县为推测，原文为古代地名泽州
838,1634,明思宗崇祯七年,山西,无,吉县,吉县,《吉州志》,吉县：岁大饥，人互相食。——康熙《吉州志》卷下纪年,无
839,1634,明思宗崇祯七年,山西,无,大宁,大宁,《大宁县志》,大宁县：饥，人相食，死者以数千计。——雍正《大宁县志》卷七灾祥,无
840,1634,明思宗崇祯七年,山西,无,垣曲,垣曲,《垣曲县志》,垣曲县：春夏亢旱，二麦尽枯。人民剥树皮、掘草根啖食充饥，甚之骨肉相食，尸首遍野，饿死流离者大半。——康熙《垣曲县志》卷十二灾荒,无
841,1634,明思宗崇祯七年,山西,无,离石,永宁州,《平寇志》,离石县：四月甲戌（十九）'发帑银五万，命御史梁炳赈饥陕西。时山西永宁州（离石县）民苏倚哥杀父母灸而食之。'——清彭贻孙《平寇志》崇祯七年,原文为永宁州，即离石县
842,1634,明思宗崇祯七年,陕西,无,无,无,《明史·吴甘来传》,西北大旱，秦、晋人相食。——《明史·吴甘来传》,秦、晋指陕西、山西
843,1634,明思宗崇祯七年,陕西,无,耀县,耀县,《续耀州志》,耀县：…入七年之春而更惨，初卖田产，既卖子女，又且先卖卖生，后卖卖死矣。初食死人，既食生人，又且先食食人，后食人食矣。——乾隆《续耀州志》卷九艺文,无
844,1634,明思宗崇祯七年,河南,无,渑池,渑池,《渑池县志》,渑池县：大旱，赤地千里，人相食。——民国《渑池县志》卷十九祥异,无
845,1635,明思宗崇祯八年,河南,无,汝南县,无,《汝阳县志》,汝南县：春大疫。谷贵，民多饥死，父母妻子析离，糜人而食，甚有母食子，幼食老者，田地自此荒芜。秋旱，碾块待雨，正月种麦。——顺治《汝阳县志》卷十轡祥,无
846,1635,明思宗崇祯八年,河南,无,上蔡县,无,《上蔡县志》,上蔡县：春大疫。大饥，人相食。——康熙《上蔡县志》卷十二编年,无
847,1635,明思宗崇祯八年,陕西,无,靖边县,无,《靖边志稿》转引《西北灾荒史》,靖边县：大旱，赤地千里，民饥死者十之八九，人相食。——《靖边志稿》（光绪二十五年），《西北灾荒史》第433页。,无
848,1637,明思宗崇祯十年,浙江,杭州市,无,无,《杭州府志》,杭州市：大饥，父子、兄弟、夫妇相食。——光绪《杭州府志》卷一七八,无
849,1637,明思宗崇祯十年,河南,无,沈丘县,无,《沈丘县志》,沈丘县：春大饥，民鬻子女，啖草子树皮，人相食。——顺治《沈丘县志》卷十三灾祥,无
850,1638,明思宗崇祯十一年,山西,无,襄垣县,无,《重修襄垣县志》,襄垣县：大旱。岁饥，人相食。——乾隆《重修襄垣县志》卷八祥异,无
851,1638,明思宗崇祯十一年,山西,无,武乡县,无,《武乡县志》,武乡县：是年，先旱后风。民饥，人相食。——乾隆《武乡县志》卷二灾祥,无
852,1638,明思宗崇祯十一年,山西,无,稷山县,无,《稷山县志》,稷山县：十一年至十三年频旱，野无青草，斗米千文，男女鬻者成市，草根树皮采食殆尽，甚至人相食。有幼懦独行，被人攫食者。有殡未旋踵，剖冢盗食者。有同室共寝，暮夜剔食者。有子死而父母食之者，父母死而子食之者。种种凄惨，不胜枚举。——康熙《稷山县志》卷一祥异,无
853,1638,明思宗崇祯十一年,山东,无,陵县,无,《陵县志》,陵县：岁歉，人无积蓄，父子夫妇相食，易子拆骸不是过也。邑令王彦芹严惩之，授亭长以杖犯者，置之死，死者数百，人渐戢。——康熙《陵县志》卷三祥异,无
854,1638,明思宗崇祯十一年,山东,泰安市,无,无,《华北、东北近五百年旱涝史料》,泰安市：大饥，人相食。——《华北、东北近五百年旱涝史料》第三分册，第8页。,无
855,1638,明思宗崇祯十一年,河南,无,密县,无,《密县志》,密县：十一至十四年旱蝗迭际，荒歉异常，道馑枕藉，人至相食，即父子夫妇亦有忍啖不忌者。知县朱敏许拊念流涕，曾绘《流民图》奏进。——顺治九年《密县志》卷七祥异,无
856,1638,明思宗崇祯十一年,湖北,无,竹溪县,无,《湖北通志》,竹溪县：饥，人相食。——嘉庆《湖北通志》卷四十六祥异,无
857,1639,明思宗崇祯十二年,河南,无,卢氏县,无,《明史》,两畿、山东、山西、陕西、江西饥，河南大饥，人相食，卢氏、嵩、伊阳三县尤甚。——《明史》卷三0《五行志》,无
858,1639,明思宗崇祯十二年,河南,无,嵩县,无,《明史》,两畿、山东、山西、陕西、江西饥，河南大饥，人相食，卢氏、嵩、伊阳三县尤甚。——《明史》卷三0《五行志》,无
859,1639,明思宗崇祯十二年,河南,无,伊阳县,无,《明史》,两畿、山东、山西、陕西、江西饥，河南大饥，人相食，卢氏、嵩、伊阳三县尤甚。——《明史》卷三0《五行志》,无
860,1639,明思宗崇祯十二年,天津,天津,蓟县,无,《蓟州志》,蓟县：秋大饥，军民饿死无数，骨肉相食，道馑相望。——康熙十六年《蓟州志》卷一祥异,无
861,1639,明思宗崇祯十二年,河北,辛集,束鹿县,无,《保定府祁州束鹿县志》,辛集市：崇祯十二、三年间，饥馑相仍，糠秕不给，草子树皮皆尽，人相食。——康熙《保定府祁州束鹿县志》卷九灾祥,无
862,1639,明思宗崇祯十二年,河北,无,赞皇县,无,《赞皇县志》,赞皇县：连岁凶荒，斗米值银六钱，人多相食，白骨盈野，流移载道。即有恩赈，不能救其万一，至今言之惻然。——康熙《赞皇县志》卷九祥异,无
863,1639,明思宗崇祯十二年,河北,无,栾城县,无,《栾城县志》,栾城县：大饥，人相食。——道光《栾城县志》卷末灾祥,无
864,1639,明思宗崇祯十二年,河北,无,香河县,无,《香河县志》,香河县：饥荒，米石五两，人相食。河草人市，每斤钱三文。以至树皮草根无不采食，食之多中毒死。糟糠麸渣等物即为美食。山东流民携男女就食者道死相望，有人方死而肉为人剜去者，有人方死未绝而为人剥死者。——康熙《香河县志》卷十灾祥,无
865,1639,明思宗崇祯十二年,河北,无,文安县,无,《保定县志》,文安县：飞蝗蔽日，米价十两一石，人相食。——康熙《保定县志》灾异,无
866,1639,明思宗崇祯十二年,河北,无,雄县,无,《雄县乡土志》,雄县：时连年大旱，人相食。——光绪《雄县乡土志》卷四耆旧,无
867,1639,明思宗崇祯十二年,河北,无,丘县,无,《丘县志》,丘县：十二、三年连荒，颗粒不收。谷价沸腾，每斗麦价银一两八钱，米价银一两九钱。人食树叶皮、草子根，后至人相食，加以瘟疫，各村男妇死者十不存一。——康熙《丘县志》卷八灾祥,无
868,1639,明思宗崇祯十二年,河北,无,邢台县,无,《邢台县志》,邢台县：大旱，人相食。——康熙《邢台县志》卷十二纪事,无
869,1639,明思宗崇祯十二年,河北,泊头,交河县,无,《华北、东北近五百年旱涝史料》,泊头市：交河县：旱、蝗蝻大，伤田稼，民饥…人相食，树皮草根无不采食。——《华北、东北近五百年旱涝史料》第二分册，第30页。,无
870,1639,明思宗崇祯十二年,山西,无,灵石县,无,《灵石县志》,灵石县：十一年旱，十二年又旱，田园尽赤，民食树草，榆种断绝，斗米七钱，饿死载道者不可数计，人亦相食。——康熙《灵石县志》卷一祥异,无
871,1639,明思宗崇祯十二年,山西,无,平定县,无,《平定州志》,平定县：大饥，人相食。——乾隆三十四年《平定州志》卷五祥异,无
872,1639,明思宗崇祯十二年,山西,无,襄陵县,无,《襄陵县志》,襄汾县：荐饥。旱魃奇虐，米麦斗八钱，民食树皮草根，死者枕藉道路，人相食。知县李用质躬历各乡，劝谕设厂赈州，饥民赖以全活。——康熙《襄陵县志》卷七祥异,无
873,1639,明思宗崇祯十二年,陕西,铜川,同官县,无,《同官县志》,铜川市：大旱，自正月不雨至于秋七月。八月，雨雹，半日乃止。岁大饥，斗米一两，人相食。——乾隆《同官县志》卷一祥异,无
874,1639,明思宗崇祯十二年,陕西,无,佳县,无,《葭州志》,佳县：大饥，人相食。——嘉庆《葭州志》卷下灾祥,无
875,1639,明思宗崇祯十二年,山东,泰安,泰安,无,《济南府志》,泰安市：济南郡县旱蝗，民饥。历城、齐河疫疠大作。泰安连岁大饥，人相食。——康熙《济南府志》卷十灾祥,无
876,1639,明思宗崇祯十二年,山东,青州,益都县,无,《益都县志》,青州市：自春正月不雨至六月。秋七月，大蝗，水涸。大饥，人相食。——康熙《益都县志》卷二祥异,无
877,1639,明思宗崇祯十二年,山东,无,蒙阴县,无,《蒙阴县志》,蒙阴县：十二年至十四年，蝗蝻连灾，禾食既，民相食。——康熙十一年《蒙阴县志》卷二灾祥,无
878,1639,明思宗崇祯十二年,山东,无,泗水县,无,《泗水县志》,泗水县：十二、十三年，蠡喙害稼，野无野草。十月后，草木生花。大饥，草木食尽。母子相啖，比屋而是。——康熙《泗水县志》卷十一灾祥,无
879,1639,明思宗崇祯十二年,山东,无,郓城县,无,《郓城县志》,郓城县：蝗灾，至平地尺半许，禾草树叶一空。大饥，人相食。——康熙《郓城县志》卷七灾祥,无
880,1639,明思宗崇祯十二年,山东,无,阳谷县,无,《寿张县志》,阳谷县：旱，蝗食禾草树叶一空。大饥，人相食。——光绪《寿张县志》卷十灾变,无
881,1639,明思宗崇祯十二年,河南,无,登封县,无,《登封县志》,登封县；旱，蝗。人相食。——康熙《登封县志》卷九灾祥,无
882,1639,明思宗崇祯十二年,河南,无,汲县,无,《卫辉府志》,汲县：三月，大风，沙霾昼晦。旱，蝗食麦。秋，盗起，人相食。石米八两，公鬻人肉。——顺治《卫辉府志》卷十九灾祥,无
883,1639,明思宗崇祯十二年,河南,无,辉县,无,《辉县志》,辉县：旱，蝗。自秋至明年庚辰不雨，又蝗，仅播种而不秀，秀而不实，斗米千钱。二三月，奇寒，人益困，兄弟朋友互相残食，率以为常。明年春益甚。去冬无雪，今秋无雨。——道光《辉县志》艺文,无
884,1639,明思宗崇祯十二年,河南,无,河内县,无,《河内县志》,沁阳县：臣以崇祯十二年六月初十日，自高平县调任河内，未数日水夺民稼，又数日蝗夺民稼。…去年无秋，今年又无春，穷民食树皮尽，至食草根，甚至父子、夫妻相食，人皆黄腮肿颊，眼如猪胆，饿死累累。——康熙《河内县志》卷四艺文,无
885,1639,明思宗崇祯十二年,河南,无,伊阳县,无,《伊阳县志》,汝阳县：不雨。夏四月，蝗竟月，飞翔往来不定，所落之处草木靡有萌蘖。至秋八月嫁生，民间釜皿皆满，井水臭秽不可食。河南大饥，人相食，卢氏、嵩、伊阳三县尤甚。——乾隆《伊阳县志》卷四祥异,无
886,1640,明思宗崇祯十三年,天津,天津,天津,无,《天津卫志》,天津市：春，人民相食，尸骸遍野。——康熙《天津卫志》卷三灾变,无
887,1640,明思宗崇祯十三年,河北,无,武清县,无,《武清县志》,武清县：大饥，斗米千钱，树皮草根食之殆尽，人相食。——康熙《武清县志》卷一禨祥,无
888,1640,明思宗崇祯十三年,河北,无,晋县,无,《晋县志》,晋县：大饥，人相食。——民国《晋县志》卷五灾祥,无
889,1640,明思宗崇祯十三年,河北,无,高邑县,无,《高邑县志》,高邑县：岁大饥，民剥树皮，掘草根以食，至有人相食者。——康熙《高邑县志》卷中灾异,无
890,1640,明思宗崇祯十三年,河北,无,赤城县,无,《龙门县志》,赤城县：夏大旱。六月，陨霜，禾稼尽死。大饥，人相食。——康熙《龙门县志》卷二灾祥,无
891,1640,明思宗崇祯十三年,河北,无,迁安县,无,《迁安县志》,迁安县：夏五月，飞蝗遍野，大伤禾稼。大饥，斗米一两二钱，人相食，男妇剥树皮，榆柳俱尽。——康熙十八年《迁安县志》卷七灾祥,无
892,1640,明思宗崇祯十三年,河北,无,遵化县,无,《遵化州志》,遵化县：蝗蝻遍野。秋冬大饥，人相食，冻饿死者枕藉道路。——康熙《遵化州志》卷二灾异,无
893,1640,明思宗崇祯十三年,河北,无,永清县,无,《永清县志》,永清县：大饥，斗米千钱。树皮草根食之尽，人皆相食。——康熙《永清县志》卷一灾祥,无
894,1640,明思宗崇祯十三年,河北,无,定兴县,无,《定兴县志》,定兴县：大旱，无麦。冬及次年春，米大贵，石银六两，流民至相食。——康熙《定兴县志》卷一《禨祥,无
895,1640,明思宗崇祯十三年,河北,无,安新县,无,《新安县志》,安新县：旱，九河俱干。斗栗钱一两五钱，人相食。——乾隆《新安县志》禨祥,无
896,1640,明思宗崇祯十三年,河北,无,新城县,无,《新城县志》,新城县：大旱，无麦。米大贵，民相食。——民国二十四年《新城县志》卷二十二灾祸,无
897,1640,明思宗崇祯十三年,河北,无,雄县,无,《雄乘》,雄县：夏秋大旱，荒歉，斗粟一两，道瘞相望，人相食。——康熙《雄乘》卷中祥异,无
898,1640,明思宗崇祯十三年,河北,无,河间县,无,《河间县志》,河间县：大旱，斗米银二两。蝗飞蔽天。人相食。——康熙《河间县志》卷十一祥异,无
899,1640,明思宗崇祯十三年,河北,无,东光县,无,《东光县志》,东光县：旱，蝗。斗米价银两余，人相食，只身不敢路行。——康熙《东光县志》卷一礫祥,无
900,1640,明思宗崇祯十三年,河北,无,盐山县,无,《盐山县志》,盐山县：三月十六日微雨，历夏秋不雨，禾苗尽枯，飞蝗遍野。斗米银四金，木皮草根剥掘俱尽，人民相食。——康熙《盐山县志》卷九灾祥,无
901,1640,明思宗崇祯十三年,河北,无,吴桥县,无,《吴桥县志》,吴桥县：旱甚。斗米银二两，人相食。——光绪《吴桥县志》卷十杂记,无
902,1640,明思宗崇祯十三年,河北,无,肃宁县,无,《肃宁县志》,肃宁县：大旱，斗米银二两。人民相食，尸骸遍野。——乾隆《肃宁县志》卷一祥异,无
903,1640,明思宗崇祯十三年,河北,无,泊头市,无,《交河县志》,泊头市：大饥，民相食，甚至父母食子，妻妾食夫。大疫。——康熙《交河县志》卷七灾祥,无
904,1640,明思宗崇祯十三年,河北,无,青县,无,《青县志》,青县：自春不雨，至七月初二日始雨。旱，蝗。斗米值银一两五钱，人相食。——嘉庆《青县志》卷六祥异,无
905,1640,明思宗崇祯十三年,河北,无,南皮县,无,《南皮县志》,南皮县：大饥，人自相食。村落几绝人迹。——康熙《南皮县志》卷二灾异,无
906,1640,明思宗崇祯十三年,河北,无,献县,无,《献县志》,献县：大旱，岁凶。民异姓者相食，骨肉相残者有之。——康熙《献县志》卷八祥异,无
907,1640,明思宗崇祯十三年,河北,无,阜城县,无,《重修阜志》,阜城县：大旱，蝗。斗米价银两余，人相食，只身不敢路行，至父子夫妇相食。——康熙《重修阜志》卷下祥异,无
908,1640,明思宗崇祯十三年,河北,无,景县,无,《景县志》,景县：十三年大旱，十四年又大旱，斗米钱千余者，值银二两，人相食。先是，每见狗猫食青草，牛食砖瓦，已兆大旱矣。——民国《景县志》卷十四史事,无
909,1640,明思宗崇祯十三年,河北,无,枣强县,无,《枣强县志》,枣强县：大旱，斗米银一两，父子兄弟妻子离散，老弱展转沟壑，树皮食尽，人将相食，死者七八。二百年来未见之奇荒也。——康熙增刻万历《枣强县志》卷一灾祥,无
910,1640,明思宗崇祯十三年,河北,无,大名县,无,《大名府志》,大名县：夏四月，旱，麦尽枯。大疫。五月，蝗。时斗米千钱，人相食，命官赈济。秋八月，陨霜。——咸丰《大名府志》卷四年纪,无
911,1640,明思宗崇祯十三年,河北,无,永年县,无,《永年县志》,永年县：旱甚，岁大饥，人相食。——康熙《永年县志》卷十八灾祥,无
912,1640,明思宗崇祯十三年,河北,无,曲周县,无,《曲周县志》,曲周县：春，风霾。夏旱，至秋不雨，无麦禾。大饥，草根木皮皆尽，人相食，盗起。——顺治《曲周县志》卷二灾祥,无
913,1640,明思宗崇祯十三年,河北,无,馆陶县,无,《馆陶县志》,馆陶县：岁大饥，人相食。——康熙《馆陶县志》卷十二灾祥,无
914,1640,明思宗崇祯十三年,河北,无,涉县,无,《涉县志》,涉县：大饥，民死七分，父食子。——顺治《涉县志》卷七灾变,无
915,1640,明思宗崇祯十三年,河北,无,肥乡县,无,《肥乡县志》,肥乡县：大疫，岁饥。树皮草粒皆尽，人相食，村无烟火。——雍正《肥乡县志》卷二灾祥,无
916,1640,明思宗崇祯十三年,河北,无,临漳县,无,《临漳县志》,临漳县：大饥，斗米一两二钱。人相食，瘟疫盛行，民仅存一二。——光绪《临漳县志》卷一纪事,无
917,1640,明思宗崇祯十三年,河北,无,宁晋县,无,《宁晋县志》,宁晋县：大旱，蝗。川泽竭，井涸。人相食。——康熙《宁晋县志》卷一灾祥,无
918,1640,明思宗崇祯十三年,河北,无,巨鹿县,无,《钜鹿县志》,巨鹿县：奇荒，人相食。——顺治《钜鹿县志》卷八灾异,无
919,1640,明思宗崇祯十三年,河北,无,任县,无,《任县志》,任县：大饥，人相食。——康熙《任县志》卷一灾祥,无
920,1640,明思宗崇祯十三年,河北,无,沙河县,无,《沙河县志》,沙河县：大饥，人相食。——乾隆《沙河县志》卷一祥异,无
921,1640,明思宗崇祯十三年,河北,无,临城县,无,《临城县志》,临城县：大旱，虫蝗。时斗米千钱，民剥树皮以食，祖孙父子夫妻俱有相食者。——康熙三十年《临城县志》卷八禨祥,无
922,1640,明思宗崇祯十三年,河北,无,清河县,无,《清河县志》,清河县：四月至七月，不雨。六月，清河涸。冬大饥，人且相食。——康熙《清河县志》卷十七灾祥,无
923,1640,明思宗崇祯十三年,河北,无,威县,无,《威县续志》,威县：无麦，大祲。斗米值银一两二钱，至有父子夫妇相食者，亘古未闻。——顺治《威县续志》卷九祥异,无
924,1640,明思宗崇祯十三年,河北,无,广宗县,无,《广宗县志》,广宗县：大歉，斗米贯钱，继以瘟疫流行，人相食，死者过半。——康熙《广宗县志》卷十一祯祥,无
925,1640,明思宗崇祯十三年,河北,无,平乡县,无,《平乡县志》,平乡县：大旱数月，民相食。——乾隆《平乡县志》卷一灾祥,无
926,1640,明思宗崇祯十三年,河北,无,肃宁县,无,《华北、东北近五百年旱涝史料》,肃宁县：大旱…人相食。尸骸遍野。——《华北、东北近五百年旱涝史料》第二分册，第30页。,无
927,1640,明思宗崇祯十三年,河北,无,盐山县,无,《华北、东北近五百年旱涝史料》,盐山县：三月至秋不雨，禾苗尽枯，…人相食。——《华北、东北近五百年旱涝史料》第二分册，第30页。,无
928,1640,明思宗崇祯十三年,河北,无,元氏县,无,《华北、东北近五百年旱涝史料》,元氏县：大旱，麦无秋，民食树皮、草子，煮靴皮嚼，且食人。——《华北、东北近五百年旱涝史料》第二分册，第80页。,无
929,1640,明思宗崇祯十三年,山西,无,无,无,《山西通志》,五月旱，蝗。大饥，人相食。八月，发粟赈河东饥。——光绪《山西通志》卷八十六大事纪,原文为泛指省郡，未指明具体县，跳过具体县提取
930,1640,明思宗崇祯十三年,山西,无,无,无,《山西通志》,绛州、曲沃、太平、汾、潞漳水竭。是年，省郡大饥，甚至斗米千钱，人相食。——雍正《山西通志》卷一六三祥异,原文为泛指省郡，未指明具体县，跳过具体县提取
931,1640,明思宗崇祯十三年,山西,无,昔阳县,无,《乐平县志》,昔阳县：十二月，饥，人相食。——乾隆《乐平县志》卷二祥异,无
932,1640,明思宗崇祯十三年,山西,无,长治县,无,《长治县志》,长治县：春不雨，四月不雨，六月不雨。岁大饥，斗米银七钱，人相残食，僻巷荒郊无敢独行者。漳河竭。——乾隆《长治县志》卷二十一祥异,无
933,1640,明思宗崇祯十三年,山西,无,黎城县,无,《黎城县志》,黎城县：自春徂夏，不雨。岁大饥，人相食，时斗米银五钱，虽父子兄弟夫妇互相杀食，僻径荒郊无敢独行者。——康熙《黎城县志》卷二纪事,无
934,1640,明思宗崇祯十三年,山西,无,高平县,无,《高平县志》,高平县：旱，蝗。大饥，人相食。夏旱甚，秋无禾稼，飞蝗蔽野，食树叶几尽。——冬至，喙生不绝，入人家，与民争熟食。越明年春，析骸炊子，惨不忍闻。——顺治《高平县志》卷九祥异,无
935,1640,明思宗崇祯十三年,山西,无,阳城县,无,《阳城县志》,阳城县：夏无麦，秋无禾，人相食，骸骨遍地。——顺治《阳城县志》卷七祥异,无
936,1640,明思宗崇祯十三年,山西,无,长子县,无,《长子县志》,长子县：漳河竭。大饥，人相食。——康熙《长子县志》卷一灾异,无
937,1640,明思宗崇祯十三年,山西,无,沁县,无,《沁州志》,沁县：大饥，斗米千钱以上，树皮草根剥掘既尽，人相食。——雍正《沁州志》卷九灾异,无
938,1640,明思宗崇祯十三年,山西,无,武乡县,无,《沁州志》,武乡县：大饥，斗米千钱以上，人相食。——乾隆《沁州志》卷九灾异,无
939,1640,明思宗崇祯十三年,山西,长治市,潞城县,无,《潞城县志》,潞城县：春不雨，四月不雨，六月不雨。岁大饥，人相食，父子、兄弟、夫妇互相杀食，僻巷荒郊无人敢独行者。二月，漳河竭。——康熙《潞城县志》卷八灾祥,无
940,1640,明思宗崇祯十三年,山西,长治市,平顺县,无,《平顺县志》,平顺县：春不雨，四月不雨，六月不雨，五谷俱未出穗。岁大凶，人相食，斗米银七钱，虽父子兄弟夫妇不相顾，僻巷荒郊无人敢独行者。——康熙《平顺县志》卷八祥灾,无
941,1640,明思宗崇祯十三年,山西,晋城市,陵川县,无,《陵川县志》,陵川县：旱祲，斗米一千钱。士民相食，尸骸遍野。——康熙《陵川县志》卷六祥异,无
942,1640,明思宗崇祯十三年,山西,晋城市,沁水县,无,《沁水县志》,沁水县：岁大祲，米价数倍平时。民多饿死，人相食。——康熙《沁水县志》卷九祥异,无
943,1640,明思宗崇祯十三年,山西,临汾市,翼城县,无,《翼城县志》,翼城县：大旱，岁游饥。人相食，大疫。——乾隆《翼城县志》卷二十六祥异,无
944,1640,明思宗崇祯十三年,山西,临汾市,曲沃县,无,《曲沃县志》,曲沃县：春三月大旱，汾沲俱竭。大饥，人相食，死者无数。——康熙《曲沃县志》卷二十八祥异,无
945,1640,明思宗崇祯十三年,山西,临汾市,襄汾县,无,《襄陵县志》,襄汾县：荐焉饥。旱魃奇虐，米麦斗八钱，民食树皮草根，死者枕藉道理，人相食。知县李用质躬履各乡劝谕，设厂赈粥，饥民多赖以全活。——康熙《襄陵县志》卷七祥异,无
946,1640,明思宗崇祯十三年,山西,长治市,襄垣县,无,《重修襄垣县志》,襄垣县：春不雨，至四月不雨，六月不雨。岁大饥，人相食。——康熙《重修襄垣县志》卷九外纪,无
947,1640,明思宗崇祯十三年,山西,运城市,无,无,《解州志》,运城市：二月，陨霜杀桑，麦秋成，多无禾。斗粟一两三钱，草根木皮搜食无余，人相食，至十四年骨肉相食，千古罕闻。十二年九月不雨，至十三年七月。——康熙十二年《解州志》卷九灾祥,无
948,1640,明思宗崇祯十三年,山西,运城市,闻喜县,无,《闻喜县志》,闻喜县：大饥，邑境斗米银八钱，人相食，城中居民黄昏不敢独出。知县李严申禁令，日毙数人于市，食人者稍息。次年，麦秋乃安。——民国《闻喜县志》卷二十四旧闻（1591）,无
949,1640,明思宗崇祯十三年,山西,运城市,垣曲县,无,《垣曲县志》,垣曲县：三月，天赤，日月无光者三日。夏无麦，秋无禾。饥，人相食，骸骨遍野。——康熙《垣曲县志》卷十二灾荒,无
950,1640,明思宗崇祯十三年,山西,运城市,河津县,无,《河津县志》,河津县：五月，汾河干八日，水如线流。十二月，斗米斗麦价至六钱，妇女剜野菜救饥，久志，野菜俱尽。至辛巳正月，人相食，有夫食妇，弟食兄者。——康熙《河津县志》卷八祥异,无
951,1640,明思宗崇祯十三年,山西,运城市,芮城县,无,《芮城县志》,芮城县：大饥，人相食。——民国《芮城县志》卷十四祥异,无
952,1640,明思宗崇祯十三年,山西,运城市,平陆县,无,《平陆县志》,平陆县：大饥，斗米一两三钱，草根树皮食尽。人相食，至有灭绝天伦者，自古罕闻。——康熙《平陆县志》卷八杂记,无
953,1640,明思宗崇祯十三年,山西,运城市,永济县,无,《永济县志》,永济县：大饥，水皮草根剥掘殆尽。四门外掘深坑以痤死者，随痤随满，人争就坑剔食其肉。郊垌僻圻独行者多被啻食，甚至有父子夫妇相食者。——光绪《永济县志》卷二十三事纪,无
954,1640,明思宗崇祯十三年,山西,运城市,万荣县,无,《荣河县志》,万荣县：大饥，草根水皮俱尽，人相食，死者十之六七。僵尸横野，皆取而食之。斗栗值一两余，六畜绝种，从来未有之奇荒也。次年麦熟，饥民得食，又多死者。又疫。——康熙《荣河县志》卷八灾祥,无
955,1640,明思宗崇祯十三年,山西,长治市,壶关县,无,《华北、东北近五百年旱涝史料》,壶关县：夏大旱，秋无禾，…民多饿死，人相食。——《华北、东北近五百年旱涝史料》第五分册，第66页,无
956,1640,明思宗崇祯十三年,山西,运城市,临猗县,无,《华北、东北近五百年旱涝史料》,临猗县：春不雨至六月。秋无禾，木皮草根尽，人相食。——《华北、东北近五百年旱涝史料》第五分册，第44页,无
957,1640,明思宗崇祯十三年,山西,运城市,夏县,无,《华北、东北近五百年旱涝史料》,夏县：连遭大旱，蝗蝻食苗，岁大饥，人相食。——《华北、东北近五百年旱涝史料》第五分册，第44页,无
958,1640,明思宗崇祯十三年,陕西,无,无,无,《陕西通志》,五月至七月，每晨天红如赭。秋，全陕大旱，饥。十月，栗价腾涌，日贵一日，斗米三钱，至次年春十倍其值。绝枭罢市，木皮石面皆食尽，父子夫妇相割啖，道殛重积，十死八九。——康熙六年《陕西通志》卷三十祥异,全陕泛指，多省泛指，原文无具体县名，按规则不提取
959,1640,明思宗崇祯十三年,陕西,咸阳市,无,无,《咸阳县志》,咸阳市：秋大旱，饥。十月，栗价腾贵，斗米三钱。至次年春十倍其值，罢市。饥疫相困，木皮石面皆尽，父子夫妇相刈啖。——乾隆《咸阳县志》卷二十祥异,无
960,1640,明思宗崇祯十三年,陕西,西安市,高陵县,无,《高陵县志》,高陵县：大旱，饥。十月，斗米三钱，至次年春十倍其值，木皮皆尽，父子夫妇相刈啖。——雍正《高陵县志》卷四祥异,无
961,1640,明思宗崇祯十三年,陕西,西安市,鄠邑区,无,《鄂县志》,户县：蝻生，食禾殆尽。大饥，人相食。——康熙《鄂县志》卷八灾异,无
962,1640,明思宗崇祯十三年,陕西,咸阳市,礼泉县,无,《醴泉县志》,礼泉县：秋大旱。十月，栗价腾贵，日贵一日，斗米三钱。至次年春十倍其值，绝枭罢市，木皮石面皆食尽，父子夫妇相刘啖，道瘞重积，十死八九。——康熙《醴泉县志》卷四杂志,无
963,1640,明思宗崇祯十三年,陕西,咸阳市,永寿县,无,《永寿县志》,永寿县：大旱，奇荒，人类相食。斗粟值钱一两六钱，饥疫交加，一门一枝绝亡不可胜数，（永）之凋敝至此极矣。——康熙《永寿县志》卷六灾祥,无
964,1640,明思宗崇祯十三年,陕西,渭南市,无,无,《渭南县志》,渭南市：十三、四年，岁大祲，麦米每斗价二两四五钱，各乡镇无粮食，人民馁毙十之七八。邑西关有人市，年少妇人价不及千钱，一飨易一妻，米一升易一婢者。——雍正《渭南县志》卷十五祥异,无
965,1640,明思宗崇祯十三年,陕西,渭南市,富平县,无,《富平县志》,富平县：大旱，人相食，草木俱尽。——乾隆五年《富平县志》卷八祥异,无
966,1640,明思宗崇祯十三年,陕西,渭南市,合阳县,无,《重修邵阳县志》,合阳县：六年，斗米千钱，十三年至四千钱，先后饿死真以沙量，人相食者比比为然。——顺治《重修邵阳县志》卷七杂志,无
967,1640,明思宗崇祯十三年,陕西,渭南市,澄城县,无,《澄城县志》,澄城县：大饥，民乃作乱。是岁，麦禾俱无茭刈，时斗麦值三钱，间岁麦一斗银三两，间岁麦一斗银三两。子女玉帛骈填墟市，人莫之顾，屑榆为粥，继以兰根，兰尽，食红石皮、煤炭，十无一生，旋相食。素封之家，率多饿死。当是时，有攫市者，县官以饥故，姑息之。——顺治《澄城县志》卷一灾祥,无
968,1640,明思宗崇祯十三年,陕西,渭南市,韩城市,无,《韩城县续志》,韩城市：大旱，斗米一两三钱，人相食。——康熙《韩城县续志》卷七祥异,无
969,1640,明思宗崇祯十三年,陕西,渭南市,华阴市,无,《华阴县志》,华阴县：大旱，麦米斗值二两，百姓剥啖树皮草根，至人相食。兼瘟疫相继，饿殍盈野——乾隆《华阴县志》卷二十一纪事,无
970,1640,明思宗崇祯十三年,陕西,渭南市,蒲城县,无,《浦城县续志》,浦城县：岁奇荒，斗栗千钱，夫啖妻尸，父食子脍。——康熙《浦城县续志》卷四艺文,无
971,1640,明思宗崇祯十三年,陕西,渭南市,潼关县,无,《凤翔府志》,潼关县：夏旱。蝗蝻生，食苗。斗米二两五钱，人相食。——乾隆《凤翔府志》卷上灾祥,无
972,1640,明思宗崇祯十三年,陕西,商洛市,商州区,无,《直隶商州志》,商县：斗米一两六钱，饥死无数，人相食。——乾隆《直隶商州志》卷十四灾祥,无
973,1640,明思宗崇祯十三年,陕西,商洛市,洛南县,无,《雍南县志》,洛南县：十三、四年连饥，斗米二金，人相食。——康熙《雍南县志》卷七灾祥,无
974,1640,明思宗崇祯十三年,陕西,宝鸡市,扶风县,无,《扶风县志》,扶风县：大旱，蝗。岁饥，人相食。——顺治《扶风县志》卷一灾祥,无
975,1640,明思宗崇祯十三年,陕西,宝鸡市,麟游县,无,《麟游县志》,麟游县：复大旱，蝗。岁大歉，比冬人相食。——顺治《麟游县志》卷一灾祥,无
976,1640,明思宗崇祯十三年,陕西,延安市,洛川县,无,《洛川县志》,洛川县：大旱，人相食，草木俱尽。——嘉庆《洛川县志》卷一祥异,无
977,1640,明思宗崇祯十三年,甘肃,兰州市,无,无,《兰州府志》,兰州市：春正月至夏六月，不雨，大饥，人相食。——道光《兰州府志》卷十二杂记,无
978,1640,明思宗崇祯十三年,甘肃,白银市,庄浪县,无,《庄浪县志》,庄浪县：大旱，人掇草根木皮充腹，甚或易子而食，析骸而食，流亡殆尽。——乾隆《庄浪县志》卷十九灾祥,无
979,1640,明思宗崇祯十三年,甘肃,定西市,临洮县,无,《临洮府志》,临洮县：大旱，春夏无雨，夏苗尽枯，秋禾未种。谷价腾涌，斗粟银一两，每日饿毙人无数，人每相食，为灾甚烈。——万历《临洮府志》卷二十二祥异,无
980,1640,明思宗崇祯十三年,甘肃,定西市,陇西县,无,《陇西县志》,陇西县：秋大旱，饥。十月，栗价腾贵，斗米三百钱。次年春，价至十倍，绝籴罢市。木皮石面皆食尽，父子夫妇相割啖，十死八九，道瘞相望。——乾隆《陇西县志》卷十二祥异,无
981,1640,明思宗崇祯十三年,甘肃,白银市,靖远县,无,《重篆靖远卫志》,靖远县：奇荒，人相食。——康熙《重篆靖远卫志》卷一祥异,无
982,1640,明思宗崇祯十三年,甘肃,平凉市,崇信县,无,《崇信县志》,崇信县：大旱，斗粟二两，米倍之。父子夫妇相食，遍地盗生，人死十八九。——顺治《崇信县志》卷下灾异,无
983,1640,明思宗崇祯十三年,甘肃,庆阳市,镇原县,无,《镇原县志》,镇原县：奇荒，斗米值银三两，人相食。——康熙《镇原县志》卷下灾异,无
984,1640,明思宗崇祯十三年,甘肃,天水市,甘谷县,无,《伏羌县志》,甘谷县：自春至夏不雨。民饥，人相食，死者塞道。——康熙《伏羌县志》灾祥,无
985,1640,明思宗崇祯十三年,甘肃,陇南市,徽县,无,《徽州志》,徽县：大饥，人相食。——康熙《徽州志》灾祥,无
986,1640,明思宗崇祯十三年,甘肃,陇南市,武都县,无,《阶州志》,武都县：岁大饥，百姓死亡无算，西门城外掘万人坑，甚至人相食。太守王询申请赈济，全活甚众。——康熙《阶州志》灾祥,无
987,1640,明思宗崇祯十三年,甘肃,临夏回族自治州,临夏县,无,《河州志》,临夏县：大旱，自正月至六月不雨。夏苗尽枯，秋种未播，股价腾踊，斗栗白金一两。城门外痤尸，掘大坑七八处，深三四尺，每日车拽尸骨无算，人相食。——康熙四十六年《河州志》卷四灾异,无
988,1640,明思宗崇祯十三年,甘肃,天水市,武山县,无,《宁远县志》,武山县：大旱，秋禾无苗，谷极贵，民大相食，饿殍遍野，有田不治。——《宁远县志》（康熙四十八年），转引自《西北灾荒史》第437页。,转引自《西北灾荒史》
989,1640,明思宗崇祯十三年,甘肃,定西市,通渭县,无,《重修通渭县志》,通渭县：大旱，岁饥，人相食。——《重修通渭县志》（光绪十九年），转引自《西北灾荒史》第437页。,转引自《西北灾荒史》
990,1640,明思宗崇祯十三年,山东,济南市,无,无,《华北、东北近五百年旱涝史料》,济南府：连岁旱，天下大饥…，诸州连岁旱饥，五月大旱饥，树皮皆尽，发瘞肉以食。连岁旱，天下大饥，人相食。——《华北、东北近五百年旱涝史料》第三分册，第8页。,无
991,1640,明思宗崇祯十三年,山东,济南市,无,无,《济南府志》,济南市：闰月正朔，雷电，雨雪盈尺。五月，大旱。饥，树皮皆尽，发瘞肉以食。——道光《济南府志》卷二十灾祥,无
992,1640,明思宗崇祯十三年,山东,济南市,章丘县,无,《章邱县志》,章丘县：大饥，斗米千钱，父子相食，人死大半。——康熙《章邱县志》卷一灾祥,无
993,1640,明思宗崇祯十三年,山东,淄博市,无,无,《淄博县志》,淄博市：大饥，人相食。——乾隆四十一年《淄博县志》卷三灾祥,无
994,1640,明思宗崇祯十三年,山东,枣庄市,无,无,《峄县志》,枣庄市：大饥。前此旱蝗频年，至是赤地，民掘草根、剥木皮皆尽，父子相食，白骨纵横。——康熙《峄县志》卷二灾祥,无
995,1640,明思宗崇祯十三年,山东,德州市,齐河县,无,《齐河县志》,齐河县：蝗，旱，绵虫。大饥，人相食。土地荒芜，村落丘墟，斗米银一两余。——康熙《齐河县志》卷六灾祥,无
996,1640,明思宗崇祯十三年,山东,济南市,济阳县,无,《济阳县志》,济阳县：自五月至秋无雨，大饥，人相食。——顺治《济阳县志》灾,无
997,1640,明思宗崇祯十三年,河南,商丘市,虞城县,无,《禹城县志》,虞城县：天降奇荒，赤地千里，骨肉相食，饿莩遍野，民仪子遗。——康熙《禹城县志》卷六灾祥,无
998,1640,明思宗崇祯十三年,山东,德州市,临邑县,无,《德平县志》,临邑县：大旱，禾稼全空。入食木皮草根，至骨肉相食，民死大半，村疃为墟。——康熙《德平县志》卷三灾祥,无
999,1640,明思宗崇祯十三年,山东,德州市,平原县,无,《平原县志》,平原县：闰正月，赈饥。夏，复大旱，蝗。斗谷千钱无籴处，人相食，痤尽发。——乾隆《平原县志》卷九灾祥,无
1000,1640,明思宗崇祯十三年,山东,德州市,夏津县,无,《夏津县志》,夏津县：大饥，斗米两银，人相食。——乾隆《夏津县志》卷九灾祥,无
1001,1640,明思宗崇祯十三年,山东,东营市,利津县,无,《利津县新志》,利津县：大饥，人相食。小蝗伤麦。——康熙《利津县新志》卷九祥异,无
1002,1640,明思宗崇祯十三年,山东,滨州市,沽化县,无,《沽化县志》,沽化县：闰正月元日，雷电大作，雨雪盈尺。二月，日出如血，大风霾。夏秋大旱，蝗，野无寸草。道槿相望，寇贼蜂起，人相食。——民国《沽化县志》卷七大事纪,疑似OCR错误：'道槿'疑为'道殣'之误
1003,1640,明思宗崇祯十三年,山东,滨州市,邹平县,无,《长山县志》,邹平县：闰正月元日，雷电，雨雪盈尺。二月，日出如血，大风霾。六月，日出人时赤如血。连岁旱饥，人相食。——康熙五十五年《长山县志》卷七灾祥,无
1004,1640,明思宗崇祯十三年,山东,潍坊市,青州市,无,《益都县志》,青州市：自六月不雨至八月，大蝗。十月，麦米菽斗谷二千有奇，群盗起，人父子相食，草木皮俱尽。——康熙《益都县志》卷十祥异,无
1005,1640,明思宗崇祯十三年,山东,潍坊市,诸城县,无,《诸城县志》,诸城县：春正月，赈济。是年，旱蝗，人相食。——乾隆《诸城县志》卷二总纪,无
1006,1640,明思宗崇祯十三年,山东,潍坊市,无,无,《潍县志稿》,潍坊市：岁大饥，斗粟千钱。冬尤甚，至人相食。——民国《潍县志稿》卷二通纪,无
1007,1640,明思宗崇祯十三年,山东,青岛市,胶县,无,《增修胶志》,胶县：夏五月，大旱，蝗。冬十二月，大饥，人相食。——民国《增修胶志》卷五十三祥异,无
1008,1640,明思宗崇祯十三年,山东,潍坊市,高密县,无,《高密县志》,高密县：旱，蝗。大饥，人相食。——康熙《高密县志》卷九祥异,无
1009,1640,明思宗崇祯十三年,山东,青岛市,平度县,无,《重修平度州志》,平度县：沙鸡满天。旱，蝗。饥，至人相食。——道光《重修平度州志》卷二十六大事,无
1010,1640,明思宗崇祯十三年,山东,烟台市,掖县,无,《掖县志》,掖县：旱，蝗。大饥，人相食。——乾隆《掖县志》卷五祥异,无
1011,1640,明思宗崇祯十三年,山东,青岛市,即墨县,无,《即墨县志》,即墨县：沙鸡遍野。大饥，人相食。——同治《即墨县志》卷十一灾祥,无
1012,1640,明思宗崇祯十三年,山东,烟台市,无,无,《福山县志》,烟台市：自春徂秋无雨，蝗杀稼殆尽，人相食。——康熙《福山县志》卷一灾祥,无
1013,1640,明思宗崇祯十三年,山东,烟台市,栖霞县,无,《栖霞县续志》,栖霞县：大旱。飞蝗蔽天，伤稼，无秋。大饥，人相食。——光绪《栖霞县续志》卷八祥异,无
1014,1640,明思宗崇祯十三年,山东,临沂市,无,无,《沂州志》,临沂市：蝗遍野盈尺，百树无叶，赤地千里。斗麦二千，民掘草根，剥树皮，父子相食，骸骨纵横。婴儿捐弃满道，人多自竖草标求售，转沟壑者无算。次年春，复疫坊继起，死亡过半。灾变之异，从未甚于此者。——康熙《沂州志》卷一灾异,无
1015,1640,明思宗崇祯十三年,山东,临沂市,郯城县,无,《郯城县志》,郯城县：春夏大旱，飞蝗蔽野，害禾一空。…冬春数月活人相食，父食其子，兄食其弟，夫食其妻，村疃亲朋不敢往来。此实遇之非常奇灾也。——康熙《郯城县志》卷九灾祥,无
1016,1640,明思宗崇祯十三年,山东,临沂市,费县,无,《费县志》,费县：大旱。飞蝗蔽天，害稼。饥馑，人相食。——光绪《费县志》卷十六祥异,无
1017,1640,明思宗崇祯十三年,山东,临沂市,沂水县,无,《沂水县志》,沂水县：大饥，人相食。——康熙《沂水县志》卷五灾祥,无
1018,1640,明思宗崇祯十三年,山东,日照市,无,无,《日照县志》,日照市：旱，蝗，大饥，人相食。——康熙《日照县志》卷一纪异,无
1019,1640,明思宗崇祯十三年,山东,泰安市,肥城县,无,《肥城县志书》,肥城县：旱蝗相集，禾稼尽伤。甚而母子、兄弟、夫妇相食，惨不忍言，人民死者以亿万计。——康熙《肥城县志书》卷下灾祥,无
1020,1640,明思宗崇祯十三年,山东,济南市,长清县,无,《长清县志》,长清县：大旱，人相食。——康熙《长清县志》卷十四灾祥,无
1021,1640,明思宗崇祯十三年,山东,济南市,莱芜县,无,《莱芜县志》,莱芜县：大饥，斗栗数斤，人相食。——光绪《莱芜县志》卷二灾祥,无
1022,1640,明思宗崇祯十三年,山东,泰安市,宁阳县,无,《宁阳县志》,宁阳县：斗米三两，父子相食，土寇日炽，民饥而死者十之八九。——康熙十一年《宁阳县志》,无
1023,1640,明思宗崇祯十三年,山东,济宁市,兖州市,无,《滋阳县志》,兖州市：蝗，旱，奇荒。斗麦二两，瘟疫盛行，盗贼窃发，父子相食，人死过半。——康熙《滋阳县志》卷二灾异,无
1024,1640,明思宗崇祯十三年,山东,济宁市,曲阜市,无,《曲阜县志》,曲阜市：春闰正月，赈饥。夏旱，蝗，疫。冬十二月，大饥，人相食。——乾隆《曲阜县志》卷三十通编,无
1025,1640,明思宗崇祯十三年,山东,济宁市,邹县,无,《邹县志》,邹县：八月降霜，九月水冻。米麦一斗价三两五钱，人食人肉，饥死十有九，居民相劫为食。官役捕之，群人山为盗。从此四境啸聚，岁岁不宁矣。——康熙十二年《邹县志》卷二灾乱,无
1026,1640,明思宗崇祯十三年,山东,枣庄市,滕县,无,《滕县志》,滕县：大饥，人相食。——康熙《滕县志》卷二灾异,无
1027,1640,明思宗崇祯十三年,山东,济宁市,汶上县,无,《续修汶上县志》,汶上县：大旱，蝗。斗米三金，父子兄弟互相食，土寇蜂起，民饥而死者十之八九。——康熙《续修汶上县志》卷五灾祥,无
1028,1640,明思宗崇祯十三年,山东,菏泽市,无,无,《菏泽县志》,菏泽市：春夏不雨，…十月，斗米钱二千，民大饥。…十二月，人相食，初食已死，继食未死；初食道路之殍，继食闾巷之亲，甚至父子、祖孙、兄弟，夫妇互相杀食，官不能禁，异变也。——光绪《菏泽县志》卷十九灾祥,无
1029,1640,明思宗崇祯十三年,山东,菏泽市,单县,无,《单县志》,单县：蝗，旱。大饥，斗米价银三两，瘟疫盛行，人相食。——康熙《单县志》卷一祥异,无
1030,1640,明思宗崇祯十三年,山东,菏泽市,成武县,无,《成武县志》,成武县：二月，黄风蔽天天日，屋瓦墙垣皆作重金色，相连两月。夏大旱。岁饥，斗米钱数千人，人相食，盗贼蜂起。——康熙九年《成武县志》卷三灾禄,无
1031,1640,明思宗崇祯十三年,山东,聊城市,冠县,无,《冠县志》,冠县：春，风霾日起，蝗蝻复生。粮食一石值银十两，草根树叶计斤易银。瘟疫盛行，死者相枕。有自食儿女者，有买死人而食者，有掘新尸而食者，有杀活人而卖者，行人路绝，一村之中不相往来。——康熙《冠县志》卷五禩祥,无
1032,1640,明思宗崇祯十三年,山东,聊城市,临清市,无,《临清直隶州志》,临清市：疫甚，死者无算。是岁，自春徂秋无语，大饥，人相食。——乾隆《临清直隶州志》卷十一祥祲,无
1033,1640,明思宗崇祯十三年,山东,聊城市,莘县,无,《莘县志》,莘县：春夏大旱，每日风霾，大无禾。斗米银壹两二钱，民间食尽草子树皮。至有父子、兄弟、夫妇相食。惨状难悉。饥民为盗，蜂起焚掠。四境萧然。——光绪《莘县志》卷四饥异,无
1034,1640,明思宗崇祯十三年,山东,聊城市,高唐县,无,《高唐州志》,高唐县：春微雨，夏至秋亢旱不雨，禾黍尽干，一粒弗获。斗米千钱，草根树皮一望皆尽，至父子相食，妻孥不保，死者相枕藉，鸡犬无声，真亘古奇荒也。大率阖州百姓饥死者十之七八，病瘟及流亡在外者十之一二。——康熙十二年《高唐州志》卷九灾异,无
1035,1640,明思宗崇祯十三年,山东,聊城市,阳谷县,无,《阳谷县志》,阳谷县：大饥，人相食。甚有食死尸，至于父子夫妇生烹而食者。——康熙十二年《阳谷县志》卷四灾异,无
1036,1640,明思宗崇祯十三年,江苏,镇江市,丹徒县,无,《丹徒县志》,丹徒县：三吴皆饥，树皮食尽，至发瘞以食。年旱蝗，民多疫。——嘉庆《丹徒县志》卷四十六祥异,无
1037,1640,明思宗崇祯十三年,江苏,南京市,江宁县,无,《江宁县志》,南京市：大疫，大饥。江宁市流殍枕藉，饥人相食。——康熙《江宁县志》卷十二灾祥,无
1038,1640,明思宗崇祯十三年,江苏,南京市,六合县,无,《六合县志》,六合县：大灾旱，人互相食，时治山、灵岩俱出石面，争取者日数千人，调为饼，燝食之，不易饥，然小腹胀，多有死者。后有用野草芽及树叶蔬梗杂以蒸食，遂不至死。——康熙《六合县志》卷八灾祥,无
1039,1640,明思宗崇祯十三年,江苏,镇江市,无,无,《镇江府志》,镇江市：是年旱蝗，民多疫，果有人相食之事。——康熙《镇江府志》卷四十三祥异,无
1040,1640,明思宗崇祯十三年,江苏,镇江市,丹阳县,无,《丹徒县志》,丹阳县：有食人之谣，上元日民间为米粉人食之，应。是年旱蝗，民多疫，人过相食。——光绪《丹徒县志》卷五十八祥异,无
1041,1640,明思宗崇祯十三年,江苏,泰州市,泰县,无,《泰州志》,泰县：大旱，蝗。四月至七月不雨，河流竭，无禾。民饥流亡，人相食。——崇祯《泰州志》卷七灾祥,无
1042,1640,明思宗崇祯十三年,江苏,南通市,如皋县,无,《如皋县志》,如皋县：大旱。大饥，大疫，民相食。——康熙《如皋县志》卷一祥异,无
1043,1640,明思宗崇祯十三年,江苏,宿迁市,沐阳县,无,《沐阳县志》,沐阳县：岁饥馑，斗谷三钱，民多流离，人相食。——康熙《沐阳县志》卷一灾异,无
1044,1640,明思宗崇祯十三年,江苏,宿迁市,宿迁县,无,《宿迁县志》,宿迁县：大饥，人相食。山东流民死者尤众，有聚埋于城东地藏庵后者，遂名之为万人坑。——嘉庆《宿迁县志》卷六祥异,无
1045,1640,明思宗崇祯十三年,江苏,盐城市,东台县,无,《东台县志》,东台县：四月至七月不雨，蝗复至，飞盈衢市，屋草靡遗。民大饥，人相食。——嘉庆《东台县志》卷七祥异,无
1046,1640,明思宗崇祯十三年,江苏,徐州市,徐州市,无,《徐州志》,徐州市：大旱。…民饥甚，斗米千钱，棉菜及诸草种亦斗数百，人相食，流亡载道。非多徒众持挺不敢昼行，或以妇子易钱百文，米数升即去，不复顾。诸县皆然。——康熙《徐州志》卷二祥异,无
1047,1640,明思宗崇祯十三年,江苏,徐州市,丰县,无,《新修丰县志》,丰县：大旱。…民大饥，斗米一金。人相食，所在流亡，或以妇子易钱百文，饭一餐，去不复顾。——顺治《新修丰县志》卷九灾祥,无
1048,1640,明思宗崇祯十三年,江苏,徐州市,沛县,无,《沛县志》,沛县：夏大蝗。冬饥，人相食。——乾隆《沛县志》卷一水旱,无
1049,1640,明思宗崇祯十三年,江苏,徐州市,睢宁县,无,《睢宁县志》,睢宁县：天下大旱，黄河水涸，斗票价至四钱，流亡载道，人相食。——康熙《睢宁县志》卷一祥异,无
1050,1640,明思宗崇祯十三年,浙江,杭州市,临安县,无,《临安县志》,临安县：大饥。人相食，流离载道，罗雀掘鼠，草根树皮俱尽，死者枕藉。庆云枭民陈廿八杀人以食，事露，死于法。——宣统《临安县志》卷一祥异,无
1051,1640,明思宗崇祯十三年,浙江,湖州市,无,无,《归安县志》,湖州市：大水溢街市，田禾尽淹。民大饥，草根树皮俱尽，人相食。——康熙《归安县志》卷六灾祥,无
1052,1640,明思宗崇祯十三年,安徽,铜陵市,铜陵县,无,《铜陵县志》,铜陵县：大水没圩。飞蝗蔽天。殍遍野，有剖肉以食者。——顺治《铜陵县志》卷七祥异,无
1053,1640,明思宗崇祯十三年,安徽,六安市,六安县,六安州,《重修六安州志》,六安县：夏大旱，飞蝗蔽天。人相食。——康熙《重修六安州志》卷十祥异,无
1054,1640,明思宗崇祯十三年,安徽,阜阳市,霍邱县,无,《霍邱县志》,霍邱县：旱，蝗。大饥，斗米千钱，人至相食。——康熙《霍邱县志》卷二十灾祥,无
1055,1640,明思宗崇祯十三年,安徽,亳州市,亳州市,无,《亳州志》,亳州市：大疫殆尽，人相食。——崇祯《亳州志》卷一灾祥,无
1056,1640,明思宗崇祯十三年,安徽,阜阳市,颍上县,无,《颍上县志》,颍上县：大饥，禾稼不登斗米千文，人多相食。——顺治《颍上县志》卷十一灾祥,无
1057,1640,明思宗崇祯十三年,安徽,宿州市,萧县,无,《萧县志》,萧县：大旱，虫生。二月初四日，黑风冻来，人莫能立。二十一日未时风沙迷天。秋蝗，无遗禾。民大饥，斗米三钱。人相食，骸骨饥籍，死者不胜纪，所在流亡，妇子易米三升，无复与者。——顺治《萧县志》卷五灾异,无
1058,1640,明思宗崇祯十三年,安徽,蚌埠市,怀远县,无,《怀远县志》,怀远县：十三、四年大荒，大疫，人相食。——雍正《怀远县志》卷八灾异,无
1059,1640,明思宗崇祯十三年,安徽,滁州市,天长县,无,《天长县志》,天长县：十三年、十四年大旱，人民相食。——康熙《天长县志》卷一祥异附,无
1060,1640,明思宗崇祯十三年,安徽,六安市,霍山县,无,《华东地区近五百年气候历史资料》,霍山县：夏大旱，飞蝗蔽天，人相食。——《华东地区近五百年气候历史资料》第三分册，第90页。,无
1061,1640,明思宗崇祯十三年,河南,郑州市,荥阳县,无,《汜志》,荥阳县：大旱，野断青。飞蝗食木叶，蝗过蛹生，室之内外皆蛹。栗钱二两，蓬子、榆皮，兰根为市，牛马（）为食，肆人相食，冻饿死者无算。——顺治《汜志》卷四祥异,无
1062,1640,明思宗崇祯十三年,河南,开封市,开封县,祥符县,《祥符县志》,开封县：蝗生四月以啮麦，霜生八月而杀禾，致使斗米两金。百姓之死于饿者不知凡几。死于相食者不知凡几。向之林林总总者十仅存四五矣。——顺治《祥符县志》卷六艺文,无
1063,1640,明思宗崇祯十三年,河南,开封市,杞县,无,《杞县志》,杞县：春二月，赤风尽晦，其色如血。夏早。秋八月陨霜。是岁大饥，斗粟千钱，人相食，市肆卖人内者。——乾隆十一年《杞县志》卷二灾祥,无
1064,1640,明思宗崇祯十三年,河南,开封市,尉氏县,无,《尉氏县志》,尉氏县：闰正月朔，日食，暴风扬沙，色赤如火。二月，日光如血者数日。四月，蝗食禾，既。七月大旱，蝗，禾草俱枯。八月，陨霜杀菽。大饥，斗粟银二两，人相食，盗贼蜂起。——道光《尉氏县志》卷一祥异,无
1065,1640,明思宗崇祯十三年,河南,郑州市,新郑县,无,《新郑县志》,新郑县：春夏全无雨，二麦微收。秋禾继以蝗蝻食尽。七月始而。八月二十四日，大霜，荞麦尽枯。九月后，人相食。——顺治《新郑县志》卷五祥异,无
1066,1640,明思宗崇祯十三年,河南,郑州市,登封县,无,《登封县志》,登封县：大早，蝗蟄为灾。斗米价至二两，饿殍盈野，父子相食。——康熙《登封县志》卷九灾祥,无
1067,1640,明思宗崇祯十三年,河南,开封市,兰考县,仪封县,《仪封县志》,兰考县：兵凶岁荒。三月不雨，六月小雨仅播豆种，又不雨，禾尽槁。八月即大霜。树叶尽脱。十月粮腾贵，麦石十五金，杂粮石十二金。人相食，市鬻人肉。集有人市，妇女一口，百钱可易。——顺治《仪封县志》卷七禨祥,无
1068,1640,明思宗崇祯十三年,河南,开封市,通许县,无,《通许县志》,通许县：大早，人相食。夏四月，蝗，无麦。秋八月，大霜杀禾。大饥，民相食。——康熙《通许县志》卷十灾祥,无
1069,1640,明思宗崇祯十三年,河南,郑州市,巩县,无,《巩县志》,巩县：大旱，大饥，人相食。——乾隆十年《巩县志》卷二灾祥,无
1070,1640,明思宗崇祯十三年,河南,新乡市,新乡县,无,《新乡县续志》,新乡县：春夏不雨，大风沙霾，昼晦。蝗蟄大作，人相食，瘟疫。发帑赈饥。死者枕藉，就食他乡者亦毙于道。张缙彦陈请发帑金二万赈邺与卫。——康熙《新乡县续志》卷二灾异,无
1071,1640,明思宗崇祯十三年,河南,新乡市,汲县,无,《汲县志》,汲县：大饥，人相食，城内杀人，乡村盗起，人死十之八九。——康熙《汲县志》卷十,无
1072,1640,明思宗崇祯十三年,河南,焦作市,温县,无,《温县志》,温县：大荒，人相食。——乾隆十一年《温县志》卷一灾祥,无
1073,1640,明思宗崇祯十三年,河南,焦作市,济源县,无,《济源县志》,济源县：早饥，斗粟二千钱，父子兄弟自相食，中产以下多死绝。——乾隆《济源县志》卷一祥异,无
1074,1640,明思宗崇祯十三年,河南,新乡市,辉县,无,《辉县志》,辉县：大蝗，秋盗起。十月，人相食，斗米千钱，市鬻人肉。——康熙《辉县志》卷十八灾祥,无
1075,1640,明思宗崇祯十三年,河南,新乡市,延津县,无,《延津县志》,延津县：春夏大早，无麦。八月，陨霜杀禾。斗米千钱，人相食。——康熙《延津县志》卷七灾祥,无
1076,1640,明思宗崇祯十三年,河南,新乡市,原阳县,无,《原武县志》,原阳县：正月朔，阴晦雨沙者一日，白昼如夜。春大旱。斗米千五百钱，人相食。——康熙《原武县志》卷末灾祥,无
1077,1640,明思宗崇祯十三年,河南,焦作市,武陟县,无,《武陟县志》,武陟县：大旱，斗米二千钱。冬，人相食。——康熙《武陟县志》卷一灾祥,无
1078,1640,明思宗崇祯十三年,河南,焦作市,孟州市,孟县,《孟县志》,孟县：大饥，斗粟二千钱，人相食，死者枕籍。——康熙《孟县志》卷七灾祥,孟县为推测，原文为古代地名孟县
1079,1640,明思宗崇祯十三年,河南,焦作市,沁阳市,无,《河内县志》,沁阳县：自去年七月至本年八月始雨，五谷种不入士。岁大饥，斗粟二千钱，人相食，乱民所在啸聚。——康熙《河内县志》卷一灾祥,无
1080,1640,明思宗崇祯十三年,河南,安阳市,安阳县,无,《安阳县志》,安阳市：井或浅涸，带泥汲炊，长河有断流者。米麦一斗，银至一两三四钱不止。木皮草根剥掘殆尽，人相食，其至父子夫妇互相杀食，僻巷无敢独行者。群狼队行人市，外城终夜鬼哭，日以为常。人亦不以为异。虽有司煮粥赈粟，直如恒河之一沙，无救于死。——康熙《安阳县志》卷十灾祥,无
1081,1640,明思宗崇祯十三年,河南,安阳市,滑县,无,《滑县志》,滑县：春雨土，多风，麦尽枯。岁大凶。秋大荒。乡民有身家者，多避居城内。冬，土寇窃发，各乡烽火相接，人相食。——顺治《滑县志》卷十杂志,无
1082,1640,明思宗崇祯十三年,河南,鹤壁市,浚县,无,《浚县志》,浚县：大饥，人相食。——康熙《浚县志》卷一祥异,无
1083,1640,明思宗崇祯十三年,河南,安阳市,林州市,林县,《林县志》,林县：大荒，人相食。——康熙《林县志》卷十三灾祲,林县为推测，原文为古代地名林县
1084,1640,明思宗崇祯十三年,河南,商丘市,夏邑县,无,《夏邑县志》,夏邑县：又旱，禾乃尽。…斗米钱二千，民穷思乱，绿林啸聚，白昼揭竿，所在杀人而食，出城不数武即杀人之场，生死止隔一墙耳。初，有司尚严禁之，渐成固然，甚而父食其子，夫食其妇，种种修状，未之前闻。——民国《夏邑县志》卷九杂文,无
1085,1640,明思宗崇祯十三年,河南,商丘市,柘城县,无,《柘城县志》,柘城县：大饥，人相食。——康熙《柘城县志》卷四灾样,无
1086,1640,明思宗崇祯十三年,河南,商丘市,睢县,睢州,《睢州志》,睢县：夏大旱，野无青草，蝗。八月．陨霜，杀晚禾。是岁大饥，斗米数金，人相啖，死者什七，亘古未有。——康熙三十二年《睢州志》卷七祥异,睢州为推测，原文为古代地名睢州
1087,1640,明思宗崇祯十三年,河南,商丘市,虞城县,无,《虞城县志》,虞城县：八月，陨霜杀禾，流寇至，大饥。冬十月，斗麦价四金，蜀秫三金余。人相食，饿殍盈野，须臾皮肉俱尽，后有父母子女互相杀啖者，官法不能禁。——顺治《虞城县志》卷八灾祥,无
1088,1640,明思宗崇祯十三年,河南,商丘市,宁陵县,无,《宁陵县志》,宁陵县：岁大饥，人相食。盗贼蜂起，昼不敢行，死者遍野。——康熙《宁陵县志》卷十二灾祥,无
1089,1640,明思宗崇祯十三年,河南,周口市,商水县,无,《商水县志》,商水县：大饥，群盗蜂起，…壮者皆从贼去，其余老弱相食，甚有父子、兄弟、夫妇自相啖者。冬大雪，路绝行人．城门紧闭，四关皆食人之薮也。——顺治《商水县志》卷八灾变,无
1090,1640,明思宗崇祯十三年,河南,周口市,扶沟县,无,《陈州府志》,扶沟县：自六月不雨至十二月，禾尽槁。八月二十三日，严霜杀物。是年，秋冬大饥，斗米三千余钱，饿殍载道，土寇蜂起，母食其子、妻烹其夫，于是树皮尽白，野菜草根继之，白骨如莽，城守戒严，道路遂阻。——乾隆《陈州府志》卷三十杂志,无
1091,1640,明思宗崇祯十三年,河南,周口市,鹿邑县,无,《鹿邑县志》,鹿邑县：春大饥，人相食。——康熙《鹿邑县志》卷八灾祥,无
1092,1640,明思宗崇祯十三年,河南,周口市,淮阳县,无,《陈州府志》,淮阳县：人相食。——乾隆《陈州府志》卷三十杂志,无
1093,1640,明思宗崇祯十三年,河南,周口市,西华县,无,《西华县志》,西华县：赤黑风自北来，凡三阅月。大饥，父子夫妻多相食，城市之中公然有鬻人肉者。——顺治《西华县志》卷七灾异,无
1094,1640,明思宗崇祯十三年,河南,周口市,太康县,无,《太康县志》,太康县：春大饥，人相食。——康熙《太康县志》卷八灾祥,无
1095,1640,明思宗崇祯十三年,河南,周口市,项城市,项城县,《项城县志》,项城县：大饥，道馑相望，人相食。——顺治《项城县志》卷八灾祥,项城县为推测，原文为古代地名项城县
1096,1640,明思宗崇祯十三年,河南,许昌市,许昌市,许州,《许州志》,许昌县：大旱，蝗，秋禾尽伤，青草皆枯。斗米易钱二千文，人相食，饿死者大半，时民争采桑槐芋叶为食。是冬及次岁春，妇女自鬻于市，无有收者，有夫妻相食者。甚有易于而食者，有全家饿死者十分之七，逃亡者无算。是岁，土贼蜂起。——康熙《许州志》卷九祥异,许州为推测，原文为古代地名许州
1097,1640,明思宗崇祯十三年,河南,许昌市,鄢陵县,无,《鄢陵县志》,鄢陵县：白正月不雨至于五、六月，禾尽槁。秋冬大饥，斗米一千余钱，饿殍载道，土寇蜂起。母食其子，妻烹其夫，…白骨如莽，城守戒严，道遂阻。——顺治《鄢陵县志》卷九祥异,无
1098,1640,明思宗崇祯十三年,河南,许昌市,襄城县,无,《襄城县志》,襄城县：大旱，大蝗，秋禾尽伤，…人相食，饿死者过半。——顺治《襄城县志》卷七灾祥,无
1099,1640,明思宗崇祯十三年,河南,平顶山市,鲁山县,无,《鲁山县全志》,鲁山县：大旱，蝗。米价金余一斗，父子相食，土贼蜂起。——乾隆《鲁山县全志》卷九祥异,无
1100,1640,明思宗崇祯十三年,河南,平顶山市,郏县,无,《郏县志》,郏县：大饥，至父子相食。武刚土贼自此起。——顺治《郏县志》卷一灾祥,无
1101,1640,明思宗崇祯十三年,河南,漯河市,临颍县,无,《临颍县续志》,临颍县：…十月，大饥，人相食，布帛衣服器皿每件不值百钱。——乾隆《临颍县续志》卷七灾祥,无
1102,1640,明思宗崇祯十三年,河南,平顶山市,宝丰县,无,《宝丰县志》,宝丰县：大饥，木棉棠棣诸树叶计斤而鬻，每斤值百钱。父子相食。——乾隆《宝丰县志》卷五灾祥,无
1103,1640,明思宗崇祯十三年,河南,许昌市,禹州市,禹州,《禹州志》,禹县：二月不雨，至子八月，土寇起。六月，人相食。——顺治《禹州志》卷九禨祥,禹州为推测，原文为古代地名禹州
1104,1640,明思宗崇祯十三年,河南,驻马店市,西平县,无,《西平县志》,西平县：…田禾食尽，野无青草。父子夫妻相食，尸体载道。——康熙《西平县志》卷十外志,无
1105,1640,明思宗崇祯十三年,河南,驻马店市,新蔡县,无,《汝宁府志》,新蔡县：饥，民间易子而食。——嘉庆《汝宁府志》卷十九人物,无
1106,1640,明思宗崇祯十三年,河南,信阳市,固始县,无,《固始县志》,固始县：…斗米钱三千三百文，人相食，甚至父子兄弟夫妻有相食者。——康熙《固始县志》卷十一·灾祥,无
1107,1640,明思宗崇祯十三年,河南,信阳市,潢川县,光州,《光州志》,潢川县：旱，蝗。人相食，有窃邻之幼子而食者。——顺治《光州志》卷十二灾异,光州为推测，原文为古代地名光州
1108,1640,明思宗崇祯十三年,河南,信阳市,商城县,无,《商城县志》,商城县：飞蝗蔽天，无禾，人相食。——康熙《商城县志》卷八灾祥,无
1109,1640,明思宗崇祯十三年,河南,洛阳市,洛阳,无,《河南府志》,洛阳市：…糠皮酒糟视为珍品，枣核柿蒂重若宝粒，干牛羊皮食之，雁矢食之，甚至人相食矣。空旷之所，饥民攒聚，执单人杀以为食。捉获登时击杀而不能禁。渐至父子夫妇相食，更有发在棺之尸而食腐肉者，若剔死人之肉，又为寻常无异之事矣。——顺治《河南府志》卷三灾异,无
1110,1640,明思宗崇祯十三年,河南,洛阳市,孟津县,无,《孟津县志》,孟津县：大旱，无青苗，斗栗五千钱，人相食。——嘉庆《孟津县志》卷四祥异,无
1111,1640,明思宗崇祯十三年,河南,平顶山市,汝州市,汝州,《汝州全志》,临汝县：旱，蝗。大饥，人相食，木棉诸树叶每斤百钱。——道光《汝州全志》卷九灾祥,汝州为推测，原文为古代地名汝州
1112,1640,明思宗崇祯十三年,河南,洛阳市,汝阳县,伊阳,《伊阳县志》,汝阳县：春二月至七月无雨，野无青草。…饿殍枕藉，人且相食矣。——顺治《伊阳县志》卷二灾异,伊阳为推测，原文为古代地名伊阳
1113,1640,明思宗崇祯十三年,河南,三门峡市,灵宝市,阌乡,《阌乡县志》,灵宝县：夏旱，蝗蛹生，食禾殆尽。斗米二两五钱，人相食。冬无雪。——顺治《阌乡县志》卷一灾祥,阌乡为推测，原文为古代地名阌乡
1114,1640,明思宗崇祯十三年,河南,三门峡市,渑池县,无,《渑池县志》,渑池县：自春至秋不雨，野无青草。斗米价值四两，父子相食。——乾隆《渑池县志》卷中灾祥,无
1115,1640,明思宗崇祯十三年,河南,洛阳市,偃师市,无,《偃师县志》,偃师县：大无禾麦，洛水深不盈尺。流贼起，人民相食。——顺治《偃师县志》卷二灾祥,无
1116,1640,明思宗崇祯十三年,河南,洛阳市,宜阳县,无,《河南府志》,宜阳县：奇灾异荒，米麦贵至一千八百文一升。城内杀人而食，暮夜人不敢出行数步，甚至父子相食、母女相食、兄弟相食、夫妻相食。其杀人而食，先啖其血，次食肠肚肺，次食脑，次食其肉手足。与猪蹄甲、牛脚件同用，更春其骨为炒豆，靡其骨为粉面。如此骇人听闻，真千古来罕闻稀见之大变也。——顺治《河南府志》卷三灾异,无
1117,1640,明思宗崇祯十三年,河南,洛阳市,洛宁县,永宁,《永宁县志》,洛宁县：十三年、十四年大饥，斗米二十两，麦银十六两，民有父子、母女、夫妻相食者。——乾隆十二年《永宁县志》卷一灾祥,永宁为推测，原文为古代地名永宁
1118,1640,明思宗崇祯十三年,河南,三门峡市,卢氏县,无,《卢氏县志》,卢氏县：…父子相食，饿殍遍野。山崩川竭，逆闽倡乱中州。——康熙《卢氏县志》卷四灾祥,无
1119,1640,明思宗崇祯十三年,河南,三门峡市,无,陕州,《陕州志》,三门峡市：自春至秋不雨，野无青草，米麦斗值钱五千，次年春又倍。父子、兄弟、夫妇相食，亘古罕闻。夏又大疫，存者百无一二。——顺治《陕州志》卷四灾样,无
1120,1640,明思宗崇祯十三年,河南,洛阳市,新安县,无,《新安县志》,新安县：旱，蝗。大饥，野绝青草，斗米二两九钱。以树皮、白土、雁矢充饥，至以柿蒂、蒺藜、牛马皮为市，骨肉相食，死者相继，村舍十空其九。——康熙《新安县志》卷十七灾异,无
1121,1640,明思宗崇祯十三年,河南,郑州市,密县,无,《华北、东北近五百年旱涝史料》,密县：大旱蝗，道瘞枕藉，人相食。——《华北、东北近五百年旱涝史料》第四分册，第29页。,无
1122,1640,明思宗崇祯十三年,河南,洛阳市,嵩县,无,《华北、东北近五百年旱涝史料》,嵩县：旱蝗，大饥，人相食。——《华北、东北近五百年旱涝史料》第四分册，第52页。,无
1123,1640,明思宗崇祯十三年,河南,驻马店市,泌阳县,无,《华北、东北近五百年旱涝史料》,泌阳县：自去年七月至是年八月始雨，五谷种不入土，大饥…人相食。——《华北、东北近五百年旱涝史料》第四分册，第68页。,无
1124,1640,明思宗崇祯十三年,湖北,麻城市,无,无,《麻城县志》,麻城市：十三、十四年旱，蝗飞，疫游臻。米价腾涌，饥，人相食。——康熙《麻城县志》卷三灾异,无
1125,1641,明思宗崇祯十四年,山东,德州,无,无,明史,是岁，畿南、山东游饥。德州斗米千钱，父子相食，行人断绝，大盗滋矣。”——《明史》卷三0《五行志》,无
1126,1641,明思宗崇祯十四年,北京,北京,无,无,崇祯遗录,都下大饥，斗米钱五百，麦七百，鸡羊豕不赀，人相食。——明·王世德《崇祯遗录》,无
1127,1641,明思宗崇祯十四年,河北,无,昌平县,无,昌平州志,昌平县：大饥，斗米一两，人至相食。——康熙《昌平州志》,无
1128,1641,明思宗崇祯十四年,河北,无,灵寿县,无,灵寿县志,灵寿县：岁大饥，斗米千钱，人相食。——康熙《灵寿县志》,无
1129,1641,明思宗崇祯十四年,河北,无,赵县,无,赵州志,赵县：大旱，人相食。瘟疫大行，死者枕藉。——康熙《赵州志》,无
1130,1641,明思宗崇祯十四年,河北,无,平山县,无,平山县志,平山县：岁凶，人相食。——康熙《平山县志》,无
1131,1641,明思宗崇祯十四年,河北,无,玉田县,无,玉田县志,玉田县：大饥，人相食。——康熙《玉田县志》,无
1132,1641,明思宗崇祯十四年,河北,无,丰润县,无,丰润县志,丰润县：大饥，人相食。——康熙《丰润县志》,无
1133,1641,明思宗崇祯十四年,河北,无,大城县,无,大城县志,大城县：春，大饥。人相食。道雍相望。——康熙《大城县志》,无
1134,1641,明思宗崇祯十四年,河北,无,文安县,无,文安县志,文安县：粗粮九两一石，人相食。——康熙四十二年《文安县志》,无
1135,1641,明思宗崇祯十四年,河北,无,清苑县,无,保定府志,清苑县：春二月，黄雾四塞。大饥，人相食。——康熙《保定府志》,无
1136,1641,明思宗崇祯十四年,河北,无,东光县,无,东光县志,东光县：春大饥，或至父子夫妇相食。秋，稍熟。——康熙《东光县志》,无
1137,1641,明思宗崇祯十四年,河北,无,博野县,无,博野县志,博野县：大旱，人食人。——康熙《博野县志》,无
1138,1641,明思宗崇祯十四年,河北,无,新城县,无,新城县志,新城县：旱，大饥，人相食。——康熙《新城县志》,无
1139,1641,明思宗崇祯十四年,河北,无,高阳县,无,高阳县志,高阳县：大饥，人相食。斗麦一两二钱银，蠲逋赋。——雍正《高阳县志》,无
1140,1641,明思宗崇祯十四年,河北,无,肃宁县,无,肃宁县志,肃宁县：大旱，飞蝗蔽天，或夫妇父子相食，死亡略尽。——乾隆《肃宁县志》,无
1141,1641,明思宗崇祯十四年,河北,任丘市,任丘市,无,重修任丘县志,任丘市：大旱，蝗飞蔽天，人相食。——康熙《重修任丘县志》,无
1142,1641,明思宗崇祯十四年,河北,衡水市,衡水市,无,衡水县志,衡水市：大旱，斗米千文，民益困。妇女之无赖者，插标于市，人莫之顾。炊骨啖肉，民多以速死为幸。衣锦者每饿于荒烟断垣之中。至有因盗正法，群逐如膻，相屠而食者；有暮行饿于街巷，晓视之，则骨者；有诱至于家掩杀而食者；有死而不葬，葬而盗发之烹食者。比邻隐若敌国，甚则妇食其夫，父食其子，人而禽兽，残止矣。——康熙《衡水县志》,无
1143,1641,明思宗崇祯十四年,河北,无,饶阳县,无,饶阳县后志,饶阳县：春夏旱，斗米千钱。人食草根木皮，道馑相望，人相食，间有杀人而食者。——顺治《饶阳县后志》,无
1144,1641,明思宗崇祯十四年,河北,无,景县,无,景州志,景县：又人旱，斗米钱千余者，值银二两。人相食。——康熙《景州志》,无
1145,1641,明思宗崇祯十四年,河北,无,深县,无,深州志,深县：岁仍大旱，斗米千钱，人相食。邻舍不敢往来。道路不敢单行。甚至有骨肉相食者，有发新冢食者。又兼瘟疫大作，十死八九。——康熙《深州志》,无
1146,1641,明思宗崇祯十四年,河北,无,冀县,无,冀州志,冀县：大饥，小米一斗钱八百。初食死人，继食生人，甚有食子女，将人肉市卖无忌。——康熙《冀州志》,无
1147,1641,明思宗崇祯十四年,河北,无,安平县,无,安平县志,安平县：大旱，瘟疫大作，人相食，盗贼充斥。——康熙《安平县志》,无
1148,1641,明思宗崇祯十四年,河北,无,武邑县,无,武邑县志,武邑县：大饥，斗米千钱。初食死人，继食生人，甚有食子女，卖人肉无忌。幸有稷，不种自生，先谷成熟，人赖以生。——康熙《武邑县志》,无
1149,1641,明思宗崇祯十四年,河北,无,大名县,无,元城县志,大名县：大旱，飞蝗食麦。瘟疫，人死大半，互相杀食。——康熙《元城县志》,无
1150,1641,明思宗崇祯十四年,河北,无,邯郸县,无,邯郸县志,邯郸县：旱，蝗。大疫，病亡者相枕于道，人相食。——康熙《邯郸县志》,无
1151,1641,明思宗崇祯十四年,河北,无,永年县,无,永年县志,永年县：大饥，疫。人相食。——光绪《永年县志》,无
1152,1641,明思宗崇祯十四年,河北,无,成安县,无,成安县志,成安县：大疫，大饥，斗米钱千三百文，人相食。——康熙《成安县志》,无
1153,1641,明思宗崇祯十四年,河北,无,涉县,无,涉县志,涉县：大饥，民死七分，父食子。——顺治《涉县志》,无
1154,1641,明思宗崇祯十四年,河北,无,鸡泽县,无,鸡泽县志,鸡泽县：荞麦种一斗钱三千六百，米一斗钱一千四百。人相食，儿稚独行要杀食之，尸弃道旁，一时争割立尽。疫大作，死者十损六七，村落几绝烟火。——民国《鸡泽县志》,无
1155,1641,明思宗崇祯十四年,河北,无,柏乡县,无,柏乡县志,柏乡县：大饥，人相食。——康熙《柏乡县志》,无
1156,1641,明思宗崇祯十四年,河北,无,隆尧县,无,唐山县志,隆尧县：饥甚，骨肉相食，儿无子遗。——康熙《唐山县志》,无
1157,1641,明思宗崇祯十四年,河北,南宫市,南宫市,无,南宫县志,南宫市：亢杭，人民饥馁，至有父兄弟相残食者。——康熙《南宫县志》,无
1158,1641,明思宗崇祯十四年,河北,无,南和县,无,南和县志,南和县：大早，人相食。瘟疫大行，死者枕藉。——康熙《南和县志》,无
1159,1641,明思宗崇祯十四年,河北,无,河间县,无,华北、东北近五百年旱涝史料,河间县：旱如故，死徒流亡载道，蝗飞满天，人相食。——《华北、东北近五百年旱涝史料》,无
1160,1641,明思宗崇祯十四年,河北,无,安新县,无,华北、东北近五百年旱涝史料,安新县：大饥，人相食。——《华北、东北近五百年旱涝史料》,无
1161,1641,明思宗崇祯十四年,河北,无,正定县,无,华北、东北近五百年旱涝史料,正定县：大旱，民饥。夏大疫…人相食，死亡塞道。——《华北、东北近五百年旱涝史料》,无
1162,1641,明思宗崇祯十四年,山西,无,偏关县,无,偏关志,偏关县：夏大饥，斗米银八钱，死者山积，人相食。——道光增修《偏关志》,无
1163,1641,明思宗崇祯十四年,山西,榆次市,榆次市,无,榆次县志,榆次市：六月，飞蝗蔽日，食禾至尽。民大饥，相食。——乾隆《榆次县志》,无
1164,1641,明思宗崇祯十四年,山西,无,文水县,无,文水县志,文水县：岁大饥，人相食。（公甫下车）雨大降，旋令民种晚田，复设法赈济。——光绪《文水县志》,无
1165,1641,明思宗崇祯十四年,山西,无,汾阳县,无,汾阳县志,汾阳县：春大饥，复大旱。自十三年饥，到处水皮草根剥掘既尽，复食人，至有父子、兄弟、夫妇相食者。至是年春，斗米麦自八九钱至一两二钱、一两六七钱者，黄昏人不敢行。——康熙《汾阳县志》,无
1166,1641,明思宗崇祯十四年,山西,无,壶关县,无,壶关县志,壶关县：春，斗米银七钱。民掘草根、剥树皮以食，死者不计其数。尤可惨者，生者食死之肉。更有父子兄弟相食者。——康熙《壶关县志》,无
1167,1641,明思宗崇祯十四年,山西,临汾市,临汾市,无,临汾县志,临汾市：春大饥。自十三年大饥，到处木皮草根剥既尽，复食人，至有父子、夫妇、兄弟相食者。至是午春，斗米麦自八九钱至一两二钱、一两五六钱者。黄昏不敢行。——康熙五十七年《临汾县志》,无
1168,1641,明思宗崇祯十四年,山西,无,翼城县,无,翼城县志,翼城县：米价如珠，树皮草根皆尽，人相食，鬻子女仅易一殖。商旅不敢独行，又大疫。民国《翼城县志》,无
1169,1641,明思宗崇祯十四年,山西,无,洪洞县,无,洪洞县志,洪洞县：以岁累旱，栗贵如珠。百姓食糟糠，甚至树皮草根，究且人相食。鬻子女仅易一飨。商旅不敢独行，在襁褓者父母弃道路不顾而去。饿殍盈野，惨不忍目。——雍正《洪洞县志》,无
1170,1641,明思宗崇祯十四年,山西,无,霍县,无,鼎修霍州志,霍县：大饥，杀人而食。——康熙《鼎修霍州志》,无
1171,1641,明思宗崇祯十四年,山西,无,浮山县,无,浮山县志,浮山县：以累岁大旱，潦饥，栗贵如珠。百姓食糟糠，剥树皮，掘草根，甚至人相食。商旅不敢独行，饿殍盈野，惨不忍目。——乾隆《浮山县志》,无
1172,1641,明思宗崇祯十四年,山西,无,襄汾县,无,太平县志,襄汾县：大荒，斗麦银一两、米八钱，城中罢市，人相食。——乾隆《太平县志》,无
1173,1641,明思宗崇祯十四年,山西,无,乡宁县,无,乡宁县志,乡宁县：奇荒，人相食。——民国《乡宁县志》,无
1174,1641,明思宗崇祯十四年,山西,无,新绛县,无,《绛州志》,新绛县：大荒，米市绝，饿死者四坑皆满。明季灾祲频仍，自古以来未有若此之甚者也，城内有食人之妇者，有妇人取人孩子，食数十者。…，甚至食粪，遗喟折骨相望于路。——康熙《绛州志》卷三灾异,无
1175,1641,明思宗崇祯十四年,山西,无,绛县,无,《绛县志》,绛县：春大饥，饿殍枕藉，人相食，米麦斗各千钱。——顺治《绛县志》卷上祥异,无
1176,1641,明思宗崇祯十四年,山西,无,河津县,无,《河津县志》,河津县：五月，汾河干。八月，大旱，野无青草。斗米至一两有奇，次年人相食。——乾隆《河津县志》卷八祥异,无
1177,1641,明思宗崇祯十四年,山西,无,芮城县,无,《芮城县志》,芮城县：是春米麦每斗价至一两五钱，人相食，死亡载道，闾里丘墟。——康熙《芮城县志》卷二灾祥,无
1178,1641,明思宗崇祯十四年,山西,无,万荣县,无,《万泉县志》,万荣县：复大旱，骨肉相食，人亡大半。——康熙《万泉县志》卷七祥异,无
1179,1641,明思宗崇祯十四年,山西,无,临猗县,无,《临晋县志》,临猗县：春，斗麦银一两三钱，木皮草根剥掘殆尽。人相食，僻巷无敢独行者，甚至父子夫妇互相杀食。——康熙《临晋县志》卷六灾祥,无
1180,1641,明思宗崇祯十四年,陕西,无,长安县,无,《咸宁县志》,长安县：春，斗米值银二两，市罢枭。道瘞蚁集，至人相食。——康熙《咸宁县志》卷七祥异,无
1181,1641,明思宗崇祯十四年,陕西,无,高陵县,无,《高陵县续志》,高陵县：春，斗麦二两、斗米三两，谷皮升百钱，麦麸斤百钱。人相食，饿殍盈野。——光绪《高陵县续志》卷八缀录,无
1182,1641,明思宗崇祯十四年,陕西,无,户县,无,《鄂县志》,户县：春大饥，人相食。——康熙《鄂县志》卷八灾异,无
1183,1641,明思宗崇祯十四年,陕西,无,泾阳县,无,《泾阳县志》,泾阳县：春绝峁，木皮草根俱尽，人相食。——康熙《泾阳县志》卷一祥异,无
1184,1641,明思宗崇祯十四年,陕西,无,周至县,无,《重修盩厔县志》,周至县：春大饥，米二升白银一两，人民相食，死者枕藉。是年，夏有年，有绝其家而无人收者。——乾隆《重修盩厔县志》卷十三祥异,无
1185,1641,明思宗崇祯十四年,陕西,无,临潼县,无,《临潼县志》,临潼县：（十三年）粟价腾贵，斗米二钱。至次年春十倍其值，罢市，木皮石面皆尽，父子夫妇相割啖，道殛充积，十亡八九。——康熙《临潼县志》卷六祥异,无
1186,1641,明思宗崇祯十四年,陕西,无,大荔县,无,《大荔县志》,大荔县：岁大荒，斗栗值钱三千，人相食。——乾隆五十一年《大荔县志》卷十三贤能,无
1187,1641,明思宗崇祯十四年,陕西,无,潼关县,无,《凤翔县志》,潼关县：春饥，斗米二两八钱，人相食，死者以亿万计。是年大疫。——乾隆《凤翔县志》卷十祥异,无
1188,1641,明思宗崇祯十四年,陕西,无,武功县,无,《武功县后志》,武功县：陕西大饥。春，禾皮皆尽，人相食。——雍正《武功县后志》卷三灾祥,无
1189,1641,明思宗崇祯十四年,甘肃,无,临洮县,无,《狄道州志》,临洮县：瘟疫并起，人狗相食。——乾隆《狄道州志》卷十一祥异,无
1190,1641,明思宗崇祯十四年,甘肃,无,灵台县,无,《灵台志》,灵台县：春，麦米腾贵，没斗值银一两六钱，四月每斗值银二两。民有父子相食，夫妇相食，十村九空，城外积骨如山。是年，麦秋颇熟。——顺治《灵台志》卷四灾异,无
1191,1641,明思宗崇祯十四年,甘肃,无,清水县,无,《清水县志》,清水县：大饥，人相食。复有大头瘟疫，死者甚重。——康熙《清水县志》卷十灾祥,无
1192,1641,明思宗崇祯十四年,甘肃,无,两当县,无,《两当县志》,两当县：凶荒，茹草根，寻食木皮，甚至有食人肉者，尸骸满野，哭声震地。——康熙《两当县志》灾异,无
1193,1641,明思宗崇祯十四年,甘肃,无,武山县,无,《宁远县志》,武山县：东郊有嘉禾，一茎九穗，是年大有。奈河贼蹂踊，人有不得食者。谷极贵，民大相食，饿殍遍野，有田不治。——康熙《宁远县志》卷三灾祥,无
1194,1641,明思宗崇祯十四年,甘肃,无,通渭县,无,《重修通渭县志》转引《西北灾荒史》,通渭县：大旱，岁饥，人相食。——《重修通渭县志》（光绪十九年），转引自《西北灾荒史》第437页。,无
1195,1641,明思宗崇祯十四年,山东,淄博市,无,无,《博山县志》,淄博市：岁荐饥，斗米值一两八钱，人相食。龙泉、范泉尽涸，孝妇河十里下亦绝流。——乾隆《博山县志》卷四灾祥,无
1196,1641,明思宗崇祯十四年,山东,德州市,无,无,《德州志》,德州市：春疫，斗米银一两。饥，人相食。——康熙《德州志》卷十纪事,无
1197,1641,明思宗崇祯十四年,山东,无,济阳县,无,《济阳县志》,济阳县：春夏大旱，斗栗二金。人相食，瘟疫大作，死者枕藉，十村九墟，人烟几绝。——民国《济阳县志》卷二十祥异,无
1198,1641,明思宗崇祯十四年,山东,无,临邑县,无,《临邑县志》,临邑县：旱，饥，人相食。——道光《临邑县志》卷十六纪祥,无
1199,1641,明思宗崇祯十四年,山东,无,平原县,无,《平原县志》,平原县：夏旱，蝗。父子夫妇相食，村落问杳无人烟。——乾隆《平原县志》卷九灾祥,无
1200,1641,明思宗崇祯十四年,山东,无,乐陵县,无,《乐陵县志》,乐陵县：旱，饥，人相食。——乾隆《乐陵县志》卷三祥异,无
1201,1641,明思宗崇祯十四年,山东,无,商河县,无,《商河县志》,商河县：旱，饥，人相食。——道光《商河县志》卷三祥异,无
1202,1641,明思宗崇祯十四年,山东,无,武城县,无,《恩县续志》,武城县：春，民多饥死，人相食，道途行人几绝。——雍正《恩县续志》卷四灾祥,无
1203,1641,明思宗崇祯十四年,山东,无,夏津县,无,《夏津县志》,夏津县：大饥，斗米两银，人相食。——康熙《夏津县志》卷五灾异,无
1204,1641,明思宗崇祯十四年,山东,无,庆云县,无,《庆云县志》,庆云县：大饥，人相食，有骨肉相残者。…人多疫，死者枕藉。——康熙《庆云县志》卷十一灾祥,无
1205,1641,明思宗崇祯十四年,山东,无,惠民县,无,《惠民县志》,惠民县：旱，饥，人相食。——乾隆《惠民县志》卷四祥异,无
1206,1641,明思宗崇祯十四年,山东,无,阳信县,无,《阳信县志》,阳信县：春夏大旱，斗栗二金。人相食，瘟疫大作，死者枕藉，十村九墟，人烟几绝。——康熙《阳信县志》卷三灾异,无
1207,1641,明思宗崇祯十四年,山东,无,无棣县,无,《海丰县志》,无棣县：海丰春，大饥，斗粟二金，人相食，有骨肉相残者。五月，雨雹，无麦，复大疫，死者枕藉，人市几於无人。——康熙《海丰县志》卷四事纪,无
1208,1641,明思宗崇祯十四年,山东,无,栖霞县,无,《栖霞县续志》,栖霞县：是年大饥，斗米二千余钱，死者大半，人相食。——光绪《栖霞县续志》卷八祥异,无
1209,1641,明思宗崇祯十四年,山东,威海市,无,无,《威海卫志》,威海市：大饥，人相食。——乾隆《威海卫志》卷一灾祥,无
1210,1641,明思宗崇祯十四年,山东,无,济宁县,无,《济宁直隶州志》,济宁县：旱，蝗。大饥，人相食。疫。——乾隆《济宁直隶州志》卷一纪年,无
1211,1641,明思宗崇祯十四年,山东,无,冠县,无,《堂邑县志》,冠县：春又不雨，千钱斗米，即谷糠亦斗值百钱。母食其子，妇食其夫，即葬埋逾旬者，犹盗掘而分尸之。夏初，瘟疫大行，家无幸免。至秋飞蝗蔽天，即由寸草亦蚕食无遗。人死于瘟，死于饿，死于贼十有八九，乡村落空，地荒屋毁，几无人迹。此亘古未见之奇荒。——顺治《堂邑县志》卷三灾祥,无
1212,1641,明思宗崇祯十四年,山东,无,茌平县,无,《茌平县志》,茌平县：大饥，蝗蝻遍野，瘟疫横生，死者十分之九，赤地千里，人相食。——康熙二年《茌平县志》卷二灾祥,无
1213,1641,明思宗崇祯十四年,山东,无,东阿县,无,《东阿县志》,东阿县：大旱，饥，人相食。——道光《东阿县志》卷二十二祥异,无
1214,1641,明思宗崇祯十四年,上海,上海,无,无,《上海县志》,上海市：夏大旱，蝗，米粟涌贵，饿殍载道。…是岁春大饥，斗米至三四钱，民食草木根皮俱尽，抛妻子，死者相枕。卖婆某氏抱人子女，至家杀之供饱啖，邻人闻所烹肉甚香，启锅视之，手足宛然，鸣官获之，立毙。——乾隆四十九年《上海县志》卷十二祥异,无
1215,1641,明思宗崇祯十四年,上海,无,嘉定县,无,《外冈志》,嘉定县：旱魃为虐，自三月不雨，至七月河底迸裂，赤地千里。斗米千钱，饥馑载道，易子而食。——崇祯《外冈志》卷二祥异,无
1216,1641,明思宗崇祯十四年,江苏,徐州市,无,无,《徐州府志》,徐州市：大旱，蝗。人相食，道无行人。夏大疫。死无棺验者不可数计。——康熙《徐州府志》卷二祥异,无
1217,1641,明思宗崇祯十四年,江苏,无,丰县,无,《新修丰县志》,丰县：大旱，蝗，父子夫妻相食，大疫流行，死无棺殓者不可悉数。——顺治《新修丰县志》卷九灾祥,无
1218,1641,明思宗崇祯十四年,浙江,嘉兴市,无,无,《嘉兴县志》,嘉兴市：米价腾贵，石至四两，饿民子西城上剔人肉以充食。——康熙《嘉兴县志》卷八外纪,无
1219,1641,明思宗崇祯十四年,浙江,无,桐乡县,无,《桐乡县志》,桐乡县：夏大旱，飞蝗满地。米一石价四两五钱，有割人肉货卖者。——康熙《桐乡县志》卷二灾祥,无
1220,1641,明思宗崇祯十四年,安徽,安庆市,无,无,《安庆府志》,安庆市：大旱，蠡，疫。人相食，死者枕藉。——康熙二十二年《安庆府志》卷十四祥异,无
1221,1641,明思宗崇祯十四年,安徽,无,望江县,无,《新修望江县志》,望江县：大旱，自三月十八日雨，至六月初八日乃雨，地赤土焦，河湖亦枯圻。秋七月，蠡飞蔽天。大疫，道殍无算。十二月，人相食。——顺治《新修望江县志》卷九灾异,无
1222,1641,明思宗崇祯十四年,安徽,安庆市,太湖县,无,《安庆府太湖县志》,太湖县：八月，飞蝗蔽天。民大饥，疫。斗米千钱，死者日以数百计，人相残食，日晡不敢独行。——康熙十四年《安庆府太湖县志》卷二灾祥,无
1223,1641,明思宗崇祯十四年,安徽,六安市,舒城县,无,《舒城县志》,舒城县：蝗，饥，人多相食。——雍正《舒城县志》卷二十四祥异,无
1224,1641,明思宗崇祯十四年,安徽,六安市,霍山县,无,《六安州志》,霍山县：春，霍山大饥，人相食。——乾隆《六安州志》卷二十四祥异,无
1225,1641,明思宗崇祯十四年,安徽,阜阳市,阜阳县,无,《颍州志》,阜阳县：春大饥，人相食。夏瘟，至秋末方止。淝河水溢，坏民庐舍。——顺治《颍州志》卷一郡纪,无
1226,1641,明思宗崇祯十四年,江苏,徐州市,砀山县,无,《砀山县志》,砀山县：春夏大饥，先食树木皮及各草子，渐至食人，初犹避忌，后且公然不为异，甚有父子、兄弟、夫妻相食者。冬，夏大疫，田野荒芜。抚院史可法设法赈贷。——乾隆《砀山县志》卷一祥异,无
1227,1641,明思宗崇祯十四年,江苏,徐州市,萧县,无,《萧县志》,萧县：春大饥，人相食，道绝行人。五月，大疫，一家死者十之八九，无殓无棺不可悉数。十月，黄河浅，时暴征秋粮，告急，逃亡一空。——顺治《萧县志》卷五灾异,无
1228,1641,明思宗崇祯十四年,安徽,滁州市,无,无,《滁州志》,滁州市：疫疠盛行，有食人者。——康熙《滁州志》卷三祥异,无
1229,1641,明思宗崇祯十四年,安徽,滁州市,天长县,无,《天长县志》,天长县：大旱，人民相食，忽流言山出石面，饥民取面和榆屑食之，后皆肿死。——康熙《天长县志》卷一祥异附,无
1230,1641,明思宗崇祯十四年,安徽,黄山市,歙县,无,《歙县志》,歙县：岁大饥。斗米五钱，人相食。——顺治《歙县志》卷十四灾祥,无
1231,1641,明思宗崇祯十四年,安徽,池州市,贵池县,无,《池州府志》,贵池县：春大饥，夏秋大疫，人食人。——康熙五十年《池州府志》卷二十九灾祥,无
1232,1641,明思宗崇祯十四年,安徽,蚌埠市,怀远县,无,《怀远县志》,怀远县：大荒大疫，人相食。——道光《怀远县志》卷四,无
1233,1641,明思宗崇祯十四年,安徽,安庆市,怀宁县,无,《华东地区近五百年气候历史资料》,怀宁、宿松、望江、潜山、桐城：大旱，瘟疫。怀宁人相食，死者枕藉。宿松饥。潜山人死者枕藉，饥者刈人为食，无敢独行道路者。——《华东地区近五百年气候历史资料》第三分册，第131页。,无
1234,1641,明思宗崇祯十四年,安徽,安庆市,潜山县,无,《华东地区近五百年气候历史资料》,怀宁、宿松、望江、潜山、桐城：大旱，瘟疫。怀宁人相食，死者枕藉。宿松饥。潜山人死者枕藉，饥者刈人为食，无敢独行道路者。——《华东地区近五百年气候历史资料》第三分册，第131页。,无
1235,1641,明思宗崇祯十四年,安徽,池州市,东至县,建德,《华东地区近五百年气候历史资料》,东至县：建德冬月，民大饥，有惊人而食者。——《华东地区近五百年气候历史资料》第三分册，第152页。,无
1236,1641,明思宗崇祯十四年,河南,郑州市,登封县,无,《登封县志》,登封县：大饥，人相食。——康熙《登封县志》卷九灾祥,无
1237,1641,明思宗崇祯十四年,河南,郑州市,中牟县,无,《中牟县志》,中牟县：大饥，人相食。——康熙《中牟县志》卷六祥异,无
1238,1641,明思宗崇祯十四年,河南,新乡市,封丘县,无,《封丘县志》,封丘县：春，瘟疫大作，死十存一二，蝗蝻遍野，至有父子相食。——顺治《封丘县志》卷三灾祥,无
1239,1641,明思宗崇祯十四年,河南,焦作市,武陟县,无,《武陟县志》,武陟县：蝗食麦，人相食。瘟疫大作，死者甚众。田多荒芜。——康熙《武陟县志》卷一灾祥,无
1240,1641,明思宗崇祯十四年,河南,濮阳市,南乐县,无,《南乐县志》,南乐县：疫大行，死者十之七。…，岁大歉。斗粟千钱，人相食。——康熙《南乐县志》卷九纪年,无
1241,1641,明思宗崇祯十四年,河南,濮阳市,范县,无,《濮州志》,范县：是年大疫，人多死。斗米银三两，骨肉有相食者。请发内帑四十万赈济通省，濮民沾惠独多。——《濮州志》卷一礼集,无
1242,1641,明思宗崇祯十四年,河南,安阳市,滑县,无,《滑县志》,滑县：春无雨，蝗蝻食麦尽，瘟疫大作，人死十之五六。岁大凶，时斗米钱一千七百文，草木树皮无有村者，人食菜子苟活，旦夕骨肉相食，遍野榛莽，有数村不见一人者。——顺治《滑县志》卷十杂志,无
1243,1641,明思宗崇祯十四年,河南,濮阳市,清丰县,无,《清丰县志》,清丰县：大饥，斗粟千钱。父子相食，兼瘟疫流行，人死十之八九。——康熙《清丰县志》卷二编年,无
1244,1641,明思宗崇祯十四年,河南,濮阳市,濮阳县,无,《开州志》,濮阳县：大旱，瘟疫大作，人死强半，互相杀食，连接数村不见人迹。——康熙《开州志》卷四灾祥,无
1245,1641,明思宗崇祯十四年,河南,新乡市,长垣县,无,《长垣县志》,长垣县：大旱，飞蝗食麦。瘟疫饿殍，人死七八，互相杀食。——康熙《长垣县志》卷二灾异,无
1246,1641,明思宗崇祯十四年,河南,商丘市,永城县,无,《永城县志》,永城县：饥，人相食，斗粟四千余。盗贼蜂起，杀人以食，至有父食其子，及盗发新冢食之者。——康熙《永城县志》卷八灾异,无
1247,1641,明思宗崇祯十四年,河南,漯河市,郾城县,无,《郾城县志》,郾城县：春正月，斗米二千文，人相食，道无行人。三、四月，瘟疫大行。是年，土贼至数十万众。——顺治《郾城县志》卷八祥异,无
1248,1641,明思宗崇祯十四年,河南,漯河市,临颍县,无,《临颍县续志》,临颍县：春正月，斗米二千，麦钱一千八百，人相食。四月大疫。——乾隆《临颍县续志》卷七灾祥,无
1249,1641,明思宗崇祯十四年,河南,许昌市,禹县,禹州,《禹州志》,禹县：春大饥，升麦四百四十余钱，父子相食。六月，大疫。——顺治《禹州志》卷九,无
1250,1641,明思宗崇祯十四年,河南,驻马店市,上蔡县,无,《上蔡县志》,上蔡县：是岁大饥，人相食。——康熙《上蔡县志》卷十二编年,无
1251,1641,明思宗崇祯十四年,河南,驻马店市,正阳县,真阳,《真阳县志》,正阳县：大饥，人相食。——康熙《真阳县志》卷八灾祥,无
1252,1641,明思宗崇祯十四年,河南,信阳市,息县,无,《息县志》,息县：春大饥，夏大疫。人相食，疫死者十之五六。——顺治《息县志》卷十灾异,无
1253,1641,明思宗崇祯十四年,河南,信阳市,固始县,无,《固始县志》,固始县：春大饥，夏大疫。人相食，疫死者五六。——顺治《固始县志》卷九灾异,无
1254,1641,明思宗崇祯十四年,河南,信阳市,商城县,无,《商城县志》,商城县：城破。升米千钱，田荒，人相食，大疫。——康熙《商城县志》卷八灾祥,无
1255,1641,明思宗崇祯十四年,河南,开封市,开封县,无,《华北、东北近五百年旱涝史料》,开封县：夏大疫，人相食。——《华北、东北近五百年旱涝史料》第四分册，第29页。,无
1256,1641,明思宗崇祯十四年,河南,郑州市,密县,无,《密县志》,密县：大旱，蝗。数年荒歉异常，道殣枕籍，人至相食，即父子夫妇，亦有忍啖不忌者。——《密县志》卷一灾祥。,无
1257,1641,明思宗崇祯十四年,湖北,黄冈市,麻城市,无,《湖北通志》,麻城市：疫，饥，人相食。——嘉庆《湖北通志》卷四十六祥异,无
1258,1641,明思宗崇祯十四年,湖北,黄冈市,罗田县,无,《罗田县志》,罗田县：大荒，米价四钱一斗。以十三营兵马驻罗，又复抢掠，致屠子女为飨，强者屠弱者为食，各庙宇公署中人骨堆满，妻女顷刻分离，听其所从。——康熙四年《罗田县志》卷七灾异,无
1259,1641,明思宗崇祯十四年,湖北,黄冈市,广济县,无,《广济县志》,广济县：大疫，大饥，人至相食。——康熙《广济县志》卷二灾异,无
1260,1641,明思宗崇祯十四年,湖北,黄冈市,英山县,无,《英山县志》,英山县：春大饥，疫。三年之内旱蝗频仍，疫疠大作，父食其子，夫啖其妻，每饥民在道息犹存，而肌肉已尽。又或行路遇操刀凶人，健者逐不及得脱，弱者即时毙刃下。——乾隆《英山县志》卷二十六祥异,无
1261,1641,明思宗崇祯十四年,湖北,襄阳市,枣阳县,无,《枣阳县志》,枣阳县：又大饥，人相食。——乾隆《枣阳县志》卷十七灾祥,无
1262,1642,明思宗崇祯十五年,山东,无,平阴县,无,《平阴县志》,平阴县：岁大饥，人相食，盗起。——顺治《平阴县志》卷八灾祥,无
1263,1642,明思宗崇祯十五年,江苏,无,嘉定县,无,《嘉定县志》,嘉定县：春大疫，米石银二两，不数日至石五两，麦石二两八钱。人皆食糠枇尽，皆食麸屑尽，食榆皮草根。甚至将死之人割其肉食之，官不能禁也。复大疫，僵尸填沟塞道。——康熙《嘉定县志》卷三祥异,无
1264,1642,明思宗崇祯十五年,江苏,无,宝山县,无,《宝山县志》,宝山县：春，民大饥，大疫。时米石银五两，麦二两，人食糠麸榆皮草根，至割将死人肉为食。——光绪《宝山县志》卷十四祥异,无
1265,1642,明思宗崇祯十五年,江苏,无,崇明县,无,《崇明县志》,崇明县：大饥，茹糟糠、树皮革根俱尽，道死者枕藉相望。堡城一妪名秦痴婆，杀邻稚以食；又有沈安状黄姓者，食己子事觉，妪为众稗殉砸死，黄姓毙狱。——雍正《崇明县志》卷十七祲祥,无
1266,1642,明思宗崇祯十五年,江苏,无,太仓县,无,《太仓州志》,太仓县：春，米斗钱千一百文，民相食，东乡有食子者。遗惠祠及隆福寺集饥民千余，日死无算。税粮急，幸漕米许三分之一改麦，然折价石一两五钱。——崇祯《太仓州志》卷十五灾祥,无
1267,1642,明思宗崇祯十五年,江苏,无,如皋县,无,《华东地区近五百年气候历史资料》,如皋县：闰正月，岁大饥，民相食。——《华东地区近五百年气候历史资料》第二分册，第98页。,无
1268,1642,明思宗崇祯十五年,浙江,湖州市,无,无,《乌青镇志》,湖州市：大饥，斗米四饯，人相食，盗贼蜂起。又大疫，十室九死。——民国《乌青镇志》卷二祥异,无
1269,1642,明思宗崇祯十五年,浙江,无,桐乡县,无,《乌程县志》,桐乡县：大疫，十至九死。河溢大饥，人相食。——光绪《乌程县志》卷三六,无
1270,1642,明思宗崇祯十五年,安徽,无,宿松县,无,《安庆府宿松县志》,宿松县：大饥，疫。诏明年以麦代漕，后令折，寻蠲。时连岁旱蝗，寇兵交讧，饥殍之惨，有母啖其亡子者。——康熙《安庆府宿松县志》卷三祥异,无
1271,1642,明思宗崇祯十五年,安徽,无,太湖县,无,《安庆府太湖县志》,太湖县：大饥，又大疫。是岁斗米千钱，死者日以百计。道馑相望，人相残食，日晡不敢独行。——顺治《安庆府太湖县志》卷九灾样,无
1272,1642,明思宗崇祯十五年,安徽,无,霍山县,无,《霍山县志》,霍山县：春，斗麦一千四百文，每米一碗六十文。山中树皮皆尽，父鬻子，夫鬻妻，易子以相食。——顺治《霍山县志》卷二灾祥,无
1273,1642,明思宗崇祯十五年,湖北,无,黄冈县,无,《湖广通志》,黄冈县：黄州郡县境大饥，继以疫，人相食。——康熙《湖广通志》卷三祥异,无
1274,1642,明思宗崇祯十五年,湖北,无,枣阳县,无,《枣阳县志》,枣阳县：斗米钱八千，人相食。——乾隆《枣阳县志》卷十七灾祥,无
1275,1642,明思宗崇祯十五年,湖北,无,宜城县,无,《宜城县志》,宜城县：斗米十金，人相食。——同治《宜城县志》卷十祥异,无
1276,1643,明思宗崇祯十六年,浙江,湖州市,无,无,《归安县志》,湖州市：夏大旱，民饥，人相食。斗米四百钱。——康熙《归安县志》卷六灾祥,无
1277,1643,明思宗崇祯十六年,河南,无,新郑县,无,《新郑县志》,新郑县：旱，秋全无，荞种斗价六千。岁又大饥，至次年人相食。——顺治《新郑县志》卷五祥异,无
1278,1643,明思宗崇祯十六年,河南,无,尉氏县,无,《浦川县志》,尉氏县：十六年、十七年饥甚，斗米千余。强食弱肉，民之存者百仅一二。——康熙《浦川县志》卷七祥异,无
1279,1644,明思宗崇祯十七年、清世祖顺治元年,河北,无,赤城县,无,《龙门县志》,赤城县：正月朔，大风，日无光，雨土。夏大旱，民饥，人相食。九月，大疫。——康熙《龙门县志》卷二灾祥,无
1280,1645,清世祖顺治二年,河南,无,正阳县,无,《真阳县志》,正阳县：春，积雪深数尺。大饥，人相食。——康熙《真阳县志》卷八灾祥,无
1281,1645,清世祖顺治二年,湖北,无,枣阳县,无,《清史稿》,（顺治）二年（1645），枣阳、襄阳、光化、宣城大饥，人相食。——《清史稿》卷四四《灾异志五》,无
1282,1645,清世祖顺治二年,湖北,无,襄阳县,无,《清史稿》,（顺治）二年（1645），枣阳、襄阳、光化、宣城大饥，人相食。——《清史稿》卷四四《灾异志五》,无
1283,1645,清世祖顺治二年,湖北,无,光化县,无,《清史稿》,（顺治）二年（1645），枣阳、襄阳、光化、宣城大饥，人相食。——《清史稿》卷四四《灾异志五》,无
1284,1645,清世祖顺治二年,湖北,无,宣城县,无,《清史稿》,（顺治）二年（1645），枣阳、襄阳、光化、宣城大饥，人相食。——《清史稿》卷四四《灾异志五》,无
1285,1645,清世祖顺治二年,湖北,无,宜都县,无,《宜都县志》,宜都县：人逃田荒，大饥，饿殍盈壑，人相食。——康熙《宜都县志》卷十一灾祥,无
1286,1645,清世祖顺治二年,湖北,襄樊市,无,无,《襄阳府志》,襄樊市：春米贵，人相食。——顺治《襄阳府志》卷十九灾祥,无
1287,1645,清世祖顺治二年,湖北,无,谷城县,无,《谷城县志》,谷城县：春大饥，人相食。——同治《谷城县志》卷八祥异,无
1288,1645,清世祖顺治二年,湖北,无,枣阳县,无,《枣阳县志》,枣阳县：仲夏大疫，人相食。——同治《枣阳县志》卷十六祥异,无
1289,1645,清世祖顺治二年,湖北,无,宜城县,无,《宜城县志》,宜城县：春大饥，米大贵，人相食，多疫死。——同治《宜城县志》卷十祥异,无
1290,1645,清世祖顺治二年,湖北,老河口市,无,无,《襄阳府志》,老河口市：春大饥，人相食。——顺治《襄阳府志》卷十九灾祥,无
1291,1646,清世祖顺治三年,四川,无,无,无,《四川通志》,全蜀大饥，省米值钱三钱，人民相食。——嘉庆《四川通志》卷一六三行谊,无
1292,1646,清世祖顺治三年,四川,无,丹棱县,无,《丹棱县志》,丹棱县：丙戌、丁亥连岁大旱、斗米三十金，人不得耕，起而相食，骸骨满野。——光緒《丹棱县志》卷七灾祥,无
1293,1646,清世祖顺治三年,四川,无,井研县,无,《井研县志》,井研县：是岁大饥，人相食，斗米银三两。——光绪《井研县志》卷四十二纪年,无
1294,1646,清世祖顺治三年,四川,无,彭水县,无,《增修酉阳直隶州总志》,彭水县：彭邑大饥，人相食。彭邑大疫。——同治《增修酉阳直隶州总志》卷末祥异,无
1295,1646,清世祖顺治三年,四川,无,名山县,无,《名山县志》,名山县：三年、四年大饥，献逆为虐，杀戮盈野，人民相食，道路荆棘成林。——光绪《名山县志》卷九祥异,无
1296,1647,清世祖顺治四年,江西,宜春市,宜春县,袁州府,《袁州府志》,宜春市：袁州府春大水，奇荒凡六阅月。百姓饿死枕藉，白骨如山，谷每石八九两，米每斗一两八九钱，士民多阖户而死。有漆匠瑞州人侨寓宜之北乡，杀子女食；乐安人父子种蓝，子食父。百姓三分死二，各乡白骨堆积。——康熙《袁州府志》卷十三灾祥,无
1297,1647,清世祖顺治四年,江西,宜春市,宜春县,无,《宜春县志》,宜春市：凡六阅月，饿莩相枕藉，白骨如山，人相食。——民国《宜春县志》,无
1298,1647,清世祖顺治四年,江西,萍乡市,萍乡县,无,《萍乡县志》,萍乡市：春大水。岁歉，米一石值金十余两，…疫痢交作，饥馑荐臻，食野草，啖糠秕，有杀人卖其肉者。——同治《萍乡县志》卷十,无
1299,1647,清世祖顺治四年,四川,成都市,简阳县,无,《简阳县志》,简阳县：是岁大饥，谷石值银四十两，糙米斗值银七两，人相食。——民国《简阳县志》卷二十三编年,无
1300,1647,清世祖顺治四年,四川,重庆市,彭水县,无,《增修酉阳直隶总志》,彭水县：彭水大饥，人相食。彭邑斗米八两。是年彭水县六畜无遗种，城野无居民。——同治《增修酉阳直隶总志》卷末祥异,无
1301,1647,清世祖顺治四年,四川,雅安市,名山县,无,《名山县新志》,名山县：疫疠大作。播谷在田，军匪漉食殆尽。岁遂大饥，斗米值银十两，牛一只值百两，人民相食，山川愁惨。——民国《名山县新志》卷六纪事,无
1302,1647,清世祖顺治四年,四川,雅安市,荥经县,无,《荥经县志》,荥经县：岁大歉，斗米值白锄十两，野菜树皮俱尽，人多相食。——民国《荥经县志》卷十三五行,无
1303,1648,清世祖顺治五年,山东,无,邹平县,无,《新修齐东县志》,邹平县：大饥，人相食。——康熙《新修齐东县志》卷一灾祥,无
1304,1648,清世祖顺治五年,山东,无,高青县,高苑,《高苑县续志》,高青县：高苑大旱饥，道死人，人相食。——康熙《高苑县续志》卷十祥灾,高苑为古代地名，原文为'高青县：高苑大旱饥，道死人，人相食'
1305,1648,清世祖顺治五年,山东,无,恒台县,新城,《新城县志》,恒台县：新城大旱，人相食。——康熙《新城县志》卷十灾祥,新城为古代地名，原文为'恒台县：新城大旱，人相食'
1306,1648,清世祖顺治五年,广东,无,增城县,无,《增城县志》,增城县：春大饥，斗栗三十五緇，饿殍盈路，至有人相食者，时枇杷草木殆尽。——康熙十二年《增城县志》卷三事纪,无
1307,1648,清世祖顺治五年,广东,无,归善县,无,《惠州府志》,惠州市等：归善、博罗、海丰、河源、龙川大饥，博罗斗米至八九钱，河源至五六钱，归善有食人者。——光绪《惠州府志》卷十七郡事,无
1308,1648,清世祖顺治五年,广东,无,宝安县,新安,《新安县志》,宝安县：岁大饥，每米一斗价银一两二钱，人多食荔核、海苔、野菜等物，间有割尸充腹，男女妻妾者，斗米易一人。又值大疫，盗贼同时而发，民之死亡过半，有一乡而无一人存者。——康熙《新安县志》卷十一灾异,新安为古代地名，原文来源为康熙《新安县志》
1309,1648,清世祖顺治五年,广东,无,东莞市,无,《东莞县志》,东莞市：三月，大饥，斗米千钱，民有相食者。——雍正《东莞县志》卷十祥异,无
1310,1648,清世祖顺治五年,广东,无,新会县,无,《新会县志》,新会县：春三月，大饥，时斗米至钱四百，饿殍盈道，人有相食者。——康熙《新会县志》卷三事纪,无
1311,1648,清世祖顺治五年,广东,无,恩平县,无,《恩平县志》,恩平县：春夏米贵，每斗价银八钱。人相食，饥死者甚众。——康熙《恩平县志》卷一事纪,无
1312,1648,清世祖顺治五年,广西,无,灵山县,无,《灵山县志》,灵山县：米价腾涌，斗米七钱，民有易子而食者，公（佟养甲）捐俸赈恤。——雍正《灵山县志》卷九名宦,无
1313,1648,清世祖顺治五年,云南,无,鹤庆县,无,《清史稿》,鹤庆县、嵩明县：顺治五年（1648）春，广州、鹤庆（大理，洱海之北）嵩明（昆明市东北）大饥，人相食。,无
1314,1648,清世祖顺治五年,云南,无,嵩明县,无,《清史稿》,鹤庆县、嵩明县：顺治五年（1648）春，广州、鹤庆（大理，洱海之北）嵩明（昆明市东北）大饥，人相食。,无
1315,1648,清世祖顺治五年,四川,无,夹江县,无,《夹江县志》,蜀大饥，人相食。先是丙戌、丁亥连岁洩饥，至是弥甚，赤地干里。 籽米一斗价二十金，荞麦一斗价七八金，久之，亦无卖者，蒿芹木叶取食殆尽，时有裹珍珠二升易一面不得而殆，有持金数百买一饱不得而死。於是人皆相食，道路饥殍，剥取殆尽，无所得，父子、兄弟、夫妻转相贼杀。其食人之法，亦有如下羹羊、饶把火、和骨烂等名目，《鸡肋编》所载云云。——民国《夹江县志》卷十二祥异,无
1316,1648,清世祖顺治五年,四川,无,绵竹县,无,《绵竹县志》,戊子及己丑全蜀大饥，人民相食，逃亡几尽。——康熙《绵竹县志》卷一祥异,无
1317,1648,清世祖顺治五年,四川,成都,成都市,无,《重修成都县志》,成都市：大饥，人相食，虎豹形如魁魅，逾雉堞遍谯而下，白昼入城食人。初，丙戌、丁亥，四川以流贼兵起，民间耕种失时，连岁涝饥。至戊子、已丑，荒旱交迫，赤地干里，粟米一斗价金二十两，养麦一斗价七八两，久之，市中并元有枭者。——同治《重修成都县志》卷十六杂类,无
1318,1648,清世祖顺治五年,四川,无,崇庆县,无,《崇庆县志》,崇庆县：再饥，赤地千里，人相食。——民国《崇庆县志》事纪,无
1319,1648,清世祖顺治五年,四川,无,剑阁县,无,《剑阁县续志》,剑阁县：大饥，赤地千里，人相食。——民国《剑阁县续志》卷三事纪,无
1320,1648,清世祖顺治五年,四川,无,遂宁县,无,《重修四川通志遂宁采访录》,遂宁县：六月，大饥，人相食。——民国《重修四川通志遂宁采访录》杂纪,无
1321,1648,清世祖顺治五年,四川,无,潼南县,无,《潼南县志》,潼南县：六月，大饥，人相食。——民国《潼南县志》卷六祥异,无
1322,1648,清世祖顺治五年,四川,德阳,德阳市,无,《德阳县志》,德阳市：大饥，人相食。——同治《德阳县志》卷四十二祥异,无
1323,1648,清世祖顺治五年,四川,无,内江县,无,《内江县志》,内江县：大荒，邑中避难者人相食。是年，瘟疫大作，人皆徙散，百里无姻。——咸丰《内江县志》卷十四祥异,无
1324,1648,清世祖顺治五年,四川,无,富顺县,无,《富顺县志》,富顺县：大荒，邑中避难者人相食。是年，瘟疫大作，人皆徙散，百里无姻。——乾隆二十五年《富顺县志》卷十七祥异,无
1325,1648,清世祖顺治五年,四川,无,峨眉县,无,《峨眉县志》,峨眉县：大饥，人相食，大疫。——康熙《峨眉县志》卷八欖祥,无
1326,1648,清世祖顺治五年,四川,无,广安县,无,《广安州新志》,广安县：岁旱，大疫，人相食。——光绪《广安州新志》卷三十五祥异,无
1327,1649,清世祖顺治六年,四川,无,北川县,无,《石泉县志》,北川县：大饥，市无米，多持金饿死，人相食。——乾隆《石泉县志》卷四禨祥,无
1328,1649,清世祖顺治六年,四川,无,彭水县,无,《彭水县志》,彭水县：戊子、己丑大饥疫，人相食，斗米银八两，六畜皆死。——光绪《彭水县志》卷四祥异,无
1329,1650,清世祖顺治七年,湖南,无,黔阳县,无,康熙《黔阳县志》,黔阳县：庚寅、辛卯年连值奇荒，斗米银三两，民间初食草实、槐叶、树皮，继人相食，民几尽。——康熙《黔阳县志》卷一灾异,无
1330,1651,清世祖顺治八年,辽宁,无,无,无,《清世祖实录》,1651年，清世祖顺治八年，春，正月，辽东：民饥，人相食。——《清世祖实录》卷二十七,无
1331,1653,清世祖顺治十年,山西,无,宁武县,无,《宁武府志》,山西宁武县等：大饥。偏关民妇范氏诱杀人而食之。——乾隆《宁武府志》卷十事考,无
1332,1653,清世祖顺治十年,山西,无,偏关县,无,《宁武府志》,山西宁武县等：大饥。偏关民妇范氏诱杀人而食之。——乾隆《宁武府志》卷十事考,无
1333,1653,清世祖顺治十年,湖南,无,沅陵县,无,《辰州府志》,湖南沅陵县：大旱，饥，人相食。——乾隆《辰州府志》卷六禨祥,无
1334,1653,清世祖顺治十年,湖南,无,溆浦县,无,《溆浦县志》,湖南溆浦县：大饥，人相食。——乾隆《溆浦县志》卷九隰祥,无
1335,1657,清世祖顺治十四年,河北,无,玉田县,无,《玉田县志》,玉田县：大饥，人相食。——乾隆《玉田县志》卷十祥胥,无
1336,1664,清圣祖康熙三年,陕西,无,兴平县,无,《重纂兴平县志》,兴平县：关中大旱，人兽相食，死者枕藉于道路，义民积粟以赈里党，计口分给，赖以全活者无算。——民国《重纂兴平县志》卷七艺文,无
1337,1667,清圣祖康熙六年,河南,无,安平县,无,《安平县志》,安平县：河南旱蝗，斗米二千钱，有父母食子女，子女食父母者。——道光《安平县志》卷四积贮,无
1338,1667,清圣祖康熙六年,河南,无,新安县,无,《新安县志》,新安县：饥，人相食。——民国《新安县志》卷十五祥异,无
1339,1671,清圣祖康熙十年,安徽,无,天长县,无,《天长县志》,安徽：天长县：赤旱，自三月不雨至九月，飞蝗蔽天。锉草做屑，榆皮铲尽，人民相食，子女尽鬻。——康熙《天长县志》卷一祥异附,无
1340,1679,清圣祖康熙十八年,山东,无,青城,无,《青城县志》,高青县：青城终年不雨，大饥，人相食。——乾隆《青城县志》卷十祥异,无
1341,1679,清圣祖康熙十八年,安徽,无,霍丘,无,《霍邱县志》,霍丘县：大饥，路多饥殍，人民相食。奉旨赈济。——乾隆《霍邱县志》卷十二灾祥,无
1342,1679,清圣祖康熙十八年,安徽,无,天长,无,《天长县纂辑志稿》,天长县：大旱，湖水皆涸。民大饥，人相食。——同治《天长县纂辑志稿》祥异,无
1343,1693,清圣祖康熙三十二年,江苏,徐州,铜山,无,《徐州志》,徐州市等：春，徐、萧、丰、沛俱大饥，人相食，命侍郎吴鹏赈恤。——康熙《徐州志》卷二祥异,无
1344,1693,清圣祖康熙三十二年,江苏,徐州,萧县,无,《徐州志》,徐州市等：春，徐、萧、丰、沛俱大饥，人相食，命侍郎吴鹏赈恤。——康熙《徐州志》卷二祥异,无
1345,1693,清圣祖康熙三十二年,江苏,徐州,丰县,无,《徐州志》,徐州市等：春，徐、萧、丰、沛俱大饥，人相食，命侍郎吴鹏赈恤。——康熙《徐州志》卷二祥异,无
1346,1693,清圣祖康熙三十二年,江苏,徐州,沛县,无,《徐州志》,徐州市等：春，徐、萧、丰、沛俱大饥，人相食，命侍郎吴鹏赈恤。——康熙《徐州志》卷二祥异,无
1347,1697,清圣祖康熙三十六年,河北,无,临县,无,《临县志》,临县：大旱，斗米七钱余。民饥相食，南城外掘男女坑，日填饿殍。时瘟疫大作，虎狼啖人。——民国《临县志》卷三大事,无
1348,1698,清圣祖康熙三十七年,山西,无,昔阳县,乐平县,《乐平县志》,昔阳县：春大饥，人相食。蠲免二年地丁钱粮，仍拨谷赈济。——乾隆《乐平县志》卷二祥异,无
1349,1698,清圣祖康熙三十七年,山西,无,平定县,平定州,《平定州志》,平定县：春大饥，人相食。蠲免地丁钱粮，移榆次、徐沟、太古、文水四县仓谷米赈济。——乾隆《平定州志》卷二祥异,无
1350,1698,清圣祖康熙三十七年,山西,无,平定县,平定州,《清史稿》,康熙“三十七年（1698）春，平定、乐平大饥，人相食。”——《清史稿》卷四四《灾异志五》,无
1351,1698,清圣祖康熙三十七年,山西,无,昔阳县,乐平县,《清史稿》,康熙“三十七年（1698）春，平定、乐平大饥，人相食。”——《清史稿》卷四四《灾异志五》,无
1352,1703,清圣祖康熙四十二年,河北,邯郸,馆陶县,无,《馆陶县志》,永年县：春大饥，粮价腾贵。是岁，山东荒，人相食，转输者多故至此。——康熙《馆陶县志》卷十二灾祥,无
1353,1703,清圣祖康熙四十二年,山东,济宁,郓城县,无,《清史稿》,夏，永年（邯郸东北）、东明（大名府之南部，山东曹州西）饥。秋，沛县、亳州、东阿、曲阜、蒲县（属隰州，非蒲城县）、滕县大饥。冬，汶上、沂州、莒州、兖州、东昌、郓城大饥，人相食。——《清史稿》卷四四《灾异志五》,无
1354,1703,清圣祖康熙四十二年,山东,烟台,蓬莱县,无,《增修登州府志》,蓬莱县：春，各属大水，五月大旱，至八月不雨，无禾。大饥，人相食。——光绪《增修登州府志》卷二十三水旱,无
1355,1703,清圣祖康熙四十二年,山东,威海,文登县,无,《文登县志》,文登县：是年通省饥馑，又值钱法更易，行使不便。夏秋复遭瘟疫，民死大半。榆皮柳叶采取一空，食屋草，啖人肉尤惨者。奉诏连免三年田租。——雍正《文登县志》卷一灾祥,无
1356,1703,清圣祖康熙四十二年,山东,威海,荣成县,无,《荣成县志》,荣成县：是年通省饥馑，又值钱法更易，行使不便。夏秋复遭瘟疫，民死大半。其惨至食屋草，啖人肉。诏连免三年田租。——道光《荣成县志》卷一灾祥,无
1357,1703,清圣祖康熙四十二年,山东,济宁,汶上县,无,《续修汶上县志》,汶上县：大歉。赈饥，蠲免本年钱粮。至四十三年春，有相食者。——康熙《续修汶上县志》卷五灾祥,无
1358,1703,清圣祖康熙四十二年,山东,济宁,郓城县,无,《郓城县志》,郓城县：大水。民饥，人相食。——康熙《郓城县志》卷七灾祥,无
1359,1703,清圣祖康熙四十二年,山东,聊城,聊城县,无,《聊城县志》,聊城县：夏五月，大雨。饥，人相食。——宣统《聊城县志》卷十一通纪,无
1360,1703,清圣祖康熙四十二年,山东,聊城,茌平县,无,《茌平县志》,茌平县：夏，河复大决，舟行陆地。一省告饥，多有鬻妻卖子者，人相食。——康熙四十九年《茌平县志》卷一灾祥,无
1361,1703,清圣祖康熙四十二年,山东,聊城,莘县,无,《莘县志》,莘县：翌日大雨，浃旬不止，洪水骤至，禾尽淹。岁饥，人相食。平原广衍中可通舟楫，南至南乐，北至府治，遍成泽国。——光绪《莘县志》卷四饥异,无
1362,1704,清圣祖康熙四十三年,山东,泰安,泰安,无,《清史稿》,泰安大饥，人相食，死者枕藉。肥城，东平大饥，人相食。武定（惠民）、滨州（武定东）、商河（武定西南）、阳信（武定北）、利津、沾化饥；兖州、登州大饥，民死大半，至食屋草；昌邑、即墨、掖县、高密、胶州大饥，人相食。——《清史稿》卷四四《灾异志五》,无
1363,1704,清圣祖康熙四十三年,山东,泰安,肥城,无,《清史稿》,泰安大饥，人相食，死者枕藉。肥城，东平大饥，人相食。武定（惠民）、滨州（武定东）、商河（武定西南）、阳信（武定北）、利津、沾化饥；兖州、登州大饥，民死大半，至食屋草；昌邑、即墨、掖县、高密、胶州大饥，人相食。——《清史稿》卷四四《灾异志五》,无
1364,1704,清圣祖康熙四十三年,山东,泰安,东平,无,《清史稿》,泰安大饥，人相食，死者枕藉。肥城，东平大饥，人相食。武定（惠民）、滨州（武定东）、商河（武定西南）、阳信（武定北）、利津、沾化饥；兖州、登州大饥，民死大半，至食屋草；昌邑、即墨、掖县、高密、胶州大饥，人相食。——《清史稿》卷四四《灾异志五》,无
1365,1704,清圣祖康熙四十三年,山东,烟台,栖霞,无,《栖霞县续志》,栖霞县：通省大水，秋无禾。次年（1704年）春饥，人相食。诏蠲额赋，遣员分道赈济。——光绪《栖霞县续志》卷八祥异,无
1366,1704,清圣祖康熙四十三年,山东,淄博,博山,无,《博山县志》,淄博市：大饥，人相食。次年亦如之。——乾隆《博山县志》卷四灾祥,无
1367,1704,清圣祖康熙四十三年,山东,东营,利津,无,《利津县志续编》,利津县：大水，岁大饥，人相食。——乾隆《利津县志续编》卷九祥异,无
1368,1704,清圣祖康熙四十三年,山东,滨州,博兴,无,《重修博兴县志》,博兴县：大饥，斗粟千钱，人相食。免三年租税，遣官赈济。——道光《重修博兴县志》卷十三祥异,无
1369,1704,清圣祖康熙四十三年,山东,潍坊,临朐,无,《临朐县志》,临朐县：春夏大旱，人相食。秋七月，蚜鲂为灾。——光绪《临朐县志》卷十大事表,无
1370,1704,清圣祖康熙四十三年,山东,潍坊,昌邑,无,《昌邑县志》,昌邑县：春大饥。子女鬻贩，人相食，白骨枕藉。大疫。——乾隆《昌邑县志》卷七祥异,无
1371,1704,清圣祖康熙四十三年,山东,潍坊,潍坊,无,《潍县志稿》,潍坊市：旱。大饥，斗粟千钱，人相食。时又新颁大钱，旧钱不行，有怀数緡不得数升米者，贫者多携子女鬻于市。兼以大疫，人死十五六。——民国《潍县志稿》卷三通纪,无
1372,1704,清圣祖康熙四十三年,山东,青岛,胶州,无,《胶州志》,胶县：春大饥，人相食。蠲今明年租税。大疫。——乾隆《胶州志》卷六大事纪,无
1373,1704,清圣祖康熙四十三年,山东,青岛,高密,无,《高密县志》,高密县：大饥，人相食。斗粟银一两，民乏食，草根树皮无遗，死者相藉于道。夏大疫，村落尽墟。——康熙《高密县志》卷九祥异,无
1374,1704,清圣祖康熙四十三年,山东,烟台,莱州,无,《掖县志》,掖县：大饥，疫。人相食，道瘞相充塞。——乾隆《掖县志》卷五祥异,无
1375,1704,清圣祖康熙四十三年,山东,青岛,即墨,无,《即墨县志》,即墨县：春大饥，疫。饿殍相望，草根木皮立尽。蠲本年钱粮。——乾隆《即墨县志》卷十一灾祥,无
1376,1704,清圣祖康熙四十三年,山东,烟台,龙口,无,《黄县志》,龙口市：大饥，斗栗银一两六钱，人至相食。——同治《黄县志》卷五祥异,无
1377,1704,清圣祖康熙四十三年,山东,威海,威海,无,《威海卫志》,威海市：春大饥，饿死者枕藉，或烧死人食之。夏秋瘟疫盛行，民死几半。——乾隆《威海卫志》卷一灾祥,无
1378,1704,清圣祖康熙四十三年,山东,泰安,泰安,无,《泰安县志》,泰安县：春大饥。人相食，死者枕藉。——乾隆四十七年《泰安县志》卷十四祥异,无
1379,1704,清圣祖康熙四十三年,山东,泰安,东平,无,《东平州志》,东平县：春饥，人相食。蒙蠲赈。——乾隆《东平州志》卷二十灾祥,无
1380,1704,清圣祖康熙四十三年,山东,济宁,鱼台,无,《鱼台县志》,鱼台县：春大饥，人相食。——乾隆《鱼台县志》卷三灾祥,无
1381,1704,清圣祖康熙四十三年,山东,潍坊,昌邑,无,《清史稿》,泰安大饥，人相食，死者枕藉。肥城，东平大饥，人相食。武定（惠民）、滨州（武定东）、商河（武定西南）、阳信（武定北）、利津、沾化饥；兖州、登州大饥，民死大半，至食屋草；昌邑、即墨、掖县、高密、胶州大饥，人相食。——《清史稿》卷四四《灾异志五》,无
1382,1704,清圣祖康熙四十三年,山东,青岛,即墨,无,《清史稿》,泰安大饥，人相食，死者枕藉。肥城，东平大饥，人相食。武定（惠民）、滨州（武定东）、商河（武定西南）、阳信（武定北）、利津、沾化饥；兖州、登州大饥，民死大半，至食屋草；昌邑、即墨、掖县、高密、胶州大饥，人相食。——《清史稿》卷四四《灾异志五》,无
1383,1704,清圣祖康熙四十三年,山东,烟台,莱州,无,《清史稿》,泰安大饥，人相食，死者枕藉。肥城，东平大饥，人相食。武定（惠民）、滨州（武定东）、商河（武定西南）、阳信（武定北）、利津、沾化饥；兖州、登州大饥，民死大半，至食屋草；昌邑、即墨、掖县、高密、胶州大饥，人相食。——《清史稿》卷四四《灾异志五》,无
1384,1704,清圣祖康熙四十三年,山东,青岛,高密,无,《清史稿》,泰安大饥，人相食，死者枕藉。肥城，东平大饥，人相食。武定（惠民）、滨州（武定东）、商河（武定西南）、阳信（武定北）、利津、沾化饥；兖州、登州大饥，民死大半，至食屋草；昌邑、即墨、掖县、高密、胶州大饥，人相食。——《清史稿》卷四四《灾异志五》,无
1385,1704,清圣祖康熙四十三年,山东,青岛,胶州,无,《清史稿》,泰安大饥，人相食，死者枕藉。肥城，东平大饥，人相食。武定（惠民）、滨州（武定东）、商河（武定西南）、阳信（武定北）、利津、沾化饥；兖州、登州大饥，民死大半，至食屋草；昌邑、即墨、掖县、高密、胶州大饥，人相食。——《清史稿》卷四四《灾异志五》,无
1386,1709,清圣祖康熙四十八年,江苏,无,沛县,无,《徐州府志》,沛县：沛大饥，人相食，已大旱疫。——同治《徐州府志》卷二十五,无
1387,1710,清圣祖康熙四十九年,河南,无,开封县,无,《陈留县志》,开封县：岁饥，饿殍载道，人相食。——宣统《陈留县志》卷三十六善人,无
1388,1721,清圣祖康熙六十年,河南,无,正阳县,无,《正阳县志》,河南正阳县：春大饥，人相食。——嘉庆《正阳县志》卷九祥异,无
1389,1730,清世宗雍正八年,陕西,无,佳县,无,《葭州志》,佳县：大饥，死者积野，人相食，又大疫。——嘉庆《葭州志》卷下灾祥,无
1390,1731,清世宗雍正九年,山东,无,滕县,无,《滕县志》,山东滕县：大水。米价如珠，藻满市，人相食。——道光《滕县志》卷五灾祥,无
1391,1731,清世宗雍正九年,山东,无,平度县,无,《平度县乡土志》,山东平度县：大饥，人相食。——光绪《平度县乡土志》卷四耆旧,无
1392,1742,清高宗乾隆七年,安徽,无,蒙城县,无,《蒙城县志》,安徽：蒙城县：复大水，人相食。——同治《蒙城县志》卷十二祥异,无
1393,1743,清高宗乾隆八年,湖北,老河口市,无,无,《光化县志》,老河口市：春饥，人相食。——光绪《光化县志》卷八祥异,无
1394,1746,清高宗乾隆十一年,山东,潍坊市,无,无,《潍县志稿》,潍坊市：丙寅、丁卯年间岁连歉，人相食，斗粟值钱千百。——民国《潍县志稿》卷四十二杂稽,无
1395,1747,清高宗乾隆十二年,山东,无,郯城,无,《沂州府志》,临沂市等：春，蒙阴大雨雪。郯城旱，人相食。夏四月，日照雨雹。五月，兰山、郯城、莒州、蒙阴、日照大水。蒙阴大疫，秋大饥，赈济。——乾隆《沂州府志》卷十六,无
1396,1747,清高宗乾隆十二年,山东,无,泗水,无,《泗水县志》,泗水县：岁大减，人相食。——光绪《泗水县志》卷十四灾祥,无
1397,1747,清高宗乾隆十二年,山东,无,汶上,无,《四续汶上县志稿》,汶上县：夏旱，蝗。岁大饥，人相食。——宣统《四续汶上县志稿》灾祥,无
1398,1748,清高宗乾隆十三年,山东,泰安市,泰安,无,《泰安县志》,山东：泰安市：春大饥，人相食。夏大疫。——乾隆《泰安县志》卷末祥异,无
1399,1748,清高宗乾隆十三年,山东,滕县,滕县,无,《滕县志》,滕县：五月十三日，雨雹，大如臼，民房舍坏损无算。麦被虫害。人相食。——道光《滕县志》卷五灾祥,无
1400,1755,清高宗乾隆二十年,河南,无,原阳县,无,《阳武县志》,原阳县：春，烈风昼晦，麦槁。秋旱，大饥，人相食。冬赈。——民国《阳武县志》卷一通纪,无
1401,1756,清高宗乾隆二十一年,河南,无,正阳县,无,《正阳县志》,正阳县：大饥，人相食。二十二年如之。——嘉庆《正阳县志》卷九祥异,无
1402,1757,清高宗乾隆二十二年,河南,无,正阳县,无,《正阳县志》,正阳县：大饥，人相食。——嘉庆《正阳县志》卷九祥异,无
1403,1757,清高宗乾隆二十二年,河北,无,馆陶县,无,《华北、东北近五百年旱涝史料》,馆陶县：旱蝗为灾，人相食。——《华北、东北近五百年旱涝史料》第三分册，第42页。,无
1404,1759,清高宗乾隆二十四年,山西,无,离石县,无,《永宁州志》,离石县：大饥，至食泥土，相传人犬相食。——光绪《永宁州志》卷三十一灾祥,无
1405,1759,清高宗乾隆二十四年,河南,无,林县,无,《续林县志》,林县：岁荒，人相食。——咸丰《续林县志》卷一祥异,无
1406,1774,清高宗乾隆三十九年,山东,青州市,益都,益都,《华北、东北近五百年旱涝史料》,青州市（益都）：大饥，人相食。——《华北、东北近五百年旱涝史料》第三分册，第15页。,无
1407,1777,清高宗乾隆四十二年,山东,无,济阳县,无,《济阳县志》,济阳县：大旱。自二月至八月无雨，一粒不收，人将相食。普蠲天下钱粮，仍分三年轮免。——民国《济阳县志》卷二十祥异,无
1408,1779,清高宗乾隆四十四年,四川,无,忠县,无,《忠州直隶州志》,忠县：春，民大饥，斗米一千六百钱，道雍相望，人相食。——道光《忠州直隶州志》卷四祥异,无
1409,1784,清高宗乾隆四十九年,山东,无,单县,无,民国《单县志》,单县：甲辰岁春旱，迄丙午春，民饥多疫，人相食。盖百年罕有之荒也。——民国《单县志》卷十八艺文,无
1410,1785,清高宗乾隆五十年,山东,无,寿光,无,《清史稿》,——《清史稿》卷四四《灾异志五》,无
1411,1785,清高宗乾隆五十年,山东,无,昌乐,无,《清史稿》,——《清史稿》卷四四《灾异志五》,无
1412,1785,清高宗乾隆五十年,山东,无,安丘,无,《清史稿》,——《清史稿》卷四四《灾异志五》,无
1413,1785,清高宗乾隆五十年,山东,无,诸城,无,《清史稿》,——《清史稿》卷四四《灾异志五》,无
1414,1785,清高宗乾隆五十年,山东,无,历城,无,《续修历城县志》,历城县：旱。大饥，人相食。——民国《续修历城县志》卷一总纪,无
1415,1785,清高宗乾隆五十年,山东,无,齐河,无,《齐河县志》,齐河县：大旱。饥，人相食。——民国《齐河县志》大事记,无
1416,1785,清高宗乾隆五十年,山东,无,临朐,无,《临朐县志》,临朐县：大饥，父子相食。——光绪《临朐县志》卷十大事表,无
1417,1785,清高宗乾隆五十年,山东,淄博市,无,无,《华北、东北近五百年旱涝史料》,淄博市：旱，大饥，人相食。——《华北、东北近五百年旱涝史料》第三分册，第16页。,无
1418,1785,清高宗乾隆五十年,山东,无,商河,无,《华北、东北近五百年旱涝史料》,商河县：大旱，人相食。——《华北、东北近五百年旱涝史料》第三分册，第43页。,无
1419,1785,清高宗乾隆五十年,山东,无,阳谷,无,《华北、东北近五百年旱涝史料》,阳谷县：大旱，人相食。——《华北、东北近五百年旱涝史料》第三分册，第43页。,无
1420,1785,清高宗乾隆五十年,江苏,盐城市,无,无,《盐城县志》,盐城市：大旱，斗米千钱，人相食。——光绪《盐城县志》卷十七祥异,无
1421,1785,清高宗乾隆五十年,江苏,无,阜宁,无,《湖乡分志》,阜宁县：大旱，蝗。次年春大荒，人相食。——光绪《湖乡分志》卷九灾异,无
1422,1785,清高宗乾隆五十年,安徽,无,怀宁,无,《怀宁县志》,怀宁县：大饥，人相食。——道光《怀宁县志》卷二祥异,无
1423,1785,清高宗乾隆五十年,安徽,无,霍邱,无,《霍邱县志》,霍邱县：大旱。斗米一千一百有奇。人相食，民死十之四，且有阖家死者。——道光《霍邱县志》卷十二灾异,无
1424,1785,清高宗乾隆五十年,安徽,亳州市,无,无,《亳州志》,亳州市：秋冬大饥，斗麦千钱，人相食。——道光《亳州志》卷四十祥异,无
1425,1785,清高宗乾隆五十年,河南,无,宁陵,无,《宁陵县志》,宁陵县：大旱，赤地千里。宁邑尤甚，民饥相食，死亡流离十去六七，千里萧条。——宣统《宁陵县志》卷终祥异,无
1426,1785,清高宗乾隆五十年,河南,无,鹿邑,无,《鹿邑县志》,鹿邑县：岁饥，人相食。——光绪《鹿邑县志》卷十四人物,无
1427,1785,清高宗乾隆五十年,河南,无,息,无,《息县志》,息县：大旱，四月至七月始雨，仅有荞麦。陈、蔡等郡饥民就食者众，斗米千文钱，人相食。——嘉庆《息县志》卷八内纪,无
1428,1786,清高宗乾隆五十一年,山东,无,无,无,《清史稿》,乾隆五十一年（1786年）“春，山东各府、州、县大饥，人相食。”——《清史稿》卷四四《灾异志五》,无
1429,1786,清高宗乾隆五十一年,山东,枣庄市,无,无,《峄县志》,枣庄市：春雨泥，大饥。夏四月，大疫。秋大熟。是岁因连年失收，斗粟万钱，人相食，至夏疫疾传染，死者无数。——光绪《峄县志》卷十五灾祥,无
1430,1786,清高宗乾隆五十一年,山东,无,寿光县,无,《寿光县志》,寿光县：岁大饥，人相食，流亡关外者载道。四月，疫。——民国《寿光县志》卷十五编年,无
1431,1786,清高宗乾隆五十一年,山东,无,莒县,无,《重修莒志》,莒县：春大饥，斗粟千钱，人相食。夏大疫，死者不可胜计。——民国《重修莒志》卷二大事记,无
1432,1786,清高宗乾隆五十一年,山东,无,沂水县,无,《沂水县志》,沂水县：春大饥，人相食。——道光《沂水县志》卷九祥异,无
1433,1786,清高宗乾隆五十一年,山东,日照市,无,无,《日照县志》,日照市：春大饥，人相食。夏大疫。麦熟，有秋。——光绪《日照县志》卷七祥异,无
1434,1786,清高宗乾隆五十一年,山东,无,肥城县,无,《肥城县新志》,肥城县：春大饥，人相食。麦秋皆大熟。——嘉庆《肥城县新志》卷十六祥异,无
1435,1786,清高宗乾隆五十一年,山东,无,宁阳县,无,《宁阳县志》,宁阳县：春大饥，斗米万钱，人相食。秋大稔。——咸丰《宁阳县志》卷十灾祥,无
1436,1786,清高宗乾隆五十一年,山东,无,兖州县,无,《滋阳县志》,兖州县：春大饥，人相食。——光绪《滋阳县志》卷六灾祥,无
1437,1786,清高宗乾隆五十一年,山东,无,泗水县,无,《泗水县志》,泗水县：大饥，人相食。至秋丰稔。——光绪《泗水县志》卷十四灾祥,无
1438,1786,清高宗乾隆五十一年,山东,无,滕县,无,《滕县志》,滕县：春大饥，人相食。——道光《滕县志》卷五灾祥,无
1439,1786,清高宗乾隆五十一年,山东,无,汶上县,无,《四续汶上县志稿》,汶上县：大饥，人相食。至荞麦花，疫盛行，人死十六七。——宣统《四续汶上县志稿》灾祥,无
1440,1786,清高宗乾隆五十一年,山东,无,单县,无,《单县志》,单县：大疫。岁凶，人相食。——民国《单县志》卷十四物异,无
1441,1786,清高宗乾隆五十一年,山东,无,成武县,无,《城武县志》,成武县：春大饥，人相食，死者无算。——道光《城武县志》卷十三祥禄,无
1442,1786,清高宗乾隆五十一年,山东,无,郓城县,无,《郓城县志》,郓城县：春，人相食。——光绪《郓城县志》卷九灾祥,无
1443,1786,清高宗乾隆五十一年,山东,无,定陶县,无,《定陶县志》,定陶县：大饥，人相食，死者无算。——民国《定陶县志》卷九灾异,无
1444,1786,清高宗乾隆五十一年,山东,无,东阿县,无,《东阿县志》,东阿县：大饥，人相食。——道光《东阿县志》卷二十三祥异,无
1445,1786,清高宗乾隆五十一年,山东,无,阳谷县,无,《阳谷县志》,阳谷县：春大饥，人相食。——光绪《阳谷县志》卷九灾异,无
1446,1786,清高宗乾隆五十一年,江苏,无,淮安县,无,《淮安府志》,淮安县：是年大饥，人相食。夏大疫，人死于道路相枕。——光绪《淮安府志》卷四十灾祥,无
1447,1786,清高宗乾隆五十一年,江苏,盐城,无,无,《盐城县志》,盐城：大饥，人相食。大疫，死者相枕于道。——光绪《盐城县志》卷十七祥异,无
1448,1786,清高宗乾隆五十一年,江苏,无,阜宁,无,《阜宁县志》,阜宁：阜后米腾贵，大饥，人相食。夏大疫，秋，湖水泛滥。——光绪《阜宁县志》卷二十一祥禄,无
1449,1786,清高宗乾隆五十一年,江苏,无,铜山县,无,《铜山县志》,铜山县：春，地生毛，大饥，斗米千钱，人相食。夏大疫，死亡相继。夏秋麦禾大稔。——道光《铜山县志》卷二十三祥异,无
1450,1786,清高宗乾隆五十一年,江苏,无,丰县,无,《丰县志》,丰县：大饥，人相食。——光绪《丰县志》卷十六祥异,无
1451,1786,清高宗乾隆五十一年,安徽,无,六安县,无,《六安直隶州志》,六安县：春大饥，升米百钱，人相食。瘟疫死者无数。——嘉庆《六安直隶州志》卷三十二纪事,无
1452,1786,清高宗乾隆五十一年,河南,无,柘城县,无,《柘城县志》,柘城县：春，斗米两千，糠秕入市，饿殍相枕藉，人食人。四月，麦大熟，民赖以安。——光绪《柘城县志》卷十灾祥,无
1453,1786,清高宗乾隆五十一年,河南,无,郾城县,无,《郾城县记》,郾城县：旱，大饥，疫。春，斗麦钱一千四百，田地每亩无过千者。人相食，疫死大半。鬻妻女者道路不绝。——民国《郾城县记》卷五大事篇,无
1454,1786,清高宗乾隆五十一年,河南,无,禹县,无,《禹州志》,禹县：岁荐饥，米麦一斗价至两千二百，人相食。——同治《禹州志》卷十九耆硕,无
1455,1787,清高宗乾隆五十二年,河北,无,怀安县,无,《怀安县志》,怀安县：大旱，人相食。——光绪《怀安县志》卷三灾祥,无
1456,1792,清高宗乾隆五十七年,山西,无,阳城县,无,《阳城县志》,阳城县：岁大饥，人相食。——同治《阳城县志》卷十八灾祥,无
1457,1792,清高宗乾隆五十七年,山东,无,阳信县,无,《信邑志稿》,阳信县：饥，人相食。——同治《信邑志稿》卷三灾异,无
1458,1805,清仁宗嘉庆十年,山西,晋城市,无,无,《凤台县续志》,山西：晋城市：大饥，人相食，斗米千钱。——光绪《凤台县续志》卷四纪事,无
1459,1812,清仁宗嘉庆十七年,山东,无,高密县,无,《高密县志》,高密县：大饥，人相食。免租赋。——光绪《高密县志》卷十纪事,无
1460,1812,清仁宗嘉庆十七年,山东,无,栖霞县,无,《栖霞县续志》,栖霞县：春大饥，人相食。瘟疫盛行，里巷萧然。诏免田赋。——光绪《栖霞县续志》卷八祥异,无
1461,1812,清仁宗嘉庆十七年,山东,无,费县,无,《华北、东北近五百年旱涝史料》第三分册,费县：大饥，人相食。——《华北、东北近五百年旱涝史料》第三分册，第100页。,无
1462,1812,清仁宗嘉庆十七年,河南,无,林县,无,《华北、东北近五百年旱涝史料》第四分册,林县：连年蝗旱，人相食。——《华北、东北近五百年旱涝史料》第四分册，第14页。,无
1463,1813,清仁宗嘉庆十八年,河南,郑州,郑县,无,《郑县志》,郑州市：岁大饥，人相食。——民国《郑县志》卷三祥异,无
1464,1813,清仁宗嘉庆十八年,河南,开封,祥符县,无,《祥符县志》,开封县：春旱，白正月至七月始雨。冬饥，人相食。——光绪《祥符县志》卷二十三祥异,无
1465,1813,清仁宗嘉庆十八年,河南,郑州,密县,无,《密县志》,密县：春大风，昼晦。夏大旱。秋霾雨，陨霜杀荞麦。岁大饥，人相食。——嘉庆《密县志》卷十五祥异,无
1466,1813,清仁宗嘉庆十八年,河南,洛阳,巩县,无,《巩县志》,巩县：大饥，人相食。春夏旱，麦歉收。秋禾数种未成，后得雨种荞麦，花实至茂，又遭毒雾枯焦。自嘉庆八、九年来，饥馑荐臻，民鲜盖藏，更遭此灾，流亡载道，甚有人相食者。——民国《巩县志》卷五大事记,无
1467,1813,清仁宗嘉庆十八年,河南,濮阳,开州,无,《开州志》,濮阳市：大饥，人相食。——光绪《开州志》卷一祥异,无
1468,1813,清仁宗嘉庆十八年,河南,许昌,鄢陵县,无,《鄢陵县志》,鄢陵县：春旱，自正月至七月始雨。冬饥，人相食。——道光《鄢陵县志》卷十七杂事,无
1469,1813,清仁宗嘉庆十八年,河南,许昌,鄢县,无,《鄢县志》,鄢县：正月朔，黄风三日。三月，麦虫生细虫，数日尽枯。大旱，至七月十三日始雨，尽种荞麦。九月二十日大霜，荞麦又尽枯，人相食。——同治《鄢县志》卷十杂事,无
1470,1813,清仁宗嘉庆十八年,河南,平顶山,宝丰县,无,《宝丰县志》,宝丰县：大旱无禾，人相食。——道光《宝丰县志》卷二十六杂记,无
1471,1813,清仁宗嘉庆十八年,河南,许昌,禹县,无,《禹县志》,禹县：夏大旱，大饥，人相食。…途多饿殍，肉无幸存，尽为饥民刮食，市有诈称牛马肉售者。——民国《禹县志》卷二十二大事记,无
1472,1813,清仁宗嘉庆十八年,河南,驻马店,正阳县,无,《重修正阳县志》,正阳县：夏四月旱，至秋八月。邑令张井率绅民浚东关古龙池，虔祷之，不数日雨。惜谷疏枯尽，岁大饥，粮价高平常五倍，人相食。——民国《重修正阳县志》卷三大事记,无
1473,1813,清仁宗嘉庆十八年,河南,平顶山,临汝县,无,《汝州全志》,临汝县：春，蠡食麦尽。大旱，斗米二千八百钱，民大饥。州守熊祷雨不应，开仓平巢，民稍安。八月陨霜，荞麦尽毁。先是豆谷种未成熟，独荞麦得雨广种，可望丰收，至是乃大饥。民食榆皮草根，逃死甚众。州守熊公设立粥厂，不能救荒，至有人相食者。——道光《汝州全志》卷九灾祥,无
1474,1813,清仁宗嘉庆十八年,河南,洛阳,洛宁县,无,《洛宁县志》,洛宁县：岁旱，大饥，人相食。——民国《洛宁县志》卷一祥异,无
1475,1814,清仁宗嘉庆十九年,山东,无,汶上县,无,《四续汶上县志稿》,山东：汶上县：大饥，人相食。秋八月大雨，坏庐舍无算。——宣统《四续汶上县志稿》灾祥,无
1476,1814,清仁宗嘉庆十九年,安徽,无,霍邱县,无,《霍邱县志》,安徽：霍邱县：大旱，斗米千钱，人相食。——道光《霍邱县志》卷十二灾异,无
1477,1814,清仁宗嘉庆十九年,河南,无,原阳县,无,《阳武县志》,河南：原阳县：春大饥，饿殍遍野，树皮皆尽，人相食，鸡犬无声。赈。秋疟。——民国《阳武县志》卷一通纪,无
1478,1814,清仁宗嘉庆十九年,河南,无,方城县,无,《方城县志》,河南：方城县：春岁饥，人相食。——民国《方城县志》卷五灾异,无
1479,1814,清仁宗嘉庆十九年,河南,无,汝阳县,无,《重修伊阳县志》,河南：汝阳县：春，米买斗钱二千二百，人相食。——道光《重修伊阳县志》卷六祥异,无
1480,1818,清仁宗嘉庆二十三年,河南,无,方城县,无,《方城县志》,方城县：大饥，人相食。——民国《方城县志》卷五灾异,无
1481,1825,清宣宗道光五年,贵州,无,荔波县,无,《荔波县志》,贵州：荔波县：大饥，人相食。——光绪《荔波县志》卷一祥异,无
1482,1831,清宣宗道光十一年,陕西,无,紫阳县,无,《汉江干流及主要支流洪水调查资料汇编》转引《西北灾荒史》,紫阳县、平利县：紫阳、平利之镇坪等处岁大凶，人相食。——《汉江干流及主要支流洪水调查资料汇编》，转引自《西北灾荒史》第1691页。,无
1483,1831,清宣宗道光十一年,陕西,无,平利县,无,《汉江干流及主要支流洪水调查资料汇编》转引《西北灾荒史》,紫阳县、平利县：紫阳、平利之镇坪等处岁大凶，人相食。——《汉江干流及主要支流洪水调查资料汇编》，转引自《西北灾荒史》第1691页。,无
1484,1831,清宣宗道光十一年,江苏,盐城市,盐城县,无,《盐城县志》,盐城市：夏六月十八日，运堤决马棚湾，县境水深五尺。岁大饥，人相食。——光绪《盐城县志》卷十七祥异,无
1485,1831,清宣宗道光十一年,江苏,无,阜宁县,无,《虾沟里乘》,阜宁县：马棚湾决。次春大荒，人相食，镇西义地为大坑，饥民之死者辄投之，日凡数十人。——光绪《虾沟里乘》五行,无
1486,1832,清宣宗道光十二年,陕西,无,紫阳县,无,《紫阳县志》,紫阳县：夏秋阴雨过多，伤稼。岁大荒，人相食。——道光《紫阳县志》卷七祥异,无
1487,1832,清宣宗道光十二年,江苏,宿迁市,无,无,《宿迁县志》,宿迁市：秋大水，冬大饥，人相食。——民国《宿迁县志》卷七旱蠲赈,无
1488,1832,清宣宗道光十二年,江苏,无,宿迁,无,《徐州府志》,邱县：邳州自二月不雨至于六月。秋，淫雨害稼。宿迁大饥，人相食。——同治《徐州府志》卷二五,无
1489,1832,清宣宗道光十二年,安徽,无,五河县,无,《重修五河县志》,五河县：二月不雨至于六月。立秋后雨雹，大雨伤稼，冬大饥，人相食。——光绪《重修五河县志》卷十九祥异,无
1490,1832,清宣宗道光十二年,湖北,无,公安县,无,《公安县志》,公安县：春夏疫。大水，江陵江堤白庙子、松滋江堤朱家埠同决。秋八月十九至二十一日，昼夜风，拔树伐屋，人民溺死无算，…斗米价钱五百余文，人相食。——同治《公安县志》卷三祥异,无
1491,1833,清宣宗道光十三年,陕西,无,紫阳县,无,《紫阳县志》,紫阳县：雨甚，自正月至九月共晴三十三日，其余非阴则雨。斗米值大钱一千六百文，贫民儿女典卖几尽，甚至骨肉相食。——道光《紫阳县志》卷七祥异,无
1492,1833,清宣宗道光十三年,陕西,无,岚皋县,无,《重续兴安府志》,岚皋县：岁大饥，人相食。诏缓征兴安被灾厅县新旧赋额。——民国《重续兴安府志》卷二十一纪事,无
1493,1833,清宣宗道光十三年,山东,临沂市,无,无,《临沂县志》,临沂市：大水，大饥。人相食。——民国《临沂县志》卷一通纪,无
1494,1833,清宣宗道光十三年,江苏,无,涟水县,无,《安东县志》,涟水县：大饥，疾疫流行，道馑相望，居民食树皮草根，不足，至于人相食。父老云自乾隆五十一年以及今年，皆为百年来未见之奇荒。——光绪《安东县志》卷五灾异,无
1495,1833,清宣宗道光十三年,安徽,亳州市,无,无,《亳州志》,亳州市：大饥，人相食。——光绪《亳州志》卷十九祥异,无
1496,1833,清宣宗道光十三年,安徽,无,萧县,无,《续萧县志》,萧县：大饥，人相食，境内盗贼起。——同治《续萧县志》卷十八祥异,无
1497,1833,清宣宗道光十三年,安徽,无,泗县,无,《泗虹合志》,泗县：夏，霾雾伤麦，岁大饥，人相食。——光绪《泗虹合志》卷十九祥异,无
1498,1833,清宣宗道光十三年,安徽,无,五河县,无,《重修五河县志》,五河县：春疫。夏霾伤麦。岁大饥，人相食。——光绪《重修五河县志》卷十九祥异,无
1499,1833,清宣宗道光十三年,湖北,无,郧县,无,《郧阳府志》,郧县：春大饥，人相食。三月雨雹，麦不熟。秋旱，蝗。斗米钱二千四百，死者枕藉于道。——同治《郧阳府志》卷八祥异,无
1500,1833,清宣宗道光十三年,湖北,无,房县,无,《房县志》,房县：春，斗米钱千八百。民相食。——同治《房县志》卷六事纪,无
1501,1833,清宣宗道光十三年,湖北,无,竹溪县,无,《竹谿县志》,竹溪县：春大饥，人相食，死者无算。——同治《竹谿县志》卷十六水旱,无
1502,1833,清宣宗道光十三年,四川,无,巫溪县,无,《大宁县志》,巫溪县：大旱，绝种粮，人相食。知县张如澎出济仓谷，全数发赈。——光绪《大宁县志》卷二灾异,无
1503,1833,清宣宗道光十三年,四川,无,万源县,无,《太平县志》,万源县：五月大雨，秋严寒，大饥，人相食，牲畜草木俱尽，饿殍甚众。——光绪《太平县志》卷十祥异,无
1504,1834,清宣宗道光十四年,河南,无,林县,无,《续林县志》,林县：十四年至十七年，连年岁荒，人相食。——咸丰《续林县志》卷一祥异,无
1505,1834,清宣宗道光十四年,湖北,无,秭归县,无,《归州志》,秭归县：大饥，人民流离，村落一空，行数十里不能籴斗粮，殍亡遍野，竟有人而食人者。秋大熟。——同治增刻嘉庆《归州志》,无
1506,1834,清宣宗道光十四年,湖北,无,兴山县,无,《清史稿》,"兴山县：""道光十四年（1834）春，归州、兴山大饥，人相食。""——《清史稿》卷四四《灾异志五》",无
1507,1835,清宣宗道光十五年,河南,无,林县,无,《续林县志》,林县：十四年至十七年，连年岁荒，人相食。——咸丰《续林县志》卷一祥异,无
1508,1836,清宣宗道光十六年,山东,无,广饶县,无,《续修广饶县志》,广饶县：岁大饥，人相食。——民国《续修广饶县志》卷二十六杂志,无
1509,1836,清宣宗道光十六年,山东,无,诸城县,无,《增修诸城县续志》,诸城县：春饥，人相食，大疫。——光绪《增修诸城县续志》志一总纪,无
1510,1836,清宣宗道光十六年,河南,无,林县,无,《续林县志》,林县：十四年至十七年，连年岁荒，人相食。——咸丰《续林县志》卷一祥异,原文为'十四年至十七年'，此处提取道光十六年
1511,1837,清宣宗道光十七年,河南,无,林县,无,《续林县志》,林县：十四年至十七年，连年岁荒，人相食。——咸丰《续林县志》卷一祥异,无
1512,1837,清宣宗道光十七年,河南,无,商水县,无,《商水县志》,商水县：春大饥，人相食。——民国《商水县志》卷二十四祥异,无
1513,1837,清宣宗道光十七年,河南,无,淮阳县,无,《淮阳县志》,淮阳县：春大饥，人相食。——民国五年《淮阳县志》卷二十祥异,无
1514,1837,清宣宗道光十七年,河南,无,项城县,无,《项城县志》,项城县：春大饥，人相食。——民国《项城县志》卷三十一杂事,无
1515,1838,清宣宗道光十八年,山东,无,单县,无,《单县志》,山东：单县：岁饥，人相食。——民国《单县志》卷十二乡贤,无
1516,1847,清宣宗道光二十七年,河北,邯郸市,大名县,无,《大名县志》,大、元、南、清、东、长六县均大饥，人相食，缓征，并借给食谷子种各有差。——民国《大名县志》卷二十六祥异,无
1517,1847,清宣宗道光二十七年,河北,邯郸市,元城县,无,《大名县志》,大、元、南、清、东、长六县均大饥，人相食，缓征，并借给食谷子种各有差。——民国《大名县志》卷二十六祥异,无
1518,1847,清宣宗道光二十七年,河北,濮阳市,南乐县,无,《大名县志》,大、元、南、清、东、长六县均大饥，人相食，缓征，并借给食谷子种各有差。——民国《大名县志》卷二十六祥异,无
1519,1847,清宣宗道光二十七年,河北,濮阳市,清丰县,无,《大名县志》,大、元、南、清、东、长六县均大饥，人相食，缓征，并借给食谷子种各有差。——民国《大名县志》卷二十六祥异,无
1520,1847,清宣宗道光二十七年,河北,邯郸市,东明县,无,《大名县志》,大、元、南、清、东、长六县均大饥，人相食，缓征，并借给食谷子种各有差。——民国《大名县志》卷二十六祥异,无
1521,1847,清宣宗道光二十七年,河南,新乡市,长垣县,无,《大名县志》,大、元、南、清、东、长六县均大饥，人相食，缓征，并借给食谷子种各有差。——民国《大名县志》卷二十六祥异,无
1522,1847,清宣宗道光二十七年,河北,邯郸市,大名县,无,《续修元城县志》,大名县：大旱，饥，人相食。——同治《续修元城县志》卷一年纪,无
1523,1847,清宣宗道光二十七年,河南,郑州市,无,无,《郑县志》,郑州市：岁大饥，人相食。——民国《郑县志》卷一祥异,无
1524,1847,清宣宗道光二十七年,河南,濮阳市,南乐县,无,《南乐县志》,南乐县：旱，大饥。人相食。——光绪《南乐县志》卷七祥异,无
1525,1848,清宣宗道光二十八年,云南,无,镇雄县,无,《镇雄州志》,镇雄县：六月，陨霜杀禾。两年连接大饥，人民相食。——光绪《镇雄州志》卷五祥异,无
1526,1849,清宣宗道光二十九年,湖北,无,公安,无,《湖北省近五百年气候历史资料》,1849年，湖北，水灾”人相食，死骸枕藉（公安）”——湖北武汉中心气象台编：《湖北省近五百年气候历史资料》，1978年编印，第161页。,无
1527,1856,清文宗咸丰六年,安徽,无,宁国县,无,《宁国县志》,宁国县：大旱，人相食。——民国《宁国县志》卷十四灾异,无
1528,1857,清文宗咸丰七年,河北,无,馆陶县,无,《馆陶县志》,馆陶县：旱蝗为灾，岁大饥，至有以人肉充粮者。——民国《馆陶县志》大事,无
1529,1857,清文宗咸丰七年,山东,无,肥城,无,《清史稿》,春，肥城、东平大饥，死者枕藉，鱼台、日照、临朐亦饥，人相食。——《清史稿》卷四四《灾异志五》,无
1530,1857,清文宗咸丰七年,山东,无,东平,无,《清史稿》,春，肥城、东平大饥，死者枕藉，鱼台、日照、临朐亦饥，人相食。——《清史稿》卷四四《灾异志五》,无
1531,1857,清文宗咸丰七年,山东,无,鱼台,无,《清史稿》,春，肥城、东平大饥，死者枕藉，鱼台、日照、临朐亦饥，人相食。——《清史稿》卷四四《灾异志五》,无
1532,1857,清文宗咸丰七年,山东,无,日照,无,《清史稿》,春，肥城、东平大饥，死者枕藉，鱼台、日照、临朐亦饥，人相食。——《清史稿》卷四四《灾异志五》,无
1533,1857,清文宗咸丰七年,山东,无,临朐,无,《清史稿》,春，肥城、东平大饥，死者枕藉，鱼台、日照、临朐亦饥，人相食。——《清史稿》卷四四《灾异志五》,无
1534,1857,清文宗咸丰七年,山东,无,东平县,无,《东平州志》,东平县：春大饥，人相食。夏麦大熟。——光绪《东平州志》卷二十五 五行,无
1535,1857,清文宗咸丰七年,山东,无,曲阜,无,《续修曲阜县志》,曲阜市：雹、旱、蝗三灾郡有，五谷不登，人将相食。——民国《续修曲阜县志》卷二灾祥,无
1536,1857,清文宗咸丰七年,山东,无,滕县,无,《续滕县志》,滕县：春大饥，人相食。五月麦大熟。——民国《续滕县志》卷一通纪,无
1537,1857,清文宗咸丰七年,山东,济宁,无,无,《济宁直隶州续志》,济宁市：春大饥，人相食。——咸丰《济宁直隶州续志》卷一五行,无
1538,1857,清文宗咸丰七年,山东,无,单县,无,《单县志》,单县：春大饥，人相食。——民国《单县志》卷十四灾祥,无
1539,1857,清文宗咸丰七年,江苏,无,沛县,无,《沛县志》,沛县：春大饥，人相食，死者无算。——民国《沛县志》卷二灾祥,无
1540,1858,清文宗咸丰八年,安徽,无,霍丘县,无,《霍丘县志》,霍丘县：春，人相食，天雨麦豆，人争取食。——同治《霍丘县志》卷十六灾异,无
1541,1858,清文宗咸丰八年,安徽,无,颍上县,无,《颍上县志》,颍上县：岁荐饥，人相食，蒿菜遍地，飞蝗蔽天。——同治《颍上县志》卷十二祥异,无
1542,1858,清文宗咸丰八年,安徽,无,广德县,无,《广德县志稿》,广德县：田地荒芜，斗米二千文，人相食，野无青草。——民国《广德县志稿》卷二祥异,无
1543,1858,清文宗咸丰八年,云南,无,屏边县,无,《云南天气灾害史料》,屏边县：1858年，云南，饥，'人相食（屏边）'——云南省气象科学研究所：《云南天气灾害史料》，1980年，第375页。,无
1544,1860,清文宗咸丰十年,安徽,无,五河县,无,《重修五河县志》,五河县：春饥，疫。人相食，饿殍遍野。——光绪《重修五河县志》卷十九祥异,无
1545,1860,清文宗咸丰十年,安徽,无,全椒县,无,《全椒县志》,全椒县：斗米价一千数百文，物价皆贵，饿死者盈路，人相食。——光绪《全椒县志》卷十祥异,无
1546,1861,清文宗咸丰十一年,安徽,无,无,无,《近代史资料》,1861年，皖南，水灾兵祸“乡村粮食已尽，往往掘野菜和土而食，有至于食人者。”——《近代史资料》1963年，第140页。,无
1547,1862,清穆宗同治元年,贵州,六盘水市,水城,无,《水城厅采访册》,六盘水市：大饥，人相食。——光绪《水城厅采访册》卷十祥异,无
1548,1862,清穆宗同治元年,云南,曲靖市,古越,无,《古越州志》,曲靖市：岁饥，人相食。——光绪增订乾隆《古越州志》卷一灾祥,无
1549,1862,清穆宗同治元年,云南,无,嵩明县,无,《续修嵩明州志》,嵩明县：五月大饥，人相食。——光绪《续修嵩明州志》卷二灾祥,无
1550,1862,清穆宗同治元年,云南,保山市,无,无,《永昌府志》,保山市：大饥，人相食，野菜、田螺皆尽，死者无算。——光绪《永昌府志》卷三祥异,无
1551,1862,清穆宗同治元年,安徽,无,皖南,无,《曾国藩全集·家书》,1862年，皖南，春荒，”口粮急缺，则到处皆然，百姓则皆人食人肉矣。”——邓云生编校：《曾国藩全集·家书》（二），岳麓书社1985年版，第814页。,无
1552,1862,清穆宗同治元年,甘肃,无,镇原,无,《重修镇原县志》转引《西北灾荒史》,1862年，甘肃，连年不登，”斗粟二万钱，人相食。”——《重修镇原县志》，转引自袁林著：《西北灾荒史》，甘肃人民出版社，第1695页。,无
1553,1863,清穆宗同治二年,山东,无,东阿县,无,《东阿县志》,东阿县：大稔，人相食。——民国《东阿县志》卷十五祥异,无
1554,1863,清穆宗同治二年,浙江,无,建德县,无,《建德县志》,建德县：荒，人相食。是年，爵帅左宗棠给发耕牛籽本，拨款散振，并开设粥厂以济灾民。——民国《建德县志》卷一灾异,无
1555,1863,清穆宗同治二年,贵州,无,遵义,无,《续遵义府志》,遵义市：秋七月，遵义岁饥，时四境皆贼，民不能耕，东南两乡尤甚，斗米值银二两，至骨肉相残食。——民国《续遵义府志》卷十三祥异,无
1556,1863,清穆宗同治二年,安徽,无,无,皖南,《曾国藩全集·家书》,“李少荃（鸿章）近日军务极为得手，大约苏杭两处必有一克，或全克亦未可知。惟饷项奇缺，米贵而雨多。皖南食人肉，每斤卖百二十文。看来浩劫尚未满，天心尚未转也。”,无
1557,1863,清穆宗同治二年,安徽,无,无,皖南,《曾国藩日记》,同月二十二日《曾国藩日记》云：皖南到处食人。人肉始卖三十文一斤，近闻增至百二十文一斤。句容二溧（溧水、溧阳、并句容均属江苏，在江宁之南，与皖南接壤）八十文一斤。荒乱如此，今年若再凶歉，苍生将无噍类矣。——《曾国藩日记》,无
1558,1864,清穆宗同治三年,江苏,无锡,无锡,无,《无锡金匮县志》,无锡县：春，西北乡人相食。——光绪《无锡金匮县志》卷三十一祥异,无
1559,1864,清穆宗同治三年,贵州,无,桐梓,无,《续遵义府志》,桐梓县：桐梓县斗米值三千钱，饥民相食。——民国《续遵义府志》卷十三祥异,无
1560,1864,清穆宗同治三年,云南,无,无,无,《云南天气灾害史料》,1864年，云南，大饥馑”旦伏于路，攫人而食。”——《云南天气灾害史料》，第375页。,疑似OCR错误，原文为'旦伏于路'
1561,1864,清穆宗同治三年,云南,无,景东,无,《景东县志稿》,景东县：大饥馑，狙伏于路，攫人而食。——民国《景东县志稿》卷一灾异,无
1562,1865,清穆宗同治四年,安徽,无,无,无,《清史纪事本末》,1865年，皖南，大饥，”民相食，人肉一斤，价至百二十文。”——《清史纪事本末》，卷五十，同治中兴,无
1563,1866,清穆宗同治五年,甘肃,兰州,无,无,《重修皋兰县志》,兰州市：春荐饥，斗粟值银三十七八两，人相食，死者无算。案：邑中所出米麦本不足供一邑之用，四五两年逆回滋扰，民多失种，邻县粮道阻绝，遂成千百年未有之灾。——光绪《重修皋兰县志》卷十四灾异,无
1564,1866,清穆宗同治五年,甘肃,无,靖远,无,《甘肃新通志》,靖远县：春荞饥，人相食。——光绪《甘肃新通志》卷二祥异,无
1565,1866,清穆宗同治五年,四川,无,无,无,《四川省近五百年旱涝史料》,1866年，四川，大饥，”人相食，逃亡几尽。”——《四川省近五百年旱涝史料》，第7页。,无
1566,1866,清穆宗同治五年,贵州,无,荔波,无,《荔波县志》,荔波县：夏四月，黑气起城南，逾时始散。大饥，人相食。——光绪《荔波县志》卷一祥异,无
1567,1867,清穆宗同治六年,陕西,无,无,无,《清史稿》,1867年，陕甘，大饥，”人相食”——《清史稿》卷454《穆图善传》。,无
1568,1867,清穆宗同治六年,甘肃,无,无,无,《清史稿》,1867年，陕甘，大饥，”人相食”——《清史稿》卷454《穆图善传》。,无
1569,1867,清穆宗同治六年,贵州,无,织金县,无,《平远州续志》,织金县：岁大饥，往往有食人者。——光绪《平远州续志》卷二大事考,无
1570,1868,清穆宗同治七年,甘肃,无,通渭县,无,《重修通渭县新志》,通渭县：春大饥，人相食，斗粟至十千有奇。秋稔。——光绪《重修通渭县新志》卷四灾祥,无
1571,1868,清穆宗同治七年,甘肃,无,泾川县,无,《甘肃新通志》,泾川县：大饥，人相食，新瘞死尸食之殆尽。——光绪《甘肃新通志》卷二祥异,无
1572,1868,清穆宗同治七年,甘肃,无,镇原县,无,《重修镇原县志》,镇原县：岁大饥，人相食，斗麦价三十余串。——民国《重修镇原县志》卷十八变异,无
1573,1868,清穆宗同治七年,甘肃,天水市,无,秦州,《重纂秦州直隶州新志》,天水市：州属大饥，麦斗至五千余，人相食。——光绪《重纂秦州直隶州新志》卷二十四禨祥,秦州为推测，原文为古代地名秦州
1574,1868,清穆宗同治七年,甘肃,无,古浪县,无,《古浪县志》,古浪县：春大饥，人相食。——民国《古浪县志》卷一灾异,无
1575,1868,清穆宗同治七年,宁夏,无,隆德县,无,《重修隆德县志》,隆德县：岁大歉，斗米二十五、六千文不等。人相食，死者塞路。——民国《重修隆德县志》卷四祥异,无
1576,1868,清穆宗同治七年,贵州,无,天柱县,无,《天柱县志》,天柱县：六月米贵，每斗价二千余文，卖妻鬻子，饿死不计其数，甚至有人食人肉者。——光绪《天柱县志》卷一祥异,无
1577,1871,清穆宗同治十年,河北,无,大城县,无,《大城县志》,大城县：大水。无麦无禾，人将相食。——光绪《大城县志》卷九人物,无
1578,1871,清穆宗同治十年,四川,无,无,无,《四川省近五百年旱涝史料》,1871年，四川，旱灾，”人相食”——《四川省近五百年旱涝史料》，第7页。,无
1579,1875,清德宗光绪元年,山东,无,利津县,无,《利津县志》,山东：利津县：岁饥，人相食，民苦无力。——民国《利津县志》卷九杂志,无
1580,1876,清德宗光绪二年,河南,无,灵宝县,无,《华北、东北近五百年旱涝史料》,灵宝县：两载无雨，赤地千里，人相食，灵邑户口损三分之二。——《华北、东北近五百年旱涝史料》第四分册，第59页,无
1581,1877,清德宗光绪三年,河北,无,元氏县,无,《元氏县志》,元氏县：荒旱，大饥，人相食，县令请款赈济。——民国《元氏县志》灾祥,无
1582,1877,清德宗光绪三年,河北,无,定州市,无,《定县志》,定州市：大旱，岁饥，有人相食者，饿殍满路。——民国《定县志》卷二十二祥异,无
1583,1877,清德宗光绪三年,河北,无,武安县,无,《武安县志》,武安县：岁大饥，人相食。春夏亢旱，地未播种，斗米千钱，人相食，街市行人倒地即毙，饿殍满目，死亡载道，卖妻鬻子，流离四方者，指不胜计。一家数口同时饿毙者所在多有，可谓未有之浩劫。——民国《武安县志》卷一大事记,无
1584,1877,清德宗光绪三年,河北,无,井陉县,无,《华北、东北近五百年旱涝史料》,井陉县：大旱，岁大荒，人相食。——《华北、东北近五百年旱涝史料》第二分册，第96页。,无
1585,1877,清德宗光绪三年,山西,无,文水县,无,《文水县志》,文水县：大饥。冬，人相食，开仓赈济。——光绪《文水县志》卷一祥异,无
1586,1877,清德宗光绪三年,山西,无,临县,无,《临县志》,临县：春，斗米不过五百钱，而麦苗尚称丰茂，农民忍饥缩食，冀有秋。嗷嗷待哺者已不知几千万家，尸骸枕藉，有杀人而食，剃肉而卖者。——民国《临县志》卷十七著述,无
1587,1877,清德宗光绪三年,山西,晋城市,无,凤台县,《凤台县续志》,晋城市：大旱，野无青草，人食树皮草根，牛马鸡犬皆尽，继食人肉，斗米值钱二千五百文。有全室俱毙者，有阖村同尽者。——光绪《凤台县续志》卷四纪事,凤台县为古代地名，今晋城市；原文为凤台县
1588,1877,清德宗光绪三年,山西,无,曲沃县,无,《新修曲沃县志》,曲沃县：春旱，夏无麦。六月份、浣几竭。秋八月雨雹。冬大饥，人相食，米麦石二十余金。——民国《新修曲沃县志》卷三十灾祥,无
1589,1877,清德宗光绪三年,山西,临汾市,隰县,隰州,《续修隰州志》,隰县：夏秋无雨，禾苗槁，寸草皆枯，斗米价银三两，树皮干泥争购于市，死者以万计。冬严寒异常，人相食，至有骨肉相残者。——光绪《续修隰州志》卷四祥异,原文为隰州，今隰县；临汾市为推测，原文无
1590,1877,清德宗光绪三年,山西,临汾市,洪洞县,无,《洪洞县志稿》,洪洞县：岁大祲，斗米卖银三两余，树皮革根剥掘殆尽，人相食，饿殍盈途，目不忍睹，诚古今罕见。——光绪《洪洞县志稿》卷十六杂记,临汾市为推测，原文无
1591,1877,清德宗光绪三年,山西,无,乡宁县,无,《乡宁县志》,乡宁县：三、四年大旱，饿死人民无数，人相食。——民国《乡宁县志》卷八大事记,无
1592,1877,清德宗光绪三年,山西,无,绛县,无,《绛县志》,绛县：大旱。夏麦薄收，秋苗焦死，草尽枯。…先犹宰食牲畜，继而树皮、草根、薪蒸、土石等类杂充饥肠，甚至剥遗尸，刨掩骸，残骨肉，食生人，饥死十之四五。——光绪六年《绛县志》卷十二祥异,无
1593,1877,清德宗光绪三年,山西,无,稷山县,无,《续修稷山县志》,稷山县：秋大祲，赤地千里，…。冬，盗发冢，祖孙父子母女夫妇兄弟相食，道馑相望。闾左枯骨成丘，庐舍拆毁无数，县北附山村落有尽数饿毙或十之七八。——光绪《续修稷山县志》卷一祥异,无
1594,1877,清德宗光绪三年,山西,无,平陆县,无,《平陆县续志》,平陆县：自春徂冬二百余日无雨，秋夏不收，宿麦未种。斗米五两零，草根树皮尽，父子相食，人死十之八、九。十月大风，奇冷，井冰。——光绪《平陆县续志》卷下杂志,无
1595,1877,清德宗光绪三年,山西,无,永济市,虞乡县,《虞乡县志》,永济县：春疫。夏无麦。…大祲，斗米数金，田亩鬻钱百余文，民屋拆毁殆尽，食树皮草根。…时饿殍枕藉，人相食，冬初发帑栽漕赈之，诏免地丁银。——光绪《虞乡县志》卷一祥异,原文为虞乡县，今永济市；原文无city
1596,1877,清德宗光绪三年,山西,无,怀仁县,无,《华北、东北近五百年旱涝史料》,怀仁县、左云县、大同市：大旱。人相食。——《华北、东北近五百年旱涝史料》第五分册，第13页。,无
1597,1877,清德宗光绪三年,山西,无,左云县,无,《华北、东北近五百年旱涝史料》,怀仁县、左云县、大同市：大旱。人相食。——《华北、东北近五百年旱涝史料》第五分册，第13页。,无
1598,1877,清德宗光绪三年,山西,大同市,无,无,《华北、东北近五百年旱涝史料》,怀仁县、左云县、大同市：大旱。人相食。——《华北、东北近五百年旱涝史料》第五分册，第13页。,无
1599,1877,清德宗光绪三年,山西,无,太谷县,无,《华北、东北近五百年旱涝史料》,太谷县：大饥，人相食。——《华北、东北近五百年旱涝史料》第五分册，第32页。,无
1600,1877,清德宗光绪三年,山西,晋中市,左权县,辽州,《华北、东北近五百年旱涝史料》,左权县：（辽州）自夏五月不雨至次年四月始雨，人相食。——《华北、东北近五百年旱涝史料》第五分册，第32页。,原文为辽州，今左权县；晋中市为推测，原文无
1601,1877,清德宗光绪三年,山西,临汾市,无,无,《华北、东北近五百年旱涝史料》,临汾市：大旱荒，人相食。——《华北、东北近五百年旱涝史料》第五分册，第54页。,无
1602,1877,清德宗光绪三年,山西,无,垣曲县,无,《华北、东北近五百年旱涝史料》,垣曲县：大旱，夏无麦，秋无禾，冬月人相食。——《华北、东北近五百年旱涝史料》第五分册，第54页。,无
1603,1877,清德宗光绪三年,山西,临汾市,霍州市,霍县,《华北、东北近五百年旱涝史料》,霍县：大旱。春旱。夏无麦。六月份浣几竭，人相食。——《华北、东北近五百年旱涝史料》第五分册，第54页。,原文为霍县，今霍州市；临汾市为推测，原文无
1604,1877,清德宗光绪三年,山西,运城市,新绛县,无,《华北、东北近五百年旱涝史料》,新绛县：岁大祲，人相食，九月十六连雨十有八日。——《华北、东北近五百年旱涝史料》第五分册，第54页。,运城市为推测，原文无
1605,1877,清德宗光绪三年,山西,无,万荣县,无,《华北、东北近五百年旱涝史料》,万荣县：大旱，人相食。——《华北、东北近五百年旱涝史料》第五分册，第54页。,无
1606,1877,清德宗光绪三年,山西,临汾市,古县,岳阳县,《华北、东北近五百年旱涝史料》,岳阳县：大祲，旱，人相食，死无数。——《华北、东北近五百年旱涝史料》第五分册，第54页。,原文为岳阳县，今古县；临汾市为推测，原文无
1607,1877,清德宗光绪三年,山西,无,左云县,无,《华北、东北近五百年旱涝史料》,左云县：秋大旱，人相食，道路饿殍盈途。——《华北、东北近五百年旱涝史料》第六分册，第129页。,无
1608,1877,清德宗光绪三年,内蒙古,无,无,乌盟,《华北、东北近五百年旱涝史料》,乌盟、呼和浩特、包头、清水河县：大旱，以屡成饥，粟贵如珠，百性食糟糠、剥树皮、掘草根，甚至人相食，鬻子女仅得一二食，在襁褓者父母弃之道路不顾而去。商旅不敢独行。饿殍盈野，惨不忍目，其口外各厅亦均亢旱。——《华北、东北近五百年旱涝史料》第六分册，第129页。,无
1609,1877,清德宗光绪三年,内蒙古,呼和浩特市,无,无,《华北、东北近五百年旱涝史料》,乌盟、呼和浩特、包头、清水河县：大旱，以屡成饥，粟贵如珠，百性食糟糠、剥树皮、掘草根，甚至人相食，鬻子女仅得一二食，在襁褓者父母弃之道路不顾而去。商旅不敢独行。饿殍盈野，惨不忍目，其口外各厅亦均亢旱。——《华北、东北近五百年旱涝史料》第六分册，第129页。,无
1610,1877,清德宗光绪三年,内蒙古,包头市,无,无,《华北、东北近五百年旱涝史料》,乌盟、呼和浩特、包头、清水河县：大旱，以屡成饥，粟贵如珠，百性食糟糠、剥树皮、掘草根，甚至人相食，鬻子女仅得一二食，在襁褓者父母弃之道路不顾而去。商旅不敢独行。饿殍盈野，惨不忍目，其口外各厅亦均亢旱。——《华北、东北近五百年旱涝史料》第六分册，第129页。,无
1611,1877,清德宗光绪三年,内蒙古,无,清水河县,无,《华北、东北近五百年旱涝史料》,乌盟、呼和浩特、包头、清水河县：大旱，以屡成饥，粟贵如珠，百性食糟糠、剥树皮、掘草根，甚至人相食，鬻子女仅得一二食，在襁褓者父母弃之道路不顾而去。商旅不敢独行。饿殍盈野，惨不忍目，其口外各厅亦均亢旱。——《华北、东北近五百年旱涝史料》第六分册，第129页。,无
1612,1877,清德宗光绪三年,陕西,无,兴平市,无,《重纂兴平县志》,兴平县：大饥，道馑相望，人几相食。南山之石岁久成灰，形似面粉，饥民襁负归，号曰'神面'，和榆皮制饼曰'神饼'，食之多死。——民国《重纂兴平县志》卷八祥异,无
1613,1877,清德宗光绪三年,陕西,无,鄠邑区,鄠县,《重修鄂县志》,户县：大饥，人相食。——民国《重修鄂县志》卷十杂记,原文为鄠县，今鄠邑区；疑似OCR错误，原文为'鄠'
1614,1877,清德宗光绪三年,陕西,渭南市,无,无,《新续渭南县志》,渭南市：三、四年大旱，无麦禾。斗麦四五千钱，道雍相望，人相食，剥榆皮屑而啖之，人多黄瘦死，有坐守空屋待毙者。——光绪《新续渭南县志》卷十一禩祥,无
1615,1877,清德宗光绪三年,陕西,无,富平县,无,《富平县志稿》,富平县：大饥，人相食。——光绪《富平县志稿》卷十祥异,无
1616,1877,清德宗光绪三年,陕西,无,蓝田县,无,《续修蓝田县志》,蓝田县：岁大祲，斗米值银二两，民饥甚，榆皮草根剥食殆尽。三里镇有食其子及人相食者。——民国《续修蓝田县志》卷三纪事,无
1617,1877,清德宗光绪三年,陕西,无,大荔县,无,《大荔县续志》,大荔县：是年大旱，…。粮价奇贵，斤面钱百十余文，大饥。…十二月有食人者，厉禁之。——光绪《大荔县续志》卷一事征,无
1618,1877,清德宗光绪三年,陕西,无,合阳县,郃阳县,《郃阳县乡土志》,合阳县：岁饥，人相食，北乡饥民纠伙劫粮，啸聚渐众。——光绪《郃阳县乡土志》兵事,疑似OCR错误，原文为'郃'
1619,1877,清德宗光绪三年,陕西,无,澄城县,无,《澄城县附志》,澄城县：大饥，人相食。死者十之六、七。——民国《澄城县附志》卷十一大事记,无
1620,1877,清德宗光绪三年,陕西,无,华县,无,《华县县志稿》,华县：大旱，白崖湖竭。大饥，民失种，人相食，十月开赈。四年，斗粟四千余钱，道雍相望，逃亡者半。——民国《华县县志稿》卷九天灾,无
1621,1877,清德宗光绪三年,陕西,无,华阴市,无,《华阴县续志》,华阴县：大饥，人相食，饿毙人民无数。四月秋禾初登，人民因食而死者又居十之四、五，迄今五十余载，人口犹未复元。——民国《华阴县续志》卷八杂事,无
1622,1877,清德宗光绪三年,陕西,无,蒲城县,无,《蒲城县县新志》,蒲城县：大饥，人相食。至四年夏饿毙者三之二。——光绪《蒲城县县新志》卷十三祥异,疑似OCR错误，原文重复'县'
1623,1877,清德宗光绪三年,陕西,铜川市,无,同官县,《同官县志》,铜川市：大饥，人相食，卖妻鬻子，逃甘肃者无数。——民国《同官县志》卷十四合作救济,原文为同官县，今铜川市
1624,1877,清德宗光绪三年,陕西,无,榆林市,无,《榆林县志》,榆林县：大旱，人相食。饥民多疫死。总兵官谭仁芳捐廉五万两大赈，兵备道童兆蓉请款办赈，全活无算。——民国《榆林县志》卷十祥异,无
1625,1877,清德宗光绪三年,陕西,无,靖边县,无,《靖边志稿》,靖边县：大旱。越明年，荒甚，民啮草根，继食树皮叶，俱尽，又济之以斑白土。土柔无沙，掘地得之，老稚毙于胀，壮者苟免。黠者又往往割饥殍臀以延残喘，甚有屠生人以供餐者。官请发赈，又掘大坑以掩殛骨。每日晡时，饥犬饿狼叫号相闻，掘食残骸，弥散原野间。——光绪《靖边志稿》卷四灾劫,无
1626,1877,清德宗光绪三年,陕西,无,佳县,葭州,《葭州志》,佳县：岁大饥，人相食。——光绪《葭州志》灾祥,原文为葭州，今佳县
1627,1877,清德宗光绪三年,陕西,无,绥德县,无,《绥德直隶州志》,绥德县：岁大饥，人相食，饿殍载道。设赈粥饥年余。——光绪《绥德直隶州志》卷三祥异,无
1628,1877,清德宗光绪三年,陕西,无,安塞县,无,《安塞县志》,安塞县：饥，人相食。饿毙者十室九空。——民国《安塞县志》卷十祥异,无
1629,1877,清德宗光绪三年,陕西,无,洛川县,无,《洛川县志》,洛川县：大饥，草木俱尽，人相食，十亡八、九。是后连年旱灾兵荒，迭奉蠲免。——民国《洛川县志》卷十三,无
1630,1877,清德宗光绪三年,陕西,无,黄陵县,无,《黄陵县志》,黄陵县：大饥，旱。草木树皮被食净尽，人相食。——民国《黄陵县志》卷九社会救济,无
1631,1877,清德宗光绪三年,陕西,无,西乡县,无,《西乡县志》,西乡县：荒旱奇重，人相食，饿殍载道。——民国《西乡县志》灾禦,无
1632,1877,清德宗光绪三年,陕西,无,旬阳县,无,《洵阳县志》,旬阳县：春，鼠食禾苗。大旱，金河竭，秋禾萎。冬，果木开花，竹笋成林。岁大荒，人相食。——光绪《洵阳县志》卷十四杂志,无
1633,1877,清德宗光绪三年,陕西,无,紫阳县,无,《重修紫阳县志》,紫阳县：旱，草木皆槁，大饥，人相食，道馑相望。——民国《重修紫阳县志》卷五纪事,无
1634,1877,清德宗光绪三年,河南,郑州市,无,无,《郑州志》,郑州市：春无雨，…本年大饥，人相食，逃亡饿毙，十室九空。——民国《郑州志》卷一祥异,无
1635,1877,清德宗光绪三年,河南,无,密县,无,《密县志》,密县：大饥，道雍相望，人相食。——民国《密县志》卷十九祥异,无
1636,1877,清德宗光绪三年,河南,无,巩县,无,《巩县志》,巩县：大旱，中原赤地千里，黔黎走死无所，秋冬大饥，人相食。自去冬至是春，民间以麦苗、榆皮无不食，渐及树叶、蒺藜。秋冬后多常鬻妻弃子，杀戮牛马六畜，甚有食及同类者，饿殍横野，流亡载道，村落为墟。——民国《巩县志》卷五大事记,无
1637,1877,清德宗光绪三年,河南,无,新乡县,无,《新乡县续志》,新乡县：大旱，麦秋全无，赤地千里，流亡载道，饿殍塞途，人相食。——民国《新乡县续志》卷四祥异,无
1638,1877,清德宗光绪三年,河南,无,封丘县,无,《封丘县续志》,封丘县：大饥，人相食，赈济。——民国《封丘县续志》卷一通纪,无
1639,1877,清德宗光绪三年,河南,无,获嘉县,无,《获嘉县志》,获嘉县：久旱不雨，岁大饥，人相食。漕粮缓征。——民国《获嘉县志》卷十七祥异,无
1640,1877,清德宗光绪三年,河南,无,武陟县,无,《武陟县志》,武陟县：大饥，人相食。——民国《武陟县志》卷二沿革,无
1641,1877,清德宗光绪三年,河南,无,修武县,无,《修武县志》,修武县：岁大旱。自四月朔得雨三寸，既而点滴不入土，二麦歉收，秋禾未种。岁大荒，人相食。奏闻，粮缓征，漕免。——民国《修武县志》卷十六祥异,无
1642,1877,清德宗光绪三年,河南,无,林县,无,《林县志》,林县：大饥，斗米一千三百文，人相食。蠲免钱粮，发栗赈济。——民国《林县志》卷十四大事表,无
1643,1877,清德宗光绪三年,河南,无,禹县,无,《禹县志》,禹县：大旱，夏无麦，秋无禾。冬大饥，人相食。——民国《禹县志》卷二大事纪,无
1644,1877,清德宗光绪三年,河南,无,方城县,无,《方城县志》,方城县：大旱，赤地千里，裕北数郡皆灾，人相食，道馑相望，未闻赈恤。是年五月不雨，至次年三月始雨。——民国《方城县志》卷五灾异,无
1645,1877,清德宗光绪三年,河南,无,嵩县,无,《嵩县志》,嵩县：丁丑，戊寅之年岁大祲，半西北天下连年抗旱，赤地千里。河南斗谷二千钱有奇，秦晋三倍之。父子兄弟骨肉相食者，不可以数计。以吾嵩论，死者十之四五，山谷居民十室而九空，乡村妇女贩卖略尽，饥民流亡，弃男抛女者伤心惨目。——光绪《嵩县志》卷六祥异,无
1646,1877,清德宗光绪三年,河南,无,渑池县,无,《渑池县志》,渑池县：春不雨，至四年三月始雨。…斗米五千钱，父子相食。——民国《渑池县志》卷十九祥异,无
1647,1877,清德宗光绪三年,河南,无,卢氏县,无,《重修卢氏县志》,卢氏县：旱，大饥，父子相食，死者不可胜计。——光绪《重修卢氏县志》卷十二祥异,无
1648,1877,清德宗光绪三年,河南,无,新安县,无,《新安县志》,新安县：二月初六日，西北风吹折吕氏科第石坊。是年大祲，父子相食，儿子村落为墟。——民国《新安县志》卷十五祥异,无
1649,1877,清德宗光绪三年,四川,无,巴中,无,《南江县志》转引《西北灾荒史》,巴中：'丁丑岁，川之北亦旱，而巴（巴中）南（南江）通（通江）三州县尤甚。……蔬糠既竭，继以草木，……树皮掘剥殆尽，红籽（某种草之籽）一斗价至一缁，更复啖谷中泥土，俗曰神仙面，……比户萧条，炊烟断缕，鸡犬无声。服鸠投环，堕岩赴洞，轻视其身者日闻于野。父弃其子，夫弃其妻，号哭于路途，转徙于沟壑者，耳目不忍闻睹。……是冬（1877）及次年春，或举家悄毙，或人相残食，饿殍不下数万。' —— 《南江县志》,无
1650,1877,清德宗光绪三年,四川,无,南江,无,《南江县志》转引《西北灾荒史》,南江：'丁丑岁，川之北亦旱，而巴（巴中）南（南江）通（通江）三州县尤甚。……蔬糠既竭，继以草木，……树皮掘剥殆尽，红籽（某种草之籽）一斗价至一缁，更复啖谷中泥土，俗曰神仙面，……比户萧条，炊烟断缕，鸡犬无声。服鸠投环，堕岩赴洞，轻视其身者日闻于野。父弃其子，夫弃其妻，号哭于路途，转徙于沟壑者，耳目不忍闻睹。……是冬（1877）及次年春，或举家悄毙，或人相残食，饿殍不下数万。' —— 《南江县志》,无
1651,1877,清德宗光绪三年,四川,无,通江,无,《南江县志》转引《西北灾荒史》,通江：'丁丑岁，川之北亦旱，而巴（巴中）南（南江）通（通江）三州县尤甚。……蔬糠既竭，继以草木，……树皮掘剥殆尽，红籽（某种草之籽）一斗价至一缁，更复啖谷中泥土，俗曰神仙面，……比户萧条，炊烟断缕，鸡犬无声。服鸠投环，堕岩赴洞，轻视其身者日闻于野。父弃其子，夫弃其妻，号哭于路途，转徙于沟壑者，耳目不忍闻睹。……是冬（1877）及次年春，或举家悄毙，或人相残食，饿殍不下数万。' —— 《南江县志》,无
1652,1878,清德宗光绪四年,山西,阳泉市,孟县,无,《孟县志》,孟县：大荒旱，人相食，道雍相望。九月霖雨，谷尽黑，味亦变。——光绪《孟县志》卷五灾异,无
1653,1878,清德宗光绪四年,山西,吕梁市,文水县,无,《文水县志》,文水县：旱，大疫。三月二十八日大风霾。自三年四月至四年夏尽不雨，大地无禾，斗米三千五百文，人相食，途无敢独行者。——光绪《文水县志》卷一祥异,无
1654,1878,清德宗光绪四年,山西,吕梁市,汾阳县,无,《汾阳县志》,汾阳县：大饥，死者枕藉。得拨给江、鄂、山东漕粮有差。秋有五色蠹虫食谷心，高粱不食，穗尽黑。狼遍野食人，饥民亦有剥尸食者。——光绪《汾阳县志》卷十事考,无
1655,1878,清德宗光绪四年,山西,吕梁市,孝义县,无,《孝义县续志》,孝义县：困益甚，旱亦益甚。阖邑赤地无青草，斗粟钱三千，四野哀鸿嗷嗷，草根树皮挂掘殆尽，渐乃道馑相望，人相食。——光绪《孝义县续志》卷一祥异,无
1656,1878,清德宗光绪四年,山西,长治市,襄垣县,无,《襄垣县续志》,襄垣县：春微雪，夏秋不雨。无麦无禾，斗米钱至一千五百文，民大饥，人相食。连年荒旱，本年尤甚，糠秕草根全无，人民倒毙，道馑相望，至互相杀食，荒郊僻巷人不敢独行。——光绪《襄垣县续志》卷九祥异,无
1657,1878,清德宗光绪四年,山西,长治市,壶关县,无,《壶关县续志》,壶关县：夏无麦，斗米一千六百，大饥，人相食。——光绪《壶关县续志》上纪事,无
1658,1878,清德宗光绪四年,山西,晋城市,高平县,无,《续高平县志》,高平县：夏无麦，人相食更甚，市斗米钱七百余文。——光绪《续高平县志》卷十二祥异,无
1659,1878,清德宗光绪四年,山西,晋城市,阳城县,无,《续阳原县志》,阳城县：春，斗米值钱三千六百文，人相食。夏又无麦，兼之瘟疫盛行，人民死者不可胜计，诚数百年仅见之灾也。——光绪《续阳原县志》灾祥,无
1660,1878,清德宗光绪四年,山西,长治市,屯留县,无,《屯留县志》,屯留县：春不雨，夏无麦，斗米钱一千四百有奇。人相食，疫大作，自夏及秋死者甚众。——光绪《屯留县志》卷一祥异,无
1661,1878,清德宗光绪四年,山西,临汾市,临汾县,无,《临汾县志》,临汾市：大祲，人相食，赤地千里，饿殍盈野，瘟疫盛行，死亡过半。——民国《临汾县志》卷六杂记,无
1662,1878,清德宗光绪四年,山西,临汾市,汾西县,无,《汾西县志》,汾西县：大祲，加赈之。道馑枕藉，六畜无遗，人相食，村落为墟。——光绪《汾西县志》卷七祥异,无
1663,1878,清德宗光绪四年,山西,临汾市,翼城县,无,《翼城县志》,翼城县：夏无麦，人相食，全县人民饿死过半。是岁秋大熟。——民国《翼城县志》卷十四祥异,无
1664,1878,清德宗光绪四年,山西,临汾市,吉县,无,《吉州全志》,吉县：大祲，夏无麦。人食树皮草根，食人肉，死者数万。——光绪《吉州全志》卷七祥异,无
1665,1878,清德宗光绪四年,山西,临汾市,大宁县,无,《大宁县志》,大宁县：岁荐饥，斗米三两，饿殍盈野，人相食。——光绪《大宁县志》卷七灾异,无
1666,1878,清德宗光绪四年,山西,临汾市,洪洞县,无,《洪洞县志》,洪洞县：岁大祲。斗米麦制钱三千六百七文不等，树皮草根剥掘殆尽，人相食，饿莩盈途，目不忍睹。——民国《洪洞县志》卷十八祥异,无
1667,1878,清德宗光绪四年,山西,运城市,新绛县,无,《新绛县志》,新绛县：大祲，人相食。——民国《新绛县志》卷十旧闻,无
1668,1878,清德宗光绪四年,山西,运城市,临猗县,无,《续猗氏县志》,临猗县：无麦，自正月至四月麦价腾涌，每石至五十二两。民掘草根，剥木皮以为食，面目肿痛，偶仆于地，一蹶莫起。苜蓿面一斤贵至六七钱。时陕西米粟不通，河南铁谢所运赈粮，又以脚价贵不能即至，故民困莫苏，至有人相食者。——光绪《续猗氏县志》卷下祥异,无
1669,1878,清德宗光绪四年,山西,临汾市,乡宁县,无,《乡宁县志》,乡宁县：三、四年大旱，饿死人民无数，人相食。——民国《乡宁县志》卷八大事记,无
1670,1878,清德宗光绪四年,陕西,咸阳市,泾阳县,无,《重修泾阳县志》,泾阳县：大旱，民饥。斗麦易钱二子有奇，人食树皮槐叶殆尽，饿殍盈野，人至相食。——宣统《重修泾阳县志》卷二祥异,无
1671,1878,清德宗光绪四年,陕西,咸阳市,礼泉县,无,《续修醴泉县志稿》,礼泉县：粮价奇昂，饿殍盈路，人相食。——民国《续修醴泉县志稿》卷十四杂记,无
1672,1878,清德宗光绪四年,陕西,咸阳市,乾县,无,《乾州志稿》,乾县：粮价奇昂，饿殍盈路，人相食。四月始秒雨。——光绪《乾州志稿》卷一事录,无
1673,1878,清德宗光绪四年,陕西,咸阳市,永寿县,无,《永寿县重修新志》,永寿县：粮价奇昂，饿殍盈路，人相食。四月始秒雨。——光绪《永寿县重修新志》卷十述异,无
1674,1878,清德宗光绪四年,陕西,渭南市,富平县,无,《富平县志稿》,富平县：大饥，人相食。——光绪《富平县志稿》卷十祥异,无
1675,1878,清德宗光绪四年,陕西,商洛市,柞水县,无,《孝义厅志》,柞水县：大饥，人相食，斗栗价银一两余。——光绪《孝义厅志》卷十二灾异,无
1676,1878,清德宗光绪四年,陕西,榆林市,府谷县,无,《府谷县志》,府谷县：春大疫。斗米钱二千四百文，人相食，死亡载道。是年大稔，子遗赖以全活。——民国《府谷县志》卷八大事记,无
1677,1878,清德宗光绪四年,安徽,亳州市,蒙城县,无,《重修蒙城县志》,蒙城县：大疫，是时河南、山、陕三年大饥，人相食。人民流入蒙境者遍地皆是，瘟疫到处传染。——民国《重修蒙城县志》卷十二祥异,无
1678,1878,清德宗光绪四年,河南,新乡市,原阳县,无,《阳武县志》,原阳县：春大饥，人相食。——民国《阳武县志》卷一通纪,无
1679,1878,清德宗光绪四年,河南,安阳市,安阳县,无,《续安阳县志》,安阳县：春犹不雨，饿莩满野，人相食。——民国《续安阳县志》卷一大事纪,无
1680,1878,清德宗光绪四年,河南,周口市,扶沟县,无,《扶沟县志》,扶沟县：春大饥，人相食。先是二年即忧旱，麦禾皆歉收。三年旱益甚。四年春大饥，山西及河南北尤甚，流亡络绎于道，斗米千余钱，继之以疫死者甚众。——光绪《扶沟县志》卷十五灾祥,无
1681,1878,清德宗光绪四年,河南,洛阳市,宜阳县,无,《宜阳县志》,宜阳县：春，斛谷万钱，人相食，甚至母食子肉，弟口兄骨，先死者一家聚食，继死者以次吞啖，虽有情不忍食者，亦不敢野葬，穴圹于家，暂掩其尸。——光绪《宜阳县志》卷二祥异,无
1682,1878,清德宗光绪四年,河南,洛阳市,洛宁县,无,《洛宁县志》,洛宁县：五月初一口，天鼓鸣。是年二月，麦米每斗价五千文，人相食，有父食其子，母食女，夫食其妻者，人死十之七八。——民国《洛宁县志》卷一祥异,无
1683,1878,清德宗光绪四年,河南,三门峡市,无,陕州,《陕州直隶州志》,三门峡市：大早，夏天麦。饥甚，斗米白金五两余，人相食，死亡过半。秋乃雨，谷大熟，民居多鼠。——光绪《陕州直隶州志》卷一祥异,三门峡市为推测，原文为陕州直隶州
1684,1889,清德宗光绪十五年,山东,无,东阿县,无,《东阿县志》,山东：东阿县：春饥，人相食。——民国《东阿县志》卷十五祥异,无
1685,1892,清德宗光绪十八年,河北,张北县,张北县,无,《张北县志》,张北县：旱魃为虐，赤地千里，哀鸿遍野，不特罗雀、掘鼠、搜掘草根，且人相食，日有所闻。——民国《张北县志》卷七人物,无
1686,1892,清德宗光绪十八年,陕西,黄陵县,黄陵县,无,《黄陵县志》,黄陵县：旱，饥，人相食。——民国《黄陵县志》卷九社会救济,无
1687,1892,清德宗光绪十八年,内蒙古,无,无,无,《华北、东北近五百年旱涝史料》,归绥道属七斤及蒙旗大饥，去岁灾歉，入春至夏无雨，不能下种，秋收无望。全境赤地千里，死者枕藉，二道河、康保尔一带，野无青草，有食人肉者。——《华北、东北近五百年旱涝史料》，第六分册，第112页。,无
1688,1893,清德宗光绪十九年,陕西,无,无,无,《闻见录》,三月，陕西旱魃为灾，地不毛者已数年矣。居民仰卧遍城市，沿途饿殍，不堪枚举。恶人相食，愁惨不可言状。食玉薪桂无一不昂，其贱售者惟姿色妇女。癸巳春间，便立人市。——清·储仁逊《闻见录》,无
1689,1893,清德宗光绪十九年,山西,临汾市,无,无,《华北、东北近五百年旱涝史料》,临汾市：天旱，瘟疫盛行。人相食，牛羊多死。——《华北、东北近五百年旱涝史料》，第五分册，第55页。,无
1690,1896,清德宗光绪二十二年,广西,无,无,无,《广西壮族自治区近五百年气候历史资料》,广西，大旱大饥，饥而病肿死于途者不少，黠者割垂死饥民腓腿而食。——广西壮族自治区气象台资料室编：《广西壮族自治区近五百年气候历史资料》，1979年9月编印，第60页。,无
1691,1898,清德宗光绪二十四年,江苏,无,宿迁县,无,《宿迁县志》,宿迁县：春大疫。夏大水，湖河如一，二麦尽坏。岁大饥，人相食，蠲贷有差，冬振。——民国《宿迁县志》卷七水旱蠲振,无
1692,1901,清德宗光绪二十七年,甘肃,无,镇原县,无,《重修镇原县志》转引《西北灾荒史》,甘肃：镇原县：甘肃，大饥，人相食。——《重修镇原县志》，转引自《西北灾荒史》，第1710页。,无
1693,1904,清德宗光绪三十年,广西,无,无,无,《广西各市县历代水旱灾害纪实》,广西，旱，大饥，卖儿女，饿死人，人相食。——广西壮族自治区通志馆编：《广西各市县历代水旱灾害纪实》，广西人民出版社1995年版，第92页。,无
1694,1904,清德宗光绪三十年,四川,万县市,无,无,《万县乡土志》,万县市：大旱，赤地千里，人相食。大吏发赈谷千二百袋，由湘转运。——光绪《万县乡土志》卷六人类,无
1695,1907,清德宗光绪三十三年,安徽,无,蒙城县,无,《重修蒙城县志》,蒙城县：大饥，人相食，捐俸银千两助赈。——民国《重修蒙城县志》卷九义行,无
1696,1907,清德宗光绪三十三年,云南,无,无,无,《录副档》,云南，旱灾，饿殍相望，易子而食。——《录副档》，光绪三十三年五月吴炯等呈。,无
1697,1909,清宣统元年,甘肃,无,无,无,《大公报》,1909年，甘肃，旱灾，人食人——《大公报》1909年6月19日。,无
1698,1910,清宣统二年,江苏,无,无,无,《清史稿》,宣统二年丁丑，察哈尔右翼四旗蒙古灾，发帑银一万两赈之。江、淮饥，人相食。——《清史稿》卷二五《宣统皇帝本纪》,江、淮泛指长江淮河流域，涉及江苏、安徽等地，此处提取江苏
1699,1911,清宣统三年,河南,无,夏邑县,无,《夏邑县志》,夏邑县：春大饥，人相食。本省开仓赈米，义赈放钱，救活无算。——民国《夏邑县志》卷九灾异,无
