year_ce,province,city,county,match_key,year_era,ancient_name,source,note,decision,ref,来源版本,存在版本数,存在相似度,内容一致,差异说明,v1_record,v2_record,v3_record,v4_record,v5_record,v6_record,v7_record
1387,河南,,淮阳县,1387|河南|淮阳,明太祖洪武二十年,无,《续修陈州志》,无,保留,"v1,v2,v5","v1,v2,v5",3,0.4286,是,,淮阳县：大饥，人相食。——康熙《续修陈州志》卷四灾异,淮阳县：大饥，人相食。——康熙《续修陈州志》卷四灾异,,,淮阳县：大饥，人相食。——康熙《续修陈州志》卷四灾异,,
1387,河南,,淮阳县,1387|河南|淮阳,明太祖洪武二十年,无,《续修陈州志》,无,保留,"v3,v4,v6,v7","v3,v4,v6,v7",4,0.5714,是,,,,河南：淮阳县：大饥，人相食。——康熙《续修陈州志》卷四灾异,河南：淮阳县：大饥，人相食。——康熙《续修陈州志》卷四灾异,,河南：淮阳县：大饥，人相食。——康熙《续修陈州志》卷四灾异,河南：淮阳县：大饥，人相食。——康熙《续修陈州志》卷四灾异
1404,江西,,安福县,1404|江西|安福,明成祖永乐二年,无,《安福县志》,无,保留,v6,v6,1,0.1429,是,,,,,,,江西：安福县：大水，岁饥，人相食。——康熙《安福县志》卷一沿革,
1404,江西,,安福县,1404|江西|安福,明成祖永乐二年,无,《安福县志》,无,保留,"v1,v2,v3,v4,v5,v7","v1,v2,v3,v4,v5,v7",6,0.8571,是,,安福县：大水，岁饥，人相食。——康熙《安福县志》卷一沿革,安福县：大水，岁饥，人相食。——康熙《安福县志》卷一沿革,安福县：大水，岁饥，人相食。——康熙《安福县志》卷一沿革,安福县：大水，岁饥，人相食。——康熙《安福县志》卷一沿革,安福县：大水，岁饥，人相食。——康熙《安福县志》卷一沿革,,安福县：大水，岁饥，人相食。——康熙《安福县志》卷一沿革
1404,江西,,泰和县,1404|江西|泰和,明成祖永乐二年,无,《泰和县志》,无,保留,v6,v6,1,0.1429,是,,,,,,,江西：泰和县：大水，岁饥，人相食。——乾隆《泰和县志》卷二十八祥异,
1404,江西,,泰和县,1404|江西|泰和,明成祖永乐二年,无,《泰和县志》,无,保留,"v1,v2,v3,v4,v5,v7","v1,v2,v3,v4,v5,v7",6,0.8571,是,,泰和县：大水，岁饥，人相食。——乾隆《泰和县志》卷二十八祥异,泰和县：大水，岁饥，人相食。——乾隆《泰和县志》卷二十八祥异,泰和县：大水，岁饥，人相食。——乾隆《泰和县志》卷二十八祥异,泰和县：大水，岁饥，人相食。——乾隆《泰和县志》卷二十八祥异,泰和县：大水，岁饥，人相食。——乾隆《泰和县志》卷二十八祥异,,泰和县：大水，岁饥，人相食。——乾隆《泰和县志》卷二十八祥异
1433,山东,潍坊市,,1433|山东|潍坊,明宣宗宣德八年,无,《潍县志稿》,无,保留,"v1,v2","v1,v2",2,0.2857,是,,潍坊市：自春徂秋不雨，大饥，人相食。——民国《潍县志稿》卷二通纪,山东潍坊市：自春徂秋不雨，大饥，人相食。——民国《潍县志稿》卷二通纪,,,,,
1433,山东,潍坊,潍坊市,1433|山东|潍坊|潍坊,明宣宗宣德八年,无,《潍县志稿》,无,保留,"v3,v4,v5,v6","v3,v4,v5,v6",4,0.5714,是,,,,山东：潍坊市：自春徂秋不雨，大饥，人相食。——民国《潍县志稿》卷二通纪,山东：潍坊市：自春徂秋不雨，大饥，人相食。——民国《潍县志稿》卷二通纪,山东：潍坊市：自春徂秋不雨，大饥，人相食。——民国《潍县志稿》卷二通纪,山东：潍坊市：自春徂秋不雨，大饥，人相食。——民国《潍县志稿》卷二通纪,
1433,山东,潍坊市,潍县,1433|山东|潍坊|潍,明宣宗宣德八年,无,潍县志稿,原文'潍坊市'为现代地名，民国志书原记为'潍县',保留,v7,v7,1,0.1429,是,,,,,,,,潍坊市：自春徂秋不雨，大饥，人相食。——民国《潍县志稿》卷二通纪
1438,安徽,,潜山县,1438|安徽|潜山,明英宗正统三年,无,《潜山县志》,无,保留,"v5,v6","v5,v6",2,0.2857,是,,,,,,潜山县：六邑大旱，人相食，输粟五千石送府助赈。——民国《潜山县志》卷十七笃行,潜山县：六邑大旱，人相食，输粟五千石送府助赈。——民国《潜山县志》卷十七笃行,
1438,安徽,,潜山县,1438|安徽|潜山,明英宗正统三年,无,《潜山县志》,无,保留,"v1,v2,v3,v4,v7","v1,v2,v3,v4,v7",5,0.7143,是,,安徽：潜山县：六邑大旱，人相食，输粟五千石送府助赈。——民国《潜山县志》卷十七笃行,安徽：潜山县：六邑大旱，人相食，输粟五千石送府助赈。——民国《潜山县志》卷十七笃行,安徽：潜山县：六邑大旱，人相食，输粟五千石送府助赈。——民国《潜山县志》卷十七笃行,安徽：潜山县：六邑大旱，人相食，输粟五千石送府助赈。——民国《潜山县志》卷十七笃行,,,安徽：潜山县：六邑大旱，人相食，输粟五千石送府助赈。——民国《潜山县志》卷十七笃行
1439,甘肃,,两当县,1439|甘肃|两当,明英宗正统四年,无,《两当县新志》转引《西北灾荒史》,无,需进一步分析,"v1,v2,v4","v1,v2,v4",3,0.4286,否,"同类 record 存在于 v1,v2,v3,v4,v5,v6,v7；本条仅存在于 v1,v2,v4；占比 42.9%",两当县：大饥，人相食。——《两当县新志》（道光二十二年），转引自《西北灾荒史》第1595页。,两当县：大饥，人相食。——《两当县新志》（道光二十二年），转引自《西北灾荒史》第1595页。,,甘肃，两当县：大饥，人相食。——《两当县新志》（道光二十二年），转引自《西北灾荒史》第1595页。,,,
1439,甘肃,,两当县,1439|甘肃|两当,明英宗正统四年,无,《两当县新志》转引《西北灾荒史》,无,需进一步分析,"v3,v7","v3,v7",2,0.2857,否,"同类 record 存在于 v1,v2,v3,v4,v5,v6,v7；本条仅存在于 v3,v7；占比 28.6%",,,甘肃：两当县：大饥，人相食。——《两当县新志》（道光二十二年），转引自《西北灾荒史》第1595页。,,,,甘肃：两当县：大饥，人相食。——《两当县新志》（道光二十二年），转引自《西北灾荒史》第1595页。
1439,甘肃,,两当县,1439|甘肃|两当,明英宗正统四年,无,两当县新志转引西北灾荒史,无,需进一步分析,v5,v5,1,0.1429,否,"同类 record 存在于 v1,v2,v3,v4,v5,v6,v7；本条仅存在于 v5；占比 14.3%",,,,,两当县：大饥，人相食。——《两当县新志》（道光二十二年），转引自《西北灾荒史》第1595页。,,
1439,甘肃,,两当县,1439|甘肃|两当,明英宗正统四年,无,两当县新志转引西北灾荒史,无,需进一步分析,v6,v6,1,0.1429,否,"同类 record 存在于 v1,v2,v3,v4,v5,v6,v7；本条仅存在于 v6；占比 14.3%",,,,,,甘肃：两当县：大饥，人相食。——《两当县新志》（道光二十二年），转引自《西北灾荒史》第1595页。,
1440,江苏,,宝应县,1440|江苏|宝应,明英宗正统五年,无,《宝应县志》,无,保留,"v1,v5,v6,v7","v1,v5,v6,v7",4,0.5714,是,,宝应县：江淮大饥，人相食。天子遣户部主事何来学振济，慕民出粟一千石者，复其家。——民国《宝应县志》卷五蠲赈,,,,宝应县：江淮大饥，人相食。天子遣户部主事何来学振济，慕民出粟一千石者，复其家。——民国《宝应县志》卷五蠲赈,宝应县：江淮大饥，人相食。天子遣户部主事何来学振济，慕民出粟一千石者，复其家。——民国《宝应县志》卷五蠲赈,宝应县：江淮大饥，人相食。天子遣户部主事何来学振济，慕民出粟一千石者，复其家。——民国《宝应县志》卷五蠲赈
1440,江苏,,宝应县,1440|江苏|宝应,明英宗正统五年,无,《宝应县志》,无,保留,v2,v2,1,0.1429,是,,,江苏：宝应县：江淮大饥，人相食。天子遣户部主事何来学振济，慕民出粟一千石者，复其家。——民国《宝应县志》卷五蠲赈,,,,,
1440,江苏,,高邮县,1440|江苏|高邮,明英宗正统五年,无,《高邮州志》,无,保留,"v1,v5,v6,v7","v1,v5,v6,v7",4,0.5714,是,,高邮县：大饥，人相食。——隆庆《高邮州志》卷十二灾祥,,,,高邮县：大饥，人相食。——隆庆《高邮州志》卷十二灾祥,高邮县：大饥，人相食。——隆庆《高邮州志》卷十二灾祥,高邮县：大饥，人相食。——隆庆《高邮州志》卷十二灾祥
1440,江苏,,高邮县,1440|江苏|高邮,明英宗正统五年,无,《高邮州志》,无,保留,v2,v2,1,0.1429,是,,,江苏：高邮县：大饥，人相食。——隆庆《高邮州志》卷十二灾祥,,,,,
1440,江苏,,宝应县,1440|江苏|宝应,明英宗正统五年,无,宝应县志,无,保留,"v3,v4","v3,v4",2,0.2857,是,,,,宝应县：江淮大饥，人相食。天子遣户部主事何来学振济，慕民出粟一千石者，复其家。——民国《宝应县志》卷五蠲赈,宝应县：江淮大饥，人相食。天子遣户部主事何来学振济，慕民出粟一千石者，复其家。——民国《宝应县志》卷五蠲赈,,,
1440,江苏,,高邮县,1440|江苏|高邮,明英宗正统五年,无,高邮州志,无,保留,"v3,v4","v3,v4",2,0.2857,是,,,,高邮县：大饥，人相食。——隆庆《高邮州志》卷十二灾祥,高邮县：大饥，人相食。——隆庆《高邮州志》卷十二灾祥,,,
1450,山东,,德州,1450|山东|德,明代宗景泰元年,无,《德州志》,无,需校验地区信息,"v1,v3,v5,v6","v1,v3,v5,v6",4,0.5714,是,同年同省同来源同 record，但地区名存在近似异写或明显异体，需校验地区信息,德州市：大水。饥，人相食。——万历《德州志》卷十灾祥,,德州市：大水。饥，人相食。——万历《德州志》卷十灾祥,,德州市：大水。饥，人相食。——万历《德州志》卷十灾祥,德州市：大水。饥，人相食。——万历《德州志》卷十灾祥,
1450,山东,,德州市,1450|山东|德,明代宗景泰元年,无,《德州志》,无,需校验地区信息,"v2,v7","v2,v7",2,0.2857,是,同年同省同来源同 record，但地区名存在近似异写或明显异体，需校验地区信息,,山东：德州市：大水。饥，人相食。——万历《德州志》卷十灾祥,,,,,山东：德州市：大水。饥，人相食。——万历《德州志》卷十灾祥
1453,浙江,湖州,湖州,1453|浙江|湖|湖,明代宗景泰四年,无,《双林镇志》,无,保留,"v1,v2,v3,v4,v5,v6,v7","v1,v2,v3,v4,v5,v6,v7",7,1.0,是,,湖州市：夏秋大水，民相食。——同治《双林镇志》卷十九灾异,湖州市：夏秋大水，民相食。——同治《双林镇志》卷十九灾异,湖州市：夏秋大水，民相食。——同治《双林镇志》卷十九灾异,湖州市：夏秋大水，民相食。——同治《双林镇志》卷十九灾异,湖州市：夏秋大水，民相食。——同治《双林镇志》卷十九灾异,湖州市：夏秋大水，民相食。——同治《双林镇志》卷十九灾异,湖州市：夏秋大水，民相食。——同治《双林镇志》卷十九灾异
1453,江苏,常州,常州,1453|江苏|常|常,明代宗景泰四年,无,《常州府志》,无,保留,"v1,v2,v3,v4,v5,v6,v7","v1,v2,v3,v4,v5,v6,v7",7,1.0,是,,常州市：秋大旱，人相食。——康熙《常州府志》卷三祥异,常州市：秋大旱，人相食。——康熙《常州府志》卷三祥异,常州市：秋大旱，人相食。——康熙《常州府志》卷三祥异,常州市：秋大旱，人相食。——康熙《常州府志》卷三祥异,常州市：秋大旱，人相食。——康熙《常州府志》卷三祥异,常州市：秋大旱，人相食。——康熙《常州府志》卷三祥异,常州市：秋大旱，人相食。——康熙《常州府志》卷三祥异
1454,浙江,湖州市,,1454|浙江|湖,明代宗景泰五年,无,《乌程县志》,无,需校验地区信息,v6,v6,1,0.1429,是,同年同省同来源同 record，但地区名存在近似异写或明显异体，需校验地区信息,,,,,,浙江：湖州市：大水，民相食。——崇祯《乌程县志》卷四灾异,
1454,浙江,湖州,湖州市,1454|浙江|湖|湖,明代宗景泰五年,无,《乌程县志》,无,需校验地区信息,"v1,v2,v3,v5,v7","v1,v2,v3,v5,v7",5,0.7143,是,同年同省同来源同 record，但地区名存在近似异写或明显异体，需校验地区信息,湖州市：大水，民相食。——崇祯《乌程县志》卷四灾异,湖州市：大水，民相食。——崇祯《乌程县志》卷四灾异,浙江湖州市：大水，民相食。——崇祯《乌程县志》卷四灾异,,湖州市：大水，民相食。——崇祯《乌程县志》卷四灾异,,湖州市：大水，民相食。——崇祯《乌程县志》卷四灾异
1454,江苏,宜兴县,宜兴县,1454|江苏|宜兴|宜兴,明代宗景泰五年,无,《重修镇江府志》,无,保留,"v1,v2,v3,v5,v7","v1,v2,v3,v5,v7",5,0.7143,是,,宜兴县：夏大潦。秋大旱，人相食，抚按劝令富民出栗赈贷，视其多寡，旌赏有差。——万历《重修镇江府志》卷三十四祥异,宜兴县：夏大潦。秋大旱，人相食，抚按劝令富民出栗赈贷，视其多寡，旌赏有差。——万历《重修镇江府志》卷三十四祥异,宜兴县：夏大潦。秋大旱，人相食，抚按劝令富民出栗赈贷，视其多寡，旌赏有差。——万历《重修镇江府志》卷三十四祥异,,宜兴县：夏大潦。秋大旱，人相食，抚按劝令富民出栗赈贷，视其多寡，旌赏有差。——万历《重修镇江府志》卷三十四祥异,,宜兴县：夏大潦。秋大旱，人相食，抚按劝令富民出栗赈贷，视其多寡，旌赏有差。——万历《重修镇江府志》卷三十四祥异
1454,江苏,,宜兴县,1454|江苏|宜兴,明代宗景泰五年,无,《重修镇江府志》,无,保留,v6,v6,1,0.1429,是,,,,,,,江苏：宜兴县：夏大潦。秋大旱，人相食，抚按劝令富民出栗赈贷，视其多寡，旌赏有差。——万历《重修镇江府志》卷三十四祥异,
1454,浙江,,乌程县,1454|浙江|乌程,明代宗景泰五年,无,乌程县志,无,需进一步分析,v4,v4,1,0.1429,否,"同类 record 存在于 v1,v2,v3,v4,v5,v6,v7；本条仅存在于 v4；占比 14.3%",,,,湖州市：大水，民相食。,,,
1454,江苏,,宜兴县,1454|江苏|宜兴,明代宗景泰五年,无,重修镇江府志,无,需进一步分析,v4,v4,1,0.1429,否,"同类 record 存在于 v1,v2,v3,v4,v5,v6,v7；本条仅存在于 v4；占比 14.3%",,,,宜兴县：夏大潦。秋大旱，人相食，抚按劝令富民出栗赈贷，视其多寡，旌赏有差。,,,
1456,山东,,惠民县,1456|山东|惠民,明代宗景泰七年,无,《惠民县志》,无,保留,"v6,v7","v6,v7",2,0.2857,是,,,,,,,惠民县：大饥，人相食。——乾隆《惠民县志》卷四祥异,惠民县：大饥，人相食。——乾隆《惠民县志》卷四祥异
1456,山东,,惠民县,1456|山东|惠民,明代宗景泰七年,无,《惠民县志》,无,保留,"v1,v2,v3,v4,v5","v1,v2,v3,v4,v5",5,0.7143,是,,山东：惠民县：大饥，人相食。——乾隆《惠民县志》卷四祥异,山东：惠民县：大饥，人相食。——乾隆《惠民县志》卷四祥异,山东：惠民县：大饥，人相食。——乾隆《惠民县志》卷四祥异,山东：惠民县：大饥，人相食。——乾隆《惠民县志》卷四祥异,山东：惠民县：大饥，人相食。——乾隆《惠民县志》卷四祥异,,
1457,山东,济南,历城,1457|山东|济南|历城,明英宗天顺元年,无,《历乘》,无,保留,"v2,v3,v6","v2,v3,v6",3,0.4286,是,,,济南市：大水。饥，人相食。——崇祯《历乘》卷十三灾祥,济南市：大水。饥，人相食。——崇祯《历乘》卷十三灾祥,,,济南市：大水。饥，人相食。——崇祯《历乘》卷十三灾祥,
1457,山东,,平原县,1457|山东|平原,明英宗天顺元年,无,《平远县志》,无,保留,"v2,v3,v6","v2,v3,v6",3,0.4286,是,,,平原县：蝗，荐饥。发莹墓、斫道树殆尽，或父食其子。发太仓银以赈。——乾隆《平远县志》卷九灾祥,平原县：蝗，荐饥。发莹墓、斫道树殆尽，或父食其子。发太仓银以赈。——乾隆《平远县志》卷九灾祥,,,平原县：蝗，荐饥。发莹墓、斫道树殆尽，或父食其子。发太仓银以赈。——乾隆《平远县志》卷九灾祥,
1457,山东,德州,德县,1457|山东|德|德,明英宗天顺元年,无,《德县志》,无,保留,"v2,v3,v6","v2,v3,v6",3,0.4286,是,,,德州市：七月大雨，河与堤平。大饥，人相食。——民国《德县志》卷二纪事,德州市：七月大雨，河与堤平。大饥，人相食。——民国《德县志》卷二纪事,,,德州市：七月大雨，河与堤平。大饥，人相食。——民国《德县志》卷二纪事,
1457,山东,,临邑县,1457|山东|临邑,明英宗天顺元年,无,《德平县志》,无,保留,"v2,v3,v6","v2,v3,v6",3,0.4286,是,,,临邑县：大潦，人相食。——康熙《德平县志》卷三灾祥,临邑县：大潦，人相食。——康熙《德平县志》卷三灾祥,,,临邑县：大潦，人相食。——康熙《德平县志》卷三灾祥,
1457,山东,,禹城县,1457|山东|禹城,明英宗天顺元年,无,《禹城县志》,无,保留,"v2,v3,v6","v2,v3,v6",3,0.4286,是,,,禹城县：大雨阅月，禾伤尽。大饥，父子相食。——嘉庆《禹城县志》卷十一灾祥,禹城县：大雨阅月，禾伤尽。大饥，父子相食。——嘉庆《禹城县志》卷十一灾祥,,,禹城县：大雨阅月，禾伤尽。大饥，父子相食。——嘉庆《禹城县志》卷十一灾祥,
1457,山东,莱芜,莱芜,1457|山东|莱芜|莱芜,明英宗天顺元年,无,《莱芜县志》,无,保留,"v2,v3,v6","v2,v3,v6",3,0.4286,是,,,莱芜市：饥，人相食。——光绪《莱芜县志》卷二灾祥,莱芜市：饥，人相食。——光绪《莱芜县志》卷二灾祥,,,莱芜市：饥，人相食。——光绪《莱芜县志》卷二灾祥,
1457,山东,,邹平县,1457|山东|邹平,明英宗天顺元年,无,《长山县志》,无,保留,"v2,v3,v6","v2,v3,v6",3,0.4286,是,,,邹平县：三月大水。饥，人相食，发太仓银分赈。——康熙五十五年《长山县志》卷七灾祥,邹平县：三月大水。饥，人相食，发太仓银分赈。——康熙五十五年《长山县志》卷七灾祥,,,邹平县：三月大水。饥，人相食，发太仓银分赈。——康熙五十五年《长山县志》卷七灾祥,
1457,山东,,平原,1457|山东|平原,明英宗天顺元年,无,乾隆平远县志,无,需进一步分析,"v4,v7","v4,v7",2,0.3333,否,"同类 record 存在于 v2,v3,v4,v5,v6,v7；本条仅存在于 v4,v7；占比 33.3%",,,,平原县：蝗，荐饥。发莹墓、斫道树殆尽，或父食其子。发太仓银以赈。——乾隆《平远县志》卷九灾祥,,,平原县：蝗，荐饥。发莹墓、斫道树殆尽，或父食其子。发太仓银以赈。——乾隆《平远县志》卷九灾祥
1457,山东,莱芜,莱芜市,1457|山东|莱芜|莱芜,明英宗天顺元年,无,光绪莱芜县志,无,需进一步分析,"v4,v7","v4,v7",2,0.3333,否,"同类 record 存在于 v2,v3,v4,v5,v6,v7；本条仅存在于 v4,v7；占比 33.3%",,,,莱芜市：饥，人相食。——光绪《莱芜县志》卷二灾祥,,,莱芜市：饥，人相食。——光绪《莱芜县志》卷二灾祥
1457,山东,,济南,1457|山东|济南,明英宗天顺元年,无,历乘,无,保留,v5,v5,1,0.1429,是,,,,,,济南市：大水。饥，人相食。——崇祯《历乘》卷十三灾祥,,
1457,山东,,禹城,1457|山东|禹城,明英宗天顺元年,无,嘉庆禹城县志,无,需进一步分析,"v4,v7","v4,v7",2,0.3333,否,"同类 record 存在于 v2,v3,v4,v5,v6,v7；本条仅存在于 v4,v7；占比 33.3%",,,,禹城县：大雨阅月，禾伤尽。大饥，父子相食。——嘉庆《禹城县志》卷十一灾祥,,,禹城县：大雨阅月，禾伤尽。大饥，父子相食。——嘉庆《禹城县志》卷十一灾祥
1457,山东,济南,济南市,1457|山东|济南|济南,明英宗天顺元年,无,崇祯历乘,无,需进一步分析,"v4,v7","v4,v7",2,0.3333,否,"同类 record 存在于 v2,v3,v4,v5,v6,v7；本条仅存在于 v4,v7；占比 33.3%",,,,济南市：大水。饥，人相食。——崇祯《历乘》卷十三灾祥,,,济南市：大水。饥，人相食。——崇祯《历乘》卷十三灾祥
1457,山东,,平原,1457|山东|平原,明英宗天顺元年,无,平远县志,无,保留,v5,v5,1,0.1429,是,,,,,,平原县：蝗，荐饥。发莹墓、斫道树殆尽，或父食其子。发太仓银以赈。——乾隆《平远县志》卷九灾祥,,
1457,山东,,临邑,1457|山东|临邑,明英宗天顺元年,无,康熙德平县志,无,需进一步分析,"v4,v7","v4,v7",2,0.3333,否,"同类 record 存在于 v2,v3,v4,v5,v6,v7；本条仅存在于 v4,v7；占比 33.3%",,,,临邑县：大潦，人相食。——康熙《德平县志》卷三灾祥,,,临邑县：大潦，人相食。——康熙《德平县志》卷三灾祥
1457,山东,,邹平,1457|山东|邹平,明英宗天顺元年,无,康熙长山县志,无,需进一步分析,"v4,v7","v4,v7",2,0.3333,否,"同类 record 存在于 v2,v3,v4,v5,v6,v7；本条仅存在于 v4,v7；占比 33.3%",,,,邹平县：三月大水。饥，人相食，发太仓银分赈。——康熙五十五年《长山县志》卷七灾祥,,,邹平县：三月大水。饥，人相食，发太仓银分赈。——康熙五十五年《长山县志》卷七灾祥
1457,山东,,德州,1457|山东|德,明英宗天顺元年,无,德县志,无,保留,v5,v5,1,0.1429,是,,,,,,德州市：七月大雨，河与堤平。大饥，人相食。——民国《德县志》卷二纪事,,
1457,山东,,临邑,1457|山东|临邑,明英宗天顺元年,无,德平县志,无,保留,v5,v5,1,0.1429,是,,,,,,临邑县：大潦，人相食。——康熙《德平县志》卷三灾祥,,
1457,山东,德州,德县,1457|山东|德|德,明英宗天顺元年,无,民国德县志,无,需进一步分析,"v4,v7","v4,v7",2,0.3333,否,"同类 record 存在于 v2,v3,v4,v5,v6,v7；本条仅存在于 v4,v7；占比 33.3%",,,,德州市：七月大雨，河与堤平。大饥，人相食。——民国《德县志》卷二纪事,,,德州市：七月大雨，河与堤平。大饥，人相食。——民国《德县志》卷二纪事
1457,山东,,禹城,1457|山东|禹城,明英宗天顺元年,无,禹城县志,无,保留,v5,v5,1,0.1429,是,,,,,,禹城县：大雨阅月，禾伤尽。大饥，父子相食。——嘉庆《禹城县志》卷十一灾祥,,
1457,山东,,莱芜,1457|山东|莱芜,明英宗天顺元年,无,莱芜县志,无,保留,v5,v5,1,0.1429,是,,,,,,莱芜市：饥，人相食。——光绪《莱芜县志》卷二灾祥,,
1457,山东,,邹平,1457|山东|邹平,明英宗天顺元年,无,长山县志,无,保留,v5,v5,1,0.1429,是,,,,,,邹平县：三月大水。饥，人相食，发太仓银分赈。——康熙五十五年《长山县志》卷七灾祥,,
1458,湖北,武汉市,崇阳县,1458|湖北|武汉|崇阳,明英宗天顺二年,无,《崇阳县志》,无,保留,"v1,v2,v3,v4,v5,v6","v1,v2,v3,v4,v5,v6",6,0.8571,是,,崇阳县：大旱，自五月至九月不雨，人相食。——同治《崇阳县志》卷十二灾祥,崇阳县：大旱，自五月至九月不雨，人相食。——同治《崇阳县志》卷十二灾祥,崇阳县：大旱，自五月至九月不雨，人相食。——同治《崇阳县志》卷十二灾祥,崇阳县：大旱，自五月至九月不雨，人相食。——同治《崇阳县志》卷十二灾祥,崇阳县：大旱，自五月至九月不雨，人相食。——同治《崇阳县志》卷十二灾祥,崇阳县：大旱，自五月至九月不雨，人相食。——同治《崇阳县志》卷十二灾祥,
1458,湖北,武汉市,汉川县,1458|湖北|武汉|汉川,明英宗天顺二年,无,《汉川县志》,无,保留,"v1,v2,v3,v4,v5,v6","v1,v2,v3,v4,v5,v6",6,0.8571,是,,汉川县：大旱，自五月至九月不雨，人相食。——同治《汉川县志》卷十四祥禄,汉川县：大旱，自五月至九月不雨，人相食。——同治《汉川县志》卷十四祥禄,汉川县：大旱，自五月至九月不雨，人相食。——同治《汉川县志》卷十四祥禄,汉川县：大旱，自五月至九月不雨，人相食。——同治《汉川县志》卷十四祥禄,汉川县：大旱，自五月至九月不雨，人相食。——同治《汉川县志》卷十四祥禄,汉川县：大旱，自五月至九月不雨，人相食。——同治《汉川县志》卷十四祥禄,
1458,湖北,武汉市,汉阳县,1458|湖北|武汉|汉阳,明英宗天顺二年,无,《汉阳县志》,无,保留,"v1,v2,v3,v4,v5,v6","v1,v2,v3,v4,v5,v6",6,0.8571,是,,武汉市：大旱，人相食。——乾隆《汉阳县志》卷四祥异,武汉市：大旱，人相食。——乾隆《汉阳县志》卷四祥异,武汉市：大旱，人相食。——乾隆《汉阳县志》卷四祥异,武汉市：大旱，人相食。——乾隆《汉阳县志》卷四祥异,汉阳县：大旱，人相食。——乾隆《汉阳县志》卷四祥异,武汉市：大旱，人相食。——乾隆《汉阳县志》卷四祥异,
1458,湖北,武汉市,京山县,1458|湖北|武汉|京山,明英宗天顺二年,无,《湖北通志》,无,需校验地区信息,"v1,v3,v4,v5,v6","v1,v3,v4,v5,v6",5,0.7143,是,同年同省同来源同 record，但地区名存在近似异写或明显异体，需校验地区信息,武汉市等：武昌、汉阳、崇阳、汉川、京山自五月至九月不雨，人相食。——嘉庆《湖北通志》卷四十六祥异,,武汉市等：武昌、汉阳、崇阳、汉川、京山自五月至九月不雨，人相食。——嘉庆《湖北通志》卷四十六祥异,武汉市等：武昌、汉阳、崇阳、汉川、京山自五月至九月不雨，人相食。——嘉庆《湖北通志》卷四十六祥异,武汉市等：武昌、汉阳、崇阳、汉川、京山自五月至九月不雨，人相食。——嘉庆《湖北通志》卷四十六祥异,武汉市等：武昌、汉阳、崇阳、汉川、京山自五月至九月不雨，人相食。——嘉庆《湖北通志》卷四十六祥异,
1458,湖北,,崇阳,1458|湖北|崇阳,明英宗天顺二年,无,《湖北通志》,无,需校验地区信息,"v3,v4,v5,v6","v3,v4,v5,v6",4,0.5714,是,同年同省同来源同 record，但地区名存在近似异写或明显异体，需校验地区信息,,,武汉市等：武昌、汉阳、崇阳、汉川、京山自五月至九月不雨，人相食。——嘉庆《湖北通志》卷四十六祥异,武汉市等：武昌、汉阳、崇阳、汉川、京山自五月至九月不雨，人相食。——嘉庆《湖北通志》卷四十六祥异,武汉市等：武昌、汉阳、崇阳、汉川、京山自五月至九月不雨，人相食。——嘉庆《湖北通志》卷四十六祥异,武汉市等：武昌、汉阳、崇阳、汉川、京山自五月至九月不雨，人相食。——嘉庆《湖北通志》卷四十六祥异,
1458,湖北,武汉市,武昌县,1458|湖北|武汉|武昌,明英宗天顺二年,无,《湖北通志》,无,需校验地区信息,"v1,v3,v4,v5,v6","v1,v3,v4,v5,v6",5,0.7143,是,同年同省同来源同 record，但地区名存在近似异写或明显异体，需校验地区信息,武汉市等：武昌、汉阳、崇阳、汉川、京山自五月至九月不雨，人相食。——嘉庆《湖北通志》卷四十六祥异,,武汉市等：武昌、汉阳、崇阳、汉川、京山自五月至九月不雨，人相食。——嘉庆《湖北通志》卷四十六祥异,武汉市等：武昌、汉阳、崇阳、汉川、京山自五月至九月不雨，人相食。——嘉庆《湖北通志》卷四十六祥异,武汉市等：武昌、汉阳、崇阳、汉川、京山自五月至九月不雨，人相食。——嘉庆《湖北通志》卷四十六祥异,武汉市等：武昌、汉阳、崇阳、汉川、京山自五月至九月不雨，人相食。——嘉庆《湖北通志》卷四十六祥异,
1458,湖北,,汉川,1458|湖北|汉川,明英宗天顺二年,无,《湖北通志》,无,需校验地区信息,"v3,v4,v5,v6","v3,v4,v5,v6",4,0.5714,是,同年同省同来源同 record，但地区名存在近似异写或明显异体，需校验地区信息,,,武汉市等：武昌、汉阳、崇阳、汉川、京山自五月至九月不雨，人相食。——嘉庆《湖北通志》卷四十六祥异,武汉市等：武昌、汉阳、崇阳、汉川、京山自五月至九月不雨，人相食。——嘉庆《湖北通志》卷四十六祥异,武汉市等：武昌、汉阳、崇阳、汉川、京山自五月至九月不雨，人相食。——嘉庆《湖北通志》卷四十六祥异,武汉市等：武昌、汉阳、崇阳、汉川、京山自五月至九月不雨，人相食。——嘉庆《湖北通志》卷四十六祥异,
1458,湖北,,汉阳,1458|湖北|汉阳,明英宗天顺二年,无,《湖北通志》,无,需校验地区信息,"v3,v4,v5,v6","v3,v4,v5,v6",4,0.5714,是,同年同省同来源同 record，但地区名存在近似异写或明显异体，需校验地区信息,,,武汉市等：武昌、汉阳、崇阳、汉川、京山自五月至九月不雨，人相食。——嘉庆《湖北通志》卷四十六祥异,武汉市等：武昌、汉阳、崇阳、汉川、京山自五月至九月不雨，人相食。——嘉庆《湖北通志》卷四十六祥异,武汉市等：武昌、汉阳、崇阳、汉川、京山自五月至九月不雨，人相食。——嘉庆《湖北通志》卷四十六祥异,武汉市等：武昌、汉阳、崇阳、汉川、京山自五月至九月不雨，人相食。——嘉庆《湖北通志》卷四十六祥异,
1458,湖北,,京山,1458|湖北|京山,明英宗天顺二年,无,《湖北通志》,无,需校验地区信息,v2,v2,1,0.1429,是,同年同省同来源同 record，但地区名存在近似异写或明显异体，需校验地区信息,,湖北：武汉市等：武昌、汉阳、崇阳、汉川、京山自五月至九月不雨，人相食。——嘉庆《湖北通志》卷四十六祥异,,,,,
1458,湖北,,崇阳,1458|湖北|崇阳,明英宗天顺二年,无,《湖北通志》,无,需校验地区信息,v2,v2,1,0.1429,是,同年同省同来源同 record，但地区名存在近似异写或明显异体，需校验地区信息,,湖北：武汉市等：武昌、汉阳、崇阳、汉川、京山自五月至九月不雨，人相食。——嘉庆《湖北通志》卷四十六祥异,,,,,
1458,湖北,,武昌,1458|湖北|武昌,明英宗天顺二年,无,《湖北通志》,无,需校验地区信息,v2,v2,1,0.1429,是,同年同省同来源同 record，但地区名存在近似异写或明显异体，需校验地区信息,,湖北：武汉市等：武昌、汉阳、崇阳、汉川、京山自五月至九月不雨，人相食。——嘉庆《湖北通志》卷四十六祥异,,,,,
1458,湖北,,汉川,1458|湖北|汉川,明英宗天顺二年,无,《湖北通志》,无,需校验地区信息,v2,v2,1,0.1429,是,同年同省同来源同 record，但地区名存在近似异写或明显异体，需校验地区信息,,湖北：武汉市等：武昌、汉阳、崇阳、汉川、京山自五月至九月不雨，人相食。——嘉庆《湖北通志》卷四十六祥异,,,,,
1458,湖北,,汉阳,1458|湖北|汉阳,明英宗天顺二年,无,《湖北通志》,无,需校验地区信息,v2,v2,1,0.1429,是,同年同省同来源同 record，但地区名存在近似异写或明显异体，需校验地区信息,,湖北：武汉市等：武昌、汉阳、崇阳、汉川、京山自五月至九月不雨，人相食。——嘉庆《湖北通志》卷四十六祥异,,,,,
1458,湖北,,崇阳县,1458|湖北|崇阳,明英宗天顺二年,无,崇阳县志,无,保留,v7,v7,1,0.1429,是,,,,,,,,崇阳县：大旱，自五月至九月不雨，人相食。——同治《崇阳县志》卷十二灾祥
1458,湖北,,汉川县,1458|湖北|汉川,明英宗天顺二年,无,汉川县志,无,保留,v7,v7,1,0.1429,是,,,,,,,,汉川县：大旱，自五月至九月不雨，人相食。——同治《汉川县志》卷十四祥禄
1458,湖北,武汉,汉阳县,1458|湖北|武汉|汉阳,明英宗天顺二年,无,汉阳县志,无,保留,v7,v7,1,0.1429,是,,,,,,,,武汉市：大旱，人相食。——乾隆《汉阳县志》卷四祥异
1458,湖北,,京山,1458|湖北|京山,明英宗天顺二年,无,湖北通志,无,需校验地区信息,v7,v7,1,0.1429,是,同年同省同来源同 record，但地区名存在近似异写或明显异体，需校验地区信息,,,,,,,武汉市等：武昌、汉阳、崇阳、汉川、京山自五月至九月不雨，人相食。——嘉庆《湖北通志》卷四十六祥异
1458,湖北,,崇阳,1458|湖北|崇阳,明英宗天顺二年,无,湖北通志,无,需校验地区信息,v7,v7,1,0.1429,是,同年同省同来源同 record，但地区名存在近似异写或明显异体，需校验地区信息,,,,,,,武汉市等：武昌、汉阳、崇阳、汉川、京山自五月至九月不雨，人相食。——嘉庆《湖北通志》卷四十六祥异
1458,湖北,武汉,武昌,1458|湖北|武汉|武昌,明英宗天顺二年,无,湖北通志,无,需校验地区信息,v7,v7,1,0.1429,是,同年同省同来源同 record，但地区名存在近似异写或明显异体，需校验地区信息,,,,,,,武汉市等：武昌、汉阳、崇阳、汉川、京山自五月至九月不雨，人相食。——嘉庆《湖北通志》卷四十六祥异
1458,湖北,,汉川,1458|湖北|汉川,明英宗天顺二年,无,湖北通志,无,需校验地区信息,v7,v7,1,0.1429,是,同年同省同来源同 record，但地区名存在近似异写或明显异体，需校验地区信息,,,,,,,武汉市等：武昌、汉阳、崇阳、汉川、京山自五月至九月不雨，人相食。——嘉庆《湖北通志》卷四十六祥异
1458,湖北,武汉,汉阳,1458|湖北|武汉|汉阳,明英宗天顺二年,无,湖北通志,无,需校验地区信息,v7,v7,1,0.1429,是,同年同省同来源同 record，但地区名存在近似异写或明显异体，需校验地区信息,,,,,,,武汉市等：武昌、汉阳、崇阳、汉川、京山自五月至九月不雨，人相食。——嘉庆《湖北通志》卷四十六祥异
1462,山西,,凤台县,1462|山西|凤台,明英宗天顺六年,无,《凤台县志》,古凤台县属泽州府，今晋城市，非今安徽淮南市凤台县,保留,v4,v4,1,0.1429,是,,,,,山西：晋城市：岁大饥，斗米千钱，民易子而食。——乾隆《凤台县志》卷十二纪事,,,
1462,山西,,凤台县,1462|山西|凤台,明英宗天顺六年,无,《凤台县志》,无,保留,v3,v3,1,0.1429,是,,,,山西：晋城市：岁大饥，斗米千钱，民易子而食。——乾隆《凤台县志》卷十二纪事（注：古凤台县属泽州府，今晋城市，非今安徽淮南市凤台县）,,,,
1462,山西,晋城市,凤台县,1462|山西|晋城|凤台,明英宗天顺六年,无,《凤台县志》,古凤台县属泽州府，今晋城市，非今安徽淮南市凤台县,保留,"v1,v2,v5,v7","v1,v2,v5,v7",4,0.5714,是,,晋城市：岁大饥，斗米千钱，民易子而食。——乾隆《凤台县志》卷十二纪事,晋城市：岁大饥，斗米千钱，民易子而食。——乾隆《凤台县志》卷十二纪事,,,晋城市：岁大饥，斗米千钱，民易子而食。——乾隆《凤台县志》卷十二纪事,,晋城市：岁大饥，斗米千钱，民易子而食。——乾隆《凤台县志》卷十二纪事
1462,山西,,凤台县,1462|山西|凤台,明英宗天顺六年,无,《凤台县志》,古凤台县属泽州府，今晋城市,保留,v6,v6,1,0.1429,是,,,,,,,晋城市：岁大饥，斗米千钱，民易子而食。——乾隆《凤台县志》卷十二纪事（注：古凤台县属泽州府，今晋城市，非今安徽淮南市凤台县）,
1462,山西,,高平县,1462|山西|高平,明英宗天顺六年,无,《高平县志》,无,保留,"v1,v2,v3,v4,v5,v6,v7","v1,v2,v3,v4,v5,v6,v7",7,1.0,是,,高平县：岁大饥，都粟至千钱，官仓民积百无一存，少壮搏老稚以为食，甚且有易子而食者。——顺治《高平县志》卷九祥异,高平县：岁大饥，都粟至千钱，官仓民积百无一存，少壮搏老稚以为食，甚且有易子而食者。——顺治《高平县志》卷九祥异,山西高平县：岁大饥，都粟至千钱，官仓民积百无一存，少壮搏老稚以为食，甚且有易子而食者。——顺治《高平县志》卷九祥异,高平县：岁大饥，都粟至千钱，官仓民积百无一存，少壮搏老稚以为食，甚且有易子而食者。——顺治《高平县志》卷九祥异,高平县：岁大饥，都粟至千钱，官仓民积百无一存，少壮搏老稚以为食，甚且有易子而食者。——顺治《高平县志》卷九祥异,高平县：岁大饥，都粟至千钱，官仓民积百无一存，少壮搏老稚以为食，甚且有易子而食者。——顺治《高平县志》卷九祥异,高平县：岁大饥，都粟至千钱，官仓民积百无一存，少壮搏老稚以为食，甚且有易子而食者。——顺治《高平县志》卷九祥异
1464,陕西,,山阳县,1464|陕西|山阳,明英宗天顺八年,无,《山阳县初志》,无,保留,"v1,v2,v3,v4,v7","v1,v2,v3,v4,v7",5,0.7143,是,,山阳县：大饥，人相食。——康熙《山阳县初志》卷二灾祥,山阳县：大饥，人相食。——康熙《山阳县初志》卷二灾祥,山阳县：大饥，人相食。——康熙《山阳县初志》卷二灾祥,山阳县：大饥，人相食。——康熙《山阳县初志》卷二灾祥,,,山阳县：大饥，人相食。——康熙《山阳县初志》卷二灾祥
1464,安徽,,怀远县,1464|安徽|怀远,明英宗天顺八年,无,《怀远县志》,无,保留,"v1,v2,v3,v4,v7","v1,v2,v3,v4,v7",5,0.7143,是,,怀远县：大饥，人相食。——雍正《怀远县志》卷八灾异,怀远县：大饥，人相食。——雍正《怀远县志》卷八灾异,怀远县：大饥，人相食。——雍正《怀远县志》卷八灾异,怀远县：大饥，人相食。——雍正《怀远县志》卷八灾异,,,怀远县：大饥，人相食。——雍正《怀远县志》卷八灾异
1464,陕西,,商县,1464|陕西|商,明英宗天顺八年,无,《直隶商州志》,无,保留,"v1,v2,v3,v4,v7","v1,v2,v3,v4,v7",5,0.7143,是,,商县：大饥，人相食。——乾隆《直隶商州志》卷十四灾祥,商县：大饥，人相食。——乾隆《直隶商州志》卷十四灾祥,商县：大饥，人相食。——乾隆《直隶商州志》卷十四灾祥,商县：大饥，人相食。——乾隆《直隶商州志》卷十四灾祥,,,商县：大饥，人相食。——乾隆《直隶商州志》卷十四灾祥
1464,陕西,,洛南县,1464|陕西|洛南,明英宗天顺八年,无,《雒南县志》,无,保留,"v1,v2,v3,v4,v7","v1,v2,v3,v4,v7",5,0.7143,是,,洛南县：大饥，人相食。——康熙《雒南县志》卷七灾祥,洛南县：大饥，人相食。——康熙《雒南县志》卷七灾祥,洛南县：大饥，人相食。——康熙《雒南县志》卷七灾祥,洛南县：大饥，人相食。——康熙《雒南县志》卷七灾祥,,,洛南县：大饥，人相食。——康熙《雒南县志》卷七灾祥
1464,陕西,,山阳县,1464|陕西|山阳,明英宗天顺八年,无,山阳县初志,无,保留,v6,v6,1,0.1429,是,,,,,,,陕西山阳县：大饥，人相食。——康熙《山阳县初志》卷二灾祥,
1464,安徽,,怀远县,1464|安徽|怀远,明英宗天顺八年,无,怀远县志,无,保留,v6,v6,1,0.1429,是,,,,,,,安徽怀远县：大饥，人相食。——雍正《怀远县志》卷八灾异,
1464,陕西,,商县,1464|陕西|商,明英宗天顺八年,无,直隶商州志,无,保留,v6,v6,1,0.1429,是,,,,,,,陕西商县：大饥，人相食。——乾隆《直隶商州志》卷十四灾祥,
1464,陕西,,洛南县,1464|陕西|洛南,明英宗天顺八年,无,雒南县志,无,保留,v6,v6,1,0.1429,是,,,,,,,陕西洛南县：大饥，人相食。——康熙《雒南县志》卷七灾祥,
1466,江苏,南京,上元,1466|江苏|南京|上元,明宪宗成化二年,无,《上元县志》,无,保留,"v1,v2,v5,v6,v7","v1,v2,v5,v6,v7",5,0.7143,是,,南京市：四月，上元等县饥，民相食，命户部赈之。——康熙《上元县志》卷十三 五行,南京市：四月，上元等县饥，民相食，命户部赈之。——康熙《上元县志》卷十三 五行,,,南京市：四月，上元等县饥，民相食，命户部赈之。——康熙《上元县志》卷十三 五行,南京市：四月，上元等县饥，民相食，命户部赈之。——康熙《上元县志》卷十三 五行,南京市：四月，上元等县饥，民相食，命户部赈之。——康熙《上元县志》卷十三 五行
1466,山西,运城市,临猗县,1466|山西|运城|临猗,明宪宗成化二年,无,《临晋县志》,无,保留,"v1,v2,v5,v6,v7","v1,v2,v5,v6,v7",5,0.7143,是,,临猗县：大饥，人相食。次年六月始雨。——民国《临晋县志》卷十四旧闻,临猗县：大饥，人相食。次年六月始雨。——民国《临晋县志》卷十四旧闻,,,临猗县：大饥，人相食。次年六月始雨。——民国《临晋县志》卷十四旧闻,临猗县：大饥，人相食。次年六月始雨。——民国《临晋县志》卷十四旧闻,临猗县：大饥，人相食。次年六月始雨。——民国《临晋县志》卷十四旧闻
1466,甘肃,临夏州,临夏,1466|甘肃|临夏|临夏,明宪宗成化二年,河州,《临洮府志》,无,需校验地区信息,"v1,v2","v1,v2",2,0.2857,是,同年同省同来源同 record，但地区名存在近似异写或明显异体，需校验地区信息,临洮县等：四月，狄道、金兰、渭源、河州大旱，人相食。——万历《临洮府志》卷二十二祥异,临洮县等：四月，狄道、金兰、渭源、河州大旱，人相食。——万历《临洮府志》卷二十二祥异,,,,,
1466,甘肃,定西市,临洮,1466|甘肃|定西|临洮,明宪宗成化二年,狄道,《临洮府志》,无,需校验地区信息,"v1,v2","v1,v2",2,0.2857,是,同年同省同来源同 record，但地区名存在近似异写或明显异体，需校验地区信息,临洮县等：四月，狄道、金兰、渭源、河州大旱，人相食。——万历《临洮府志》卷二十二祥异,临洮县等：四月，狄道、金兰、渭源、河州大旱，人相食。——万历《临洮府志》卷二十二祥异,,,,,
1466,甘肃,,河州,1466|甘肃|河,明宪宗成化二年,无,《临洮府志》,无,需校验地区信息,"v5,v6,v7","v5,v6,v7",3,0.4286,是,同年同省同来源同 record，但地区名存在近似异写或明显异体，需校验地区信息,,,,,临洮县等：四月，狄道、金兰、渭源、河州大旱，人相食。——万历《临洮府志》卷二十二祥异,临洮县等：四月，狄道、金兰、渭源、河州大旱，人相食。——万历《临洮府志》卷二十二祥异,临洮县等：四月，狄道、金兰、渭源、河州大旱，人相食。——万历《临洮府志》卷二十二祥异
1466,甘肃,定西市,渭源,1466|甘肃|定西|渭源,明宪宗成化二年,无,《临洮府志》,无,需校验地区信息,"v1,v2,v5,v6,v7","v1,v2,v5,v6,v7",5,0.7143,是,同年同省同来源同 record，但地区名存在近似异写或明显异体，需校验地区信息,临洮县等：四月，狄道、金兰、渭源、河州大旱，人相食。——万历《临洮府志》卷二十二祥异,临洮县等：四月，狄道、金兰、渭源、河州大旱，人相食。——万历《临洮府志》卷二十二祥异,,,临洮县等：四月，狄道、金兰、渭源、河州大旱，人相食。——万历《临洮府志》卷二十二祥异,临洮县等：四月，狄道、金兰、渭源、河州大旱，人相食。——万历《临洮府志》卷二十二祥异,临洮县等：四月，狄道、金兰、渭源、河州大旱，人相食。——万历《临洮府志》卷二十二祥异
1466,甘肃,,狄道,1466|甘肃|狄道,明宪宗成化二年,无,《临洮府志》,无,需校验地区信息,"v5,v6,v7","v5,v6,v7",3,0.4286,是,同年同省同来源同 record，但地区名存在近似异写或明显异体，需校验地区信息,,,,,临洮县等：四月，狄道、金兰、渭源、河州大旱，人相食。——万历《临洮府志》卷二十二祥异,临洮县等：四月，狄道、金兰、渭源、河州大旱，人相食。——万历《临洮府志》卷二十二祥异,临洮县等：四月，狄道、金兰、渭源、河州大旱，人相食。——万历《临洮府志》卷二十二祥异
1466,甘肃,,金兰,1466|甘肃|金兰,明宪宗成化二年,金兰,《临洮府志》,无,需校验地区信息,"v1,v5,v6,v7","v1,v5,v6,v7",4,0.5714,是,同年同省同来源同 record，但地区名存在近似异写或明显异体，需校验地区信息,临洮县等：四月，狄道、金兰、渭源、河州大旱，人相食。——万历《临洮府志》卷二十二祥异,,,,临洮县等：四月，狄道、金兰、渭源、河州大旱，人相食。——万历《临洮府志》卷二十二祥异,临洮县等：四月，狄道、金兰、渭源、河州大旱，人相食。——万历《临洮府志》卷二十二祥异,临洮县等：四月，狄道、金兰、渭源、河州大旱，人相食。——万历《临洮府志》卷二十二祥异
1466,山西,忻州市,代县,1466|山西|忻|代,明宪宗成化二年,代州,《太原府志》,代州为推测，原文为古代地名代州,保留,"v1,v2,v5,v6,v7","v1,v2,v5,v6,v7",5,0.7143,是,,代县：代州十月大雪，人相食。——万历《太原府志》卷二十六灾祥,代县：代州十月大雪，人相食。——万历《太原府志》卷二十六灾祥,,,代县：代州十月大雪，人相食。——万历《太原府志》卷二十六灾祥,代县：代州十月大雪，人相食。——万历《太原府志》卷二十六灾祥,代县：代州十月大雪，人相食。——万历《太原府志》卷二十六灾祥
1466,山西,阳泉市,孟县,1466|山西|阳泉|孟,明宪宗成化二年,无,《孟县志》,无,保留,"v1,v2,v5,v6,v7","v1,v2,v5,v6,v7",5,0.7143,是,,孟县：岁大凶，人相食。赈饥。——乾隆《孟县志》卷二欵祥,孟县：岁大凶，人相食。赈饥。——乾隆《孟县志》卷二欵祥,,,孟县：岁大凶，人相食。赈饥。——乾隆《孟县志》卷二欵祥,孟县：岁大凶，人相食。赈饥。——乾隆《孟县志》卷二欵祥,孟县：岁大凶，人相食。赈饥。——乾隆《孟县志》卷二欵祥
1466,安徽,安庆,安庆府,1466|安徽|安庆|安庆府,明宪宗成化二年,无,《安庆府志》,无,保留,"v1,v5,v6,v7","v1,v5,v6,v7",4,0.5714,是,,安庆市：旱，大饥，江淮人相食。——康熙二十二年《安庆府志》卷十四祥异,,,,安庆市：旱，大饥，江淮人相食。——康熙二十二年《安庆府志》卷十四祥异,安庆市：旱，大饥，江淮人相食。——康熙二十二年《安庆府志》卷十四祥异,安庆市：旱，大饥，江淮人相食。——康熙二十二年《安庆府志》卷十四祥异
1466,安徽,安庆市,,1466|安徽|安庆,明宪宗成化二年,无,《安庆府志》,江淮为泛指地域，非具体县名，故county填无,保留,v2,v2,1,0.1429,是,,,安徽：安庆市：旱，大饥，江淮人相食。——康熙二十二年《安庆府志》卷十四祥异,,,,,
1466,河南,,永城,1466|河南|永城,明宪宗成化二年,无,《永城县志》,无,保留,"v1,v2,v5,v6,v7","v1,v2,v5,v6,v7",5,0.7143,是,,永城县：大饥，人相食。诏免全租，仍发谷赈之。——嘉靖《永城县志》卷四灾祥,永城县：大饥，人相食。诏免全租，仍发谷赈之。——嘉靖《永城县志》卷四灾祥,,,永城县：大饥，人相食。诏免全租，仍发谷赈之。——嘉靖《永城县志》卷四灾祥,永城县：大饥，人相食。诏免全租，仍发谷赈之。——嘉靖《永城县志》卷四灾祥,永城县：大饥，人相食。诏免全租，仍发谷赈之。——嘉靖《永城县志》卷四灾祥
1466,甘肃,临夏州,临夏,1466|甘肃|临夏|临夏,明宪宗成化二年,河州,《河州志》,无,保留,"v1,v2,v5,v6,v7","v1,v2,v5,v6,v7",5,0.7143,是,,临夏县：四月，大旱，饥，人相食。——嘉靖《河州志》卷一灾异,临夏县：四月，大旱，饥，人相食。——嘉靖《河州志》卷一灾异,,,临夏县：四月，大旱，饥，人相食。——嘉靖《河州志》卷一灾异,临夏县：四月，大旱，饥，人相食。——嘉靖《河州志》卷一灾异,临夏县：四月，大旱，饥，人相食。——嘉靖《河州志》卷一灾异
1466,河南,,虞城,1466|河南|虞城,明宪宗成化二年,无,《虞城县志》,无,保留,"v1,v2,v5,v6,v7","v1,v2,v5,v6,v7",5,0.7143,是,,虞城县：大饥，人相食。诏免租赈贷。——顺治《虞城县志》卷八灾祥,虞城县：大饥，人相食。诏免租赈贷。——顺治《虞城县志》卷八灾祥,,,虞城县：大饥，人相食。诏免租赈贷。——顺治《虞城县志》卷八灾祥,虞城县：大饥，人相食。诏免租赈贷。——顺治《虞城县志》卷八灾祥,虞城县：大饥，人相食。诏免租赈贷。——顺治《虞城县志》卷八灾祥
1466,河南,,夏邑,1466|河南|夏邑,明宪宗成化二年,无,《通许县志》,无,保留,"v1,v2,v5,v6,v7","v1,v2,v5,v6,v7",5,0.7143,是,,夏邑县：大饥，人相食。诏免全租，仍遣官赈贷。——嘉靖《通许县志》卷上祥异,夏邑县：大饥，人相食。诏免全租，仍遣官赈贷。——嘉靖《通许县志》卷上祥异,,,夏邑县：大饥，人相食。诏免全租，仍遣官赈贷。——嘉靖《通许县志》卷上祥异,夏邑县：大饥，人相食。诏免全租，仍遣官赈贷。——嘉靖《通许县志》卷上祥异,夏邑县：大饥，人相食。诏免全租，仍遣官赈贷。——嘉靖《通许县志》卷上祥异
1466,江苏,南京,上元,1466|江苏|南京|上元,明宪宗成化二年,无,上元县志,无,保留,"v3,v4","v3,v4",2,0.2857,是,,,,南京市：四月，上元等县饥，民相食，命户部赈之。——康熙《上元县志》卷十三 五行,南京市：四月，上元等县饥，民相食，命户部赈之。——康熙《上元县志》卷十三 五行,,,
1466,山西,,临猗县,1466|山西|临猗,明宪宗成化二年,临晋县,临晋县志,无,保留,"v3,v4","v3,v4",2,0.2857,是,,,,临猗县：大饥，人相食。次年六月始雨。——民国《临晋县志》卷十四旧闻,临猗县：大饥，人相食。次年六月始雨。——民国《临晋县志》卷十四旧闻,,,
1466,甘肃,,临夏县,1466|甘肃|临夏,明宪宗成化二年,河州,临洮府志,无,保留,v3,v3,1,0.1429,是,,,,临洮县等：四月，狄道、金兰、渭源、河州大旱，人相食。——万历《临洮府志》卷二十二祥异,,,,
1466,甘肃,,渭源,1466|甘肃|渭源,明宪宗成化二年,无,临洮府志,无,保留,v3,v3,1,0.1429,是,,,,临洮县等：四月，狄道、金兰、渭源、河州大旱，人相食。——万历《临洮府志》卷二十二祥异,,,,
1466,甘肃,,狄道,1466|甘肃|狄道,明宪宗成化二年,无,临洮府志,无,保留,v3,v3,1,0.1429,是,,,,临洮县等：四月，狄道、金兰、渭源、河州大旱，人相食。——万历《临洮府志》卷二十二祥异,,,,
1466,甘肃,,金兰,1466|甘肃|金兰,明宪宗成化二年,无,临洮府志,无,保留,v3,v3,1,0.1429,是,,,,临洮县等：四月，狄道、金兰、渭源、河州大旱，人相食。——万历《临洮府志》卷二十二祥异,,,,
1466,山西,,代县,1466|山西|代,明宪宗成化二年,代州,太原府志,无,保留,"v3,v4","v3,v4",2,0.2857,是,,,,代县：代州十月大雪，人相食。——万历《太原府志》卷二十六灾祥,代县：代州十月大雪，人相食。——万历《太原府志》卷二十六灾祥,,,
1466,山西,,孟县,1466|山西|孟,明宪宗成化二年,无,孟县志,无,保留,"v3,v4","v3,v4",2,0.2857,是,,,,孟县：岁大凶，人相食。赈饥。——乾隆《孟县志》卷二欵祥,孟县：岁大凶，人相食。赈饥。——乾隆《孟县志》卷二欵祥,,,
1466,安徽,安庆,,1466|安徽|安庆,明宪宗成化二年,无,安庆府志,无,保留,v4,v4,1,0.1429,是,,,,,安庆市：旱，大饥，江淮人相食。——康熙二十二年《安庆府志》卷十四祥异,,,
1466,河南,,永城县,1466|河南|永城,明宪宗成化二年,无,永城县志,无,保留,"v3,v4","v3,v4",2,0.2857,是,,,,永城县：大饥，人相食。诏免全租，仍发谷赈之。——嘉靖《永城县志》卷四灾祥,永城县：大饥，人相食。诏免全租，仍发谷赈之。——嘉靖《永城县志》卷四灾祥,,,
1466,甘肃,,临夏县,1466|甘肃|临夏,明宪宗成化二年,河州,河州志,无,保留,v3,v3,1,0.1429,是,,,,临夏县：四月，大旱，饥，人相食。——嘉靖《河州志》卷一灾异,,,,
1466,河南,,虞城县,1466|河南|虞城,明宪宗成化二年,无,虞城县志,无,保留,"v3,v4","v3,v4",2,0.2857,是,,,,虞城县：大饥，人相食。诏免租赈贷。——顺治《虞城县志》卷八灾祥,虞城县：大饥，人相食。诏免租赈贷。——顺治《虞城县志》卷八灾祥,,,
1466,河南,,夏邑县,1466|河南|夏邑,明宪宗成化二年,无,通许县志,source所列为通许县志，但内容记录夏邑县事，疑似记载错误或OCR错误,保留,"v3,v4","v3,v4",2,0.2857,是,,,,夏邑县：大饥，人相食。诏免全租，仍遣官赈贷。——嘉靖《通许县志》卷上祥异,夏邑县：大饥，人相食。诏免全租，仍遣官赈贷。——嘉靖《通许县志》卷上祥异,,,
1467,甘肃,,和政县,1467|甘肃|和政,明宪宗成化三年,无,《和政县志》转引《西北灾荒史》,无,需进一步分析,"v5,v7","v5,v7",2,0.2857,否,"同类 record 存在于 v1,v2,v3,v4,v5,v6,v7；本条仅存在于 v5,v7；占比 28.6%",,,,,甘肃：和政县：四月，大旱，饥，人相食。——《和政县志》（民国十九年），转引自《西北灾荒史》第397页。,,甘肃：和政县：四月，大旱，饥，人相食。——《和政县志》（民国十九年），转引自《西北灾荒史》第397页。
1467,甘肃,,和政县,1467|甘肃|和政,明宪宗成化三年,无,《和政县志》转引《西北灾荒史》,无,需进一步分析,"v1,v2,v4,v6","v1,v2,v4,v6",4,0.5714,否,"同类 record 存在于 v1,v2,v3,v4,v5,v6,v7；本条仅存在于 v1,v2,v4,v6；占比 57.1%",和政县：四月，大旱，饥，人相食。——《和政县志》（民国十九年），转引自《西北灾荒史》第397页。,和政县：四月，大旱，饥，人相食。——《和政县志》（民国十九年），转引自《西北灾荒史》第397页。,,和政县：四月，大旱，饥，人相食。——《和政县志》（民国十九年），转引自《西北灾荒史》第397页。,,和政县：四月，大旱，饥，人相食。——《和政县志》（民国十九年），转引自《西北灾荒史》第397页。,
1467,甘肃,,和政县,1467|甘肃|和政,明宪宗成化三年,无,和政县志转引西北灾荒史,无,需进一步分析,v3,v3,1,0.1429,否,"同类 record 存在于 v1,v2,v3,v4,v5,v6,v7；本条仅存在于 v3；占比 14.3%",,,甘肃：和政县：四月，大旱，饥，人相食。——《和政县志》（民国十九年），转引自《西北灾荒史》第397页。,,,,
1468,甘肃,临夏县,,1468|甘肃|临夏,明宪宗成化四年,河州,《甘肃新通志》,转引自《西北灾荒史》第398页；河州为推测，原文为古代地名河州,保留,v2,v2,1,0.1429,是,,,临夏县：夏四月，临洮府属河州大旱，饥，人相食。——《甘肃新通志》（宣统元年），转引自《西北灾荒史》第398页。,,,,,
1468,甘肃,,河州,1468|甘肃|河,明宪宗成化四年,河州,《甘肃新通志》转引《西北灾荒史》,无,需进一步分析,"v5,v7","v5,v7",2,0.2857,否,"同类 record 存在于 v1,v2,v3,v4,v5,v6,v7；本条仅存在于 v5,v7；占比 28.6%",,,,,临夏县：夏四月，临洮府属河州大旱，饥，人相食。——《甘肃新通志》（宣统元年），转引自《西北灾荒史》第398页。,,临夏县：夏四月，临洮府属河州大旱，饥，人相食。——《甘肃新通志》（宣统元年），转引自《西北灾荒史》第398页。
1468,甘肃,,临夏县,1468|甘肃|临夏,明宪宗成化四年,河州,《甘肃新通志》转引《西北灾荒史》,河州为推测，原文为古代地名河州；临夏县为现代地名，原文写作'临夏县'，可能为OCR错误或地名误写，实际应为河州,需进一步分析,"v1,v6","v1,v6",2,0.2857,否,"同类 record 存在于 v1,v2,v3,v4,v5,v6,v7；本条仅存在于 v1,v6；占比 28.6%",甘肃：临夏县：夏四月，临洮府属河州大旱，饥，人相食。——《甘肃新通志》（宣统元年），转引自《西北灾荒史》第398页。,,,,,甘肃：临夏县：夏四月，临洮府属河州大旱，饥，人相食。——《甘肃新通志》（宣统元年），转引自《西北灾荒史》第398页。,
1468,甘肃,,河州,1468|甘肃|河,明宪宗成化四年,河州,甘肃新通志转引西北灾荒史,无,需进一步分析,v3,v3,1,0.1429,否,"同类 record 存在于 v1,v2,v3,v4,v5,v6,v7；本条仅存在于 v3；占比 14.3%",,,临夏县：夏四月，临洮府属河州大旱，饥，人相食。——《甘肃新通志》（宣统元年），转引自《西北灾荒史》第398页。,,,,
1468,甘肃,,临夏县,1468|甘肃|临夏,明宪宗成化四年,河州,西北灾荒史,无,保留,v4,v4,1,0.1429,是,,,,,甘肃：临夏县：夏四月，临洮府属河州大旱，饥，人相食。——《甘肃新通志》（宣统元年），转引自《西北灾荒史》第398页。,,,
1471,山东,淄博市,淄川县,1471|山东|淄博|淄川,明宪宗成化七年,无,《淄川县志》,无,需校验地区信息,"v1,v5","v1,v5",2,0.2857,是,同年同省同来源同 record，但地区名存在近似异写或明显异体，需校验地区信息,山东：淄博市：八月，大饥，人相食。——万历《淄川县志》卷二十二灾祥,,,,山东：淄博市：八月，大饥，人相食。——万历《淄川县志》卷二十二灾祥,,
1471,山东,淄博市,淄川,1471|山东|淄博|淄川,明宪宗成化七年,无,《淄川县志》,无,需校验地区信息,"v2,v6,v7","v2,v6,v7",3,0.4286,是,同年同省同来源同 record，但地区名存在近似异写或明显异体，需校验地区信息,,淄博市：八月，大饥，人相食。——万历《淄川县志》卷二十二灾祥,,,,淄博市：八月，大饥，人相食。——万历《淄川县志》卷二十二灾祥,淄博市：八月，大饥，人相食。——万历《淄川县志》卷二十二灾祥
1472,山东,临邑县,临邑县,1472|山东|临邑|临邑,明宪宗成化八年,无,《临邑县志》,无,保留,"v1,v2,v3,v5,v6,v7","v1,v2,v3,v5,v6,v7",6,0.8571,是,,临邑县：大饥，人相食。——道光《临邑县志》卷十六纪祥,临邑县：大饥，人相食。——道光《临邑县志》卷十六纪祥,临邑县：大饥，人相食。——道光《临邑县志》卷十六纪祥,,临邑县：大饥，人相食。——道光《临邑县志》卷十六纪祥,临邑县：大饥，人相食。——道光《临邑县志》卷十六纪祥,临邑县：大饥，人相食。——道光《临邑县志》卷十六纪祥
1472,河北,内丘县,内丘县,1472|河北|内丘|内丘,明宪宗成化八年,无,《内邱县志》,无,保留,"v1,v2,v3,v5,v6,v7","v1,v2,v3,v5,v6,v7",6,0.8571,是,,内丘县：旱荒，人相食。——崇祯《内邱县志》变纪,内丘县：旱荒，人相食。——崇祯《内邱县志》变纪,内丘县：旱荒，人相食。——崇祯《内邱县志》变纪,,内丘县：旱荒，人相食。——崇祯《内邱县志》变纪,内丘县：旱荒，人相食。——崇祯《内邱县志》变纪,内丘县：旱荒，人相食。——崇祯《内邱县志》变纪
1472,山东,商河县,商河县,1472|山东|商河|商河,明宪宗成化八年,无,《华北、东北近五百年旱涝史料》,无,保留,"v1,v2,v3,v5,v6","v1,v2,v3,v5,v6",5,0.7143,是,,商河县：大饥，人相食。——《华北、东北近五百年旱涝史料》第三分册，第27页。,商河县：大饥，人相食。——《华北、东北近五百年旱涝史料》第三分册，第27页。,商河县：大饥，人相食。——《华北、东北近五百年旱涝史料》第三分册，第27页。,,商河县：大饥，人相食。——《华北、东北近五百年旱涝史料》第三分册，第27页。,商河县：大饥，人相食。——《华北、东北近五百年旱涝史料》第三分册，第27页。,
1472,山西,阳曲县,阳曲县,1472|山西|阳曲|阳曲,明宪宗成化八年,无,《太原府志》,无,保留,"v1,v2,v3,v5,v6,v7","v1,v2,v3,v5,v6,v7",6,0.8571,是,,阳曲县：正月，阳曲雨雹，伤禾。岁大饥，人相食。——乾隆《太原府志》卷四十九祥异,阳曲县：正月，阳曲雨雹，伤禾。岁大饥，人相食。——乾隆《太原府志》卷四十九祥异,阳曲县：正月，阳曲雨雹，伤禾。岁大饥，人相食。——乾隆《太原府志》卷四十九祥异,,阳曲县：正月，阳曲雨雹，伤禾。岁大饥，人相食。——乾隆《太原府志》卷四十九祥异,阳曲县：正月，阳曲雨雹，伤禾。岁大饥，人相食。——乾隆《太原府志》卷四十九祥异,阳曲县：正月，阳曲雨雹，伤禾。岁大饥，人相食。——乾隆《太原府志》卷四十九祥异
1472,山西,太谷县,太谷县,1472|山西|太谷|太谷,明宪宗成化八年,无,《太谷县志》,无,保留,"v1,v2,v3,v5,v6,v7","v1,v2,v3,v5,v6,v7",6,0.8571,是,,太谷县：雨雹损禾，大饥，人相食。——咸丰《太谷县志》卷二,太谷县：雨雹损禾，大饥，人相食。——咸丰《太谷县志》卷二,太谷县：雨雹损禾，大饥，人相食。——咸丰《太谷县志》卷二,,太谷县：雨雹损禾，大饥，人相食。——咸丰《太谷县志》卷二,太谷县：雨雹损禾，大饥，人相食。——咸丰《太谷县志》卷二,太谷县：雨雹损禾，大饥，人相食。——咸丰《太谷县志》卷二
1472,河北,沙河县,沙河县,1472|河北|沙河|沙河,明宪宗成化八年,无,《宣化县新志》,无,保留,"v1,v2,v3,v5,v6,v7","v1,v2,v3,v5,v6,v7",6,0.8571,是,,沙河县：大饥，人相食。——民国《宣化县新志》卷一祥异,沙河县：大饥，人相食。——民国《宣化县新志》卷一祥异,沙河县：大饥，人相食。——民国《宣化县新志》卷一祥异,,沙河县：大饥，人相食。——民国《宣化县新志》卷一祥异,沙河县：大饥，人相食。——民国《宣化县新志》卷一祥异,沙河县：大饥，人相食。——民国《宣化县新志》卷一祥异
1472,山西,寿阳县,寿阳县,1472|山西|寿阳|寿阳,明宪宗成化八年,无,《寿阳县志》,无,保留,"v1,v2,v3,v5,v6,v7","v1,v2,v3,v5,v6,v7",6,0.8571,是,,寿阳县：秋七月，雨雹，大饥，人相食。——乾隆《寿阳县志》卷八祥异,寿阳县：秋七月，雨雹，大饥，人相食。——乾隆《寿阳县志》卷八祥异,寿阳县：秋七月，雨雹，大饥，人相食。——乾隆《寿阳县志》卷八祥异,,寿阳县：秋七月，雨雹，大饥，人相食。——乾隆《寿阳县志》卷八祥异,寿阳县：秋七月，雨雹，大饥，人相食。——乾隆《寿阳县志》卷八祥异,寿阳县：秋七月，雨雹，大饥，人相食。——乾隆《寿阳县志》卷八祥异
1472,河北,平乡县,平乡县,1472|河北|平乡|平乡,明宪宗成化八年,无,《平乡县志》,无,保留,"v1,v2,v3,v5,v6,v7","v1,v2,v3,v5,v6,v7",6,0.8571,是,,平乡县：大饥，人相食。——乾隆《平乡县志》卷一灾祥,平乡县：大饥，人相食。——乾隆《平乡县志》卷一灾祥,平乡县：大饥，人相食。——乾隆《平乡县志》卷一灾祥,,平乡县：大饥，人相食。——乾隆《平乡县志》卷一灾祥,平乡县：大饥，人相食。——乾隆《平乡县志》卷一灾祥,平乡县：大饥，人相食。——乾隆《平乡县志》卷一灾祥
1472,河北,石家庄,平山县,1472|河北|石家庄|平山,明宪宗成化八年,无,《平山县志》,无,保留,"v1,v2,v3,v5,v6,v7","v1,v2,v3,v5,v6,v7",6,0.8571,是,,平山县：大饥，民流殍相食。——康熙《平山县志》卷一纪事,平山县：大饥，民流殍相食。——康熙《平山县志》卷一纪事,平山县：大饥，民流殍相食。——康熙《平山县志》卷一纪事,,平山县：大饥，民流殍相食。——康熙《平山县志》卷一纪事,平山县：大饥，民流殍相食。——康熙《平山县志》卷一纪事,平山县：大饥，民流殍相食。——康熙《平山县志》卷一纪事
1472,河北,广宗县,广宗县,1472|河北|广宗|广宗,明宪宗成化八年,无,《怀来县志》,无,保留,"v1,v2,v3,v5,v6,v7","v1,v2,v3,v5,v6,v7",6,0.8571,是,,广宗县：大饥，人相食。——光绪《怀来县志》卷八杂识,广宗县：大饥，人相食。——光绪《怀来县志》卷八杂识,广宗县：大饥，人相食。——光绪《怀来县志》卷八杂识,,广宗县：大饥，人相食。——光绪《怀来县志》卷八杂识,广宗县：大饥，人相食。——光绪《怀来县志》卷八杂识,广宗县：大饥，人相食。——光绪《怀来县志》卷八杂识
1472,山东,掖县,掖县,1472|山东|掖|掖,明宪宗成化八年,无,《掖县志》,无,保留,"v1,v2,v3,v5,v6,v7","v1,v2,v3,v5,v6,v7",6,0.8571,是,,掖县：大饥，人相食。——乾隆《掖县志》卷五祥异,掖县：大饥，人相食。——乾隆《掖县志》卷五祥异,掖县：大饥，人相食。——乾隆《掖县志》卷五祥异,,掖县：大饥，人相食。——乾隆《掖县志》卷五祥异,掖县：大饥，人相食。——乾隆《掖县志》卷五祥异,掖县：大饥，人相食。——乾隆《掖县志》卷五祥异
1472,山东,新泰市,新泰市,1472|山东|新泰|新泰,明宪宗成化八年,无,《新泰县志》,无,保留,"v1,v2,v3,v5,v6,v7","v1,v2,v3,v5,v6,v7",6,0.8571,是,,新泰市：人相食。——天启《新泰县志》卷八祥异,新泰市：人相食。——天启《新泰县志》卷八祥异,新泰市：人相食。——天启《新泰县志》卷八祥异,,新泰市：人相食。——天启《新泰县志》卷八祥异,新泰市：人相食。——天启《新泰县志》卷八祥异,新泰市：人相食。——天启《新泰县志》卷八祥异
1472,山东,昌邑县,昌邑县,1472|山东|昌邑|昌邑,明宪宗成化八年,无,《昌邑县志》,无,保留,"v1,v2,v3,v5,v6,v7","v1,v2,v3,v5,v6,v7",6,0.8571,是,,昌邑县：大饥，人相食。——康熙《昌邑县志》卷一祥异,昌邑县：大饥，人相食。——康熙《昌邑县志》卷一祥异,昌邑县：大饥，人相食。——康熙《昌邑县志》卷一祥异,,昌邑县：大饥，人相食。——康熙《昌邑县志》卷一祥异,昌邑县：大饥，人相食。——康熙《昌邑县志》卷一祥异,昌邑县：大饥，人相食。——康熙《昌邑县志》卷一祥异
1472,山西,晋中市,榆次市,1472|山西|晋中|榆次,明宪宗成化八年,无,《榆次县志》,无,保留,"v1,v2,v3,v5,v6,v7","v1,v2,v3,v5,v6,v7",6,0.8571,是,,榆次市：七月雨雹，伤禾稼，人相食。——万历《榆次县志》卷八灾祥,榆次市：七月雨雹，伤禾稼，人相食。——万历《榆次县志》卷八灾祥,榆次市：七月雨雹，伤禾稼，人相食。——万历《榆次县志》卷八灾祥,,榆次市：七月雨雹，伤禾稼，人相食。——万历《榆次县志》卷八灾祥,榆次市：七月雨雹，伤禾稼，人相食。——万历《榆次县志》卷八灾祥,榆次市：七月雨雹，伤禾稼，人相食。——万历《榆次县志》卷八灾祥
1472,山东,淄博市,淄博市,1472|山东|淄博|淄博,明宪宗成化八年,无,《淄川县志》,无,保留,"v1,v2,v3,v5,v6,v7","v1,v2,v3,v5,v6,v7",6,0.8571,是,,淄博市：大饥，人相食。——嘉靖《淄川县志》卷二祥异,淄博市：大饥，人相食。——嘉靖《淄川县志》卷二祥异,淄博市：大饥，人相食。——嘉靖《淄川县志》卷二祥异,,淄博市：大饥，人相食。——嘉靖《淄川县志》卷二祥异,淄博市：大饥，人相食。——嘉靖《淄川县志》卷二祥异,淄博市：大饥，人相食。——嘉靖《淄川县志》卷二祥异
1472,山东,潍坊市,潍坊市,1472|山东|潍坊|潍坊,明宪宗成化八年,无,《潍县志》,无,保留,"v1,v2,v3,v5,v6,v7","v1,v2,v3,v5,v6,v7",6,0.8571,是,,潍坊市：大饥，人相食。——康熙《潍县志》卷五祥异,潍坊市：大饥，人相食。——康熙《潍县志》卷五祥异,潍坊市：大饥，人相食。——康熙《潍县志》卷五祥异,,潍坊市：大饥，人相食。——康熙《潍县志》卷五祥异,潍坊市：大饥，人相食。——康熙《潍县志》卷五祥异,潍坊市：大饥，人相食。——康熙《潍县志》卷五祥异
1472,山西,祁县,祁县,1472|山西|祁|祁,明宪宗成化八年,无,《祁县志》,无,保留,"v1,v2,v3,v5,v6,v7","v1,v2,v3,v5,v6,v7",6,0.8571,是,,祁县：七月，雨雹伤禾，人相食。——乾隆《祁县志》卷十一,祁县：七月，雨雹伤禾，人相食。——乾隆《祁县志》卷十一,祁县：七月，雨雹伤禾，人相食。——乾隆《祁县志》卷十一,,祁县：七月，雨雹伤禾，人相食。——乾隆《祁县志》卷十一,祁县：七月，雨雹伤禾，人相食。——乾隆《祁县志》卷十一,祁县：七月，雨雹伤禾，人相食。——乾隆《祁县志》卷十一
1472,河北,邢台市,邢台市,1472|河北|邢台|邢台,明宪宗成化八年,无,《顺德府志》,无,保留,"v1,v2,v3,v5,v6,v7","v1,v2,v3,v5,v6,v7",6,0.8571,是,,邢台市：大饥，人相食。——乾隆《顺德府志》卷十六祥异,邢台市：大饥，人相食。——乾隆《顺德府志》卷十六祥异,邢台市：大饥，人相食。——乾隆《顺德府志》卷十六祥异,,邢台市：大饥，人相食。——乾隆《顺德府志》卷十六祥异,邢台市：大饥，人相食。——乾隆《顺德府志》卷十六祥异,邢台市：大饥，人相食。——乾隆《顺德府志》卷十六祥异
1472,山东,,临邑县,1472|山东|临邑,明宪宗成化八年,无,临邑县志,无,保留,v4,v4,1,0.1429,是,,,,,临邑县：大饥，人相食。——道光《临邑县志》卷十六纪祥,,,
1472,河北,,内丘县,1472|河北|内丘,明宪宗成化八年,无,内邱县志,无,保留,v4,v4,1,0.1429,是,,,,,内丘县：旱荒，人相食。——崇祯《内邱县志》变纪,,,
1472,山东,,商河县,1472|山东|商河,明宪宗成化八年,无,华北、东北近五百年旱涝史料,无,保留,"v4,v7","v4,v7",2,0.2857,是,,,,,商河县：大饥，人相食。——《华北、东北近五百年旱涝史料》第三分册，第27页。,,,商河县：大饥，人相食。——《华北、东北近五百年旱涝史料》第三分册，第27页。
1472,山西,,阳曲县,1472|山西|阳曲,明宪宗成化八年,无,太原府志,无,保留,v4,v4,1,0.1429,是,,,,,阳曲县：正月，阳曲雨雹，伤禾。岁大饥，人相食。——乾隆《太原府志》卷四十九祥异,,,
1472,山西,,太谷县,1472|山西|太谷,明宪宗成化八年,无,太谷县志,无,保留,v4,v4,1,0.1429,是,,,,,太谷县：雨雹损禾，大饥，人相食。——咸丰《太谷县志》卷二,,,
1472,河北,,沙河县,1472|河北|沙河,明宪宗成化八年,无,宣化县新志,疑似OCR错误：沙河县记载出自民国《宣化县新志》，宣化县与沙河县异地,保留,v4,v4,1,0.1429,是,,,,,沙河县：大饥，人相食。——民国《宣化县新志》卷一祥异,,,
1472,山西,,寿阳县,1472|山西|寿阳,明宪宗成化八年,无,寿阳县志,无,保留,v4,v4,1,0.1429,是,,,,,寿阳县：秋七月，雨雹，大饥，人相食。——乾隆《寿阳县志》卷八祥异,,,
1472,河北,,平乡县,1472|河北|平乡,明宪宗成化八年,无,平乡县志,无,保留,v4,v4,1,0.1429,是,,,,,平乡县：大饥，人相食。——乾隆《平乡县志》卷一灾祥,,,
1472,河北,,平山县,1472|河北|平山,明宪宗成化八年,无,平山县志,无,保留,v4,v4,1,0.1429,是,,,,,平山县：大饥，民流殍相食。——康熙《平山县志》卷一纪事,,,
1472,河北,,广宗县,1472|河北|广宗,明宪宗成化八年,无,怀来县志,疑似OCR错误：广宗县记载出自光绪《怀来县志》，怀来县与广宗县异地,保留,v4,v4,1,0.1429,是,,,,,广宗县：大饥，人相食。——光绪《怀来县志》卷八杂识,,,
1472,山东,,掖县,1472|山东|掖,明宪宗成化八年,无,掖县志,无,保留,v4,v4,1,0.1429,是,,,,,掖县：大饥，人相食。——乾隆《掖县志》卷五祥异,,,
1472,山东,新泰市,新泰市,1472|山东|新泰|新泰,明宪宗成化八年,无,新泰县志,无,保留,v4,v4,1,0.1429,是,,,,,新泰市：人相食。——天启《新泰县志》卷八祥异,,,
1472,山东,,昌邑县,1472|山东|昌邑,明宪宗成化八年,无,昌邑县志,无,保留,v4,v4,1,0.1429,是,,,,,昌邑县：大饥，人相食。——康熙《昌邑县志》卷一祥异,,,
1472,山西,榆次市,榆次市,1472|山西|榆次|榆次,明宪宗成化八年,无,榆次县志,无,保留,v4,v4,1,0.1429,是,,,,,榆次市：七月雨雹，伤禾稼，人相食。——万历《榆次县志》卷八灾祥,,,
1472,山东,淄博市,淄博市,1472|山东|淄博|淄博,明宪宗成化八年,无,淄川县志,无,保留,v4,v4,1,0.1429,是,,,,,淄博市：大饥，人相食。——嘉靖《淄川县志》卷二祥异,,,
1472,山东,潍坊市,潍坊市,1472|山东|潍坊|潍坊,明宪宗成化八年,无,潍县志,无,保留,v4,v4,1,0.1429,是,,,,,潍坊市：大饥，人相食。——康熙《潍县志》卷五祥异,,,
1472,山西,,祁县,1472|山西|祁,明宪宗成化八年,无,祁县志,无,保留,v4,v4,1,0.1429,是,,,,,祁县：七月，雨雹伤禾，人相食。——乾隆《祁县志》卷十一,,,
1472,河北,邢台市,邢台市,1472|河北|邢台|邢台,明宪宗成化八年,无,顺德府志,疑似OCR错误：来源为《顺德府志》，但顺德府志记载地应为邢台,保留,v4,v4,1,0.1429,是,,,,,邢台市：大饥，人相食。——乾隆《顺德府志》卷十六祥异,,,
1473,山东,,冠县,1473|山东|冠,明宪宗成化九年,无,《东昌府志》,无,保留,v2,v2,1,0.1429,是,,,山东：冠县：七月河决，饥甚，人相食。——乾隆《东昌府志》卷三总纪,,,,,
1473,山东,聊城市,冠,1473|山东|聊城|冠,明宪宗成化九年,无,《东昌府志》,无,保留,"v1,v3,v4,v5","v1,v3,v4,v5",4,0.5714,是,,冠县：七月河决，饥甚，人相食。——乾隆《东昌府志》卷三总纪,,冠县：七月河决，饥甚，人相食。——乾隆《东昌府志》卷三总纪,冠县：七月河决，饥甚，人相食。——乾隆《东昌府志》卷三总纪,冠县：七月河决，饥甚，人相食。——乾隆《东昌府志》卷三总纪,,
1473,山东,临沂市,临沂,1473|山东|临沂|临沂,明宪宗成化九年,无,《临沂县志》,无,保留,"v1,v3,v4,v5","v1,v3,v4,v5",4,0.5714,是,,临沂市：大饥馑，人相食。——民国《临沂县志》卷一通纪,,临沂市：大饥馑，人相食。——民国《临沂县志》卷一通纪,临沂市：大饥馑，人相食。——民国《临沂县志》卷一通纪,临沂市：大饥馑，人相食。——民国《临沂县志》卷一通纪,,
1473,山东,临沂,,1473|山东|临沂,明宪宗成化九年,无,《临沂县志》,无,保留,v2,v2,1,0.1429,是,,,山东：临沂市：大饥馑，人相食。——民国《临沂县志》卷一通纪,,,,,
1473,山东,淄博市,淄博,1473|山东|淄博|淄博,明宪宗成化九年,无,《华北、东北近五百年旱涝史料》,无,保留,"v1,v3,v4","v1,v3,v4",3,0.4286,是,,淄博市：大饥，人相食。——《华北、东北近五百年旱涝史料》，第三分册，第1页,,淄博市：大饥，人相食。——《华北、东北近五百年旱涝史料》，第三分册，第1页。,淄博市：大饥，人相食。——《华北、东北近五百年旱涝史料》，第三分册，第1页。,,,
1473,山东,济南,,1473|山东|济南,明宪宗成化九年,无,《华北、东北近五百年旱涝史料》,无,保留,v2,v2,1,0.1429,是,,,山东：济南市：八月旱蝗又大水，民大饥，人相食，民茹草木尽，免税粮发粟赈之。——《华北、东北近五百年旱涝史料》第三分册，第1页。,,,,,
1473,山东,淄博,,1473|山东|淄博,明宪宗成化九年,无,《华北、东北近五百年旱涝史料》,无,保留,v2,v2,1,0.1429,是,,,山东：淄博市：大饥，人相食。——《华北、东北近五百年旱涝史料》，第三分册，第1页。,,,,,
1473,山东,济南市,济南,1473|山东|济南|济南,明宪宗成化九年,无,《华北、东北近五百年旱涝史料》,无,保留,"v1,v3,v4,v5","v1,v3,v4,v5",4,0.5714,是,,济南市：八月旱蝗又大水，民大饥，人相食，民茹草木尽，免税粮发粟赈之。——《华北、东北近五百年旱涝史料》第三分册，第1页,,济南市：八月旱蝗又大水，民大饥，人相食，民茹草木尽，免税粮发粟赈之。——《华北、东北近五百年旱涝史料》第三分册，第1页。,济南市：八月旱蝗又大水，民大饥，人相食，民茹草木尽，免税粮发粟赈之。——《华北、东北近五百年旱涝史料》第三分册，第1页。,济南市：八月旱蝗又大水，民大饥，人相食，民茹草木尽，免税粮发粟赈之。——《华北、东北近五百年旱涝史料》第三分册，第1页。,,
1473,山东,淄博,,1473|山东|淄博,明宪宗成化九年,无,《华北、东北近五百年旱涝史料》,无,保留,v5,v5,1,0.1429,是,,,,,,济南市：八月旱蝗又大水，民大饥，人相食，民茹草木尽，免税粮发粟赈之。——《华北、东北近五百年旱涝史料》第三分册，第1页。,,
1473,山西,,榆次,1473|山西|榆次,明宪宗成化九年,无,《山西通志》,无,保留,v2,v2,1,0.1429,是,,,山西：榆次市等：七月，榆次，太谷，寿阳，祁县雨雹伤稼，人相食。——万历《山西通志》卷二十六灾祥,,,,,
1473,山西,榆次,榆次,1473|山西|榆次|榆次,明宪宗成化九年,无,《山西通志》,无,保留,"v1,v3,v4,v5","v1,v3,v4,v5",4,0.5714,是,,榆次市等：七月，榆次，太谷，寿阳，祁县雨雹伤稼，人相食。——万历《山西通志》卷二十六灾祥,,榆次市等：七月，榆次，太谷，寿阳，祁县雨雹伤稼，人相食。——万历《山西通志》卷二十六灾祥,榆次市等：七月，榆次，太谷，寿阳，祁县雨雹伤稼，人相食。——万历《山西通志》卷二十六灾祥,榆次市等：七月，榆次，太谷，寿阳，祁县雨雹伤稼，人相食。——万历《山西通志》卷二十六灾祥,,
1473,山东,德州市,德州,1473|山东|德|德,明宪宗成化九年,无,《德州志》,无,保留,"v1,v3,v4,v5","v1,v3,v4,v5",4,0.5714,是,,德州市：大饥，人相食。——乾隆《德州志》卷二纪事,,德州市：大饥，人相食。——乾隆《德州志》卷二纪事,德州市：大饥，人相食。——乾隆《德州志》卷二纪事,德州市：大饥，人相食。——乾隆《德州志》卷二纪事,,
1473,山东,德州,,1473|山东|德,明宪宗成化九年,无,《德州志》,无,保留,v2,v2,1,0.1429,是,,,山东：德州市：大饥，人相食。——乾隆《德州志》卷二纪事,,,,,
1473,山东,德州市,武城,1473|山东|德|武城,明宪宗成化九年,无,《恩县志》,无,保留,"v1,v3,v4,v5","v1,v3,v4,v5",4,0.5714,是,,武城县：饥甚，人相食。——嘉靖《恩县志》卷九灾祥,,武城县：饥甚，人相食。——嘉靖《恩县志》卷九灾祥,武城县：饥甚，人相食。——嘉靖《恩县志》卷九灾祥,武城县：饥甚，人相食。——嘉靖《恩县志》卷九灾祥,,
1473,山东,,武城,1473|山东|武城,明宪宗成化九年,无,《恩县志》,无,保留,v2,v2,1,0.1429,是,,,山东：武城县：饥甚，人相食。——嘉靖《恩县志》卷九灾祥,,,,,
1473,山东,淄博市,桓台,1473|山东|淄博|桓台,明宪宗成化九年,新城,《新城县志》,疑似OCR错误，原文'恒台县'应为'桓台县',保留,"v1,v3,v4,v5","v1,v3,v4,v5",4,0.5714,是,,恒台县：大饥，人相食。——崇祯《新城县志》卷十一灾祥,,恒台县：大饥，人相食。——崇祯《新城县志》卷十一灾祥,恒台县：大饥，人相食。——崇祯《新城县志》卷十一灾祥,恒台县：大饥，人相食。——崇祯《新城县志》卷十一灾祥,,
1473,山东,,桓台,1473|山东|桓台,明宪宗成化九年,新城,《新城县志》,无,保留,v2,v2,1,0.1429,是,,,山东：恒台县：大饥，人相食。——崇祯《新城县志》卷十一灾祥,,,,,
1473,山东,济宁市,曲阜,1473|山东|济宁|曲阜,明宪宗成化九年,无,《曲阜县志》,无,保留,"v1,v3,v4,v5","v1,v3,v4,v5",4,0.5714,是,,曲阜市：春饥，人相食。免今年粮税。秋八月大水。——乾隆《曲阜县志》卷二十九通编,,曲阜市：春饥，人相食。免今年粮税。秋八月大水。——乾隆《曲阜县志》卷二十九通编,曲阜市：春饥，人相食。免今年粮税。秋八月大水。——乾隆《曲阜县志》卷二十九通编,曲阜市：春饥，人相食。免今年粮税。秋八月大水。——乾隆《曲阜县志》卷二十九通编,,
1473,山东,,曲阜,1473|山东|曲阜,明宪宗成化九年,无,《曲阜县志》,无,保留,v2,v2,1,0.1429,是,,,山东：曲阜市：春饥，人相食。免今年粮税。秋八月大水。——乾隆《曲阜县志》卷二十九通编,,,,,
1473,河北,沧州市,沧县,1473|河北|沧|沧,明宪宗成化九年,无,《沧县志》,无,保留,"v1,v3,v4,v5","v1,v3,v4,v5",4,0.5714,是,,沧州市：大饥，人相食。——民国《沧县志》卷十六事实,,沧州市：大饥，人相食。——民国《沧县志》卷十六事实,沧州市：大饥，人相食。——民国《沧县志》卷十六事实,沧州市：大饥，人相食。——民国《沧县志》卷十六事实,,
1473,河北,沧州,,1473|河北|沧,明宪宗成化九年,无,《沧县志》,无,保留,v2,v2,1,0.1429,是,,,河北：沧州市：大饥，人相食。——民国《沧县志》卷十六事实,,,,,
1473,山东,,禹城,1473|山东|禹城,明宪宗成化九年,无,《禹城县志》,无,保留,v2,v2,1,0.1429,是,,,山东：禹城县：八月，旱、蝗，继水。大饥，人相食。——嘉庆《禹城县志》卷十一灾祥,,,,,
1473,山东,德州市,禹城,1473|山东|德|禹城,明宪宗成化九年,无,《禹城县志》,无,保留,"v1,v3,v4,v5","v1,v3,v4,v5",4,0.5714,是,,禹城县：八月，旱、蝗，继水。大饥，人相食。——嘉庆《禹城县志》卷十一灾祥,,禹城县：八月，旱、蝗，继水。大饥，人相食。——嘉庆《禹城县志》卷十一灾祥,禹城县：八月，旱、蝗，继水。大饥，人相食。——嘉庆《禹城县志》卷十一灾祥,禹城县：八月，旱、蝗，继水。大饥，人相食。——嘉庆《禹城县志》卷十一灾祥,,
1473,山东,济宁市,金乡,1473|山东|济宁|金乡,明宪宗成化九年,无,《金乡县志略》,无,保留,"v1,v3,v4,v5","v1,v3,v4,v5",4,0.5714,是,,金乡县：旱。畿南、山东大饥，人相食。——咸丰《金乡县志略》卷十一纪事,,金乡县：旱。畿南、山东大饥，人相食。——咸丰《金乡县志略》卷十一纪事,金乡县：旱。畿南、山东大饥，人相食。——咸丰《金乡县志略》卷十一纪事,金乡县：旱。畿南、山东大饥，人相食。——咸丰《金乡县志略》卷十一纪事,,
1473,山东,,金乡,1473|山东|金乡,明宪宗成化九年,无,《金乡县志略》,无,保留,v2,v2,1,0.1429,是,,,山东：金乡县：旱。畿南、山东大饥，人相食。——咸丰《金乡县志略》卷十一纪事,,,,,
1473,山东,滨州市,高青,1473|山东|滨|高青,明宪宗成化九年,青城,《青城县志》,无,保留,"v1,v3,v4,v5","v1,v3,v4,v5",4,0.5714,是,,高青县：是岁大饥，人相食。——乾隆《青城县志》卷十祥异,,高青县：是岁大饥，人相食。——乾隆《青城县志》卷十祥异,高青县：是岁大饥，人相食。——乾隆《青城县志》卷十祥异,高青县：是岁大饥，人相食。——乾隆《青城县志》卷十祥异,,
1473,山东,,高青,1473|山东|高青,明宪宗成化九年,青城,《青城县志》,无,保留,v2,v2,1,0.1429,是,,,山东：高青县：是岁大饥，人相食。——乾隆《青城县志》卷十祥异,,,,,
1473,山东,,冠县,1473|山东|冠,明宪宗成化九年,无,东昌府志,无,保留,"v6,v7","v6,v7",2,0.2857,是,,,,,,,冠县：七月河决，饥甚，人相食。——乾隆《东昌府志》卷三总纪,山东冠县：七月河决，饥甚，人相食。——乾隆《东昌府志》卷三总纪
1473,山东,临沂,临沂,1473|山东|临沂|临沂,明宪宗成化九年,无,临沂县志,无,保留,"v6,v7","v6,v7",2,0.2857,是,,,,,,,临沂市：大饥馑，人相食。——民国《临沂县志》卷一通纪,山东临沂市：大饥馑，人相食。——民国《临沂县志》卷一通纪
1473,山东,淄博,淄博,1473|山东|淄博|淄博,明宪宗成化九年,无,华北、东北近五百年旱涝史料,无,保留,"v6,v7","v6,v7",2,0.2857,是,,,,,,,淄博市：大饥，人相食。——《华北、东北近五百年旱涝史料》，第三分册，第1页。,山东淄博市：大饥，人相食。——《华北、东北近五百年旱涝史料》，第三分册，第1页。
1473,山东,济南,济南,1473|山东|济南|济南,明宪宗成化九年,无,华北、东北近五百年旱涝史料,无,保留,"v6,v7","v6,v7",2,0.2857,是,,,,,,,济南市：八月旱蝗又大水，民大饥，人相食，民茹草木尽，免税粮发粟赈之。——《华北、东北近五百年旱涝史料》第三分册，第1页。,山东济南市：八月旱蝗又大水，民大饥，人相食，民茹草木尽，免税粮发粟赈之。——《华北、东北近五百年旱涝史料》第三分册，第1页。
1473,山西,,榆次,1473|山西|榆次,明宪宗成化九年,无,山西通志,无,保留,"v6,v7","v6,v7",2,0.2857,是,,,,,,,榆次市等：七月，榆次，太谷，寿阳，祁县雨雹伤稼，人相食。——万历《山西通志》卷二十六灾祥,山西榆次市等：七月，榆次，太谷，寿阳，祁县雨雹伤稼，人相食。——万历《山西通志》卷二十六灾祥
1473,山东,德州,德州,1473|山东|德|德,明宪宗成化九年,无,德州志,无,保留,"v6,v7","v6,v7",2,0.2857,是,,,,,,,德州市：大饥，人相食。——乾隆《德州志》卷二纪事,山东德州市：大饥，人相食。——乾隆《德州志》卷二纪事
1473,山东,,武城,1473|山东|武城,明宪宗成化九年,无,恩县志,无,保留,"v6,v7","v6,v7",2,0.2857,是,,,,,,,武城县：饥甚，人相食。——嘉靖《恩县志》卷九灾祥,山东武城县：饥甚，人相食。——嘉靖《恩县志》卷九灾祥
1473,山东,,桓台,1473|山东|桓台,明宪宗成化九年,无,新城县志,无,保留,"v6,v7","v6,v7",2,0.2857,是,,,,,,,恒台县：大饥，人相食。——崇祯《新城县志》卷十一灾祥,山东恒台县：大饥，人相食。——崇祯《新城县志》卷十一灾祥
1473,山东,,曲阜,1473|山东|曲阜,明宪宗成化九年,无,曲阜县志,无,保留,"v6,v7","v6,v7",2,0.2857,是,,,,,,,曲阜市：春饥，人相食。免今年粮税。秋八月大水。——乾隆《曲阜县志》卷二十九通编,山东曲阜市：春饥，人相食。免今年粮税。秋八月大水。——乾隆《曲阜县志》卷二十九通编
1473,河北,沧州,沧县,1473|河北|沧|沧,明宪宗成化九年,无,沧县志,无,保留,"v6,v7","v6,v7",2,0.2857,是,,,,,,,沧州市：大饥，人相食。——民国《沧县志》卷十六事实,河北沧州市：大饥，人相食。——民国《沧县志》卷十六事实
1473,山东,,禹城,1473|山东|禹城,明宪宗成化九年,无,禹城县志,无,保留,"v6,v7","v6,v7",2,0.2857,是,,,,,,,禹城县：八月，旱、蝗，继水。大饥，人相食。——嘉庆《禹城县志》卷十一灾祥,山东禹城县：八月，旱、蝗，继水。大饥，人相食。——嘉庆《禹城县志》卷十一灾祥
1473,山东,,金乡,1473|山东|金乡,明宪宗成化九年,无,金乡县志略,无,保留,"v6,v7","v6,v7",2,0.2857,是,,,,,,,金乡县：旱。畿南、山东大饥，人相食。——咸丰《金乡县志略》卷十一纪事,山东金乡县：旱。畿南、山东大饥，人相食。——咸丰《金乡县志略》卷十一纪事
1473,山东,,青城,1473|山东|青城,明宪宗成化九年,无,青城县志,无,保留,"v6,v7","v6,v7",2,0.2857,是,,,,,,,高青县：是岁大饥，人相食。——乾隆《青城县志》卷十祥异,山东高青县：是岁大饥，人相食。——乾隆《青城县志》卷十祥异
1474,山西,,壶关县,1474|山西|壶关,明宪宗成化十年,无,《壶关县志》,无,保留,"v1,v2,v3,v5","v1,v2,v3,v5",4,0.5714,是,,壶关县：霜雹大作，秋无禾。冬春人相食。——康熙《壶关县志》卷一灾祥,壶关县：霜雹大作，秋无禾。冬春人相食。——康熙《壶关县志》卷一灾祥,壶关县：霜雹大作，秋无禾。冬春人相食。——康熙《壶关县志》卷一灾祥,,壶关县：霜雹大作，秋无禾。冬春人相食。——康熙《壶关县志》卷一灾祥,,
1474,陕西,,,1474|陕西,明宪宗成化十年,无,《明实录》转引《西北灾荒史》,无,保留,"v1,v2","v1,v2",2,0.2857,是,,陕西旱，大饥，人相食。——《明实录》，转引自《西北灾荒史》第399页。,陕西旱，大饥，人相食。——《明实录》，转引自《西北灾荒史》第399页。,,,,,
1474,山西,,壶关县,1474|山西|壶关,明宪宗成化十年,无,壶关县志,无,保留,"v4,v6,v7","v4,v6,v7",3,0.4286,是,,,,,壶关县：霜雹大作，秋无禾。冬春人相食。——康熙《壶关县志》卷一灾祥,,壶关县：霜雹大作，秋无禾。冬春人相食。——康熙《壶关县志》卷一灾祥,壶关县：霜雹大作，秋无禾。冬春人相食。——康熙《壶关县志》卷一灾祥
1479,河南,,嵩县,1479|河南|嵩,明宪宗成化十五年,无,《嵩县志》,无,保留,"v1,v2,v3,v4,v5,v6,v7","v1,v2,v3,v4,v5,v6,v7",7,1.0,是,,嵩县：大饥，人相食。——康熙三十年《嵩县志》卷十灾祥,嵩县：大饥，人相食。——康熙三十年《嵩县志》卷十灾祥,嵩县：大饥，人相食。——康熙三十年《嵩县志》卷十灾祥,嵩县：大饥，人相食。——康熙三十年《嵩县志》卷十灾祥,嵩县：大饥，人相食。——康熙三十年《嵩县志》卷十灾祥,嵩县：大饥，人相食。——康熙三十年《嵩县志》卷十灾祥,嵩县：大饥，人相食。——康熙三十年《嵩县志》卷十灾祥
1479,河南,,临汝县,1479|河南|临汝,明宪宗成化十五年,无,《汝州全志》,无,保留,"v1,v2,v3,v4,v5,v6,v7","v1,v2,v3,v4,v5,v6,v7",7,1.0,是,,临汝县：大饥，人相食，伊邑尤甚。——道光《汝州全志》卷九祥异,临汝县：大饥，人相食，伊邑尤甚。——道光《汝州全志》卷九祥异,临汝县：大饥，人相食，伊邑尤甚。——道光《汝州全志》卷九祥异,临汝县：大饥，人相食，伊邑尤甚。——道光《汝州全志》卷九祥异,临汝县：大饥，人相食，伊邑尤甚。——道光《汝州全志》卷九祥异,临汝县：大饥，人相食，伊邑尤甚。——道光《汝州全志》卷九祥异,临汝县：大饥，人相食，伊邑尤甚。——道光《汝州全志》卷九祥异
1479,河南,,汝阳县,1479|河南|汝阳,明宪宗成化十五年,无,《重修伊阳县志》,无,保留,"v1,v2,v3,v4,v5,v6,v7","v1,v2,v3,v4,v5,v6,v7",7,1.0,是,,汝阳县：大饥，人相食。——道光《重修伊阳县志》卷六祥异,汝阳县：大饥，人相食。——道光《重修伊阳县志》卷六祥异,汝阳县：大饥，人相食。——道光《重修伊阳县志》卷六祥异,汝阳县：大饥，人相食。——道光《重修伊阳县志》卷六祥异,汝阳县：大饥，人相食。——道光《重修伊阳县志》卷六祥异,汝阳县：大饥，人相食。——道光《重修伊阳县志》卷六祥异,汝阳县：大饥，人相食。——道光《重修伊阳县志》卷六祥异
1480,山西,,崞县,1480|山西|崞,明宪宗成化十六年,无,《太原府志》,无,保留,"v2,v3,v5,v6,v7","v2,v3,v5,v6,v7",5,0.7143,是,,,原平县：崞县大风折苗，大饥，民多相食。——万历《太原府志》卷二十六灾祥,原平县：崞县大风折苗，大饥，民多相食。——万历《太原府志》卷二十六灾祥,,原平县：崞县大风折苗，大饥，民多相食。——万历《太原府志》卷二十六灾祥,原平县：崞县大风折苗，大饥，民多相食。——万历《太原府志》卷二十六灾祥,原平县：崞县大风折苗，大饥，民多相食。——万历《太原府志》卷二十六灾祥
1481,山东,,平度县,1481|山东|平度,明宪宗成化十七年,无,《平度州志》,无,保留,"v1,v2,v6,v7","v1,v2,v6,v7",4,0.5714,是,,平度县：大饥，人相食。——康熙《平度州志》卷六灾祥,山东平度县：大饥，人相食。——康熙《平度州志》卷六灾祥,,,,平度县：大饥，人相食。——康熙《平度州志》卷六灾祥,平度县：大饥，人相食。——康熙《平度州志》卷六灾祥
1481,山东,临沂市,沂州,1481|山东|临沂|沂,明宪宗成化十七年,沂州,《沂州府志》,临沂市为推测，原文为古代地名沂州,保留,"v1,v2,v6,v7","v1,v2,v6,v7",4,0.5714,是,,临沂市：沂州大饥馑，人相食。——乾隆《沂州府志》卷十五纪事,山东临沂市：沂州大饥馑，人相食。——乾隆《沂州府志》卷十五纪事,,,,临沂市：沂州大饥馑，人相食。——乾隆《沂州府志》卷十五纪事,临沂市：沂州大饥馑，人相食。——乾隆《沂州府志》卷十五纪事
1481,河南,,温县,1481|河南|温,明宪宗成化十七年,无,《河南通志》,无,保留,"v1,v2,v6,v7","v1,v2,v6,v7",4,0.5714,是,,温县：…各行采食蓬蒿，宰烹畜禽，又将房屋拆坏变卖，且有鬻子女以易栗，割人肉以充腹者。…途间不敢独行，多被饥民打食，甚至同行至亲，相为割食救命。——康熙九年《河南通志》卷三十九艺文,河南温县：…各行采食蓬蒿，宰烹畜禽，又将房屋拆坏变卖，且有鬻子女以易栗，割人肉以充腹者。…途间不敢独行，多被饥民打食，甚至同行至亲，相为割食救命。——康熙九年《河南通志》卷三十九艺文,,,,温县：…各行采食蓬蒿，宰烹畜禽，又将房屋拆坏变卖，且有鬻子女以易栗，割人肉以充腹者。…途间不敢独行，多被饥民打食，甚至同行至亲，相为割食救命。——康熙九年《河南通志》卷三十九艺文,温县：…各行采食蓬蒿，宰烹畜禽，又将房屋拆坏变卖，且有鬻子女以易栗，割人肉以充腹者。…途间不敢独行，多被饥民打食，甚至同行至亲，相为割食救命。——康熙九年《河南通志》卷三十九艺文
1481,山东,,莱阳县,1481|山东|莱阳,明宪宗成化十七年,无,《莱阳县志》,无,保留,"v1,v2,v6,v7","v1,v2,v6,v7",4,0.5714,是,,莱阳县：大饥，人相食。——民国《莱阳县志》大纪事,山东莱阳县：大饥，人相食。——民国《莱阳县志》大纪事,,,,莱阳县：大饥，人相食。——民国《莱阳县志》大纪事,莱阳县：大饥，人相食。——民国《莱阳县志》大纪事
1481,山东,临沂市,郯城县,1481|山东|临沂|郯城,明宪宗成化十七年,无,《郯城县志》,疑似OCR错误：'卷就'应为'卷九',保留,"v1,v2,v6,v7","v1,v2,v6,v7",4,0.5714,是,,郯城县：大饥，人相食。——康熙《郯城县志》卷就灾祥,山东郯城县：大饥，人相食。——康熙《郯城县志》卷就灾祥,,,,郯城县：大饥，人相食。——康熙《郯城县志》卷就灾祥,郯城县：大饥，人相食。——康熙《郯城县志》卷就灾祥
1481,江苏,,如皋县,1481|江苏|如皋,明宪宗成化十七年,无,《重修如皋县志》,无,保留,"v1,v2,v6,v7","v1,v2,v6,v7",4,0.5714,是,,如皋县：大饥，人相食。——嘉靖《重修如皋县志》卷六灾祥,江苏如皋县：大饥，人相食。——嘉靖《重修如皋县志》卷六灾祥,,,,如皋县：大饥，人相食。——嘉靖《重修如皋县志》卷六灾祥,如皋县：大饥，人相食。——嘉靖《重修如皋县志》卷六灾祥
1481,山东,,平度县,1481|山东|平度,明宪宗成化十七年,无,平度州志,无,保留,"v3,v4,v5","v3,v4,v5",3,0.4286,是,,,,平度县：大饥，人相食。——康熙《平度州志》卷六灾祥,平度县：大饥，人相食。——康熙《平度州志》卷六灾祥,平度县：大饥，人相食。——康熙《平度州志》卷六灾祥,,
1481,山东,,沂州,1481|山东|沂,明宪宗成化十七年,沂州,沂州府志,无,保留,"v3,v4,v5","v3,v4,v5",3,0.4286,是,,,,临沂市：沂州大饥馑，人相食。——乾隆《沂州府志》卷十五纪事,临沂市：沂州大饥馑，人相食。——乾隆《沂州府志》卷十五纪事,临沂市：沂州大饥馑，人相食。——乾隆《沂州府志》卷十五纪事,,
1481,河南,,温县,1481|河南|温,明宪宗成化十七年,无,河南通志,无,保留,"v3,v4,v5","v3,v4,v5",3,0.4286,是,,,,温县：…各行采食蓬蒿，宰烹畜禽，又将房屋拆坏变卖，且有鬻子女以易栗，割人肉以充腹者。…途间不敢独行，多被饥民打食，甚至同行至亲，相为割食救命。——康熙九年《河南通志》卷三十九艺文,温县：…各行采食蓬蒿，宰烹畜禽，又将房屋拆坏变卖，且有鬻子女以易栗，割人肉以充腹者。…途间不敢独行，多被饥民打食，甚至同行至亲，相为割食救命。——康熙九年《河南通志》卷三十九艺文,温县：…各行采食蓬蒿，宰烹畜禽，又将房屋拆坏变卖，且有鬻子女以易栗，割人肉以充腹者。…途间不敢独行，多被饥民打食，甚至同行至亲，相为割食救命。——康熙九年《河南通志》卷三十九艺文,,
1481,山东,,莱阳县,1481|山东|莱阳,明宪宗成化十七年,无,莱阳县志,无,保留,"v3,v4,v5","v3,v4,v5",3,0.4286,是,,,,莱阳县：大饥，人相食。——民国《莱阳县志》大纪事,莱阳县：大饥，人相食。——民国《莱阳县志》大纪事,莱阳县：大饥，人相食。——民国《莱阳县志》大纪事,,
1481,山东,,郯城县,1481|山东|郯城,明宪宗成化十七年,无,郯城县志,原文作卷就灾祥，疑似OCR错误,保留,"v3,v4,v5","v3,v4,v5",3,0.4286,是,,,,郯城县：大饥，人相食。——康熙《郯城县志》卷就灾祥,郯城县：大饥，人相食。——康熙《郯城县志》卷就灾祥,郯城县：大饥，人相食。——康熙《郯城县志》卷就灾祥,,
1481,江苏,,如皋县,1481|江苏|如皋,明宪宗成化十七年,无,重修如皋县志,无,保留,"v3,v4,v5","v3,v4,v5",3,0.4286,是,,,,如皋县：大饥，人相食。——嘉靖《重修如皋县志》卷六灾祥,如皋县：大饥，人相食。——嘉靖《重修如皋县志》卷六灾祥,如皋县：大饥，人相食。——嘉靖《重修如皋县志》卷六灾祥,,
1482,甘肃,,两当县,1482|甘肃|两当,明宪宗成化十八年,无,《两当县新志》,无,保留,"v1,v2,v3,v5,v6,v7","v1,v2,v3,v5,v6,v7",6,0.8571,是,,两当县：大饥，人相食。——道光《两当县新志》卷六灾异,两当县：大饥，人相食。——道光《两当县新志》卷六灾异,两当县：大饥，人相食。——道光《两当县新志》卷六灾异,,两当县：大饥，人相食。——道光《两当县新志》卷六灾异,两当县：大饥，人相食。——道光《两当县新志》卷六灾异,两当县：大饥，人相食。——道光《两当县新志》卷六灾异
1482,浙江,湖州市,湖州市,1482|浙江|湖|湖,明宪宗成化十八年,无,《双林镇志》,无,保留,"v1,v2,v3,v5,v6,v7","v1,v2,v3,v5,v6,v7",6,0.8571,是,,湖州市：大饥，人相食。——民国《双林镇志》卷十九灾异,湖州市：大饥，人相食。——民国《双林镇志》卷十九灾异,湖州市：大饥，人相食。——民国《双林镇志》卷十九灾异,,湖州市：大饥，人相食。——民国《双林镇志》卷十九灾异,湖州市：大饥，人相食。——民国《双林镇志》卷十九灾异,湖州市：大饥，人相食。——民国《双林镇志》卷十九灾异
1482,江苏,,吴江县,1482|江苏|吴江,明宪宗成化十八年,无,《吴江县志》,无,保留,"v1,v2,v3,v5,v6,v7","v1,v2,v3,v5,v6,v7",6,0.8571,是,,吴江县：大饥，人相食。——康熙二十四年《吴江县志》卷四十一灾祥,吴江县：大饥，人相食。——康熙二十四年《吴江县志》卷四十一灾祥,吴江县：大饥，人相食。——康熙二十四年《吴江县志》卷四十一灾祥,,吴江县：大饥，人相食。——康熙二十四年《吴江县志》卷四十一灾祥,吴江县：大饥，人相食。——康熙二十四年《吴江县志》卷四十一灾祥,吴江县：大饥，人相食。——康熙二十四年《吴江县志》卷四十一灾祥
1482,山东,,商河县,1482|山东|商河,明宪宗成化十八年,无,《商河县志》,无,保留,"v1,v2,v3,v5,v6,v7","v1,v2,v3,v5,v6,v7",6,0.8571,是,,商河县：大饥，人相食。——道光《商河县志》卷三祥异,商河县：大饥，人相食。——道光《商河县志》卷三祥异,商河县：大饥，人相食。——道光《商河县志》卷三祥异,,商河县：大饥，人相食。——道光《商河县志》卷三祥异,商河县：大饥，人相食。——道光《商河县志》卷三祥异,商河县：大饥，人相食。——道光《商河县志》卷三祥异
1482,山西,,原平县,1482|山西|原平,明宪宗成化十八年,无,《崞县志》,无,保留,"v1,v2,v3,v5,v6,v7","v1,v2,v3,v5,v6,v7",6,0.8571,是,,原平县；大风折苗。大饥，民多相食，流殍者半。——嘉靖《崞县志》卷八灾异,原平县；大风折苗。大饥，民多相食，流殍者半。——嘉靖《崞县志》卷八灾异,原平县；大风折苗。大饥，民多相食，流殍者半。——嘉靖《崞县志》卷八灾异,,原平县；大风折苗。大饥，民多相食，流殍者半。——嘉靖《崞县志》卷八灾异,原平县；大风折苗。大饥，民多相食，流殍者半。——嘉靖《崞县志》卷八灾异,原平县；大风折苗。大饥，民多相食，流殍者半。——嘉靖《崞县志》卷八灾异
1482,甘肃,,清水县,1482|甘肃|清水,明宪宗成化十八年,无,《清水县志》,无,保留,"v1,v2,v3,v5,v6,v7","v1,v2,v3,v5,v6,v7",6,0.8571,是,,清水县：大饥，人相食。——康熙《清水县志》卷十灾祥,清水县：大饥，人相食。——康熙《清水县志》卷十灾祥,清水县：大饥，人相食。——康熙《清水县志》卷十灾祥,,清水县：大饥，人相食。——康熙《清水县志》卷十灾祥,清水县：大饥，人相食。——康熙《清水县志》卷十灾祥,清水县：大饥，人相食。——康熙《清水县志》卷十灾祥
1482,陕西,,,1482|陕西,明宪宗成化十八年,无,《甘肃新通志》,无,保留,"v1,v2","v1,v2",2,0.2857,是,,陕西大旱，饥，人相食。——光绪《甘肃新通志》卷二天文,陕西大旱，饥，人相食。——光绪《甘肃新通志》卷二天文,,,,,
1482,甘肃,天水市,天水市,1482|甘肃|天水|天水,明宪宗成化十八年,无,《直隶秦州新志》,无,保留,"v1,v2,v3,v5,v6,v7","v1,v2,v3,v5,v6,v7",6,0.8571,是,,天水市：大饥，人相食。——乾隆《直隶秦州新志》卷六灾祥,天水市：大饥，人相食。——乾隆《直隶秦州新志》卷六灾祥,天水市：大饥，人相食。——乾隆《直隶秦州新志》卷六灾祥,,天水市：大饥，人相食。——乾隆《直隶秦州新志》卷六灾祥,天水市：大饥，人相食。——乾隆《直隶秦州新志》卷六灾祥,天水市：大饥，人相食。——乾隆《直隶秦州新志》卷六灾祥
1482,浙江,,长兴县,1482|浙江|长兴,明宪宗成化十八年,无,《长兴县志》,无,保留,"v1,v2,v3,v5,v6,v7","v1,v2,v3,v5,v6,v7",6,0.8571,是,,长兴县：大饥，人相食。——同治《长兴县志》卷九灾祥,长兴县：大饥，人相食。——同治《长兴县志》卷九灾祥,长兴县：大饥，人相食。——同治《长兴县志》卷九灾祥,,长兴县：大饥，人相食。——同治《长兴县志》卷九灾祥,长兴县：大饥，人相食。——同治《长兴县志》卷九灾祥,长兴县：大饥，人相食。——同治《长兴县志》卷九灾祥
1482,甘肃,,两当县,1482|甘肃|两当,明宪宗成化十八年,无,两当县新志,无,保留,v4,v4,1,0.1429,是,,,,,两当县：大饥，人相食。——道光《两当县新志》卷六灾异,,,
1482,浙江,,,1482|浙江,明宪宗成化十八年,无,双林镇志,原文标注'湖州市'为现代地名标注，双林镇属湖州府乌程县,保留,v4,v4,1,0.1429,是,,,,,湖州市：大饥，人相食。——民国《双林镇志》卷十九灾异,,,
1482,江苏,,吴江县,1482|江苏|吴江,明宪宗成化十八年,无,吴江县志,无,保留,v4,v4,1,0.1429,是,,,,,吴江县：大饥，人相食。——康熙二十四年《吴江县志》卷四十一灾祥,,,
1482,山东,,商河县,1482|山东|商河,明宪宗成化十八年,无,商河县志,无,保留,v4,v4,1,0.1429,是,,,,,商河县：大饥，人相食。——道光《商河县志》卷三祥异,,,
1482,山西,,原平县,1482|山西|原平,明宪宗成化十八年,无,崞县志,无,保留,v4,v4,1,0.1429,是,,,,,原平县；大风折苗。大饥，民多相食，流殍者半。——嘉靖《崞县志》卷八灾异,,,
1482,甘肃,,清水县,1482|甘肃|清水,明宪宗成化十八年,无,清水县志,无,保留,v4,v4,1,0.1429,是,,,,,清水县：大饥，人相食。——康熙《清水县志》卷十灾祥,,,
1482,甘肃,,,1482|甘肃,明宪宗成化十八年,无,直隶秦州新志,原文标注'天水市'为现代地名标注，原文应为秦州,保留,v4,v4,1,0.1429,是,,,,,天水市：大饥，人相食。——乾隆《直隶秦州新志》卷六灾祥,,,
1482,浙江,,长兴县,1482|浙江|长兴,明宪宗成化十八年,无,长兴县志,无,保留,v4,v4,1,0.1429,是,,,,,长兴县：大饥，人相食。——同治《长兴县志》卷九灾祥,,,
1483,河南,周口,太康县,1483|河南|周口|太康,明宪宗成化十九年,无,《太康县志》,无,保留,"v1,v2,v3,v5,v6,v7","v1,v2,v3,v5,v6,v7",6,0.8571,是,,太康县：大旱，人相食，死者蔽野。——嘉靖《太康县志》卷四 五行,太康县：大旱，人相食，死者蔽野。——嘉靖《太康县志》卷四 五行,太康县：大旱，人相食，死者蔽野。——嘉靖《太康县志》卷四 五行,,太康县：大旱，人相食，死者蔽野。——嘉靖《太康县志》卷四 五行,太康县：大旱，人相食，死者蔽野。——嘉靖《太康县志》卷四 五行,太康县：大旱，人相食，死者蔽野。——嘉靖《太康县志》卷四 五行
1483,河南,周口,扶沟县,1483|河南|周口|扶沟,明宪宗成化十九年,无,《扶沟县志》,无,保留,"v1,v2,v3,v5,v6,v7","v1,v2,v3,v5,v6,v7",6,0.8571,是,,扶沟县：旱荒，人相食，死者蔽野。——康熙三十八年《扶沟县志》卷四灾异,扶沟县：旱荒，人相食，死者蔽野。——康熙三十八年《扶沟县志》卷四灾异,扶沟县：旱荒，人相食，死者蔽野。——康熙三十八年《扶沟县志》卷四灾异,,扶沟县：旱荒，人相食，死者蔽野。——康熙三十八年《扶沟县志》卷四灾异,扶沟县：旱荒，人相食，死者蔽野。——康熙三十八年《扶沟县志》卷四灾异,扶沟县：旱荒，人相食，死者蔽野。——康熙三十八年《扶沟县志》卷四灾异
1483,河南,新乡,汲县,1483|河南|新乡|汲,明宪宗成化十九年,无,《汲县志》,无,保留,"v1,v2,v3,v5,v6,v7","v1,v2,v3,v5,v6,v7",6,0.8571,是,,汲县：三月七日，阴霾。是年秋至明年春大饥，人相食。——康熙《汲县志》卷十祥,汲县：三月七日，阴霾。是年秋至明年春大饥，人相食。——康熙《汲县志》卷十祥,汲县：三月七日，阴霾。是年秋至明年春大饥，人相食。——康熙《汲县志》卷十祥,,汲县：三月七日，阴霾。是年秋至明年春大饥，人相食。——康熙《汲县志》卷十祥,汲县：三月七日，阴霾。是年秋至明年春大饥，人相食。——康熙《汲县志》卷十祥,汲县：三月七日，阴霾。是年秋至明年春大饥，人相食。——康熙《汲县志》卷十祥
1483,河南,鹤壁,淇县,1483|河南|鹤壁|淇,明宪宗成化十九年,无,《淇县志》,无,保留,"v1,v2,v3,v5,v6,v7","v1,v2,v3,v5,v6,v7",6,0.8571,是,,淇县：秋至二十年春，卫淇境大饥，人相食。——嘉靖《淇县志》卷四灾异,淇县：秋至二十年春，卫淇境大饥，人相食。——嘉靖《淇县志》卷四灾异,淇县：秋至二十年春，卫淇境大饥，人相食。——嘉靖《淇县志》卷四灾异,,淇县：秋至二十年春，卫淇境大饥，人相食。——嘉靖《淇县志》卷四灾异,淇县：秋至二十年春，卫淇境大饥，人相食。——嘉靖《淇县志》卷四灾异,淇县：秋至二十年春，卫淇境大饥，人相食。——嘉靖《淇县志》卷四灾异
1483,河南,新乡,辉县,1483|河南|新乡|辉,明宪宗成化十九年,无,《辉县志》,无,保留,"v1,v2,v3,v5,v6,v7","v1,v2,v3,v5,v6,v7",6,0.8571,是,,辉县：三月七日，阴霾。是年秋至明年春大饥，人相食。——康熙《辉县志》卷十八灾祥,辉县：三月七日，阴霾。是年秋至明年春大饥，人相食。——康熙《辉县志》卷十八灾祥,辉县：三月七日，阴霾。是年秋至明年春大饥，人相食。——康熙《辉县志》卷十八灾祥,,辉县：三月七日，阴霾。是年秋至明年春大饥，人相食。——康熙《辉县志》卷十八灾祥,辉县：三月七日，阴霾。是年秋至明年春大饥，人相食。——康熙《辉县志》卷十八灾祥,辉县：三月七日，阴霾。是年秋至明年春大饥，人相食。——康熙《辉县志》卷十八灾祥
1483,河南,许昌,长葛县,1483|河南|许昌|长葛,明宪宗成化十九年,无,《长葛县志》,无,保留,"v1,v2,v3,v5,v6,v7","v1,v2,v3,v5,v6,v7",6,0.8571,是,,长葛县：大旱，流移转徙，人民相食。事闻，遣使转输京储赈恤，始安。——康熙《长葛县志》卷一灾祥,长葛县：大旱，流移转徙，人民相食。事闻，遣使转输京储赈恤，始安。——康熙《长葛县志》卷一灾祥,长葛县：大旱，流移转徙，人民相食。事闻，遣使转输京储赈恤，始安。——康熙《长葛县志》卷一灾祥,,长葛县：大旱，流移转徙，人民相食。事闻，遣使转输京储赈恤，始安。——康熙《长葛县志》卷一灾祥,长葛县：大旱，流移转徙，人民相食。事闻，遣使转输京储赈恤，始安。——康熙《长葛县志》卷一灾祥,长葛县：大旱，流移转徙，人民相食。事闻，遣使转输京储赈恤，始安。——康熙《长葛县志》卷一灾祥
1484,山东,聊城市,冠县,1484|山东|聊城|冠,明宪宗成化二十年,无,《东昌府志》,无,保留,"v1,v2,v4,v6","v1,v2,v4,v6",4,0.5714,是,,冠县：旱，人相食。——乾隆《东昌府志》卷三总纪,冠县：旱，人相食。——乾隆《东昌府志》卷三总纪,,冠县：旱，人相食。——乾隆《东昌府志》卷三总纪,,冠县：旱，人相食。——乾隆《东昌府志》卷三总纪,
1484,山东,菏泽市,东明县,1484|山东|菏泽|东明,明宪宗成化二十年,无,《东明县志》,无,保留,"v1,v2,v4,v6","v1,v2,v4,v6",4,0.5714,是,,东明县：岁大旱，人饥相食。——康熙《东明县志》卷七灾祥,东明县：岁大旱，人饥相食。——康熙《东明县志》卷七灾祥,,东明县：岁大旱，人饥相食。——康熙《东明县志》卷七灾祥,,东明县：岁大旱，人饥相食。——康熙《东明县志》卷七灾祥,
1484,河南,郑州市,中牟县,1484|河南|郑|中牟,明宪宗成化二十年,无,《中牟县志》,无,保留,"v1,v2,v4,v6","v1,v2,v4,v6",4,0.5714,是,,中牟县：大旱，民食树皮、蒺藜、麻籽尽，有食人肉者。——正德《中牟县志》卷一祥异,中牟县：大旱，民食树皮、蒺藜、麻籽尽，有食人肉者。——正德《中牟县志》卷一祥异,,中牟县：大旱，民食树皮、蒺藜、麻籽尽，有食人肉者。——正德《中牟县志》卷一祥异,,中牟县：大旱，民食树皮、蒺藜、麻籽尽，有食人肉者。——正德《中牟县志》卷一祥异,
1484,山西,临汾市,临汾,1484|山西|临汾|临汾,明宪宗成化二十年,无,《临汾县志》,无,保留,"v1,v2,v6","v1,v2,v6",3,0.4286,是,,临汾市：秋不雨，次年六月始雨。饿殍盈野，人相食。——康熙五十七年《临汾县志》卷五祥异,临汾市：秋不雨，次年六月始雨。饿殍盈野，人相食。——康熙五十七年《临汾县志》卷五祥异,,,,临汾县：秋不雨，次年六月始雨。饿殍盈野，人相食。——康熙五十七年《临汾县志》卷五祥异,
1484,河南,漯河市,临颍县,1484|河南|漯河|临颍,明宪宗成化二十年,无,《临颍志》,无,保留,"v1,v2,v4,v6","v1,v2,v4,v6",4,0.5714,是,,临颍县：大饥，人相食。——嘉靖《临颍志》卷八祥异,临颍县：大饥，人相食。——嘉靖《临颍志》卷八祥异,,临颍县：大饥，人相食。——嘉靖《临颍志》卷八祥异,,临颍县：大饥，人相食。——嘉靖《临颍志》卷八祥异,
1484,山西,临汾市,乡宁县,1484|山西|临汾|乡宁,明宪宗成化二十年,无,《乡宁县志》,无,保留,"v1,v2,v4,v6","v1,v2,v4,v6",4,0.5714,是,,乡宁县：大饥，人相食。——民国《乡宁县志》卷八大事纪,乡宁县：大饥，人相食。——民国《乡宁县志》卷八大事纪,,乡宁县：大饥，人相食。——民国《乡宁县志》卷八大事纪,,乡宁县：大饥，人相食。——民国《乡宁县志》卷八大事纪,
1484,山西,运城市,夏县,1484|山西|运城|夏,明宪宗成化二十年,无,《华北、东北近五百年旱涝史料》,无,需校验地区信息,"v1,v2,v4","v1,v2,v4",3,0.4286,是,同年同省同来源同 record，但地区名存在近似异写或明显异体，需校验地区信息,夏县：大旱，人相食。——《华北、东北近五百年旱涝史料》第五分册，第38页。,夏县：大旱，人相食。——《华北、东北近五百年旱涝史料》第五分册，第38页。,,夏县：大旱，人相食。——《华北、东北近五百年旱涝史料》第五分册，第38页。,,,
1484,山西,,夏邑县,1484|山西|夏邑,明宪宗成化二十年,无,《华北、东北近五百年旱涝史料》,无,需校验地区信息,v6,v6,1,0.1429,是,同年同省同来源同 record，但地区名存在近似异写或明显异体，需校验地区信息,,,,,,夏县：大旱，人相食。——《华北、东北近五百年旱涝史料》第五分册，第38页。,
1484,河南,郑州市,新郑县,1484|河南|郑|新郑,明宪宗成化二十年,无,《华北、东北近五百年旱涝史料》,无,保留,"v1,v2,v4,v6","v1,v2,v4,v6",4,0.5714,是,,新郑县：年大饥，人相食。——《华北、东北近五百年旱涝史料》第四分册，第22页。,新郑县：年大饥，人相食。——《华北、东北近五百年旱涝史料》第四分册，第22页。,,新郑县：年大饥，人相食。——《华北、东北近五百年旱涝史料》第四分册，第22页。,,新郑县：年大饥，人相食。——《华北、东北近五百年旱涝史料》第四分册，第22页。,
1484,山西,长治市,屯留县,1484|山西|长治|屯留,明宪宗成化二十年,无,《华北、东北近五百年旱涝史料》,无,保留,"v1,v2,v4,v6","v1,v2,v4,v6",4,0.5714,是,,屯留县：大饥，民多疫死，人相食。——《华北、东北近五百年旱涝史料》第五分册，第61页。,屯留县：大饥，民多疫死，人相食。——《华北、东北近五百年旱涝史料》第五分册，第61页。,,屯留县：大饥，民多疫死，人相食。——《华北、东北近五百年旱涝史料》第五分册，第61页。,,屯留县：大饥，民多疫死，人相食。——《华北、东北近五百年旱涝史料》第五分册，第61页。,
1484,山东,济宁市,兖州市,1484|山东|济宁|兖,明宪宗成化二十年,无,《华北、东北近五百年旱涝史料》,无,需校验地区信息,v1,v1,1,0.1429,是,同年同省同来源同 record，但地区名存在近似异写或明显异体，需校验地区信息,兖州府：春至秋不雨，蝗蝻满地，人相食。——《华北、东北近五百年旱涝史料》第三分册，第74页。,,,,,,
1484,山东,济宁市,兖州府,1484|山东|济宁|兖州府,明宪宗成化二十年,兖州,《华北、东北近五百年旱涝史料》,city为推测，原文为古代地名兖州,需校验地区信息,"v2,v4","v2,v4",2,0.2857,是,同年同省同来源同 record，但地区名存在近似异写或明显异体，需校验地区信息,,兖州府：春至秋不雨，蝗蝻满地，人相食。——《华北、东北近五百年旱涝史料》第三分册，第74页。,,兖州府：春至秋不雨，蝗蝻满地，人相食。——《华北、东北近五百年旱涝史料》第三分册，第74页。,,,
1484,陕西,渭南市,华阴县,1484|陕西|渭南|华阴,明宪宗成化二十年,无,《华阴县志》,无,保留,"v1,v2,v4,v6","v1,v2,v4,v6",4,0.5714,是,,华阴县：二十年，二十一年大荒，民至相食，十亡八九。——万历《华阴县志》卷七祥异,华阴县：二十年，二十一年大荒，民至相食，十亡八九。——万历《华阴县志》卷七祥异,,华阴县：二十年，二十一年大荒，民至相食，十亡八九。——万历《华阴县志》卷七祥异,,华阴县：二十年，二十一年大荒，民至相食，十亡八九。——万历《华阴县志》卷七祥异,
1484,河南,濮阳市,南乐县,1484|河南|濮阳|南乐,明宪宗成化二十年,无,《南乐县志》,无,保留,"v1,v2,v4,v6","v1,v2,v4,v6",4,0.5714,是,,南乐县：岁大饥，人相食。——康熙《南乐县志》卷九纪年,南乐县：岁大饥，人相食。——康熙《南乐县志》卷九纪年,,南乐县：岁大饥，人相食。——康熙《南乐县志》卷九纪年,,南乐县：岁大饥，人相食。——康熙《南乐县志》卷九纪年,
1484,陕西,咸阳市,咸阳市,1484|陕西|咸阳|咸阳,明宪宗成化二十年,无,《咸阳县新志》,无,保留,"v1,v2,v4,v6","v1,v2,v4,v6",4,0.5714,是,,咸阳市：成化二十年，二十一年大祲，人相食。——万历《咸阳县新志》卷九纪事,咸阳市：成化二十年，二十一年大祲，人相食。——万历《咸阳县新志》卷九纪事,,咸阳市：成化二十年，二十一年大祲，人相食。——万历《咸阳县新志》卷九纪事,,咸阳市：成化二十年，二十一年大祲，人相食。——万历《咸阳县新志》卷九纪事,
1484,河北,,大名县,1484|河北|大名,明宪宗成化二十年,无,《大名县志》,无,保留,"v1,v2,v4,v6","v1,v2,v4,v6",4,0.5714,是,,大名县：大旱，饥，人相食。——乾隆《大名县志》卷二十七禨祥,大名县：大旱，饥，人相食。——乾隆《大名县志》卷二十七禨祥,,大名县：大旱，饥，人相食。——乾隆《大名县志》卷二十七禨祥,,大名县：大旱，饥，人相食。——乾隆《大名县志》卷二十七禨祥,
1484,山西,临汾市,襄汾县,1484|山西|临汾|襄汾,明宪宗成化二十年,无,《太平县志》,无,保留,"v1,v2,v4","v1,v2,v4",3,0.4286,是,,襄汾县：人民相食。——乾隆《太平县志》卷十纪,襄汾县：人民相食。——乾隆《太平县志》卷十纪,,襄汾县：人民相食。——乾隆《太平县志》卷十纪,,,
1484,山西,运城市,运城市,1484|山西|运城|运城,明宪宗成化二十年,安邑,《安邑县志》,安邑为古代地名，原文为运城市,保留,"v1,v2,v4,v6","v1,v2,v4,v6",4,0.5714,是,,运城市：大旱，人相食。——万历《安邑县志》卷八祥异,运城市：大旱，人相食。——万历《安邑县志》卷八祥异,,运城市：大旱，人相食。——万历《安邑县志》卷八祥异,,运城市：大旱，人相食。——万历《安邑县志》卷八祥异,
1484,河南,开封市,尉氏县,1484|河南|开封|尉氏,明宪宗成化二十年,无,《尉氏县志》,无,保留,"v1,v2,v4,v6","v1,v2,v4,v6",4,0.5714,是,,尉氏县：大饥，至人相食。——嘉靖《尉氏县志》卷四祥异,尉氏县：大饥，至人相食。——嘉靖《尉氏县志》卷四祥异,,尉氏县：大饥，至人相食。——嘉靖《尉氏县志》卷四祥异,,尉氏县：大饥，至人相食。——嘉靖《尉氏县志》卷四祥异,
1484,山西,,临晋,1484|山西|临晋,明宪宗成化二十年,临晋,《山西通志》,原文为古代地名临晋,需校验地区信息,"v1,v2,v4,v6","v1,v2,v4,v6",4,0.5714,是,同年同省同来源同 record，但地区名存在近似异写或明显异体，需校验地区信息,曲沃、洪洞、临汾、临晋、荣河、解州、平陆、夏邑、安邑、孝义、崞县大旱，人相食。长子、宁乡、泽州、高平、阳城饥疫，遣使赈恤。免通省田租之半。——雍正《山西通志》卷一六三祥异,曲沃、洪洞、临汾、临晋、荣河、解州、平陆、夏邑、安邑、孝义、崞县大旱，人相食。长子、宁乡、泽州、高平、阳城饥疫，遣使赈恤。免通省田租之半。——雍正《山西通志》卷一六三祥异,,曲沃、洪洞、临汾、临晋、荣河、解州、平陆、夏邑、安邑、孝义、崞县大旱，人相食。长子、宁乡、泽州、高平、阳城饥疫，遣使赈恤。免通省田租之半。——雍正《山西通志》卷一六三祥异,,曲沃、洪洞、临汾、临晋、荣河、解州、平陆、夏邑、安邑、孝义、崞县大旱，人相食。长子、宁乡、泽州、高平、阳城饥疫，遣使赈恤。免通省田租之半。——雍正《山西通志》卷一六三祥异,
1484,山西,临汾市,临汾县,1484|山西|临汾|临汾,明宪宗成化二十年,临汾,《山西通志》,原文为古代地名临汾,需校验地区信息,"v1,v2,v4","v1,v2,v4",3,0.4286,是,同年同省同来源同 record，但地区名存在近似异写或明显异体，需校验地区信息,曲沃、洪洞、临汾、临晋、荣河、解州、平陆、夏邑、安邑、孝义、崞县大旱，人相食。长子、宁乡、泽州、高平、阳城饥疫，遣使赈恤。免通省田租之半。——雍正《山西通志》卷一六三祥异,曲沃、洪洞、临汾、临晋、荣河、解州、平陆、夏邑、安邑、孝义、崞县大旱，人相食。长子、宁乡、泽州、高平、阳城饥疫，遣使赈恤。免通省田租之半。——雍正《山西通志》卷一六三祥异,,曲沃、洪洞、临汾、临晋、荣河、解州、平陆、夏邑、安邑、孝义、崞县大旱，人相食。长子、宁乡、泽州、高平、阳城饥疫，遣使赈恤。免通省田租之半。——雍正《山西通志》卷一六三祥异,,,
1484,山西,,夏邑,1484|山西|夏邑,明宪宗成化二十年,夏邑,《山西通志》,原文为古代地名夏邑；此夏邑清代属山西解州，与河南夏邑不同,需校验地区信息,"v1,v2,v4","v1,v2,v4",3,0.4286,是,同年同省同来源同 record，但地区名存在近似异写或明显异体，需校验地区信息,曲沃、洪洞、临汾、临晋、荣河、解州、平陆、夏邑、安邑、孝义、崞县大旱，人相食。长子、宁乡、泽州、高平、阳城饥疫，遣使赈恤。免通省田租之半。——雍正《山西通志》卷一六三祥异,曲沃、洪洞、临汾、临晋、荣河、解州、平陆、夏邑、安邑、孝义、崞县大旱，人相食。长子、宁乡、泽州、高平、阳城饥疫，遣使赈恤。免通省田租之半。——雍正《山西通志》卷一六三祥异,,曲沃、洪洞、临汾、临晋、荣河、解州、平陆、夏邑、安邑、孝义、崞县大旱，人相食。长子、宁乡、泽州、高平、阳城饥疫，遣使赈恤。免通省田租之半。——雍正《山西通志》卷一六三祥异,,,
1484,山西,,孝义,1484|山西|孝义,明宪宗成化二十年,孝义,《山西通志》,原文为古代地名孝义,需校验地区信息,"v1,v2,v4,v6","v1,v2,v4,v6",4,0.5714,是,同年同省同来源同 record，但地区名存在近似异写或明显异体，需校验地区信息,曲沃、洪洞、临汾、临晋、荣河、解州、平陆、夏邑、安邑、孝义、崞县大旱，人相食。长子、宁乡、泽州、高平、阳城饥疫，遣使赈恤。免通省田租之半。——雍正《山西通志》卷一六三祥异,曲沃、洪洞、临汾、临晋、荣河、解州、平陆、夏邑、安邑、孝义、崞县大旱，人相食。长子、宁乡、泽州、高平、阳城饥疫，遣使赈恤。免通省田租之半。——雍正《山西通志》卷一六三祥异,,曲沃、洪洞、临汾、临晋、荣河、解州、平陆、夏邑、安邑、孝义、崞县大旱，人相食。长子、宁乡、泽州、高平、阳城饥疫，遣使赈恤。免通省田租之半。——雍正《山西通志》卷一六三祥异,,曲沃、洪洞、临汾、临晋、荣河、解州、平陆、夏邑、安邑、孝义、崞县大旱，人相食。长子、宁乡、泽州、高平、阳城饥疫，遣使赈恤。免通省田租之半。——雍正《山西通志》卷一六三祥异,
1484,山西,,宁乡县,1484|山西|宁乡,明宪宗成化二十年,宁乡县,《山西通志》,无,需校验地区信息,"v2,v6","v2,v6",2,0.2857,是,同年同省同来源同 record，但地区名存在近似异写或明显异体，需校验地区信息,,曲沃、洪洞、临汾、临晋、荣河、解州、平陆、夏邑、安邑、孝义、崞县大旱，人相食。长子、宁乡、泽州、高平、阳城饥疫，遣使赈恤。免通省田租之半。——雍正《山西通志》卷一六三祥异,,,,曲沃、洪洞、临汾、临晋、荣河、解州、平陆、夏邑、安邑、孝义、崞县大旱，人相食。长子、宁乡、泽州、高平、阳城饥疫，遣使赈恤。免通省田租之半。——雍正《山西通志》卷一六三祥异,
1484,山西,运城市,安邑县,1484|山西|运城|安邑,明宪宗成化二十年,安邑,《山西通志》,原文为古代地名安邑,需校验地区信息,"v1,v2,v4","v1,v2,v4",3,0.4286,是,同年同省同来源同 record，但地区名存在近似异写或明显异体，需校验地区信息,曲沃、洪洞、临汾、临晋、荣河、解州、平陆、夏邑、安邑、孝义、崞县大旱，人相食。长子、宁乡、泽州、高平、阳城饥疫，遣使赈恤。免通省田租之半。——雍正《山西通志》卷一六三祥异,曲沃、洪洞、临汾、临晋、荣河、解州、平陆、夏邑、安邑、孝义、崞县大旱，人相食。长子、宁乡、泽州、高平、阳城饥疫，遣使赈恤。免通省田租之半。——雍正《山西通志》卷一六三祥异,,曲沃、洪洞、临汾、临晋、荣河、解州、平陆、夏邑、安邑、孝义、崞县大旱，人相食。长子、宁乡、泽州、高平、阳城饥疫，遣使赈恤。免通省田租之半。——雍正《山西通志》卷一六三祥异,,,
1484,山西,,崞县,1484|山西|崞,明宪宗成化二十年,崞县,《山西通志》,原文为古代地名崞县,需校验地区信息,"v1,v2,v4,v6","v1,v2,v4,v6",4,0.5714,是,同年同省同来源同 record，但地区名存在近似异写或明显异体，需校验地区信息,曲沃、洪洞、临汾、临晋、荣河、解州、平陆、夏邑、安邑、孝义、崞县大旱，人相食。长子、宁乡、泽州、高平、阳城饥疫，遣使赈恤。免通省田租之半。——雍正《山西通志》卷一六三祥异,曲沃、洪洞、临汾、临晋、荣河、解州、平陆、夏邑、安邑、孝义、崞县大旱，人相食。长子、宁乡、泽州、高平、阳城饥疫，遣使赈恤。免通省田租之半。——雍正《山西通志》卷一六三祥异,,曲沃、洪洞、临汾、临晋、荣河、解州、平陆、夏邑、安邑、孝义、崞县大旱，人相食。长子、宁乡、泽州、高平、阳城饥疫，遣使赈恤。免通省田租之半。——雍正《山西通志》卷一六三祥异,,曲沃、洪洞、临汾、临晋、荣河、解州、平陆、夏邑、安邑、孝义、崞县大旱，人相食。长子、宁乡、泽州、高平、阳城饥疫，遣使赈恤。免通省田租之半。——雍正《山西通志》卷一六三祥异,
1484,山西,运城市,平陆县,1484|山西|运城|平陆,明宪宗成化二十年,平陆,《山西通志》,原文为古代地名平陆,需校验地区信息,"v1,v2,v4","v1,v2,v4",3,0.4286,是,同年同省同来源同 record，但地区名存在近似异写或明显异体，需校验地区信息,曲沃、洪洞、临汾、临晋、荣河、解州、平陆、夏邑、安邑、孝义、崞县大旱，人相食。长子、宁乡、泽州、高平、阳城饥疫，遣使赈恤。免通省田租之半。——雍正《山西通志》卷一六三祥异,曲沃、洪洞、临汾、临晋、荣河、解州、平陆、夏邑、安邑、孝义、崞县大旱，人相食。长子、宁乡、泽州、高平、阳城饥疫，遣使赈恤。免通省田租之半。——雍正《山西通志》卷一六三祥异,,曲沃、洪洞、临汾、临晋、荣河、解州、平陆、夏邑、安邑、孝义、崞县大旱，人相食。长子、宁乡、泽州、高平、阳城饥疫，遣使赈恤。免通省田租之半。——雍正《山西通志》卷一六三祥异,,,
1484,山西,,曲沃,1484|山西|曲沃,明宪宗成化二十年,曲沃,《山西通志》,原文为古代地名曲沃,需校验地区信息,"v1,v4","v1,v4",2,0.2857,是,同年同省同来源同 record，但地区名存在近似异写或明显异体，需校验地区信息,曲沃、洪洞、临汾、临晋、荣河、解州、平陆、夏邑、安邑、孝义、崞县大旱，人相食。长子、宁乡、泽州、高平、阳城饥疫，遣使赈恤。免通省田租之半。——雍正《山西通志》卷一六三祥异,,,曲沃、洪洞、临汾、临晋、荣河、解州、平陆、夏邑、安邑、孝义、崞县大旱，人相食。长子、宁乡、泽州、高平、阳城饥疫，遣使赈恤。免通省田租之半。——雍正《山西通志》卷一六三祥异,,,
1484,山西,晋城市,泽州,1484|山西|晋城|泽,明宪宗成化二十年,泽州,《山西通志》,无,需校验地区信息,v2,v2,1,0.1429,是,同年同省同来源同 record，但地区名存在近似异写或明显异体，需校验地区信息,,曲沃、洪洞、临汾、临晋、荣河、解州、平陆、夏邑、安邑、孝义、崞县大旱，人相食。长子、宁乡、泽州、高平、阳城饥疫，遣使赈恤。免通省田租之半。——雍正《山西通志》卷一六三祥异,,,,,
1484,山西,,洪洞,1484|山西|洪洞,明宪宗成化二十年,洪洞,《山西通志》,原文为古代地名洪洞,需校验地区信息,"v1,v2,v4,v6","v1,v2,v4,v6",4,0.5714,是,同年同省同来源同 record，但地区名存在近似异写或明显异体，需校验地区信息,曲沃、洪洞、临汾、临晋、荣河、解州、平陆、夏邑、安邑、孝义、崞县大旱，人相食。长子、宁乡、泽州、高平、阳城饥疫，遣使赈恤。免通省田租之半。——雍正《山西通志》卷一六三祥异,曲沃、洪洞、临汾、临晋、荣河、解州、平陆、夏邑、安邑、孝义、崞县大旱，人相食。长子、宁乡、泽州、高平、阳城饥疫，遣使赈恤。免通省田租之半。——雍正《山西通志》卷一六三祥异,,曲沃、洪洞、临汾、临晋、荣河、解州、平陆、夏邑、安邑、孝义、崞县大旱，人相食。长子、宁乡、泽州、高平、阳城饥疫，遣使赈恤。免通省田租之半。——雍正《山西通志》卷一六三祥异,,曲沃、洪洞、临汾、临晋、荣河、解州、平陆、夏邑、安邑、孝义、崞县大旱，人相食。长子、宁乡、泽州、高平、阳城饥疫，遣使赈恤。免通省田租之半。——雍正《山西通志》卷一六三祥异,
1484,山西,,荣河,1484|山西|荣河,明宪宗成化二十年,荣河,《山西通志》,原文为古代地名荣河,需校验地区信息,"v1,v2,v4,v6","v1,v2,v4,v6",4,0.5714,是,同年同省同来源同 record，但地区名存在近似异写或明显异体，需校验地区信息,曲沃、洪洞、临汾、临晋、荣河、解州、平陆、夏邑、安邑、孝义、崞县大旱，人相食。长子、宁乡、泽州、高平、阳城饥疫，遣使赈恤。免通省田租之半。——雍正《山西通志》卷一六三祥异,曲沃、洪洞、临汾、临晋、荣河、解州、平陆、夏邑、安邑、孝义、崞县大旱，人相食。长子、宁乡、泽州、高平、阳城饥疫，遣使赈恤。免通省田租之半。——雍正《山西通志》卷一六三祥异,,曲沃、洪洞、临汾、临晋、荣河、解州、平陆、夏邑、安邑、孝义、崞县大旱，人相食。长子、宁乡、泽州、高平、阳城饥疫，遣使赈恤。免通省田租之半。——雍正《山西通志》卷一六三祥异,,曲沃、洪洞、临汾、临晋、荣河、解州、平陆、夏邑、安邑、孝义、崞县大旱，人相食。长子、宁乡、泽州、高平、阳城饥疫，遣使赈恤。免通省田租之半。——雍正《山西通志》卷一六三祥异,
1484,山西,,解州,1484|山西|解,明宪宗成化二十年,解州,《山西通志》,原文为古代地名解州,需校验地区信息,"v1,v2,v4,v6","v1,v2,v4,v6",4,0.5714,是,同年同省同来源同 record，但地区名存在近似异写或明显异体，需校验地区信息,曲沃、洪洞、临汾、临晋、荣河、解州、平陆、夏邑、安邑、孝义、崞县大旱，人相食。长子、宁乡、泽州、高平、阳城饥疫，遣使赈恤。免通省田租之半。——雍正《山西通志》卷一六三祥异,曲沃、洪洞、临汾、临晋、荣河、解州、平陆、夏邑、安邑、孝义、崞县大旱，人相食。长子、宁乡、泽州、高平、阳城饥疫，遣使赈恤。免通省田租之半。——雍正《山西通志》卷一六三祥异,,曲沃、洪洞、临汾、临晋、荣河、解州、平陆、夏邑、安邑、孝义、崞县大旱，人相食。长子、宁乡、泽州、高平、阳城饥疫，遣使赈恤。免通省田租之半。——雍正《山西通志》卷一六三祥异,,曲沃、洪洞、临汾、临晋、荣河、解州、平陆、夏邑、安邑、孝义、崞县大旱，人相食。长子、宁乡、泽州、高平、阳城饥疫，遣使赈恤。免通省田租之半。——雍正《山西通志》卷一六三祥异,
1484,山西,,长子县,1484|山西|长子,明宪宗成化二十年,长子县,《山西通志》,无,需校验地区信息,v2,v2,1,0.1429,是,同年同省同来源同 record，但地区名存在近似异写或明显异体，需校验地区信息,,曲沃、洪洞、临汾、临晋、荣河、解州、平陆、夏邑、安邑、孝义、崞县大旱，人相食。长子、宁乡、泽州、高平、阳城饥疫，遣使赈恤。免通省田租之半。——雍正《山西通志》卷一六三祥异,,,,,
1484,山西,晋城市,阳城县,1484|山西|晋城|阳城,明宪宗成化二十年,阳城县,《山西通志》,无,需校验地区信息,v2,v2,1,0.1429,是,同年同省同来源同 record，但地区名存在近似异写或明显异体，需校验地区信息,,曲沃、洪洞、临汾、临晋、荣河、解州、平陆、夏邑、安邑、孝义、崞县大旱，人相食。长子、宁乡、泽州、高平、阳城饥疫，遣使赈恤。免通省田租之半。——雍正《山西通志》卷一六三祥异,,,,,
1484,山西,晋城市,高平县,1484|山西|晋城|高平,明宪宗成化二十年,高平县,《山西通志》,无,需校验地区信息,v2,v2,1,0.1429,是,同年同省同来源同 record，但地区名存在近似异写或明显异体，需校验地区信息,,曲沃、洪洞、临汾、临晋、荣河、解州、平陆、夏邑、安邑、孝义、崞县大旱，人相食。长子、宁乡、泽州、高平、阳城饥疫，遣使赈恤。免通省田租之半。——雍正《山西通志》卷一六三祥异,,,,,
1484,甘肃,平凉市,崇信县,1484|甘肃|平凉|崇信,明宪宗成化二十年,无,《平凉府志》,无,保留,"v1,v2,v4,v6","v1,v2,v4,v6",4,0.5714,是,,崇信县：大饥，斗米五钱，人相食。——嘉靖《平凉府志》卷十二祥异,崇信县：大饥，斗米五钱，人相食。——嘉靖《平凉府志》卷十二祥异,,崇信县：大饥，斗米五钱，人相食。——嘉靖《平凉府志》卷十二祥异,,崇信县：大饥，斗米五钱，人相食。——嘉靖《平凉府志》卷十二祥异,
1484,山西,临汾市,曲沃县,1484|山西|临汾|曲沃,明宪宗成化二十年,无,《平阳府志》,无,保留,"v1,v2,v6","v1,v2,v6",3,0.4286,是,,曲沃县：秋不雨，饥莩盈野，人相食。诸州是皆然，次年六月始雨。——万历《平阳府志》卷十灾祥,曲沃县：秋不雨，饥莩盈野，人相食。诸州是皆然，次年六月始雨。——万历《平阳府志》卷十灾祥,,,,曲沃县：秋不雨，饥莩盈野，人相食。诸州是皆然，次年六月始雨。——万历《平阳府志》卷十灾祥,
1484,陕西,榆林市,榆林县,1484|陕西|榆林|榆林,明宪宗成化二十年,无,《延绥镇志》,无,保留,"v1,v2,v4,v6","v1,v2,v4,v6",4,0.5714,是,,榆林县：大旱，多虫。大饥，人相食。——万历《延绥镇志》卷三灾异,榆林县：大旱，多虫。大饥，人相食。——万历《延绥镇志》卷三灾异,,榆林县：大旱，多虫。大饥，人相食。——万历《延绥镇志》卷三灾异,,榆林县：大旱，多虫。大饥，人相食。——万历《延绥镇志》卷三灾异,
1484,河南,开封市,开封市,1484|河南|开封|开封,明宪宗成化二十年,无,《开封府志》,无,保留,"v1,v2,v4,v6","v1,v2,v4,v6",4,0.5714,是,,开封市：大饥，人相食。——万历《开封府志》卷二機祥,开封市：大饥，人相食。——万历《开封府志》卷二機祥,,开封市：大饥，人相食。——万历《开封府志》卷二機祥,,开封市：大饥，人相食。——万历《开封府志》卷二機祥,
1484,陕西,宝鸡市,扶风县,1484|陕西|宝鸡|扶风,明宪宗成化二十年,扶风县,《扶风县志》,无,保留,"v2,v4,v6","v2,v4,v6",3,0.4286,是,,,陕西连岁大旱，百姓流亡殆尽，人相食。——顺治《扶风县志》卷一灾祥,,陕西连岁大旱，百姓流亡殆尽，人相食。——顺治《扶风县志》卷一灾祥,,陕西连岁大旱，百姓流亡殆尽，人相食。——顺治《扶风县志》卷一灾祥,
1484,河南,新乡市,新乡县,1484|河南|新乡|新乡,明宪宗成化二十年,无,《新乡县续志》,无,保留,"v1,v2,v4,v6","v1,v2,v4,v6",4,0.5714,是,,新乡县：春饥，人相食。——康熙《新乡县续志》卷二灾异,新乡县：春饥，人相食。——康熙《新乡县续志》卷二灾异,,新乡县：春饥，人相食。——康熙《新乡县续志》卷二灾异,,新乡县：春饥，人相食。——康熙《新乡县续志》卷二灾异,
1484,河南,洛阳市,新安县,1484|河南|洛阳|新安,明宪宗成化二十年,无,《新安县志》,无,保留,"v1,v2,v4,v6","v1,v2,v4,v6",4,0.5714,是,,新安县：大饥，人相食，死者枕藉。——康熙《新安县志》卷十七灾异,新安县：大饥，人相食，死者枕藉。——康熙《新安县志》卷十七灾异,,新安县：大饥，人相食，死者枕藉。——康熙《新安县志》卷十七灾异,,新安县：大饥，人相食，死者枕藉。——康熙《新安县志》卷十七灾异,
1484,陕西,渭南市,大荔县,1484|陕西|渭南|大荔,明宪宗成化二十年,无,《朝邑县志》,无,保留,"v1,v2,v4,v6","v1,v2,v4,v6",4,0.5714,是,,大荔县：二十年，二十一年大祲，人相食。——正德《朝邑县志》卷一总志,大荔县：二十年，二十一年大祲，人相食。——正德《朝邑县志》卷一总志,,大荔县：二十年，二十一年大祲，人相食。——正德《朝邑县志》卷一总志,,大荔县：二十年，二十一年大祲，人相食。——正德《朝邑县志》卷一总志,
1484,河南,开封市,杞县,1484|河南|开封|杞,明宪宗成化二十年,无,《杞乘》,无,保留,"v1,v2,v4,v6","v1,v2,v4,v6",4,0.5714,是,,杞县：大饥，人相食。——万历《杞乘》卷二今总纪,杞县：大饥，人相食。——万历《杞乘》卷二今总纪,,杞县：大饥，人相食。——万历《杞乘》卷二今总纪,,杞县：大饥，人相食。——万历《杞乘》卷二今总纪,
1484,陕西,咸阳市,武功县,1484|陕西|咸阳|武功,明宪宗成化二十年,无,《武功县志》,无,保留,"v1,v2,v4,v6","v1,v2,v4,v6",4,0.5714,是,,武功县：岁大饥，民相食，流移者十之七八。——正德《武功县志》卷二官师,武功县：岁大饥，民相食，流移者十之七八。——正德《武功县志》卷二官师,,武功县：岁大饥，民相食，流移者十之七八。——正德《武功县志》卷二官师,,武功县：岁大饥，民相食，流移者十之七八。——正德《武功县志》卷二官师,
1484,山西,运城市,永济县,1484|山西|运城|永济,明宪宗成化二十年,无,《永济县志》,无,保留,"v1,v2,v4,v6","v1,v2,v4,v6",4,0.5714,是,,永济县：大旱，民多易子而食，死徙者不可胜数。——光绪《永济县志》卷二十三纪事,永济县：大旱，民多易子而食，死徙者不可胜数。——光绪《永济县志》卷二十三纪事,,永济县：大旱，民多易子而食，死徙者不可胜数。——光绪《永济县志》卷二十三纪事,,永济县：大旱，民多易子而食，死徙者不可胜数。——光绪《永济县志》卷二十三纪事,
1484,山西,晋城市,泽州,1484|山西|晋城|泽,明宪宗成化二十年,泽州,《泽州府志》,原文为古代地名泽州，泽州为推测，原文为古代地名泽州,需校验地区信息,"v1,v2,v6","v1,v2,v6",3,0.4286,是,同年同省同来源同 record，但地区名存在近似异写或明显异体，需校验地区信息,晋城市等：泽州、高平、阳城大饥，民多疫死，生者至相食。诏遣户部郎中移河南、山东二省粟各方石赈恤，仍免山西阖省田租之半。——雍正《泽州府志》卷五十祥异,晋城市等：泽州、高平、阳城大饥，民多疫死，生者至相食。诏遣户部郎中移河南、山东二省粟各方石赈恤，仍免山西阖省田租之半。——雍正《泽州府志》卷五十祥异,,,,晋城市等：泽州、高平、阳城大饥，民多疫死，生者至相食。诏遣户部郎中移河南、山东二省粟各方石赈恤，仍免山西阖省田租之半。——雍正《泽州府志》卷五十祥异,
1484,山西,晋城市,阳城,1484|山西|晋城|阳城,明宪宗成化二十年,阳城,《泽州府志》,阳城为推测，原文为古代地名阳城,需校验地区信息,"v1,v2","v1,v2",2,0.2857,是,同年同省同来源同 record，但地区名存在近似异写或明显异体，需校验地区信息,晋城市等：泽州、高平、阳城大饥，民多疫死，生者至相食。诏遣户部郎中移河南、山东二省粟各方石赈恤，仍免山西阖省田租之半。——雍正《泽州府志》卷五十祥异,晋城市等：泽州、高平、阳城大饥，民多疫死，生者至相食。诏遣户部郎中移河南、山东二省粟各方石赈恤，仍免山西阖省田租之半。——雍正《泽州府志》卷五十祥异,,,,,
1484,山西,晋城市,高平,1484|山西|晋城|高平,明宪宗成化二十年,高平,《泽州府志》,高平为推测，原文为古代地名高平,需校验地区信息,"v1,v2","v1,v2",2,0.2857,是,同年同省同来源同 record，但地区名存在近似异写或明显异体，需校验地区信息,晋城市等：泽州、高平、阳城大饥，民多疫死，生者至相食。诏遣户部郎中移河南、山东二省粟各方石赈恤，仍免山西阖省田租之半。——雍正《泽州府志》卷五十祥异,晋城市等：泽州、高平、阳城大饥，民多疫死，生者至相食。诏遣户部郎中移河南、山东二省粟各方石赈恤，仍免山西阖省田租之半。——雍正《泽州府志》卷五十祥异,,,,,
1484,陕西,咸阳市,泾阳县,1484|陕西|咸阳|泾阳,明宪宗成化二十年,无,《泾阳县志》,无,保留,"v1,v2,v4,v6","v1,v2,v4,v6",4,0.5714,是,,泾阳县：连岁大旱，无麦禾，百姓流亡，人相食。——康熙《泾阳县志》卷一祥异,泾阳县：连岁大旱，无麦禾，百姓流亡，人相食。——康熙《泾阳县志》卷一祥异,,泾阳县：连岁大旱，无麦禾，百姓流亡，人相食。——康熙《泾阳县志》卷一祥异,,泾阳县：连岁大旱，无麦禾，百姓流亡，人相食。——康熙《泾阳县志》卷一祥异,
1484,河南,洛阳市,洛阳市,1484|河南|洛阳|洛阳,明宪宗成化二十年,无,《洛阳州志》,无,保留,"v1,v2,v4,v6","v1,v2,v4,v6",4,0.5714,是,,洛阳市：岁大祲，人相食。——顺治《洛阳州志》卷九灾祥,洛阳市：岁大祲，人相食。——顺治《洛阳州志》卷九灾祥,,洛阳市：岁大祲，人相食。——顺治《洛阳州志》卷九灾祥,,洛阳市：岁大祲，人相食。——顺治《洛阳州志》卷九灾祥,
1484,河南,焦作市,温县,1484|河南|焦作|温,明宪宗成化二十年,无,《温县志》,无,保留,"v1,v2,v4,v6","v1,v2,v4,v6",4,0.5714,是,,温县：人相食。——万历《温县志》卷下灾祥附,温县：人相食。——万历《温县志》卷下灾祥附,,温县：人相食。——万历《温县志》卷下灾祥附,,温县：人相食。——万历《温县志》卷下灾祥附,
1484,陕西,渭南市,渭南县,1484|陕西|渭南|渭南,明宪宗成化二十年,渭南县,《渭南县志》,无,保留,"v2,v4","v2,v4",2,0.2857,是,,,二十年、二十一年关中大饥，人相食，流亡殆尽。——万历《渭南县志》卷十六灾祥,,二十年、二十一年关中大饥，人相食，流亡殆尽。——万历《渭南县志》卷十六灾祥,,,
1484,山西,长治市,潞城县,1484|山西|长治|潞城,明宪宗成化二十年,无,《潞城县志》,无,保留,"v1,v2,v4,v6","v1,v2,v4,v6",4,0.5714,是,,潞城县：饥民相食，饿殍盈野，瘟疫大作。——天启《潞城县志》卷八灾祥,潞城县：饥民相食，饿殍盈野，瘟疫大作。——天启《潞城县志》卷八灾祥,,潞城县：饥民相食，饿殍盈野，瘟疫大作。——天启《潞城县志》卷八灾祥,,潞城县：饥民相食，饿殍盈野，瘟疫大作。——天启《潞城县志》卷八灾祥,
1484,甘肃,平凉市,灵台县,1484|甘肃|平凉|灵台,明宪宗成化二十年,无,《甘肃新通志》,无,保留,"v1,v2,v4,v6","v1,v2,v4,v6",4,0.5714,是,,静宁县等：静宁、灵台、肃州等处大旱，饥，人相食。——光绪《甘肃新通志》卷二祥异,静宁县等：静宁、灵台、肃州等处大旱，饥，人相食。——光绪《甘肃新通志》卷二祥异,,静宁县等：静宁、灵台、肃州等处大旱，饥，人相食。——光绪《甘肃新通志》卷二祥异,,静宁县等：静宁、灵台、肃州等处大旱，饥，人相食。——光绪《甘肃新通志》卷二祥异,
1484,甘肃,酒泉市,肃州区,1484|甘肃|酒泉|肃,明宪宗成化二十年,肃州,《甘肃新通志》,原文为古代地名肃州,保留,"v1,v2,v4,v6","v1,v2,v4,v6",4,0.5714,是,,静宁县等：静宁、灵台、肃州等处大旱，饥，人相食。——光绪《甘肃新通志》卷二祥异,静宁县等：静宁、灵台、肃州等处大旱，饥，人相食。——光绪《甘肃新通志》卷二祥异,,静宁县等：静宁、灵台、肃州等处大旱，饥，人相食。——光绪《甘肃新通志》卷二祥异,,静宁县等：静宁、灵台、肃州等处大旱，饥，人相食。——光绪《甘肃新通志》卷二祥异,
1484,甘肃,平凉市,静宁县,1484|甘肃|平凉|静宁,明宪宗成化二十年,无,《甘肃新通志》,无,保留,"v1,v2,v4,v6","v1,v2,v4,v6",4,0.5714,是,,静宁县等：静宁、灵台、肃州等处大旱，饥，人相食。——光绪《甘肃新通志》卷二祥异,静宁县等：静宁、灵台、肃州等处大旱，饥，人相食。——光绪《甘肃新通志》卷二祥异,,静宁县等：静宁、灵台、肃州等处大旱，饥，人相食。——光绪《甘肃新通志》卷二祥异,,静宁县等：静宁、灵台、肃州等处大旱，饥，人相食。——光绪《甘肃新通志》卷二祥异,
1484,河南,禹州市,禹县,1484|河南|禹|禹,明宪宗成化二十年,无,《禹州志》,无,保留,"v1,v2,v4,v6","v1,v2,v4,v6",4,0.5714,是,,禹县：大饥，人相食。——顺治《禹州志》卷九欝祥,禹县：大饥，人相食。——顺治《禹州志》卷九欝祥,,禹县：大饥，人相食。——顺治《禹州志》卷九欝祥,,禹县：大饥，人相食。——顺治《禹州志》卷九欝祥,
1484,甘肃,酒泉市,酒泉市,1484|甘肃|酒泉|酒泉,明宪宗成化二十年,无,《肃镇华夷志》,无,保留,"v1,v2,v4,v6","v1,v2,v4,v6",4,0.5714,是,,酒泉市：大饥，人相食。——万历《肃镇华夷志》卷四灾祥,酒泉市：大饥，人相食。——万历《肃镇华夷志》卷四灾祥,,酒泉市：大饥，人相食。——万历《肃镇华夷志》卷四灾祥,,酒泉市：大饥，人相食。——万历《肃镇华夷志》卷四灾祥,
1484,河南,郑州市,荥阳县,1484|河南|郑|荥阳,明宪宗成化二十年,无,《荥阳县志》,无,保留,"v1,v2,v4,v6","v1,v2,v4,v6",4,0.5714,是,,荥阳县：春大饥，人相食。——顺治《荥阳县志》卷七灾祥,荥阳县：春大饥，人相食。——顺治《荥阳县志》卷七灾祥,,荥阳县：春大饥，人相食。——顺治《荥阳县志》卷七灾祥,,荥阳县：春大饥，人相食。——顺治《荥阳县志》卷七灾祥,
1484,河南,周口市,西华县,1484|河南|周口|西华,明宪宗成化二十年,无,《西华县志》,无,保留,"v1,v2,v4,v6","v1,v2,v4,v6",4,0.5714,是,,西华县：饥，岁大俭，人相食。——乾隆《西华县志》卷八义行,西华县：饥，岁大俭，人相食。——乾隆《西华县志》卷八义行,,西华县：饥，岁大俭，人相食。——乾隆《西华县志》卷八义行,,西华县：饥，岁大俭，人相食。——乾隆《西华县志》卷八义行,
1484,山西,运城市,平陆县,1484|山西|运城|平陆,明宪宗成化二十年,无,《解州平陆县志》,无,保留,"v1,v2,v4,v6","v1,v2,v4,v6",4,0.5714,是,,平陆县：秋大旱，人相食。次年六月始雨。——乾隆《解州平陆县志》卷十一祥异,平陆县：秋大旱，人相食。次年六月始雨。——乾隆《解州平陆县志》卷十一祥异,,平陆县：秋大旱，人相食。次年六月始雨。——乾隆《解州平陆县志》卷十一祥异,,平陆县：秋大旱，人相食。次年六月始雨。——乾隆《解州平陆县志》卷十一祥异,
1484,河南,许昌市,许昌县,1484|河南|许昌|许昌,明宪宗成化二十年,无,《许州志》,无,保留,"v1,v2,v4,v6","v1,v2,v4,v6",4,0.5714,是,,许昌县：大饥，人相食。——嘉靖《许州志》卷十一祥异,许昌县：大饥，人相食。——嘉靖《许州志》卷十一祥异,,许昌县：大饥，人相食。——嘉靖《许州志》卷十一祥异,,许昌县：大饥，人相食。——嘉靖《许州志》卷十一祥异,
1484,河南,许昌市,鄢陵县,1484|河南|许昌|鄢陵,明宪宗成化二十年,无,《鄢陵县志》,无,保留,"v1,v2,v4,v6","v1,v2,v4,v6",4,0.5714,是,,鄢陵县：大饥，流民四集，互掠人以食。——嘉靖《鄢陵县志》卷七祥异,鄢陵县：大饥，流民四集，互掠人以食。——嘉靖《鄢陵县志》卷七祥异,,鄢陵县：大饥，流民四集，互掠人以食。——嘉靖《鄢陵县志》卷七祥异,,鄢陵县：大饥，流民四集，互掠人以食。——嘉靖《鄢陵县志》卷七祥异,
1484,山西,长治市,长子县,1484|山西|长治|长子,明宪宗成化二十年,无,《长子县志》,无,保留,"v1,v2,v4,v6","v1,v2,v4,v6",4,0.5714,是,,长子县：大饥，人相食。——康熙《长子县志》卷一灾异,长子县：大饥，人相食。——康熙《长子县志》卷一灾异,,长子县：大饥，人相食。——康熙《长子县志》卷一灾异,,长子县：大饥，人相食。——康熙《长子县志》卷一灾异,
1484,山西,晋城市,阳城县,1484|山西|晋城|阳城,明宪宗成化二十年,无,《阳城县志》,无,保留,"v1,v2,v4,v6","v1,v2,v4,v6",4,0.5714,是,,阳城县：大饥，人相食。——顺治《阳城县志》卷七祥异,阳城县：大饥，人相食。——顺治《阳城县志》卷七祥异,,阳城县：大饥，人相食。——顺治《阳城县志》卷七祥异,,阳城县：大饥，人相食。——顺治《阳城县志》卷七祥异,
1484,河南,新乡市,原阳县,1484|河南|新乡|原阳,明宪宗成化二十年,无,《阳武县志》,无,保留,"v1,v2,v4,v6","v1,v2,v4,v6",4,0.5714,是,,原阳县：大饥，人相食。赈。——康熙《阳武县志》卷八灾祥,原阳县：大饥，人相食。赈。——康熙《阳武县志》卷八灾祥,,原阳县：大饥，人相食。赈。——康熙《阳武县志》卷八灾祥,,原阳县：大饥，人相食。赈。——康熙《阳武县志》卷八灾祥,
1484,山西,晋城市,高平县,1484|山西|晋城|高平,明宪宗成化二十年,无,《高平县志》,无,保留,"v1,v2,v4,v6","v1,v2,v4,v6",4,0.5714,是,,高平县：岁大饥，民多疫死，生者至相食。上遣官赈恤，免租之半。——顺治《高平县志》卷九祥异,高平县：岁大饥，民多疫死，生者至相食。上遣官赈恤，免租之半。——顺治《高平县志》卷九祥异,,高平县：岁大饥，民多疫死，生者至相食。上遣官赈恤，免租之半。——顺治《高平县志》卷九祥异,,高平县：岁大饥，民多疫死，生者至相食。上遣官赈恤，免租之半。——顺治《高平县志》卷九祥异,
1484,河南,平顶山市,鲁山县,1484|河南|平顶山|鲁山,明宪宗成化二十年,无,《鲁山县志》,无,保留,"v1,v2,v4,v6","v1,v2,v4,v6",4,0.5714,是,,鲁山县：大旱，岁荒，人相食。至二十一年大熟。——嘉靖《鲁山县志》卷十灾祥,鲁山县：大旱，岁荒，人相食。至二十一年大熟。——嘉靖《鲁山县志》卷十灾祥,,鲁山县：大旱，岁荒，人相食。至二十一年大熟。——嘉靖《鲁山县志》卷十灾祥,,鲁山县：大旱，岁荒，人相食。至二十一年大熟。——嘉靖《鲁山县志》卷十灾祥,
1484,山东,聊城,冠县,1484|山东|聊城|冠,明宪宗成化二十年,无,东昌府志,无,保留,"v3,v7","v3,v7",2,0.2857,是,,,,冠县：旱，人相食。——乾隆《东昌府志》卷三总纪,,,,冠县：旱，人相食。——乾隆《东昌府志》卷三总纪
1484,山东,菏泽,东明县,1484|山东|菏泽|东明,明宪宗成化二十年,无,东明县志,无,保留,"v3,v7","v3,v7",2,0.2857,是,,,,东明县：岁大旱，人饥相食。——康熙《东明县志》卷七灾祥,,,,东明县：岁大旱，人饥相食。——康熙《东明县志》卷七灾祥
1484,河南,郑州,中牟县,1484|河南|郑|中牟,明宪宗成化二十年,无,中牟县志,无,保留,"v3,v7","v3,v7",2,0.2857,是,,,,中牟县：大旱，民食树皮、蒺藜、麻籽尽，有食人肉者。——正德《中牟县志》卷一祥异,,,,中牟县：大旱，民食树皮、蒺藜、麻籽尽，有食人肉者。——正德《中牟县志》卷一祥异
1484,山西,临汾,临汾县,1484|山西|临汾|临汾,明宪宗成化二十年,无,临汾县志,无,保留,"v3,v7","v3,v7",2,0.2857,是,,,,临汾市：秋不雨，次年六月始雨。饿殍盈野，人相食。——康熙五十七年《临汾县志》卷五祥异,,,,临汾市：秋不雨，次年六月始雨。饿殍盈野，人相食。——康熙五十七年《临汾县志》卷五祥异
1484,河南,漯河,临颍县,1484|河南|漯河|临颍,明宪宗成化二十年,无,临颍志,无,保留,"v3,v7","v3,v7",2,0.2857,是,,,,临颍县：大饥，人相食。——嘉靖《临颍志》卷八祥异,,,,临颍县：大饥，人相食。——嘉靖《临颍志》卷八祥异
1484,山西,临汾,乡宁县,1484|山西|临汾|乡宁,明宪宗成化二十年,无,乡宁县志,无,保留,"v3,v7","v3,v7",2,0.2857,是,,,,乡宁县：大饥，人相食。——民国《乡宁县志》卷八大事纪,,,,乡宁县：大饥，人相食。——民国《乡宁县志》卷八大事纪
1484,山西,运城,夏县,1484|山西|运城|夏,明宪宗成化二十年,无,华北、东北近五百年旱涝史料,无,保留,"v3,v7","v3,v7",2,0.2857,是,,,,夏县：大旱，人相食。——《华北、东北近五百年旱涝史料》第五分册，第38页,,,,夏县：大旱，人相食。——《华北、东北近五百年旱涝史料》第五分册，第38页
1484,河南,郑州,新郑县,1484|河南|郑|新郑,明宪宗成化二十年,无,华北、东北近五百年旱涝史料,无,保留,"v3,v7","v3,v7",2,0.2857,是,,,,新郑县：年大饥，人相食。——《华北、东北近五百年旱涝史料》第四分册，第22页,,,,新郑县：年大饥，人相食。——《华北、东北近五百年旱涝史料》第四分册，第22页
1484,山西,长治,屯留县,1484|山西|长治|屯留,明宪宗成化二十年,无,华北、东北近五百年旱涝史料,无,保留,"v3,v7","v3,v7",2,0.2857,是,,,,屯留县：大饥，民多疫死，人相食。——《华北、东北近五百年旱涝史料》第五分册，第61页,,,,屯留县：大饥，民多疫死，人相食。——《华北、东北近五百年旱涝史料》第五分册，第61页
1484,山东,济宁,兖州府,1484|山东|济宁|兖州府,明宪宗成化二十年,无,华北、东北近五百年旱涝史料,无,保留,v7,v7,1,0.1429,是,,,,,,,,兖州府：春至秋不雨，蝗蝻满地，人相食。——《华北、东北近五百年旱涝史料》第三分册，第74页
1484,陕西,渭南,华阴县,1484|陕西|渭南|华阴,明宪宗成化二十年,无,华阴县志,无,保留,"v3,v7","v3,v7",2,0.2857,是,,,,华阴县：二十年，二十一年大荒，民至相食，十亡八九。——万历《华阴县志》卷七祥异,,,,华阴县：二十年，二十一年大荒，民至相食，十亡八九。——万历《华阴县志》卷七祥异
1484,河南,濮阳,南乐县,1484|河南|濮阳|南乐,明宪宗成化二十年,无,南乐县志,无,保留,"v3,v7","v3,v7",2,0.2857,是,,,,南乐县：岁大饥，人相食。——康熙《南乐县志》卷九纪年,,,,南乐县：岁大饥，人相食。——康熙《南乐县志》卷九纪年
1484,陕西,咸阳,咸阳县,1484|陕西|咸阳|咸阳,明宪宗成化二十年,无,咸阳县新志,无,保留,"v3,v7","v3,v7",2,0.2857,是,,,,咸阳市：成化二十年，二十一年大祲，人相食。——万历《咸阳县新志》卷九纪事,,,,咸阳市：成化二十年，二十一年大祲，人相食。——万历《咸阳县新志》卷九纪事
1484,河北,邯郸,大名县,1484|河北|邯郸|大名,明宪宗成化二十年,无,大名县志,无,保留,"v3,v7","v3,v7",2,0.2857,是,,,,大名县：大旱，饥，人相食。——乾隆《大名县志》卷二十七禨祥,,,,大名县：大旱，饥，人相食。——乾隆《大名县志》卷二十七禨祥
1484,山西,临汾,襄汾县,1484|山西|临汾|襄汾,明宪宗成化二十年,无,太平县志,无,保留,"v3,v7","v3,v7",2,0.2857,是,,,,襄汾县：人民相食。——乾隆《太平县志》卷十纪,,,,襄汾县：人民相食。——乾隆《太平县志》卷十纪
1484,山西,运城,安邑县,1484|山西|运城|安邑,明宪宗成化二十年,无,安邑县志,无,保留,"v3,v7","v3,v7",2,0.2857,是,,,,运城市：大旱，人相食。——万历《安邑县志》卷八祥异,,,,运城市：大旱，人相食。——万历《安邑县志》卷八祥异
1484,河南,开封,尉氏县,1484|河南|开封|尉氏,明宪宗成化二十年,无,尉氏县志,无,保留,"v3,v7","v3,v7",2,0.2857,是,,,,尉氏县：大饥，至人相食。——嘉靖《尉氏县志》卷四祥异,,,,尉氏县：大饥，至人相食。——嘉靖《尉氏县志》卷四祥异
1484,山西,运城,临晋县,1484|山西|运城|临晋,明宪宗成化二十年,无,山西通志,无,需校验地区信息,"v3,v7","v3,v7",2,0.2857,是,同年同省同来源同 record，但地区名存在近似异写或明显异体，需校验地区信息,,,曲沃、洪洞、临汾、临晋、荣河、解州、平陆、夏邑、安邑、孝义、崞县大旱，人相食。长子、宁乡、泽州、高平、阳城饥疫，遣使赈恤。免通省田租之半。——雍正《山西通志》卷一六三祥异,,,,曲沃、洪洞、临汾、临晋、荣河、解州、平陆、夏邑、安邑、孝义、崞县大旱，人相食。长子、宁乡、泽州、高平、阳城饥疫，遣使赈恤。免通省田租之半。——雍正《山西通志》卷一六三祥异
1484,山西,临汾,临汾县,1484|山西|临汾|临汾,明宪宗成化二十年,无,山西通志,无,需校验地区信息,"v3,v7","v3,v7",2,0.2857,是,同年同省同来源同 record，但地区名存在近似异写或明显异体，需校验地区信息,,,曲沃、洪洞、临汾、临晋、荣河、解州、平陆、夏邑、安邑、孝义、崞县大旱，人相食。长子、宁乡、泽州、高平、阳城饥疫，遣使赈恤。免通省田租之半。——雍正《山西通志》卷一六三祥异,,,,曲沃、洪洞、临汾、临晋、荣河、解州、平陆、夏邑、安邑、孝义、崞县大旱，人相食。长子、宁乡、泽州、高平、阳城饥疫，遣使赈恤。免通省田租之半。——雍正《山西通志》卷一六三祥异
1484,山西,运城,夏县,1484|山西|运城|夏,明宪宗成化二十年,无,山西通志,无,需校验地区信息,v7,v7,1,0.1429,是,同年同省同来源同 record，但地区名存在近似异写或明显异体，需校验地区信息,,,,,,,曲沃、洪洞、临汾、临晋、荣河、解州、平陆、夏邑、安邑、孝义、崞县大旱，人相食。长子、宁乡、泽州、高平、阳城饥疫，遣使赈恤。免通省田租之半。——雍正《山西通志》卷一六三祥异
1484,山西,,夏邑县,1484|山西|夏邑,明宪宗成化二十年,无,山西通志,无,需校验地区信息,v3,v3,1,0.1429,是,同年同省同来源同 record，但地区名存在近似异写或明显异体，需校验地区信息,,,曲沃、洪洞、临汾、临晋、荣河、解州、平陆、夏邑、安邑、孝义、崞县大旱，人相食。长子、宁乡、泽州、高平、阳城饥疫，遣使赈恤。免通省田租之半。——雍正《山西通志》卷一六三祥异,,,,
1484,山西,吕梁,孝义县,1484|山西|吕梁|孝义,明宪宗成化二十年,无,山西通志,无,需校验地区信息,"v3,v7","v3,v7",2,0.2857,是,同年同省同来源同 record，但地区名存在近似异写或明显异体，需校验地区信息,,,曲沃、洪洞、临汾、临晋、荣河、解州、平陆、夏邑、安邑、孝义、崞县大旱，人相食。长子、宁乡、泽州、高平、阳城饥疫，遣使赈恤。免通省田租之半。——雍正《山西通志》卷一六三祥异,,,,曲沃、洪洞、临汾、临晋、荣河、解州、平陆、夏邑、安邑、孝义、崞县大旱，人相食。长子、宁乡、泽州、高平、阳城饥疫，遣使赈恤。免通省田租之半。——雍正《山西通志》卷一六三祥异
1484,山西,运城,安邑县,1484|山西|运城|安邑,明宪宗成化二十年,无,山西通志,无,需校验地区信息,"v3,v7","v3,v7",2,0.2857,是,同年同省同来源同 record，但地区名存在近似异写或明显异体，需校验地区信息,,,曲沃、洪洞、临汾、临晋、荣河、解州、平陆、夏邑、安邑、孝义、崞县大旱，人相食。长子、宁乡、泽州、高平、阳城饥疫，遣使赈恤。免通省田租之半。——雍正《山西通志》卷一六三祥异,,,,曲沃、洪洞、临汾、临晋、荣河、解州、平陆、夏邑、安邑、孝义、崞县大旱，人相食。长子、宁乡、泽州、高平、阳城饥疫，遣使赈恤。免通省田租之半。——雍正《山西通志》卷一六三祥异
1484,山西,忻州,崞县,1484|山西|忻|崞,明宪宗成化二十年,无,山西通志,无,需校验地区信息,"v3,v7","v3,v7",2,0.2857,是,同年同省同来源同 record，但地区名存在近似异写或明显异体，需校验地区信息,,,曲沃、洪洞、临汾、临晋、荣河、解州、平陆、夏邑、安邑、孝义、崞县大旱，人相食。长子、宁乡、泽州、高平、阳城饥疫，遣使赈恤。免通省田租之半。——雍正《山西通志》卷一六三祥异,,,,曲沃、洪洞、临汾、临晋、荣河、解州、平陆、夏邑、安邑、孝义、崞县大旱，人相食。长子、宁乡、泽州、高平、阳城饥疫，遣使赈恤。免通省田租之半。——雍正《山西通志》卷一六三祥异
1484,山西,运城,平陆县,1484|山西|运城|平陆,明宪宗成化二十年,无,山西通志,无,需校验地区信息,"v3,v7","v3,v7",2,0.2857,是,同年同省同来源同 record，但地区名存在近似异写或明显异体，需校验地区信息,,,曲沃、洪洞、临汾、临晋、荣河、解州、平陆、夏邑、安邑、孝义、崞县大旱，人相食。长子、宁乡、泽州、高平、阳城饥疫，遣使赈恤。免通省田租之半。——雍正《山西通志》卷一六三祥异,,,,曲沃、洪洞、临汾、临晋、荣河、解州、平陆、夏邑、安邑、孝义、崞县大旱，人相食。长子、宁乡、泽州、高平、阳城饥疫，遣使赈恤。免通省田租之半。——雍正《山西通志》卷一六三祥异
1484,山西,临汾,曲沃县,1484|山西|临汾|曲沃,明宪宗成化二十年,无,山西通志,无,需校验地区信息,"v3,v7","v3,v7",2,0.2857,是,同年同省同来源同 record，但地区名存在近似异写或明显异体，需校验地区信息,,,曲沃、洪洞、临汾、临晋、荣河、解州、平陆、夏邑、安邑、孝义、崞县大旱，人相食。长子、宁乡、泽州、高平、阳城饥疫，遣使赈恤。免通省田租之半。——雍正《山西通志》卷一六三祥异,,,,曲沃、洪洞、临汾、临晋、荣河、解州、平陆、夏邑、安邑、孝义、崞县大旱，人相食。长子、宁乡、泽州、高平、阳城饥疫，遣使赈恤。免通省田租之半。——雍正《山西通志》卷一六三祥异
1484,山西,临汾,洪洞县,1484|山西|临汾|洪洞,明宪宗成化二十年,无,山西通志,无,需校验地区信息,"v3,v7","v3,v7",2,0.2857,是,同年同省同来源同 record，但地区名存在近似异写或明显异体，需校验地区信息,,,曲沃、洪洞、临汾、临晋、荣河、解州、平陆、夏邑、安邑、孝义、崞县大旱，人相食。长子、宁乡、泽州、高平、阳城饥疫，遣使赈恤。免通省田租之半。——雍正《山西通志》卷一六三祥异,,,,曲沃、洪洞、临汾、临晋、荣河、解州、平陆、夏邑、安邑、孝义、崞县大旱，人相食。长子、宁乡、泽州、高平、阳城饥疫，遣使赈恤。免通省田租之半。——雍正《山西通志》卷一六三祥异
1484,山西,运城,荣河县,1484|山西|运城|荣河,明宪宗成化二十年,无,山西通志,无,需校验地区信息,"v3,v7","v3,v7",2,0.2857,是,同年同省同来源同 record，但地区名存在近似异写或明显异体，需校验地区信息,,,曲沃、洪洞、临汾、临晋、荣河、解州、平陆、夏邑、安邑、孝义、崞县大旱，人相食。长子、宁乡、泽州、高平、阳城饥疫，遣使赈恤。免通省田租之半。——雍正《山西通志》卷一六三祥异,,,,曲沃、洪洞、临汾、临晋、荣河、解州、平陆、夏邑、安邑、孝义、崞县大旱，人相食。长子、宁乡、泽州、高平、阳城饥疫，遣使赈恤。免通省田租之半。——雍正《山西通志》卷一六三祥异
1484,山西,运城,解州,1484|山西|运城|解,明宪宗成化二十年,无,山西通志,无,需校验地区信息,"v3,v7","v3,v7",2,0.2857,是,同年同省同来源同 record，但地区名存在近似异写或明显异体，需校验地区信息,,,曲沃、洪洞、临汾、临晋、荣河、解州、平陆、夏邑、安邑、孝义、崞县大旱，人相食。长子、宁乡、泽州、高平、阳城饥疫，遣使赈恤。免通省田租之半。——雍正《山西通志》卷一六三祥异,,,,曲沃、洪洞、临汾、临晋、荣河、解州、平陆、夏邑、安邑、孝义、崞县大旱，人相食。长子、宁乡、泽州、高平、阳城饥疫，遣使赈恤。免通省田租之半。——雍正《山西通志》卷一六三祥异
1484,甘肃,平凉,崇信县,1484|甘肃|平凉|崇信,明宪宗成化二十年,无,平凉府志,无,保留,"v3,v7","v3,v7",2,0.2857,是,,,,崇信县：大饥，斗米五钱，人相食。——嘉靖《平凉府志》卷十二祥异,,,,崇信县：大饥，斗米五钱，人相食。——嘉靖《平凉府志》卷十二祥异
1484,山西,临汾,曲沃县,1484|山西|临汾|曲沃,明宪宗成化二十年,无,平阳府志,无,保留,"v3,v7","v3,v7",2,0.2857,是,,,,曲沃县：秋不雨，饥莩盈野，人相食。诸州是皆然，次年六月始雨。——万历《平阳府志》卷十灾祥,,,,曲沃县：秋不雨，饥莩盈野，人相食。诸州是皆然，次年六月始雨。——万历《平阳府志》卷十灾祥
1484,陕西,榆林,榆林县,1484|陕西|榆林|榆林,明宪宗成化二十年,无,延绥镇志,无,保留,"v3,v7","v3,v7",2,0.2857,是,,,,榆林县：大旱，多虫。大饥，人相食。——万历《延绥镇志》卷三灾异,,,,榆林县：大旱，多虫。大饥，人相食。——万历《延绥镇志》卷三灾异
1484,河南,开封,开封市,1484|河南|开封|开封,明宪宗成化二十年,无,开封府志,无,保留,"v3,v7","v3,v7",2,0.2857,是,,,,开封市：大饥，人相食。——万历《开封府志》卷二機祥,,,,开封市：大饥，人相食。——万历《开封府志》卷二機祥
1484,陕西,宝鸡,扶风县,1484|陕西|宝鸡|扶风,明宪宗成化二十年,无,扶风县志,无,保留,v7,v7,1,0.1429,是,,,,,,,,陕西连岁大旱，百姓流亡殆尽，人相食。——顺治《扶风县志》卷一灾祥
1484,河南,新乡,新乡县,1484|河南|新乡|新乡,明宪宗成化二十年,无,新乡县续志,无,保留,"v3,v7","v3,v7",2,0.2857,是,,,,新乡县：春饥，人相食。——康熙《新乡县续志》卷二灾异,,,,新乡县：春饥，人相食。——康熙《新乡县续志》卷二灾异
1484,河南,洛阳,新安县,1484|河南|洛阳|新安,明宪宗成化二十年,无,新安县志,无,保留,"v3,v7","v3,v7",2,0.2857,是,,,,新安县：大饥，人相食，死者枕藉。——康熙《新安县志》卷十七灾异,,,,新安县：大饥，人相食，死者枕藉。——康熙《新安县志》卷十七灾异
1484,陕西,渭南,大荔县,1484|陕西|渭南|大荔,明宪宗成化二十年,无,朝邑县志,无,保留,"v3,v7","v3,v7",2,0.2857,是,,,,大荔县：二十年，二十一年大祲，人相食。——正德《朝邑县志》卷一总志,,,,大荔县：二十年，二十一年大祲，人相食。——正德《朝邑县志》卷一总志
1484,河南,开封,杞县,1484|河南|开封|杞,明宪宗成化二十年,无,杞乘,无,保留,"v3,v7","v3,v7",2,0.2857,是,,,,杞县：大饥，人相食。——万历《杞乘》卷二今总纪,,,,杞县：大饥，人相食。——万历《杞乘》卷二今总纪
1484,陕西,咸阳,武功县,1484|陕西|咸阳|武功,明宪宗成化二十年,无,武功县志,无,保留,"v3,v7","v3,v7",2,0.2857,是,,,,武功县：岁大饥，民相食，流移者十之七八。——正德《武功县志》卷二官师,,,,武功县：岁大饥，民相食，流移者十之七八。——正德《武功县志》卷二官师
1484,山西,运城,永济县,1484|山西|运城|永济,明宪宗成化二十年,无,永济县志,无,保留,"v3,v7","v3,v7",2,0.2857,是,,,,永济县：大旱，民多易子而食，死徙者不可胜数。——光绪《永济县志》卷二十三纪事,,,,永济县：大旱，民多易子而食，死徙者不可胜数。——光绪《永济县志》卷二十三纪事
1484,山西,晋城,泽州,1484|山西|晋城|泽,明宪宗成化二十年,无,泽州府志,无,需校验地区信息,"v3,v7","v3,v7",2,0.2857,是,同年同省同来源同 record，但地区名存在近似异写或明显异体，需校验地区信息,,,晋城市等：泽州、高平、阳城大饥，民多疫死，生者至相食。诏遣户部郎中移河南、山东二省粟各方石赈恤，仍免山西阖省田租之半。——雍正《泽州府志》卷五十祥异,,,,晋城市等：泽州、高平、阳城大饥，民多疫死，生者至相食。诏遣户部郎中移河南、山东二省粟各方石赈恤，仍免山西阖省田租之半。——雍正《泽州府志》卷五十祥异
1484,山西,晋城,阳城县,1484|山西|晋城|阳城,明宪宗成化二十年,无,泽州府志,无,需校验地区信息,"v3,v7","v3,v7",2,0.2857,是,同年同省同来源同 record，但地区名存在近似异写或明显异体，需校验地区信息,,,晋城市等：泽州、高平、阳城大饥，民多疫死，生者至相食。诏遣户部郎中移河南、山东二省粟各方石赈恤，仍免山西阖省田租之半。——雍正《泽州府志》卷五十祥异,,,,晋城市等：泽州、高平、阳城大饥，民多疫死，生者至相食。诏遣户部郎中移河南、山东二省粟各方石赈恤，仍免山西阖省田租之半。——雍正《泽州府志》卷五十祥异
1484,山西,晋城,高平县,1484|山西|晋城|高平,明宪宗成化二十年,无,泽州府志,无,需校验地区信息,"v3,v7","v3,v7",2,0.2857,是,同年同省同来源同 record，但地区名存在近似异写或明显异体，需校验地区信息,,,晋城市等：泽州、高平、阳城大饥，民多疫死，生者至相食。诏遣户部郎中移河南、山东二省粟各方石赈恤，仍免山西阖省田租之半。——雍正《泽州府志》卷五十祥异,,,,晋城市等：泽州、高平、阳城大饥，民多疫死，生者至相食。诏遣户部郎中移河南、山东二省粟各方石赈恤，仍免山西阖省田租之半。——雍正《泽州府志》卷五十祥异
1484,陕西,咸阳,泾阳县,1484|陕西|咸阳|泾阳,明宪宗成化二十年,无,泾阳县志,无,保留,"v3,v7","v3,v7",2,0.2857,是,,,,泾阳县：连岁大旱，无麦禾，百姓流亡，人相食。——康熙《泾阳县志》卷一祥异,,,,泾阳县：连岁大旱，无麦禾，百姓流亡，人相食。——康熙《泾阳县志》卷一祥异
1484,河南,洛阳,洛阳市,1484|河南|洛阳|洛阳,明宪宗成化二十年,无,洛阳州志,无,保留,"v3,v7","v3,v7",2,0.2857,是,,,,洛阳市：岁大祲，人相食。——顺治《洛阳州志》卷九灾祥,,,,洛阳市：岁大祲，人相食。——顺治《洛阳州志》卷九灾祥
1484,河南,焦作,温县,1484|河南|焦作|温,明宪宗成化二十年,无,温县志,无,保留,"v3,v7","v3,v7",2,0.2857,是,,,,温县：人相食。——万历《温县志》卷下灾祥附,,,,温县：人相食。——万历《温县志》卷下灾祥附
1484,陕西,渭南,渭南县,1484|陕西|渭南|渭南,明宪宗成化二十年,无,渭南县志,无,保留,v7,v7,1,0.1429,是,,,,,,,,二十年、二十一年关中大饥，人相食，流亡殆尽。——万历《渭南县志》卷十六灾祥
1484,山西,长治,潞城县,1484|山西|长治|潞城,明宪宗成化二十年,无,潞城县志,无,保留,"v3,v7","v3,v7",2,0.2857,是,,,,潞城县：饥民相食，饿殍盈野，瘟疫大作。——天启《潞城县志》卷八灾祥,,,,潞城县：饥民相食，饿殍盈野，瘟疫大作。——天启《潞城县志》卷八灾祥
1484,甘肃,平凉,静宁县,1484|甘肃|平凉|静宁,明宪宗成化二十年,无,甘肃新通志,无,保留,v7,v7,1,0.1429,是,,,,,,,,静宁县等：静宁、灵台、肃州等处大旱，饥，人相食。——光绪《甘肃新通志》卷二祥异
1484,河南,许昌,禹县,1484|河南|许昌|禹,明宪宗成化二十年,无,禹州志,无,保留,"v3,v7","v3,v7",2,0.2857,是,,,,禹县：大饥，人相食。——顺治《禹州志》卷九欝祥,,,,禹县：大饥，人相食。——顺治《禹州志》卷九欝祥
1484,甘肃,酒泉,酒泉市,1484|甘肃|酒泉|酒泉,明宪宗成化二十年,无,肃镇华夷志,无,保留,"v3,v7","v3,v7",2,0.2857,是,,,,酒泉市：大饥，人相食。——万历《肃镇华夷志》卷四灾祥,,,,酒泉市：大饥，人相食。——万历《肃镇华夷志》卷四灾祥
1484,河南,郑州,荥阳县,1484|河南|郑|荥阳,明宪宗成化二十年,无,荥阳县志,无,保留,"v3,v7","v3,v7",2,0.2857,是,,,,荥阳县：春大饥，人相食。——顺治《荥阳县志》卷七灾祥,,,,荥阳县：春大饥，人相食。——顺治《荥阳县志》卷七灾祥
1484,河南,周口,西华县,1484|河南|周口|西华,明宪宗成化二十年,无,西华县志,无,保留,"v3,v7","v3,v7",2,0.2857,是,,,,西华县：饥，岁大俭，人相食。——乾隆《西华县志》卷八义行,,,,西华县：饥，岁大俭，人相食。——乾隆《西华县志》卷八义行
1484,山西,运城,平陆县,1484|山西|运城|平陆,明宪宗成化二十年,无,解州平陆县志,无,保留,"v3,v7","v3,v7",2,0.2857,是,,,,平陆县：秋大旱，人相食。次年六月始雨。——乾隆《解州平陆县志》卷十一祥异,,,,平陆县：秋大旱，人相食。次年六月始雨。——乾隆《解州平陆县志》卷十一祥异
1484,河南,许昌,许昌县,1484|河南|许昌|许昌,明宪宗成化二十年,无,许州志,无,保留,"v3,v7","v3,v7",2,0.2857,是,,,,许昌县：大饥，人相食。——嘉靖《许州志》卷十一祥异,,,,许昌县：大饥，人相食。——嘉靖《许州志》卷十一祥异
1484,河南,许昌,鄢陵县,1484|河南|许昌|鄢陵,明宪宗成化二十年,无,鄢陵县志,无,保留,"v3,v7","v3,v7",2,0.2857,是,,,,鄢陵县：大饥，流民四集，互掠人以食。——嘉靖《鄢陵县志》卷七祥异,,,,鄢陵县：大饥，流民四集，互掠人以食。——嘉靖《鄢陵县志》卷七祥异
1484,山西,长治,长子县,1484|山西|长治|长子,明宪宗成化二十年,无,长子县志,无,保留,"v3,v7","v3,v7",2,0.2857,是,,,,长子县：大饥，人相食。——康熙《长子县志》卷一灾异,,,,长子县：大饥，人相食。——康熙《长子县志》卷一灾异
1484,山西,晋城,阳城县,1484|山西|晋城|阳城,明宪宗成化二十年,无,阳城县志,无,保留,"v3,v7","v3,v7",2,0.2857,是,,,,阳城县：大饥，人相食。——顺治《阳城县志》卷七祥异,,,,阳城县：大饥，人相食。——顺治《阳城县志》卷七祥异
1484,河南,新乡,原阳县,1484|河南|新乡|原阳,明宪宗成化二十年,无,阳武县志,无,保留,"v3,v7","v3,v7",2,0.2857,是,,,,原阳县：大饥，人相食。赈。——康熙《阳武县志》卷八灾祥,,,,原阳县：大饥，人相食。赈。——康熙《阳武县志》卷八灾祥
1484,山西,晋城,高平县,1484|山西|晋城|高平,明宪宗成化二十年,无,高平县志,无,保留,"v3,v7","v3,v7",2,0.2857,是,,,,高平县：岁大饥，民多疫死，生者至相食。上遣官赈恤，免租之半。——顺治《高平县志》卷九祥异,,,,高平县：岁大饥，民多疫死，生者至相食。上遣官赈恤，免租之半。——顺治《高平县志》卷九祥异
1484,河南,平顶山,鲁山县,1484|河南|平顶山|鲁山,明宪宗成化二十年,无,鲁山县志,无,保留,"v3,v7","v3,v7",2,0.2857,是,,,,鲁山县：大旱，岁荒，人相食。至二十一年大熟。——嘉靖《鲁山县志》卷十灾祥,,,,鲁山县：大旱，岁荒，人相食。至二十一年大熟。——嘉靖《鲁山县志》卷十灾祥
1485,河北,,丘县,1485|河北|丘,明宪宗成化二十一年,无,《丘县志》,无,保留,"v1,v2,v3,v4,v5,v6","v1,v2,v3,v4,v5,v6",6,0.8571,是,,丘县：大饥，人相食。——康熙《丘县志》卷八祥异,丘县：大饥，人相食。——康熙《丘县志》卷八祥异,丘县：大饥，人相食。——康熙《丘县志》卷八祥异,丘县：大饥，人相食。——康熙《丘县志》卷八祥异,丘县：大饥，人相食。——康熙《丘县志》卷八祥异,丘县：大饥，人相食。——康熙《丘县志》卷八祥异,
1485,山东,聊城市,聊城县,1485|山东|聊城|聊城,明宪宗成化二十一年,东昌府,《东昌府志》,无,保留,"v1,v2,v3,v4,v5","v1,v2,v3,v4,v5",5,0.7143,是,,大饥，人相食。——万历《东昌府志》卷十七祥异,大饥，人相食。——万历《东昌府志》卷十七祥异,大饥，人相食。——万历《东昌府志》卷十七祥异,大饥，人相食。——万历《东昌府志》卷十七祥异,大饥，人相食。——万历《东昌府志》卷十七祥异,,
1485,山西,临汾市,临汾县,1485|山西|临汾|临汾,明宪宗成化二十一年,无,《临汾县志》,无,保留,"v1,v2,v3,v4,v5,v6","v1,v2,v3,v4,v5,v6",6,0.8571,是,,临汾市：大饥，人相食。——康熙五十七年《临汾县志》卷五祥异,临汾市：大饥，人相食。——康熙五十七年《临汾县志》卷五祥异,临汾市：大饥，人相食。——康熙五十七年《临汾县志》卷五祥异,临汾市：大饥，人相食。——康熙五十七年《临汾县志》卷五祥异,临汾市：大饥，人相食。——康熙五十七年《临汾县志》卷五祥异,临汾市：大饥，人相食。——康熙五十七年《临汾县志》卷五祥异,
1485,山东,临沂市,临沂县,1485|山东|临沂|临沂,明宪宗成化二十一年,无,《临沂县志》,无,保留,"v1,v2,v3,v4,v5,v6","v1,v2,v3,v4,v5,v6",6,0.8571,是,,临沂市：春至秋不雨，蝗灾，人相食。——民国《临沂县志》卷一通纪,临沂市：春至秋不雨，蝗灾，人相食。——民国《临沂县志》卷一通纪,临沂市：春至秋不雨，蝗灾，人相食。——民国《临沂县志》卷一通纪,临沂市：春至秋不雨，蝗灾，人相食。——民国《临沂县志》卷一通纪,临沂市：春至秋不雨，蝗灾，人相食。——民国《临沂县志》卷一通纪,临沂市：春至秋不雨，蝗灾，人相食。——民国《临沂县志》卷一通纪,
1485,河北,,临漳县,1485|河北|临漳,明宪宗成化二十一年,无,《临漳县志》,无,保留,"v1,v2,v3,v4,v5,v6","v1,v2,v3,v4,v5,v6",6,0.8571,是,,临漳县：不雨，人相食。——雍正《临漳县志》卷一灾祥,临漳县：不雨，人相食。——雍正《临漳县志》卷一灾祥,临漳县：不雨，人相食。——雍正《临漳县志》卷一灾祥,临漳县：不雨，人相食。——雍正《临漳县志》卷一灾祥,临漳县：不雨，人相食。——雍正《临漳县志》卷一灾祥,临漳县：不雨，人相食。——雍正《临漳县志》卷一灾祥,
1485,山东,济宁市,兖州县,1485|山东|济宁|兖,明宪宗成化二十一年,兖州府,《兖州府志》,无,保留,"v1,v2,v3,v4,v5,v6","v1,v2,v3,v4,v5,v6",6,0.8571,是,,兖州县：春至秋不雨，蝗蝻满地，人相食。——万历元年《兖州府志》卷十五灾祥,兖州县：春至秋不雨，蝗蝻满地，人相食。——万历元年《兖州府志》卷十五灾祥,兖州县：春至秋不雨，蝗蝻满地，人相食。——万历元年《兖州府志》卷十五灾祥,兖州县：春至秋不雨，蝗蝻满地，人相食。——万历元年《兖州府志》卷十五灾祥,兖州县：春至秋不雨，蝗蝻满地，人相食。——万历元年《兖州府志》卷十五灾祥,兖州市：春至秋不雨，蝗蝻满地，人相食。——万历元年《兖州府志》卷十五灾祥,
1485,山西,,翼城县,1485|山西|翼城,明宪宗成化二十一年,无,《冀城县志》,无,保留,"v1,v2,v4,v5,v6","v1,v2,v4,v5,v6",5,0.7143,是,,翼城县：是年，民大饥，人相食。——民国《冀城县志》卷十四祥异,翼城县：是年，民大饥，人相食。——民国《冀城县志》卷十四祥异,,翼城县：是年，民大饥，人相食。——民国《冀城县志》卷十四祥异,翼城县：是年，民大饥，人相食。——民国《冀城县志》卷十四祥异,翼城县：是年，民大饥，人相食。——民国《冀城县志》卷十四祥异,
1485,陕西,渭南市,华县,1485|陕西|渭南|华,明宪宗成化二十一年,无,《华县县志稿》,无,保留,"v1,v2,v3,v4,v5,v6","v1,v2,v3,v4,v5,v6",6,0.8571,是,,华县：人相食。——民国《华县县志稿》卷十一人物,华县：人相食。——民国《华县县志稿》卷十一人物,华县：人相食。——民国《华县县志稿》卷十一人物,华县：人相食。——民国《华县县志稿》卷十一人物,华县：人相食。——民国《华县县志稿》卷十一人物,华县：人相食。——民国《华县县志稿》卷十一人物,
1485,陕西,渭南市,华阴县,1485|陕西|渭南|华阴,明宪宗成化二十一年,无,《华阴县志》,无,保留,"v1,v2,v3,v4,v5,v6","v1,v2,v3,v4,v5,v6",6,0.8571,是,,华阴县：大荒，民至相食，十亡八九。——万历《华阴县志》卷七祥异,华阴县：大荒，民至相食，十亡八九。——万历《华阴县志》卷七祥异,华阴县：大荒，民至相食，十亡八九。——万历《华阴县志》卷七祥异,华阴县：大荒，民至相食，十亡八九。——万历《华阴县志》卷七祥异,华阴县：大荒，民至相食，十亡八九。——万历《华阴县志》卷七祥异,华阴县：大荒，民至相食，十亡八九。——万历《华阴县志》卷七祥异,
1485,陕西,渭南市,大荔县,1485|陕西|渭南|大荔,明宪宗成化二十一年,同州,《同州志》,无,保留,"v1,v2,v3,v4,v5,v6","v1,v2,v3,v4,v5,v6",6,0.8571,是,,大荔县：荐饥，人相食，大徙。——天启《同州志》卷十六祥禄,大荔县：荐饥，人相食，大徙。——天启《同州志》卷十六祥禄,大荔县：荐饥，人相食，大徙。——天启《同州志》卷十六祥禄,大荔县：荐饥，人相食，大徙。——天启《同州志》卷十六祥禄,大荔县：荐饥，人相食，大徙。——天启《同州志》卷十六祥禄,大荔县：荐饥，人相食，大徙。——天启《同州志》卷十六祥禄,
1485,陕西,西安市,长安县,1485|陕西|西安|长安,明宪宗成化二十一年,无,《咸宁县志》,无,保留,"v1,v2,v3,v4,v5,v6","v1,v2,v3,v4,v5,v6",6,0.8571,是,,长安县：连岁大旱，百姓流亡殆尽，人至相食。——康熙《咸宁县志》卷七祥异,长安县：连岁大旱，百姓流亡殆尽，人至相食。——康熙《咸宁县志》卷七祥异,长安县：连岁大旱，百姓流亡殆尽，人至相食。——康熙《咸宁县志》卷七祥异,长安县：连岁大旱，百姓流亡殆尽，人至相食。——康熙《咸宁县志》卷七祥异,长安县：连岁大旱，百姓流亡殆尽，人至相食。——康熙《咸宁县志》卷七祥异,长安县：连岁大旱，百姓流亡殆尽，人至相食。——康熙《咸宁县志》卷七祥异,
1485,陕西,咸阳市,咸阳县,1485|陕西|咸阳|咸阳,明宪宗成化二十一年,无,《咸阳县新志》,无,保留,"v1,v2,v3,v4,v5,v6","v1,v2,v3,v4,v5,v6",6,0.8571,是,,咸阳市：岁大祲，人相食。——万历《咸阳县新志》卷九纪事,咸阳市：岁大祲，人相食。——万历《咸阳县新志》卷九纪事,咸阳市：岁大祲，人相食。——万历《咸阳县新志》卷九纪事,咸阳市：岁大祲，人相食。——万历《咸阳县新志》卷九纪事,咸阳市：岁大祲，人相食。——万历《咸阳县新志》卷九纪事,咸阳市：岁大祲，人相食。——万历《咸阳县新志》卷九纪事,
1485,山西,,垣曲县,1485|山西|垣曲,明宪宗成化二十一年,无,《垣曲县志》,无,保留,"v1,v2,v3,v4,v5,v6","v1,v2,v3,v4,v5,v6",6,0.8571,是,,垣曲县：大旱，飞蝗兼至，人皆相食，流死者大半，饥民啸聚山林。——康熙《垣曲县志》卷十二灾荒,垣曲县：大旱，飞蝗兼至，人皆相食，流死者大半，饥民啸聚山林。——康熙《垣曲县志》卷十二灾荒,垣曲县：大旱，飞蝗兼至，人皆相食，流死者大半，饥民啸聚山林。——康熙《垣曲县志》卷十二灾荒,垣曲县：大旱，飞蝗兼至，人皆相食，流死者大半，饥民啸聚山林。——康熙《垣曲县志》卷十二灾荒,垣曲县：大旱，飞蝗兼至，人皆相食，流死者大半，饥民啸聚山林。——康熙《垣曲县志》卷十二灾荒,垣曲县：大旱，飞蝗兼至，人皆相食，流死者大半，饥民啸聚山林。——康熙《垣曲县志》卷十二灾荒,
1485,山东,德州市,夏津县,1485|山东|德|夏津,明宪宗成化二十一年,无,《夏津县志》,无,保留,"v1,v2,v3,v4,v5,v6","v1,v2,v3,v4,v5,v6",6,0.8571,是,,夏津县：大饥，人相食。——乾隆《夏津县志》卷九灾祥,夏津县：大饥，人相食。——乾隆《夏津县志》卷九灾祥,夏津县：大饥，人相食。——乾隆《夏津县志》卷九灾祥,夏津县：大饥，人相食。——乾隆《夏津县志》卷九灾祥,夏津县：大饥，人相食。——乾隆《夏津县志》卷九灾祥,夏津县：大饥，人相食。——乾隆《夏津县志》卷九灾祥,
1485,甘肃,陇南市,徽县,1485|甘肃|陇南|徽,明宪宗成化二十一年,无,《徽郡志》,无,保留,"v1,v2,v3,v4,v5,v6","v1,v2,v3,v4,v5,v6",6,0.8571,是,,徽县：岁大饥，人相食。——嘉靖《徽郡志》卷八祥异,徽县：岁大饥，人相食。——嘉靖《徽郡志》卷八祥异,徽县：岁大饥，人相食。——嘉靖《徽郡志》卷八祥异,徽县：岁大饥，人相食。——嘉靖《徽郡志》卷八祥异,徽县：岁大饥，人相食。——嘉靖《徽郡志》卷八祥异,徽县：岁大饥，人相食。——嘉靖《徽郡志》卷八祥异,
1485,山西,,曲沃县,1485|山西|曲沃,明宪宗成化二十一年,无,《沃史》,无,保留,"v1,v2,v3,v4,v5,v6","v1,v2,v3,v4,v5,v6",6,0.8571,是,,曲沃县：大饥，人相食。——万历《沃史》卷二今总纪,曲沃县：大饥，人相食。——万历《沃史》卷二今总纪,曲沃县：大饥，人相食。——万历《沃史》卷二今总纪,曲沃县：大饥，人相食。——万历《沃史》卷二今总纪,曲沃县：大饥，人相食。——万历《沃史》卷二今总纪,曲沃县：大饥，人相食。——万历《沃史》卷二今总纪,
1485,陕西,咸阳市,泾阳县,1485|陕西|咸阳|泾阳,明宪宗成化二十一年,无,《泾阳县志》,无,保留,"v1,v2,v3,v4,v5,v6","v1,v2,v3,v4,v5,v6",6,0.8571,是,,泾阳县：连岁大旱，无麦禾，百姓流亡，人相食。——康熙《泾阳县志》卷一祥异,泾阳县：连岁大旱，无麦禾，百姓流亡，人相食。——康熙《泾阳县志》卷一祥异,泾阳县：连岁大旱，无麦禾，百姓流亡，人相食。——康熙《泾阳县志》卷一祥异,泾阳县：连岁大旱，无麦禾，百姓流亡，人相食。——康熙《泾阳县志》卷一祥异,泾阳县：连岁大旱，无麦禾，百姓流亡，人相食。——康熙《泾阳县志》卷一祥异,泾阳县：连岁大旱，无麦禾，百姓流亡，人相食。——康熙《泾阳县志》卷一祥异,
1485,陕西,延安市,洛川县,1485|陕西|延安|洛川,明宪宗成化二十一年,无,《洛川县志》,无,保留,"v1,v2,v3,v4,v5,v6","v1,v2,v3,v4,v5,v6",6,0.8571,是,,洛川县：旱，人相食，十亡八九。——嘉庆《洛川县志》卷一祥异,洛川县：旱，人相食，十亡八九。——嘉庆《洛川县志》卷一祥异,洛川县：旱，人相食，十亡八九。——嘉庆《洛川县志》卷一祥异,洛川县：旱，人相食，十亡八九。——嘉庆《洛川县志》卷一祥异,洛川县：旱，人相食，十亡八九。——嘉庆《洛川县志》卷一祥异,洛川县：旱，人相食，十亡八九。——嘉庆《洛川县志》卷一祥异,
1485,山西,临汾市,洪洞县,1485|山西|临汾|洪洞,明宪宗成化二十一年,无,《洪洞县志》,无,保留,"v1,v2,v3,v4,v5,v6","v1,v2,v3,v4,v5,v6",6,0.8571,是,,洪洞县：是年民大饥，人多相食。——万历《洪洞县志》卷八祥异,洪洞县：是年民大饥，人多相食。——万历《洪洞县志》卷八祥异,洪洞县：是年民大饥，人多相食。——万历《洪洞县志》卷八祥异,洪洞县：是年民大饥，人多相食。——万历《洪洞县志》卷八祥异,洪洞县：是年民大饥，人多相食。——万历《洪洞县志》卷八祥异,洪洞县：是年民大饥，人多相食。——万历《洪洞县志》卷八祥异,
1485,山西,临汾市,浮山县,1485|山西|临汾|浮山,明宪宗成化二十一年,无,《浮山县志》,无,保留,"v1,v2,v3,v4,v5,v6","v1,v2,v3,v4,v5,v6",6,0.8571,是,,浮山县：是年大饥，人多相食。——乾隆《浮山县志》卷三十四,浮山县：是年大饥，人多相食。——乾隆《浮山县志》卷三十四,浮山县：是年大饥，人多相食。——乾隆《浮山县志》卷三十四,浮山县：是年大饥，人多相食。——乾隆《浮山县志》卷三十四,浮山县：是年大饥，人多相食。——乾隆《浮山县志》卷三十四,浮山县：是年大饥，人多相食。——乾隆《浮山县志》卷三十四,
1485,陕西,渭南市,澄城县,1485|陕西|渭南|澄城,明宪宗成化二十一年,无,《澄城县志》,无,保留,"v1,v2,v3,v4,v5,v6","v1,v2,v3,v4,v5,v6",6,0.8571,是,,澄城县：大饥，死者枕藉，人相食。——嘉靖《澄城县志》卷一灾祥,澄城县：大饥，死者枕藉，人相食。——嘉靖《澄城县志》卷一灾祥,澄城县：大饥，死者枕藉，人相食。——嘉靖《澄城县志》卷一灾祥,澄城县：大饥，死者枕藉，人相食。——嘉靖《澄城县志》卷一灾祥,澄城县：大饥，死者枕藉，人相食。——嘉靖《澄城县志》卷一灾祥,澄城县：大饥，死者枕藉，人相食。——嘉靖《澄城县志》卷一灾祥,
1485,陕西,渭南市,白水县,1485|陕西|渭南|白水,明宪宗成化二十一年,无,《白水县志》,无,保留,"v1,v2,v3,v4,v5,v6","v1,v2,v3,v4,v5,v6",6,0.8571,是,,白水县：荐饥，人相食，大徙。——顺治《白水县志》卷下灾祥,白水县：荐饥，人相食，大徙。——顺治《白水县志》卷下灾祥,白水县：荐饥，人相食，大徙。——顺治《白水县志》卷下灾祥,白水县：荐饥，人相食，大徙。——顺治《白水县志》卷下灾祥,白水县：荐饥，人相食，大徙。——顺治《白水县志》卷下灾祥,白水县：荐饥，人相食，大徙。——顺治《白水县志》卷下灾祥,
1485,陕西,商洛市,商县,1485|陕西|商洛|商,明宪宗成化二十一年,直隶商州,《直隶商州志》,无,保留,"v1,v2,v3,v4,v5,v6","v1,v2,v3,v4,v5,v6",6,0.8571,是,,商县：人相食。——乾隆《直隶商州志》卷十四灾祥,商县：人相食。——乾隆《直隶商州志》卷十四灾祥,商县：人相食。——乾隆《直隶商州志》卷十四灾祥,商县：人相食。——乾隆《直隶商州志》卷十四灾祥,商县：人相食。——乾隆《直隶商州志》卷十四灾祥,商县：人相食。——乾隆《直隶商州志》卷十四灾祥,
1485,山西,运城市,新绛县,1485|山西|运城|新绛,明宪宗成化二十一年,绛州,《绛州志》,无,保留,"v1,v2,v3,v4,v5,v6","v1,v2,v3,v4,v5,v6",6,0.8571,是,,新绛县：大荒，有食人者。——康熙《绛州志》卷三灾异,新绛县：大荒，有食人者。——康熙《绛州志》卷三灾异,新绛县：大荒，有食人者。——康熙《绛州志》卷三灾异,新绛县：大荒，有食人者。——康熙《绛州志》卷三灾异,新绛县：大荒，有食人者。——康熙《绛州志》卷三灾异,新绛县：大荒，有食人者。——康熙《绛州志》卷三灾异,
1485,陕西,延安市,黄陵县,1485|陕西|延安|黄陵,明宪宗成化二十一年,中部县,《续修中部县志》,无,保留,"v1,v2,v3,v4,v5,v6","v1,v2,v3,v4,v5,v6",6,0.8571,是,,黄陵县：连岁大旱，百姓流亡殆尽。人相食，十亡八九。斗米万钱。——嘉庆《续修中部县志》卷二祥异,黄陵县：连岁大旱，百姓流亡殆尽。人相食，十亡八九。斗米万钱。——嘉庆《续修中部县志》卷二祥异,黄陵县：连岁大旱，百姓流亡殆尽。人相食，十亡八九。斗米万钱。——嘉庆《续修中部县志》卷二祥异,黄陵县：连岁大旱，百姓流亡殆尽。人相食，十亡八九。斗米万钱。——嘉庆《续修中部县志》卷二祥异,黄陵县：连岁大旱，百姓流亡殆尽。人相食，十亡八九。斗米万钱。——嘉庆《续修中部县志》卷二祥异,黄陵县：连岁大旱，百姓流亡殆尽。人相食，十亡八九。斗米万钱。——嘉庆《续修中部县志》卷二祥异,
1485,陕西,渭南市,潼关县,1485|陕西|渭南|潼关,明宪宗成化二十一年,无,《续修潼关厅志》,无,保留,"v1,v2,v3,v4,v5,v6","v1,v2,v3,v4,v5,v6",6,0.8571,是,,潼关县：岁饥，人相食。——嘉庆《续修潼关厅志》卷中人物,潼关县：岁饥，人相食。——嘉庆《续修潼关厅志》卷中人物,潼关县：岁饥，人相食。——嘉庆《续修潼关厅志》卷中人物,潼关县：岁饥，人相食。——嘉庆《续修潼关厅志》卷中人物,潼关县：岁饥，人相食。——嘉庆《续修潼关厅志》卷中人物,潼关县：岁饥，人相食。——嘉庆《续修潼关厅志》卷中人物,
1485,山西,,翼城县,1485|山西|翼城,明宪宗成化二十一年,无,《翼城县志》,无,需进一步分析,v3,v3,1,0.1667,否,"同类 record 存在于 v1,v2,v3,v4,v5,v6；本条仅存在于 v3；占比 16.7%",,,翼城县：是年，民大饥，人相食。——民国《冀城县志》卷十四祥异,,,,
1485,山东,聊城市,聊城县,1485|山东|聊城|聊城,明宪宗成化二十一年,东昌府,《聊城县志》,无,保留,"v1,v2,v3,v4,v5,v6","v1,v2,v3,v4,v5,v6",6,0.8571,是,,聊城市：大饥，人相食。——宣统《聊城县志》卷十一通纪,聊城市：大饥，人相食。——宣统《聊城县志》卷十一通纪,聊城市：大饥，人相食。——宣统《聊城县志》卷十一通纪,聊城市：大饥，人相食。——宣统《聊城县志》卷十一通纪,聊城市：大饥，人相食。——宣统《聊城县志》卷十一通纪,聊城市：大饥，人相食。——宣统《聊城县志》卷十一通纪,
1485,山东,聊城市,莘县,1485|山东|聊城|莘,明宪宗成化二十一年,无,《莘县志》,无,保留,"v1,v2,v3,v4,v5,v6","v1,v2,v3,v4,v5,v6",6,0.8571,是,,莘县：亢阳不雨，卖秋无，遍地赤野，富者尤可庶几，贫者何以存活。故是时有杀人而食者，呜呼，时之饥馑，事之怪异有如是哉。——嘉靖《莘县志》卷六杂志,莘县：亢阳不雨，卖秋无，遍地赤野，富者尤可庶几，贫者何以存活。故是时有杀人而食者，呜呼，时之饥馑，事之怪异有如是哉。——嘉靖《莘县志》卷六杂志,莘县：亢阳不雨，卖秋无，遍地赤野，富者尤可庶几，贫者何以存活。故是时有杀人而食者，呜呼，时之饥馑，事之怪异有如是哉。——嘉靖《莘县志》卷六杂志,莘县：亢阳不雨，卖秋无，遍地赤野，富者尤可庶几，贫者何以存活。故是时有杀人而食者，呜呼，时之饥馑，事之怪异有如是哉。——嘉靖《莘县志》卷六杂志,莘县：亢阳不雨，卖秋无，遍地赤野，富者尤可庶几，贫者何以存活。故是时有杀人而食者，呜呼，时之饥馑，事之怪异有如是哉。——嘉靖《莘县志》卷六杂志,莘县：亢阳不雨，卖秋无，遍地赤野，富者尤可庶几，贫者何以存活。故是时有杀人而食者，呜呼，时之饥馑，事之怪异有如是哉。——嘉靖《莘县志》卷六杂志,
1485,陕西,西安市,蓝田县,1485|陕西|西安|蓝田,明宪宗成化二十一年,无,《蓝田县志》,无,保留,"v1,v2,v3,v4,v5,v6","v1,v2,v3,v4,v5,v6",6,0.8571,是,,蓝田县：大饥，人相食。——顺治《蓝田县志》卷四灾异,蓝田县：大饥，人相食。——顺治《蓝田县志》卷四灾异,蓝田县：大饥，人相食。——顺治《蓝田县志》卷四灾异,蓝田县：大饥，人相食。——顺治《蓝田县志》卷四灾异,蓝田县：大饥，人相食。——顺治《蓝田县志》卷四灾异,蓝田县：大饥，人相食。——顺治《蓝田县志》卷四灾异,
1485,山西,,运城,1485|山西|运城,明宪宗成化二十一年,解州,《解州志》,无,保留,"v1,v2,v3,v4,v5,v6","v1,v2,v3,v4,v5,v6",6,0.8571,是,,运城市：二十年，秋大旱，人相食。次年六月始雨。——康熙十二年《解州志》卷九灾祥,运城市：二十年，秋大旱，人相食。次年六月始雨。——康熙十二年《解州志》卷九灾祥,运城市：二十年，秋大旱，人相食。次年六月始雨。——康熙十二年《解州志》卷九灾祥,运城市：二十年，秋大旱，人相食。次年六月始雨。——康熙十二年《解州志》卷九灾祥,运城市：二十年，秋大旱，人相食。次年六月始雨。——康熙十二年《解州志》卷九灾祥,运城市：二十年，秋大旱，人相食。次年六月始雨。——康熙十二年《解州志》卷九灾祥,
1485,陕西,宝鸡市,眉县,1485|陕西|宝鸡|眉,明宪宗成化二十一年,无,《郿志》,无,保留,"v1,v2,v3,v4,v5","v1,v2,v3,v4,v5",5,0.7143,是,,眉县：连岁大旱，流亡殆尽，人相食。——万历《郿志》卷六事纪,眉县：连岁大旱，流亡殆尽，人相食。——万历《郿志》卷六事纪,眉县：连岁大旱，流亡殆尽，人相食。——万历《郿志》卷六事纪,眉县：连岁大旱，流亡殆尽，人相食。——万历《郿志》卷六事纪,眉县：连岁大旱，流亡殆尽，人相食。——万历《郿志》卷六事纪,,
1485,陕西,,,1485|陕西,明宪宗成化二十一年,无,《鄙志》,地名归属不确定，暂填无,保留,v6,v6,1,0.1429,是,,,,,,,眉县：连岁大旱，流亡殆尽，人相食。——万历《鄙志》卷六事纪,
1485,陕西,延安市,富县,1485|陕西|延安|富,明宪宗成化二十一年,鄜州,《鄜州志》,无,保留,"v1,v2,v3,v5,v6","v1,v2,v3,v5,v6",5,0.7143,是,,富县：大饥，死者枕藉，人相食。——康熙《鄜州志》卷七灾祥,富县：大饥，死者枕藉，人相食。——康熙《鄜州志》卷七灾祥,富县：大饥，死者枕藉，人相食。——康熙《鄜州志》卷七灾祥,,富县：大饥，死者枕藉，人相食。——康熙《鄜州志》卷七灾祥,富县：大饥，死者枕藉，人相食。——康熙《鄜州志》卷七灾祥,
1485,陕西,,富县,1485|陕西|富,明宪宗成化二十一年,无,《鄜州志》,无,保留,v4,v4,1,0.1429,是,,,,,富县：大饥，死者枕藉，人相食。——康熙《鄜州志》卷七祥异,,,
1485,陕西,,长安县,1485|陕西|长安,明宪宗成化二十一年,无,《长安县志》,无,保留,"v1,v2,v3,v4,v5,v6","v1,v2,v3,v4,v5,v6",6,0.8571,是,,西安市：成化二十一年至二十二年，关中连岁大旱，百姓流亡殆尽，人相食，十亡八九。——康熙《长安县志》卷六祥异,西安市：成化二十一年至二十二年，关中连岁大旱，百姓流亡殆尽，人相食，十亡八九。——康熙《长安县志》卷六祥异,西安市：成化二十一年至二十二年，关中连岁大旱，百姓流亡殆尽，人相食，十亡八九。——康熙《长安县志》卷六祥异,西安市：成化二十一年至二十二年，关中连岁大旱，百姓流亡殆尽，人相食，十亡八九。——康熙《长安县志》卷六祥异,西安市：成化二十一年至二十二年，关中连岁大旱，百姓流亡殆尽，人相食，十亡八九。——康熙《长安县志》卷六祥异,西安市：成化二十一年至二十二年，关中连岁大旱，百姓流亡殆尽，人相食，十亡八九。——康熙《长安县志》卷六祥异,
1485,山东,聊城市,阳谷县,1485|山东|聊城|阳谷,明宪宗成化二十一年,无,《阳谷县志》,无,保留,"v1,v2,v3,v4,v5,v6","v1,v2,v3,v4,v5,v6",6,0.8571,是,,阳谷县：春至秋不雨，蝗蝻满地，人相食。——康熙十二年《阳谷县志》卷四灾祥,阳谷县：春至秋不雨，蝗蝻满地，人相食。——康熙十二年《阳谷县志》卷四灾祥,阳谷县：春至秋不雨，蝗蝻满地，人相食。——康熙十二年《阳谷县志》卷四灾祥,阳谷县：春至秋不雨，蝗蝻满地，人相食。——康熙十二年《阳谷县志》卷四灾祥,阳谷县：春至秋不雨，蝗蝻满地，人相食。——康熙十二年《阳谷县志》卷四灾祥,阳谷县：春至秋不雨，蝗蝻满地，人相食。——康熙十二年《阳谷县志》卷四灾祥,
1485,甘肃,陇南市,武都县,1485|甘肃|陇南|武都,明宪宗成化二十一年,阶州,《阶州志》,无,保留,"v1,v2,v3,v4,v5,v6","v1,v2,v3,v4,v5,v6",6,0.8571,是,,武都县：大旱地赤，民饥相食。——万历《阶州志》卷十二灾祥,武都县：大旱地赤，民饥相食。——万历《阶州志》卷十二灾祥,武都县：大旱地赤，民饥相食。——万历《阶州志》卷十二灾祥,武都县：大旱地赤，民饥相食。——万历《阶州志》卷十二灾祥,武都县：大旱地赤，民饥相食。——万历《阶州志》卷十二灾祥,武都县：大旱地赤，民饥相食。——万历《阶州志》卷十二灾祥,
1485,陕西,,,1485|陕西,明宪宗成化二十一年,无,《陕西通志》,泛指省级，暂不提取,保留,"v1,v2","v1,v2",2,0.2857,是,,陕西连岁大旱，百姓流亡殆尽，人相食。——嘉靖《陕西通志》卷四灾祥,陕西连岁大旱，百姓流亡殆尽，人相食。——嘉靖《陕西通志》卷四灾祥,,,,,
1485,陕西,商洛市,洛南县,1485|陕西|商洛|洛南,明宪宗成化二十一年,无,《雒南县志》,无,保留,"v1,v2,v3,v4,v5,v6","v1,v2,v3,v4,v5,v6",6,0.8571,是,,洛南县：连岁旱，人相食。——康熙《雒南县志》卷七灾祥,洛南县：连岁旱，人相食。——康熙《雒南县志》卷七灾祥,洛南县：连岁旱，人相食。——康熙《雒南县志》卷七灾祥,洛南县：连岁旱，人相食。——康熙《雒南县志》卷七灾祥,洛南县：连岁旱，人相食。——康熙《雒南县志》卷七灾祥,洛南县：连岁旱，人相食。——康熙《雒南县志》卷七灾祥,
1486,山西,运城市,万荣县,1486|山西|运城|万荣,明宪宗成化二十二年,无,《万全县志》,无,保留,"v1,v2,v3,v5,v6,v7","v1,v2,v3,v5,v6,v7",6,0.8571,是,,万荣县：秋无禾，人相食。——康熙《万全县志》卷七祥异,万荣县：秋无禾，人相食。——康熙《万全县志》卷七祥异,万荣县：秋无禾，人相食。——康熙《万全县志》卷七祥异,,万荣县：秋无禾，人相食。——康熙《万全县志》卷七祥异,万荣县：秋无禾，人相食。——康熙《万全县志》卷七祥异,万荣县：秋无禾，人相食。——康熙《万全县志》卷七祥异
1486,山西,运城,万泉县,1486|山西|运城|万泉,明宪宗成化二十二年,万泉县,《万全县志》,万泉县古地名，今山西万荣县；原文记为万荣县,保留,v4,v4,1,0.1429,是,,,,,山西：万荣县：秋无禾，人相食。——康熙《万全县志》卷七祥异,,,
1486,河北,大名,大名县,1486|河北|大名|大名,明宪宗成化二十二年,无,《大名府志》,无,保留,"v1,v2,v3,v5,v6,v7","v1,v2,v3,v5,v6,v7",6,0.8571,是,,大名县：秋八月，大旱，饥，人相食。诏赈恤。——咸丰《大名府志》卷四纪年,大名县：秋八月，大旱，饥，人相食。诏赈恤。——咸丰《大名府志》卷四纪年,大名县：秋八月，大旱，饥，人相食。诏赈恤。——咸丰《大名府志》卷四纪年,,大名县：秋八月，大旱，饥，人相食。诏赈恤。——咸丰《大名府志》卷四纪年,大名县：秋八月，大旱，饥，人相食。诏赈恤。——咸丰《大名府志》卷四纪年,大名县：秋八月，大旱，饥，人相食。诏赈恤。——咸丰《大名府志》卷四纪年
1486,河北,邯郸,大名县,1486|河北|邯郸|大名,明宪宗成化二十二年,无,《大名府志》,无,保留,v4,v4,1,0.1429,是,,,,,河北：大名县：秋八月，大旱，饥，人相食。诏赈恤。——咸丰《大名府志》卷四纪年,,,
1486,山西,长治市,屯留县,1486|山西|长治|屯留,明宪宗成化二十二年,无,《屯留县志》,无,保留,"v1,v2,v3,v5,v6,v7","v1,v2,v3,v5,v6,v7",6,0.8571,是,,屯留县：秋禾稿，人相食。——雍正《屯留县志》卷一祥异,屯留县：秋禾稿，人相食。——雍正《屯留县志》卷一祥异,屯留县：秋禾稿，人相食。——雍正《屯留县志》卷一祥异,,屯留县：秋禾稿，人相食。——雍正《屯留县志》卷一祥异,屯留县：秋禾稿，人相食。——雍正《屯留县志》卷一祥异,屯留县：秋禾稿，人相食。——雍正《屯留县志》卷一祥异
1486,山西,长治,屯留县,1486|山西|长治|屯留,明宪宗成化二十二年,无,《屯留县志》,无,保留,v4,v4,1,0.1429,是,,,,,山西：屯留县：秋禾稿，人相食。——雍正《屯留县志》卷一祥异,,,
1486,山西,,嵩岚县,1486|山西|嵩岚,明宪宗成化二十二年,无,《嵩岚州志》,无,保留,v4,v4,1,0.1429,是,,,,,山西：嵩岚县：大旱，饥，人相食。——康熙《嵩岚州志》卷一祥异,,,
1486,山西,,嵩岚县,1486|山西|嵩岚,明宪宗成化二十二年,无,《嵩岚州志》,疑似OCR错误（原文为嵩岚县，来源为嵩岚州志）,保留,"v1,v2,v3,v5,v6,v7","v1,v2,v3,v5,v6,v7",6,0.8571,是,,嵩岚县：大旱，饥，人相食。——康熙《嵩岚州志》卷一祥异,嵩岚县：大旱，饥，人相食。——康熙《嵩岚州志》卷一祥异,嵩岚县：大旱，饥，人相食。——康熙《嵩岚州志》卷一祥异,,嵩岚县：大旱，饥，人相食。——康熙《嵩岚州志》卷一祥异,嵩岚县：大旱，饥，人相食。——康熙《嵩岚州志》卷一祥异,嵩岚县：大旱，饥，人相食。——康熙《嵩岚州志》卷一祥异
1486,山西,临汾,万泉县,1486|山西|临汾|万泉,明宪宗成化二十二年,万泉县,《平阳府志》,万泉县古地名，今山西万荣县；同条记录拆出,保留,v4,v4,1,0.1429,是,,,,,山西：稷山县等：秋无禾，稷山、万泉人相食。八月望日，吉州雨雪深三四尺，饥馑荐臻。——万历《平阳府志》卷十灾祥,,,
1486,山西,临汾,稷山县,1486|山西|临汾|稷山,明宪宗成化二十二年,无,《平阳府志》,无,保留,v4,v4,1,0.1429,是,,,,,山西：稷山县等：秋无禾，稷山、万泉人相食。八月望日，吉州雨雪深三四尺，饥馑荐臻。——万历《平阳府志》卷十灾祥,,,
1486,山西,运城,万泉县,1486|山西|运城|万泉,明宪宗成化二十二年,万泉县,《平阳府志》,万泉县为古代地名，今万荣县前身,需校验地区信息,"v2,v3,v5,v6,v7","v2,v3,v5,v6,v7",5,0.7143,是,同年同省同来源同 record，但地区名存在近似异写或明显异体，需校验地区信息,,稷山县等：秋无禾，稷山、万泉人相食。八月望日，吉州雨雪深三四尺，饥馑荐臻。——万历《平阳府志》卷十灾祥,稷山县等：秋无禾，稷山、万泉人相食。八月望日，吉州雨雪深三四尺，饥馑荐臻。——万历《平阳府志》卷十灾祥,,稷山县等：秋无禾，稷山、万泉人相食。八月望日，吉州雨雪深三四尺，饥馑荐臻。——万历《平阳府志》卷十灾祥,稷山县等：秋无禾，稷山、万泉人相食。八月望日，吉州雨雪深三四尺，饥馑荐臻。——万历《平阳府志》卷十灾祥,稷山县等：秋无禾，稷山、万泉人相食。八月望日，吉州雨雪深三四尺，饥馑荐臻。——万历《平阳府志》卷十灾祥
1486,山西,,万荣县,1486|山西|万荣,明宪宗成化二十二年,无,《平阳府志》,无,需校验地区信息,v1,v1,1,0.1429,是,同年同省同来源同 record，但地区名存在近似异写或明显异体，需校验地区信息,稷山县等：秋无禾，稷山、万泉人相食。八月望日，吉州雨雪深三四尺，饥馑荐臻。——万历《平阳府志》卷十灾祥,,,,,,
1486,山西,运城市,稷山县,1486|山西|运城|稷山,明宪宗成化二十二年,无,《平阳府志》,无,需校验地区信息,"v1,v2,v3,v5,v6,v7","v1,v2,v3,v5,v6,v7",6,0.8571,是,同年同省同来源同 record，但地区名存在近似异写或明显异体，需校验地区信息,稷山县等：秋无禾，稷山、万泉人相食。八月望日，吉州雨雪深三四尺，饥馑荐臻。——万历《平阳府志》卷十灾祥,稷山县等：秋无禾，稷山、万泉人相食。八月望日，吉州雨雪深三四尺，饥馑荐臻。——万历《平阳府志》卷十灾祥,稷山县等：秋无禾，稷山、万泉人相食。八月望日，吉州雨雪深三四尺，饥馑荐臻。——万历《平阳府志》卷十灾祥,,稷山县等：秋无禾，稷山、万泉人相食。八月望日，吉州雨雪深三四尺，饥馑荐臻。——万历《平阳府志》卷十灾祥,稷山县等：秋无禾，稷山、万泉人相食。八月望日，吉州雨雪深三四尺，饥馑荐臻。——万历《平阳府志》卷十灾祥,稷山县等：秋无禾，稷山、万泉人相食。八月望日，吉州雨雪深三四尺，饥馑荐臻。——万历《平阳府志》卷十灾祥
1486,陕西,榆林市,榆林县,1486|陕西|榆林|榆林,明宪宗成化二十二年,无,《延绥镇志》,无,保留,"v1,v2,v3,v5,v6","v1,v2,v3,v5,v6",5,0.7143,是,,榆林县：延绥大饥，人相食。——万历《延绥镇志》卷三灾异,榆林县：延绥大饥，人相食。——万历《延绥镇志》卷三灾异,榆林县：延绥大饥，人相食。——万历《延绥镇志》卷三灾异,,榆林县：延绥大饥，人相食。——万历《延绥镇志》卷三灾异,榆林县：延绥大饥，人相食。——万历《延绥镇志》卷三灾异,
1486,陕西,榆林,,1486|陕西|榆林,明宪宗成化二十二年,延绥镇,《延绥镇志》,延绥镇为军事重镇，非正式行政区划，属榆林卫；原文未落实具体县级,保留,v4,v4,1,0.1429,是,,,,,陕西：榆林县：延绥大饥，人相食。——万历《延绥镇志》卷三灾异,,,
1486,河南,濮阳市,濮阳市,1486|河南|濮阳|濮阳,明宪宗成化二十二年,无,《开州志》,无,保留,"v1,v2,v3,v5,v6,v7","v1,v2,v3,v5,v6,v7",6,0.8571,是,,濮阳市：岁大饥，人相食。——嘉靖《开州志》卷八祥异,濮阳市：岁大饥，人相食。——嘉靖《开州志》卷八祥异,濮阳市：岁大饥，人相食。——嘉靖《开州志》卷八祥异,,濮阳市：岁大饥，人相食。——嘉靖《开州志》卷八祥异,濮阳市：岁大饥，人相食。——嘉靖《开州志》卷八祥异,濮阳市：岁大饥，人相食。——嘉靖《开州志》卷八祥异
1486,河南,濮阳,濮阳市,1486|河南|濮阳|濮阳,明宪宗成化二十二年,无,《开州志》,无,保留,v4,v4,1,0.1429,是,,,,,河南：濮阳市：岁大饥，人相食。——嘉靖《开州志》卷八祥异,,,
1486,河南,安阳市,内黄县,1486|河南|安阳|内黄,明宪宗成化二十二年,无,《彰德府志》,无,保留,"v1,v2,v3,v5,v6,v7","v1,v2,v3,v5,v6,v7",6,0.8571,是,,内黄县：大饥，人相食。——乾隆五十二年《彰德府志》卷三十一祥异,内黄县：大饥，人相食。——乾隆五十二年《彰德府志》卷三十一祥异,内黄县：大饥，人相食。——乾隆五十二年《彰德府志》卷三十一祥异,,内黄县：大饥，人相食。——乾隆五十二年《彰德府志》卷三十一祥异,内黄县：大饥，人相食。——乾隆五十二年《彰德府志》卷三十一祥异,内黄县：大饥，人相食。——乾隆五十二年《彰德府志》卷三十一祥异
1486,河南,安阳,内黄县,1486|河南|安阳|内黄,明宪宗成化二十二年,无,《彰德府志》,无,保留,v4,v4,1,0.1429,是,,,,,河南：内黄县：大饥，人相食。——乾隆五十二年《彰德府志》卷三十一祥异,,,
1486,山西,长治,潞城县,1486|山西|长治|潞城,明宪宗成化二十二年,无,《潞城县志》,无,保留,v4,v4,1,0.1429,是,,,,,山西：潞城县：大旱，禾尽稿，人相食。——康熙《潞城县志》卷八灾祥,,,
1486,山西,长治市,潞城县,1486|山西|长治|潞城,明宪宗成化二十二年,无,《潞城县志》,无,保留,"v1,v2,v3,v5,v6,v7","v1,v2,v3,v5,v6,v7",6,0.8571,是,,潞城县：大旱，禾尽稿，人相食。——康熙《潞城县志》卷八灾祥,潞城县：大旱，禾尽稿，人相食。——康熙《潞城县志》卷八灾祥,潞城县：大旱，禾尽稿，人相食。——康熙《潞城县志》卷八灾祥,,潞城县：大旱，禾尽稿，人相食。——康熙《潞城县志》卷八灾祥,潞城县：大旱，禾尽稿，人相食。——康熙《潞城县志》卷八灾祥,潞城县：大旱，禾尽稿，人相食。——康熙《潞城县志》卷八灾祥
1486,山西,运城市,稷山县,1486|山西|运城|稷山,明宪宗成化二十二年,无,《稷山县志》,无,保留,"v1,v2,v3,v6,v7","v1,v2,v3,v6,v7",5,0.7143,是,,稷山县：秋大饥，人相食。——万历《稷山县志》卷七祥异,稷山县：秋大饥，人相食。——万历《稷山县志》卷七祥异,稷山县：秋大饥，人相食。——万历《稷山县志》卷七祥异,,,稷山县：秋大饥，人相食。——万历《稷山县志》卷七祥异,稷山县：秋大饥，人相食。——万历《稷山县志》卷七祥异
1486,山西,运城,稷山县,1486|山西|运城|稷山,明宪宗成化二十二年,无,《稷山县志》,无,保留,v4,v4,1,0.1429,是,,,,,山西：稷山县：秋大饥，人相食。——万历《稷山县志》卷七祥异,,,
1486,河南,濮阳,长垣县,1486|河南|濮阳|长垣,明宪宗成化二十二年,无,《长垣县志》,无,保留,v4,v4,1,0.1429,是,,,,,河南：长垣县：大饥，米价涌贵，县民亦相食。——正德《长垣县志》卷八灾祥,,,
1486,河南,新乡市,长垣县,1486|河南|新乡|长垣,明宪宗成化二十二年,无,《长垣县志》,无,保留,"v1,v2,v3,v5,v6,v7","v1,v2,v3,v5,v6,v7",6,0.8571,是,,长垣县：大饥，米价涌贵，县民亦相食。——正德《长垣县志》卷八灾祥,长垣县：大饥，米价涌贵，县民亦相食。——正德《长垣县志》卷八灾祥,长垣县：大饥，米价涌贵，县民亦相食。——正德《长垣县志》卷八灾祥,,长垣县：大饥，米价涌贵，县民亦相食。——正德《长垣县志》卷八灾祥,长垣县：大饥，米价涌贵，县民亦相食。——正德《长垣县志》卷八灾祥,长垣县：大饥，米价涌贵，县民亦相食。——正德《长垣县志》卷八灾祥
1486,山西,长治,长治县,1486|山西|长治|长治,明宪宗成化二十二年,无,《长治县志》,无,保留,v4,v4,1,0.1429,是,,,,,山西：长治县：大旱，禾尽槁，人相食。——乾隆《长治县志》卷二十一祥异,,,
1486,山西,长治市,长治县,1486|山西|长治|长治,明宪宗成化二十二年,无,《长治县志》,无,保留,"v1,v2,v3,v5,v6,v7","v1,v2,v3,v5,v6,v7",6,0.8571,是,,长治县：大旱，禾尽槁，人相食。——乾隆《长治县志》卷二十一祥异,长治县：大旱，禾尽槁，人相食。——乾隆《长治县志》卷二十一祥异,长治县：大旱，禾尽槁，人相食。——乾隆《长治县志》卷二十一祥异,,长治县：大旱，禾尽槁，人相食。——乾隆《长治县志》卷二十一祥异,长治县：大旱，禾尽槁，人相食。——乾隆《长治县志》卷二十一祥异,长治县：大旱，禾尽槁，人相食。——乾隆《长治县志》卷二十一祥异
1487,山东,菏泽市,东明县,1487|山东|菏泽|东明,明宪宗成化二十三年,无,《东明县志》,无,保留,"v1,v2,v3","v1,v2,v3",3,0.4286,是,,东明县：岁大饥，人相食。——康熙《东明县志》卷七灾祥,东明县：岁大饥，人相食。——康熙《东明县志》卷七灾祥,东明县：岁大饥，人相食。——康熙《东明县志》卷七灾祥,,,,
1487,山东,,东明县,1487|山东|东明,明宪宗成化二十三年,无,《东明县志》,无,保留,v6,v6,1,0.1429,是,,,,,,,山东：东明县：岁大饥，人相食。——康熙《东明县志》卷七灾祥,
1487,河南,安阳市,内黄县,1487|河南|安阳|内黄,明宪宗成化二十三年,无,《内黄县志》,无,保留,"v1,v2,v3","v1,v2,v3",3,0.4286,是,,内黄县：大饥，人相食。——乾隆《内黄县志》卷六编年,内黄县：大饥，人相食。——乾隆《内黄县志》卷六编年,内黄县：大饥，人相食。——乾隆《内黄县志》卷六编年,,,,
1487,河南,,内黄县,1487|河南|内黄,明宪宗成化二十三年,无,《内黄县志》,无,保留,v6,v6,1,0.1429,是,,,,,,,河南：内黄县：大饥，人相食。——乾隆《内黄县志》卷六编年,
1487,安徽,滁州市,凤阳县,1487|安徽|滁|凤阳,明宪宗成化二十三年,无,《凤阳县志》,无,保留,"v1,v2,v3","v1,v2,v3",3,0.4286,是,,凤阳县：大饥，人相食。——乾隆《凤阳县志》卷十五纪事,凤阳县：大饥，人相食。——乾隆《凤阳县志》卷十五纪事,凤阳县：大饥，人相食。——乾隆《凤阳县志》卷十五纪事,,,,
1487,安徽,,凤阳县,1487|安徽|凤阳,明宪宗成化二十三年,无,《凤阳县志》,无,保留,v6,v6,1,0.1429,是,,,,,,,安徽：凤阳县：大饥，人相食。——乾隆《凤阳县志》卷十五纪事,
1487,河南,濮阳市,南乐县,1487|河南|濮阳|南乐,明宪宗成化二十三年,无,《南乐县志》,无,保留,"v1,v2,v3","v1,v2,v3",3,0.4286,是,,南乐县：岁大饥，人相食。——康熙《南乐县志》卷九纪年,南乐县：岁大饥，人相食。——康熙《南乐县志》卷九纪年,南乐县：岁大饥，人相食。——康熙《南乐县志》卷九纪年,,,,
1487,河南,,南乐县,1487|河南|南乐,明宪宗成化二十三年,无,《南乐县志》,无,保留,v6,v6,1,0.1429,是,,,,,,,河南：南乐县：岁大饥，人相食。——康熙《南乐县志》卷九纪年,
1487,陕西,铜川市,铜川市,1487|陕西|铜川|铜川,明宪宗成化二十三年,同官,《同官县志》,无,保留,"v1,v2,v3","v1,v2,v3",3,0.4286,是,,铜川市：同官大饥，人相食。——崇祯《同官县志》卷十灾异,铜川市：同官大饥，人相食。——崇祯《同官县志》卷十灾异,铜川市：同官大饥，人相食。——崇祯《同官县志》卷十灾异,,,,
1487,陕西,铜川市,同官县,1487|陕西|铜川|同官,明宪宗成化二十三年,无,《同官县志》,无,保留,v6,v6,1,0.1429,是,,,,,,,陕西：铜川市：同官大饥，人相食。——崇祯《同官县志》卷十灾异,
1487,河南,信阳市,固始县,1487|河南|信阳|固始,明宪宗成化二十三年,无,《固始县志》,无,保留,"v1,v2,v3","v1,v2,v3",3,0.4286,是,,固始县：岁大饥，人相食。越明年，麦秋始安堵。大雪，平地三尺余，民多冻死。——嘉靖《固始县志》卷九灾祥,固始县：岁大饥，人相食。越明年，麦秋始安堵。大雪，平地三尺余，民多冻死。——嘉靖《固始县志》卷九灾祥,固始县：岁大饥，人相食。越明年，麦秋始安堵。大雪，平地三尺余，民多冻死。——嘉靖《固始县志》卷九灾祥,,,,
1487,河南,,固始县,1487|河南|固始,明宪宗成化二十三年,无,《固始县志》,无,保留,v6,v6,1,0.1429,是,,,,,,,河南：固始县：岁大饥，人相食。越明年，麦秋始安堵。大雪，平地三尺余，民多冻死。——嘉靖《固始县志》卷九灾祥,
1487,河北,廊坊市,固安县,1487|河北|廊坊|固安,明宪宗成化二十三年,无,《固安县志》,无,保留,"v1,v2,v3","v1,v2,v3",3,0.4286,是,,固安县：多大饥，人相食。——嘉靖《固安县志》卷九灾异,固安县：多大饥，人相食。——嘉靖《固安县志》卷九灾异,固安县：多大饥，人相食。——嘉靖《固安县志》卷九灾异,,,,
1487,河北,,固安县,1487|河北|固安,明宪宗成化二十三年,无,《固安县志》,无,保留,v6,v6,1,0.1429,是,,,,,,,河北：固安县：多大饥，人相食。——嘉靖《固安县志》卷九灾异,
1487,河北,邯郸市,大名县,1487|河北|邯郸|大名,明宪宗成化二十三年,无,《大名县志》,无,保留,"v1,v2,v3","v1,v2,v3",3,0.4286,是,,大名县：大饥，人相食。——乾隆《大名县志》卷二十七釋祥,大名县：大饥，人相食。——乾隆《大名县志》卷二十七釋祥,大名县：大饥，人相食。——乾隆《大名县志》卷二十七釋祥,,,,
1487,河北,,大名县,1487|河北|大名,明宪宗成化二十三年,无,《大名县志》,无,保留,v6,v6,1,0.1429,是,,,,,,,河北：大名县：大饥，人相食。——乾隆《大名县志》卷二十七釋祥,
1487,安徽,淮南市,寿县,1487|安徽|淮南|寿,明宪宗成化二十三年,寿州,《寿州志》,无,保留,"v1,v2,v3","v1,v2,v3",3,0.4286,是,,寿县：大饥，人相食。越明年，麦熟始安。——嘉靖《寿州志》卷八灾祥,寿县：大饥，人相食。越明年，麦熟始安。——嘉靖《寿州志》卷八灾祥,寿县：大饥，人相食。越明年，麦熟始安。——嘉靖《寿州志》卷八灾祥,,,,
1487,安徽,,寿县,1487|安徽|寿,明宪宗成化二十三年,无,《寿州志》,无,保留,v6,v6,1,0.1429,是,,,,,,,安徽：寿县：大饥，人相食。越明年，麦熟始安。——嘉靖《寿州志》卷八灾祥,
1487,河南,,息县,1487|河南|息,明宪宗成化二十三年,无,《息县志》,无,保留,v6,v6,1,0.1429,是,,,,,,,河南：息县：夏六月，大水，坏民庐舍。大饥，人相食。——顺治《息县志》卷十灾异,
1487,河南,信阳市,息县,1487|河南|信阳|息,明宪宗成化二十三年,无,《息县志》,无,保留,"v1,v2,v3","v1,v2,v3",3,0.4286,是,,息县：夏六月，大水，坏民庐舍。大饥，人相食。——顺治《息县志》卷十灾异,息县：夏六月，大水，坏民庐舍。大饥，人相食。——顺治《息县志》卷十灾异,息县：夏六月，大水，坏民庐舍。大饥，人相食。——顺治《息县志》卷十灾异,,,,
1487,陕西,咸阳市,武功县,1487|陕西|咸阳|武功,明宪宗成化二十三年,无,《明史·五行志》,无,保留,"v1,v2,v3,v6","v1,v2,v3,v6",4,0.5714,是,,武功县：陕西大饥。武功民有杀食宿客者。——《明史·五行志》,武功县：陕西大饥。武功民有杀食宿客者。——《明史·五行志》,武功县：陕西大饥。武功民有杀食宿客者。——《明史·五行志》,,,陕西：武功县：陕西大饥。武功民有杀食宿客者。——《明史·五行志》,
1487,湖北,武汉市,武汉市,1487|湖北|武汉|武汉,明宪宗成化二十三年,江夏,《江夏县志》,无,保留,"v1,v2,v3","v1,v2,v3",3,0.4286,是,,武汉市：大旱，人相食。——康熙二十二年《江夏县志》卷一灾祥,武汉市：大旱，人相食。——康熙二十二年《江夏县志》卷一灾祥,武汉市：大旱，人相食。——康熙二十二年《江夏县志》卷一灾祥,,,,
1487,湖北,武汉市,江夏县,1487|湖北|武汉|江夏,明宪宗成化二十三年,无,《江夏县志》,无,保留,v6,v6,1,0.1429,是,,,,,,,湖北：武汉市：大旱，人相食。——康熙二十二年《江夏县志》卷一灾祥,
1487,河南,鹤壁市,浚县,1487|河南|鹤壁|浚,明宪宗成化二十三年,无,《浚县志》,无,保留,"v1,v2,v3","v1,v2,v3",3,0.4286,是,,浚县：岁大饥，人相食。——康熙《浚县志》卷一祥异,浚县：岁大饥，人相食。——康熙《浚县志》卷一祥异,浚县：岁大饥，人相食。——康熙《浚县志》卷一祥异,,,,
1487,河南,,浚县,1487|河南|浚,明宪宗成化二十三年,无,《浚县志》,无,保留,v6,v6,1,0.1429,是,,,,,,,河南：浚县：岁大饥，人相食。——康熙《浚县志》卷一祥异,
1487,河南,,清丰县,1487|河南|清丰,明宪宗成化二十三年,无,《清丰县志》,原文为'清风县志'，应为'清丰县志',需进一步分析,v3,v3,1,0.1429,否,"同类 record 存在于 v1,v2,v3,v4,v5,v6,v7；本条仅存在于 v3；占比 14.3%",,,清丰县：大饥，人相食。——康熙《清风县志》卷二编年,,,,
1487,河南,濮阳市,清丰县,1487|河南|濮阳|清丰,明宪宗成化二十三年,无,《清风县志》,无,保留,"v1,v2","v1,v2",2,0.2857,是,,清丰县：大饥，人相食。——康熙《清风县志》卷二编年,清丰县：大饥，人相食。——康熙《清风县志》卷二编年,,,,,
1487,河南,,清丰县,1487|河南|清丰,明宪宗成化二十三年,无,《清风县志》,无,保留,v6,v6,1,0.1429,是,,,,,,,河南：清丰县：大饥，人相食。——康熙《清风县志》卷二编年,
1487,湖北,鄂州市,鄂州市,1487|湖北|鄂|鄂,明宪宗成化二十三年,无,《湖广通志》,无,保留,"v1,v2,v3","v1,v2,v3",3,0.4286,是,,鄂州市：大旱，人相食。——康熙《湖广通志》卷三祥异,鄂州市：大旱，人相食。——康熙《湖广通志》卷三祥异,鄂州市：大旱，人相食。——康熙《湖广通志》卷三祥异,,,,
1487,湖北,鄂州市,,1487|湖北|鄂,明宪宗成化二十三年,无,《湖广通志》,无,保留,v6,v6,1,0.1429,是,,,,,,,湖北：鄂州市：大旱，人相食。——康熙《湖广通志》卷三祥异,
1487,安徽,六安市,霍邱县,1487|安徽|六安|霍邱,明宪宗成化二十三年,无,《霍邱县志》,无,保留,"v1,v2,v3","v1,v2,v3",3,0.4286,是,,霍邱县：旱，大饥，人相食。——同治《霍邱县志》卷十六,霍邱县：旱，大饥，人相食。——同治《霍邱县志》卷十六,霍邱县：旱，大饥，人相食。——同治《霍邱县志》卷十六,,,,
1487,安徽,,霍邱县,1487|安徽|霍邱,明宪宗成化二十三年,无,《霍邱县志》,无,保留,v6,v6,1,0.1429,是,,,,,,,安徽：霍邱县：旱，大饥，人相食。——同治《霍邱县志》卷十六,
1487,山东,,东明县,1487|山东|东明,明宪宗成化二十三年,无,东明县志,无,保留,"v4,v7","v4,v7",2,0.2857,是,,,,,东明县：岁大饥，人相食。——康熙《东明县志》卷七灾祥,,,东明县：岁大饥，人相食。——康熙《东明县志》卷七灾祥
1487,山东,,东明县,1487|山东|东明,明宪宗成化二十三年,无,东明县志,无,保留,v5,v5,1,0.1429,是,,,,,,山东：东明县：岁大饥，人相食。——康熙《东明县志》卷七灾祥,,
1487,河南,,内黄县,1487|河南|内黄,明宪宗成化二十三年,无,内黄县志,无,保留,"v4,v7","v4,v7",2,0.2857,是,,,,,内黄县：大饥，人相食。——乾隆《内黄县志》卷六编年,,,内黄县：大饥，人相食。——乾隆《内黄县志》卷六编年
1487,河南,安阳,内黄县,1487|河南|安阳|内黄,明宪宗成化二十三年,无,内黄县志,无,保留,v5,v5,1,0.1429,是,,,,,,河南：内黄县：大饥，人相食。——乾隆《内黄县志》卷六编年,,
1487,安徽,,凤阳县,1487|安徽|凤阳,明宪宗成化二十三年,无,凤阳县志,无,保留,"v4,v7","v4,v7",2,0.2857,是,,,,,凤阳县：大饥，人相食。——乾隆《凤阳县志》卷十五纪事,,,凤阳县：大饥，人相食。——乾隆《凤阳县志》卷十五纪事
1487,安徽,滁州,凤阳县,1487|安徽|滁|凤阳,明宪宗成化二十三年,无,凤阳县志,无,保留,v5,v5,1,0.1429,是,,,,,,安徽：凤阳县：大饥，人相食。——乾隆《凤阳县志》卷十五纪事,,
1487,河南,,南乐县,1487|河南|南乐,明宪宗成化二十三年,无,南乐县志,无,保留,"v4,v7","v4,v7",2,0.2857,是,,,,,南乐县：岁大饥，人相食。——康熙《南乐县志》卷九纪年,,,南乐县：岁大饥，人相食。——康熙《南乐县志》卷九纪年
1487,河南,濮阳,南乐县,1487|河南|濮阳|南乐,明宪宗成化二十三年,无,南乐县志,无,保留,v5,v5,1,0.1429,是,,,,,,河南：南乐县：岁大饥，人相食。——康熙《南乐县志》卷九纪年,,
1487,陕西,铜川市,同官县,1487|陕西|铜川|同官,明宪宗成化二十三年,同官,同官县志,无,保留,"v4,v7","v4,v7",2,0.2857,是,,,,,铜川市：同官大饥，人相食。——崇祯《同官县志》卷十灾异,,,铜川市：同官大饥，人相食。——崇祯《同官县志》卷十灾异
1487,陕西,铜川,同官县,1487|陕西|铜川|同官,明宪宗成化二十三年,同官,同官县志,无,保留,v5,v5,1,0.1429,是,,,,,,陕西：铜川市：同官大饥，人相食。——崇祯《同官县志》卷十灾异,,
1487,河南,,固始县,1487|河南|固始,明宪宗成化二十三年,无,固始县志,无,保留,"v4,v7","v4,v7",2,0.2857,是,,,,,固始县：岁大饥，人相食。越明年，麦秋始安堵。大雪，平地三尺余，民多冻死。——嘉靖《固始县志》卷九灾祥,,,固始县：岁大饥，人相食。越明年，麦秋始安堵。大雪，平地三尺余，民多冻死。——嘉靖《固始县志》卷九灾祥
1487,河南,信阳,固始县,1487|河南|信阳|固始,明宪宗成化二十三年,无,固始县志,无,保留,v5,v5,1,0.1429,是,,,,,,河南：固始县：岁大饥，人相食。越明年，麦秋始安堵。大雪，平地三尺余，民多冻死。——嘉靖《固始县志》卷九灾祥,,
1487,河北,,固安县,1487|河北|固安,明宪宗成化二十三年,无,固安县志,无,保留,"v4,v7","v4,v7",2,0.2857,是,,,,,固安县：多大饥，人相食。——嘉靖《固安县志》卷九灾异,,,固安县：多大饥，人相食。——嘉靖《固安县志》卷九灾异
1487,河北,廊坊,固安县,1487|河北|廊坊|固安,明宪宗成化二十三年,无,固安县志,无,保留,v5,v5,1,0.1429,是,,,,,,河北：固安县：多大饥，人相食。——嘉靖《固安县志》卷九灾异,,
1487,河北,,大名县,1487|河北|大名,明宪宗成化二十三年,无,大名县志,无,保留,"v4,v7","v4,v7",2,0.2857,是,,,,,大名县：大饥，人相食。——乾隆《大名县志》卷二十七釋祥,,,大名县：大饥，人相食。——乾隆《大名县志》卷二十七釋祥
1487,河北,邯郸,大名县,1487|河北|邯郸|大名,明宪宗成化二十三年,无,大名县志,无,保留,v5,v5,1,0.1429,是,,,,,,河北：大名县：大饥，人相食。——乾隆《大名县志》卷二十七釋祥,,
1487,安徽,,寿县,1487|安徽|寿,明宪宗成化二十三年,无,寿州志,无,保留,"v4,v7","v4,v7",2,0.2857,是,,,,,寿县：大饥，人相食。越明年，麦熟始安。——嘉靖《寿州志》卷八灾祥,,,寿县：大饥，人相食。越明年，麦熟始安。——嘉靖《寿州志》卷八灾祥
1487,安徽,淮南,寿县,1487|安徽|淮南|寿,明宪宗成化二十三年,无,寿州志,无,保留,v5,v5,1,0.1429,是,,,,,,安徽：寿县：大饥，人相食。越明年，麦熟始安。——嘉靖《寿州志》卷八灾祥,,
1487,河南,信阳,息县,1487|河南|信阳|息,明宪宗成化二十三年,无,息县志,无,保留,v5,v5,1,0.1429,是,,,,,,河南：息县：夏六月，大水，坏民庐舍。大饥，人相食。——顺治《息县志》卷十灾异,,
1487,河南,,息县,1487|河南|息,明宪宗成化二十三年,无,息县志,无,保留,"v4,v7","v4,v7",2,0.2857,是,,,,,息县：夏六月，大水，坏民庐舍。大饥，人相食。——顺治《息县志》卷十灾异,,,息县：夏六月，大水，坏民庐舍。大饥，人相食。——顺治《息县志》卷十灾异
1487,陕西,咸阳,武功县,1487|陕西|咸阳|武功,明宪宗成化二十三年,无,明史,无,需进一步分析,"v4,v5,v7","v4,v5,v7",3,0.4286,否,"同类 record 存在于 v1,v2,v3,v4,v5,v6,v7；本条仅存在于 v4,v5,v7；占比 42.9%",,,,武功县：陕西大饥。武功民有杀食宿客者。——《明史·五行志》,陕西：武功县：陕西大饥。武功民有杀食宿客者。——《明史·五行志》,,武功县：陕西大饥。武功民有杀食宿客者。——《明史·五行志》
1487,湖北,武汉市,江夏县,1487|湖北|武汉|江夏,明宪宗成化二十三年,无,江夏县志,无,保留,"v4,v7","v4,v7",2,0.2857,是,,,,,武汉市：大旱，人相食。——康熙二十二年《江夏县志》卷一灾祥,,,武汉市：大旱，人相食。——康熙二十二年《江夏县志》卷一灾祥
1487,湖北,武汉,江夏县,1487|湖北|武汉|江夏,明宪宗成化二十三年,无,江夏县志,无,保留,v5,v5,1,0.1429,是,,,,,,湖北：武汉市：大旱，人相食。——康熙二十二年《江夏县志》卷一灾祥,,
1487,河南,,浚县,1487|河南|浚,明宪宗成化二十三年,无,浚县志,无,保留,"v4,v7","v4,v7",2,0.2857,是,,,,,浚县：岁大饥，人相食。——康熙《浚县志》卷一祥异,,,浚县：岁大饥，人相食。——康熙《浚县志》卷一祥异
1487,河南,鹤壁,浚县,1487|河南|鹤壁|浚,明宪宗成化二十三年,无,浚县志,无,保留,v5,v5,1,0.1429,是,,,,,,河南：浚县：岁大饥，人相食。——康熙《浚县志》卷一祥异,,
1487,河南,,清丰县,1487|河南|清丰,明宪宗成化二十三年,无,清丰县志,无,需进一步分析,v7,v7,1,0.1429,否,"同类 record 存在于 v1,v2,v3,v4,v5,v6,v7；本条仅存在于 v7；占比 14.3%",,,,,,,清丰县：大饥，人相食。——康熙《清风县志》卷二编年
1487,河南,濮阳,清丰县,1487|河南|濮阳|清丰,明宪宗成化二十三年,无,清丰县志,疑似OCR错误，原文作《清风县志》,需进一步分析,v5,v5,1,0.1429,否,"同类 record 存在于 v1,v2,v3,v4,v5,v6,v7；本条仅存在于 v5；占比 14.3%",,,,,河南：清丰县：大饥，人相食。——康熙《清风县志》卷二编年,,
1487,河南,,清丰县,1487|河南|清丰,明宪宗成化二十三年,无,清风县志,疑似OCR错误，原文作'清风县志'，应为'清丰县志',保留,v4,v4,1,0.1429,是,,,,,清丰县：大饥，人相食。——康熙《清风县志》卷二编年,,,
1487,湖北,鄂州市,鄂州,1487|湖北|鄂|鄂,明宪宗成化二十三年,无,湖广通志,无,保留,"v4,v7","v4,v7",2,0.2857,是,,,,,鄂州市：大旱，人相食。——康熙《湖广通志》卷三祥异,,,鄂州市：大旱，人相食。——康熙《湖广通志》卷三祥异
1487,湖北,鄂州,鄂州,1487|湖北|鄂|鄂,明宪宗成化二十三年,无,湖广通志,无,保留,v5,v5,1,0.1429,是,,,,,,湖北：鄂州市：大旱，人相食。——康熙《湖广通志》卷三祥异,,
1487,安徽,,霍邱县,1487|安徽|霍邱,明宪宗成化二十三年,无,霍邱县志,无,保留,"v4,v7","v4,v7",2,0.2857,是,,,,,霍邱县：旱，大饥，人相食。——同治《霍邱县志》卷十六,,,霍邱县：旱，大饥，人相食。——同治《霍邱县志》卷十六
1487,安徽,阜阳,霍邱县,1487|安徽|阜阳|霍邱,明宪宗成化二十三年,无,霍邱县志,无,保留,v5,v5,1,0.1429,是,,,,,,安徽：霍邱县：旱，大饥，人相食。——同治《霍邱县志》卷十六,,
1488,四川,,乐至县,1488|四川|乐至,明孝宗弘治元年,无,《乐至县志》,无,保留,"v1,v2,v4,v5,v6,v7","v1,v2,v4,v5,v6,v7",6,0.8571,是,,乐至县：大旱，大饥相食。——雍正《乐至县志》祥异,乐至县：大旱，大饥相食。——雍正《乐至县志》祥异,,乐至县：大旱，大饥相食。——雍正《乐至县志》祥异,乐至县：大旱，大饥相食。——雍正《乐至县志》祥异,乐至县：大旱，大饥相食。——雍正《乐至县志》祥异,乐至县：大旱，大饥相食。——雍正《乐至县志》祥异
1488,四川,,安岳县,1488|四川|安岳,明孝宗弘治元年,无,《安岳县志》,无,保留,"v1,v2,v4,v5,v6,v7","v1,v2,v4,v5,v6,v7",6,0.8571,是,,安岳县：大旱，人相食。——道光《安岳县志》卷十五祥异,安岳县：大旱，人相食。——道光《安岳县志》卷十五祥异,,安岳县：大旱，人相食。——道光《安岳县志》卷十五祥异,安岳县：大旱，人相食。——道光《安岳县志》卷十五祥异,安岳县：大旱，人相食。——道光《安岳县志》卷十五祥异,安岳县：大旱，人相食。——道光《安岳县志》卷十五祥异
1488,湖南,,华容县,1488|湖南|华容,明孝宗弘治元年,无,《岳州府志》,无,保留,"v1,v2,v4,v5,v6,v7","v1,v2,v4,v5,v6,v7",6,0.8571,是,,华容县：岳阳大旱饥，华容人相食。自正月不雨至九月，田中无苗，百物食尽，又兼时疫流行，道馑相望。华容人又相食者。虽发帑散赈，不能遍。——乾隆十一年《岳州府志》卷二十九事纪,华容县：岳阳大旱饥，华容人相食。自正月不雨至九月，田中无苗，百物食尽，又兼时疫流行，道馑相望。华容人又相食者。虽发帑散赈，不能遍。——乾隆十一年《岳州府志》卷二十九事纪,,华容县：岳阳大旱饥，华容人相食。自正月不雨至九月，田中无苗，百物食尽，又兼时疫流行，道馑相望。华容人又相食者。虽发帑散赈，不能遍。——乾隆十一年《岳州府志》卷二十九事纪,华容县：岳阳大旱饥，华容人相食。自正月不雨至九月，田中无苗，百物食尽，又兼时疫流行，道馑相望。华容人又相食者。虽发帑散赈，不能遍。——乾隆十一年《岳州府志》卷二十九事纪,华容县：岳阳大旱饥，华容人相食。自正月不雨至九月，田中无苗，百物食尽，又兼时疫流行，道馑相望。华容人又相食者。虽发帑散赈，不能遍。——乾隆十一年《岳州府志》卷二十九事纪,华容县：岳阳大旱饥，华容人相食。自正月不雨至九月，田中无苗，百物食尽，又兼时疫流行，道馑相望。华容人又相食者。虽发帑散赈，不能遍。——乾隆十一年《岳州府志》卷二十九事纪
1488,湖北,,武汉市,1488|湖北|武汉,明孝宗弘治元年,无,《汉阳府志》,无,保留,"v1,v2,v4,v5,v6,v7","v1,v2,v4,v5,v6,v7",6,0.8571,是,,武汉市：旱，人相食。——嘉靖《汉阳府志》卷二方域,武汉市：旱，人相食。——嘉靖《汉阳府志》卷二方域,,武汉市：旱，人相食。——嘉靖《汉阳府志》卷二方域,武汉市：旱，人相食。——嘉靖《汉阳府志》卷二方域,武汉市：旱，人相食。——嘉靖《汉阳府志》卷二方域,武汉市：旱，人相食。——嘉靖《汉阳府志》卷二方域
1488,陕西,,略阳县,1488|陕西|略阳,明孝宗弘治元年,无,《略阳县志》,无,保留,"v1,v2,v4,v5,v6,v7","v1,v2,v4,v5,v6,v7",6,0.8571,是,,略阳县：夏大旱，冬至人相食。——雍正《略阳县志》卷一灾祥,略阳县：夏大旱，冬至人相食。——雍正《略阳县志》卷一灾祥,,略阳县：夏大旱，冬至人相食。——雍正《略阳县志》卷一灾祥,略阳县：夏大旱，冬至人相食。——雍正《略阳县志》卷一灾祥,略阳县：夏大旱，冬至人相食。——雍正《略阳县志》卷一灾祥,略阳县：夏大旱，冬至人相食。——雍正《略阳县志》卷一灾祥
1488,湖南,,安乡县,1488|湖南|安乡,明孝宗弘治元年,无,《直隶澧州志林》,无,保留,"v1,v2,v4,v6,v7","v1,v2,v4,v6,v7",5,0.7143,是,,澧县：大旱，春正月不雨至九月。慈利、安乡人相食。——乾隆《直隶澧州志林》卷十九 機祥,澧县：大旱，春正月不雨至九月。慈利、安乡人相食。——乾隆《直隶澧州志林》卷十九 機祥,,澧县：大旱，春正月不雨至九月。慈利、安乡人相食。——乾隆《直隶澧州志林》卷十九 機祥,,澧县：大旱，春正月不雨至九月。慈利、安乡人相食。——乾隆《直隶澧州志林》卷十九 機祥,澧县：大旱，春正月不雨至九月。慈利、安乡人相食。——乾隆《直隶澧州志林》卷十九 機祥
1488,湖南,,慈利县,1488|湖南|慈利,明孝宗弘治元年,无,《直隶澧州志林》,无,保留,"v1,v2,v4,v6,v7","v1,v2,v4,v6,v7",5,0.7143,是,,澧县：大旱，春正月不雨至九月。慈利、安乡人相食。——乾隆《直隶澧州志林》卷十九 機祥,澧县：大旱，春正月不雨至九月。慈利、安乡人相食。——乾隆《直隶澧州志林》卷十九 機祥,,澧县：大旱，春正月不雨至九月。慈利、安乡人相食。——乾隆《直隶澧州志林》卷十九 機祥,,澧县：大旱，春正月不雨至九月。慈利、安乡人相食。——乾隆《直隶澧州志林》卷十九 機祥,澧县：大旱，春正月不雨至九月。慈利、安乡人相食。——乾隆《直隶澧州志林》卷十九 機祥
1488,湖南,,澧县,1488|湖南|澧,明孝宗弘治元年,无,《直隶澧州志林》,无,保留,v5,v5,1,0.1429,是,,,,,,澧县：大旱，春正月不雨至九月。慈利、安乡人相食。——乾隆《直隶澧州志林》卷十九 機祥,,
1488,四川,,营山县,1488|四川|营山,明孝宗弘治元年,无,《营山县志》,无,保留,"v1,v2,v4,v5,v6,v7","v1,v2,v4,v5,v6,v7",6,0.8571,是,,营山县：大旱，饥，人相食。夏秋不雨。冬地震。——万历《营山县志》卷八灾祥,营山县：大旱，饥，人相食。夏秋不雨。冬地震。——万历《营山县志》卷八灾祥,,营山县：大旱，饥，人相食。夏秋不雨。冬地震。——万历《营山县志》卷八灾祥,营山县：大旱，饥，人相食。夏秋不雨。冬地震。——万历《营山县志》卷八灾祥,营山县：大旱，饥，人相食。夏秋不雨。冬地震。——万历《营山县志》卷八灾祥,营山县：大旱，饥，人相食。夏秋不雨。冬地震。——万历《营山县志》卷八灾祥
1488,陕西,,靖边县,1488|陕西|靖边,明孝宗弘治元年,无,《靖边县志》,无,保留,"v1,v2,v4,v5,v6,v7","v1,v2,v4,v5,v6,v7",6,0.8571,是,,靖边县：大荒，人相食。——康熙《靖边县志》灾异,靖边县：大荒，人相食。——康熙《靖边县志》灾异,,靖边县：大荒，人相食。——康熙《靖边县志》灾异,靖边县：大荒，人相食。——康熙《靖边县志》灾异,靖边县：大荒，人相食。——康熙《靖边县志》灾异,靖边县：大荒，人相食。——康熙《靖边县志》灾异
1488,四川,,乐至县,1488|四川|乐至,明孝宗弘治元年,无,乐至县志,无,保留,v3,v3,1,0.1429,是,,,,乐至县：大旱，大饥相食。——雍正《乐至县志》祥异,,,,
1488,四川,,安岳县,1488|四川|安岳,明孝宗弘治元年,无,安岳县志,无,保留,v3,v3,1,0.1429,是,,,,安岳县：大旱，人相食。——道光《安岳县志》卷十五祥异,,,,
1488,湖南,,华容县,1488|湖南|华容,明孝宗弘治元年,无,岳州府志,无,保留,v3,v3,1,0.1429,是,,,,华容县：岳阳大旱饥，华容人相食。自正月不雨至九月，田中无苗，百物食尽，又兼时疫流行，道馑相望。华容人又相食者。虽发帑散赈，不能遍。——乾隆十一年《岳州府志》卷二十九事纪,,,,
1488,湖北,,武汉市,1488|湖北|武汉,明孝宗弘治元年,无,汉阳府志,明代此地属汉阳府，武汉市系现代地名标注,保留,v3,v3,1,0.1429,是,,,,湖北：武汉市：旱，人相食。——嘉靖《汉阳府志》卷二方域,,,,
1488,陕西,,略阳县,1488|陕西|略阳,明孝宗弘治元年,无,略阳县志,无,保留,v3,v3,1,0.1429,是,,,,略阳县：夏大旱，冬至人相食。——雍正《略阳县志》卷一灾祥,,,,
1488,湖南,,安乡,1488|湖南|安乡,明孝宗弘治元年,无,直隶澧州志林,无,保留,v3,v3,1,0.1429,是,,,,澧县：大旱，春正月不雨至九月。慈利、安乡人相食。——乾隆《直隶澧州志林》卷十九 機祥,,,,
1488,湖南,,慈利,1488|湖南|慈利,明孝宗弘治元年,无,直隶澧州志林,无,保留,v3,v3,1,0.1429,是,,,,澧县：大旱，春正月不雨至九月。慈利、安乡人相食。——乾隆《直隶澧州志林》卷十九 機祥,,,,
1488,四川,,营山县,1488|四川|营山,明孝宗弘治元年,无,营山县志,无,保留,v3,v3,1,0.1429,是,,,,营山县：大旱，饥，人相食。夏秋不雨。冬地震。——万历《营山县志》卷八灾祥,,,,
1488,陕西,,靖边县,1488|陕西|靖边,明孝宗弘治元年,无,靖边县志,无,保留,v3,v3,1,0.1429,是,,,,靖边县：大荒，人相食。——康熙《靖边县志》灾异,,,,
1492,山东,临沂,临沂,1492|山东|临沂|临沂,明孝宗弘治五年,无,《华北、东北近五百年旱涝史料》,无,保留,"v1,v3,v4,v5,v6,v7","v1,v3,v4,v5,v6,v7",6,0.8571,是,,临沂市：大旱饥，人相食。——《华北、东北近五百年旱涝史料》第三分册，第98页。,,临沂市：大旱饥，人相食。——《华北、东北近五百年旱涝史料》第三分册，第98页,临沂市：大旱饥，人相食。——《华北、东北近五百年旱涝史料》第三分册，第98页。,临沂市：大旱饥，人相食。——《华北、东北近五百年旱涝史料》第三分册，第98页。,临沂市：大旱饥，人相食。——《华北、东北近五百年旱涝史料》第三分册，第98页。,临沂市：大旱饥，人相食。——《华北、东北近五百年旱涝史料》第三分册，第98页。
1492,山东,临沂市,,1492|山东|临沂,明孝宗弘治五年,无,《华北、东北近五百年旱涝史料》第三分册,无,需进一步分析,v2,v2,1,0.1429,否,"同类 record 存在于 v1,v2,v3,v4,v5,v6,v7；本条仅存在于 v2；占比 14.3%",,临沂市：大旱饥，人相食。——《华北、东北近五百年旱涝史料》第三分册，第98页。,,,,,
1492,山东,日照,日照,1492|山东|日照|日照,明孝宗弘治五年,无,《日照县志》,无,保留,"v1,v2,v3,v4,v5,v6,v7","v1,v2,v3,v4,v5,v6,v7",7,1.0,是,,日照市：大旱，民相食。——康熙《日照县志》卷一纪事,日照市：大旱，民相食。——康熙《日照县志》卷一纪事,日照市：大旱，民相食。——康熙《日照县志》卷一纪事,日照市：大旱，民相食。——康熙《日照县志》卷一纪事,日照市：大旱，民相食。——康熙《日照县志》卷一纪事,日照市：大旱，民相食。——康熙《日照县志》卷一纪事,日照市：大旱，民相食。——康熙《日照县志》卷一纪事
1492,山东,滨州,无棣,1492|山东|滨|无棣,明孝宗弘治五年,无,《海丰县志》,无,保留,"v1,v2,v3,v4,v5,v6,v7","v1,v2,v3,v4,v5,v6,v7",7,1.0,是,,无棣县：海丰旱，大饥，人相食。——康熙《海丰县志》卷四纪事,无棣县：海丰旱，大饥，人相食。——康熙《海丰县志》卷四纪事,无棣县：海丰旱，大饥，人相食。——康熙《海丰县志》卷四纪事,无棣县：海丰旱，大饥，人相食。——康熙《海丰县志》卷四纪事,无棣县：海丰旱，大饥，人相食。——康熙《海丰县志》卷四纪事,无棣县：海丰旱，大饥，人相食。——康熙《海丰县志》卷四纪事,无棣县：海丰旱，大饥，人相食。——康熙《海丰县志》卷四纪事
1492,山东,淄博,淄川,1492|山东|淄博|淄川,明孝宗弘治五年,无,《淄川县志》,无,保留,"v1,v2,v3,v4,v5,v6,v7","v1,v2,v3,v4,v5,v6,v7",7,1.0,是,,淄博市：大饥，人相食。——嘉靖《淄川县志》卷二祥异,淄博市：大饥，人相食。——嘉靖《淄川县志》卷二祥异,淄博市：大饥，人相食。——嘉靖《淄川县志》卷二祥异,淄博市：大饥，人相食。——嘉靖《淄川县志》卷二祥异,淄博市：大饥，人相食。——嘉靖《淄川县志》卷二祥异,淄博市：大饥，人相食。——嘉靖《淄川县志》卷二祥异,淄博市：大饥，人相食。——嘉靖《淄川县志》卷二祥异
1494,山东,,宁津县,1494|山东|宁津,明孝宗弘治七年,无,《宁津县志》,无,保留,"v2,v4,v6,v7","v2,v4,v6,v7",4,0.5714,是,,,宁津县：大饥，人相食。——万历《宁津县志》卷四祥异,,宁津县：大饥，人相食。——万历《宁津县志》卷四祥异,,宁津县：大饥，人相食。——万历《宁津县志》卷四祥异,宁津县：大饥，人相食。——万历《宁津县志》卷四祥异
1494,山东,,宁津县,1494|山东|宁津,明孝宗弘治七年,无,《宁津县志》,无,保留,"v1,v3,v5","v1,v3,v5",3,0.4286,是,,山东：宁津县：大饥，人相食。——万历《宁津县志》卷四祥异,,山东：宁津县：大饥，人相食。——万历《宁津县志》卷四祥异,,山东：宁津县：大饥，人相食。——万历《宁津县志》卷四祥异,,
1503,安徽,,天长县,1503|安徽|天长,明孝宗弘治十六年,无,《皇明天长志》,无,保留,v1,v1,1,0.1429,是,,安徽：天长县：岁大饥，民相食。——嘉靖《皇明天长志》卷七灾祥,,,,,,
1503,安徽,,天长县,1503|安徽|天长,明孝宗弘治十六年,无,《皇明天长志》,无,保留,"v2,v4,v5","v2,v4,v5",3,0.4286,是,,,天长县：岁大饥，民相食。——嘉靖《皇明天长志》卷七灾祥,,天长县：岁大饥，民相食。——嘉靖《皇明天长志》卷七灾祥,天长县：岁大饥，民相食。——嘉靖《皇明天长志》卷七灾祥,,
1503,安徽,,天长县,1503|安徽|天长,明孝宗弘治十六年,无,皇明天长志,无,保留,"v3,v7","v3,v7",2,0.2857,是,,,,天长县：岁大饥，民相食。——嘉靖《皇明天长志》卷七灾祥,,,,天长县：岁大饥，民相食。——嘉靖《皇明天长志》卷七灾祥
1504,安徽,,凤阳,1504|安徽|凤阳,明孝宗弘治十七年,无,《凤阳县志》,无,保留,"v1,v6,v7","v1,v6,v7",3,0.4286,是,,凤阳县：凤阳游饥，人相食。——乾隆《凤阳县志》卷十五纪事,,,,,凤阳县：凤阳游饥，人相食。——乾隆《凤阳县志》卷十五纪事,凤阳县：凤阳游饥，人相食。——乾隆《凤阳县志》卷十五纪事
1504,安徽,,寿县,1504|安徽|寿,明孝宗弘治十七年,无,《寿州志》,无,保留,v7,v7,1,0.1429,是,,,,,,,,寿县：淮、扬、庐、凤游饥，人相食，且发瘞胄以继之。——光绪《寿州志》卷三十六
1504,江苏,扬州市,盱眙县,1504|江苏|扬|盱眙,明孝宗弘治十七年,无,《盱眙县志稿》,无,保留,"v1,v2,v7","v1,v2,v7",3,0.4286,是,,盱眙：“自夏四月不雨至秋九月”，“淮安…洊饥，人相食”。——光绪《盱眙县志稿》卷十七,"盱眙：""自夏四月不雨至秋九月""，""淮安…洊饥，人相食""。——光绪《盱眙县志稿》卷十七",,,,,盱眙：'自夏四月不雨至秋九月'，'淮安…洊饥，人相食'。——光绪《盱眙县志稿》卷十七
1508,河南,,上蔡县,1508|河南|上蔡,明武宗正德三年,无,《上蔡县志》,无,保留,"v1,v2,v6,v7","v1,v2,v6,v7",4,0.5714,是,,上蔡县：大旱，人相食。——康熙《上蔡县志》卷十二编年,上蔡县：大旱，人相食。——康熙《上蔡县志》卷十二编年,,,,上蔡县：大旱，人相食。——康熙《上蔡县志》卷十二编年,上蔡县：大旱，人相食。——康熙《上蔡县志》卷十二编年
1508,河南,,上蔡县,1508|河南|上蔡,明武宗正德三年,无,《上蔡县志》,无,保留,v5,v5,1,0.1429,是,,,,,,河南：上蔡县：大旱，人相食。——康熙《上蔡县志》卷十二编年,,
1508,山东,临沂市,临沂市,1508|山东|临沂|临沂,明武宗正德三年,无,《临沂县志》,无,保留,"v1,v2,v6,v7","v1,v2,v6,v7",4,0.5714,是,,临沂市：大旱，人相食。——民国《临沂县志》卷一通纪,临沂市：大旱，人相食。——民国《临沂县志》卷一通纪,,,,临沂市：大旱，人相食。——民国《临沂县志》卷一通纪,临沂市：大旱，人相食。——民国《临沂县志》卷一通纪
1508,山东,临沂市,临沂市,1508|山东|临沂|临沂,明武宗正德三年,无,《临沂县志》,无,保留,v5,v5,1,0.1429,是,,,,,,山东：临沂市：大旱，人相食。——民国《临沂县志》卷一通纪,,
1508,河南,,光山县,1508|河南|光山,明武宗正德三年,无,《光山县志》,无,保留,v5,v5,1,0.1429,是,,,,,,河南：光山县：夏旱，大饥，流亡满路，人有相食者。——嘉靖《光山县志》,,
1508,河南,,光山县,1508|河南|光山,明武宗正德三年,无,《光山县志》,无,保留,"v1,v2,v6,v7","v1,v2,v6,v7",4,0.5714,是,,光山县：夏旱，大饥，流亡满路，人有相食者。——嘉靖《光山县志》,光山县：夏旱，大饥，流亡满路，人有相食者。——嘉靖《光山县志》,,,,光山县：夏旱，大饥，流亡满路，人有相食者。——嘉靖《光山县志》,光山县：夏旱，大饥，流亡满路，人有相食者。——嘉靖《光山县志》
1508,河南,,固始县,1508|河南|固始,明武宗正德三年,无,《固始县志》,无,保留,"v1,v2,v6,v7","v1,v2,v6,v7",4,0.5714,是,,固始县：大旱，人相食。——嘉靖《固始县志》卷九灾祥,固始县：大旱，人相食。——嘉靖《固始县志》卷九灾祥,,,,固始县：大旱，人相食。——嘉靖《固始县志》卷九灾祥,固始县：大旱，人相食。——嘉靖《固始县志》卷九灾祥
1508,河南,,固始县,1508|河南|固始,明武宗正德三年,无,《固始县志》,无,保留,v5,v5,1,0.1429,是,,,,,,河南：固始县：大旱，人相食。——嘉靖《固始县志》卷九灾祥,,
1508,河北,,固安县,1508|河北|固安,明武宗正德三年,无,《固安县志》,无,保留,"v1,v2,v6,v7","v1,v2,v6,v7",4,0.5714,是,,固安县：大旱，人相食。——嘉靖《固安县志》卷九灾异,固安县：大旱，人相食。——嘉靖《固安县志》卷九灾异,,,,固安县：大旱，人相食。——嘉靖《固安县志》卷九灾异,固安县：大旱，人相食。——嘉靖《固安县志》卷九灾异
1508,河北,,固安县,1508|河北|固安,明武宗正德三年,无,《固安县志》,无,保留,v5,v5,1,0.1429,是,,,,,,河北：固安县：大旱，人相食。——嘉靖《固安县志》卷九灾异,,
1508,安徽,,寿县,1508|安徽|寿,明武宗正德三年,无,《寿州志》,无,保留,"v1,v2,v6,v7","v1,v2,v6,v7",4,0.5714,是,,寿县：蝗，大饥，疫，人相食。——嘉靖《寿州志》卷八灾祥,寿县：蝗，大饥，疫，人相食。——嘉靖《寿州志》卷八灾祥,,,,寿县：蝗，大饥，疫，人相食。——嘉靖《寿州志》卷八灾祥,寿县：蝗，大饥，疫，人相食。——嘉靖《寿州志》卷八灾祥
1508,安徽,,寿县,1508|安徽|寿,明武宗正德三年,无,《寿州志》,无,保留,v5,v5,1,0.1429,是,,,,,,安徽：寿县：蝗，大饥，疫，人相食。——嘉靖《寿州志》卷八灾祥,,
1508,河南,,息县,1508|河南|息,明武宗正德三年,无,《息县志》,无,保留,v5,v5,1,0.1429,是,,,,,,河南：息县：夏大旱，饥，人相食。——顺治《息县志》卷十灾异,,
1508,河南,,息县,1508|河南|息,明武宗正德三年,无,《息县志》,无,保留,"v1,v2,v6,v7","v1,v2,v6,v7",4,0.5714,是,,息县：夏大旱，饥，人相食。——顺治《息县志》卷十灾异,息县：夏大旱，饥，人相食。——顺治《息县志》卷十灾异,,,,息县：夏大旱，饥，人相食。——顺治《息县志》卷十灾异,息县：夏大旱，饥，人相食。——顺治《息县志》卷十灾异
1508,山东,日照市,日照市,1508|山东|日照|日照,明武宗正德三年,无,《日照县志》,无,保留,"v1,v2,v6,v7","v1,v2,v6,v7",4,0.5714,是,,日照市：大旱，人相食。——康熙《日照县志》卷一纪异,日照市：大旱，人相食。——康熙《日照县志》卷一纪异,,,,日照市：大旱，人相食。——康熙《日照县志》卷一纪异,日照市：大旱，人相食。——康熙《日照县志》卷一纪异
1508,山东,日照市,日照市,1508|山东|日照|日照,明武宗正德三年,无,《日照县志》,无,保留,v5,v5,1,0.1429,是,,,,,,山东：日照市：大旱，人相食。——康熙《日照县志》卷一纪异,,
1508,河南,,汝南县,1508|河南|汝南,明武宗正德三年,无,《汝南志》,无,保留,v5,v5,1,0.1429,是,,,,,,河南：汝南县：是岁，郡中大旱，饥，人相食。——万历《汝南志》卷二十四灾祥,,
1508,河南,,汝南县,1508|河南|汝南,明武宗正德三年,无,《汝南志》,无,保留,"v1,v2,v6,v7","v1,v2,v6,v7",4,0.5714,是,,汝南县：是岁，郡中大旱，饥，人相食。——万历《汝南志》卷二十四灾祥,汝南县：是岁，郡中大旱，饥，人相食。——万历《汝南志》卷二十四灾祥,,,,汝南县：是岁，郡中大旱，饥，人相食。——万历《汝南志》卷二十四灾祥,汝南县：是岁，郡中大旱，饥，人相食。——万历《汝南志》卷二十四灾祥
1508,河南,,正阳县,1508|河南|正阳,明武宗正德三年,无,《真阳县志》,无,保留,"v1,v2,v6,v7","v1,v2,v6,v7",4,0.5714,是,,正阳县：大旱，人相食，田野沟壑皆死尸。——嘉靖《真阳县志》卷九祥异,正阳县：大旱，人相食，田野沟壑皆死尸。——嘉靖《真阳县志》卷九祥异,,,,正阳县：大旱，人相食，田野沟壑皆死尸。——嘉靖《真阳县志》卷九祥异,正阳县：大旱，人相食，田野沟壑皆死尸。——嘉靖《真阳县志》卷九祥异
1508,河南,,正阳县,1508|河南|正阳,明武宗正德三年,正阳县,《真阳县志》,古地名,保留,v5,v5,1,0.1429,是,,,,,,河南：正阳县：大旱，人相食，田野沟壑皆死尸。——嘉靖《真阳县志》卷九祥异,,
1508,河南,,确山县,1508|河南|确山,明武宗正德三年,无,《确山县志》,无,保留,v5,v5,1,0.1429,是,,,,,,河南：确山县：夏旱，大饥，人相食。——乾隆《确山县志》卷四禨祥,,
1508,河南,,确山县,1508|河南|确山,明武宗正德三年,无,《确山县志》,无,保留,"v1,v2,v6,v7","v1,v2,v6,v7",4,0.5714,是,,确山县：夏旱，大饥，人相食。——乾隆《确山县志》卷四禨祥,确山县：夏旱，大饥，人相食。——乾隆《确山县志》卷四禨祥,,,,确山县：夏旱，大饥，人相食。——乾隆《确山县志》卷四禨祥,确山县：夏旱，大饥，人相食。——乾隆《确山县志》卷四禨祥
1508,安徽,,蒙城县,1508|安徽|蒙城,明武宗正德三年,无,《蒙城县志》,无,保留,"v1,v2,v6,v7","v1,v2,v6,v7",4,0.5714,是,,蒙城县：大饥，人相食，复大疫。——顺治《蒙城县志》卷六灾祥,蒙城县：大饥，人相食，复大疫。——顺治《蒙城县志》卷六灾祥,,,,蒙城县：大饥，人相食，复大疫。——顺治《蒙城县志》卷六灾祥,蒙城县：大饥，人相食，复大疫。——顺治《蒙城县志》卷六灾祥
1508,安徽,,蒙城县,1508|安徽|蒙城,明武宗正德三年,无,《蒙城县志》,无,保留,v5,v5,1,0.1429,是,,,,,,安徽：蒙城县：大饥，人相食，复大疫。——顺治《蒙城县志》卷六灾祥,,
1508,湖北,,襄樊市,1508|湖北|襄樊,明武宗正德三年,无,《襄阳府志》,无,保留,v5,v5,1,0.1429,是,,,,,,湖北：襄樊市：自五月不雨，至子己巳三月。民饥乏食，饿殍盈途，或有相食者。——正德《襄阳府志》卷九祥异,,
1508,湖北,襄樊市,襄樊市,1508|湖北|襄樊|襄樊,明武宗正德三年,无,《襄阳府志》,无,保留,"v1,v2,v6,v7","v1,v2,v6,v7",4,0.5714,是,,襄樊市：自五月不雨，至子己巳三月。民饥乏食，饿殍盈途，或有相食者。——正德《襄阳府志》卷九祥异,襄樊市：自五月不雨，至子己巳三月。民饥乏食，饿殍盈途，或有相食者。——正德《襄阳府志》卷九祥异,,,,襄樊市：自五月不雨，至子己巳三月。民饥乏食，饿殍盈途，或有相食者。——正德《襄阳府志》卷九祥异,襄樊市：自五月不雨，至子己巳三月。民饥乏食，饿殍盈途，或有相食者。——正德《襄阳府志》卷九祥异
1508,安徽,,霍邱县,1508|安徽|霍邱,明武宗正德三年,无,《霍邱县志》,无,保留,"v1,v2,v6,v7","v1,v2,v6,v7",4,0.5714,是,,霍邱县：蝗，大饥，疫，人相食。——乾隆《霍邱县志》卷十二灾祥,霍邱县：蝗，大饥，疫，人相食。——乾隆《霍邱县志》卷十二灾祥,,,,霍邱县：蝗，大饥，疫，人相食。——乾隆《霍邱县志》卷十二灾祥,霍邱县：蝗，大饥，疫，人相食。——乾隆《霍邱县志》卷十二灾祥
1508,安徽,,霍邱县,1508|安徽|霍邱,明武宗正德三年,无,《霍邱县志》,无,保留,v5,v5,1,0.1429,是,,,,,,安徽：霍邱县：蝗，大饥，疫，人相食。——乾隆《霍邱县志》卷十二灾祥,,
1508,河南,,鲁山县,1508|河南|鲁山,明武宗正德三年,无,《鲁山县志》,无,保留,"v1,v2,v6,v7","v1,v2,v6,v7",4,0.5714,是,,鲁山县：自四月始雨，继后昼晴夜雨，自七月终方止。夏麦秋禾俱未成熟，人相食者甚多，民多逃死。至四年，夏秋大熟，斗粟钱十文矣。——嘉靖《鲁山县志》卷十灾祥,鲁山县：自四月始雨，继后昼晴夜雨，自七月终方止。夏麦秋禾俱未成熟，人相食者甚多，民多逃死。至四年，夏秋大熟，斗粟钱十文矣。——嘉靖《鲁山县志》卷十灾祥,,,,鲁山县：自四月始雨，继后昼晴夜雨，自七月终方止。夏麦秋禾俱未成熟，人相食者甚多，民多逃死。至四年，夏秋大熟，斗粟钱十文矣。——嘉靖《鲁山县志》卷十灾祥,鲁山县：自四月始雨，继后昼晴夜雨，自七月终方止。夏麦秋禾俱未成熟，人相食者甚多，民多逃死。至四年，夏秋大熟，斗粟钱十文矣。——嘉靖《鲁山县志》卷十灾祥
1508,河南,,鲁山县,1508|河南|鲁山,明武宗正德三年,无,《鲁山县志》,无,保留,v5,v5,1,0.1429,是,,,,,,河南：鲁山县：自四月始雨，继后昼晴夜雨，自七月终方止。夏麦秋禾俱未成熟，人相食者甚多，民多逃死。至四年，夏秋大熟，斗粟钱十文矣。——嘉靖《鲁山县志》卷十灾祥,,
1508,河南,驻马店市,上蔡县,1508|河南|驻马店|上蔡,明武宗正德三年,无,上蔡县志,无,保留,"v3,v4","v3,v4",2,0.2857,是,,,,上蔡县：大旱，人相食。——康熙《上蔡县志》卷十二编年,上蔡县：大旱，人相食。——康熙《上蔡县志》卷十二编年,,,
1508,山东,临沂,临沂,1508|山东|临沂|临沂,明武宗正德三年,无,临沂县志,无,保留,"v3,v4","v3,v4",2,0.2857,是,,,,临沂市：大旱，人相食。——民国《临沂县志》卷一通纪,临沂市：大旱，人相食。——民国《临沂县志》卷一通纪,,,
1508,河南,信阳市,光山县,1508|河南|信阳|光山,明武宗正德三年,无,光山县志,无,保留,"v3,v4","v3,v4",2,0.2857,是,,,,光山县：夏旱，大饥，流亡满路，人有相食者。——嘉靖《光山县志》,光山县：夏旱，大饥，流亡满路，人有相食者。——嘉靖《光山县志》,,,
1508,河南,信阳市,固始县,1508|河南|信阳|固始,明武宗正德三年,无,固始县志,无,保留,"v3,v4","v3,v4",2,0.2857,是,,,,固始县：大旱，人相食。——嘉靖《固始县志》卷九灾祥,固始县：大旱，人相食。——嘉靖《固始县志》卷九灾祥,,,
1508,河北,,固安县,1508|河北|固安,明武宗正德三年,无,固安县志,无,保留,"v3,v4","v3,v4",2,0.2857,是,,,,固安县：大旱，人相食。——嘉靖《固安县志》卷九灾异,固安县：大旱，人相食。——嘉靖《固安县志》卷九灾异,,,
1508,安徽,淮南市,寿县,1508|安徽|淮南|寿,明武宗正德三年,寿州,寿州志,无,保留,"v3,v4","v3,v4",2,0.2857,是,,,,寿县：蝗，大饥，疫，人相食。——嘉靖《寿州志》卷八灾祥,寿县：蝗，大饥，疫，人相食。——嘉靖《寿州志》卷八灾祥,,,
1508,河南,信阳市,息县,1508|河南|信阳|息,明武宗正德三年,无,息县志,无,保留,"v3,v4","v3,v4",2,0.2857,是,,,,息县：夏大旱，饥，人相食。——顺治《息县志》卷十灾异,息县：夏大旱，饥，人相食。——顺治《息县志》卷十灾异,,,
1508,山东,日照,日照,1508|山东|日照|日照,明武宗正德三年,无,日照县志,无,保留,"v3,v4","v3,v4",2,0.2857,是,,,,日照市：大旱，人相食。——康熙《日照县志》卷一纪异,日照市：大旱，人相食。——康熙《日照县志》卷一纪异,,,
1508,河南,驻马店市,汝南县,1508|河南|驻马店|汝南,明武宗正德三年,无,汝南志,无,保留,"v3,v4","v3,v4",2,0.2857,是,,,,汝南县：是岁，郡中大旱，饥，人相食。——万历《汝南志》卷二十四灾祥,汝南县：是岁，郡中大旱，饥，人相食。——万历《汝南志》卷二十四灾祥,,,
1508,河南,驻马店市,正阳县,1508|河南|驻马店|正阳,明武宗正德三年,真阳,真阳县志,无,保留,"v3,v4","v3,v4",2,0.2857,是,,,,正阳县：大旱，人相食，田野沟壑皆死尸。——嘉靖《真阳县志》卷九祥异,正阳县：大旱，人相食，田野沟壑皆死尸。——嘉靖《真阳县志》卷九祥异,,,
1508,河南,驻马店市,确山县,1508|河南|驻马店|确山,明武宗正德三年,无,确山县志,无,保留,"v3,v4","v3,v4",2,0.2857,是,,,,确山县：夏旱，大饥，人相食。——乾隆《确山县志》卷四禨祥,确山县：夏旱，大饥，人相食。——乾隆《确山县志》卷四禨祥,,,
1508,安徽,亳州市,蒙城县,1508|安徽|亳|蒙城,明武宗正德三年,无,蒙城县志,无,保留,"v3,v4","v3,v4",2,0.2857,是,,,,蒙城县：大饥，人相食，复大疫。——顺治《蒙城县志》卷六灾祥,蒙城县：大饥，人相食，复大疫。——顺治《蒙城县志》卷六灾祥,,,
1508,湖北,襄樊市,襄樊市,1508|湖北|襄樊|襄樊,明武宗正德三年,襄阳府,襄阳府志,无,保留,"v3,v4","v3,v4",2,0.2857,是,,,,襄樊市：自五月不雨，至子己巳三月。民饥乏食，饿殍盈途，或有相食者。——正德《襄阳府志》卷九祥异,襄樊市：自五月不雨，至子己巳三月。民饥乏食，饿殍盈途，或有相食者。——正德《襄阳府志》卷九祥异,,,
1508,安徽,六安市,霍邱县,1508|安徽|六安|霍邱,明武宗正德三年,无,霍邱县志,无,保留,"v3,v4","v3,v4",2,0.2857,是,,,,霍邱县：蝗，大饥，疫，人相食。——乾隆《霍邱县志》卷十二灾祥,霍邱县：蝗，大饥，疫，人相食。——乾隆《霍邱县志》卷十二灾祥,,,
1508,河南,平顶山市,鲁山县,1508|河南|平顶山|鲁山,明武宗正德三年,无,鲁山县志,无,保留,"v3,v4","v3,v4",2,0.2857,是,,,,鲁山县：自四月始雨，继后昼晴夜雨，自七月终方止。夏麦秋禾俱未成熟，人相食者甚多，民多逃死。至四年，夏秋大熟，斗粟钱十文矣。——嘉靖《鲁山县志》卷十灾祥,鲁山县：自四月始雨，继后昼晴夜雨，自七月终方止。夏麦秋禾俱未成熟，人相食者甚多，民多逃死。至四年，夏秋大熟，斗粟钱十文矣。——嘉靖《鲁山县志》卷十灾祥,,,
1509,安徽,凤阳县,凤阳县,1509|安徽|凤阳|凤阳,明武宗正德四年,无,《凤阳县志》,无,保留,"v1,v2,v3,v4,v5,v6","v1,v2,v3,v4,v5,v6",6,0.8571,是,,凤阳县：夏大旱，蝗飞蔽日。岁大饥，人相食。——乾隆《凤阳县志》卷十五纪事,凤阳县：夏大旱，蝗飞蔽日。岁大饥，人相食。——乾隆《凤阳县志》卷十五纪事,凤阳县：夏大旱，蝗飞蔽日。岁大饥，人相食。——乾隆《凤阳县志》卷十五纪事,凤阳县：夏大旱，蝗飞蔽日。岁大饥，人相食。——乾隆《凤阳县志》卷十五纪事,凤阳县：夏大旱，蝗飞蔽日。岁大饥，人相食。——乾隆《凤阳县志》卷十五纪事,凤阳县：夏大旱，蝗飞蔽日。岁大饥，人相食。——乾隆《凤阳县志》卷十五纪事,
1509,安徽,太和县,太和县,1509|安徽|太和|太和,明武宗正德四年,无,《太和县志》,无,保留,"v1,v2,v3,v4,v5,v6","v1,v2,v3,v4,v5,v6",6,0.8571,是,,太和县：春大饥，人相食。——民国《太和县志》卷十二灾祥,太和县：春大饥，人相食。——民国《太和县志》卷十二灾祥,太和县：春大饥，人相食。——民国《太和县志》卷十二灾祥,太和县：春大饥，人相食。——民国《太和县志》卷十二灾祥,太和县：春大饥，人相食。——民国《太和县志》卷十二灾祥,太和县：春大饥，人相食。——民国《太和县志》卷十二灾祥,
1509,安徽,宿县,宿县,1509|安徽|宿|宿,明武宗正德四年,无,《宿州志》,无,保留,"v1,v2,v3,v4,v5,v6","v1,v2,v3,v4,v5,v6",6,0.8571,是,,宿县：夏大旱，蝗飞蔽日。岁大饥，人相食。——嘉靖《宿州志》卷八祥异,宿县：夏大旱，蝗飞蔽日。岁大饥，人相食。——嘉靖《宿州志》卷八祥异,宿县：夏大旱，蝗飞蔽日。岁大饥，人相食。——嘉靖《宿州志》卷八祥异,宿县：夏大旱，蝗飞蔽日。岁大饥，人相食。——嘉靖《宿州志》卷八祥异,宿县：夏大旱，蝗飞蔽日。岁大饥，人相食。——嘉靖《宿州志》卷八祥异,宿县：夏大旱，蝗飞蔽日。岁大饥，人相食。——嘉靖《宿州志》卷八祥异,
1509,安徽,淮南市,寿县,1509|安徽|淮南|寿,明武宗正德四年,无,《寿州志》,无,保留,v2,v2,1,0.1429,是,,,安徽：寿县：夏大旱，蝗飞蔽日。岁大饥，人相食。——乾隆《寿州志》卷十一灾祥,,,,,
1509,安徽,寿县,寿县,1509|安徽|寿|寿,明武宗正德四年,无,《寿州志》,无,保留,"v1,v3,v4,v5,v6","v1,v3,v4,v5,v6",5,0.7143,是,,寿县：夏大旱，蝗飞蔽日。岁大饥，人相食。——乾隆《寿州志》卷十一灾祥,,寿县：夏大旱，蝗飞蔽日。岁大饥，人相食。——乾隆《寿州志》卷十一灾祥,寿县：夏大旱，蝗飞蔽日。岁大饥，人相食。——乾隆《寿州志》卷十一灾祥,寿县：夏大旱，蝗飞蔽日。岁大饥，人相食。——乾隆《寿州志》卷十一灾祥,寿县：夏大旱，蝗飞蔽日。岁大饥，人相食。——乾隆《寿州志》卷十一灾祥,
1509,安徽,广德县,广德县,1509|安徽|广德|广德,明武宗正德四年,无,《广德直隶州志》,无,保留,"v1,v2,v3,v4,v5,v6","v1,v2,v3,v4,v5,v6",6,0.8571,是,,广德县：春饥，人相食。夏大疫，死者方计，遗骸载道。秋，大水灌城。冬，冰坚地坼，禽兽草木皆死。——乾隆《广德直隶州志》卷四十八祥异,广德县：春饥，人相食。夏大疫，死者方计，遗骸载道。秋，大水灌城。冬，冰坚地坼，禽兽草木皆死。——乾隆《广德直隶州志》卷四十八祥异,广德县：春饥，人相食。夏大疫，死者方计，遗骸载道。秋，大水灌城。冬，冰坚地坼，禽兽草木皆死。——乾隆《广德直隶州志》卷四十八祥异,广德县：春饥，人相食。夏大疫，死者方计，遗骸载道。秋，大水灌城。冬，冰坚地坼，禽兽草木皆死。——乾隆《广德直隶州志》卷四十八祥异,广德县：春饥，人相食。夏大疫，死者方计，遗骸载道。秋，大水灌城。冬，冰坚地坼，禽兽草木皆死。——乾隆《广德直隶州志》卷四十八祥异,广德县：春饥，人相食。夏大疫，死者方计，遗骸载道。秋，大水灌城。冬，冰坚地坼，禽兽草木皆死。——乾隆《广德直隶州志》卷四十八祥异,
1509,山东,文登县,文登县,1509|山东|文登|文登,明武宗正德四年,无,《文登县志》,无,保留,"v1,v2,v3,v4,v5,v6","v1,v2,v3,v4,v5,v6",6,0.8571,是,,文登县：大饥，人相食。——光绪《文登县志》卷十四灾异,文登县：大饥，人相食。——光绪《文登县志》卷十四灾异,文登县：大饥，人相食。——光绪《文登县志》卷十四灾异,文登县：大饥，人相食。——光绪《文登县志》卷十四灾异,文登县：大饥，人相食。——光绪《文登县志》卷十四灾异,文登县：大饥，人相食。——光绪《文登县志》卷十四灾异,
1509,山东,栖霞县,栖霞县,1509|山东|栖霞|栖霞,明武宗正德四年,无,《栖霞县志》,无,保留,"v1,v2,v3,v4,v5,v6","v1,v2,v3,v4,v5,v6",6,0.8571,是,,栖霞县：大饥，人相食。——康熙十一年《栖霞县志》卷七祥异,栖霞县：大饥，人相食。——康熙十一年《栖霞县志》卷七祥异,栖霞县：大饥，人相食。——康熙十一年《栖霞县志》卷七祥异,栖霞县：大饥，人相食。——康熙十一年《栖霞县志》卷七祥异,栖霞县：大饥，人相食。——康熙十一年《栖霞县志》卷七祥异,栖霞县：大饥，人相食。——康熙十一年《栖霞县志》卷七祥异,
1509,山东,海阳县,海阳县,1509|山东|海阳|海阳,明武宗正德四年,无,《海阳县志》,无,保留,"v1,v2,v3,v4,v5,v6","v1,v2,v3,v4,v5,v6",6,0.8571,是,,海阳县：大饥，人相食。——乾隆《海阳县志》卷三灾祥,海阳县：大饥，人相食。——乾隆《海阳县志》卷三灾祥,海阳县：大饥，人相食。——乾隆《海阳县志》卷三灾祥,海阳县：大饥，人相食。——乾隆《海阳县志》卷三灾祥,海阳县：大饥，人相食。——乾隆《海阳县志》卷三灾祥,海阳县：大饥，人相食。——乾隆《海阳县志》卷三灾祥,
1509,安徽,灵璧县,灵璧县,1509|安徽|灵璧|灵璧,明武宗正德四年,无,《灵璧县志》,无,保留,"v1,v2,v3,v4,v5,v6","v1,v2,v3,v4,v5,v6",6,0.8571,是,,灵璧县：夏大旱，蝗，岁饥，人相食。——康熙《灵璧县志》卷一祥异,灵璧县：夏大旱，蝗，岁饥，人相食。——康熙《灵璧县志》卷一祥异,灵璧县：夏大旱，蝗，岁饥，人相食。——康熙《灵璧县志》卷一祥异,灵璧县：夏大旱，蝗，岁饥，人相食。——康熙《灵璧县志》卷一祥异,灵璧县：夏大旱，蝗，岁饥，人相食。——康熙《灵璧县志》卷一祥异,灵璧县：夏大旱，蝗，岁饥，人相食。——康熙《灵璧县志》卷一祥异,
1509,山东,烟台市,福山县,1509|山东|烟台|福山,明武宗正德四年,无,《福山县志》,无,保留,"v1,v3,v4,v5,v6","v1,v3,v4,v5,v6",5,0.7143,是,,烟台市：大饥，人相食。——康熙《福山县志》卷一灾祥,,福山县：大饥，人相食。——康熙《福山县志》卷一灾祥,福山县：大饥，人相食。——康熙《福山县志》卷一灾祥,烟台市：大饥，人相食。——康熙《福山县志》卷一灾祥,烟台市：大饥，人相食。——康熙《福山县志》卷一灾祥,
1509,山东,烟台市,福山县,1509|山东|烟台|福山,明武宗正德四年,无,《福山县志》,无,保留,v2,v2,1,0.1429,是,,,山东：烟台市：大饥，人相食。——康熙《福山县志》卷一灾祥,,,,,
1509,山东,莱阳县,莱阳县,1509|山东|莱阳|莱阳,明武宗正德四年,无,《莱阳县志》,无,保留,"v1,v2,v3,v4,v5,v6","v1,v2,v3,v4,v5,v6",6,0.8571,是,,莱阳县：大饥，人相食。——康熙《莱阳县志》卷九灾祥,莱阳县：大饥，人相食。——康熙《莱阳县志》卷九灾祥,莱阳县：大饥，人相食。——康熙《莱阳县志》卷九灾祥,莱阳县：大饥，人相食。——康熙《莱阳县志》卷九灾祥,莱阳县：大饥，人相食。——康熙《莱阳县志》卷九灾祥,莱阳县：大饥，人相食。——康熙《莱阳县志》卷九灾祥,
1509,安徽,颍上县,颍上县,1509|安徽|颍上|颍上,明武宗正德四年,无,《颍上县志》,无,保留,"v1,v2,v4,v5,v6","v1,v2,v4,v5,v6",5,0.7143,是,,颍上县：春大饥，人相吞噬。——顺治《颍上县志》卷十一灾祥,颍上县：春大饥，人相吞噬。——顺治《颍上县志》卷十一灾祥,,颍上县：春大饥，人相吞噬。——顺治《颍上县志》卷十一灾祥,颍上县：春大饥，人相吞噬。——顺治《颍上县志》卷十一灾祥,颍上县：春大饥，人相吞噬。——顺治《颍上县志》卷十一灾祥,
1509,安徽,阜阳市,阜阳县,1509|安徽|阜阳|阜阳,明武宗正德四年,无,《颍州志》,无,保留,"v1,v2,v3,v4,v5,v6","v1,v2,v3,v4,v5,v6",6,0.8571,是,,阜阳市：春大饥，人相食。——嘉靖十五年《颍州志》卷一郡纪,阜阳市：春大饥，人相食。——嘉靖十五年《颍州志》卷一郡纪,颍州市：春大饥，人相食。——嘉靖十五年《颍州志》卷一郡纪,阜阳市：春大饥，人相食。——嘉靖十五年《颍州志》卷一郡纪,阜阳市：春大饥，人相食。——嘉靖十五年《颍州志》卷一郡纪,阜阳市：春大饥，人相食。——嘉靖十五年《颍州志》卷一郡纪,
1509,安徽,,凤阳县,1509|安徽|凤阳,明武宗正德四年,无,凤阳县志,无,保留,v7,v7,1,0.1429,是,,,,,,,,安徽凤阳县：夏大旱，蝗飞蔽日。岁大饥，人相食。——乾隆《凤阳县志》卷十五纪事
1509,安徽,,太和县,1509|安徽|太和,明武宗正德四年,无,太和县志,无,保留,v7,v7,1,0.1429,是,,,,,,,,安徽太和县：春大饥，人相食。——民国《太和县志》卷十二灾祥
1509,安徽,,宿州,1509|安徽|宿,明武宗正德四年,无,宿州志,无,保留,v7,v7,1,0.1429,是,,,,,,,,安徽宿县：夏大旱，蝗飞蔽日。岁大饥，人相食。——嘉靖《宿州志》卷八祥异
1509,安徽,,寿州,1509|安徽|寿,明武宗正德四年,无,寿州志,无,保留,v7,v7,1,0.1429,是,,,,,,,,安徽寿县：夏大旱，蝗飞蔽日。岁大饥，人相食。——乾隆《寿州志》卷十一灾祥
1509,安徽,,广德直隶州,1509|安徽|广德直隶,明武宗正德四年,广德直隶州,广德直隶州志,无,保留,v7,v7,1,0.1429,是,,,,,,,,安徽广德县：春饥，人相食。夏大疫，死者方计，遗骸载道。秋，大水灌城。冬，冰坚地坼，禽兽草木皆死。——乾隆《广德直隶州志》卷四十八祥异
1509,山东,,文登县,1509|山东|文登,明武宗正德四年,无,文登县志,无,保留,v7,v7,1,0.1429,是,,,,,,,,山东文登县：大饥，人相食。——光绪《文登县志》卷十四灾异
1509,山东,,栖霞县,1509|山东|栖霞,明武宗正德四年,无,栖霞县志,无,保留,v7,v7,1,0.1429,是,,,,,,,,山东栖霞县：大饥，人相食。——康熙十一年《栖霞县志》卷七祥异
1509,山东,,海阳县,1509|山东|海阳,明武宗正德四年,无,海阳县志,无,保留,v7,v7,1,0.1429,是,,,,,,,,山东海阳县：大饥，人相食。——乾隆《海阳县志》卷三灾祥
1509,安徽,,灵璧县,1509|安徽|灵璧,明武宗正德四年,无,灵璧县志,无,保留,v7,v7,1,0.1429,是,,,,,,,,安徽灵璧县：夏大旱，蝗，岁饥，人相食。——康熙《灵璧县志》卷一祥异
1509,山东,烟台,福山县,1509|山东|烟台|福山,明武宗正德四年,无,福山县志,无,保留,v7,v7,1,0.1429,是,,,,,,,,山东烟台市：大饥，人相食。——康熙《福山县志》卷一灾祥
1509,山东,,莱阳县,1509|山东|莱阳,明武宗正德四年,无,莱阳县志,无,保留,v7,v7,1,0.1429,是,,,,,,,,山东莱阳县：大饥，人相食。——康熙《莱阳县志》卷九灾祥
1509,安徽,,颍上县,1509|安徽|颍上,明武宗正德四年,无,颍上县志,无,保留,v7,v7,1,0.1429,是,,,,,,,,安徽颍上县：春大饥，人相吞噬。——顺治《颍上县志》卷十一灾祥
1509,安徽,阜阳,颍州,1509|安徽|阜阳|颍,明武宗正德四年,颍州,颍州志,无,保留,v7,v7,1,0.1429,是,,,,,,,,安徽阜阳市：春大饥，人相食。——嘉靖十五年《颍州志》卷一郡纪
1510,安徽,,太和县,1510|安徽|太和,明武宗正德五年,无,《太和县志》,无,保留,v4,v4,1,0.1429,是,,,,,安徽：太和县；春大饥，人相食。——民国《太和县志》,,,
1510,安徽,,太和县,1510|安徽|太和,明武宗正德五年,无,《太和县志》,无,保留,"v1,v2,v5,v6,v7","v1,v2,v5,v6,v7",5,0.7143,是,,安徽：太和县；春大饥，人相食。——民国《太和县志》卷十二,太和县；春大饥，人相食。——民国《太和县志》卷十二,,,安徽：太和县；春大饥，人相食。——民国《太和县志》卷十二,太和县；春大饥，人相食。——民国《太和县志》卷十二,安徽：太和县；春大饥，人相食。——民国《太和县志》卷十二
1510,安徽,,太和县,1510|安徽|太和,明武宗正德五年,无,太和县志,无,保留,v3,v3,1,0.1429,是,,,,太和县；春大饥，人相食。——民国《太和县志》卷十二,,,,
1511,安徽,,怀远县,1511|安徽|怀远,明武宗正德六年,无,《怀远县志》,无,保留,"v1,v2,v3,v4,v5,v7","v1,v2,v3,v4,v5,v7",6,0.8571,是,,怀远县：蝗飞蔽日，岁大饥，人相食。——雍正《怀远县志》卷八灾异,怀远县：蝗飞蔽日，岁大饥，人相食。——雍正《怀远县志》卷八灾异,怀远县：蝗飞蔽日，岁大饥，人相食。——雍正《怀远县志》卷八灾异,怀远县：蝗飞蔽日，岁大饥，人相食。——雍正《怀远县志》卷八灾异,怀远县：蝗飞蔽日，岁大饥，人相食。——雍正《怀远县志》卷八灾异,,怀远县：蝗飞蔽日，岁大饥，人相食。——雍正《怀远县志》卷八灾异
1511,安徽,,怀远县,1511|安徽|怀远,明武宗正德六年,无,《怀远县志》,无,保留,v6,v6,1,0.1429,是,,,,,,,安徽：怀远县：蝗飞蔽日，岁大饥，人相食。——雍正《怀远县志》卷八灾异,
1511,山西,,蒲县,1511|山西|蒲,明武宗正德六年,无,《蒲县志》,无,保留,"v1,v2,v3,v4,v5,v7","v1,v2,v3,v4,v5,v7",6,0.8571,是,,蒲县：大饥，人相食。——乾隆《蒲县志》卷九祥异,蒲县：大饥，人相食。——乾隆《蒲县志》卷九祥异,蒲县：大饥，人相食。——乾隆《蒲县志》卷九祥异,蒲县：大饥，人相食。——乾隆《蒲县志》卷九祥异,蒲县：大饥，人相食。——乾隆《蒲县志》卷九祥异,,蒲县：大饥，人相食。——乾隆《蒲县志》卷九祥异
1511,山西,,蒲县,1511|山西|蒲,明武宗正德六年,无,《蒲县志》,无,保留,v6,v6,1,0.1429,是,,,,,,,山西：蒲县：大饥，人相食。——乾隆《蒲县志》卷九祥异,
1512,湖北,丹江口市,丹江口市,1512|湖北|丹江口|丹江口,明武宗正德七年,无,《均州志》,无,保留,"v1,v2,v3,v4,v5,v6,v7","v1,v2,v3,v4,v5,v6,v7",7,1.0,是,,丹江口市：春大饥，人相食。六月，蝗。——康熙《均州志》卷二灾祥,丹江口市：春大饥，人相食。六月，蝗。——康熙《均州志》卷二灾祥,丹江口市：春大饥，人相食。六月，蝗。——康熙《均州志》卷二灾祥,丹江口市：春大饥，人相食。六月，蝗。——康熙《均州志》卷二灾祥,丹江口市：春大饥，人相食。六月，蝗。——康熙《均州志》卷二灾祥,丹江口市：春大饥，人相食。六月，蝗。——康熙《均州志》卷二灾祥,丹江口市：春大饥，人相食。六月，蝗。——康熙《均州志》卷二灾祥
1512,河南,,禹县,1512|河南|禹,明武宗正德七年,无,《禹州志》,无,保留,"v1,v2,v3,v4,v5,v6,v7","v1,v2,v3,v4,v5,v6,v7",7,1.0,是,,禹县：大饥，民食荞花、荆子，人相食。——顺治《禹州志》卷九灾祥,禹县：大饥，民食荞花、荆子，人相食。——顺治《禹州志》卷九灾祥,禹县：大饥，民食荞花、荆子，人相食。——顺治《禹州志》卷九灾祥,禹县：大饥，民食荞花、荆子，人相食。——顺治《禹州志》卷九灾祥,禹县：大饥，民食荞花、荆子，人相食。——顺治《禹州志》卷九灾祥,禹县：大饥，民食荞花、荆子，人相食。——顺治《禹州志》卷九灾祥,禹县：大饥，民食荞花、荆子，人相食。——顺治《禹州志》卷九灾祥
1512,陕西,,黄陵县,1512|陕西|黄陵,明武宗正德七年,无,《续修中部县志》,无,保留,"v1,v2,v3,v4,v5,v6,v7","v1,v2,v3,v4,v5,v6,v7",7,1.0,是,,黄陵县：大旱，人相食。——嘉庆《续修中部县志》卷二祥异,黄陵县：大旱，人相食。——嘉庆《续修中部县志》卷二祥异,黄陵县：大旱，人相食。——嘉庆《续修中部县志》卷二祥异,黄陵县：大旱，人相食。——嘉庆《续修中部县志》卷二祥异,黄陵县：大旱，人相食。——嘉庆《续修中部县志》卷二祥异,黄陵县：大旱，人相食。——嘉庆《续修中部县志》卷二祥异,黄陵县：大旱，人相食。——嘉庆《续修中部县志》卷二祥异
1513,陕西,,米脂,1513|陕西|米脂,明武宗正德八年,无,《米脂县志》,无,保留,v1,v1,1,0.1429,是,,陕西：米脂：大饥，人相食。——《米脂县志》（光绪三十三年），转引自《西北灾荒史》第1606页。,,,,,,
1513,陕西,,米脂,1513|陕西|米脂,明武宗正德八年,无,《米脂县志》转引《西北灾荒史》,无,需进一步分析,v4,v4,1,0.1429,否,"同类 record 存在于 v1,v2,v3,v4,v5,v6,v7；本条仅存在于 v4；占比 14.3%",,,,米脂：大饥，人相食。——《米脂县志》（光绪三十三年），转引自《西北灾荒史》第1606页。,,,
1513,陕西,,米脂,1513|陕西|米脂,明武宗正德八年,无,《米脂县志》转引《西北灾荒史》,无,需进一步分析,"v2,v3,v5,v6,v7","v2,v3,v5,v6,v7",5,0.7143,否,"同类 record 存在于 v1,v2,v3,v4,v5,v6,v7；本条仅存在于 v2,v3,v5,v6,v7；占比 71.4%",,陕西：米脂：大饥，人相食。——《米脂县志》（光绪三十三年），转引自《西北灾荒史》第1606页。,陕西：米脂：大饥，人相食。——《米脂县志》（光绪三十三年），转引自《西北灾荒史》第1606页。,,陕西：米脂：大饥，人相食。——《米脂县志》（光绪三十三年），转引自《西北灾荒史》第1606页。,陕西：米脂：大饥，人相食。——《米脂县志》（光绪三十三年），转引自《西北灾荒史》第1606页。,陕西：米脂：大饥，人相食。——《米脂县志》（光绪三十三年），转引自《西北灾荒史》第1606页。
1516,山东,,滕县,1516|山东|滕,明武宗正德十一年,无,《滕县志》,无,保留,"v2,v4","v2,v4",2,0.2857,是,,,滕县：大饥，人相食。——康熙五十六年《滕县志》卷三灾异,,滕县：大饥，人相食。——康熙五十六年《滕县志》卷三灾异,,,
1516,山东,,滕县,1516|山东|滕,明武宗正德十一年,无,《滕县志》,无,保留,"v1,v3,v5,v7","v1,v3,v5,v7",4,0.5714,是,,山东：滕县：大饥，人相食。——康熙五十六年《滕县志》卷三灾异,,山东：滕县：大饥，人相食。——康熙五十六年《滕县志》卷三灾异,,山东：滕县：大饥，人相食。——康熙五十六年《滕县志》卷三灾异,,山东：滕县：大饥，人相食。——康熙五十六年《滕县志》卷三灾异
1516,山东,,滕县,1516|山东|滕,明武宗正德十一年,无,滕县志,无,保留,v6,v6,1,0.1429,是,,,,,,,山东：滕县：大饥，人相食。——康熙五十六年《滕县志》卷三灾异,
1517,河北,,安新县,1517|河北|安新,明武宗正德十二年,无,《安州志》,无,保留,"v1,v2,v3,v4,v5,v6,v7","v1,v2,v3,v4,v5,v6,v7",7,1.0,是,,安新县：夏大水，民田涂没，寸草无余，人相食。——康熙《安州志》卷七祥异,安新县：夏大水，民田涂没，寸草无余，人相食。——康熙《安州志》卷七祥异,安新县：夏大水，民田涂没，寸草无余，人相食。——康熙《安州志》卷七祥异,安新县：夏大水，民田涂没，寸草无余，人相食。——康熙《安州志》卷七祥异,安新县：夏大水，民田涂没，寸草无余，人相食。——康熙《安州志》卷七祥异,安新县：夏大水，民田涂没，寸草无余，人相食。——康熙《安州志》卷七祥异,安新县：夏大水，民田涂没，寸草无余，人相食。——康熙《安州志》卷七祥异
1517,河北,,安国县,1517|河北|安国,明武宗正德十二年,无,《祁州志》,无,保留,"v1,v2,v3,v4,v5,v6,v7","v1,v2,v3,v4,v5,v6,v7",7,1.0,是,,安国县：夏六月，大水，损禾稼。冬，人相食。——康熙《祁州志》卷十灾异,安国县：夏六月，大水，损禾稼。冬，人相食。——康熙《祁州志》卷十灾异,安国县：夏六月，大水，损禾稼。冬，人相食。——康熙《祁州志》卷十灾异,安国县：夏六月，大水，损禾稼。冬，人相食。——康熙《祁州志》卷十灾异,安国县：夏六月，大水，损禾稼。冬，人相食。——康熙《祁州志》卷十灾异,安国县：夏六月，大水，损禾稼。冬，人相食。——康熙《祁州志》卷十灾异,安国县：夏六月，大水，损禾稼。冬，人相食。——康熙《祁州志》卷十灾异
1519,江苏,扬州市,,1519|江苏|扬,明武宗正德十四年,无,《明史》,无,保留,v2,v2,1,0.1429,是,,,江苏：扬州市等：是岁，淮、扬饥，人相食。——《明史》卷一六《武宗本纪》,,,,,
1519,江苏,扬州,,1519|江苏|扬,明武宗正德十四年,无,《明史》,原文为'扬州市等'，疑似OCR错误或现代地名用法混入,保留,v1,v1,1,0.1429,是,,扬州市等：是岁，淮、扬饥，人相食。——《明史》卷一六《武宗本纪》,,,,,,
1520,江苏,,淮安,1520|江苏|淮安,明武宗正德十五年,无,《安东县志》,无,保留,"v1,v2,v3,v5,v6,v7","v1,v2,v3,v5,v6,v7",6,0.8571,是,,淮安县：正月，以水灾免淮安等处粮草有差。以户部言淮安等处大饥，人相食。自去冬屡行赈贷。——光绪《安东县志》卷五灾异,淮安县：正月，以水灾免淮安等处粮草有差。以户部言淮安等处大饥，人相食。自去冬屡行赈贷。——光绪《安东县志》卷五灾异,淮安县：正月，以水灾免淮安等处粮草有差。以户部言淮安等处大饥，人相食。自去冬屡行赈贷。——光绪《安东县志》卷五灾异,,淮安县：正月，以水灾免淮安等处粮草有差。以户部言淮安等处大饥，人相食。自去冬屡行赈贷。——光绪《安东县志》卷五灾异,淮安县：正月，以水灾免淮安等处粮草有差。以户部言淮安等处大饥，人相食。自去冬屡行赈贷。——光绪《安东县志》卷五灾异,淮安县：正月，以水灾免淮安等处粮草有差。以户部言淮安等处大饥，人相食。自去冬屡行赈贷。——光绪《安东县志》卷五灾异
1520,江苏,,淮安,1520|江苏|淮安,明武宗正德十五年,无,《安东县志》,无,保留,v4,v4,1,0.1429,是,,,,,江苏：淮安县：正月，以水灾免淮安等处粮草有差。以户部言淮安等处大饥，人相食。自去冬屡行赈贷。——光绪《安东县志》卷五灾异,,,
1521,河北,张家口市,万全县,1521|河北|张家口|万全,明武宗正德十六年,无,《万全县志》,无,保留,"v1,v2,v4,v5,v6,v7","v1,v2,v4,v5,v6,v7",6,0.8571,是,,万全县：大饥，人相食。——乾隆《万全县志》卷二灾祥,万全县：大饥，人相食。——乾隆《万全县志》卷二灾祥,,万全县：大饥，人相食。——乾隆《万全县志》卷二灾祥,万全县：大饥，人相食。——乾隆《万全县志》卷二灾祥,万全县：大饥，人相食。——乾隆《万全县志》卷二灾祥,万全县：大饥，人相食。——乾隆《万全县志》卷二灾祥
1521,河北,张家口市,涿鹿县,1521|河北|张家口|涿鹿,明武宗正德十六年,无,《保安州志》,无,保留,"v1,v2,v4,v5,v6,v7","v1,v2,v4,v5,v6,v7",6,0.8571,是,,涿鹿县：春三月，大饥，人相食。——康熙十一年《保安州志》卷二灾异,涿鹿县：春三月，大饥，人相食。——康熙十一年《保安州志》卷二灾异,,涿鹿县：春三月，大饥，人相食。——康熙十一年《保安州志》卷二灾异,涿鹿县：春三月，大饥，人相食。——康熙十一年《保安州志》卷二灾异,涿鹿县：春三月，大饥，人相食。——康熙十一年《保安州志》卷二灾异,涿鹿县：春三月，大饥，人相食。——康熙十一年《保安州志》卷二灾异
1521,河北,张家口市,怀安县,1521|河北|张家口|怀安,明武宗正德十六年,无,《怀安县志》,无,保留,"v1,v2,v4,v5,v6,v7","v1,v2,v4,v5,v6,v7",6,0.8571,是,,怀安县：春三月，大饥，人相食。——乾隆《怀安县志》卷二十二灾祥,怀安县：春三月，大饥，人相食。——乾隆《怀安县志》卷二十二灾祥,,怀安县：春三月，大饥，人相食。——乾隆《怀安县志》卷二十二灾祥,怀安县：春三月，大饥，人相食。——乾隆《怀安县志》卷二十二灾祥,怀安县：春三月，大饥，人相食。——乾隆《怀安县志》卷二十二灾祥,怀安县：春三月，大饥，人相食。——乾隆《怀安县志》卷二十二灾祥
1521,河北,张家口市,怀来县,1521|河北|张家口|怀来,明武宗正德十六年,无,《怀来县志》,无,保留,"v1,v2,v4,v5,v6,v7","v1,v2,v4,v5,v6,v7",6,0.8571,是,,怀来县：春三月，大饥，人相食。——康熙《怀来县志》卷二灾祥,怀来县：春三月，大饥，人相食。——康熙《怀来县志》卷二灾祥,,怀来县：春三月，大饥，人相食。——康熙《怀来县志》卷二灾祥,怀来县：春三月，大饥，人相食。——康熙《怀来县志》卷二灾祥,怀来县：春三月，大饥，人相食。——康熙《怀来县志》卷二灾祥,怀来县：春三月，大饥，人相食。——康熙《怀来县志》卷二灾祥
1521,山东,济宁市,泗水县,1521|山东|济宁|泗水,明武宗正德十六年,无,《泗水县志》,无,保留,"v1,v2,v4,v5,v6,v7","v1,v2,v4,v5,v6,v7",6,0.8571,是,,泗水县：大饥，人相食。——康熙《泗水县志》卷十一灾祥,泗水县：大饥，人相食。——康熙《泗水县志》卷十一灾祥,,泗水县：大饥，人相食。——康熙《泗水县志》卷十一灾祥,泗水县：大饥，人相食。——康熙《泗水县志》卷十一灾祥,泗水县：大饥，人相食。——康熙《泗水县志》卷十一灾祥,泗水县：大饥，人相食。——康熙《泗水县志》卷十一灾祥
1521,山东,枣庄市,滕县,1521|山东|枣庄|滕,明武宗正德十六年,无,《滕县志》,无,保留,"v1,v2,v4,v5,v6,v7","v1,v2,v4,v5,v6,v7",6,0.8571,是,,滕县：大饥，人相食。——康熙《滕县志》卷三灾异,滕县：大饥，人相食。——康熙《滕县志》卷三灾异,,滕县：大饥，人相食。——康熙《滕县志》卷三灾异,滕县：大饥，人相食。——康熙《滕县志》卷三灾异,滕县：大饥，人相食。——康熙《滕县志》卷三灾异,滕县：大饥，人相食。——康熙《滕县志》卷三灾异
1521,河北,张家口市,蔚县,1521|河北|张家口|蔚,明武宗正德十六年,无,《蔚县志》,无,保留,"v1,v2,v4,v5,v6,v7","v1,v2,v4,v5,v6,v7",6,0.8571,是,,蔚县：大饥，人相食。——乾隆《蔚县志》卷二十九祥异,蔚县：大饥，人相食。——乾隆《蔚县志》卷二十九祥异,,蔚县：大饥，人相食。——乾隆《蔚县志》卷二十九祥异,蔚县：大饥，人相食。——乾隆《蔚县志》卷二十九祥异,蔚县：大饥，人相食。——乾隆《蔚县志》卷二十九祥异,蔚县：大饥，人相食。——乾隆《蔚县志》卷二十九祥异
1521,河北,张家口市,阳原县,1521|河北|张家口|阳原,明武宗正德十六年,无,《西宁县志》,无,保留,"v1,v2,v4,v5,v6,v7","v1,v2,v4,v5,v6,v7",6,0.8571,是,,阳原县：春三月，大饥，人相食。——康熙《西宁县志》卷一灾祥,阳原县：春三月，大饥，人相食。——康熙《西宁县志》卷一灾祥,,阳原县：春三月，大饥，人相食。——康熙《西宁县志》卷一灾祥,阳原县：春三月，大饥，人相食。——康熙《西宁县志》卷一灾祥,阳原县：春三月，大饥，人相食。——康熙《西宁县志》卷一灾祥,阳原县：春三月，大饥，人相食。——康熙《西宁县志》卷一灾祥
1521,河北,张家口市,赤城县,1521|河北|张家口|赤城,明武宗正德十六年,无,《龙门县志》,无,保留,"v1,v2,v4,v5,v6,v7","v1,v2,v4,v5,v6,v7",6,0.8571,是,,赤城县：春三月，大饥，人相食。——康熙《龙门县志》卷二灾祥,赤城县：春三月，大饥，人相食。——康熙《龙门县志》卷二灾祥,,赤城县：春三月，大饥，人相食。——康熙《龙门县志》卷二灾祥,赤城县：春三月，大饥，人相食。——康熙《龙门县志》卷二灾祥,赤城县：春三月，大饥，人相食。——康熙《龙门县志》卷二灾祥,赤城县：春三月，大饥，人相食。——康熙《龙门县志》卷二灾祥
1522,江苏,宿迁,宿迁县,1522|江苏|宿迁|宿迁,明世宗嘉靖元年,无,《宿迁县志》,无,保留,"v1,v2,v3,v5,v7","v1,v2,v3,v5,v7",5,0.7143,是,,宿迁县：夏大水，无麦禾。冬大饥，人相食。——嘉庆《宿迁县志》卷六祥异,宿迁县：夏大水，无麦禾。冬大饥，人相食。——嘉庆《宿迁县志》卷六祥异,宿迁县：夏大水，无麦禾。冬大饥，人相食。——嘉庆《宿迁县志》卷六祥异,,宿迁县：夏大水，无麦禾。冬大饥，人相食。——嘉庆《宿迁县志》卷六祥异,,宿迁县：夏大水，无麦禾。冬大饥，人相食。——嘉庆《宿迁县志》卷六祥异
1522,山西,,大同,1522|山西|大同,明世宗嘉靖元年,无,《明史》,无,保留,v7,v7,1,0.1429,是,,,,,,,,大同市：韩邦靖，朝邑人，武宗朝登进士，以直言忤旨削职。'世宗即位（1522年），起山西左参政，分守大同。岁饥，人相食，奏请发帑，不许。'——《明史》卷201《韩邦奇附邦靖》
1522,山西,,大同,1522|山西|大同,明世宗嘉靖元年,无,《明史》,无,保留,"v1,v2,v3","v1,v2,v3",3,0.4286,是,,大同市：韩邦靖，朝邑人，武宗朝登进士，以直言忤旨削职。'世宗即位（1522年），起山西左参政，分守大同。岁饥，人相食，奏请发帑，不许。复抗疏千余言，不报。乞归，不待命辄行。军民瘁疥瘞遮道泣留，抵家病卒，年三十六。'——《明史》卷201《韩邦奇附邦靖》,大同市：韩邦靖，朝邑人，武宗朝登进士，以直言忤旨削职。'世宗即位（1522年），起山西左参政，分守大同。岁饥，人相食，奏请发帑，不许。复抗疏千余言，不报。乞归，不待命辄行。军民瘁疥瘞遮道泣留，抵家病卒，年三十六。'——《明史》卷201《韩邦奇附邦靖》,大同市：韩邦靖，朝邑人，武宗朝登进士，以直言忤旨削职。'世宗即位（1522年），起山西左参政，分守大同。岁饥，人相食，奏请发帑，不许。复抗疏千余言，不报。乞归，不待命辄行。军民瘁疥瘞遮道泣留，抵家病卒，年三十六。'——《明史》卷201《韩邦奇附邦靖》,,,,
1522,江苏,,宿迁县,1522|江苏|宿迁,明世宗嘉靖元年,无,宿迁县志,无,保留,v6,v6,1,0.1429,是,,,,,,,宿迁县：夏大水，无麦禾。冬大饥，人相食。——嘉庆《宿迁县志》卷六祥异,
1522,山西,,大同,1522|山西|大同,明世宗嘉靖元年,无,明史,无,保留,v6,v6,1,0.1429,是,,,,,,,大同市：韩邦靖，朝邑人，武宗朝登进士，以直言忤旨削职。'世宗即位（1522年），起山西左参政，分守大同。岁饥，人相食，奏请发帑，不许。'——《明史》卷201《韩邦奇附邦靖》,
1522,山西,,大同市,1522|山西|大同,明世宗嘉靖元年,无,明史,无,保留,v5,v5,1,0.1429,是,,,,,,大同市：韩邦靖，朝邑人，武宗朝登进士，以直言忤旨削职。'世宗即位（1522年），起山西左参政，分守大同。岁饥，人相食，奏请发帑，不许。复抗疏千余言，不报。乞归，不待命辄行。军民瘁疥瘞遮道泣留，抵家病卒，年三十六。'——《明史》卷201《韩邦奇附邦靖》,,
1523,江苏,南京,南京市,1523|江苏|南京|南京,明世宗嘉靖二年,无,《上元县志》,无,保留,"v1,v2,v3,v4,v5,v6,v7","v1,v2,v3,v4,v5,v6,v7",7,1.0,是,,南京市：大旱，人相食。——道光《上元县志》卷二十六,南京市：大旱，人相食。——道光《上元县志》卷二十六,南京市：大旱，人相食。——道光《上元县志》卷二十六,南京市：大旱，人相食。——道光《上元县志》卷二十六,南京市：大旱，人相食。——道光《上元县志》卷二十六,南京市：大旱，人相食。——道光《上元县志》卷二十六,南京市：大旱，人相食。——道光《上元县志》卷二十六
1523,江苏,,东台县,1523|江苏|东台,明世宗嘉靖二年,无,《东台县志》,无,保留,"v1,v2,v3,v4,v5,v6,v7","v1,v2,v3,v4,v5,v6,v7",7,1.0,是,,东台县：正月至六月不雨。七月霾雨不止，河堤决，漂没田庐。民饥，人相食，冬大疫，死亡无算。诏命南京兵部右侍郎席书赈之，免明年租。——嘉庆《东台县志》卷七祥异,东台县：正月至六月不雨。七月霾雨不止，河堤决，漂没田庐。民饥，人相食，冬大疫，死亡无算。诏命南京兵部右侍郎席书赈之，免明年租。——嘉庆《东台县志》卷七祥异,东台县：正月至六月不雨。七月霾雨不止，河堤决，漂没田庐。民饥，人相食，冬大疫，死亡无算。诏命南京兵部右侍郎席书赈之，免明年租。——嘉庆《东台县志》卷七祥异,东台县：正月至六月不雨。七月霾雨不止，河堤决，漂没田庐。民饥，人相食，冬大疫，死亡无算。诏命南京兵部右侍郎席书赈之，免明年租。——嘉庆《东台县志》卷七祥异,东台县：正月至六月不雨。七月霾雨不止，河堤决，漂没田庐。民饥，人相食，冬大疫，死亡无算。诏命南京兵部右侍郎席书赈之，免明年租。——嘉庆《东台县志》卷七祥异,东台县：正月至六月不雨。七月霾雨不止，河堤决，漂没田庐。民饥，人相食，冬大疫，死亡无算。诏命南京兵部右侍郎席书赈之，免明年租。——嘉庆《东台县志》卷七祥异,东台县：正月至六月不雨。七月霾雨不止，河堤决，漂没田庐。民饥，人相食，冬大疫，死亡无算。诏命南京兵部右侍郎席书赈之，免明年租。——嘉庆《东台县志》卷七祥异
1523,安徽,,五河县,1523|安徽|五河,明世宗嘉靖二年,无,《五河县志》,无,保留,"v1,v2,v3,v4,v5,v6,v7","v1,v2,v3,v4,v5,v6,v7",7,1.0,是,,五河县：夏四月，麦将熟，继以亢旱，秋禾尽槁。冬十月，淮水又溢，遂大饥。次年春，冻馁疫疠者无算，人乃相食。——康熙二十二年《五河县志》卷一祥异,五河县：夏四月，麦将熟，继以亢旱，秋禾尽槁。冬十月，淮水又溢，遂大饥。次年春，冻馁疫疠者无算，人乃相食。——康熙二十二年《五河县志》卷一祥异,五河县：夏四月，麦将熟，继以亢旱，秋禾尽槁。冬十月，淮水又溢，遂大饥。次年春，冻馁疫疠者无算，人乃相食。——康熙二十二年《五河县志》卷一祥异,五河县：夏四月，麦将熟，继以亢旱，秋禾尽槁。冬十月，淮水又溢，遂大饥。次年春，冻馁疫疠者无算，人乃相食。——康熙二十二年《五河县志》卷一祥异,五河县：夏四月，麦将熟，继以亢旱，秋禾尽槁。冬十月，淮水又溢，遂大饥。次年春，冻馁疫疠者无算，人乃相食。——康熙二十二年《五河县志》卷一祥异,五河县：夏四月，麦将熟，继以亢旱，秋禾尽槁。冬十月，淮水又溢，遂大饥。次年春，冻馁疫疠者无算，人乃相食。——康熙二十二年《五河县志》卷一祥异,五河县：夏四月，麦将熟，继以亢旱，秋禾尽槁。冬十月，淮水又溢，遂大饥。次年春，冻馁疫疠者无算，人乃相食。——康熙二十二年《五河县志》卷一祥异
1523,江苏,南京市,六合县,1523|江苏|南京|六合,明世宗嘉靖二年,无,《六合县志》,无,保留,"v1,v2,v3,v4,v5,v6,v7","v1,v2,v3,v4,v5,v6,v7",7,1.0,是,,六合县：夏秋旱，大饥。自冬至次年夏大疫，米价腾涌，贫民多啖草根树皮，街市饿殍枕藉，人有相食者。——嘉靖《六合县志》卷二祥异,六合县：夏秋旱，大饥。自冬至次年夏大疫，米价腾涌，贫民多啖草根树皮，街市饿殍枕藉，人有相食者。——嘉靖《六合县志》卷二祥异,六合县：夏秋旱，大饥。自冬至次年夏大疫，米价腾涌，贫民多啖草根树皮，街市饿殍枕藉，人有相食者。——嘉靖《六合县志》卷二祥异,六合县：夏秋旱，大饥。自冬至次年夏大疫，米价腾涌，贫民多啖草根树皮，街市饿殍枕藉，人有相食者。——嘉靖《六合县志》卷二祥异,六合县：夏秋旱，大饥。自冬至次年夏大疫，米价腾涌，贫民多啖草根树皮，街市饿殍枕藉，人有相食者。——嘉靖《六合县志》卷二祥异,六合县：夏秋旱，大饥。自冬至次年夏大疫，米价腾涌，贫民多啖草根树皮，街市饿殍枕藉，人有相食者。——嘉靖《六合县志》卷二祥异,六合县：夏秋旱，大饥。自冬至次年夏大疫，米价腾涌，贫民多啖草根树皮，街市饿殍枕藉，人有相食者。——嘉靖《六合县志》卷二祥异
1523,安徽,,凤阳县,1523|安徽|凤阳,明世宗嘉靖二年,无,《凤阳新书》,无,保留,"v1,v2,v3,v4,v5,v6,v7","v1,v2,v3,v4,v5,v6,v7",7,1.0,是,,凤阳县：夏旱风霾，人相食。诏户部尚书席书来赈。秋，大雨三月，冬阴三月。——天气《凤阳新书》卷四星土,凤阳县：夏旱风霾，人相食。诏户部尚书席书来赈。秋，大雨三月，冬阴三月。——天气《凤阳新书》卷四星土,凤阳县：夏旱风霾，人相食。诏户部尚书席书来赈。秋，大雨三月，冬阴三月。——天气《凤阳新书》卷四星土,凤阳县：夏旱风霾，人相食。诏户部尚书席书来赈。秋，大雨三月，冬阴三月。——天气《凤阳新书》卷四星土,凤阳县：夏旱风霾，人相食。诏户部尚书席书来赈。秋，大雨三月，冬阴三月。——天气《凤阳新书》卷四星土,凤阳县：夏旱风霾，人相食。诏户部尚书席书来赈。秋，大雨三月，冬阴三月。——天气《凤阳新书》卷四星土,凤阳县：夏旱风霾，人相食。诏户部尚书席书来赈。秋，大雨三月，冬阴三月。——天气《凤阳新书》卷四星土
1523,江苏,扬州市,江都县,1523|江苏|扬|江都,明世宗嘉靖二年,无,《华东地区近五百年气候历史资料》,无,保留,"v1,v2,v3,v7","v1,v2,v3,v7",4,0.5714,是,,江都县：大饥，民相食，且病疫。——《华东地区近五百年气候历史资料》第二分册，第67页。,江都县：大饥，民相食，且病疫。——《华东地区近五百年气候历史资料》第二分册，第67页。,江都县：大饥，民相食，且病疫。——《华东地区近五百年气候历史资料》第二分册，第67页。,,,,江都县：大饥，民相食，且病疫。——《华东地区近五百年气候历史资料》第二分册，第67页。
1523,江苏,,仪征县,1523|江苏|仪征,明世宗嘉靖二年,无,《华东地区近五百年气候历史资料》,无,保留,"v1,v2,v3,v7","v1,v2,v3,v7",4,0.5714,是,,仪征县：春三月不雨至夏六月，运河井泉竭，是年大饥，人相食，水陆殍尸无算。——《华东地区近五百年气候历史资料》第二分册，第66页。,仪征县：春三月不雨至夏六月，运河井泉竭，是年大饥，人相食，水陆殍尸无算。——《华东地区近五百年气候历史资料》第二分册，第66页。,仪征县：春三月不雨至夏六月，运河井泉竭，是年大饥，人相食，水陆殍尸无算。——《华东地区近五百年气候历史资料》第二分册，第66页。,,,,仪征县：春三月不雨至夏六月，运河井泉竭，是年大饥，人相食，水陆殍尸无算。——《华东地区近五百年气候历史资料》第二分册，第66页。
1523,安徽,合肥市,合肥市,1523|安徽|合肥|合肥,明世宗嘉靖二年,无,《合肥县志》,无,保留,"v1,v2,v3,v4,v5,v6,v7","v1,v2,v3,v4,v5,v6,v7",7,1.0,是,,合肥市：大旱，人相食。——万历《合肥县志》祥异,合肥市：大旱，人相食。——万历《合肥县志》祥异,合肥市：大旱，人相食。——万历《合肥县志》祥异,合肥市：大旱，人相食。——万历《合肥县志》祥异,合肥市：大旱，人相食。——万历《合肥县志》祥异,合肥市：大旱，人相食。——万历《合肥县志》祥异,合肥市：大旱，人相食。——万历《合肥县志》祥异
1523,江苏,,涟水县,1523|江苏|涟水,明世宗嘉靖二年,安东县,《安东县志》,无,保留,"v1,v2,v3,v4,v5,v6,v7","v1,v2,v3,v4,v5,v6,v7",7,1.0,是,,涟水县：蝗灾。民饥，人相食。——雍正《安东县志》卷十五祥异,涟水县：蝗灾。民饥，人相食。——雍正《安东县志》卷十五祥异,涟水县：蝗灾。民饥，人相食。——雍正《安东县志》卷十五祥异,涟水县：蝗灾。民饥，人相食。——雍正《安东县志》卷十五祥异,涟水县：蝗灾。民饥，人相食。——雍正《安东县志》卷十五祥异,涟水县：蝗灾。民饥，人相食。——雍正《安东县志》卷十五祥异,涟水县：蝗灾。民饥，人相食。——雍正《安东县志》卷十五祥异
1523,安徽,,宿县,1523|安徽|宿,明世宗嘉靖二年,宿州,《宿州志》,无,保留,"v1,v2,v3,v4,v5,v6,v7","v1,v2,v3,v4,v5,v6,v7",7,1.0,是,,宿县：夏亢旱，风霾累日。入秋淫雨不止，百谷无登。冬月积阴无霁。岁遂大饥，暨于春月，冻饿疫防疫而死者不可胜计，商贩不通，人乃相食，继以大疫，有数口之家无子遗者。——嘉靖《宿州志》卷八灾祥,宿县：夏亢旱，风霾累日。入秋淫雨不止，百谷无登。冬月积阴无霁。岁遂大饥，暨于春月，冻饿疫防疫而死者不可胜计，商贩不通，人乃相食，继以大疫，有数口之家无子遗者。——嘉靖《宿州志》卷八灾祥,宿县：夏亢旱，风霾累日。入秋淫雨不止，百谷无登。冬月积阴无霁。岁遂大饥，暨于春月，冻饿疫防疫而死者不可胜计，商贩不通，人乃相食，继以大疫，有数口之家无子遗者。——嘉靖《宿州志》卷八灾祥,宿县：夏亢旱，风霾累日。入秋淫雨不止，百谷无登。冬月积阴无霁。岁遂大饥，暨于春月，冻饿疫防疫而死者不可胜计，商贩不通，人乃相食，继以大疫，有数口之家无子遗者。——嘉靖《宿州志》卷八灾祥,宿县：夏亢旱，风霾累日。入秋淫雨不止，百谷无登。冬月积阴无霁。岁遂大饥，暨于春月，冻饿疫防疫而死者不可胜计，商贩不通，人乃相食，继以大疫，有数口之家无子遗者。——嘉靖《宿州志》卷八灾祥,宿县：夏亢旱，风霾累日。入秋淫雨不止，百谷无登。冬月积阴无霁。岁遂大饥，暨于春月，冻饿疫防疫而死者不可胜计，商贩不通，人乃相食，继以大疫，有数口之家无子遗者。——嘉靖《宿州志》卷八灾祥,宿县：夏亢旱，风霾累日。入秋淫雨不止，百谷无登。冬月积阴无霁。岁遂大饥，暨于春月，冻饿疫防疫而死者不可胜计，商贩不通，人乃相食，继以大疫，有数口之家无子遗者。——嘉靖《宿州志》卷八灾祥
1523,安徽,,寿县,1523|安徽|寿,明世宗嘉靖二年,寿州,《寿州志》,无,保留,"v1,v2,v3,v4,v5,v6,v7","v1,v2,v3,v4,v5,v6,v7",7,1.0,是,,寿县：大饥，人相食。——道光《寿州志》卷三十人物,寿县：大饥，人相食。——道光《寿州志》卷三十人物,寿县：大饥，人相食。——道光《寿州志》卷三十人物,寿县：大饥，人相食。——道光《寿州志》卷三十人物,寿县：大饥，人相食。——道光《寿州志》卷三十人物,寿县：大饥，人相食。——道光《寿州志》卷三十人物,寿县：大饥，人相食。——道光《寿州志》卷三十人物
1523,江苏,淮安市,淮安县,1523|江苏|淮安|淮安,明世宗嘉靖二年,无,《山阳县志》,无,保留,"v1,v2,v3,v4,v5,v6,v7","v1,v2,v3,v4,v5,v6,v7",7,1.0,是,,淮安县：夏大旱，秋大水，冬大疫，人相食。——乾隆《山阳县志》卷十八祥禄,淮安县：夏大旱，秋大水，冬大疫，人相食。——乾隆《山阳县志》卷十八祥禄,淮安县：夏大旱，秋大水，冬大疫，人相食。——乾隆《山阳县志》卷十八祥禄,淮安县：夏大旱，秋大水，冬大疫，人相食。——乾隆《山阳县志》卷十八祥禄,淮安县：夏大旱，秋大水，冬大疫，人相食。——乾隆《山阳县志》卷十八祥禄,淮安县：夏大旱，秋大水，冬大疫，人相食。——乾隆《山阳县志》卷十八祥禄,淮安县：夏大旱，秋大水，冬大疫，人相食。——乾隆《山阳县志》卷十八祥禄
1523,安徽,,怀远县,1523|安徽|怀远,明世宗嘉靖二年,无,《怀远县志》,无,保留,"v1,v2,v3,v4,v5,v6,v7","v1,v2,v3,v4,v5,v6,v7",7,1.0,是,,怀远县：春，疫。人相食。——雍正《怀远县志》卷八灾异,怀远县：春，疫。人相食。——雍正《怀远县志》卷八灾异,怀远县：春，疫。人相食。——雍正《怀远县志》卷八灾异,怀远县：春，疫。人相食。——雍正《怀远县志》卷八灾异,怀远县：春，疫。人相食。——雍正《怀远县志》卷八灾异,怀远县：春，疫。人相食。——雍正《怀远县志》卷八灾异,怀远县：春，疫。人相食。——雍正《怀远县志》卷八灾异
1523,江苏,,,1523|江苏,明世宗嘉靖二年,无,《扬州府志》,无,需校验地区信息,v5,v5,1,0.1429,是,同年同省同来源记录可对应同一事件，但地区层级存在泛指与具体定位并存，需校验地区信息,,,,,扬州市等：正月至六月不雨，旱，禾槁死。七月，霾雨不止，晚禾无收。民饥，免税粮一万石。是年大水，冲决泰州、江都、海门等处河堤，漂没田庐。岁大饥，民相食，疫作。敕南京兵部右侍郎席书赈之，免嘉靖三年租三万石。——万历《扬州府志》卷二十二祥异,,
1523,江苏,扬州,扬州市,1523|江苏|扬|扬,明世宗嘉靖二年,无,《扬州府志》,无,需校验地区信息,"v2,v4,v7","v2,v4,v7",3,0.4286,是,同年同省同来源记录可对应同一事件，但地区层级存在泛指与具体定位并存，需校验地区信息,,扬州市等：正月至六月不雨，旱，禾槁死。七月，霾雨不止，晚禾无收。民饥，免税粮一万石。是年大水，冲决泰州、江都、海门等处河堤，漂没田庐。岁大饥，民相食，疫作。敕南京兵部右侍郎席书赈之，免嘉靖三年租三万石。——万历《扬州府志》卷二十二祥异,,扬州市等：正月至六月不雨，旱，禾槁死。七月，霾雨不止，晚禾无收。民饥，免税粮一万石。是年大水，冲决泰州、江都、海门等处河堤，漂没田庐。岁大饥，民相食，疫作。敕南京兵部右侍郎席书赈之，免嘉靖三年租三万石。——万历《扬州府志》卷二十二祥异,,,扬州市等：正月至六月不雨，旱，禾槁死。七月，霾雨不止，晚禾无收。民饥，免税粮一万石。是年大水，冲决泰州、江都、海门等处河堤，漂没田庐。岁大饥，民相食，疫作。敕南京兵部右侍郎席书赈之，免嘉靖三年租三万石。——万历《扬州府志》卷二十二祥异
1523,江苏,扬州市,,1523|江苏|扬,明世宗嘉靖二年,扬州府,《扬州府志》,无,需校验地区信息,"v1,v3","v1,v3",2,0.2857,是,同年同省同来源记录可对应同一事件，但地区层级存在泛指与具体定位并存，需校验地区信息,扬州市等：正月至六月不雨，旱，禾槁死。七月，霾雨不止，晚禾无收。民饥，免税粮一万石。是年大水，冲决泰州、江都、海门等处河堤，漂没田庐。岁大饥，民相食，疫作。敕南京兵部右侍郎席书赈之，免嘉靖三年租三万石。——万历《扬州府志》卷二十二祥异,,扬州市等：正月至六月不雨，旱，禾槁死。七月，霾雨不止，晚禾无收。民饥，免税粮一万石。是年大水，冲决泰州、江都、海门等处河堤，漂没田庐。岁大饥，民相食，疫作。敕南京兵部右侍郎席书赈之，免嘉靖三年租三万石。——万历《扬州府志》卷二十二祥异,,,,
1523,安徽,,来安县,1523|安徽|来安,明世宗嘉靖二年,无,《新修来安县志》,无,保留,v6,v6,1,0.1429,是,,,,,,,来安县：正月至六月，不雨，禾尽枯。七月，大雨至九月，涝甚。是岁大饥，民相食。——天启《新修来安县志》卷九祥异,
1523,安徽,,来安县,1523|安徽|来安,明世宗嘉靖二年,无,《新修来安县志》,无,保留,"v1,v2,v3,v4,v5,v7","v1,v2,v3,v4,v5,v7",6,0.8571,是,,来安县：正月至六月，不雨，禾尽枯。七月，大雨至九月，涝甚。是岁大饥，民相食。天启《新修来安县志》卷九祥异,来安县：正月至六月，不雨，禾尽枯。七月，大雨至九月，涝甚。是岁大饥，民相食。天启《新修来安县志》卷九祥异,来安县：正月至六月，不雨，禾尽枯。七月，大雨至九月，涝甚。是岁大饥，民相食。天启《新修来安县志》卷九祥异,来安县：正月至六月，不雨，禾尽枯。七月，大雨至九月，涝甚。是岁大饥，民相食。天启《新修来安县志》卷九祥异,来安县：正月至六月，不雨，禾尽枯。七月，大雨至九月，涝甚。是岁大饥，民相食。天启《新修来安县志》卷九祥异,,来安县：正月至六月，不雨，禾尽枯。七月，大雨至九月，涝甚。是岁大饥，民相食。天启《新修来安县志》卷九祥异
1523,河南,,永城县,1523|河南|永城,明世宗嘉靖二年,无,《永城县志》,无,保留,"v1,v2,v3,v4,v5,v6,v7","v1,v2,v3,v4,v5,v6,v7",7,1.0,是,,永城县：正月朔，雷雨竞日。春旱，秋霖，冬大饥，人多相食。——嘉靖《永城县志》卷四灾祥,永城县：正月朔，雷雨竞日。春旱，秋霖，冬大饥，人多相食。——嘉靖《永城县志》卷四灾祥,永城县：正月朔，雷雨竞日。春旱，秋霖，冬大饥，人多相食。——嘉靖《永城县志》卷四灾祥,永城县：正月朔，雷雨竞日。春旱，秋霖，冬大饥，人多相食。——嘉靖《永城县志》卷四灾祥,永城县：正月朔，雷雨竞日。春旱，秋霖，冬大饥，人多相食。——嘉靖《永城县志》卷四灾祥,永城县：正月朔，雷雨竞日。春旱，秋霖，冬大饥，人多相食。——嘉靖《永城县志》卷四灾祥,永城县：正月朔，雷雨竞日。春旱，秋霖，冬大饥，人多相食。——嘉靖《永城县志》卷四灾祥
1523,江苏,,泗阳县,1523|江苏|泗阳,明世宗嘉靖二年,无,《江南通志》,无,保留,"v1,v2,v3,v4,v5,v6,v7","v1,v2,v3,v4,v5,v6,v7",7,1.0,是,,泗阳县：岁大饥，人相食。——康熙《江南通志》卷四十一名宦,泗阳县：岁大饥，人相食。——康熙《江南通志》卷四十一名宦,泗阳县：岁大饥，人相食。——康熙《江南通志》卷四十一名宦,泗阳县：岁大饥，人相食。——康熙《江南通志》卷四十一名宦,泗阳县：岁大饥，人相食。——康熙《江南通志》卷四十一名宦,泗阳县：岁大饥，人相食。——康熙《江南通志》卷四十一名宦,泗阳县：岁大饥，人相食。——康熙《江南通志》卷四十一名宦
1523,江苏,泰州,泰兴,1523|江苏|泰|泰兴,明世宗嘉靖二年,无,《泰兴县志》,无,保留,"v1,v2,v3,v4,v5,v6,v7","v1,v2,v3,v4,v5,v6,v7",7,1.0,是,,泰兴：大饥，人相食。——万历《泰兴县志》卷四遗事,泰兴：大饥，人相食。——万历《泰兴县志》卷四遗事,泰兴：大饥，人相食。——万历《泰兴县志》卷四遗事,泰兴：大饥，人相食。——万历《泰兴县志》卷四遗事,泰兴：大饥，人相食。——万历《泰兴县志》卷四遗事,泰兴：大饥，人相食。——万历《泰兴县志》卷四遗事,泰兴：大饥，人相食。——万历《泰兴县志》卷四遗事
1523,江苏,,淮阴县,1523|江苏|淮阴,明世宗嘉靖二年,无,《清河县志》,无,保留,"v1,v2,v3,v4,v5,v6,v7","v1,v2,v3,v4,v5,v6,v7",7,1.0,是,,淮阴县：大饥，疫，积尸载道，人相食。——康熙《清河县志》卷一祥异,淮阴县：大饥，疫，积尸载道，人相食。——康熙《清河县志》卷一祥异,淮阴县：大饥，疫，积尸载道，人相食。——康熙《清河县志》卷一祥异,淮阴县：大饥，疫，积尸载道，人相食。——康熙《清河县志》卷一祥异,淮阴县：大饥，疫，积尸载道，人相食。——康熙《清河县志》卷一祥异,淮阴县：大饥，疫，积尸载道，人相食。——康熙《清河县志》卷一祥异,淮阴县：大饥，疫，积尸载道，人相食。——康熙《清河县志》卷一祥异
1523,河北,,清河县,1523|河北|清河,明世宗嘉靖二年,无,《清河县志》,无,保留,"v1,v2,v3,v4,v5,v6,v7","v1,v2,v3,v4,v5,v6,v7",7,1.0,是,,清河县：大饥，瘟疫盛行，积尸载道。人相食。——嘉靖《清河县志》卷三灾祥,清河县：大饥，瘟疫盛行，积尸载道。人相食。——嘉靖《清河县志》卷三灾祥,清河县：大饥，瘟疫盛行，积尸载道。人相食。——嘉靖《清河县志》卷三灾祥,清河县：大饥，瘟疫盛行，积尸载道。人相食。——嘉靖《清河县志》卷三灾祥,清河县：大饥，瘟疫盛行，积尸载道。人相食。——嘉靖《清河县志》卷三灾祥,清河县：大饥，瘟疫盛行，积尸载道。人相食。——嘉靖《清河县志》卷三灾祥,清河县：大饥，瘟疫盛行，积尸载道。人相食。——嘉靖《清河县志》卷三灾祥
1523,江苏,南京市,溧水县,1523|江苏|南京|溧水,明世宗嘉靖二年,无,《溧水县志》,无,保留,"v1,v2,v3,v4,v5,v6,v7","v1,v2,v3,v4,v5,v6,v7",7,1.0,是,,溧水县：大旱，南北流移，人相食。——顺治《溧水县志》卷一邑纪,溧水县：大旱，南北流移，人相食。——顺治《溧水县志》卷一邑纪,溧水县：大旱，南北流移，人相食。——顺治《溧水县志》卷一邑纪,溧水县：大旱，南北流移，人相食。——顺治《溧水县志》卷一邑纪,溧水县：大旱，南北流移，人相食。——顺治《溧水县志》卷一邑纪,溧水县：大旱，南北流移，人相食。——顺治《溧水县志》卷一邑纪,溧水县：大旱，南北流移，人相食。——顺治《溧水县志》卷一邑纪
1523,安徽,,天长县,1523|安徽|天长,明世宗嘉靖二年,无,《皇明天长志》,无,保留,"v1,v2,v3,v4,v5,v6,v7","v1,v2,v3,v4,v5,v6,v7",7,1.0,是,,天长县：自正月至六月，不雨。七月雨，至于九月。岁大歉，人相食。——嘉靖《皇明天长志》卷七灾祥,天长县：自正月至六月，不雨。七月雨，至于九月。岁大歉，人相食。——嘉靖《皇明天长志》卷七灾祥,天长县：自正月至六月，不雨。七月雨，至于九月。岁大歉，人相食。——嘉靖《皇明天长志》卷七灾祥,天长县：自正月至六月，不雨。七月雨，至于九月。岁大歉，人相食。——嘉靖《皇明天长志》卷七灾祥,天长县：自正月至六月，不雨。七月雨，至于九月。岁大歉，人相食。——嘉靖《皇明天长志》卷七灾祥,天长县：自正月至六月，不雨。七月雨，至于九月。岁大歉，人相食。——嘉靖《皇明天长志》卷七灾祥,天长县：自正月至六月，不雨。七月雨，至于九月。岁大歉，人相食。——嘉靖《皇明天长志》卷七灾祥
1523,江苏,盐城,盐城市,1523|江苏|盐城|盐城,明世宗嘉靖二年,无,《盐城县志》,无,保留,"v1,v2,v3,v4,v5,v6,v7","v1,v2,v3,v4,v5,v6,v7",7,1.0,是,,盐城市：大饥，米石钱两千，人相食。——万历《盐城县志》卷一祥异,盐城市：大饥，米石钱两千，人相食。——万历《盐城县志》卷一祥异,盐城市：大饥，米石钱两千，人相食。——万历《盐城县志》卷一祥异,盐城市：大饥，米石钱两千，人相食。——万历《盐城县志》卷一祥异,盐城市：大饥，米石钱两千，人相食。——万历《盐城县志》卷一祥异,盐城市：大饥，米石钱两千，人相食。——万历《盐城县志》卷一祥异,盐城市：大饥，米石钱两千，人相食。——万历《盐城县志》卷一祥异
1523,江苏,,盱眙县,1523|江苏|盱眙,明世宗嘉靖二年,无,《盱眙县志》,无,保留,"v1,v2,v3,v4,v5,v6,v7","v1,v2,v3,v4,v5,v6,v7",7,1.0,是,,盱眙县：大祲，人相食。秋旱。冬，冻饥疫死者无数。——乾隆《盱眙县志》卷十四灾祥,盱眙县：大祲，人相食。秋旱。冬，冻饥疫死者无数。——乾隆《盱眙县志》卷十四灾祥,盱眙县：大祲，人相食。秋旱。冬，冻饥疫死者无数。——乾隆《盱眙县志》卷十四灾祥,盱眙县：大祲，人相食。秋旱。冬，冻饥疫死者无数。——乾隆《盱眙县志》卷十四灾祥,盱眙县：大祲，人相食。秋旱。冬，冻饥疫死者无数。——乾隆《盱眙县志》卷十四灾祥,盱眙县：大祲，人相食。秋旱。冬，冻饥疫死者无数。——乾隆《盱眙县志》卷十四灾祥,盱眙县：大祲，人相食。秋旱。冬，冻饥疫死者无数。——乾隆《盱眙县志》卷十四灾祥
1523,江苏,,睢宁县,1523|江苏|睢宁,明世宗嘉靖二年,无,《睢宁县旧志》,无,保留,"v1,v2,v3,v4,v5,v6,v7","v1,v2,v3,v4,v5,v6,v7",7,1.0,是,,睢宁县：岁大饥，斗米百钱，民相食。——康熙《睢宁县旧志》卷九灾祥,睢宁县：岁大饥，斗米百钱，民相食。——康熙《睢宁县旧志》卷九灾祥,睢宁县：岁大饥，斗米百钱，民相食。——康熙《睢宁县旧志》卷九灾祥,睢宁县：岁大饥，斗米百钱，民相食。——康熙《睢宁县旧志》卷九灾祥,睢宁县：岁大饥，斗米百钱，民相食。——康熙《睢宁县旧志》卷九灾祥,睢宁县：岁大饥，斗米百钱，民相食。——康熙《睢宁县旧志》卷九灾祥,睢宁县：岁大饥，斗米百钱，民相食。——康熙《睢宁县旧志》卷九灾祥
1523,安徽,,舒城县,1523|安徽|舒城,明世宗嘉靖二年,无,《舒城县志》,无,保留,"v1,v2,v3,v4,v5,v6,v7","v1,v2,v3,v4,v5,v6,v7",7,1.0,是,,舒城县：夏，旱。秋，淫雨。岁大饥，人至相食，斗米百钱，饿死者枕藉于道。——万历《舒城县志》卷十祥异,舒城县：夏，旱。秋，淫雨。岁大饥，人至相食，斗米百钱，饿死者枕藉于道。——万历《舒城县志》卷十祥异,舒城县：夏，旱。秋，淫雨。岁大饥，人至相食，斗米百钱，饿死者枕藉于道。——万历《舒城县志》卷十祥异,舒城县：夏，旱。秋，淫雨。岁大饥，人至相食，斗米百钱，饿死者枕藉于道。——万历《舒城县志》卷十祥异,舒城县：夏，旱。秋，淫雨。岁大饥，人至相食，斗米百钱，饿死者枕藉于道。——万历《舒城县志》卷十祥异,舒城县：夏，旱。秋，淫雨。岁大饥，人至相食，斗米百钱，饿死者枕藉于道。——万历《舒城县志》卷十祥异,舒城县：夏，旱。秋，淫雨。岁大饥，人至相食，斗米百钱，饿死者枕藉于道。——万历《舒城县志》卷十祥异
1523,安徽,,蒙城县,1523|安徽|蒙城,明世宗嘉靖二年,无,《蒙城县志》,无,保留,"v1,v2,v3,v4,v5,v6,v7","v1,v2,v3,v4,v5,v6,v7",7,1.0,是,,蒙城县：春大疫，人相食。遣户部侍郎席书赈之。——顺治《蒙城县志》卷六灾祥,蒙城县：春大疫，人相食。遣户部侍郎席书赈之。——顺治《蒙城县志》卷六灾祥,蒙城县：春大疫，人相食。遣户部侍郎席书赈之。——顺治《蒙城县志》卷六灾祥,蒙城县：春大疫，人相食。遣户部侍郎席书赈之。——顺治《蒙城县志》卷六灾祥,蒙城县：春大疫，人相食。遣户部侍郎席书赈之。——顺治《蒙城县志》卷六灾祥,蒙城县：春大疫，人相食。遣户部侍郎席书赈之。——顺治《蒙城县志》卷六灾祥,蒙城县：春大疫，人相食。遣户部侍郎席书赈之。——顺治《蒙城县志》卷六灾祥
1523,江苏,,南通县,1523|江苏|南通,明世宗嘉靖二年,通州,《通州志》,无,保留,"v1,v2,v3,v4,v6,v7","v1,v2,v3,v4,v6,v7",6,0.8571,是,,南通县：大饥，民相食，死者以方计。遣侍郎席书赈。——万历《通州志》卷二 猴祥,南通县：大饥，民相食，死者以方计。遣侍郎席书赈。——万历《通州志》卷二 猴祥,南通县：大饥，民相食，死者以方计。遣侍郎席书赈。——万历《通州志》卷二 猴祥,南通县：大饥，民相食，死者以方计。遣侍郎席书赈。——万历《通州志》卷二 猴祥,,南通县：大饥，民相食，死者以方计。遣侍郎席书赈。——万历《通州志》卷二 猴祥,南通县：大饥，民相食，死者以方计。遣侍郎席书赈。——万历《通州志》卷二 猴祥
1523,江苏,,南通县,1523|江苏|南通,明世宗嘉靖二年,无,《通州志》,无,保留,v5,v5,1,0.1429,是,,,,,,南通县：大饥，民相食，死者以方计。遣侍郎席书赈。——万历《通州志》卷二祥异,,
1523,江苏,,如皋县,1523|江苏|如皋,明世宗嘉靖二年,无,《重修如皋县志》,无,保留,"v1,v2,v3,v4,v5,v6,v7","v1,v2,v3,v4,v5,v6,v7",7,1.0,是,,如皋县：大凶饥，饿殍盈路，人相食，有父子相残害者。免税粮。正月至六月不雨，旱，禾槁死。七月后霾雨不止，晚禾无收。——嘉靖《重修如皋县志》卷六灾祥,如皋县：大凶饥，饿殍盈路，人相食，有父子相残害者。免税粮。正月至六月不雨，旱，禾槁死。七月后霾雨不止，晚禾无收。——嘉靖《重修如皋县志》卷六灾祥,如皋县：大凶饥，饿殍盈路，人相食，有父子相残害者。免税粮。正月至六月不雨，旱，禾槁死。七月后霾雨不止，晚禾无收。——嘉靖《重修如皋县志》卷六灾祥,如皋县：大凶饥，饿殍盈路，人相食，有父子相残害者。免税粮。正月至六月不雨，旱，禾槁死。七月后霾雨不止，晚禾无收。——嘉靖《重修如皋县志》卷六灾祥,如皋县：大凶饥，饿殍盈路，人相食，有父子相残害者。免税粮。正月至六月不雨，旱，禾槁死。七月后霾雨不止，晚禾无收。——嘉靖《重修如皋县志》卷六灾祥,如皋县：大凶饥，饿殍盈路，人相食，有父子相残害者。免税粮。正月至六月不雨，旱，禾槁死。七月后霾雨不止，晚禾无收。——嘉靖《重修如皋县志》卷六灾祥,如皋县：大凶饥，饿殍盈路，人相食，有父子相残害者。免税粮。正月至六月不雨，旱，禾槁死。七月后霾雨不止，晚禾无收。——嘉靖《重修如皋县志》卷六灾祥
1523,安徽,,霍邱县,1523|安徽|霍邱,明世宗嘉靖二年,无,《霍邱县志》,无,保留,"v1,v2,v3,v4,v5,v6,v7","v1,v2,v3,v4,v5,v6,v7",7,1.0,是,,霍邱县：春大饥，疫，人相食。诏户部侍郎席书赈之。秋，大雨三月。——康熙《霍邱县志》卷十祥异,霍邱县：春大饥，疫，人相食。诏户部侍郎席书赈之。秋，大雨三月。——康熙《霍邱县志》卷十祥异,霍邱县：春大饥，疫，人相食。诏户部侍郎席书赈之。秋，大雨三月。——康熙《霍邱县志》卷十祥异,霍邱县：春大饥，疫，人相食。诏户部侍郎席书赈之。秋，大雨三月。——康熙《霍邱县志》卷十祥异,霍邱县：春大饥，疫，人相食。诏户部侍郎席书赈之。秋，大雨三月。——康熙《霍邱县志》卷十祥异,霍邱县：春大饥，疫，人相食。诏户部侍郎席书赈之。秋，大雨三月。——康熙《霍邱县志》卷十祥异,霍邱县：春大饥，疫，人相食。诏户部侍郎席书赈之。秋，大雨三月。——康熙《霍邱县志》卷十祥异
1523,江苏,,靖江县,1523|江苏|靖江,明世宗嘉靖二年,无,《靖江县志》,无,保留,"v1,v2,v3,v4,v5,v6,v7","v1,v2,v3,v4,v5,v6,v7",7,1.0,是,,靖江县：饥，人相食。鬻棺以称，十八斤为最下。——嘉靖《靖江县志》卷四编年,靖江县：饥，人相食。鬻棺以称，十八斤为最下。——嘉靖《靖江县志》卷四编年,靖江县：饥，人相食。鬻棺以称，十八斤为最下。——嘉靖《靖江县志》卷四编年,靖江县：饥，人相食。鬻棺以称，十八斤为最下。——嘉靖《靖江县志》卷四编年,靖江县：饥，人相食。鬻棺以称，十八斤为最下。——嘉靖《靖江县志》卷四编年,靖江县：饥，人相食。鬻棺以称，十八斤为最下。——嘉靖《靖江县志》卷四编年,靖江县：饥，人相食。鬻棺以称，十八斤为最下。——嘉靖《靖江县志》卷四编年
1523,江苏,,江都县,1523|江苏|江都,明世宗嘉靖二年,无,华东地区近五百年气候历史资料,无,保留,"v4,v5,v6","v4,v5,v6",3,0.4286,是,,,,,江都县：大饥，民相食，且病疫。——《华东地区近五百年气候历史资料》第二分册，第67页。,江都县：大饥，民相食，且病疫。——《华东地区近五百年气候历史资料》第二分册，第67页。,江都县：大饥，民相食，且病疫。——《华东地区近五百年气候历史资料》第二分册，第67页。,
1523,江苏,,仪征县,1523|江苏|仪征,明世宗嘉靖二年,无,华东地区近五百年气候历史资料,无,保留,"v4,v5,v6","v4,v5,v6",3,0.4286,是,,,,,仪征县：春三月不雨至夏六月，运河井泉竭，是年大饥，人相食，水陆殍尸无算。——《华东地区近五百年气候历史资料》第二分册，第66页。,仪征县：春三月不雨至夏六月，运河井泉竭，是年大饥，人相食，水陆殍尸无算。——《华东地区近五百年气候历史资料》第二分册，第66页。,仪征县：春三月不雨至夏六月，运河井泉竭，是年大饥，人相食，水陆殍尸无算。——《华东地区近五百年气候历史资料》第二分册，第66页。,
1524,山东,临沂市,临沂市,1524|山东|临沂|临沂,明世宗嘉靖三年,无,《临沂县志》,无,保留,"v1,v2,v7","v1,v2,v7",3,0.4286,是,,临沂市：冬大饥，人相食。——民国《临沂县志》卷一通纪,临沂市：冬大饥，人相食。——民国《临沂县志》卷一通纪,,,,,临沂市：冬大饥，人相食。——民国《临沂县志》卷一通纪
1524,安徽,五河县,五河县,1524|安徽|五河|五河,明世宗嘉靖三年,无,《五河县志》,无,保留,"v1,v2,v7","v1,v2,v7",3,0.4286,是,,五河县：春冻馁，疫疠，死者无算，人乃相食。——光绪《五河县志》卷二十,五河县：春冻馁，疫疠，死者无算，人乃相食。——光绪《五河县志》卷二十,,,,,五河县：春冻馁，疫疠，死者无算，人乃相食。——光绪《五河县志》卷二十
1524,安徽,凤阳县,凤阳县,1524|安徽|凤阳|凤阳,明世宗嘉靖三年,无,《凤阳县志》,无,保留,"v1,v2,v7","v1,v2,v7",3,0.4286,是,,凤阳县：大饥，斗米五钱，人相食。大疫，人民死亡过半。——乾隆《凤阳县志》卷十五纪事,凤阳县：大饥，斗米五钱，人相食。大疫，人民死亡过半。——乾隆《凤阳县志》卷十五纪事,,,,,凤阳县：大饥，斗米五钱，人相食。大疫，人民死亡过半。——乾隆《凤阳县志》卷十五纪事
1524,河南,夏邑县,夏邑县,1524|河南|夏邑|夏邑,明世宗嘉靖三年,无,《夏邑县志》,无,保留,"v1,v2,v7","v1,v2,v7",3,0.4286,是,,夏邑县：秋大饥，人相食。——康熙《夏邑县志》卷八艺文,夏邑县：秋大饥，人相食。——康熙《夏邑县志》卷八艺文,,,,,夏邑县：秋大饥，人相食。——康熙《夏邑县志》卷八艺文
1524,安徽,当涂县,当涂县,1524|安徽|当涂|当涂,明世宗嘉靖三年,无,《太平府志》,无,保留,"v1,v2,v7","v1,v2,v7",3,0.4286,是,,当涂县：大饥，人相食。——康熙《太平府志》卷三祥异,当涂县：大饥，人相食。——康熙《太平府志》卷三祥异,,,,,当涂县：大饥，人相食。——康熙《太平府志》卷三祥异
1524,安徽,宿县,宿县,1524|安徽|宿|宿,明世宗嘉靖三年,无,《宿县志》,无,保留,"v1,v2,v7","v1,v2,v7",3,0.4286,是,,宿县：春又大疫，死者相藉，商贩不同，人相食。——光绪《宿县志》卷三十六,宿县：春又大疫，死者相藉，商贩不同，人相食。——光绪《宿县志》卷三十六,,,,,宿县：春又大疫，死者相藉，商贩不同，人相食。——光绪《宿县志》卷三十六
1524,安徽,庐江县,庐江县,1524|安徽|庐江|庐江,明世宗嘉靖三年,无,《庐江县志》,无,保留,"v1,v2,v7","v1,v2,v7",3,0.4286,是,,庐江县：大饥，人相食。官设厂煮粥赈之，人人枵腹，饱食辄死。继以大疫，死者无算。——嘉庆《庐江县志》卷二祥异,庐江县：大饥，人相食。官设厂煮粥赈之，人人枵腹，饱食辄死。继以大疫，死者无算。——嘉庆《庐江县志》卷二祥异,,,,,庐江县：大饥，人相食。官设厂煮粥赈之，人人枵腹，饱食辄死。继以大疫，死者无算。——嘉庆《庐江县志》卷二祥异
1524,江苏,南京市,南京市,1524|江苏|南京|南京,明世宗嘉靖三年,无,《江宁府志》,无,保留,"v1,v2,v7","v1,v2,v7",3,0.4286,是,,南京市：岁大饥，人相食。（寇）天叙竭力赈济，设粥厂以食流民。寻瘟疫大作，给药以救，亲行巡视，夜以继日。——康熙七年《江宁府志》卷十八宦绩,南京市：岁大饥，人相食。（寇）天叙竭力赈济，设粥厂以食流民。寻瘟疫大作，给药以救，亲行巡视，夜以继日。——康熙七年《江宁府志》卷十八宦绩,,,,,南京市：岁大饥，人相食。（寇）天叙竭力赈济，设粥厂以食流民。寻瘟疫大作，给药以救，亲行巡视，夜以继日。——康熙七年《江宁府志》卷十八宦绩
1524,江苏,沐阳县,沐阳县,1524|江苏|沐阳|沐阳,明世宗嘉靖三年,无,《沐阳县志》,无,保留,"v1,v2,v7","v1,v2,v7",3,0.4286,是,,沐阳县：岁大饥，人相食。——康熙《沐阳县志》卷一灾异,沐阳县：岁大饥，人相食。——康熙《沐阳县志》卷一灾异,,,,,沐阳县：岁大饥，人相食。——康熙《沐阳县志》卷一灾异
1524,山东,平阴县,平阴县,1524|山东|平阴|平阴,明世宗嘉靖三年,无,《泰安府志》,无,保留,"v1,v2,v7","v1,v2,v7",3,0.4286,是,,平阴县：春，平阴大饥，人相食。——乾隆《泰安府志》卷二十九祥异,平阴县：春，平阴大饥，人相食。——乾隆《泰安府志》卷二十九祥异,,,,,平阴县：春，平阴大饥，人相食。——乾隆《泰安府志》卷二十九祥异
1524,河南,洛阳市,洛阳市,1524|河南|洛阳|洛阳,明世宗嘉靖三年,无,《洛阳县志》,无,保留,"v1,v2,v7","v1,v2,v7",3,0.4286,是,,洛阳市：岁大饥，人相食。——顺治《洛阳县志》卷八灾异,洛阳市：岁大饥，人相食。——顺治《洛阳县志》卷八灾异,,,,,洛阳市：岁大饥，人相食。——顺治《洛阳县志》卷八灾异
1524,江苏,赣榆县,赣榆县,1524|江苏|赣榆|赣榆,明世宗嘉靖三年,无,《海州直隶州志》,无,保留,v1,v1,1,0.1429,是,,赣榆县：赣榆饥，人相食。——嘉庆《海州直隶州志》卷三十一祥异,,,,,,
1524,江苏,,沐阳县,1524|江苏|沐阳,明世宗嘉靖三年,无,《海州直隶州志》,无,保留,v7,v7,1,0.1429,是,,,,,,,,沐阳县：赣榆、沐阳饥，人相食。——嘉庆《海州直隶州志》卷三十一祥异
1524,江苏,,赣榆县,1524|江苏|赣榆,明世宗嘉靖三年,无,《海州直隶州志》,无,保留,"v2,v7","v2,v7",2,0.2857,是,,,赣榆县：赣榆、沐阳饥，人相食。——嘉庆《海州直隶州志》卷三十一祥异,,,,,赣榆县：赣榆、沐阳饥，人相食。——嘉庆《海州直隶州志》卷三十一祥异
1524,安徽,灵璧县,灵璧县,1524|安徽|灵璧|灵璧,明世宗嘉靖三年,无,《灵璧县志》,无,保留,"v1,v2,v7","v1,v2,v7",3,0.4286,是,,灵璧县：春大饥，人相食，大疫。——康熙《灵璧县志》卷一祥异,灵璧县：春大饥，人相食，大疫。——康熙《灵璧县志》卷一祥异,,,,,灵璧县：春大饥，人相食，大疫。——康熙《灵璧县志》卷一祥异
1524,山东,费县,费县,1524|山东|费|费,明世宗嘉靖三年,无,《费县志》,无,保留,"v1,v2,v7","v1,v2,v7",3,0.4286,是,,费县：冬大饥，人相食。——光绪《费县志》卷十六祥异,费县：冬大饥，人相食。——光绪《费县志》卷十六祥异,,,,,费县：冬大饥，人相食。——光绪《费县志》卷十六祥异
1524,山东,郯城县,郯城县,1524|山东|郯城|郯城,明世宗嘉靖三年,无,《郯城县志》,无,保留,"v1,v2,v7","v1,v2,v7",3,0.4286,是,,郯城县：冬大饥，人相食。——康熙《郯城县志》卷九灾祥,郯城县：冬大饥，人相食。——康熙《郯城县志》卷九灾祥,,,,,郯城县：冬大饥，人相食。——康熙《郯城县志》卷九灾祥
1524,安徽,霍邱县,霍邱县,1524|安徽|霍邱|霍邱,明世宗嘉靖三年,无,《霍邱县志》,无,保留,"v1,v2,v7","v1,v2,v7",3,0.4286,是,,霍邱县：春大饥，斗米三钱，人至相食。——康熙《霍邱县志》卷十灾祥,霍邱县：春大饥，斗米三钱，人至相食。——康熙《霍邱县志》卷十灾祥,,,,,霍邱县：春大饥，斗米三钱，人至相食。——康熙《霍邱县志》卷十灾祥
1524,安徽,阜阳县,阜阳县,1524|安徽|阜阳|阜阳,明世宗嘉靖三年,无,《颍州志》,无,保留,"v1,v2,v7","v1,v2,v7",3,0.4286,是,,阜阳县：春大饥，人相食。——嘉靖十五年《颍州志》卷一郡纪,阜阳县：春大饥，人相食。——嘉靖十五年《颍州志》卷一郡纪,,,,,阜阳县：春大饥，人相食。——嘉靖十五年《颍州志》卷一郡纪
1524,山东,,临沂,1524|山东|临沂,明世宗嘉靖三年,无,临沂县志,无,保留,v5,v5,1,0.1429,是,,,,,,临沂市：冬大饥，人相食。——民国《临沂县志》卷一通纪,,
1524,安徽,,五河,1524|安徽|五河,明世宗嘉靖三年,无,五河县志,无,保留,v5,v5,1,0.1429,是,,,,,,五河县：春冻馁，疫疠，死者无算，人乃相食。——光绪《五河县志》卷二十,,
1524,安徽,,凤阳,1524|安徽|凤阳,明世宗嘉靖三年,无,凤阳县志,无,保留,v5,v5,1,0.1429,是,,,,,,凤阳县：大饥，斗米五钱，人相食。大疫，人民死亡过半。——乾隆《凤阳县志》卷十五纪事,,
1524,河南,,夏邑,1524|河南|夏邑,明世宗嘉靖三年,无,夏邑县志,无,保留,v5,v5,1,0.1429,是,,,,,,夏邑县：秋大饥，人相食。——康熙《夏邑县志》卷八艺文,,
1524,安徽,,当涂,1524|安徽|当涂,明世宗嘉靖三年,无,太平府志,无,保留,v5,v5,1,0.1429,是,,,,,,当涂县：大饥，人相食。——康熙《太平府志》卷三祥异,,
1524,安徽,,宿县,1524|安徽|宿,明世宗嘉靖三年,无,宿县志,无,保留,v5,v5,1,0.1429,是,,,,,,宿县：春又大疫，死者相藉，商贩不同，人相食。——光绪《宿县志》卷三十六,,
1524,安徽,,庐江,1524|安徽|庐江,明世宗嘉靖三年,无,庐江县志,无,保留,v5,v5,1,0.1429,是,,,,,,庐江县：大饥，人相食。官设厂煮粥赈之，人人枵腹，饱食辄死。继以大疫，死者无算。——嘉庆《庐江县志》卷二祥异,,
1524,江苏,,南京,1524|江苏|南京,明世宗嘉靖三年,无,江宁府志,原文来自江宁府志，'南京市'为现代地名标注,保留,v5,v5,1,0.1429,是,,,,,,南京市：岁大饥，人相食。（寇）天叙竭力赈济，设粥厂以食流民。寻瘟疫大作，给药以救，亲行巡视，夜以继日。——康熙七年《江宁府志》卷十八宦绩,,
1524,江苏,,沐阳,1524|江苏|沐阳,明世宗嘉靖三年,无,沐阳县志,无,保留,v5,v5,1,0.1429,是,,,,,,沐阳县：岁大饥，人相食。——康熙《沐阳县志》卷一灾异,,
1524,山东,,平阴,1524|山东|平阴,明世宗嘉靖三年,无,泰安府志,无,保留,v5,v5,1,0.1429,是,,,,,,平阴县：春，平阴大饥，人相食。——乾隆《泰安府志》卷二十九祥异,,
1524,河南,,洛阳,1524|河南|洛阳,明世宗嘉靖三年,无,洛阳县志,无,保留,v5,v5,1,0.1429,是,,,,,,洛阳市：岁大饥，人相食。——顺治《洛阳县志》卷八灾异,,
1524,江苏,,沐阳,1524|江苏|沐阳,明世宗嘉靖三年,无,海州直隶州志,无,保留,v5,v5,1,0.1429,是,,,,,,赣榆县：赣榆、沐阳饥，人相食。——嘉庆《海州直隶州志》卷三十一祥异,,
1524,江苏,,赣榆,1524|江苏|赣榆,明世宗嘉靖三年,无,海州直隶州志,无,保留,v5,v5,1,0.1429,是,,,,,,赣榆县：赣榆、沐阳饥，人相食。——嘉庆《海州直隶州志》卷三十一祥异,,
1524,安徽,,灵璧,1524|安徽|灵璧,明世宗嘉靖三年,无,灵璧县志,无,保留,v5,v5,1,0.1429,是,,,,,,灵璧县：春大饥，人相食，大疫。——康熙《灵璧县志》卷一祥异,,
1524,山东,,费县,1524|山东|费,明世宗嘉靖三年,无,费县志,无,保留,v5,v5,1,0.1429,是,,,,,,费县：冬大饥，人相食。——光绪《费县志》卷十六祥异,,
1524,山东,,郯城,1524|山东|郯城,明世宗嘉靖三年,无,郯城县志,无,保留,v5,v5,1,0.1429,是,,,,,,郯城县：冬大饥，人相食。——康熙《郯城县志》卷九灾祥,,
1524,安徽,,霍邱,1524|安徽|霍邱,明世宗嘉靖三年,无,霍邱县志,无,保留,v5,v5,1,0.1429,是,,,,,,霍邱县：春大饥，斗米三钱，人至相食。——康熙《霍邱县志》卷十灾祥,,
1524,安徽,,阜阳,1524|安徽|阜阳,明世宗嘉靖三年,无,颍州志,无,保留,v5,v5,1,0.1429,是,,,,,,阜阳县：春大饥，人相食。——嘉靖十五年《颍州志》卷一郡纪,,
1525,山东,,费县,1525|山东|费,明世宗嘉靖四年,无,《费县志》,无,保留,"v5,v7","v5,v7",2,0.2857,是,,,,,,费县：春大饥，人相食。——康熙二十八年《费县志》卷五灾异,,费县：春大饥，人相食。——康熙二十八年《费县志》卷五灾异
1525,山东,,费县,1525|山东|费,明世宗嘉靖四年,无,《费县志》,无,保留,"v1,v2,v3,v4","v1,v2,v3,v4",4,0.5714,是,,山东：费县：春大饥，人相食。——康熙二十八年《费县志》卷五灾异,山东：费县：春大饥，人相食。——康熙二十八年《费县志》卷五灾异,山东：费县：春大饥，人相食。——康熙二十八年《费县志》卷五灾异,山东：费县：春大饥，人相食。——康熙二十八年《费县志》卷五灾异,,,
1525,山东,,费县,1525|山东|费,明世宗嘉靖四年,无,费县志,无,保留,v6,v6,1,0.1429,是,,,,,,,山东费县：春大饥，人相食。——康熙二十八年《费县志》卷五灾异,
1526,陕西,,城固县,1526|陕西|城固,明世宗嘉靖五年,无,《城固县志》转引《西北灾荒史》,无,需进一步分析,"v4,v5,v6","v4,v5,v6",3,0.4286,否,"同类 record 存在于 v1,v2,v3,v4,v5,v6,v7；本条仅存在于 v4,v5,v6；占比 42.9%",,,,陕西：城固县：大旱，大饥，人相食。——《城固县志》（康熙五十六年），转引自《西北灾荒史》第411页。,陕西：城固县：大旱，大饥，人相食。——《城固县志》（康熙五十六年），转引自《西北灾荒史》第411页。,陕西：城固县：大旱，大饥，人相食。——《城固县志》（康熙五十六年），转引自《西北灾荒史》第411页。,
1526,陕西,,城固县,1526|陕西|城固,明世宗嘉靖五年,无,《城固县志》转引《西北灾荒史》,无,需进一步分析,"v1,v2,v3,v7","v1,v2,v3,v7",4,0.5714,否,"同类 record 存在于 v1,v2,v3,v4,v5,v6,v7；本条仅存在于 v1,v2,v3,v7；占比 57.1%",城固县：大旱，大饥，人相食。——《城固县志》（康熙五十六年），转引自《西北灾荒史》第411页。,城固县：大旱，大饥，人相食。——《城固县志》（康熙五十六年），转引自《西北灾荒史》第411页。,城固县：大旱，大饥，人相食。——《城固县志》（康熙五十六年），转引自《西北灾荒史》第411页。,,,,城固县：大旱，大饥，人相食。——《城固县志》（康熙五十六年），转引自《西北灾荒史》第411页。
1527,河南,,长垣县,1527|河南|长垣,明世宗嘉靖六年,无,《长垣县志》,无,保留,"v2,v5,v7","v2,v5,v7",3,0.4286,是,,,长垣县：旱，六月乃雨。明年春，米斗过百钱，因行折二钱，人有相食者。——康熙《长垣县志》卷二灾异,,,长垣县：旱，六月乃雨。明年春，米斗过百钱，因行折二钱，人有相食者。——康熙《长垣县志》卷二灾异,,长垣县：旱，六月乃雨。明年春，米斗过百钱，因行折二钱，人有相食者。——康熙《长垣县志》卷二灾异
1527,河南,,长垣县,1527|河南|长垣,明世宗嘉靖六年,无,《长垣县志》,无,保留,v6,v6,1,0.1429,是,,,,,,,河南：长垣县：旱，六月乃雨。明年春，米斗过百钱，因行折二钱，人有相食者。——康熙《长垣县志》,
1527,河南,,长垣县,1527|河南|长垣,明世宗嘉靖六年,无,《长垣县志》,无,保留,"v1,v3,v4","v1,v3,v4",3,0.4286,是,,河南：长垣县：旱，六月乃雨。明年春，米斗过百钱，因行折二钱，人有相食者。——康熙《长垣县志》卷二灾异,,河南：长垣县：旱，六月乃雨。明年春，米斗过百钱，因行折二钱，人有相食者。——康熙《长垣县志》卷二灾异,河南：长垣县：旱，六月乃雨。明年春，米斗过百钱，因行折二钱，人有相食者。——康熙《长垣县志》卷二灾异,,,
1528,陕西,,临潼县,1528|陕西|临潼,明世宗嘉靖七年,无,《临潼县志》,无,保留,"v1,v2,v3,v4,v5","v1,v2,v3,v4,v5",5,0.7143,是,,临潼县：旱，大饥，人相食。——康熙《临潼县志》卷六祥异,临潼县：旱，大饥，人相食。——康熙《临潼县志》卷六祥异,临潼县：旱，大饥，人相食。——康熙《临潼县志》卷六祥异,临潼县：旱，大饥，人相食。——康熙《临潼县志》卷六祥异,临潼县：旱，大饥，人相食。——康熙《临潼县志》卷六祥异,,
1528,河南,,临颍县,1528|河南|临颍,明世宗嘉靖七年,无,《临颍志》,无,保留,"v1,v2,v3,v4,v5","v1,v2,v3,v4,v5",5,0.7143,是,,临颍县：夏六月，大旱。冬大饥，民之流离者难以数计，是春尤甚，人相食。父老谓：比之成化二十年殆过之也。——嘉靖《临颍志》卷八祥异,临颍县：夏六月，大旱。冬大饥，民之流离者难以数计，是春尤甚，人相食。父老谓：比之成化二十年殆过之也。——嘉靖《临颍志》卷八祥异,临颍县：夏六月，大旱。冬大饥，民之流离者难以数计，是春尤甚，人相食。父老谓：比之成化二十年殆过之也。——嘉靖《临颍志》卷八祥异,临颍县：夏六月，大旱。冬大饥，民之流离者难以数计，是春尤甚，人相食。父老谓：比之成化二十年殆过之也。——嘉靖《临颍志》卷八祥异,临颍县：夏六月，大旱。冬大饥，民之流离者难以数计，是春尤甚，人相食。父老谓：比之成化二十年殆过之也。——嘉靖《临颍志》卷八祥异,,
1528,河南,,兰考县,1528|河南|兰考,明世宗嘉靖七年,无,《仪封县志》,无,保留,"v1,v2,v3,v4,v5","v1,v2,v3,v4,v5",5,0.7143,是,,兰考县：旱，人相食。——嘉靖《仪封县志》卷下灾祥,兰考县：旱，人相食。——嘉靖《仪封县志》卷下灾祥,兰考县：旱，人相食。——嘉靖《仪封县志》卷下灾祥,兰考县：旱，人相食。——嘉靖《仪封县志》卷下灾祥,兰考县：旱，人相食。——嘉靖《仪封县志》卷下灾祥,,
1528,河南,,修武县,1528|河南|修武,明世宗嘉靖七年,无,《修武县志》,无,保留,"v1,v2,v3,v4,v5","v1,v2,v3,v4,v5",5,0.7143,是,,修武县：春，饿，人相食。秋，蝗，结块如斗，自墙屋滚下，厨食遍满。——康熙《修武县志》卷四灾祥,修武县：春，饿，人相食。秋，蝗，结块如斗，自墙屋滚下，厨食遍满。——康熙《修武县志》卷四灾祥,修武县：春，饿，人相食。秋，蝗，结块如斗，自墙屋滚下，厨食遍满。——康熙《修武县志》卷四灾祥,修武县：春，饿，人相食。秋，蝗，结块如斗，自墙屋滚下，厨食遍满。——康熙《修武县志》卷四灾祥,修武县：春，饿，人相食。秋，蝗，结块如斗，自墙屋滚下，厨食遍满。——康熙《修武县志》卷四灾祥,,
1528,河南,,内乡县,1528|河南|内乡,明世宗嘉靖七年,无,《内乡县志》,无,保留,"v1,v2,v3,v4,v5","v1,v2,v3,v4,v5",5,0.7143,是,,内乡县：秋大旱，民多饥死，人相食。——康熙五十一年《内乡县志》卷十一灾祥,内乡县：秋大旱，民多饥死，人相食。——康熙五十一年《内乡县志》卷十一灾祥,内乡县：秋大旱，民多饥死，人相食。——康熙五十一年《内乡县志》卷十一灾祥,内乡县：秋大旱，民多饥死，人相食。——康熙五十一年《内乡县志》卷十一灾祥,内乡县：秋大旱，民多饥死，人相食。——康熙五十一年《内乡县志》卷十一灾祥,,
1528,陕西,,凤翔县,1528|陕西|凤翔,明世宗嘉靖七年,无,《凤翔县志》,无,保留,"v1,v2,v3,v4,v5","v1,v2,v3,v4,v5",5,0.7143,是,,凤翔县：大旱，斗米千钱，人相食。——乾隆《凤翔县志》卷八祥异,凤翔县：大旱，斗米千钱，人相食。——乾隆《凤翔县志》卷八祥异,凤翔县：大旱，斗米千钱，人相食。——乾隆《凤翔县志》卷八祥异,凤翔县：大旱，斗米千钱，人相食。——乾隆《凤翔县志》卷八祥异,凤翔县：大旱，斗米千钱，人相食。——乾隆《凤翔县志》卷八祥异,,
1528,陕西,,南郑县,1528|陕西|南郑,明世宗嘉靖七年,无,《南郑县志》,无,保留,"v1,v2,v3,v4,v5","v1,v2,v3,v4,v5",5,0.7143,是,,南郑县：大饥，人相食。——乾隆《南郑县志》卷十二纪事,南郑县：大饥，人相食。——乾隆《南郑县志》卷十二纪事,南郑县：大饥，人相食。——乾隆《南郑县志》卷十二纪事,南郑县：大饥，人相食。——乾隆《南郑县志》卷十二纪事,南郑县：大饥，人相食。——乾隆《南郑县志》卷十二纪事,,
1528,河南,南阳市,南阳市,1528|河南|南阳|南阳,明世宗嘉靖七年,无,《南阳府志》,无,保留,"v1,v2,v4","v1,v2,v4",3,0.4286,是,,南阳市：府、州、县大饥，人相食，死徙过。——嘉靖《南阳府志》卷十妖祥,南阳市：府、州、县大饥，人相食，死徙过。——嘉靖《南阳府志》卷十妖祥,,南阳市：府、州、县大饥，人相食，死徙过。——嘉靖《南阳府志》卷十妖祥,,,
1528,河南,,汲县,1528|河南|汲,明世宗嘉靖七年,无,《卫辉府志》,无,保留,"v1,v2,v3,v4,v5","v1,v2,v3,v4,v5",5,0.7143,是,,汲县：大旱，蝗。明年春大饥，人相食。——万历《卫辉府志》灾祥,汲县：大旱，蝗。明年春大饥，人相食。——万历《卫辉府志》灾祥,汲县：大旱，蝗。明年春大饥，人相食。——万历《卫辉府志》灾祥,汲县：大旱，蝗。明年春大饥，人相食。——万历《卫辉府志》灾祥,汲县：大旱，蝗。明年春大饥，人相食。——万历《卫辉府志》灾祥,,
1528,河南,,原阳县,1528|河南|原阳,明世宗嘉靖七年,无,《原武县志》,无,保留,"v1,v2,v3,v4,v5","v1,v2,v3,v4,v5",5,0.7143,是,,原阳县：大蝗，大饥，人相食。——万历《原武县志》卷上祥异,原阳县：大蝗，大饥，人相食。——万历《原武县志》卷上祥异,原阳县：大蝗，大饥，人相食。——万历《原武县志》卷上祥异,原阳县：大蝗，大饥，人相食。——万历《原武县志》卷上祥异,原阳县：大蝗，大饥，人相食。——万历《原武县志》卷上祥异,,
1528,陕西,,城固县,1528|陕西|城固,明世宗嘉靖七年,无,《城固县志》,无,保留,"v1,v2,v3,v4,v5","v1,v2,v3,v4,v5",5,0.7143,是,,城固县：大饥，人相食。——康熙《城固县志》卷二灾异,城固县：大饥，人相食。——康熙《城固县志》卷二灾异,城固县：大饥，人相食。——康熙《城固县志》卷二灾异,城固县：大饥，人相食。——康熙《城固县志》卷二灾异,城固县：大饥，人相食。——康熙《城固县志》卷二灾异,,
1528,山东,,安丘县,1528|山东|安丘,明世宗嘉靖七年,无,《安邱县志》,无,保留,"v1,v2,v3,v4,v5","v1,v2,v3,v4,v5",5,0.7143,是,,安丘县：春大蝗。饥，人相食，大疫。——万历《安邱县志》卷一总纪,安丘县：春大蝗。饥，人相食，大疫。——万历《安邱县志》卷一总纪,安丘县：春大蝗。饥，人相食，大疫。——万历《安邱县志》卷一总纪,安丘县：春大蝗。饥，人相食，大疫。——万历《安邱县志》卷一总纪,安丘县：春大蝗。饥，人相食，大疫。——万历《安邱县志》卷一总纪,,
1528,河南,,宜阳县,1528|河南|宜阳,明世宗嘉靖七年,无,《宜阳县志》,无,保留,"v1,v2,v3,v4,v5","v1,v2,v3,v4,v5",5,0.7143,是,,宜阳县：大饥，人相食。——光绪《宜阳县志》卷二祥异,宜阳县：大饥，人相食。——光绪《宜阳县志》卷二祥异,宜阳县：大饥，人相食。——光绪《宜阳县志》卷二祥异,宜阳县：大饥，人相食。——光绪《宜阳县志》卷二祥异,宜阳县：大饥，人相食。——光绪《宜阳县志》卷二祥异,,
1528,河南,,嵩县,1528|河南|嵩,明世宗嘉靖七年,无,《嵩县志》,无,保留,"v1,v2,v3,v4,v5","v1,v2,v3,v4,v5",5,0.7143,是,,嵩县：大饥，人相食。——乾隆《嵩县志》卷二十六孝义,嵩县：大饥，人相食。——乾隆《嵩县志》卷二十六孝义,嵩县：大饥，人相食。——乾隆《嵩县志》卷二十六孝义,嵩县：大饥，人相食。——乾隆《嵩县志》卷二十六孝义,嵩县：大饥，人相食。——乾隆《嵩县志》卷二十六孝义,,
1528,甘肃,平凉市,平凉市,1528|甘肃|平凉|平凉,明世宗嘉靖七年,无,《平凉府志》,无,保留,"v1,v2,v3,v4,v5","v1,v2,v3,v4,v5",5,0.7143,是,,平凉市：大旱。饥，人相食，斗米银三四钱，民大流亡，十存一二。——嘉靖《平凉府志》卷三祥异,平凉市：大旱。饥，人相食，斗米银三四钱，民大流亡，十存一二。——嘉靖《平凉府志》卷三祥异,平凉市：大旱。饥，人相食，斗米银三四钱，民大流亡，十存一二。——嘉靖《平凉府志》卷三祥异,平凉市：大旱。饥，人相食，斗米银三四钱，民大流亡，十存一二。——嘉靖《平凉府志》卷三祥异,平凉市：大旱。饥，人相食，斗米银三四钱，民大流亡，十存一二。——嘉靖《平凉府志》卷三祥异,,
1528,甘肃,,庆阳县,1528|甘肃|庆阳,明世宗嘉靖七年,无,《庆阳府志》,无,保留,"v1,v2,v3,v4,v5","v1,v2,v3,v4,v5",5,0.7143,是,,庆阳县：旱，人相食。——嘉靖《庆阳府志》卷十八纪异,庆阳县：旱，人相食。——嘉靖《庆阳府志》卷十八纪异,庆阳县：旱，人相食。——嘉靖《庆阳府志》卷十八纪异,庆阳县：旱，人相食。——嘉靖《庆阳府志》卷十八纪异,庆阳县：旱，人相食。——嘉靖《庆阳府志》卷十八纪异,,
1528,陕西,,扶风县,1528|陕西|扶风,明世宗嘉靖七年,无,《扶风县志》,无,保留,"v1,v2,v3,v4,v5","v1,v2,v3,v4,v5",5,0.7143,是,,扶风县：大旱，斗米千钱，民相食。——顺治《扶风县志》卷一灾祥,扶风县：大旱，斗米千钱，民相食。——顺治《扶风县志》卷一灾祥,扶风县：大旱，斗米千钱，民相食。——顺治《扶风县志》卷一灾祥,扶风县：大旱，斗米千钱，民相食。——顺治《扶风县志》卷一灾祥,扶风县：大旱，斗米千钱，民相食。——顺治《扶风县志》卷一灾祥,,
1528,河南,,沁阳县,1528|河南|沁阳,明世宗嘉靖七年,无,《新修怀庆府志》,无,保留,"v1,v2,v3,v4,v5","v1,v2,v3,v4,v5",5,0.7143,是,,沁阳县：大饥，人相食，蝗结块如球。——乾隆《新修怀庆府志》卷三十二物异,沁阳县：大饥，人相食，蝗结块如球。——乾隆《新修怀庆府志》卷三十二物异,沁阳县：大饥，人相食，蝗结块如球。——乾隆《新修怀庆府志》卷三十二物异,沁阳县：大饥，人相食，蝗结块如球。——乾隆《新修怀庆府志》卷三十二物异,沁阳县：大饥，人相食，蝗结块如球。——乾隆《新修怀庆府志》卷三十二物异,,
1528,河南,,新安县,1528|河南|新安,明世宗嘉靖七年,无,《新安县志》,无,保留,"v1,v2,v3,v4,v5","v1,v2,v3,v4,v5",5,0.7143,是,,新安县：大饥，人相食。——康熙《新安县志》卷十七灾祥,新安县：大饥，人相食。——康熙《新安县志》卷十七灾祥,新安县：大饥，人相食。——康熙《新安县志》卷十七灾祥,新安县：大饥，人相食。——康熙《新安县志》卷十七灾祥,新安县：大饥，人相食。——康熙《新安县志》卷十七灾祥,,
1528,山东,,昌乐县,1528|山东|昌乐,明世宗嘉靖七年,无,《昌乐县志》,无,保留,"v1,v2,v3,v4,v5","v1,v2,v3,v4,v5",5,0.7143,是,,昌乐县：是年蝗。大饥，人相食。大疫。夏五月七日，大雨雹。——嘉庆《昌乐县志》卷一总纪,昌乐县：是年蝗。大饥，人相食。大疫。夏五月七日，大雨雹。——嘉庆《昌乐县志》卷一总纪,昌乐县：是年蝗。大饥，人相食。大疫。夏五月七日，大雨雹。——嘉庆《昌乐县志》卷一总纪,昌乐县：是年蝗。大饥，人相食。大疫。夏五月七日，大雨雹。——嘉庆《昌乐县志》卷一总纪,昌乐县：是年蝗。大饥，人相食。大疫。夏五月七日，大雨雹。——嘉庆《昌乐县志》卷一总纪,,
1528,河南,,武陟县,1528|河南|武陟,明世宗嘉靖七年,无,《武陟县志》,无,保留,"v1,v2,v3,v4,v5","v1,v2,v3,v4,v5",5,0.7143,是,,武陟县：大饥，人相食，多蝗。——道光《武陟县志》卷十二祥异,武陟县：大饥，人相食，多蝗。——道光《武陟县志》卷十二祥异,武陟县：大饥，人相食，多蝗。——道光《武陟县志》卷十二祥异,武陟县：大饥，人相食，多蝗。——道光《武陟县志》卷十二祥异,武陟县：大饥，人相食，多蝗。——道光《武陟县志》卷十二祥异,,
1528,河南,,孟津县,1528|河南|孟津,明世宗嘉靖七年,无,《河南府志》,无,保留,"v1,v2,v3,v4,v5","v1,v2,v3,v4,v5",5,0.7143,是,,孟津县：大饥，人相食。——顺治《河南府志》卷三灾异,孟津县：大饥，人相食。——顺治《河南府志》卷三灾异,孟津县：大饥，人相食。——顺治《河南府志》卷三灾异,孟津县：大饥，人相食。——顺治《河南府志》卷三灾异,孟津县：大饥，人相食。——顺治《河南府志》卷三灾异,,
1528,陕西,,洋县,1528|陕西|洋,明世宗嘉靖七年,无,《洋县志》,无,保留,"v1,v2,v3,v4,v5","v1,v2,v3,v4,v5",5,0.7143,是,,洋县：大饥，人相食。——康熙《洋县志》卷一灾祥,洋县：大饥，人相食。——康熙《洋县志》卷一灾祥,洋县：大饥，人相食。——康熙《洋县志》卷一灾祥,洋县：大饥，人相食。——康熙《洋县志》卷一灾祥,洋县：大饥，人相食。——康熙《洋县志》卷一灾祥,,
1528,河南,,洛宁县,1528|河南|洛宁,明世宗嘉靖七年,无,《洛宁县志》,无,保留,"v1,v2,v3,v4,v5","v1,v2,v3,v4,v5",5,0.7143,是,,洛宁县：大饥，人相食。——民国《洛宁县志》卷一祥异,洛宁县：大饥，人相食。——民国《洛宁县志》卷一祥异,洛宁县：大饥，人相食。——民国《洛宁县志》卷一祥异,洛宁县：大饥，人相食。——民国《洛宁县志》卷一祥异,洛宁县：大饥，人相食。——民国《洛宁县志》卷一祥异,,
1528,陕西,,旬阳县,1528|陕西|旬阳,明世宗嘉靖七年,无,《洵阳县志》,无,保留,"v1,v2,v3,v4,v5","v1,v2,v3,v4,v5",5,0.7143,是,,旬阳县：春大饥，人相食。——乾隆《洵阳县志》卷十二祥异,旬阳县：春大饥，人相食。——乾隆《洵阳县志》卷十二祥异,旬阳县：春大饥，人相食。——乾隆《洵阳县志》卷十二祥异,旬阳县：春大饥，人相食。——乾隆《洵阳县志》卷十二祥异,旬阳县：春大饥，人相食。——乾隆《洵阳县志》卷十二祥异,,
1528,河南,,浙川县,1528|河南|浙川,明世宗嘉靖七年,无,《浙川县志》,无,保留,"v1,v2,v3,v4,v5","v1,v2,v3,v4,v5",5,0.7143,是,,浙川县：大饥，人相食。——康熙《浙川县志》卷八祥异,浙川县：大饥，人相食。——康熙《浙川县志》卷八祥异,浙川县：大饥，人相食。——康熙《浙川县志》卷八祥异,浙川县：大饥，人相食。——康熙《浙川县志》卷八祥异,浙川县：大饥，人相食。——康熙《浙川县志》卷八祥异,,
1528,河南,,浚县,1528|河南|浚,明世宗嘉靖七年,无,《浚县志》,无,保留,"v1,v2,v3,v4,v5","v1,v2,v3,v4,v5",5,0.7143,是,,浚县：岁大饥，人相食。——康熙《浚县志》卷一祥异,浚县：岁大饥，人相食。——康熙《浚县志》卷一祥异,浚县：岁大饥，人相食。——康熙《浚县志》卷一祥异,浚县：岁大饥，人相食。——康熙《浚县志》卷一祥异,浚县：岁大饥，人相食。——康熙《浚县志》卷一祥异,,
1528,山东,潍坊市,潍坊市,1528|山东|潍坊|潍坊,明世宗嘉靖七年,无,《潍县志稿》,无,保留,"v1,v2,v3,v4,v5","v1,v2,v3,v4,v5",5,0.7143,是,,潍坊市：春大蝗。饥，人相食，大疫。——民国《潍县志稿》卷二通纪,潍坊市：春大蝗。饥，人相食，大疫。——民国《潍县志稿》卷二通纪,潍坊市：春大蝗。饥，人相食，大疫。——民国《潍县志稿》卷二通纪,潍坊市：春大蝗。饥，人相食，大疫。——民国《潍县志稿》卷二通纪,潍坊市：春大蝗。饥，人相食，大疫。——民国《潍县志稿》卷二通纪,,
1528,甘肃,,环县,1528|甘肃|环,明世宗嘉靖七年,无,《环县志》,无,保留,"v1,v2,v3,v4,v5","v1,v2,v3,v4,v5",5,0.7143,是,,环县：旱，人相食，米石四两。——乾隆《环县志》卷十纪事,环县：旱，人相食，米石四两。——乾隆《环县志》卷十纪事,环县：旱，人相食，米石四两。——乾隆《环县志》卷十纪事,环县：旱，人相食，米石四两。——乾隆《环县志》卷十纪事,环县：旱，人相食，米石四两。——乾隆《环县志》卷十纪事,,
1528,甘肃,,陇西县,1528|甘肃|陇西,明世宗嘉靖七年,无,《甘肃通志》,无,保留,"v1,v2,v3,v4,v5","v1,v2,v3,v4,v5",5,0.7143,是,,陇西县：巩昌大旱，人相食。——乾隆《甘肃通志》卷二十四祥异,陇西县：巩昌大旱，人相食。——乾隆《甘肃通志》卷二十四祥异,陇西县：巩昌大旱，人相食。——乾隆《甘肃通志》卷二十四祥异,陇西县：巩昌大旱，人相食。——乾隆《甘肃通志》卷二十四祥异,陇西县：巩昌大旱，人相食。——乾隆《甘肃通志》卷二十四祥异,,
1528,河南,,登封县,1528|河南|登封,明世宗嘉靖七年,无,《登封县志》,无,保留,"v1,v2,v3,v4,v5","v1,v2,v3,v4,v5",5,0.7143,是,,登封县：旱，人相食。——康熙《登封县志》卷九灾祥,登封县：旱，人相食。——康熙《登封县志》卷九灾祥,登封县：旱，人相食。——康熙《登封县志》卷九灾祥,登封县：旱，人相食。——康熙《登封县志》卷九灾祥,登封县：旱，人相食。——康熙《登封县志》卷九灾祥,,
1528,陕西,,白河县,1528|陕西|白河,明世宗嘉靖七年,无,《白河县志》,无,保留,"v1,v2,v3,v4,v5","v1,v2,v3,v4,v5",5,0.7143,是,,白河县：春大饥，人相食。——嘉庆《白河县志》卷十四录事,白河县：春大饥，人相食。——嘉庆《白河县志》卷十四录事,白河县：春大饥，人相食。——嘉庆《白河县志》卷十四录事,白河县：春大饥，人相食。——嘉庆《白河县志》卷十四录事,白河县：春大饥，人相食。——嘉庆《白河县志》卷十四录事,,
1528,甘肃,天水市,天水市,1528|甘肃|天水|天水,明世宗嘉靖七年,秦州,《直隶秦州新志》,秦州为古代地名，映射为现代天水市,保留,"v1,v2,v4","v1,v2,v4",3,0.4286,是,,天水市：秦州各县大旱，人相食。——乾隆《直隶秦州新志》卷六灾祥,天水市：秦州各县大旱，人相食。——乾隆《直隶秦州新志》卷六灾祥,,天水市：秦州各县大旱，人相食。——乾隆《直隶秦州新志》卷六灾祥,,,
1528,河南,,禹县,1528|河南|禹,明世宗嘉靖七年,无,《禹州志》,无,保留,"v1,v2,v3,v4,v5","v1,v2,v3,v4,v5",5,0.7143,是,,禹县：大饥，民食树皮草子，人相食，饿殍盈野。——顺治《禹州志》卷九禨祥,禹县：大饥，民食树皮草子，人相食，饿殍盈野。——顺治《禹州志》卷九禨祥,禹县：大饥，民食树皮草子，人相食，饿殍盈野。——顺治《禹州志》卷九禨祥,禹县：大饥，民食树皮草子，人相食，饿殍盈野。——顺治《禹州志》卷九禨祥,禹县：大饥，民食树皮草子，人相食，饿殍盈野。——顺治《禹州志》卷九禨祥,,
1528,陕西,,绥德县,1528|陕西|绥德,明世宗嘉靖七年,无,《绥德州直隶州志》,无,保留,"v1,v2,v3,v4,v5","v1,v2,v3,v4,v5",5,0.7143,是,,绥德县：夏冰（雹）。秋霜。八月，饥，人相食。——乾隆《绥德州直隶州志》卷二岁征,绥德县：夏冰（雹）。秋霜。八月，饥，人相食。——乾隆《绥德州直隶州志》卷二岁征,绥德县：夏冰（雹）。秋霜。八月，饥，人相食。——乾隆《绥德州直隶州志》卷二岁征,绥德县：夏冰（雹）。秋霜。八月，饥，人相食。——乾隆《绥德州直隶州志》卷二岁征,绥德县：夏冰（雹）。秋霜。八月，饥，人相食。——乾隆《绥德州直隶州志》卷二岁征,,
1528,河南,,方城县,1528|河南|方城,明世宗嘉靖七年,无,《裕州志》,无,保留,"v1,v2,v3,v4,v5","v1,v2,v3,v4,v5",5,0.7143,是,,方城县：大旱。秋蝗害稼。民大饥，野多饿殍，乃相食。——嘉靖《裕州志》卷一灾祥,方城县：大旱。秋蝗害稼。民大饥，野多饿殍，乃相食。——嘉靖《裕州志》卷一灾祥,方城县：大旱。秋蝗害稼。民大饥，野多饿殍，乃相食。——嘉靖《裕州志》卷一灾祥,方城县：大旱。秋蝗害稼。民大饥，野多饿殍，乃相食。——嘉靖《裕州志》卷一灾祥,方城县：大旱。秋蝗害稼。民大饥，野多饿殍，乃相食。——嘉靖《裕州志》卷一灾祥,,
1528,湖北,老河口市,老河口市,1528|湖北|老河口|老河口,明世宗嘉靖七年,无,《襄阳府志》,无,保留,"v1,v2,v3,v4,v5","v1,v2,v3,v4,v5",5,0.7143,是,,老河口市：大旱，人相食。——万历《襄阳府志》卷三十三灾祥,老河口市：大旱，人相食。——万历《襄阳府志》卷三十三灾祥,老河口市：大旱，人相食。——万历《襄阳府志》卷三十三灾祥,老河口市：大旱，人相食。——万历《襄阳府志》卷三十三灾祥,老河口市：大旱，人相食。——万历《襄阳府志》卷三十三灾祥,,
1528,湖北,丹江口市,丹江口市,1528|湖北|丹江口|丹江口,明世宗嘉靖七年,无,《襄阳府志》,无,保留,"v1,v2,v3,v4,v5","v1,v2,v3,v4,v5",5,0.7143,是,,丹江口市：春大饥，人相食。六月，蝗。——万历《襄阳府志》卷二十三灾祥,丹江口市：春大饥，人相食。六月，蝗。——万历《襄阳府志》卷二十三灾祥,丹江口市：春大饥，人相食。六月，蝗。——万历《襄阳府志》卷二十三灾祥,丹江口市：春大饥，人相食。六月，蝗。——万历《襄阳府志》卷二十三灾祥,丹江口市：春大饥，人相食。六月，蝗。——万历《襄阳府志》卷二十三灾祥,,
1528,湖北,,枣阳县,1528|湖北|枣阳,明世宗嘉靖七年,无,《襄阳府志》,无,保留,"v1,v2,v3,v4,v5","v1,v2,v3,v4,v5",5,0.7143,是,,枣阳县：秋蝗，大饥，人相食。——万历《襄阳府志》卷三十三灾祥,枣阳县：秋蝗，大饥，人相食。——万历《襄阳府志》卷三十三灾祥,枣阳县：秋蝗，大饥，人相食。——万历《襄阳府志》卷三十三灾祥,枣阳县：秋蝗，大饥，人相食。——万历《襄阳府志》卷三十三灾祥,枣阳县：秋蝗，大饥，人相食。——万历《襄阳府志》卷三十三灾祥,,
1528,湖北,,南漳县,1528|湖北|南漳,明世宗嘉靖七年,无,《襄阳府志》,无,保留,"v1,v2,v3,v4,v5","v1,v2,v3,v4,v5",5,0.7143,是,,南漳县：大旱，殍横于野，饥民裔而食之。——万历《襄阳府志》卷三十三祥灾,南漳县：大旱，殍横于野，饥民裔而食之。——万历《襄阳府志》卷三十三祥灾,南漳县：大旱，殍横于野，饥民裔而食之。——万历《襄阳府志》卷三十三祥灾,南漳县：大旱，殍横于野，饥民裔而食之。——万历《襄阳府志》卷三十三祥灾,南漳县：大旱，殍横于野，饥民裔而食之。——万历《襄阳府志》卷三十三祥灾,,
1528,湖北,,光化县,1528|湖北|光化,明世宗嘉靖七年,无,《襄阳府志》,无,需校验地区信息,"v1,v2,v3,v5","v1,v2,v3,v5",4,0.5714,是,同年同省同来源同 record，但地区名存在近似异写或明显异体，需校验地区信息,襄樊市等：六月，襄樊、宜城、南漳、枣阳、谷城、光化大旱，饥，人相食。都御史张禄绘饥民十图以献，请帑赈济。——乾隆《襄阳府志》卷三十七祥异,襄樊市等：六月，襄樊、宜城、南漳、枣阳、谷城、光化大旱，饥，人相食。都御史张禄绘饥民十图以献，请帑赈济。——乾隆《襄阳府志》卷三十七祥异,襄樊市等：六月，襄樊、宜城、南漳、枣阳、谷城、光化大旱，饥，人相食。都御史张禄绘饥民十图以献，请帑赈济。——乾隆《襄阳府志》卷三十七祥异,,襄樊市等：六月，襄樊、宜城、南漳、枣阳、谷城、光化大旱，饥，人相食。都御史张禄绘饥民十图以献，请帑赈济。——乾隆《襄阳府志》卷三十七祥异,,
1528,湖北,,南漳县,1528|湖北|南漳,明世宗嘉靖七年,无,《襄阳府志》,无,需校验地区信息,"v1,v2,v3,v5","v1,v2,v3,v5",4,0.5714,是,同年同省同来源同 record，但地区名存在近似异写或明显异体，需校验地区信息,襄樊市等：六月，襄樊、宜城、南漳、枣阳、谷城、光化大旱，饥，人相食。都御史张禄绘饥民十图以献，请帑赈济。——乾隆《襄阳府志》卷三十七祥异,襄樊市等：六月，襄樊、宜城、南漳、枣阳、谷城、光化大旱，饥，人相食。都御史张禄绘饥民十图以献，请帑赈济。——乾隆《襄阳府志》卷三十七祥异,襄樊市等：六月，襄樊、宜城、南漳、枣阳、谷城、光化大旱，饥，人相食。都御史张禄绘饥民十图以献，请帑赈济。——乾隆《襄阳府志》卷三十七祥异,,襄樊市等：六月，襄樊、宜城、南漳、枣阳、谷城、光化大旱，饥，人相食。都御史张禄绘饥民十图以献，请帑赈济。——乾隆《襄阳府志》卷三十七祥异,,
1528,湖北,,宜城县,1528|湖北|宜城,明世宗嘉靖七年,无,《襄阳府志》,无,需校验地区信息,"v1,v2,v3,v5","v1,v2,v3,v5",4,0.5714,是,同年同省同来源同 record，但地区名存在近似异写或明显异体，需校验地区信息,襄樊市等：六月，襄樊、宜城、南漳、枣阳、谷城、光化大旱，饥，人相食。都御史张禄绘饥民十图以献，请帑赈济。——乾隆《襄阳府志》卷三十七祥异,襄樊市等：六月，襄樊、宜城、南漳、枣阳、谷城、光化大旱，饥，人相食。都御史张禄绘饥民十图以献，请帑赈济。——乾隆《襄阳府志》卷三十七祥异,襄樊市等：六月，襄樊、宜城、南漳、枣阳、谷城、光化大旱，饥，人相食。都御史张禄绘饥民十图以献，请帑赈济。——乾隆《襄阳府志》卷三十七祥异,,襄樊市等：六月，襄樊、宜城、南漳、枣阳、谷城、光化大旱，饥，人相食。都御史张禄绘饥民十图以献，请帑赈济。——乾隆《襄阳府志》卷三十七祥异,,
1528,湖北,,枣阳县,1528|湖北|枣阳,明世宗嘉靖七年,无,《襄阳府志》,无,需校验地区信息,"v1,v2,v3,v5","v1,v2,v3,v5",4,0.5714,是,同年同省同来源同 record，但地区名存在近似异写或明显异体，需校验地区信息,襄樊市等：六月，襄樊、宜城、南漳、枣阳、谷城、光化大旱，饥，人相食。都御史张禄绘饥民十图以献，请帑赈济。——乾隆《襄阳府志》卷三十七祥异,襄樊市等：六月，襄樊、宜城、南漳、枣阳、谷城、光化大旱，饥，人相食。都御史张禄绘饥民十图以献，请帑赈济。——乾隆《襄阳府志》卷三十七祥异,襄樊市等：六月，襄樊、宜城、南漳、枣阳、谷城、光化大旱，饥，人相食。都御史张禄绘饥民十图以献，请帑赈济。——乾隆《襄阳府志》卷三十七祥异,,襄樊市等：六月，襄樊、宜城、南漳、枣阳、谷城、光化大旱，饥，人相食。都御史张禄绘饥民十图以献，请帑赈济。——乾隆《襄阳府志》卷三十七祥异,,
1528,湖北,襄樊市,襄樊,1528|湖北|襄樊|襄樊,明世宗嘉靖七年,无,《襄阳府志》,无,需校验地区信息,"v1,v2,v3,v5","v1,v2,v3,v5",4,0.5714,是,同年同省同来源同 record，但地区名存在近似异写或明显异体，需校验地区信息,襄樊市等：六月，襄樊、宜城、南漳、枣阳、谷城、光化大旱，饥，人相食。都御史张禄绘饥民十图以献，请帑赈济。——乾隆《襄阳府志》卷三十七祥异,襄樊市等：六月，襄樊、宜城、南漳、枣阳、谷城、光化大旱，饥，人相食。都御史张禄绘饥民十图以献，请帑赈济。——乾隆《襄阳府志》卷三十七祥异,襄樊市等：六月，襄樊、宜城、南漳、枣阳、谷城、光化大旱，饥，人相食。都御史张禄绘饥民十图以献，请帑赈济。——乾隆《襄阳府志》卷三十七祥异,,襄樊市等：六月，襄樊、宜城、南漳、枣阳、谷城、光化大旱，饥，人相食。都御史张禄绘饥民十图以献，请帑赈济。——乾隆《襄阳府志》卷三十七祥异,,
1528,湖北,,谷城县,1528|湖北|谷城,明世宗嘉靖七年,无,《襄阳府志》,无,需校验地区信息,"v1,v2,v3,v5","v1,v2,v3,v5",4,0.5714,是,同年同省同来源同 record，但地区名存在近似异写或明显异体，需校验地区信息,襄樊市等：六月，襄樊、宜城、南漳、枣阳、谷城、光化大旱，饥，人相食。都御史张禄绘饥民十图以献，请帑赈济。——乾隆《襄阳府志》卷三十七祥异,襄樊市等：六月，襄樊、宜城、南漳、枣阳、谷城、光化大旱，饥，人相食。都御史张禄绘饥民十图以献，请帑赈济。——乾隆《襄阳府志》卷三十七祥异,襄樊市等：六月，襄樊、宜城、南漳、枣阳、谷城、光化大旱，饥，人相食。都御史张禄绘饥民十图以献，请帑赈济。——乾隆《襄阳府志》卷三十七祥异,,襄樊市等：六月，襄樊、宜城、南漳、枣阳、谷城、光化大旱，饥，人相食。都御史张禄绘饥民十图以献，请帑赈济。——乾隆《襄阳府志》卷三十七祥异,,
1528,河南,,辉县,1528|河南|辉,明世宗嘉靖七年,无,《辉县志》,无,保留,"v1,v2,v3,v4,v5","v1,v2,v3,v4,v5",5,0.7143,是,,辉县：大旱，蝗，明年春大饥，人相食。——康熙《辉县志》卷十八灾祥,辉县：大旱，蝗，明年春大饥，人相食。——康熙《辉县志》卷十八灾祥,辉县：大旱，蝗，明年春大饥，人相食。——康熙《辉县志》卷十八灾祥,辉县：大旱，蝗，明年春大饥，人相食。——康熙《辉县志》卷十八灾祥,辉县：大旱，蝗，明年春大饥，人相食。——康熙《辉县志》卷十八灾祥,,
1528,河南,,郏县,1528|河南|郏,明世宗嘉靖七年,无,《郏县志》,无,保留,"v1,v2,v3,v4,v5","v1,v2,v3,v4,v5",5,0.7143,是,,郏县：七年、十七年皆大饥，人相食。——顺治《郏县志》卷一灾祥,郏县：七年、十七年皆大饥，人相食。——顺治《郏县志》卷一灾祥,郏县：七年、十七年皆大饥，人相食。——顺治《郏县志》卷一灾祥,郏县：七年、十七年皆大饥，人相食。——顺治《郏县志》卷一灾祥,郏县：七年、十七年皆大饥，人相食。——顺治《郏县志》卷一灾祥,,
1528,陕西,,岐山县,1528|陕西|岐山,明世宗嘉靖七年,无,《重修岐山县志》,无,保留,"v1,v2,v3,v4,v5","v1,v2,v3,v4,v5",5,0.7143,是,,岐山县：大旱，斗米千钱，民相食。——万历《重修岐山县志》卷二灾祥,岐山县：大旱，斗米千钱，民相食。——万历《重修岐山县志》卷二灾祥,岐山县：大旱，斗米千钱，民相食。——万历《重修岐山县志》卷二灾祥,岐山县：大旱，斗米千钱，民相食。——万历《重修岐山县志》卷二灾祥,岐山县：大旱，斗米千钱，民相食。——万历《重修岐山县志》卷二灾祥,,
1528,河南,,镇平县,1528|河南|镇平,明世宗嘉靖七年,无,《镇平县志》,无,保留,"v1,v2,v3,v4,v5","v1,v2,v3,v4,v5",5,0.7143,是,,镇平县：大饥，人相食。——康熙《镇平县志》卷下灾祥,镇平县：大饥，人相食。——康熙《镇平县志》卷下灾祥,镇平县：大饥，人相食。——康熙《镇平县志》卷下灾祥,镇平县：大饥，人相食。——康熙《镇平县志》卷下灾祥,镇平县：大饥，人相食。——康熙《镇平县志》卷下灾祥,,
1528,陕西,,陕西,1528|陕西|陕西,明世宗嘉靖七年,无,《陕西通志》,无,保留,"v1,v2,v4,v5","v1,v2,v4,v5",4,0.5714,是,,陕西大旱，人相食，饿死无数。——嘉靖《陕西通志》卷四十灾祥,陕西大旱，人相食，饿死无数。——嘉靖《陕西通志》卷四十灾祥,,陕西大旱，人相食，饿死无数。——嘉靖《陕西通志》卷四十灾祥,陕西大旱，人相食，饿死无数。——嘉靖《陕西通志》卷四十灾祥,,
1528,河南,,鲁山县,1528|河南|鲁山,明世宗嘉靖七年,无,《鲁山县志》,无,保留,"v1,v2,v3,v4,v5","v1,v2,v3,v4,v5",5,0.7143,是,,鲁山县：七年、八年相继旱荒无收，民饥死者大半，活者相食，间有父子夫妻相残而不忍观者。至九年，麦大熟，每斗十三文。——嘉靖《鲁山县志》卷十灾祥。,鲁山县：七年、八年相继旱荒无收，民饥死者大半，活者相食，间有父子夫妻相残而不忍观者。至九年，麦大熟，每斗十三文。——嘉靖《鲁山县志》卷十灾祥。,鲁山县：七年、八年相继旱荒无收，民饥死者大半，活者相食，间有父子夫妻相残而不忍观者。至九年，麦大熟，每斗十三文。——嘉靖《鲁山县志》卷十灾祥。,鲁山县：七年、八年相继旱荒无收，民饥死者大半，活者相食，间有父子夫妻相残而不忍观者。至九年，麦大熟，每斗十三文。——嘉靖《鲁山县志》卷十灾祥,鲁山县：七年、八年相继旱荒无收，民饥死者大半，活者相食，间有父子夫妻相残而不忍观者。至九年，麦大熟，每斗十三文。——嘉靖《鲁山县志》卷十灾祥,,
1528,陕西,,临潼县,1528|陕西|临潼,明世宗嘉靖七年,无,临潼县志,无,需进一步分析,v7,v7,1,0.1667,否,"同类 record 存在于 v1,v2,v3,v4,v5,v7；本条仅存在于 v7；占比 16.7%",,,,,,,临潼县：旱，大饥，人相食。
1528,河南,,临颍县,1528|河南|临颍,明世宗嘉靖七年,无,临颍志,无,需进一步分析,v7,v7,1,0.1667,否,"同类 record 存在于 v1,v2,v3,v4,v5,v7；本条仅存在于 v7；占比 16.7%",,,,,,,临颍县：夏六月，大旱。冬大饥，民之流离者难以数计，是春尤甚，人相食。父老谓：比之成化二十年殆过之也。
1528,河南,,修武县,1528|河南|修武,明世宗嘉靖七年,无,修武县志,无,需进一步分析,v7,v7,1,0.1667,否,"同类 record 存在于 v1,v2,v3,v4,v5,v7；本条仅存在于 v7；占比 16.7%",,,,,,,修武县：春，饿，人相食。秋，蝗，结块如斗，自墙屋滚下，厨食遍满。
1528,河南,,内乡县,1528|河南|内乡,明世宗嘉靖七年,无,内乡县志,无,需进一步分析,v7,v7,1,0.1667,否,"同类 record 存在于 v1,v2,v3,v4,v5,v7；本条仅存在于 v7；占比 16.7%",,,,,,,内乡县：秋大旱，民多饥死，人相食。
1528,陕西,,凤翔县,1528|陕西|凤翔,明世宗嘉靖七年,无,凤翔县志,无,需进一步分析,v7,v7,1,0.1667,否,"同类 record 存在于 v1,v2,v3,v4,v5,v7；本条仅存在于 v7；占比 16.7%",,,,,,,凤翔县：大旱，斗米千钱，人相食。
1528,陕西,,南郑县,1528|陕西|南郑,明世宗嘉靖七年,无,南郑县志,无,需进一步分析,v7,v7,1,0.1667,否,"同类 record 存在于 v1,v2,v3,v4,v5,v7；本条仅存在于 v7；占比 16.7%",,,,,,,南郑县：大饥，人相食。
1528,河南,,汲县,1528|河南|汲,明世宗嘉靖七年,无,卫辉府志,无,需进一步分析,v7,v7,1,0.1667,否,"同类 record 存在于 v1,v2,v3,v4,v5,v7；本条仅存在于 v7；占比 16.7%",,,,,,,汲县：大旱，蝗。明年春大饥，人相食。
1528,陕西,,城固县,1528|陕西|城固,明世宗嘉靖七年,无,城固县志,无,需进一步分析,v7,v7,1,0.1667,否,"同类 record 存在于 v1,v2,v3,v4,v5,v7；本条仅存在于 v7；占比 16.7%",,,,,,,城固县：大饥，人相食。
1528,山东,,安丘县,1528|山东|安丘,明世宗嘉靖七年,无,安邱县志,无,需进一步分析,v7,v7,1,0.1667,否,"同类 record 存在于 v1,v2,v3,v4,v5,v7；本条仅存在于 v7；占比 16.7%",,,,,,,安丘县：春大蝗。饥，人相食，大疫。
1528,河南,,宜阳县,1528|河南|宜阳,明世宗嘉靖七年,无,宜阳县志,无,需进一步分析,v7,v7,1,0.1667,否,"同类 record 存在于 v1,v2,v3,v4,v5,v7；本条仅存在于 v7；占比 16.7%",,,,,,,宜阳县：大饥，人相食。
1528,河南,,嵩县,1528|河南|嵩,明世宗嘉靖七年,无,嵩县志,无,需进一步分析,v7,v7,1,0.1667,否,"同类 record 存在于 v1,v2,v3,v4,v5,v7；本条仅存在于 v7；占比 16.7%",,,,,,,嵩县：大饥，人相食。
1528,甘肃,,庆阳县,1528|甘肃|庆阳,明世宗嘉靖七年,无,庆阳府志,无,需进一步分析,v7,v7,1,0.1667,否,"同类 record 存在于 v1,v2,v3,v4,v5,v7；本条仅存在于 v7；占比 16.7%",,,,,,,庆阳县：旱，人相食。
1528,陕西,,扶风县,1528|陕西|扶风,明世宗嘉靖七年,无,扶风县志,无,需进一步分析,v7,v7,1,0.1667,否,"同类 record 存在于 v1,v2,v3,v4,v5,v7；本条仅存在于 v7；占比 16.7%",,,,,,,扶风县：大旱，斗米千钱，民相食。
1528,河南,,新安县,1528|河南|新安,明世宗嘉靖七年,无,新安县志,无,需进一步分析,v7,v7,1,0.1667,否,"同类 record 存在于 v1,v2,v3,v4,v5,v7；本条仅存在于 v7；占比 16.7%",,,,,,,新安县：大饥，人相食。
1528,山东,,昌乐县,1528|山东|昌乐,明世宗嘉靖七年,无,昌乐县志,无,需进一步分析,v7,v7,1,0.1667,否,"同类 record 存在于 v1,v2,v3,v4,v5,v7；本条仅存在于 v7；占比 16.7%",,,,,,,昌乐县：是年蝗。大饥，人相食。大疫。夏五月七日，大雨雹。
1528,河南,,武陟县,1528|河南|武陟,明世宗嘉靖七年,无,武陟县志,无,需进一步分析,v7,v7,1,0.1667,否,"同类 record 存在于 v1,v2,v3,v4,v5,v7；本条仅存在于 v7；占比 16.7%",,,,,,,武陟县：大饥，人相食，多蝗。
1528,河南,,孟津县,1528|河南|孟津,明世宗嘉靖七年,无,河南府志,无,需进一步分析,v7,v7,1,0.1667,否,"同类 record 存在于 v1,v2,v3,v4,v5,v7；本条仅存在于 v7；占比 16.7%",,,,,,,孟津县：大饥，人相食。
1528,陕西,,洋县,1528|陕西|洋,明世宗嘉靖七年,无,洋县志,无,需进一步分析,v7,v7,1,0.1667,否,"同类 record 存在于 v1,v2,v3,v4,v5,v7；本条仅存在于 v7；占比 16.7%",,,,,,,洋县：大饥，人相食。
1528,河南,,洛宁县,1528|河南|洛宁,明世宗嘉靖七年,无,洛宁县志,无,需进一步分析,v7,v7,1,0.1667,否,"同类 record 存在于 v1,v2,v3,v4,v5,v7；本条仅存在于 v7；占比 16.7%",,,,,,,洛宁县：大饥，人相食。
1528,陕西,,旬阳县,1528|陕西|旬阳,明世宗嘉靖七年,无,洵阳县志,无,需进一步分析,v7,v7,1,0.1667,否,"同类 record 存在于 v1,v2,v3,v4,v5,v7；本条仅存在于 v7；占比 16.7%",,,,,,,旬阳县：春大饥，人相食。
1528,河南,,浙川县,1528|河南|浙川,明世宗嘉靖七年,无,浙川县志,无,需进一步分析,v7,v7,1,0.1667,否,"同类 record 存在于 v1,v2,v3,v4,v5,v7；本条仅存在于 v7；占比 16.7%",,,,,,,浙川县：大饥，人相食。
1528,河南,,浚县,1528|河南|浚,明世宗嘉靖七年,无,浚县志,无,需进一步分析,v7,v7,1,0.1667,否,"同类 record 存在于 v1,v2,v3,v4,v5,v7；本条仅存在于 v7；占比 16.7%",,,,,,,浚县：岁大饥，人相食。
1528,甘肃,,环县,1528|甘肃|环,明世宗嘉靖七年,无,环县志,无,需进一步分析,v7,v7,1,0.1667,否,"同类 record 存在于 v1,v2,v3,v4,v5,v7；本条仅存在于 v7；占比 16.7%",,,,,,,环县：旱，人相食，米石四两。
1528,甘肃,,陇西县,1528|甘肃|陇西,明世宗嘉靖七年,无,甘肃通志,无,需进一步分析,v7,v7,1,0.1667,否,"同类 record 存在于 v1,v2,v3,v4,v5,v7；本条仅存在于 v7；占比 16.7%",,,,,,,陇西县：巩昌大旱，人相食。
1528,河南,,登封县,1528|河南|登封,明世宗嘉靖七年,无,登封县志,无,需进一步分析,v7,v7,1,0.1667,否,"同类 record 存在于 v1,v2,v3,v4,v5,v7；本条仅存在于 v7；占比 16.7%",,,,,,,登封县：旱，人相食。
1528,陕西,,白河县,1528|陕西|白河,明世宗嘉靖七年,无,白河县志,无,需进一步分析,v7,v7,1,0.1667,否,"同类 record 存在于 v1,v2,v3,v4,v5,v7；本条仅存在于 v7；占比 16.7%",,,,,,,白河县：春大饥，人相食。
1528,陕西,,绥德县,1528|陕西|绥德,明世宗嘉靖七年,无,绥德州直隶州志,无,需进一步分析,v7,v7,1,0.1667,否,"同类 record 存在于 v1,v2,v3,v4,v5,v7；本条仅存在于 v7；占比 16.7%",,,,,,,绥德县：夏冰（雹）。秋霜。八月，饥，人相食。
1528,河南,,方城县,1528|河南|方城,明世宗嘉靖七年,无,裕州志,无,需进一步分析,v7,v7,1,0.1667,否,"同类 record 存在于 v1,v2,v3,v4,v5,v7；本条仅存在于 v7；占比 16.7%",,,,,,,方城县：大旱。秋蝗害稼。民大饥，野多饿殍，乃相食。
1528,湖北,,宜城县,1528|湖北|宜城,明世宗嘉靖七年,无,襄阳府志,无,需进一步分析,v7,v7,1,0.1667,否,"同类 record 存在于 v1,v2,v3,v4,v5,v7；本条仅存在于 v7；占比 16.7%",,,,,,,宜城县：大旱，人相食。
1528,湖北,,枣阳县,1528|湖北|枣阳,明世宗嘉靖七年,无,襄阳府志,无,需进一步分析,v7,v7,1,0.1667,否,"同类 record 存在于 v1,v2,v3,v4,v5,v7；本条仅存在于 v7；占比 16.7%",,,,,,,枣阳县：秋蝗，大饥，人相食。
1528,河南,,辉县,1528|河南|辉,明世宗嘉靖七年,无,辉县志,无,需进一步分析,v7,v7,1,0.1667,否,"同类 record 存在于 v1,v2,v3,v4,v5,v7；本条仅存在于 v7；占比 16.7%",,,,,,,辉县：大旱，蝗，明年春大饥，人相食。
1528,河南,,郏县,1528|河南|郏,明世宗嘉靖七年,无,郏县志,无,需进一步分析,v7,v7,1,0.1667,否,"同类 record 存在于 v1,v2,v3,v4,v5,v7；本条仅存在于 v7；占比 16.7%",,,,,,,郏县：七年、十七年皆大饥，人相食。
1528,陕西,,岐山县,1528|陕西|岐山,明世宗嘉靖七年,无,重修岐山县志,无,需进一步分析,v7,v7,1,0.1667,否,"同类 record 存在于 v1,v2,v3,v4,v5,v7；本条仅存在于 v7；占比 16.7%",,,,,,,岐山县：大旱，斗米千钱，民相食。
1528,河南,,镇平县,1528|河南|镇平,明世宗嘉靖七年,无,镇平县志,无,需进一步分析,v7,v7,1,0.1667,否,"同类 record 存在于 v1,v2,v3,v4,v5,v7；本条仅存在于 v7；占比 16.7%",,,,,,,镇平县：大饥，人相食。
1528,河南,,鲁山县,1528|河南|鲁山,明世宗嘉靖七年,无,鲁山县志,无,需进一步分析,v7,v7,1,0.1667,否,"同类 record 存在于 v1,v2,v3,v4,v5,v7；本条仅存在于 v7；占比 16.7%",,,,,,,鲁山县：七年、八年相继旱荒无收，民饥死者大半，活者相食，间有父子夫妻相残而不忍观者。至九年，麦大熟，每斗十三文。
1529,山东,聊城市,东阿县,1529|山东|聊城|东阿,明世宗嘉靖八年,无,《东阿县志》,无,保留,"v1,v2,v3,v5,v6","v1,v2,v3,v5,v6",5,0.7143,是,,东阿县：春大饥，人相食。——道光《东阿县志》卷二十三祥异,东阿县：春大饥，人相食。——道光《东阿县志》卷二十三祥异,东阿县：春大饥，人相食。——道光《东阿县志》卷二十三祥异,,东阿县：春大饥，人相食。——道光《东阿县志》卷二十三祥异,东阿县：春大饥，人相食。——道光《东阿县志》卷二十三祥异,
1529,河北,邢台市,临城县,1529|河北|邢台|临城,明世宗嘉靖八年,无,《临城县志》,无,保留,"v1,v2,v3,v5,v6","v1,v2,v3,v5,v6",5,0.7143,是,,临城县：夏六月，蝗蝻食尽禾稼，民饥相食。——万历《临城县志》卷七纪事,临城县：夏六月，蝗蝻食尽禾稼，民饥相食。——万历《临城县志》卷七纪事,临城县：夏六月，蝗蝻食尽禾稼，民饥相食。——万历《临城县志》卷七纪事,,临城县：夏六月，蝗蝻食尽禾稼，民饥相食。——万历《临城县志》卷七纪事,临城县：夏六月，蝗蝻食尽禾稼，民饥相食。——万历《临城县志》卷七纪事,
1529,甘肃,定西市,临洮县,1529|甘肃|定西|临洮,明世宗嘉靖八年,临洮府,《临洮府志》,无,保留,"v1,v2,v3","v1,v2,v3",3,0.4286,是,,临洮县等：（临洮）府属皆大饥，人相食。——万历《临洮府志》卷二十二祥异,临洮县等：（临洮）府属皆大饥，人相食。——万历《临洮府志》卷二十二祥异,临洮县等：（临洮）府属皆大饥，人相食。——万历《临洮府志》卷二十二祥异,,,,
1529,河北,邯郸市,临漳县,1529|河北|邯郸|临漳,明世宗嘉靖八年,无,《临漳县志》,无,保留,"v1,v2,v3,v5,v6","v1,v2,v3,v5,v6",5,0.7143,是,,临漳县：大饥，人相食。——雍正《临漳县志》卷一灾祥,临漳县：大饥，人相食。——雍正《临漳县志》卷一灾祥,临漳县：大饥，人相食。——雍正《临漳县志》卷一灾祥,,临漳县：大饥，人相食。——雍正《临漳县志》卷一灾祥,临漳县：大饥，人相食。——雍正《临漳县志》卷一灾祥,
1529,河北,邢台市,内丘县,1529|河北|邢台|内丘,明世宗嘉靖八年,内邱县,《内邱县志》,无,保留,"v1,v2,v3,v5,v6","v1,v2,v3,v5,v6",5,0.7143,是,,内丘县：春大旱。秋大蝗，野无遗禾。饿殍枕藉于道路，人相食。——崇祯《内邱县志》变纪,内丘县：春大旱。秋大蝗，野无遗禾。饿殍枕藉于道路，人相食。——崇祯《内邱县志》变纪,内丘县：春大旱。秋大蝗，野无遗禾。饿殍枕藉于道路，人相食。——崇祯《内邱县志》变纪,,内丘县：春大旱。秋大蝗，野无遗禾。饿殍枕藉于道路，人相食。——崇祯《内邱县志》变纪,内丘县：春大旱。秋大蝗，野无遗禾。饿殍枕藉于道路，人相食。——崇祯《内邱县志》变纪,
1529,河北,石家庄市,井陉县,1529|河北|石家庄|井陉,明世宗嘉靖八年,无,《华北、东北近五百年旱涝史料》,无,保留,"v1,v3,v5,v6","v1,v3,v5,v6",4,0.5714,是,,井陉县：大旱，民饥相食。——《华北、东北近五百年旱涝史料》第二分册，第76页。,,井陉县：大旱，民饥相食。——《华北、东北近五百年旱涝史料》第二分册，第76页。,,井陉县：大旱，民饥相食。——《华北、东北近五百年旱涝史料》第二分册，第76页。,井陉县：大旱，民饥相食。——《华北、东北近五百年旱涝史料》第二分册，第76页。,
1529,湖北,襄阳市,宜城市,1529|湖北|襄阳|宜城,明世宗嘉靖八年,无,《宜城县志》,无,保留,"v1,v2,v3,v5,v6","v1,v2,v3,v5,v6",5,0.7143,是,,宜城县：旱，人相食。——康熙《宜城县志》卷三灾异,宜城县：旱，人相食。——康熙《宜城县志》卷三灾异,宜城县：旱，人相食。——康熙《宜城县志》卷三灾异,,宜城县：旱，人相食。——康熙《宜城县志》卷三灾异,宜城县：旱，人相食。——康熙《宜城县志》卷三灾异,
1529,河北,石家庄市,平山县,1529|河北|石家庄|平山,明世宗嘉靖八年,无,《平山县志》,无,保留,"v1,v2,v3,v5,v6","v1,v2,v3,v5,v6",5,0.7143,是,,平山县：七月，蝗飞蔽天，蛹生，食稼殆尽，民饥相食。——康熙《平山县志》卷一纪事,平山县：七月，蝗飞蔽天，蛹生，食稼殆尽，民饥相食。——康熙《平山县志》卷一纪事,平山县：七月，蝗飞蔽天，蛹生，食稼殆尽，民饥相食。——康熙《平山县志》卷一纪事,,平山县：七月，蝗飞蔽天，蛹生，食稼殆尽，民饥相食。——康熙《平山县志》卷一纪事,平山县：七月，蝗飞蔽天，蛹生，食稼殆尽，民饥相食。——康熙《平山县志》卷一纪事,
1529,河南,新乡市,延津县,1529|河南|新乡|延津,明世宗嘉靖八年,无,《延津志》,无,保留,"v1,v2,v3,v5,v6","v1,v2,v3,v5,v6",5,0.7143,是,,延津县：大饥，人相食。——嘉靖《延津志》祥异,延津县：大饥，人相食。——嘉靖《延津志》祥异,延津县：大饥，人相食。——嘉靖《延津志》祥异,,延津县：大饥，人相食。——嘉靖《延津志》祥异,延津县：大饥，人相食。——嘉靖《延津志》祥异,
1529,陕西,榆林市,榆林县,1529|陕西|榆林|榆林,明世宗嘉靖八年,无,《延绥镇志》,无,保留,"v1,v2,v3,v5,v6","v1,v2,v3,v5,v6",5,0.7143,是,,榆林县：大饥，人相食。——万历《延绥镇志》卷三灾异,榆林县：大饥，人相食。——万历《延绥镇志》卷三灾异,榆林县：大饥，人相食。——万历《延绥镇志》卷三灾异,,榆林县：大饥，人相食。——万历《延绥镇志》卷三灾异,榆林县：大饥，人相食。——万历《延绥镇志》卷三灾异,
1529,河南,新乡市,新乡市,1529|河南|新乡|新乡,明世宗嘉靖八年,新乡县,《新乡县续志》,无,保留,"v1,v2,v3,v5,v6","v1,v2,v3,v5,v6",5,0.7143,是,,新乡县：春，人相食。——康熙《新乡县续志》卷二灾异,新乡县：春，人相食。——康熙《新乡县续志》卷二灾异,新乡县：春，人相食。——康熙《新乡县续志》卷二灾异,,新乡县：春，人相食。——康熙《新乡县续志》卷二灾异,新乡县：春，人相食。——康熙《新乡县续志》卷二灾异,
1529,河南,新乡市,卫辉市,1529|河南|新乡|卫辉,明世宗嘉靖八年,汲县,《汲县志》,无,保留,"v1,v2,v3,v5,v6","v1,v2,v3,v5,v6",5,0.7143,是,,汲县：春，人相食。——康熙《汲县志》卷二叢祥,汲县：春，人相食。——康熙《汲县志》卷二叢祥,汲县：春，人相食。——康熙《汲县志》卷二叢祥,,汲县：春，人相食。——康熙《汲县志》卷二叢祥,汲县：春，人相食。——康熙《汲县志》卷二叢祥,
1529,甘肃,临夏,临夏县,1529|甘肃|临夏|临夏,明世宗嘉靖八年,河州,《河州志》,无,保留,"v1,v2,v3,v5,v6","v1,v2,v3,v5,v6",5,0.7143,是,,临夏县：岁遭大荒，市籴每斗七千，人相食，城池四野积死无数。——嘉靖《河州志》卷一灾异,临夏县：岁遭大荒，市籴每斗七千，人相食，城池四野积死无数。——嘉靖《河州志》卷一灾异,临夏县：岁遭大荒，市籴每斗七千，人相食，城池四野积死无数。——嘉靖《河州志》卷一灾异,,临夏县：岁遭大荒，市籴每斗七千，人相食，城池四野积死无数。——嘉靖《河州志》卷一灾异,临夏县：岁遭大荒，市籴每斗七千，人相食，城池四野积死无数。——嘉靖《河州志》卷一灾异,
1529,河北,邯郸市,涉县,1529|河北|邯郸|涉,明世宗嘉靖八年,无,《涉县志》,无,保留,"v1,v2,v3,v5,v6","v1,v2,v3,v5,v6",5,0.7143,是,,涉县：大饥，人相食。——顺治《涉县志》卷七灾变,涉县：大饥，人相食。——顺治《涉县志》卷七灾变,涉县：大饥，人相食。——顺治《涉县志》卷七灾变,,涉县：大饥，人相食。——顺治《涉县志》卷七灾变,涉县：大饥，人相食。——顺治《涉县志》卷七灾变,
1529,河南,鹤壁市,淇县,1529|河南|鹤壁|淇,明世宗嘉靖八年,无,《淇县志》,无,保留,"v1,v2,v3,v5,v6","v1,v2,v3,v5,v6",5,0.7143,是,,淇县：七月，淇境大蝗，秋禾食尽。民大饥，人相食。九月、十月俱霖雨，卫河、淇水俱泛滥，山水亦横流，淹没民禾，淤东南之境。——嘉靖《淇县志》卷四祥异,淇县：七月，淇境大蝗，秋禾食尽。民大饥，人相食。九月、十月俱霖雨，卫河、淇水俱泛滥，山水亦横流，淹没民禾，淤东南之境。——嘉靖《淇县志》卷四祥异,淇县：七月，淇境大蝗，秋禾食尽。民大饥，人相食。九月、十月俱霖雨，卫河、淇水俱泛滥，山水亦横流，淹没民禾，淤东南之境。——嘉靖《淇县志》卷四祥异,,淇县：七月，淇境大蝗，秋禾食尽。民大饥，人相食。九月、十月俱霖雨，卫河、淇水俱泛滥，山水亦横流，淹没民禾，淤东南之境。——嘉靖《淇县志》卷四祥异,淇县：七月，淇境大蝗，秋禾食尽。民大饥，人相食。九月、十月俱霖雨，卫河、淇水俱泛滥，山水亦横流，淹没民禾，淤东南之境。——嘉靖《淇县志》卷四祥异,
1529,河北,衡水市,深州市,1529|河北|衡水|深,明世宗嘉靖八年,深县,《深州直隶州志》,无,保留,"v1,v2,v3,v5,v6","v1,v2,v3,v5,v6",5,0.7143,是,,深县：（六月）大旱，蝗蝻食禾稼。八月，陨霜杀谷，民大饥，人相食。诏煮粥赈恤。——道光《深州直隶州志》卷末 檄祥,深县：（六月）大旱，蝗蝻食禾稼。八月，陨霜杀谷，民大饥，人相食。诏煮粥赈恤。——道光《深州直隶州志》卷末 檄祥,深县：（六月）大旱，蝗蝻食禾稼。八月，陨霜杀谷，民大饥，人相食。诏煮粥赈恤。——道光《深州直隶州志》卷末 檄祥,,深县：（六月）大旱，蝗蝻食禾稼。八月，陨霜杀谷，民大饥，人相食。诏煮粥赈恤。——道光《深州直隶州志》卷末 檄祥,深县：（六月）大旱，蝗蝻食禾稼。八月，陨霜杀谷，民大饥，人相食。诏煮粥赈恤。——道光《深州直隶州志》卷末 檄祥,
1529,河北,石家庄市,井陉县,1529|河北|石家庄|井陉,明世宗嘉靖八年,无,《真定府志》,无,需进一步分析,v2,v2,1,0.1667,否,"同类 record 存在于 v1,v2,v3,v5,v6,v7；本条仅存在于 v2；占比 16.7%",,井陉县：大旱，民饥相食。——《华北、东北近五百年旱涝史料》第二分册，第76页。,,,,,
1529,河北,邢台,临城县,1529|河北|邢台|临城,明世宗嘉靖八年,无,《真定府志》,无,需校验地区信息,"v3,v5,v6","v3,v5,v6",3,0.4286,是,同年同省同来源同 record，但地区名存在近似异写或明显异体，需校验地区信息,,,夏六月，深州、宁晋、井陉等县大旱，蝗蝻食尽禾稼，民饥相食，诏作粥赈恤之。时深州、井陉、临城、隆平、灵寿、平山、赞皇、无极等处斗米百十钱，采草木皮叶而食之。后，人自相食，父食子、夫食妻者不可胜计。——嘉靖《真定府志》卷九纪事,,夏六月，深州、宁晋、井陉等县大旱，蝗蝻食尽禾稼，民饥相食，诏作粥赈恤之。时深州、井陉、临城、隆平、灵寿、平山、赞皇、无极等处斗米百十钱，采草木皮叶而食之。后，人自相食，父食子、夫食妻者不可胜计。——嘉靖《真定府志》卷九纪事,夏六月，深州、宁晋、井陉等县大旱，蝗蝻食尽禾稼，民饥相食，诏作粥赈恤之。时深州、井陉、临城、隆平、灵寿、平山、赞皇、无极等处斗米百十钱，采草木皮叶而食之。后，人自相食，父食子、夫食妻者不可胜计。——嘉靖《真定府志》卷九纪事,
1529,河北,石家庄,井陉县,1529|河北|石家庄|井陉,明世宗嘉靖八年,无,《真定府志》,无,需校验地区信息,"v3,v5,v6","v3,v5,v6",3,0.4286,是,同年同省同来源同 record，但地区名存在近似异写或明显异体，需校验地区信息,,,夏六月，深州、宁晋、井陉等县大旱，蝗蝻食尽禾稼，民饥相食，诏作粥赈恤之。时深州、井陉、临城、隆平、灵寿、平山、赞皇、无极等处斗米百十钱，采草木皮叶而食之。后，人自相食，父食子、夫食妻者不可胜计。——嘉靖《真定府志》卷九纪事,,夏六月，深州、宁晋、井陉等县大旱，蝗蝻食尽禾稼，民饥相食，诏作粥赈恤之。时深州、井陉、临城、隆平、灵寿、平山、赞皇、无极等处斗米百十钱，采草木皮叶而食之。后，人自相食，父食子、夫食妻者不可胜计。——嘉靖《真定府志》卷九纪事,夏六月，深州、宁晋、井陉等县大旱，蝗蝻食尽禾稼，民饥相食，诏作粥赈恤之。时深州、井陉、临城、隆平、灵寿、平山、赞皇、无极等处斗米百十钱，采草木皮叶而食之。后，人自相食，父食子、夫食妻者不可胜计。——嘉靖《真定府志》卷九纪事,
1529,河北,邢台,宁晋县,1529|河北|邢台|宁晋,明世宗嘉靖八年,无,《真定府志》,无,需校验地区信息,"v3,v5,v6","v3,v5,v6",3,0.4286,是,同年同省同来源同 record，但地区名存在近似异写或明显异体，需校验地区信息,,,夏六月，深州、宁晋、井陉等县大旱，蝗蝻食尽禾稼，民饥相食，诏作粥赈恤之。时深州、井陉、临城、隆平、灵寿、平山、赞皇、无极等处斗米百十钱，采草木皮叶而食之。后，人自相食，父食子、夫食妻者不可胜计。——嘉靖《真定府志》卷九纪事,,夏六月，深州、宁晋、井陉等县大旱，蝗蝻食尽禾稼，民饥相食，诏作粥赈恤之。时深州、井陉、临城、隆平、灵寿、平山、赞皇、无极等处斗米百十钱，采草木皮叶而食之。后，人自相食，父食子、夫食妻者不可胜计。——嘉靖《真定府志》卷九纪事,夏六月，深州、宁晋、井陉等县大旱，蝗蝻食尽禾稼，民饥相食，诏作粥赈恤之。时深州、井陉、临城、隆平、灵寿、平山、赞皇、无极等处斗米百十钱，采草木皮叶而食之。后，人自相食，父食子、夫食妻者不可胜计。——嘉靖《真定府志》卷九纪事,
1529,河北,石家庄,平山县,1529|河北|石家庄|平山,明世宗嘉靖八年,无,《真定府志》,无,需校验地区信息,"v3,v5,v6","v3,v5,v6",3,0.4286,是,同年同省同来源同 record，但地区名存在近似异写或明显异体，需校验地区信息,,,夏六月，深州、宁晋、井陉等县大旱，蝗蝻食尽禾稼，民饥相食，诏作粥赈恤之。时深州、井陉、临城、隆平、灵寿、平山、赞皇、无极等处斗米百十钱，采草木皮叶而食之。后，人自相食，父食子、夫食妻者不可胜计。——嘉靖《真定府志》卷九纪事,,夏六月，深州、宁晋、井陉等县大旱，蝗蝻食尽禾稼，民饥相食，诏作粥赈恤之。时深州、井陉、临城、隆平、灵寿、平山、赞皇、无极等处斗米百十钱，采草木皮叶而食之。后，人自相食，父食子、夫食妻者不可胜计。——嘉靖《真定府志》卷九纪事,夏六月，深州、宁晋、井陉等县大旱，蝗蝻食尽禾稼，民饥相食，诏作粥赈恤之。时深州、井陉、临城、隆平、灵寿、平山、赞皇、无极等处斗米百十钱，采草木皮叶而食之。后，人自相食，父食子、夫食妻者不可胜计。——嘉靖《真定府志》卷九纪事,
1529,河北,石家庄,无极县,1529|河北|石家庄|无极,明世宗嘉靖八年,无,《真定府志》,无,需校验地区信息,"v3,v5,v6","v3,v5,v6",3,0.4286,是,同年同省同来源同 record，但地区名存在近似异写或明显异体，需校验地区信息,,,夏六月，深州、宁晋、井陉等县大旱，蝗蝻食尽禾稼，民饥相食，诏作粥赈恤之。时深州、井陉、临城、隆平、灵寿、平山、赞皇、无极等处斗米百十钱，采草木皮叶而食之。后，人自相食，父食子、夫食妻者不可胜计。——嘉靖《真定府志》卷九纪事,,夏六月，深州、宁晋、井陉等县大旱，蝗蝻食尽禾稼，民饥相食，诏作粥赈恤之。时深州、井陉、临城、隆平、灵寿、平山、赞皇、无极等处斗米百十钱，采草木皮叶而食之。后，人自相食，父食子、夫食妻者不可胜计。——嘉靖《真定府志》卷九纪事,夏六月，深州、宁晋、井陉等县大旱，蝗蝻食尽禾稼，民饥相食，诏作粥赈恤之。时深州、井陉、临城、隆平、灵寿、平山、赞皇、无极等处斗米百十钱，采草木皮叶而食之。后，人自相食，父食子、夫食妻者不可胜计。——嘉靖《真定府志》卷九纪事,
1529,河北,衡水市,深州市,1529|河北|衡水|深,明世宗嘉靖八年,深州,《真定府志》,无,需校验地区信息,"v1,v2,v3,v5,v6","v1,v2,v3,v5,v6",5,0.7143,是,同年同省同来源同 record，但地区名存在近似异写或明显异体，需校验地区信息,夏六月，深州、宁晋、井陉等县大旱，蝗蝻食尽禾稼，民饥相食，诏作粥赈恤之。时深州、井陉、临城、隆平、灵寿、平山、赞皇、无极等处斗米百十钱，采草木皮叶而食之。后，人自相食，父食子、夫食妻者不可胜计。——嘉靖《真定府志》卷九纪事,夏六月，深州、宁晋、井陉等县大旱，蝗蝻食尽禾稼，民饥相食，诏作粥赈恤之。时深州、井陉、临城、隆平、灵寿、平山、赞皇、无极等处斗米百十钱，采草木皮叶而食之。后，人自相食，父食子、夫食妻者不可胜计。——嘉靖《真定府志》卷九纪事,夏六月，深州、宁晋、井陉等县大旱，蝗蝻食尽禾稼，民饥相食，诏作粥赈恤之。时深州、井陉、临城、隆平、灵寿、平山、赞皇、无极等处斗米百十钱，采草木皮叶而食之。后，人自相食，父食子、夫食妻者不可胜计。——嘉靖《真定府志》卷九纪事,,夏六月，深州、宁晋、井陉等县大旱，蝗蝻食尽禾稼，民饥相食，诏作粥赈恤之。时深州、井陉、临城、隆平、灵寿、平山、赞皇、无极等处斗米百十钱，采草木皮叶而食之。后，人自相食，父食子、夫食妻者不可胜计。——嘉靖《真定府志》卷九纪事,夏六月，深州、宁晋、井陉等县大旱，蝗蝻食尽禾稼，民饥相食，诏作粥赈恤之。时深州、井陉、临城、隆平、灵寿、平山、赞皇、无极等处斗米百十钱，采草木皮叶而食之。后，人自相食，父食子、夫食妻者不可胜计。——嘉靖《真定府志》卷九纪事,
1529,河北,石家庄,灵寿县,1529|河北|石家庄|灵寿,明世宗嘉靖八年,无,《真定府志》,无,需校验地区信息,"v3,v5,v6","v3,v5,v6",3,0.4286,是,同年同省同来源同 record，但地区名存在近似异写或明显异体，需校验地区信息,,,夏六月，深州、宁晋、井陉等县大旱，蝗蝻食尽禾稼，民饥相食，诏作粥赈恤之。时深州、井陉、临城、隆平、灵寿、平山、赞皇、无极等处斗米百十钱，采草木皮叶而食之。后，人自相食，父食子、夫食妻者不可胜计。——嘉靖《真定府志》卷九纪事,,夏六月，深州、宁晋、井陉等县大旱，蝗蝻食尽禾稼，民饥相食，诏作粥赈恤之。时深州、井陉、临城、隆平、灵寿、平山、赞皇、无极等处斗米百十钱，采草木皮叶而食之。后，人自相食，父食子、夫食妻者不可胜计。——嘉靖《真定府志》卷九纪事,夏六月，深州、宁晋、井陉等县大旱，蝗蝻食尽禾稼，民饥相食，诏作粥赈恤之。时深州、井陉、临城、隆平、灵寿、平山、赞皇、无极等处斗米百十钱，采草木皮叶而食之。后，人自相食，父食子、夫食妻者不可胜计。——嘉靖《真定府志》卷九纪事,
1529,河北,石家庄,赞皇县,1529|河北|石家庄|赞皇,明世宗嘉靖八年,无,《真定府志》,无,需校验地区信息,"v3,v5,v6","v3,v5,v6",3,0.4286,是,同年同省同来源同 record，但地区名存在近似异写或明显异体，需校验地区信息,,,夏六月，深州、宁晋、井陉等县大旱，蝗蝻食尽禾稼，民饥相食，诏作粥赈恤之。时深州、井陉、临城、隆平、灵寿、平山、赞皇、无极等处斗米百十钱，采草木皮叶而食之。后，人自相食，父食子、夫食妻者不可胜计。——嘉靖《真定府志》卷九纪事,,夏六月，深州、宁晋、井陉等县大旱，蝗蝻食尽禾稼，民饥相食，诏作粥赈恤之。时深州、井陉、临城、隆平、灵寿、平山、赞皇、无极等处斗米百十钱，采草木皮叶而食之。后，人自相食，父食子、夫食妻者不可胜计。——嘉靖《真定府志》卷九纪事,夏六月，深州、宁晋、井陉等县大旱，蝗蝻食尽禾稼，民饥相食，诏作粥赈恤之。时深州、井陉、临城、隆平、灵寿、平山、赞皇、无极等处斗米百十钱，采草木皮叶而食之。后，人自相食，父食子、夫食妻者不可胜计。——嘉靖《真定府志》卷九纪事,
1529,河北,邢台,隆尧,1529|河北|邢台|隆尧,明世宗嘉靖八年,隆平,《真定府志》,无,需校验地区信息,v6,v6,1,0.1429,是,同年同省同来源同 record，但地区名存在近似异写或明显异体，需校验地区信息,,,,,,夏六月，深州、宁晋、井陉等县大旱，蝗蝻食尽禾稼，民饥相食，诏作粥赈恤之。时深州、井陉、临城、隆平、灵寿、平山、赞皇、无极等处斗米百十钱，采草木皮叶而食之。后，人自相食，父食子、夫食妻者不可胜计。——嘉靖《真定府志》卷九纪事,
1529,河北,邢台,隆平县,1529|河北|邢台|隆平,明世宗嘉靖八年,无,《真定府志》,无,需校验地区信息,"v3,v5","v3,v5",2,0.2857,是,同年同省同来源同 record，但地区名存在近似异写或明显异体，需校验地区信息,,,夏六月，深州、宁晋、井陉等县大旱，蝗蝻食尽禾稼，民饥相食，诏作粥赈恤之。时深州、井陉、临城、隆平、灵寿、平山、赞皇、无极等处斗米百十钱，采草木皮叶而食之。后，人自相食，父食子、夫食妻者不可胜计。——嘉靖《真定府志》卷九纪事,,夏六月，深州、宁晋、井陉等县大旱，蝗蝻食尽禾稼，民饥相食，诏作粥赈恤之。时深州、井陉、临城、隆平、灵寿、平山、赞皇、无极等处斗米百十钱，采草木皮叶而食之。后，人自相食，父食子、夫食妻者不可胜计。——嘉靖《真定府志》卷九纪事,,
1529,陕西,榆林市,绥德县,1529|陕西|榆林|绥德,明世宗嘉靖八年,无,《绥德州志》,无,保留,"v1,v2,v3,v5,v6","v1,v2,v3,v5,v6",5,0.7143,是,,绥德县：大饥，人相食。——顺治《绥德州志》卷一灾祥,绥德县：大饥，人相食。——顺治《绥德州志》卷一灾祥,绥德县：大饥，人相食。——顺治《绥德州志》卷一灾祥,,绥德县：大饥，人相食。——顺治《绥德州志》卷一灾祥,绥德县：大饥，人相食。——顺治《绥德州志》卷一灾祥,
1529,山东,聊城市,阳谷县,1529|山东|聊城|阳谷,明世宗嘉靖八年,无,《胶州直隶州乡土志》,无,保留,"v1,v2,v3,v5,v6","v1,v2,v3,v5,v6",5,0.7143,是,,阳谷县：春饥，人相食。县令发粟赈济，贫民争食，自相踏，死者千余人，——光绪《胶州直隶州乡土志》,阳谷县：春饥，人相食。县令发粟赈济，贫民争食，自相踏，死者千余人，——光绪《胶州直隶州乡土志》,阳谷县：春饥，人相食。县令发粟赈济，贫民争食，自相踏，死者千余人，——光绪《胶州直隶州乡土志》,,阳谷县：春饥，人相食。县令发粟赈济，贫民争食，自相踏，死者千余人，——光绪《胶州直隶州乡土志》,阳谷县：春饥，人相食。县令发粟赈济，贫民争食，自相踏，死者千余人，——光绪《胶州直隶州乡土志》,
1529,河南,郑州市,荥阳市,1529|河南|郑|荥阳,明世宗嘉靖八年,荥阳县,《荥阳县志》,无,保留,"v1,v2,v3,v5,v6","v1,v2,v3,v5,v6",5,0.7143,是,,荥阳县：春大饥，人相食。麦生双穗。——康熙《荥阳县志》卷一灾祥,荥阳县：春大饥，人相食。麦生双穗。——康熙《荥阳县志》卷一灾祥,荥阳县：春大饥，人相食。麦生双穗。——康熙《荥阳县志》卷一灾祥,,荥阳县：春大饥，人相食。麦生双穗。——康熙《荥阳县志》卷一灾祥,荥阳县：春大饥，人相食。麦生双穗。——康熙《荥阳县志》卷一灾祥,
1529,河北,邢台市,宁晋县,1529|河北|邢台|宁晋,明世宗嘉靖八年,无,《赵州志》,无,保留,"v1,v2,v3,v5,v6","v1,v2,v3,v5,v6",5,0.7143,是,,宁晋县：夏六月，宁晋大旱，蝗蝻食尽禾稼。大饥，民相食，诏作粥赈恤之。——隆庆《赵州志》卷九灾祥,宁晋县：夏六月，宁晋大旱，蝗蝻食尽禾稼。大饥，民相食，诏作粥赈恤之。——隆庆《赵州志》卷九灾祥,宁晋县：夏六月，宁晋大旱，蝗蝻食尽禾稼。大饥，民相食，诏作粥赈恤之。——隆庆《赵州志》卷九灾祥,,宁晋县：夏六月，宁晋大旱，蝗蝻食尽禾稼。大饥，民相食，诏作粥赈恤之。——隆庆《赵州志》卷九灾祥,宁晋县：夏六月，宁晋大旱，蝗蝻食尽禾稼。大饥，民相食，诏作粥赈恤之。——隆庆《赵州志》卷九灾祥,
1529,河北,邯郸市,邯郸市,1529|河北|邯郸|邯郸,明世宗嘉靖八年,邯郸县,《邯郸县志》,无,保留,"v1,v2,v3,v5,v6","v1,v2,v3,v5,v6",5,0.7143,是,,邯郸县：大蝗蔽天，岁又大饥，人相食。——康熙《邯郸县志》卷十灾异,邯郸县：大蝗蔽天，岁又大饥，人相食。——康熙《邯郸县志》卷十灾异,邯郸县：大蝗蔽天，岁又大饥，人相食。——康熙《邯郸县志》卷十灾异,,邯郸县：大蝗蔽天，岁又大饥，人相食。——康熙《邯郸县志》卷十灾异,邯郸县：大蝗蔽天，岁又大饥，人相食。——康熙《邯郸县志》卷十灾异,
1529,陕西,延安市,延安市,1529|陕西|延安|延安,明世宗嘉靖八年,延安府,《重修延安府志》,无,保留,"v1,v2,v3,v5,v6","v1,v2,v3,v5,v6",5,0.7143,是,,延安市：蝗飞蔽日，大饥，人相食。——嘉庆《重修延安府志》卷五大事表,延安市：蝗飞蔽日，大饥，人相食。——嘉庆《重修延安府志》卷五大事表,延安市：蝗飞蔽日，大饥，人相食。——嘉庆《重修延安府志》卷五大事表,,延安市：蝗飞蔽日，大饥，人相食。——嘉庆《重修延安府志》卷五大事表,延安市：蝗飞蔽日，大饥，人相食。——嘉庆《重修延安府志》卷五大事表,
1529,河南,新乡市,原阳县,1529|河南|新乡|原阳,明世宗嘉靖八年,阳武县,《阳武县志》,无,保留,"v1,v2,v3,v5,v6","v1,v2,v3,v5,v6",5,0.7143,是,,原阳县：春饥，饿殍相望，人相食。赈。——康熙《阳武县志》卷八灾祥,原阳县：春饥，饿殍相望，人相食。赈。——康熙《阳武县志》卷八灾祥,原阳县：春饥，饿殍相望，人相食。赈。——康熙《阳武县志》卷八灾祥,,原阳县：春饥，饿殍相望，人相食。赈。——康熙《阳武县志》卷八灾祥,原阳县：春饥，饿殍相望，人相食。赈。——康熙《阳武县志》卷八灾祥,
1529,河北,邢台市,隆尧县,1529|河北|邢台|隆尧,明世宗嘉靖八年,隆平县,《隆平县志》,无,保留,"v1,v2,v3,v5,v6","v1,v2,v3,v5,v6",5,0.7143,是,,隆尧县：大旱，蝗蝻食尽田禾。民饥相食，诏作粥赈之。——崇祯《隆平县志》卷八灾异,隆尧县：大旱，蝗蝻食尽田禾。民饥相食，诏作粥赈之。——崇祯《隆平县志》卷八灾异,隆尧县：大旱，蝗蝻食尽田禾。民饥相食，诏作粥赈之。——崇祯《隆平县志》卷八灾异,,隆尧县：大旱，蝗蝻食尽田禾。民饥相食，诏作粥赈之。——崇祯《隆平县志》卷八灾异,隆尧县：大旱，蝗蝻食尽田禾。民饥相食，诏作粥赈之。——崇祯《隆平县志》卷八灾异,
1529,河北,,临城县,1529|河北|临城,明世宗嘉靖八年,无,临城县志,无,保留,v7,v7,1,0.1429,是,,,,,,,,临城县：夏六月，蝗蝻食尽禾稼，民饥相食。——万历《临城县志》卷七纪事
1529,河北,,临漳县,1529|河北|临漳,明世宗嘉靖八年,无,临漳县志,无,保留,v7,v7,1,0.1429,是,,,,,,,,临漳县：大饥，人相食。——雍正《临漳县志》卷一灾祥
1529,河北,,内丘县,1529|河北|内丘,明世宗嘉靖八年,无,内邱县志,无,保留,v7,v7,1,0.1429,是,,,,,,,,内丘县：春大旱。秋大蝗，野无遗禾。饿殍枕藉于道路，人相食。——崇祯《内邱县志》变纪
1529,河北,,井陉县,1529|河北|井陉,明世宗嘉靖八年,无,华北、东北近五百年旱涝史料,无,保留,v7,v7,1,0.1429,是,,,,,,,,井陉县：大旱，民饥相食。——《华北、东北近五百年旱涝史料》第二分册，第76页。
1529,湖北,,宜城县,1529|湖北|宜城,明世宗嘉靖八年,无,宜城县志,无,保留,v7,v7,1,0.1429,是,,,,,,,,宜城县：旱，人相食。——康熙《宜城县志》卷三灾异
1529,河北,,平山县,1529|河北|平山,明世宗嘉靖八年,无,平山县志,无,保留,v7,v7,1,0.1429,是,,,,,,,,平山县：七月，蝗飞蔽天，蛹生，食稼殆尽，民饥相食。——康熙《平山县志》卷一纪事
1529,河南,,延津县,1529|河南|延津,明世宗嘉靖八年,无,延津志,无,保留,v7,v7,1,0.1429,是,,,,,,,,延津县：大饥，人相食。——嘉靖《延津志》祥异
1529,陕西,,榆林县,1529|陕西|榆林,明世宗嘉靖八年,无,延绥镇志,无,保留,v7,v7,1,0.1429,是,,,,,,,,榆林县：大饥，人相食。——万历《延绥镇志》卷三灾异
1529,河南,,新乡县,1529|河南|新乡,明世宗嘉靖八年,无,新乡县续志,无,保留,v7,v7,1,0.1429,是,,,,,,,,新乡县：春，人相食。——康熙《新乡县续志》卷二灾异
1529,河南,,汲县,1529|河南|汲,明世宗嘉靖八年,无,汲县志,无,保留,v7,v7,1,0.1429,是,,,,,,,,汲县：春，人相食。——康熙《汲县志》卷二叢祥
1529,甘肃,,临夏县,1529|甘肃|临夏,明世宗嘉靖八年,无,河州志,无,保留,v7,v7,1,0.1429,是,,,,,,,,临夏县：岁遭大荒，市籴每斗七千，人相食，城池四野积死无数。——嘉靖《河州志》卷一灾异
1529,河北,,涉县,1529|河北|涉,明世宗嘉靖八年,无,涉县志,无,保留,v7,v7,1,0.1429,是,,,,,,,,涉县：大饥，人相食。——顺治《涉县志》卷七灾变
1529,河南,,淇县,1529|河南|淇,明世宗嘉靖八年,无,淇县志,无,保留,v7,v7,1,0.1429,是,,,,,,,,淇县：七月，淇境大蝗，秋禾食尽。民大饥，人相食。九月、十月俱霖雨，卫河、淇水俱泛滥，山水亦横流，淹没民禾，淤东南之境。——嘉靖《淇县志》卷四祥异
1529,河北,,深县,1529|河北|深,明世宗嘉靖八年,无,深州直隶州志,无,保留,v7,v7,1,0.1429,是,,,,,,,,深县：（六月）大旱，蝗蝻食禾稼。八月，陨霜杀谷，民大饥，人相食。诏煮粥赈恤。——道光《深州直隶州志》卷末 檄祥
1529,陕西,,绥德县,1529|陕西|绥德,明世宗嘉靖八年,无,绥德州志,无,保留,v7,v7,1,0.1429,是,,,,,,,,绥德县：大饥，人相食。——顺治《绥德州志》卷一灾祥
1529,河南,,荥阳县,1529|河南|荥阳,明世宗嘉靖八年,无,荥阳县志,无,保留,v7,v7,1,0.1429,是,,,,,,,,荥阳县：春大饥，人相食。麦生双穗。——康熙《荥阳县志》卷一灾祥
1529,河北,,宁晋县,1529|河北|宁晋,明世宗嘉靖八年,无,赵州志,无,保留,v7,v7,1,0.1429,是,,,,,,,,宁晋县：夏六月，宁晋大旱，蝗蝻食尽禾稼。大饥，民相食，诏作粥赈恤之。——隆庆《赵州志》卷九灾祥
1529,河北,,邯郸县,1529|河北|邯郸,明世宗嘉靖八年,无,邯郸县志,无,保留,v7,v7,1,0.1429,是,,,,,,,,邯郸县：大蝗蔽天，岁又大饥，人相食。——康熙《邯郸县志》卷十灾异
1529,陕西,,延安市,1529|陕西|延安,明世宗嘉靖八年,无,重修延安府志,无,保留,v7,v7,1,0.1429,是,,,,,,,,延安市：蝗飞蔽日，大饥，人相食。——嘉庆《重修延安府志》卷五大事表
1529,河南,,原阳县,1529|河南|原阳,明世宗嘉靖八年,无,阳武县志,无,保留,v7,v7,1,0.1429,是,,,,,,,,原阳县：春饥，饿殍相望，人相食。赈。——康熙《阳武县志》卷八灾祥
1529,河北,,隆尧县,1529|河北|隆尧,明世宗嘉靖八年,隆平,隆平县志,古地名识别：隆平县后改为隆尧县,保留,v7,v7,1,0.1429,是,,,,,,,,隆尧县：大旱，蝗蝻食尽田禾。民饥相食，诏作粥赈之。——崇祯《隆平县志》卷八灾异
1530,河北,,赞皇县,1530|河北|赞皇,明世宗嘉靖九年,无,《赞皇县志》,原文作'（戕）食生者'，疑有文字不确定性,保留,"v3,v4,v6","v3,v4,v6",3,0.4286,是,,,,河北：赞皇县：春大疫。斗米八九十钱，民多赴食河南，饥死者遍田野，有司赈济不及，始而人食死者，继而（戕）食生者，言之至今忆然。是岁秋庆大有，斗米三十文千，豆十余文钱，民始得生。——康熙《赞皇县志》卷九祥异,河北：赞皇县：春大疫。斗米八九十钱，民多赴食河南，饥死者遍田野，有司赈济不及，始而人食死者，继而（戕）食生者，言之至今忆然。是岁秋庆大有，斗米三十文千，豆十余文钱，民始得生。——康熙《赞皇县志》卷九祥异,,河北：赞皇县：春大疫。斗米八九十钱，民多赴食河南，饥死者遍田野，有司赈济不及，始而人食死者，继而（戕）食生者，言之至今忆然。是岁秋庆大有，斗米三十文千，豆十余文钱，民始得生。——康熙《赞皇县志》卷九祥异,
1530,河北,,赞皇县,1530|河北|赞皇,明世宗嘉靖九年,无,《赞皇县志》,无,保留,"v1,v2,v5,v7","v1,v2,v5,v7",4,0.5714,是,,赞皇县：春大疫。斗米八九十钱，民多赴食河南，饥死者遍田野，有司赈济不及，始而人食死者，继而（戕）食生者，言之至今忆然。是岁秋庆大有，斗米三十文千，豆十余文钱，民始得生。——康熙《赞皇县志》卷九祥异,赞皇县：春大疫。斗米八九十钱，民多赴食河南，饥死者遍田野，有司赈济不及，始而人食死者，继而（戕）食生者，言之至今忆然。是岁秋庆大有，斗米三十文千，豆十余文钱，民始得生。——康熙《赞皇县志》卷九祥异,,,赞皇县：春大疫。斗米八九十钱，民多赴食河南，饥死者遍田野，有司赈济不及，始而人食死者，继而（戕）食生者，言之至今忆然。是岁秋庆大有，斗米三十文千，豆十余文钱，民始得生。——康熙《赞皇县志》卷九祥异,,赞皇县：春大疫。斗米八九十钱，民多赴食河南，饥死者遍田野，有司赈济不及，始而人食死者，继而（戕）食生者，言之至今忆然。是岁秋庆大有，斗米三十文千，豆十余文钱，民始得生。——康熙《赞皇县志》卷九祥异
1531,山西,,怀仁县,1531|山西|怀仁,明世宗嘉靖十年,无,《华北、东北近五百年旱涝史料》,无,保留,"v1,v2,v3,v4,v7","v1,v2,v3,v4,v7",5,0.7143,是,,怀仁县：大饥，人相食。——《华北、东北近五百年旱涝史料》第五分册，第3页。,怀仁县：大饥，人相食。——《华北、东北近五百年旱涝史料》第五分册，第3页。,怀仁县：大饥，人相食。——《华北、东北近五百年旱涝史料》第五分册，第3页。,怀仁县：大饥，人相食。——《华北、东北近五百年旱涝史料》第五分册，第3页。,,,怀仁县：大饥，人相食。——《华北、东北近五百年旱涝史料》第五分册，第3页。
1531,山西,,怀仁县,1531|山西|怀仁,明世宗嘉靖十年,无,《华北、东北近五百年旱涝史料》,无,保留,v5,v5,1,0.1429,是,,,,,,山西：怀仁县：大饥，人相食。——《华北、东北近五百年旱涝史料》第五分册，第3页。,,
1531,河南,,宝丰县,1531|河南|宝丰,明世宗嘉靖十年,无,《宝丰县志》,无,保留,"v1,v2,v3,v4,v7","v1,v2,v3,v4,v7",5,0.7143,是,,宝丰县：秋大水，坏民庐舍。大饥，人相食。——嘉庆《宝丰县志》卷二十四大事记,宝丰县：秋大水，坏民庐舍。大饥，人相食。——嘉庆《宝丰县志》卷二十四大事记,宝丰县：秋大水，坏民庐舍。大饥，人相食。——嘉庆《宝丰县志》卷二十四大事记,宝丰县：秋大水，坏民庐舍。大饥，人相食。——嘉庆《宝丰县志》卷二十四大事记,,,宝丰县：秋大水，坏民庐舍。大饥，人相食。——嘉庆《宝丰县志》卷二十四大事记
1531,河南,,宝丰县,1531|河南|宝丰,明世宗嘉靖十年,无,《宝丰县志》,无,保留,v5,v5,1,0.1429,是,,,,,,河南：宝丰县：秋大水，坏民庐舍。大饥，人相食。——嘉庆《宝丰县志》卷二十四大事记,,
1531,山西,,怀仁县,1531|山西|怀仁,明世宗嘉靖十年,无,华北、东北近五百年旱涝史料,无,保留,v6,v6,1,0.1429,是,,,,,,,怀仁县：大饥，人相食。——《华北、东北近五百年旱涝史料》第五分册，第3页。,
1531,河南,,宝丰县,1531|河南|宝丰,明世宗嘉靖十年,无,宝丰县志,无,保留,v6,v6,1,0.1429,是,,,,,,,宝丰县：秋大水，坏民庐舍。大饥，人相食。——嘉庆《宝丰县志》卷二十四大事记,
1532,陕西,,蓝田县,1532|陕西|蓝田,明世宗嘉靖十一年,无,《蓝田县志》,无,保留,"v1,v2,v3,v4,v5,v6,v7","v1,v2,v3,v4,v5,v6,v7",7,1.0,是,,蓝田县：又大祲，人相食。——顺治《蓝田县志》卷四灾异,蓝田县：又大祲，人相食。——顺治《蓝田县志》卷四灾异,蓝田县：又大祲，人相食。——顺治《蓝田县志》卷四灾异,蓝田县：又大祲，人相食。——顺治《蓝田县志》卷四灾异,蓝田县：又大祲，人相食。——顺治《蓝田县志》卷四灾异,蓝田县：又大祲，人相食。——顺治《蓝田县志》卷四灾异,蓝田县：又大祲，人相食。——顺治《蓝田县志》卷四灾异
1532,河南,,鲁山县,1532|河南|鲁山,明世宗嘉靖十一年,无,《鲁山县志》,无,保留,"v1,v2,v3,v4,v5,v6,v7","v1,v2,v3,v4,v5,v6,v7",7,1.0,是,,鲁山县：春大旱，夏飞蝗，遮天蔽日。秋，遍地蛹生，食禾无遗。民大荒，相食者甚多，饿莩枕藉于道。至十二年大熟。——嘉靖《鲁山县志》卷十灾祥,鲁山县：春大旱，夏飞蝗，遮天蔽日。秋，遍地蛹生，食禾无遗。民大荒，相食者甚多，饿莩枕藉于道。至十二年大熟。——嘉靖《鲁山县志》卷十灾祥,鲁山县：春大旱，夏飞蝗，遮天蔽日。秋，遍地蛹生，食禾无遗。民大荒，相食者甚多，饿莩枕藉于道。至十二年大熟。——嘉靖《鲁山县志》卷十灾祥,鲁山县：春大旱，夏飞蝗，遮天蔽日。秋，遍地蛹生，食禾无遗。民大荒，相食者甚多，饿莩枕藉于道。至十二年大熟。——嘉靖《鲁山县志》卷十灾祥,鲁山县：春大旱，夏飞蝗，遮天蔽日。秋，遍地蛹生，食禾无遗。民大荒，相食者甚多，饿莩枕藉于道。至十二年大熟。——嘉靖《鲁山县志》卷十灾祥,鲁山县：春大旱，夏飞蝗，遮天蔽日。秋，遍地蛹生，食禾无遗。民大荒，相食者甚多，饿莩枕藉于道。至十二年大熟。——嘉靖《鲁山县志》卷十灾祥,鲁山县：春大旱，夏飞蝗，遮天蔽日。秋，遍地蛹生，食禾无遗。民大荒，相食者甚多，饿莩枕藉于道。至十二年大熟。——嘉靖《鲁山县志》卷十灾祥
1533,山西,,洪洞县,1533|山西|洪洞,明世宗嘉靖十二年,无,《华北、东北近五百年旱涝史料》,无,保留,"v2,v4,v5","v2,v4,v5",3,0.4286,是,,,洪洞县：春大饥，民相食。——《华北、东北近五百年旱涝史料》第五分册，第39页,,洪洞县：春大饥，民相食。——《华北、东北近五百年旱涝史料》第五分册，第39页,洪洞县：春大饥，民相食。——《华北、东北近五百年旱涝史料》第五分册，第39页,,
1533,山西,,离石县,1533|山西|离石,明世宗嘉靖十二年,无,《永宁州志》,无,需进一步分析,v6,v6,1,0.2,否,"同类 record 存在于 v2,v4,v5,v6,v7；本条仅存在于 v6；占比 20.0%",,,,,,离石县：秋七月，大旱。八月，霾雨不止，及晴，霜落如雪，禾杀尽。饥民流徙相食。,
1533,山西,,离石县,1533|山西|离石,明世宗嘉靖十二年,无,《永宁州志》,无,保留,"v2,v4,v5","v2,v4,v5",3,0.4286,是,,,离石县：秋七月，大旱。八月，霾雨不止，及晴，霜落如雪，禾杀尽。饥民流徙相食。——康熙《永宁州志》卷八灾祥,,离石县：秋七月，大旱。八月，霾雨不止，及晴，霜落如雪，禾杀尽。饥民流徙相食。——康熙《永宁州志》卷八灾祥,离石县：秋七月，大旱。八月，霾雨不止，及晴，霜落如雪，禾杀尽。饥民流徙相食。——康熙《永宁州志》卷八灾祥,,
1533,山西,,洪洞县,1533|山西|洪洞,明世宗嘉靖十二年,无,华北、东北近五百年旱涝史料,无,需进一步分析,v6,v6,1,0.1667,否,"同类 record 存在于 v2,v3,v4,v5,v6,v7；本条仅存在于 v6；占比 16.7%",,,,,,洪洞县：春大饥，民相食。,
1533,山西,,洪洞县,1533|山西|洪洞,明世宗嘉靖十二年,无,华北、东北近五百年旱涝史料,无,保留,"v3,v7","v3,v7",2,0.2857,是,,,,洪洞县：春大饥，民相食。——《华北、东北近五百年旱涝史料》第五分册，第39页。,,,,洪洞县：春大饥，民相食。——《华北、东北近五百年旱涝史料》第五分册，第39页
1533,山西,,离石县,1533|山西|离石,明世宗嘉靖十二年,无,永宁州志,无,保留,v7,v7,1,0.1429,是,,,,,,,,离石县：秋七月，大旱。八月，霾雨不止，及晴，霜落如雪，禾杀尽。饥民流徙相食。——康熙《永宁州志》卷八灾祥
1534,山西,,临汾市,1534|山西|临汾,明世宗嘉靖十三年,无,《华北、东北近五百年旱涝史料》,无,保留,"v1,v2,v3,v5,v6","v1,v2,v3,v5,v6",5,0.7143,是,,临汾市：大饥，人相食。——《华北、东北近五百年旱涝史料》第五分册，第39页。,临汾市：大饥，人相食。——《华北、东北近五百年旱涝史料》第五分册，第39页。,临汾市：大饥，人相食。——《华北、东北近五百年旱涝史料》第五分册，第39页。,,临汾市：大饥，人相食。——《华北、东北近五百年旱涝史料》第五分册，第39页。,临汾市：大饥，人相食。——《华北、东北近五百年旱涝史料》第五分册，第39页。,
1534,山西,,翼城县,1534|山西|翼城,明世宗嘉靖十三年,无,《华北、东北近五百年旱涝史料》,无,保留,"v1,v2,v3,v5,v6","v1,v2,v3,v5,v6",5,0.7143,是,,翼城县：大饥，人相食。——《华北、东北近五百年旱涝史料》第五分册，第39页。,翼城县：大饥，人相食。——《华北、东北近五百年旱涝史料》第五分册，第39页。,翼城县：大饥，人相食。——《华北、东北近五百年旱涝史料》第五分册，第39页。,,翼城县：大饥，人相食。——《华北、东北近五百年旱涝史料》第五分册，第39页。,翼城县：大饥，人相食。——《华北、东北近五百年旱涝史料》第五分册，第39页。,
1534,山西,临汾,临汾市,1534|山西|临汾|临汾,明世宗嘉靖十三年,无,华北、东北近五百年旱涝史料,无,保留,"v4,v7","v4,v7",2,0.2857,是,,,,,临汾市：大饥，人相食。——《华北、东北近五百年旱涝史料》第五分册，第39页。,,,临汾市：大饥，人相食。——《华北、东北近五百年旱涝史料》第五分册，第39页。
1534,山西,,翼城县,1534|山西|翼城,明世宗嘉靖十三年,无,华北、东北近五百年旱涝史料,无,保留,"v4,v7","v4,v7",2,0.2857,是,,,,,翼城县：大饥，人相食。——《华北、东北近五百年旱涝史料》第五分册，第39页。,,,翼城县：大饥，人相食。——《华北、东北近五百年旱涝史料》第五分册，第39页。
1535,甘肃,,和政县,1535|甘肃|和政,明世宗嘉靖十四年,无,《和政县志》,无,保留,v1,v1,1,0.1429,是,,和政县：大旱，人相食。——《和政县志》（民国十九年），转引自《西北灾荒史》第419页。,,,,,,
1535,甘肃,,和政县,1535|甘肃|和政,明世宗嘉靖十四年,无,《和政县志》转引《西北灾荒史》,无,需进一步分析,"v2,v3","v2,v3",2,0.2857,否,"同类 record 存在于 v1,v2,v3,v4,v5,v6,v7；本条仅存在于 v2,v3；占比 28.6%",,和政县：大旱，人相食。——《和政县志》（民国十九年），转引自《西北灾荒史》第419页。,和政县：大旱，人相食。——《和政县志》（民国十九年），转引自《西北灾荒史》第419页。,,,,
1535,甘肃,,永昌县,1535|甘肃|永昌,明世宗嘉靖十四年,无,《永昌县志》,无,保留,v1,v1,1,0.1429,是,,永昌县：旱，民饥，人相食。——《永昌县志》（乾隆十四年），转引自《西北灾荒史》第414页。,,,,,,
1535,甘肃,,永昌县,1535|甘肃|永昌,明世宗嘉靖十四年,无,《永昌县志》转引《西北灾荒史》,无,需进一步分析,"v2,v3","v2,v3",2,0.2857,否,"同类 record 存在于 v1,v2,v3,v4,v5,v6,v7；本条仅存在于 v2,v3；占比 28.6%",,永昌县：旱，民饥，人相食。——《永昌县志》（乾隆十四年），转引自《西北灾荒史》第414页。,永昌县：旱，民饥，人相食。——《永昌县志》（乾隆十四年），转引自《西北灾荒史》第414页。,,,,
1535,甘肃,,和政县,1535|甘肃|和政,明世宗嘉靖十四年,无,和政县志,无,保留,"v5,v6","v5,v6",2,0.2857,是,,,,,,和政县：大旱，人相食。——《和政县志》（民国十九年），转引自《西北灾荒史》第419页。,和政县：大旱，人相食。——《和政县志》（民国十九年），转引自《西北灾荒史》第419页。,
1535,甘肃,,和政县,1535|甘肃|和政,明世宗嘉靖十四年,无,和政县志转引西北灾荒史,无,需进一步分析,v7,v7,1,0.1429,否,"同类 record 存在于 v1,v2,v3,v4,v5,v6,v7；本条仅存在于 v7；占比 14.3%",,,,,,,和政县：大旱，人相食。——《和政县志》（民国十九年），转引自《西北灾荒史》第419页。
1535,甘肃,,永昌县,1535|甘肃|永昌,明世宗嘉靖十四年,无,永昌县志,无,保留,"v5,v6","v5,v6",2,0.2857,是,,,,,,永昌县：旱，民饥，人相食。——《永昌县志》（乾隆十四年），转引自《西北灾荒史》第414页。,永昌县：旱，民饥，人相食。——《永昌县志》（乾隆十四年），转引自《西北灾荒史》第414页。,
1535,甘肃,,永昌县,1535|甘肃|永昌,明世宗嘉靖十四年,无,永昌县志转引西北灾荒史,无,需进一步分析,v7,v7,1,0.1429,否,"同类 record 存在于 v1,v2,v3,v4,v5,v6,v7；本条仅存在于 v7；占比 14.3%",,,,,,,永昌县：旱，民饥，人相食。——《永昌县志》（乾隆十四年），转引自《西北灾荒史》第414页。
1535,甘肃,,和政县,1535|甘肃|和政,明世宗嘉靖十四年,无,西北灾荒史,原书《和政县志》民国十九年本,保留,v4,v4,1,0.1429,是,,,,,和政县：大旱，人相食。——《和政县志》（民国十九年），转引自《西北灾荒史》第419页。,,,
1535,甘肃,,永昌县,1535|甘肃|永昌,明世宗嘉靖十四年,无,西北灾荒史,原书《永昌县志》乾隆十四年本,保留,v4,v4,1,0.1429,是,,,,,永昌县：旱，民饥，人相食。——《永昌县志》（乾隆十四年），转引自《西北灾荒史》第414页。,,,
1537,河南,,西平县,1537|河南|西平,明世宗嘉靖十六年,无,《西平县志》,无,保留,"v2,v4,v6","v2,v4,v6",3,0.4286,是,,,河南：西平县：丁酉，庚子岁荐旱蝗，人相食。——康熙《西平县志》卷九艺文,,河南：西平县：丁酉，庚子岁荐旱蝗，人相食。——康熙《西平县志》卷九艺文,,河南：西平县：丁酉，庚子岁荐旱蝗，人相食。——康熙《西平县志》卷九艺文,
1537,河南,,西平县,1537|河南|西平,明世宗嘉靖十六年,无,《西平县志》,无,保留,"v1,v3,v5,v7","v1,v3,v5,v7",4,0.5714,是,,西平县：丁酉，庚子岁荐旱蝗，人相食。——康熙《西平县志》卷九艺文,,西平县：丁酉，庚子岁荐旱蝗，人相食。——康熙《西平县志》卷九艺文,,西平县：丁酉，庚子岁荐旱蝗，人相食。——康熙《西平县志》卷九艺文,,西平县：丁酉，庚子岁荐旱蝗，人相食。——康熙《西平县志》卷九艺文
1538,河南,,中牟县,1538|河南|中牟,明世宗嘉靖十七年,无,《中牟县志》,无,保留,"v1,v2,v3,v4,v5,v6,v7","v1,v2,v3,v4,v5,v6,v7",7,1.0,是,,中牟县：春大饥，人相食。——天启《中牟县志》卷二物异,中牟县：春大饥，人相食。——天启《中牟县志》卷二物异,中牟县：春大饥，人相食。——天启《中牟县志》卷二物异,中牟县：春大饥，人相食。——天启《中牟县志》卷二物异,中牟县：春大饥，人相食。——天启《中牟县志》卷二物异,中牟县：春大饥，人相食。——天启《中牟县志》卷二物异,中牟县：春大饥，人相食。——天启《中牟县志》卷二物异
1538,河南,开封,杞县,1538|河南|开封|杞,明世宗嘉靖十七年,无,《华北、东北近五百年旱涝史料》,无,保留,"v2,v3,v4,v6,v7","v2,v3,v4,v6,v7",5,0.7143,是,,,杞县：夏六月，大水，民饥相食。——《华北、东北近五百年旱涝史料》第四分册，第24页,杞县：夏六月，大水，民饥相食。——《华北、东北近五百年旱涝史料》第四分册，第24页。,杞县：夏六月，大水，民饥相食。——《华北、东北近五百年旱涝史料》第四分册，第24页。,,杞县：夏六月，大水，民饥相食。——《华北、东北近五百年旱涝史料》第四分册，第24页。,杞县：夏六月，大水，民饥相食。——《华北、东北近五百年旱涝史料》第四分册，第24页。
1538,河南,,杞县,1538|河南|杞,明世宗嘉靖十七年,无,《华北、东北近五百年旱涝史料》第四分册,无,需进一步分析,v1,v1,1,0.1429,否,"同类 record 存在于 v1,v2,v3,v4,v5,v6,v7；本条仅存在于 v1；占比 14.3%",杞县：夏六月，大水，民饥相食。——《华北、东北近五百年旱涝史料》第四分册，第24页。,,,,,,
1538,河南,,扶沟县,1538|河南|扶沟,明世宗嘉靖十七年,无,《扶沟县志》,无,保留,"v1,v2,v3,v4,v5,v6,v7","v1,v2,v3,v4,v5,v6,v7",7,1.0,是,,扶沟县：十七年、十八年连大饥，人相食。——康熙三十八年《扶沟县志》卷四灾异,扶沟县：十七年、十八年连大饥，人相食。——康熙三十八年《扶沟县志》卷四灾异,扶沟县：十七年、十八年连大饥，人相食。——康熙三十八年《扶沟县志》卷四灾异,扶沟县：十七年、十八年连大饥，人相食。——康熙三十八年《扶沟县志》卷四灾异,扶沟县：十七年、十八年连大饥，人相食。——康熙三十八年《扶沟县志》卷四灾异,扶沟县：十七年、十八年连大饥，人相食。——康熙三十八年《扶沟县志》卷四灾异,扶沟县：十七年、十八年连大饥，人相食。——康熙三十八年《扶沟县志》卷四灾异
1538,河南,,新郑县,1538|河南|新郑,明世宗嘉靖十七年,无,《新郑县志》,无,保留,"v1,v2,v3,v4,v5,v6,v7","v1,v2,v3,v4,v5,v6,v7",7,1.0,是,,新郑县：大饥，人相食。——顺治《新郑县志》卷五祥异,新郑县：大饥，人相食。——顺治《新郑县志》卷五祥异,新郑县：大饥，人相食。——顺治《新郑县志》卷五祥异,新郑县：大饥，人相食。——顺治《新郑县志》卷五祥异,新郑县：大饥，人相食。——顺治《新郑县志》卷五祥异,新郑县：大饥，人相食。——顺治《新郑县志》卷五祥异,新郑县：大饥，人相食。——顺治《新郑县志》卷五祥异
1538,河南,,临汝县,1538|河南|临汝,明世宗嘉靖十七年,无,《汝州全志》,无,保留,"v1,v2,v3,v4,v5,v6,v7","v1,v2,v3,v4,v5,v6,v7",7,1.0,是,,临汝县：大水，阖郡饥，人相食。——道光《汝州全志》卷九祥异,临汝县：大水，阖郡饥，人相食。——道光《汝州全志》卷九祥异,临汝县：大水，阖郡饥，人相食。——道光《汝州全志》卷九祥异,临汝县：大水，阖郡饥，人相食。——道光《汝州全志》卷九祥异,临汝县：大水，阖郡饥，人相食。——道光《汝州全志》卷九祥异,临汝县：大水，阖郡饥，人相食。——道光《汝州全志》卷九祥异,临汝县：大水，阖郡饥，人相食。——道光《汝州全志》卷九祥异
1538,河南,,登封县,1538|河南|登封,明世宗嘉靖十七年,无,《登封县志》,无,保留,"v1,v2,v3,v4,v5,v6,v7","v1,v2,v3,v4,v5,v6,v7",7,1.0,是,,登封县：蝗，人相食。——康熙《登封县志》卷九灾祥,登封县：蝗，人相食。——康熙《登封县志》卷九灾祥,登封县：蝗，人相食。——康熙《登封县志》卷九灾祥,登封县：蝗，人相食。——康熙《登封县志》卷九灾祥,登封县：蝗，人相食。——康熙《登封县志》卷九灾祥,登封县：蝗，人相食。——康熙《登封县志》卷九灾祥,登封县：蝗，人相食。——康熙《登封县志》卷九灾祥
1538,河南,,西华县,1538|河南|西华,明世宗嘉靖十七年,无,《西华县志》,无,保留,"v1,v2,v3,v4,v5,v6,v7","v1,v2,v3,v4,v5,v6,v7",7,1.0,是,,西华县：十七年、十八年大水，相继潰麦。岁大饥，人相食。——乾隆《西华县志》卷十五行,西华县：十七年、十八年大水，相继潰麦。岁大饥，人相食。——乾隆《西华县志》卷十五行,西华县：十七年、十八年大水，相继潰麦。岁大饥，人相食。——乾隆《西华县志》卷十五行,西华县：十七年、十八年大水，相继潰麦。岁大饥，人相食。——乾隆《西华县志》卷十五行,西华县：十七年、十八年大水，相继潰麦。岁大饥，人相食。——乾隆《西华县志》卷十五行,西华县：十七年、十八年大水，相继潰麦。岁大饥，人相食。——乾隆《西华县志》卷十五行,西华县：十七年、十八年大水，相继潰麦。岁大饥，人相食。——乾隆《西华县志》卷十五行
1538,河南,,杞县,1538|河南|杞,明世宗嘉靖十七年,无,华北、东北近五百年旱涝史料转引后书名,无,需进一步分析,v5,v5,1,0.1429,否,"同类 record 存在于 v1,v2,v3,v4,v5,v6,v7；本条仅存在于 v5；占比 14.3%",,,,,杞县：夏六月，大水，民饥相食。——《华北、东北近五百年旱涝史料》第四分册，第24页。,,
1539,河南,信阳,潢川县,1539|河南|信阳|潢川,明世宗嘉靖十八年,无,《光州志》,无,保留,"v1,v2,v3,v4,v5,v6,v7","v1,v2,v3,v4,v5,v6,v7",7,1.0,是,,潢川县：大旱，蝗灾。明年春大疫，人相食。——顺治《光州志》卷十二灾祥,潢川县：大旱，蝗灾。明年春大疫，人相食。——顺治《光州志》卷十二灾祥,潢川县：大旱，蝗灾。明年春大疫，人相食。——顺治《光州志》卷十二灾祥,潢川县：大旱，蝗灾。明年春大疫，人相食。——顺治《光州志》卷十二灾祥,潢川县：大旱，蝗灾。明年春大疫，人相食。——顺治《光州志》卷十二灾祥,潢川县：大旱，蝗灾。明年春大疫，人相食。——顺治《光州志》卷十二灾祥,潢川县：大旱，蝗灾。明年春大疫，人相食。——顺治《光州志》卷十二灾祥
1539,河南,,宁陵县,1539|河南|宁陵,明世宗嘉靖十八年,无,《宁陵县志》,无,保留,"v1,v2,v3,v4,v5,v6,v7","v1,v2,v3,v4,v5,v6,v7",7,1.0,是,,宁陵县：有虫，伤菽尽。大水，岁饥，民相食，死者遍野。——康熙《宁陵县志》卷十二灾祥,宁陵县：有虫，伤菽尽。大水，岁饥，民相食，死者遍野。——康熙《宁陵县志》卷十二灾祥,宁陵县：有虫，伤菽尽。大水，岁饥，民相食，死者遍野。——康熙《宁陵县志》卷十二灾祥,宁陵县：有虫，伤菽尽。大水，岁饥，民相食，死者遍野。——康熙《宁陵县志》卷十二灾祥,宁陵县：有虫，伤菽尽。大水，岁饥，民相食，死者遍野。——康熙《宁陵县志》卷十二灾祥,宁陵县：有虫，伤菽尽。大水，岁饥，民相食，死者遍野。——康熙《宁陵县志》卷十二灾祥,宁陵县：有虫，伤菽尽。大水，岁饥，民相食，死者遍野。——康熙《宁陵县志》卷十二灾祥
1539,河南,,尉氏县,1539|河南|尉氏,明世宗嘉靖十八年,无,《尉氏县志》,无,保留,"v1,v2,v3,v4,v5,v6,v7","v1,v2,v3,v4,v5,v6,v7",7,1.0,是,,尉氏县：大饥，死尸相枕藉于城外，人有割其肉以食者。——嘉靖《尉氏县志》卷四祥异,尉氏县：大饥，死尸相枕藉于城外，人有割其肉以食者。——嘉靖《尉氏县志》卷四祥异,尉氏县：大饥，死尸相枕藉于城外，人有割其肉以食者。——嘉靖《尉氏县志》卷四祥异,尉氏县：大饥，死尸相枕藉于城外，人有割其肉以食者。——嘉靖《尉氏县志》卷四祥异,尉氏县：大饥，死尸相枕藉于城外，人有割其肉以食者。——嘉靖《尉氏县志》卷四祥异,尉氏县：大饥，死尸相枕藉于城外，人有割其肉以食者。——嘉靖《尉氏县志》卷四祥异,尉氏县：大饥，死尸相枕藉于城外，人有割其肉以食者。——嘉靖《尉氏县志》卷四祥异
1539,河南,驻马店,汝南县,1539|河南|驻马店|汝南,明世宗嘉靖十八年,无,《汝南志》,无,保留,"v1,v2,v3,v4,v5,v6,v7","v1,v2,v3,v4,v5,v6,v7",7,1.0,是,,汝南县：大旱，蝗飞蔽天。明年春大疫，人相食。诏免本年田租之半，仍遣官赈济。——万历《汝南志》卷二十四灾祥,汝南县：大旱，蝗飞蔽天。明年春大疫，人相食。诏免本年田租之半，仍遣官赈济。——万历《汝南志》卷二十四灾祥,汝南县：大旱，蝗飞蔽天。明年春大疫，人相食。诏免本年田租之半，仍遣官赈济。——万历《汝南志》卷二十四灾祥,汝南县：大旱，蝗飞蔽天。明年春大疫，人相食。诏免本年田租之半，仍遣官赈济。——万历《汝南志》卷二十四灾祥,汝南县：大旱，蝗飞蔽天。明年春大疫，人相食。诏免本年田租之半，仍遣官赈济。——万历《汝南志》卷二十四灾祥,汝南县：大旱，蝗飞蔽天。明年春大疫，人相食。诏免本年田租之半，仍遣官赈济。——万历《汝南志》卷二十四灾祥,汝南县：大旱，蝗飞蔽天。明年春大疫，人相食。诏免本年田租之半，仍遣官赈济。——万历《汝南志》卷二十四灾祥
1539,河南,,淮阳县,1539|河南|淮阳,明世宗嘉靖十八年,无,《续修陈州志》,无,保留,"v1,v2,v3,v4,v5,v6,v7","v1,v2,v3,v4,v5,v6,v7",7,1.0,是,,淮阳县：大饥。夏秋霾雨没禾。民鬻妻子，逃散，人相食。——康熙《续修陈州志》卷四灾异,淮阳县：大饥。夏秋霾雨没禾。民鬻妻子，逃散，人相食。——康熙《续修陈州志》卷四灾异,淮阳县：大饥。夏秋霾雨没禾。民鬻妻子，逃散，人相食。——康熙《续修陈州志》卷四灾异,淮阳县：大饥。夏秋霾雨没禾。民鬻妻子，逃散，人相食。——康熙《续修陈州志》卷四灾异,淮阳县：大饥。夏秋霾雨没禾。民鬻妻子，逃散，人相食。——康熙《续修陈州志》卷四灾异,淮阳县：大饥。夏秋霾雨没禾。民鬻妻子，逃散，人相食。——康熙《续修陈州志》卷四灾异,淮阳县：大饥。夏秋霾雨没禾。民鬻妻子，逃散，人相食。——康熙《续修陈州志》卷四灾异
1539,河南,,鲁山县,1539|河南|鲁山,明世宗嘉靖十八年,无,《鲁山县志》,无,保留,"v1,v2,v3,v4,v5,v6,v7","v1,v2,v3,v4,v5,v6,v7",7,1.0,是,,鲁山县：春大旱，秋大蝗，尤炽于十一年，野无遗禾，黎民相食者甚多，饿莩者枕藉道路。时春夏瘟疫大行，冬始方息。——嘉靖《鲁山县志》卷十灾祥,鲁山县：春大旱，秋大蝗，尤炽于十一年，野无遗禾，黎民相食者甚多，饿莩者枕藉道路。时春夏瘟疫大行，冬始方息。——嘉靖《鲁山县志》卷十灾祥,鲁山县：春大旱，秋大蝗，尤炽于十一年，野无遗禾，黎民相食者甚多，饿莩者枕藉道路。时春夏瘟疫大行，冬始方息。——嘉靖《鲁山县志》卷十灾祥,鲁山县：春大旱，秋大蝗，尤炽于十一年，野无遗禾，黎民相食者甚多，饿莩者枕藉道路。时春夏瘟疫大行，冬始方息。——嘉靖《鲁山县志》卷十灾祥,鲁山县：春大旱，秋大蝗，尤炽于十一年，野无遗禾，黎民相食者甚多，饿莩者枕藉道路。时春夏瘟疫大行，冬始方息。——嘉靖《鲁山县志》卷十灾祥,鲁山县：春大旱，秋大蝗，尤炽于十一年，野无遗禾，黎民相食者甚多，饿莩者枕藉道路。时春夏瘟疫大行，冬始方息。——嘉靖《鲁山县志》卷十灾祥,鲁山县：春大旱，秋大蝗，尤炽于十一年，野无遗禾，黎民相食者甚多，饿莩者枕藉道路。时春夏瘟疫大行，冬始方息。——嘉靖《鲁山县志》卷十灾祥
1539,河南,,鹿邑县,1539|河南|鹿邑,明世宗嘉靖十八年,无,《鹿邑县志》,无,保留,"v1,v2,v3,v4,v5,v6,v7","v1,v2,v3,v4,v5,v6,v7",7,1.0,是,,鹿邑县：春，大饥疫，人相食，死者枕藉于野。——康熙《鹿邑县志》卷八灾祥,鹿邑县：春，大饥疫，人相食，死者枕藉于野。——康熙《鹿邑县志》卷八灾祥,鹿邑县：春，大饥疫，人相食，死者枕藉于野。——康熙《鹿邑县志》卷八灾祥,鹿邑县：春，大饥疫，人相食，死者枕藉于野。——康熙《鹿邑县志》卷八灾祥,鹿邑县：春，大饥疫，人相食，死者枕藉于野。——康熙《鹿邑县志》卷八灾祥,鹿邑县：春，大饥疫，人相食，死者枕藉于野。——康熙《鹿邑县志》卷八灾祥,鹿邑县：春，大饥疫，人相食，死者枕藉于野。——康熙《鹿邑县志》卷八灾祥
1540,河南,,上蔡县,1540|河南|上蔡,明世宗嘉靖十九年,无,《上蔡县志》,无,保留,"v1,v2,v3,v4,v5","v1,v2,v3,v4,v5",5,0.7143,是,,上蔡县：春饥疫，人相食。——康熙《上蔡县志》卷十二编年,上蔡县：春饥疫，人相食。——康熙《上蔡县志》卷十二编年,上蔡县：春饥疫，人相食。——康熙《上蔡县志》卷十二编年,上蔡县：春饥疫，人相食。——康熙《上蔡县志》卷十二编年,上蔡县：春饥疫，人相食。——康熙《上蔡县志》卷十二编年,,
1540,河南,,息县,1540|河南|息,明世宗嘉靖十九年,无,《息县志》,无,保留,"v1,v2,v3,v4,v5","v1,v2,v3,v4,v5",5,0.7143,是,,息县：春大饥，人相食，免田租之半。——顺治《息县志》卷十灾异,息县：春大饥，人相食，免田租之半。——顺治《息县志》卷十灾异,息县：春大饥，人相食，免田租之半。——顺治《息县志》卷十灾异,息县：春大饥，人相食，免田租之半。——顺治《息县志》卷十灾异,息县：春大饥，人相食，免田租之半。——顺治《息县志》卷十灾异,,
1540,河南,,汝南县,1540|河南|汝南,明世宗嘉靖十九年,无,《汝阳县志》,无,保留,"v1,v2,v3,v4,v5","v1,v2,v3,v4,v5",5,0.7143,是,,汝南县：春大疫，人相食。——顺治《汝阳县志》卷十外纪,汝南县：春大疫，人相食。——顺治《汝阳县志》卷十外纪,汝南县：春大疫，人相食。——顺治《汝阳县志》卷十外纪,汝南县：春大疫，人相食。——顺治《汝阳县志》卷十外纪,汝南县：春大疫，人相食。——顺治《汝阳县志》卷十外纪,,
1540,河南,,确山县,1540|河南|确山,明世宗嘉靖十九年,无,《确山县志》,无,保留,v5,v5,1,0.1429,是,,,,,,确山县：春大疫，人相食。诏免田租之半，遣官赈济。——乾隆《确山县志》,,
1540,河南,,确山县,1540|河南|确山,明世宗嘉靖十九年,无,《确山县志》,无,保留,"v1,v2,v3,v4","v1,v2,v3,v4",4,0.5714,是,,确山县：春大疫，人相食。诏免田租之半，遣官赈济。——乾隆《确山县志》禨祥,确山县：春大疫，人相食。诏免田租之半，遣官赈济。——乾隆《确山县志》禨祥,确山县：春大疫，人相食。诏免田租之半，遣官赈济。——乾隆《确山县志》禨祥,确山县：春大疫，人相食。诏免田租之半，遣官赈济。——乾隆《确山县志》禨祥,,,
1540,河南,,西平县,1540|河南|西平,明世宗嘉靖十九年,无,《西平县志》,无,保留,"v1,v2,v3,v4,v5","v1,v2,v3,v4,v5",5,0.7143,是,,西平县：岁荐旱蝗，人相食。——康熙《西平县志》卷九艺文,西平县：岁荐旱蝗，人相食。——康熙《西平县志》卷九艺文,西平县：岁荐旱蝗，人相食。——康熙《西平县志》卷九艺文,西平县：岁荐旱蝗，人相食。——康熙《西平县志》卷九艺文,西平县：岁荐旱蝗，人相食。——康熙《西平县志》卷九艺文,,
1540,河南,,上蔡县,1540|河南|上蔡,明世宗嘉靖十九年,无,上蔡县志,无,保留,"v6,v7","v6,v7",2,0.2857,是,,,,,,,上蔡县：春饥疫，人相食。——康熙《上蔡县志》卷十二编年,上蔡县：春饥疫，人相食。——康熙《上蔡县志》卷十二编年
1540,河南,,息县,1540|河南|息,明世宗嘉靖十九年,无,息县志,无,保留,"v6,v7","v6,v7",2,0.2857,是,,,,,,,息县：春大饥，人相食，免田租之半。——顺治《息县志》卷十灾异,息县：春大饥，人相食，免田租之半。——顺治《息县志》卷十灾异
1540,河南,,汝南县,1540|河南|汝南,明世宗嘉靖十九年,汝阳县,汝阳县志,无,保留,"v6,v7","v6,v7",2,0.2857,是,,,,,,,汝南县：春大疫，人相食。——顺治《汝阳县志》卷十外纪,汝南县：春大疫，人相食。——顺治《汝阳县志》卷十外纪
1540,河南,,确山县,1540|河南|确山,明世宗嘉靖十九年,无,确山县志,无,保留,"v6,v7","v6,v7",2,0.2857,是,,,,,,,确山县：春大疫，人相食。诏免田租之半，遣官赈济。——乾隆《确山县志》禨祥,确山县：春大疫，人相食。诏免田租之半，遣官赈济。——乾隆《确山县志》禨祥
1540,河南,,西平县,1540|河南|西平,明世宗嘉靖十九年,无,西平县志,无,保留,"v6,v7","v6,v7",2,0.2857,是,,,,,,,西平县：岁荐旱蝗，人相食。——康熙《西平县志》卷九艺文,西平县：岁荐旱蝗，人相食。——康熙《西平县志》卷九艺文
1541,河北,,大名县,1541|河北|大名,明世宗嘉靖二十年,无,《大名县志》,无,保留,"v1,v2,v6","v1,v2,v6",3,0.4286,是,,大名县：大旱，饥。自春至夏五月乃雨，人相食，飞蝗蔽天。——民国《大名县志》卷二十六祥异,大名县：大旱，饥。自春至夏五月乃雨，人相食，飞蝗蔽天。——民国《大名县志》卷二十六祥异,,,,大名县：大旱，饥。自春至夏五月乃雨，人相食，飞蝗蔽天。——民国《大名县志》卷二十六祥异,
1541,河南,,滑县,1541|河南|滑,明世宗嘉靖二十年,无,《滑县志》,无,保留,"v1,v2,v6","v1,v2,v6",3,0.4286,是,,滑县：大旱，人饥相食。——顺治《滑县志》卷四祥异,滑县：大旱，人饥相食。——顺治《滑县志》卷四祥异,,,,滑县：大旱，人饥相食。——顺治《滑县志》卷四祥异,
1541,河北,,大名县,1541|河北|大名,明世宗嘉靖二十年,无,大名县志,无,保留,"v3,v5","v3,v5",2,0.2857,是,,,,河北：大名县：大旱，饥。自春至夏五月乃雨，人相食，飞蝗蔽天。——民国《大名县志》卷二十六祥异,,河北：大名县：大旱，饥。自春至夏五月乃雨，人相食，飞蝗蔽天。——民国《大名县志》卷二十六祥异,,
1541,河北,,大名县,1541|河北|大名,明世宗嘉靖二十年,无,大名县志,无,保留,"v4,v7","v4,v7",2,0.2857,是,,,,,大名县：大旱，饥。自春至夏五月乃雨，人相食，飞蝗蔽天。——民国《大名县志》卷二十六祥异,,,大名县：大旱，饥。自春至夏五月乃雨，人相食，飞蝗蔽天。——民国《大名县志》卷二十六祥异
1541,河南,,滑县,1541|河南|滑,明世宗嘉靖二十年,无,滑县志,无,保留,"v4,v7","v4,v7",2,0.2857,是,,,,,滑县：大旱，人饥相食。——顺治《滑县志》卷四祥异,,,滑县：大旱，人饥相食。——顺治《滑县志》卷四祥异
1541,河南,,滑县,1541|河南|滑,明世宗嘉靖二十年,无,滑县志,无,保留,"v3,v5","v3,v5",2,0.2857,是,,,,河南：滑县：大旱，人饥相食。——顺治《滑县志》卷四祥异,,河南：滑县：大旱，人饥相食。——顺治《滑县志》卷四祥异,,
1542,河北,,大城县,1542|河北|大城,明世宗嘉靖二十一年,无,《大城县志》,无,保留,"v1,v2,v4,v5,v6,v7","v1,v2,v4,v5,v6,v7",6,0.8571,是,,大城县：蝗，饥疫，人相食。——康熙《大城县志》卷八灾异,大城县：蝗，饥疫，人相食。——康熙《大城县志》卷八灾异,,大城县：蝗，饥疫，人相食。——康熙《大城县志》卷八灾异,大城县：蝗，饥疫，人相食。——康熙《大城县志》卷八灾异,大城县：蝗，饥疫，人相食。——康熙《大城县志》卷八灾异,大城县：蝗，饥疫，人相食。——康熙《大城县志》卷八灾异
1542,河北,,文安县,1542|河北|文安,明世宗嘉靖二十一年,无,《文安县志》,无,保留,"v1,v2,v4,v5,v6,v7","v1,v2,v4,v5,v6,v7",6,0.8571,是,,文安县：饥，疫。人相食。——崇祯《文安县志》卷十一灾祥,文安县：饥，疫。人相食。——崇祯《文安县志》卷十一灾祥,,文安县：饥，疫。人相食。——崇祯《文安县志》卷十一灾祥,文安县：饥，疫。人相食。——崇祯《文安县志》卷十一灾祥,文安县：饥，疫。人相食。——崇祯《文安县志》卷十一灾祥,文安县：饥，疫。人相食。——崇祯《文安县志》卷十一灾祥
1542,河北,,大城县,1542|河北|大城,明世宗嘉靖二十一年,无,大城县志,无,保留,v3,v3,1,0.1429,是,,,,大城县：蝗，饥疫，人相食。——康熙《大城县志》卷八灾异,,,,
1542,河北,,文安县,1542|河北|文安,明世宗嘉靖二十一年,无,文安县志,无,保留,v3,v3,1,0.1429,是,,,,文安县：饥，疫。人相食。——崇祯《文安县志》卷十一灾祥,,,,
1543,河北,,新城县,1543|河北|新城,明世宗嘉靖二十二年,无,《新城县志》,无,保留,"v1,v2,v3,v4,v5,v6,v7","v1,v2,v3,v4,v5,v6,v7",7,1.0,是,,新城县：大水。饥，死者遍于乡坊。有司赈济不及，始而人食死者，继而戕食生者。——道光《新城县志》卷十五祥异,新城县：大水。饥，死者遍于乡坊。有司赈济不及，始而人食死者，继而戕食生者。——道光《新城县志》卷十五祥异,新城县：大水。饥，死者遍于乡坊。有司赈济不及，始而人食死者，继而戕食生者。——道光《新城县志》卷十五祥异,新城县：大水。饥，死者遍于乡坊。有司赈济不及，始而人食死者，继而戕食生者。——道光《新城县志》卷十五祥异,新城县：大水。饥，死者遍于乡坊。有司赈济不及，始而人食死者，继而戕食生者。——道光《新城县志》卷十五祥异,新城县：大水。饥，死者遍于乡坊。有司赈济不及，始而人食死者，继而戕食生者。——道光《新城县志》卷十五祥异,新城县：大水。饥，死者遍于乡坊。有司赈济不及，始而人食死者，继而戕食生者。——道光《新城县志》卷十五祥异
1543,河南,,登封县,1543|河南|登封,明世宗嘉靖二十二年,无,《登封县志》,无,保留,"v1,v2,v3,v4,v5,v6,v7","v1,v2,v3,v4,v5,v6,v7",7,1.0,是,,登封县：旱，人相食。——康熙《登封县志》卷九灾祥,登封县：旱，人相食。——康熙《登封县志》卷九灾祥,登封县：旱，人相食。——康熙《登封县志》卷九灾祥,登封县：旱，人相食。——康熙《登封县志》卷九灾祥,登封县：旱，人相食。——康熙《登封县志》卷九灾祥,登封县：旱，人相食。——康熙《登封县志》卷九灾祥,登封县：旱，人相食。——康熙《登封县志》卷九灾祥
1544,山东,,莒县,1544|山东|莒,明世宗嘉靖二十三年,无,《莒州志》,无,保留,v6,v6,1,0.1429,是,,,,,,,莒县：大饥，人相食。——嘉庆《莒州志》,
1544,山东,,莒县,1544|山东|莒,明世宗嘉靖二十三年,无,《莒州志》,无,保留,"v1,v7","v1,v7",2,0.2857,是,,莒县：大饥，人相食。——嘉庆《莒州志》卷十五纪事,,,,,,莒县：大饥，人相食。——嘉庆《莒州志》卷十五纪事
1544,山东,,莒县,1544|山东|莒,明世宗嘉靖二十三年,无,《莒州志》,无,保留,"v2,v3,v4,v5","v2,v3,v4,v5",4,0.5714,是,,,山东：莒县：大饥，人相食。——嘉庆《莒州志》卷十五纪事,山东：莒县：大饥，人相食。——嘉庆《莒州志》卷十五纪事,山东：莒县：大饥，人相食。——嘉庆《莒州志》卷十五纪事,山东：莒县：大饥，人相食。——嘉庆《莒州志》卷十五纪事,,
1548,江苏,徐州,徐州,1548|江苏|徐|徐,明世宗嘉靖二十七年,无,《徐州志》,无,保留,"v2,v3,v5,v6,v7","v2,v3,v5,v6,v7",5,0.7143,是,,,徐州市：二十七年，大水，历至三十二年益大水。历夏秋冬不消，兼之疫疠，道殛相望，民食草叶、榆皮不能自（疗？），甚至人相食者。钦命刑部侍郎吴鹏发赈。——顺治《徐州志》卷八灾祥,徐州市：二十七年，大水，历至三十二年益大水。历夏秋冬不消，兼之疫疠，道殛相望，民食草叶、榆皮不能自（疗？），甚至人相食者。钦命刑部侍郎吴鹏发赈。——顺治《徐州志》卷八灾祥,,徐州市：二十七年，大水，历至三十二年益大水。历夏秋冬不消，兼之疫疠，道殛相望，民食草叶、榆皮不能自（疗？），甚至人相食者。钦命刑部侍郎吴鹏发赈。——顺治《徐州志》卷八灾祥,江苏徐州市：二十七年，大水，历至三十二年益大水。历夏秋冬不消，兼之疫疠，道殛相望，民食草叶、榆皮不能自（疗？），甚至人相食者。钦命刑部侍郎吴鹏发赈。——顺治《徐州志》卷八灾祥,徐州市：二十七年，大水，历至三十二年益大水。历夏秋冬不消，兼之疫疠，道殛相望，民食草叶、榆皮不能自（疗？），甚至人相食者。钦命刑部侍郎吴鹏发赈。——顺治《徐州志》卷八灾祥
1548,江苏,徐州市,,1548|江苏|徐,明世宗嘉靖二十七年,无,《徐州志》,无,保留,v1,v1,1,0.1429,是,,徐州市：二十七年，大水，历至三十二年益大水。历夏秋冬不消，兼之疫疠，道殣相望，民食草叶、榆皮不能自（疗？），甚至人相食者。钦命刑部侍郎吴鹏发赈。——顺治《徐州志》卷八灾祥,,,,,,
1548,湖北,,石首,1548|湖北|石首,明世宗嘉靖二十七年,无,《石首县志》,无,保留,v6,v6,1,0.1429,是,,,,,,,湖北：石首市：大旱。米涌贵，有烹子食母者。——乾隆元年《石首县志》卷四灾异,
1548,湖北,石首,石首市,1548|湖北|石首|石首,明世宗嘉靖二十七年,无,《石首县志》,石首市为推测，原文为现代地名石首市；烹子食母属食人事件,保留,"v1,v2,v3,v5,v7","v1,v2,v3,v5,v7",5,0.7143,是,,石首市：大旱。米涌贵，有烹子食母者。——乾隆元年《石首县志》卷四灾异,石首市：大旱。米涌贵，有烹子食母者。——乾隆元年《石首县志》卷四灾异,石首市：大旱。米涌贵，有烹子食母者。——乾隆元年《石首县志》卷四灾异,,石首市：大旱。米涌贵，有烹子食母者。——乾隆元年《石首县志》卷四灾异,,石首市：大旱。米涌贵，有烹子食母者。——乾隆元年《石首县志》卷四灾异
1548,江苏,徐州,,1548|江苏|徐,明世宗嘉靖二十七年,无,徐州志,无,保留,v4,v4,1,0.1429,是,,,,,徐州市：二十七年，大水，历至三十二年益大水。历夏秋冬不消，兼之疫疠，道殛相望，民食草叶、榆皮不能自（疗？），甚至人相食者。钦命刑部侍郎吴鹏发赈。——顺治《徐州志》卷八灾祥,,,
1548,湖北,,石首,1548|湖北|石首,明世宗嘉靖二十七年,无,石首县志,无,保留,v4,v4,1,0.1429,是,,,,,石首市：大旱。米涌贵，有烹子食母者。——乾隆元年《石首县志》卷四灾异,,,
1549,河北,,获鹿县,1549|河北|获鹿,明世宗嘉靖二十八年,无,《获鹿县志》,无,保留,"v1,v2,v3,v6","v1,v2,v3,v6",4,0.5714,是,,河北：获鹿县：春夏大旱，至秋不雨。大饥，人相食。——嘉靖《获鹿县志》卷九纪事,河北：获鹿县：春夏大旱，至秋不雨。大饥，人相食。——嘉靖《获鹿县志》卷九纪事,河北：获鹿县：春夏大旱，至秋不雨。大饥，人相食。——嘉靖《获鹿县志》卷九纪事,,,河北：获鹿县：春夏大旱，至秋不雨。大饥，人相食。——嘉靖《获鹿县志》卷九纪事,
1549,河北,,获鹿县,1549|河北|获鹿,明世宗嘉靖二十八年,无,《获鹿县志》,无,保留,"v4,v5,v7","v4,v5,v7",3,0.4286,是,,,,,获鹿县：春夏大旱，至秋不雨。大饥，人相食。——嘉靖《获鹿县志》卷九纪事,河北获鹿县：春夏大旱，至秋不雨。大饥，人相食。——嘉靖《获鹿县志》卷九纪事,,获鹿县：春夏大旱，至秋不雨。大饥，人相食。——嘉靖《获鹿县志》卷九纪事
1551,辽宁,辽阳市,,1551|辽宁|辽阳,明世宗嘉靖三十年,无,《奉天通志》,无,保留,"v1,v2","v1,v2",2,0.2857,是,,辽阳市：张铎，嘉靖辛丑进士，积谷六万斛贮辽阳预备仓，以备兵荒。后十年（1551年），辽阳果遇大水，瘟疫，人相食，虏患频，仍赖此赈济。——民国《奉天通志》卷一四0宦迹,辽阳市：张铎，嘉靖辛丑进士，积谷六万斛贮辽阳预备仓，以备兵荒。后十年（1551年），辽阳果遇大水，瘟疫，人相食，虏患频，仍赖此赈济。——民国《奉天通志》卷一四0宦迹,,,,,
1551,辽宁,辽阳市,辽阳,1551|辽宁|辽阳|辽阳,明世宗嘉靖三十年,无,《奉天通志》,无,保留,v5,v5,1,0.1429,是,,,,,,辽宁：辽阳市：张铎，嘉靖辛丑进士，积谷六万斛贮辽阳预备仓，以备兵荒。后十年（1551年），辽阳果遇大水，瘟疫，人相食，虏患频，仍赖此赈济。——民国《奉天通志》卷一四0宦迹,,
1551,辽宁,辽阳,辽阳,1551|辽宁|辽阳|辽阳,明世宗嘉靖三十年,无,奉天通志,无,保留,"v6,v7","v6,v7",2,0.2857,是,,,,,,,辽阳市：张铎，嘉靖辛丑进士，积谷六万斛贮辽阳预备仓，以备兵荒。后十年（1551年），辽阳果遇大水，瘟疫，人相食，虏患频，仍赖此赈济。——民国《奉天通志》卷一四0宦迹,辽阳市：张铎，嘉靖辛丑进士，积谷六万斛贮辽阳预备仓，以备兵荒。后十年（1551年），辽阳果遇大水，瘟疫，人相食，虏患频，仍赖此赈济。——民国《奉天通志》卷一四0宦迹
1551,辽宁,辽阳,辽阳,1551|辽宁|辽阳|辽阳,明世宗嘉靖三十年,无,奉天通志,无,保留,"v3,v4","v3,v4",2,0.2857,是,,,,辽宁：辽阳市：张铎，嘉靖辛丑进士，积谷六万斛贮辽阳预备仓，以备兵荒。后十年（1551年），辽阳果遇大水，瘟疫，人相食，虏患频，仍赖此赈济。——民国《奉天通志》卷一四0宦迹,辽宁：辽阳市：张铎，嘉靖辛丑进士，积谷六万斛贮辽阳预备仓，以备兵荒。后十年（1551年），辽阳果遇大水，瘟疫，人相食，虏患频，仍赖此赈济。——民国《奉天通志》卷一四0宦迹,,,
1552,山西,大同市,,1552|山西|大同,明世宗嘉靖三十一年,大同镇,《大同府志》,大同为推测，原文为古代地名大同镇,保留,"v1,v2","v1,v2",2,0.2857,是,,大同市：大同镇饥，人相食。——乾隆《大同府志》卷二十五祥异,大同市：大同镇饥，人相食。——乾隆《大同府志》卷二十五祥异,,,,,
1552,江苏,,宿迁县,1552|江苏|宿迁,明世宗嘉靖三十一年,无,《宿迁县志》,无,保留,"v1,v2,v5","v1,v2,v5",3,0.4286,是,,宿迁市：夏大水，无麦禾。冬大饥，人相食，有父鬻子、夫鬻妻者者以千计。——康熙二十二年《宿迁县志》卷九祥异,宿迁市：夏大水，无麦禾。冬大饥，人相食，有父鬻子、夫鬻妻者者以千计。——康熙二十二年《宿迁县志》卷九祥异,,,宿迁市：夏大水，无麦禾。冬大饥，人相食，有父鬻子、夫鬻妻者者以千计。——康熙二十二年《宿迁县志》卷九祥异,,
1552,山东,,峄县,1552|山东|峄,明世宗嘉靖三十一年,无,《峄县志》,无,保留,"v1,v2,v5","v1,v2,v5",3,0.4286,是,,枣庄市：三十一、二年间，自正月不雨，至夏四月始雨，复大水害稼，岁大饥。强梁着竟白昼揭旗鼓肆掠境内；良民取草根木皮充饥；无赖剥殍肉为食，至有尚呻吟即为人所剥，有司莫能禁，枕藉于沟壑者无算。是年，邑人以饥及盗，瘟疫死者无虑数千。——康熙《峄县志》卷二灾祥,枣庄市：三十一、二年间，自正月不雨，至夏四月始雨，复大水害稼，岁大饥。强梁着竟白昼揭旗鼓肆掠境内；良民取草根木皮充饥；无赖剥殍肉为食，至有尚呻吟即为人所剥，有司莫能禁，枕藉于沟壑者无算。是年，邑人以饥及盗，瘟疫死者无虑数千。——康熙《峄县志》卷二灾祥,,,枣庄市：三十一、二年间，自正月不雨，至夏四月始雨，复大水害稼，岁大饥。强梁着竟白昼揭旗鼓肆掠境内；良民取草根木皮充饥；无赖剥殍肉为食，至有尚呻吟即为人所剥，有司莫能禁，枕藉于沟壑者无算。是年，邑人以饥及盗，瘟疫死者无虑数千。——康熙《峄县志》卷二灾祥,,
1552,山西,,怀仁县,1552|山西|怀仁,明世宗嘉靖三十一年,无,《怀仁县新志》,无,保留,"v1,v2,v5","v1,v2,v5",3,0.4286,是,,怀仁县：大饥，人相食。——光绪《怀仁县新志》卷一祥异,怀仁县：大饥，人相食。——光绪《怀仁县新志》卷一祥异,,,怀仁县：大饥，人相食。——光绪《怀仁县新志》卷一祥异,,
1552,河北,,,1552|河北,明世宗嘉靖三十一年,宣府、大同,《明史》,宣府、大同为明代军镇,保留,v2,v2,1,0.1429,是,,,河北：（二月）宣、大二镇大饥，人相食。——《明史》卷三0《五行志》,,,,,
1552,山东,,蒙阴县,1552|山东|蒙阴,明世宗嘉靖三十一年,无,《蒙阴县志》,无,保留,"v1,v2,v5","v1,v2,v5",3,0.4286,是,,蒙阴县：岁大饥，人相食，死者枕藉。——康熙《蒙阴县志》卷三宦绩,蒙阴县：岁大饥，人相食，死者枕藉。——康熙《蒙阴县志》卷三宦绩,,,蒙阴县：岁大饥，人相食，死者枕藉。——康熙《蒙阴县志》卷三宦绩,,
1552,山西,大同,大同,1552|山西|大同|大同,明世宗嘉靖三十一年,无,大同府志,无,保留,"v3,v4,v6","v3,v4,v6",3,0.4286,是,,,,大同市：大同镇饥，人相食。——乾隆《大同府志》卷二十五祥异,大同市：大同镇饥，人相食。——乾隆《大同府志》卷二十五祥异,,大同市：大同镇饥，人相食。——乾隆《大同府志》卷二十五祥异,
1552,江苏,宿迁,宿迁县,1552|江苏|宿迁|宿迁,明世宗嘉靖三十一年,无,宿迁县志,无,保留,"v3,v4,v6,v7","v3,v4,v6,v7",4,0.5714,是,,,,宿迁市：夏大水，无麦禾。冬大饥，人相食，有父鬻子、夫鬻妻者者以千计。——康熙二十二年《宿迁县志》卷九祥异,宿迁市：夏大水，无麦禾。冬大饥，人相食，有父鬻子、夫鬻妻者者以千计。——康熙二十二年《宿迁县志》卷九祥异,,宿迁市：夏大水，无麦禾。冬大饥，人相食，有父鬻子、夫鬻妻者者以千计。——康熙二十二年《宿迁县志》卷九祥异,宿迁市：夏大水，无麦禾。冬大饥，人相食，有父鬻子、夫鬻妻者者以千计。——康熙二十二年《宿迁县志》卷九祥异
1552,山东,枣庄,峄县,1552|山东|枣庄|峄,明世宗嘉靖三十一年,无,峄县志,无,保留,"v3,v4,v6,v7","v3,v4,v6,v7",4,0.5714,是,,,,枣庄市：三十一、二年间，自正月不雨，至夏四月始雨，复大水害稼，岁大饥。强梁着竟白昼揭旗鼓肆掠境内；良民取草根木皮充饥；无赖剥殍肉为食，至有尚呻吟即为人所剥，有司莫能禁，枕藉于沟壑者无算。是年，邑人以饥及盗，瘟疫死者无虑数千。——康熙《峄县志》卷二灾祥,枣庄市：三十一、二年间，自正月不雨，至夏四月始雨，复大水害稼，岁大饥。强梁着竟白昼揭旗鼓肆掠境内；良民取草根木皮充饥；无赖剥殍肉为食，至有尚呻吟即为人所剥，有司莫能禁，枕藉于沟壑者无算。是年，邑人以饥及盗，瘟疫死者无虑数千。——康熙《峄县志》卷二灾祥,,枣庄市：三十一、二年间，自正月不雨，至夏四月始雨，复大水害稼，岁大饥。强梁着竟白昼揭旗鼓肆掠境内；良民取草根木皮充饥；无赖剥殍肉为食，至有尚呻吟即为人所剥，有司莫能禁，枕藉于沟壑者无算。是年，邑人以饥及盗，瘟疫死者无虑数千。——康熙《峄县志》卷二灾祥,枣庄市：三十一、二年间，自正月不雨，至夏四月始雨，复大水害稼，岁大饥。强梁着竟白昼揭旗鼓肆掠境内；良民取草根木皮充饥；无赖剥殍肉为食，至有尚呻吟即为人所剥，有司莫能禁，枕藉于沟壑者无算。是年，邑人以饥及盗，瘟疫死者无虑数千。——康熙《峄县志》卷二灾祥
1552,山西,,怀仁县,1552|山西|怀仁,明世宗嘉靖三十一年,无,怀仁县新志,无,保留,"v3,v4,v6,v7","v3,v4,v6,v7",4,0.5714,是,,,,怀仁县：大饥，人相食。——光绪《怀仁县新志》卷一祥异,怀仁县：大饥，人相食。——光绪《怀仁县新志》卷一祥异,,怀仁县：大饥，人相食。——光绪《怀仁县新志》卷一祥异,怀仁县：大饥，人相食。——光绪《怀仁县新志》卷一祥异
1552,河北,,大同镇,1552|河北|大同镇,明世宗嘉靖三十一年,无,明史,无,需校验地区信息,"v3,v4,v7","v3,v4,v7",3,0.4286,是,同年同省同来源记录可对应同一事件，但地区层级存在泛指与具体定位并存，需校验地区信息,,,河北：（二月）宣、大二镇大饥，人相食。——《明史》卷三0《五行志》,河北：（二月）宣、大二镇大饥，人相食。——《明史》卷三0《五行志》,,,河北：（二月）宣、大二镇大饥，人相食。——《明史》卷三0《五行志》
1552,河北,,,1552|河北,明世宗嘉靖三十一年,宣、大二镇,明史,宣府、大同二镇原属北边军事区划,需校验地区信息,v6,v6,1,0.1429,是,同年同省同来源记录可对应同一事件，但地区层级存在泛指与具体定位并存，需校验地区信息,,,,,,河北：（二月）宣、大二镇大饥，人相食。——《明史》卷三0《五行志》,
1552,河北,,宣府镇,1552|河北|宣府镇,明世宗嘉靖三十一年,无,明史,无,需校验地区信息,"v3,v4,v7","v3,v4,v7",3,0.4286,是,同年同省同来源记录可对应同一事件，但地区层级存在泛指与具体定位并存，需校验地区信息,,,河北：（二月）宣、大二镇大饥，人相食。——《明史》卷三0《五行志》,河北：（二月）宣、大二镇大饥，人相食。——《明史》卷三0《五行志》,,,河北：（二月）宣、大二镇大饥，人相食。——《明史》卷三0《五行志》
1552,山东,,蒙阴县,1552|山东|蒙阴,明世宗嘉靖三十一年,无,蒙阴县志,无,保留,"v3,v4,v6,v7","v3,v4,v6,v7",4,0.5714,是,,,,蒙阴县：岁大饥，人相食，死者枕藉。——康熙《蒙阴县志》卷三宦绩,蒙阴县：岁大饥，人相食，死者枕藉。——康熙《蒙阴县志》卷三宦绩,,蒙阴县：岁大饥，人相食，死者枕藉。——康熙《蒙阴县志》卷三宦绩,蒙阴县：岁大饥，人相食，死者枕藉。——康熙《蒙阴县志》卷三宦绩
1553,河北,,大城县,1553|河北|大城,明世宗嘉靖三十二年,无,《保定县志》,无,保留,"v1,v2,v4","v1,v2,v4",3,0.4286,是,,大城县：饥，人相食。夏大水，坏民舍，人畜溺死无算。——康熙《保定县志》卷二十六祥异,大城县：饥，人相食。夏大水，坏民舍，人畜溺死无算。——康熙《保定县志》卷二十六祥异,,大城县：饥，人相食。夏大水，坏民舍，人畜溺死无算。——康熙《保定县志》卷二十六祥异,,,
1553,河北,,满城县,1553|河北|满城,明世宗嘉靖三十二年,无,《保定府志》,无,保留,"v1,v2,v4","v1,v2,v4",3,0.4286,是,,满城县：春大饥，人相食。——光绪《保定府志》卷四十祥异,满城县：春大饥，人相食。——光绪《保定府志》卷四十祥异,,满城县：春大饥，人相食。——光绪《保定府志》卷四十祥异,,,
1553,河北,,清苑县,1553|河北|清苑,明世宗嘉靖三十二年,无,《保定府志》,无,保留,"v1,v2,v4","v1,v2,v4",3,0.4286,是,,清苑县：春大饥，人相食。夏大水，坏民屋舍，人畜溺死者无算。——万历《保定府志》卷十五祥异,清苑县：春大饥，人相食。夏大水，坏民屋舍，人畜溺死者无算。——万历《保定府志》卷十五祥异,,清苑县：春大饥，人相食。夏大水，坏民屋舍，人畜溺死者无算。——万历《保定府志》卷十五祥异,,,
1553,山东,,峄县,1553|山东|峄,明世宗嘉靖三十二年,峄县,《兖州府志》,峄县为古代地名，现代对应山东省枣庄市峄城区,需校验地区信息,v1,v1,1,0.1429,是,同年同省同来源同 record，但地区名存在近似异写或明显异体，需校验地区信息,兖州县等：府境州县大饥，滕、邹、滋、峄人相食。——康熙《兖州府志》卷三十九灾祥,,,,,,
1553,山东,,滋阳,1553|山东|滋阳,明世宗嘉靖三十二年,滋阳,《兖州府志》,滋阳为古代地名，现代对应山东省济宁市兖州区,需校验地区信息,v1,v1,1,0.1429,是,同年同省同来源同 record，但地区名存在近似异写或明显异体，需校验地区信息,兖州县等：府境州县大饥，滕、邹、滋、峄人相食。——康熙《兖州府志》卷三十九灾祥,,,,,,
1553,山东,,滕县,1553|山东|滕,明世宗嘉靖三十二年,滕县,《兖州府志》,滕县为古代地名，现代对应山东省枣庄市滕州市,需校验地区信息,v1,v1,1,0.1429,是,同年同省同来源同 record，但地区名存在近似异写或明显异体，需校验地区信息,兖州县等：府境州县大饥，滕、邹、滋、峄人相食。——康熙《兖州府志》卷三十九灾祥,,,,,,
1553,山东,,邹县,1553|山东|邹,明世宗嘉靖三十二年,邹县,《兖州府志》,邹县为古代地名，现代对应山东省济宁市邹城市,需校验地区信息,v1,v1,1,0.1429,是,同年同省同来源同 record，但地区名存在近似异写或明显异体，需校验地区信息,兖州县等：府境州县大饥，滕、邹、滋、峄人相食。——康熙《兖州府志》卷三十九灾祥,,,,,,
1553,山东,临沂市,临沂市,1553|山东|临沂|临沂,明世宗嘉靖三十二年,无,《兖州府志》,无,需校验地区信息,"v1,v2","v1,v2",2,0.2857,是,同年同省同来源同 record，但地区名存在近似异写或明显异体，需校验地区信息,临沂市等：沂州自春正月不雨，至于夏四月乃雨，复大水。滕（滕州）、邹（邹城）、滋（滋阳）、峄（峄县）大饥，人相食。——万历元年《兖州府志》卷十五灾祥,临沂市等：沂州自春正月不雨，至于夏四月乃雨，复大水。滕（滕州）、邹（邹城）、滋（滋阳）、峄（峄县）大饥，人相食。——万历元年《兖州府志》卷十五灾祥,,,,,
1553,山东,,峄县,1553|山东|峄,明世宗嘉靖三十二年,峄县,《兖州府志》,峄县为古代地名，现代对应山东省枣庄市峄城区,需校验地区信息,"v1,v4","v1,v4",2,0.2857,是,同年同省同来源同 record，但地区名存在近似异写或明显异体，需校验地区信息,临沂市等：沂州自春正月不雨，至于夏四月乃雨，复大水。滕（滕州）、邹（邹城）、滋（滋阳）、峄（峄县）大饥，人相食。——万历元年《兖州府志》卷十五灾祥,,,临沂市等：沂州自春正月不雨，至于夏四月乃雨，复大水。滕（滕州）、邹（邹城）、滋（滋阳）、峄（峄县）大饥，人相食。——万历元年《兖州府志》卷十五灾祥,,,
1553,山东,,滋阳,1553|山东|滋阳,明世宗嘉靖三十二年,滋阳,《兖州府志》,滋阳为古代地名，现代对应山东省济宁市兖州区,需校验地区信息,"v1,v4","v1,v4",2,0.2857,是,同年同省同来源同 record，但地区名存在近似异写或明显异体，需校验地区信息,临沂市等：沂州自春正月不雨，至于夏四月乃雨，复大水。滕（滕州）、邹（邹城）、滋（滋阳）、峄（峄县）大饥，人相食。——万历元年《兖州府志》卷十五灾祥,,,临沂市等：沂州自春正月不雨，至于夏四月乃雨，复大水。滕（滕州）、邹（邹城）、滋（滋阳）、峄（峄县）大饥，人相食。——万历元年《兖州府志》卷十五灾祥,,,
1553,山东,,滕县,1553|山东|滕,明世宗嘉靖三十二年,滕县,《兖州府志》,滕县为古代地名，现代对应山东省枣庄市滕州市,需校验地区信息,v1,v1,1,0.1429,是,同年同省同来源同 record，但地区名存在近似异写或明显异体，需校验地区信息,临沂市等：沂州自春正月不雨，至于夏四月乃雨，复大水。滕（滕州）、邹（邹城）、滋（滋阳）、峄（峄县）大饥，人相食。——万历元年《兖州府志》卷十五灾祥,,,,,,
1553,山东,,邹县,1553|山东|邹,明世宗嘉靖三十二年,邹县,《兖州府志》,邹县为古代地名，现代对应山东省济宁市邹城市,需校验地区信息,v1,v1,1,0.1429,是,同年同省同来源同 record，但地区名存在近似异写或明显异体，需校验地区信息,临沂市等：沂州自春正月不雨，至于夏四月乃雨，复大水。滕（滕州）、邹（邹城）、滋（滋阳）、峄（峄县）大饥，人相食。——万历元年《兖州府志》卷十五灾祥,,,,,,
1553,山东,,邹城,1553|山东|邹城,明世宗嘉靖三十二年,邹,《兖州府志》,无,需校验地区信息,v4,v4,1,0.1429,是,同年同省同来源同 record，但地区名存在近似异写或明显异体，需校验地区信息,,,,临沂市等：沂州自春正月不雨，至于夏四月乃雨，复大水。滕（滕州）、邹（邹城）、滋（滋阳）、峄（峄县）大饥，人相食。——万历元年《兖州府志》卷十五灾祥,,,
1553,河北,,,1553|河北,明世宗嘉靖三十二年,无,《历代社会风俗事物考》,转引《金垒子》,保留,v2,v2,1,0.1429,是,,,京师大饥，人相食，米石二两二钱。——《历代社会风俗事物考》转引《金垒子》,,,,,
1553,河北,,安新县,1553|河北|安新,明世宗嘉靖三十二年,无,《安州志》,无,保留,"v1,v2,v4","v1,v2,v4",3,0.4286,是,,安新县：春大饥，人相食。夏大水，坏民屋舍，人畜溺死者无算。——康熙《安州志》卷七祥异,安新县：春大饥，人相食。夏大水，坏民屋舍，人畜溺死者无算。——康熙《安州志》卷七祥异,,安新县：春大饥，人相食。夏大水，坏民屋舍，人畜溺死者无算。——康熙《安州志》卷七祥异,,,
1553,山东,,阳谷县,1553|山东|阳谷,明世宗嘉靖三十二年,无,《寿张县志》,无,保留,"v1,v2,v4","v1,v2,v4",3,0.4286,是,,阳谷县：大饥，人相食。——光绪《寿张县志》卷十灾变,阳谷县：大饥，人相食。——光绪《寿张县志》卷十灾变,,阳谷县：大饥，人相食。——光绪《寿张县志》卷十灾变,,,
1553,河北,,平乡县,1553|河北|平乡,明世宗嘉靖三十二年,无,《平乡县志》,无,保留,"v1,v2,v4","v1,v2,v4",3,0.4286,是,,平乡县：春正月元旦，昼晦如夜。秋七月，大水入城。大饥，人相食。——康熙《平乡县志》卷三纪事,平乡县：春正月元旦，昼晦如夜。秋七月，大水入城。大饥，人相食。——康熙《平乡县志》卷三纪事,,平乡县：春正月元旦，昼晦如夜。秋七月，大水入城。大饥，人相食。——康熙《平乡县志》卷三纪事,,,
1553,安徽,,萧县,1553|安徽|萧,明世宗嘉靖三十二年,无,《徐州府志》,无,保留,"v1,v2,v4","v1,v2,v4",3,0.4286,是,,萧县：春，徐、萧、沛、丰、邳、睢俱大饥，人相食。——同治《徐州府志》卷二十五,萧县：春，徐、萧、沛、丰、邳、睢俱大饥，人相食。——同治《徐州府志》卷二十五,,萧县：春，徐、萧、沛、丰、邳、睢俱大饥，人相食。——同治《徐州府志》卷二十五,,,
1553,山东,新泰市,新泰市,1553|山东|新泰|新泰,明世宗嘉靖三十二年,无,《新泰县志》,无,保留,"v1,v2,v4","v1,v2,v4",3,0.4286,是,,新泰市：大饥，人相食，道路不通，死者相枕藉。——天启《新泰县志》卷八祥异,新泰市：大饥，人相食，道路不通，死者相枕藉。——天启《新泰县志》卷八祥异,,新泰市：大饥，人相食，道路不通，死者相枕藉。——天启《新泰县志》卷八祥异,,,
1553,山东,,泗水县,1553|山东|泗水,明世宗嘉靖三十二年,无,《泗水县志》,无,保留,"v1,v2,v4","v1,v2,v4",3,0.4286,是,,泗水县：大饥，人相食，斗粟三钱。——顺治《泗水县志》卷十一灾祥,泗水县：大饥，人相食，斗粟三钱。——顺治《泗水县志》卷十一灾祥,,泗水县：大饥，人相食，斗粟三钱。——顺治《泗水县志》卷十一灾祥,,,
1553,山东,济宁市,济宁市,1553|山东|济宁|济宁,明世宗嘉靖三十二年,无,《济宁直隶州志》,无,保留,"v1,v2,v4","v1,v2,v4",3,0.4286,是,,济宁市：河溢，运道淤。大饥，人相食。——乾隆《济宁直隶州志》卷一纪年,济宁市：河溢，运道淤。大饥，人相食。——乾隆《济宁直隶州志》卷一纪年,,济宁市：河溢，运道淤。大饥，人相食。——乾隆《济宁直隶州志》卷一纪年,,,
1553,山东,,滕县,1553|山东|滕,明世宗嘉靖三十二年,滕县,《滕县志》,滕县为古代地名，现代对应山东省枣庄市滕州市,保留,"v1,v2,v4","v1,v2,v4",3,0.4286,是,,滕县：大饥，食草食木皮既尽，剥割殍肉石之，有呻吟未绝，而肉已被割者。——康熙《滕县志》卷三灾异,滕县：大饥，食草食木皮既尽，剥割殍肉石之，有呻吟未绝，而肉已被割者。——康熙《滕县志》卷三灾异,,滕县：大饥，食草食木皮既尽，剥割殍肉石之，有呻吟未绝，而肉已被割者。——康熙《滕县志》卷三灾异,,,
1553,河北,,定州市,1553|河北|定,明世宗嘉靖三十二年,无,《直隶定州志》,无,保留,"v1,v2,v4","v1,v2,v4",3,0.4286,是,,定州市：春夏荒歉。秋大水，时以树皮充饥，斗栗三钱，民有相食者。——雍正《直隶定州志》卷十祥异,定州市：春夏荒歉。秋大水，时以树皮充饥，斗栗三钱，民有相食者。——雍正《直隶定州志》卷十祥异,,定州市：春夏荒歉。秋大水，时以树皮充饥，斗栗三钱，民有相食者。——雍正《直隶定州志》卷十祥异,,,
1553,江苏,,丰县,1553|江苏|丰,明世宗嘉靖三十二年,无,《睢宁县志稿》,无,需校验地区信息,v1,v1,1,0.1429,是,同年同省同来源同 record，但地区名存在近似异写或明显异体，需校验地区信息,徐州市等：春，徐、萧、沛、丰、邳、睢俱大饥，人相食。——光绪《睢宁县志稿》卷十五祥异,,,,,,
1553,江苏,徐州市,徐州市,1553|江苏|徐|徐,明世宗嘉靖三十二年,无,《睢宁县志稿》,无,需校验地区信息,"v1,v2,v4","v1,v2,v4",3,0.4286,是,同年同省同来源同 record，但地区名存在近似异写或明显异体，需校验地区信息,徐州市等：春，徐、萧、沛、丰、邳、睢俱大饥，人相食。——光绪《睢宁县志稿》卷十五祥异,徐州市等：春，徐、萧、沛、丰、邳、睢俱大饥，人相食。——光绪《睢宁县志稿》卷十五祥异,,徐州市等：春，徐、萧、沛、丰、邳、睢俱大饥，人相食。——光绪《睢宁县志稿》卷十五祥异,,,
1553,江苏,,沛县,1553|江苏|沛,明世宗嘉靖三十二年,无,《睢宁县志稿》,无,需校验地区信息,v1,v1,1,0.1429,是,同年同省同来源同 record，但地区名存在近似异写或明显异体，需校验地区信息,徐州市等：春，徐、萧、沛、丰、邳、睢俱大饥，人相食。——光绪《睢宁县志稿》卷十五祥异,,,,,,
1553,江苏,,睢宁县,1553|江苏|睢宁,明世宗嘉靖三十二年,无,《睢宁县志稿》,无,需校验地区信息,v1,v1,1,0.1429,是,同年同省同来源同 record，但地区名存在近似异写或明显异体，需校验地区信息,徐州市等：春，徐、萧、沛、丰、邳、睢俱大饥，人相食。——光绪《睢宁县志稿》卷十五祥异,,,,,,
1553,安徽,,萧县,1553|安徽|萧,明世宗嘉靖三十二年,无,《睢宁县志稿》,无,保留,v1,v1,1,0.1429,是,,徐州市等：春，徐、萧、沛、丰、邳、睢俱大饥，人相食。——光绪《睢宁县志稿》卷十五祥异,,,,,,
1553,江苏,,邳县,1553|江苏|邳,明世宗嘉靖三十二年,无,《睢宁县志稿》,无,需校验地区信息,v1,v1,1,0.1429,是,同年同省同来源同 record，但地区名存在近似异写或明显异体，需校验地区信息,徐州市等：春，徐、萧、沛、丰、邳、睢俱大饥，人相食。——光绪《睢宁县志稿》卷十五祥异,,,,,,
1553,山东,,蒙阴县,1553|山东|蒙阴,明世宗嘉靖三十二年,无,《蒙阴县志》,无,保留,"v1,v2,v4","v1,v2,v4",3,0.4286,是,,蒙阴县：大饥，人相食，赈恤。——康熙二十四年《蒙阴县志》卷八灾异,蒙阴县：大饥，人相食，赈恤。——康熙二十四年《蒙阴县志》卷八灾异,,蒙阴县：大饥，人相食，赈恤。——康熙二十四年《蒙阴县志》卷八灾异,,,
1553,河北,,蠡县,1553|河北|蠡,明世宗嘉靖三十二年,无,《蠡县志》,无,保留,"v1,v2,v4","v1,v2,v4",3,0.4286,是,,蠡县：春大饥，人相食。夏大水，坏民屋舍，人畜溺死者无算。——顺治《蠡县志》卷八祥异,蠡县：春大饥，人相食。夏大水，坏民屋舍，人畜溺死者无算。——顺治《蠡县志》卷八祥异,,蠡县：春大饥，人相食。夏大水，坏民屋舍，人畜溺死者无算。——顺治《蠡县志》卷八祥异,,,
1553,河北,,邢台县,1553|河北|邢台,明世宗嘉靖三十二年,无,《邢台县志》,无,保留,"v1,v2,v4","v1,v2,v4",3,0.4286,是,,邢台县：大水，饥甚，人相食。——康熙《邢台县志》卷十二纪事,邢台县：大水，饥甚，人相食。——康熙《邢台县志》卷十二纪事,,邢台县：大水，饥甚，人相食。——康熙《邢台县志》卷十二纪事,,,
1553,河北,,邯郸县,1553|河北|邯郸,明世宗嘉靖三十二年,无,《邯郸县志》,无,保留,"v1,v2,v4","v1,v2,v4",3,0.4286,是,,邯郸县：大饥，人相食。——康熙《邯郸县志》卷十灾异,邯郸县：大饥，人相食。——康熙《邯郸县志》卷十灾异,,邯郸县：大饥，人相食。——康熙《邯郸县志》卷十灾异,,,
1553,江苏,,邳县,1553|江苏|邳,明世宗嘉靖三十二年,无,《邳州志》,无,保留,"v1,v2,v4","v1,v2,v4",3,0.4286,是,,邳县：春大饥，人相食。——嘉庆《邳州志》卷十七祥异,邳县：春大饥，人相食。——嘉庆《邳州志》卷十七祥异,,邳县：春大饥，人相食。——嘉庆《邳州志》卷十七祥异,,,
1553,山东,,郓城县,1553|山东|郓城,明世宗嘉靖三十二年,无,《郓城县志》,无,保留,"v1,v2,v4","v1,v2,v4",3,0.4286,是,,郓城县：大饥，人相食。——崇祯《郓城县志》卷七灾祥,郓城县：大饥，人相食。——崇祯《郓城县志》卷七灾祥,,郓城县：大饥，人相食。——崇祯《郓城县志》卷七灾祥,,,
1553,山东,,金乡县,1553|山东|金乡,明世宗嘉靖三十二年,无,《金乡县志略》,无,保留,"v1,v2,v4","v1,v2,v4",3,0.4286,是,,金乡县：河溢，运道淤。大饥，人相食。——咸丰《金乡县志略》卷十一纪事,金乡县：河溢，运道淤。大饥，人相食。——咸丰《金乡县志略》卷十一纪事,,金乡县：河溢，运道淤。大饥，人相食。——咸丰《金乡县志略》卷十一纪事,,,
1553,河北,北京,,1553|河北|北京,明世宗嘉靖三十二年,京师,《金垒子》转引《历代社会风俗事物考》,无,需进一步分析,v1,v1,1,0.5,否,"同类 record 存在于 v1,v2；本条仅存在于 v1；占比 50.0%",京师大饥，人相食，米石二两二钱。——《历代社会风俗事物考》转引《金垒子》,,,,,,
1553,河北,,巨鹿县,1553|河北|巨鹿,明世宗嘉靖三十二年,无,《钜鹿县志》,无,保留,"v1,v2,v4","v1,v2,v4",3,0.4286,是,,巨鹿县：大水，大饥，人相食。——顺治《钜鹿县志》卷八灾异,巨鹿县：大水，大饥，人相食。——顺治《钜鹿县志》卷八灾异,,巨鹿县：大水，大饥，人相食。——顺治《钜鹿县志》卷八灾异,,,
1553,河北,,饶阳县,1553|河北|饶阳,明世宗嘉靖三十二年,无,《饶阳县志》,无,保留,"v1,v2,v4","v1,v2,v4",3,0.4286,是,,饶阳县：夏六月，滹沱、滋水交溢。大饥，人相食。——乾隆《饶阳县志》卷下纪事,饶阳县：夏六月，滹沱、滋水交溢。大饥，人相食。——乾隆《饶阳县志》卷下纪事,,饶阳县：夏六月，滹沱、滋水交溢。大饥，人相食。——乾隆《饶阳县志》卷下纪事,,,
1553,河北,,高阳县,1553|河北|高阳,明世宗嘉靖三十二年,无,《高阳县志》,无,保留,"v1,v2,v4","v1,v2,v4",3,0.4286,是,,高阳县：春大饥，人相食。夏大水。——雍正《高阳县志》卷六禨祥,高阳县：春大饥，人相食。夏大水。——雍正《高阳县志》卷六禨祥,,高阳县：春大饥，人相食。夏大水。——雍正《高阳县志》卷六禨祥,,,
1553,河北,保定,大城县,1553|河北|保定|大城,明世宗嘉靖三十二年,无,保定县志,无,保留,"v3,v5,v6","v3,v5,v6",3,0.4286,是,,,,大城县：饥，人相食。夏大水，坏民舍，人畜溺死无算。——康熙《保定县志》卷二十六祥异,,大城县：饥，人相食。夏大水，坏民舍，人畜溺死无算。——康熙《保定县志》卷二十六祥异,大城县：饥，人相食。夏大水，坏民舍，人畜溺死无算。——康熙《保定县志》卷二十六祥异,
1553,河北,保定,满城县,1553|河北|保定|满城,明世宗嘉靖三十二年,无,保定府志,无,保留,"v3,v5,v6","v3,v5,v6",3,0.4286,是,,,,满城县：春大饥，人相食。——光绪《保定府志》卷四十祥异,,满城县：春大饥，人相食。——光绪《保定府志》卷四十祥异,满城县：春大饥，人相食。——光绪《保定府志》卷四十祥异,
1553,河北,保定,清苑县,1553|河北|保定|清苑,明世宗嘉靖三十二年,无,保定府志,无,保留,"v3,v5,v6","v3,v5,v6",3,0.4286,是,,,,清苑县：春大饥，人相食。夏大水，坏民屋舍，人畜溺死者无算。——万历《保定府志》卷十五祥异,,清苑县：春大饥，人相食。夏大水，坏民屋舍，人畜溺死者无算。——万历《保定府志》卷十五祥异,清苑县：春大饥，人相食。夏大水，坏民屋舍，人畜溺死者无算。——万历《保定府志》卷十五祥异,
1553,山东,枣庄,峄县,1553|山东|枣庄|峄,明世宗嘉靖三十二年,峄,兖州府志,无,需校验地区信息,"v3,v5,v6","v3,v5,v6",3,0.4286,是,同年同省同来源同 record，但地区名存在近似异写或明显异体，需校验地区信息,,,兖州县等：府境州县大饥，滕、邹、滋、峄人相食。——康熙《兖州府志》卷三十九灾祥,,兖州县等：府境州县大饥，滕、邹、滋、峄人相食。——康熙《兖州府志》卷三十九灾祥,兖州县等：府境州县大饥，滕、邹、滋、峄人相食。——康熙《兖州府志》卷三十九灾祥,
1553,山东,,滋县,1553|山东|滋,明世宗嘉靖三十二年,无,兖州府志,无,需校验地区信息,v5,v5,1,0.1429,是,同年同省同来源同 record，但地区名存在近似异写或明显异体，需校验地区信息,,,,,兖州县等：府境州县大饥，滕、邹、滋、峄人相食。——康熙《兖州府志》卷三十九灾祥,,
1553,山东,济宁,滋阳,1553|山东|济宁|滋阳,明世宗嘉靖三十二年,滋,兖州府志,无,需校验地区信息,"v3,v6","v3,v6",2,0.2857,是,同年同省同来源同 record，但地区名存在近似异写或明显异体，需校验地区信息,,,兖州县等：府境州县大饥，滕、邹、滋、峄人相食。——康熙《兖州府志》卷三十九灾祥,,,兖州县等：府境州县大饥，滕、邹、滋、峄人相食。——康熙《兖州府志》卷三十九灾祥,
1553,山东,济宁,滕州,1553|山东|济宁|滕,明世宗嘉靖三十二年,滕,兖州府志,无,需校验地区信息,"v3,v5,v6","v3,v5,v6",3,0.4286,是,同年同省同来源同 record，但地区名存在近似异写或明显异体，需校验地区信息,,,兖州县等：府境州县大饥，滕、邹、滋、峄人相食。——康熙《兖州府志》卷三十九灾祥,,兖州县等：府境州县大饥，滕、邹、滋、峄人相食。——康熙《兖州府志》卷三十九灾祥,兖州县等：府境州县大饥，滕、邹、滋、峄人相食。——康熙《兖州府志》卷三十九灾祥,
1553,山东,,邹县,1553|山东|邹,明世宗嘉靖三十二年,邹,兖州府志,无,需校验地区信息,"v3,v5","v3,v5",2,0.2857,是,同年同省同来源同 record，但地区名存在近似异写或明显异体，需校验地区信息,,,兖州县等：府境州县大饥，滕、邹、滋、峄人相食。——康熙《兖州府志》卷三十九灾祥,,兖州县等：府境州县大饥，滕、邹、滋、峄人相食。——康熙《兖州府志》卷三十九灾祥,,
1553,山东,济宁,邹城,1553|山东|济宁|邹城,明世宗嘉靖三十二年,邹城,兖州府志,无,需校验地区信息,v6,v6,1,0.1429,是,同年同省同来源同 record，但地区名存在近似异写或明显异体，需校验地区信息,,,,,,兖州县等：府境州县大饥，滕、邹、滋、峄人相食。——康熙《兖州府志》卷三十九灾祥,
1553,山东,,峄县,1553|山东|峄,明世宗嘉靖三十二年,峄,兖州府志,无,需校验地区信息,"v3,v5","v3,v5",2,0.2857,是,同年同省同来源同 record，但地区名存在近似异写或明显异体，需校验地区信息,,,临沂市等：沂州自春正月不雨，至于夏四月乃雨，复大水。滕（滕州）、邹（邹城）、滋（滋阳）、峄（峄县）大饥，人相食。——万历元年《兖州府志》卷十五灾祥,,临沂市等：沂州自春正月不雨，至于夏四月乃雨，复大水。滕（滕州）、邹（邹城）、滋（滋阳）、峄（峄县）大饥，人相食。——万历元年《兖州府志》卷十五灾祥,,
1553,山东,临沂,沂州,1553|山东|临沂|沂,明世宗嘉靖三十二年,沂州,兖州府志,无,需校验地区信息,v6,v6,1,0.1429,是,同年同省同来源同 record，但地区名存在近似异写或明显异体，需校验地区信息,,,,,,临沂市等：沂州自春正月不雨，至于夏四月乃雨，复大水。滕（滕州）、邹（邹城）、滋（滋阳）、峄（峄县）大饥，人相食。——万历元年《兖州府志》卷十五灾祥,
1553,山东,,滋县,1553|山东|滋,明世宗嘉靖三十二年,无,兖州府志,无,需校验地区信息,v5,v5,1,0.1429,是,同年同省同来源同 record，但地区名存在近似异写或明显异体，需校验地区信息,,,,,临沂市等：沂州自春正月不雨，至于夏四月乃雨，复大水。滕（滕州）、邹（邹城）、滋（滋阳）、峄（峄县）大饥，人相食。——万历元年《兖州府志》卷十五灾祥,,
1553,山东,,滋阳,1553|山东|滋阳,明世宗嘉靖三十二年,滋,兖州府志,无,需校验地区信息,v3,v3,1,0.1429,是,同年同省同来源同 record，但地区名存在近似异写或明显异体，需校验地区信息,,,临沂市等：沂州自春正月不雨，至于夏四月乃雨，复大水。滕（滕州）、邹（邹城）、滋（滋阳）、峄（峄县）大饥，人相食。——万历元年《兖州府志》卷十五灾祥,,,,
1553,山东,,滕县,1553|山东|滕,明世宗嘉靖三十二年,滕,兖州府志,无,需校验地区信息,"v3,v5","v3,v5",2,0.2857,是,同年同省同来源同 record，但地区名存在近似异写或明显异体，需校验地区信息,,,临沂市等：沂州自春正月不雨，至于夏四月乃雨，复大水。滕（滕州）、邹（邹城）、滋（滋阳）、峄（峄县）大饥，人相食。——万历元年《兖州府志》卷十五灾祥,,临沂市等：沂州自春正月不雨，至于夏四月乃雨，复大水。滕（滕州）、邹（邹城）、滋（滋阳）、峄（峄县）大饥，人相食。——万历元年《兖州府志》卷十五灾祥,,
1553,山东,,邹县,1553|山东|邹,明世宗嘉靖三十二年,邹,兖州府志,无,需校验地区信息,"v3,v5","v3,v5",2,0.2857,是,同年同省同来源同 record，但地区名存在近似异写或明显异体，需校验地区信息,,,临沂市等：沂州自春正月不雨，至于夏四月乃雨，复大水。滕（滕州）、邹（邹城）、滋（滋阳）、峄（峄县）大饥，人相食。——万历元年《兖州府志》卷十五灾祥,,临沂市等：沂州自春正月不雨，至于夏四月乃雨，复大水。滕（滕州）、邹（邹城）、滋（滋阳）、峄（峄县）大饥，人相食。——万历元年《兖州府志》卷十五灾祥,,
1553,北京,,京师,1553|北京|京师,明世宗嘉靖三十二年,无,历代社会风俗事物考,疑似OCR错误,保留,"v3,v5,v6","v3,v5,v6",3,0.4286,是,,,,京师大饥，人相食，米石二两二钱。——《历代社会风俗事物考》转引《金垒子》,,京师大饥，人相食，米石二两二钱。——《历代社会风俗事物考》转引《金垒子》,京师大饥，人相食，米石二两二钱。——《历代社会风俗事物考》转引《金垒子》,
1553,河北,保定,安新县,1553|河北|保定|安新,明世宗嘉靖三十二年,无,安州志,无,保留,"v3,v5,v6","v3,v5,v6",3,0.4286,是,,,,安新县：春大饥，人相食。夏大水，坏民屋舍，人畜溺死者无算。——康熙《安州志》卷七祥异,,安新县：春大饥，人相食。夏大水，坏民屋舍，人畜溺死者无算。——康熙《安州志》卷七祥异,安新县：春大饥，人相食。夏大水，坏民屋舍，人畜溺死者无算。——康熙《安州志》卷七祥异,
1553,山东,聊城,阳谷县,1553|山东|聊城|阳谷,明世宗嘉靖三十二年,无,寿张县志,无,保留,"v3,v5,v6","v3,v5,v6",3,0.4286,是,,,,阳谷县：大饥，人相食。——光绪《寿张县志》卷十灾变,,阳谷县：大饥，人相食。——光绪《寿张县志》卷十灾变,阳谷县：大饥，人相食。——光绪《寿张县志》卷十灾变,
1553,河北,邢台,平乡县,1553|河北|邢台|平乡,明世宗嘉靖三十二年,无,平乡县志,无,保留,"v3,v5,v6","v3,v5,v6",3,0.4286,是,,,,平乡县：春正月元旦，昼晦如夜。秋七月，大水入城。大饥，人相食。——康熙《平乡县志》卷三纪事,,平乡县：春正月元旦，昼晦如夜。秋七月，大水入城。大饥，人相食。——康熙《平乡县志》卷三纪事,平乡县：春正月元旦，昼晦如夜。秋七月，大水入城。大饥，人相食。——康熙《平乡县志》卷三纪事,
1553,安徽,,萧县,1553|安徽|萧,明世宗嘉靖三十二年,无,徐州府志,无,保留,"v3,v5","v3,v5",2,0.2857,是,,,,萧县：春，徐、萧、沛、丰、邳、睢俱大饥，人相食。——同治《徐州府志》卷二十五,,萧县：春，徐、萧、沛、丰、邳、睢俱大饥，人相食。——同治《徐州府志》卷二十五,,
1553,江苏,徐州,萧县,1553|江苏|徐|萧,明世宗嘉靖三十二年,萧县,徐州府志,无,保留,v6,v6,1,0.1429,是,,,,,,,安徽：萧县：春，徐、萧、沛、丰、邳、睢俱大饥，人相食。——同治《徐州府志》卷二十五,
1553,山东,泰安,新泰市,1553|山东|泰安|新泰,明世宗嘉靖三十二年,无,新泰县志,无,保留,"v3,v5,v6","v3,v5,v6",3,0.4286,是,,,,新泰市：大饥，人相食，道路不通，死者相枕藉。——天启《新泰县志》卷八祥异,,新泰市：大饥，人相食，道路不通，死者相枕藉。——天启《新泰县志》卷八祥异,新泰市：大饥，人相食，道路不通，死者相枕藉。——天启《新泰县志》卷八祥异,
1553,山东,济宁,泗水县,1553|山东|济宁|泗水,明世宗嘉靖三十二年,无,泗水县志,无,保留,"v3,v5,v6","v3,v5,v6",3,0.4286,是,,,,泗水县：大饥，人相食，斗粟三钱。——顺治《泗水县志》卷十一灾祥,,泗水县：大饥，人相食，斗粟三钱。——顺治《泗水县志》卷十一灾祥,泗水县：大饥，人相食，斗粟三钱。——顺治《泗水县志》卷十一灾祥,
1553,山东,济宁,济宁市,1553|山东|济宁|济宁,明世宗嘉靖三十二年,无,济宁直隶州志,无,保留,"v3,v5,v6","v3,v5,v6",3,0.4286,是,,,,济宁市：河溢，运道淤。大饥，人相食。——乾隆《济宁直隶州志》卷一纪年,,济宁市：河溢，运道淤。大饥，人相食。——乾隆《济宁直隶州志》卷一纪年,济宁市：河溢，运道淤。大饥，人相食。——乾隆《济宁直隶州志》卷一纪年,
1553,山东,枣庄,滕县,1553|山东|枣庄|滕,明世宗嘉靖三十二年,无,滕县志,无,保留,"v3,v5,v6","v3,v5,v6",3,0.4286,是,,,,滕县：大饥，食草食木皮既尽，剥割殍肉石之，有呻吟未绝，而肉已被割者。——康熙《滕县志》卷三灾异,,滕县：大饥，食草食木皮既尽，剥割殍肉石之，有呻吟未绝，而肉已被割者。——康熙《滕县志》卷三灾异,滕县：大饥，食草食木皮既尽，剥割殍肉石之，有呻吟未绝，而肉已被割者。——康熙《滕县志》卷三灾异,
1553,河北,,定州,1553|河北|定,明世宗嘉靖三十二年,无,直隶定州志,无,保留,"v3,v5,v6","v3,v5,v6",3,0.4286,是,,,,定州市：春夏荒歉。秋大水，时以树皮充饥，斗栗三钱，民有相食者。——雍正《直隶定州志》卷十祥异,,定州市：春夏荒歉。秋大水，时以树皮充饥，斗栗三钱，民有相食者。——雍正《直隶定州志》卷十祥异,定州市：春夏荒歉。秋大水，时以树皮充饥，斗栗三钱，民有相食者。——雍正《直隶定州志》卷十祥异,
1553,江苏,徐州,丰县,1553|江苏|徐|丰,明世宗嘉靖三十二年,无,睢宁县志稿,无,需校验地区信息,"v3,v5,v6","v3,v5,v6",3,0.4286,是,同年同省同来源同 record，但地区名存在近似异写或明显异体，需校验地区信息,,,徐州市等：春，徐、萧、沛、丰、邳、睢俱大饥，人相食。——光绪《睢宁县志稿》卷十五祥异,,徐州市等：春，徐、萧、沛、丰、邳、睢俱大饥，人相食。——光绪《睢宁县志稿》卷十五祥异,徐州市等：春，徐、萧、沛、丰、邳、睢俱大饥，人相食。——光绪《睢宁县志稿》卷十五祥异,
1553,江苏,徐州,徐州市,1553|江苏|徐|徐,明世宗嘉靖三十二年,无,睢宁县志稿,无,需校验地区信息,"v3,v5,v6","v3,v5,v6",3,0.4286,是,同年同省同来源同 record，但地区名存在近似异写或明显异体，需校验地区信息,,,徐州市等：春，徐、萧、沛、丰、邳、睢俱大饥，人相食。——光绪《睢宁县志稿》卷十五祥异,,徐州市等：春，徐、萧、沛、丰、邳、睢俱大饥，人相食。——光绪《睢宁县志稿》卷十五祥异,徐州市等：春，徐、萧、沛、丰、邳、睢俱大饥，人相食。——光绪《睢宁县志稿》卷十五祥异,
1553,江苏,徐州,沛县,1553|江苏|徐|沛,明世宗嘉靖三十二年,无,睢宁县志稿,无,需校验地区信息,"v3,v5,v6","v3,v5,v6",3,0.4286,是,同年同省同来源同 record，但地区名存在近似异写或明显异体，需校验地区信息,,,徐州市等：春，徐、萧、沛、丰、邳、睢俱大饥，人相食。——光绪《睢宁县志稿》卷十五祥异,,徐州市等：春，徐、萧、沛、丰、邳、睢俱大饥，人相食。——光绪《睢宁县志稿》卷十五祥异,徐州市等：春，徐、萧、沛、丰、邳、睢俱大饥，人相食。——光绪《睢宁县志稿》卷十五祥异,
1553,江苏,徐州,睢宁县,1553|江苏|徐|睢宁,明世宗嘉靖三十二年,无,睢宁县志稿,无,需校验地区信息,"v3,v5,v6","v3,v5,v6",3,0.4286,是,同年同省同来源同 record，但地区名存在近似异写或明显异体，需校验地区信息,,,徐州市等：春，徐、萧、沛、丰、邳、睢俱大饥，人相食。——光绪《睢宁县志稿》卷十五祥异,,徐州市等：春，徐、萧、沛、丰、邳、睢俱大饥，人相食。——光绪《睢宁县志稿》卷十五祥异,徐州市等：春，徐、萧、沛、丰、邳、睢俱大饥，人相食。——光绪《睢宁县志稿》卷十五祥异,
1553,江苏,,萧县,1553|江苏|萧,明世宗嘉靖三十二年,无,睢宁县志稿,无,需校验地区信息,"v3,v5","v3,v5",2,0.2857,是,同年同省同来源同 record，但地区名存在近似异写或明显异体，需校验地区信息,,,徐州市等：春，徐、萧、沛、丰、邳、睢俱大饥，人相食。——光绪《睢宁县志稿》卷十五祥异,,徐州市等：春，徐、萧、沛、丰、邳、睢俱大饥，人相食。——光绪《睢宁县志稿》卷十五祥异,,
1553,江苏,,邳县,1553|江苏|邳,明世宗嘉靖三十二年,无,睢宁县志稿,无,需校验地区信息,v3,v3,1,0.1429,是,同年同省同来源同 record，但地区名存在近似异写或明显异体，需校验地区信息,,,徐州市等：春，徐、萧、沛、丰、邳、睢俱大饥，人相食。——光绪《睢宁县志稿》卷十五祥异,,,,
1553,山东,临沂,蒙阴县,1553|山东|临沂|蒙阴,明世宗嘉靖三十二年,无,蒙阴县志,无,保留,"v3,v5,v6","v3,v5,v6",3,0.4286,是,,,,蒙阴县：大饥，人相食，赈恤。——康熙二十四年《蒙阴县志》卷八灾异,,蒙阴县：大饥，人相食，赈恤。——康熙二十四年《蒙阴县志》卷八灾异,蒙阴县：大饥，人相食，赈恤。——康熙二十四年《蒙阴县志》卷八灾异,
1553,河北,保定,蠡县,1553|河北|保定|蠡,明世宗嘉靖三十二年,无,蠡县志,无,保留,"v3,v5,v6","v3,v5,v6",3,0.4286,是,,,,蠡县：春大饥，人相食。夏大水，坏民屋舍，人畜溺死者无算。——顺治《蠡县志》卷八祥异,,蠡县：春大饥，人相食。夏大水，坏民屋舍，人畜溺死者无算。——顺治《蠡县志》卷八祥异,蠡县：春大饥，人相食。夏大水，坏民屋舍，人畜溺死者无算。——顺治《蠡县志》卷八祥异,
1553,河北,邢台,邢台县,1553|河北|邢台|邢台,明世宗嘉靖三十二年,无,邢台县志,无,保留,"v3,v5,v6","v3,v5,v6",3,0.4286,是,,,,邢台县：大水，饥甚，人相食。——康熙《邢台县志》卷十二纪事,,邢台县：大水，饥甚，人相食。——康熙《邢台县志》卷十二纪事,邢台县：大水，饥甚，人相食。——康熙《邢台县志》卷十二纪事,
1553,河北,邯郸,邯郸县,1553|河北|邯郸|邯郸,明世宗嘉靖三十二年,无,邯郸县志,无,保留,"v3,v5,v6","v3,v5,v6",3,0.4286,是,,,,邯郸县：大饥，人相食。——康熙《邯郸县志》卷十灾异,,邯郸县：大饥，人相食。——康熙《邯郸县志》卷十灾异,邯郸县：大饥，人相食。——康熙《邯郸县志》卷十灾异,
1553,江苏,徐州,邳县,1553|江苏|徐|邳,明世宗嘉靖三十二年,无,邳州志,无,保留,"v3,v5,v6","v3,v5,v6",3,0.4286,是,,,,邳县：春大饥，人相食。——嘉庆《邳州志》卷十七祥异,,邳县：春大饥，人相食。——嘉庆《邳州志》卷十七祥异,邳县：春大饥，人相食。——嘉庆《邳州志》卷十七祥异,
1553,山东,菏泽,郓城县,1553|山东|菏泽|郓城,明世宗嘉靖三十二年,无,郓城县志,无,保留,"v3,v5,v6","v3,v5,v6",3,0.4286,是,,,,郓城县：大饥，人相食。——崇祯《郓城县志》卷七灾祥,,郓城县：大饥，人相食。——崇祯《郓城县志》卷七灾祥,郓城县：大饥，人相食。——崇祯《郓城县志》卷七灾祥,
1553,山东,济宁,金乡县,1553|山东|济宁|金乡,明世宗嘉靖三十二年,无,金乡县志略,无,保留,"v3,v5,v6","v3,v5,v6",3,0.4286,是,,,,金乡县：河溢，运道淤。大饥，人相食。——咸丰《金乡县志略》卷十一纪事,,金乡县：河溢，运道淤。大饥，人相食。——咸丰《金乡县志略》卷十一纪事,金乡县：河溢，运道淤。大饥，人相食。——咸丰《金乡县志略》卷十一纪事,
1553,河北,邢台,巨鹿县,1553|河北|邢台|巨鹿,明世宗嘉靖三十二年,无,钜鹿县志,无,保留,"v3,v5,v6","v3,v5,v6",3,0.4286,是,,,,巨鹿县：大水，大饥，人相食。——顺治《钜鹿县志》卷八灾异,,巨鹿县：大水，大饥，人相食。——顺治《钜鹿县志》卷八灾异,巨鹿县：大水，大饥，人相食。——顺治《钜鹿县志》卷八灾异,
1553,河北,衡水,饶阳县,1553|河北|衡水|饶阳,明世宗嘉靖三十二年,无,饶阳县志,无,保留,"v3,v5,v6","v3,v5,v6",3,0.4286,是,,,,饶阳县：夏六月，滹沱、滋水交溢。大饥，人相食。——乾隆《饶阳县志》卷下纪事,,饶阳县：夏六月，滹沱、滋水交溢。大饥，人相食。——乾隆《饶阳县志》卷下纪事,饶阳县：夏六月，滹沱、滋水交溢。大饥，人相食。——乾隆《饶阳县志》卷下纪事,
1553,河北,保定,高阳县,1553|河北|保定|高阳,明世宗嘉靖三十二年,无,高阳县志,无,保留,"v3,v5,v6","v3,v5,v6",3,0.4286,是,,,,高阳县：春大饥，人相食。夏大水。——雍正《高阳县志》卷六禨祥,,高阳县：春大饥，人相食。夏大水。——雍正《高阳县志》卷六禨祥,高阳县：春大饥，人相食。夏大水。——雍正《高阳县志》卷六禨祥,
1554,河北,泊头市,泊头市,1554|河北|泊头|泊头,明世宗嘉靖三十三年,无,《交河县志》,无,保留,"v1,v2,v3,v5,v6,v7","v1,v2,v3,v5,v6,v7",6,0.8571,是,,泊头市：春饥，人相食。夏，雨雹如斗，坏庐舍禾稼。——民国《交河县志》卷十祥异,泊头市：春饥，人相食。夏，雨雹如斗，坏庐舍禾稼。——民国《交河县志》卷十祥异,泊头市：春饥，人相食。夏，雨雹如斗，坏庐舍禾稼。——民国《交河县志》卷十祥异,,泊头市：春饥，人相食。夏，雨雹如斗，坏庐舍禾稼。——民国《交河县志》卷十祥异,泊头市：春饥，人相食。夏，雨雹如斗，坏庐舍禾稼。——民国《交河县志》卷十祥异,泊头市：春饥，人相食。夏，雨雹如斗，坏庐舍禾稼。——民国《交河县志》卷十祥异
1554,河北,任丘市,任丘市,1554|河北|任丘|任丘,明世宗嘉靖三十三年,无,《任丘志集》,无,保留,"v1,v2,v3,v5,v6,v7","v1,v2,v3,v5,v6,v7",6,0.8571,是,,任丘市：春饥，人相食。夏，大雨雹，甚为斗大，坏屋伤人。——万历《任丘志集》卷八灾异,任丘市：春饥，人相食。夏，大雨雹，甚为斗大，坏屋伤人。——万历《任丘志集》卷八灾异,任丘市：春饥，人相食。夏，大雨雹，甚为斗大，坏屋伤人。——万历《任丘志集》卷八灾异,,任丘市：春饥，人相食。夏，大雨雹，甚为斗大，坏屋伤人。——万历《任丘志集》卷八灾异,任丘市：春饥，人相食。夏，大雨雹，甚为斗大，坏屋伤人。——万历《任丘志集》卷八灾异,任丘市：春饥，人相食。夏，大雨雹，甚为斗大，坏屋伤人。——万历《任丘志集》卷八灾异
1554,河北,邢台市,任县,1554|河北|邢台|任,明世宗嘉靖三十三年,无,《任县志》,无,保留,"v1,v2,v3,v5,v6,v7","v1,v2,v3,v5,v6,v7",6,0.8571,是,,任县：春大饥，饿殍盈途，人有相食者。——隆庆《任县志》卷七祥异,任县：春大饥，饿殍盈途，人有相食者。——隆庆《任县志》卷七祥异,任县：春大饥，饿殍盈途，人有相食者。——隆庆《任县志》卷七祥异,,任县：春大饥，饿殍盈途，人有相食者。——隆庆《任县志》卷七祥异,任县：春大饥，饿殍盈途，人有相食者。——隆庆《任县志》卷七祥异,任县：春大饥，饿殍盈途，人有相食者。——隆庆《任县志》卷七祥异
1554,河北,保定市,文安县,1554|河北|保定|文安,明世宗嘉靖三十三年,无,《保定县志》,无,保留,"v1,v2,v3,v5,v6,v7","v1,v2,v3,v5,v6,v7",6,0.8571,是,,文安县：大饥，人相食，逃亡殆尽。——万历《保定县志》卷九艺文,文安县：大饥，人相食，逃亡殆尽。——万历《保定县志》卷九艺文,文安县：大饥，人相食，逃亡殆尽。——万历《保定县志》卷九艺文,,文安县：大饥，人相食，逃亡殆尽。——万历《保定县志》卷九艺文,文安县：大饥，人相食，逃亡殆尽。——万历《保定县志》卷九艺文,文安县：大饥，人相食，逃亡殆尽。——万历《保定县志》卷九艺文
1554,山东,临沂市,临沂市,1554|山东|临沂|临沂,明世宗嘉靖三十三年,无,《华北、东北近五百年旱涝史料》,无,保留,"v1,v2,v3,v5,v7","v1,v2,v3,v5,v7",5,0.7143,是,,临沂市：大饥，人相食。——《华北、东北近五百年旱涝史料》第三分册，第100页。,临沂市：大饥，人相食。——《华北、东北近五百年旱涝史料》第三分册，第100页。,临沂市：大饥，人相食。——《华北、东北近五百年旱涝史料》第三分册，第100页。,,临沂市：大饥，人相食。——《华北、东北近五百年旱涝史料》第三分册，第100页。,,临沂市：大饥，人相食。——《华北、东北近五百年旱涝史料》第三分册，第100页。
1554,山东,临沂市,费县,1554|山东|临沂|费,明世宗嘉靖三十三年,无,《华北、东北近五百年旱涝史料》,无,保留,"v1,v2,v3,v5,v7","v1,v2,v3,v5,v7",5,0.7143,是,,费县：大饥，人相食。——《华北、东北近五百年旱涝史料》第三分册，第100页。,费县：大饥，人相食。——《华北、东北近五百年旱涝史料》第三分册，第100页。,费县：大饥，人相食。——《华北、东北近五百年旱涝史料》第三分册，第100页。,,费县：大饥，人相食。——《华北、东北近五百年旱涝史料》第三分册，第100页。,,费县：大饥，人相食。——《华北、东北近五百年旱涝史料》第三分册，第100页。
1554,河北,廊坊市,大城县,1554|河北|廊坊|大城,明世宗嘉靖三十三年,无,《大城县志》,无,保留,"v1,v2,v3,v5,v6,v7","v1,v2,v3,v5,v6,v7",6,0.8571,是,,大城县：春大饥，人相食。夏大水，平地丈杂。——康熙《大城县志》卷八灾异,大城县：春大饥，人相食。夏大水，平地丈杂。——康熙《大城县志》卷八灾异,大城县：春大饥，人相食。夏大水，平地丈杂。——康熙《大城县志》卷八灾异,,大城县：春大饥，人相食。夏大水，平地丈杂。——康熙《大城县志》卷八灾异,大城县：春大饥，人相食。夏大水，平地丈杂。——康熙《大城县志》卷八灾异,大城县：春大饥，人相食。夏大水，平地丈杂。——康熙《大城县志》卷八灾异
1554,河北,,定兴县,1554|河北|定兴,明世宗嘉靖三十三年,无,《定兴县志》,无,保留,"v2,v3,v5,v6,v7","v2,v3,v5,v6,v7",5,0.7143,是,,,定兴县：夏大水，坏民舍无算。次年春大饥，民相食。夏复大水。——康熙《定兴县志》卷一禨祥,定兴县：夏大水，坏民舍无算。次年春大饥，民相食。夏复大水。——康熙《定兴县志》卷一禨祥,,定兴县：夏大水，坏民舍无算。次年春大饥，民相食。夏复大水。——康熙《定兴县志》卷一禨祥,定兴县：夏大水，坏民舍无算。次年春大饥，民相食。夏复大水。——康熙《定兴县志》卷一禨祥,定兴县：夏大水，坏民舍无算。次年春大饥，民相食。夏复大水。——康熙《定兴县志》卷一禨祥
1554,河北,保定市,定兴县,1554|河北|保定|定兴,明世宗嘉靖三十三年,无,《定县志》,无,保留,v1,v1,1,0.1429,是,,定兴县：夏大水，坏民舍无算。次年春大饥，民相食。夏复大水。——康熙《定县志》卷一禨祥,,,,,,
1554,河北,邯郸市,邯郸市,1554|河北|邯郸|邯郸,明世宗嘉靖三十三年,无,《广平府志》,无,保留,"v1,v2,v3,v5,v6,v7","v1,v2,v3,v5,v6,v7",6,0.8571,是,,邯郸市：大饥，人相食。——乾隆《广平府志》卷二十三灾祥,邯郸市：大饥，人相食。——乾隆《广平府志》卷二十三灾祥,邯郸市：大饥，人相食。——乾隆《广平府志》卷二十三灾祥,,邯郸市：大饥，人相食。——乾隆《广平府志》卷二十三灾祥,邯郸市：大饥，人相食。——乾隆《广平府志》卷二十三灾祥,邯郸市：大饥，人相食。——乾隆《广平府志》卷二十三灾祥
1554,河北,保定市,易县,1554|河北|保定|易,明世宗嘉靖三十三年,无,《易水志》,无,保留,"v1,v2,v3,v5,v6,v7","v1,v2,v3,v5,v6,v7",6,0.8571,是,,易县：春大饥，民相食。夏大水，又决前民田三顷余。——顺治《易水志》卷上灾异,易县：春大饥，民相食。夏大水，又决前民田三顷余。——顺治《易水志》卷上灾异,易县：春大饥，民相食。夏大水，又决前民田三顷余。——顺治《易水志》卷上灾异,,易县：春大饥，民相食。夏大水，又决前民田三顷余。——顺治《易水志》卷上灾异,易县：春大饥，民相食。夏大水，又决前民田三顷余。——顺治《易水志》卷上灾异,易县：春大饥，民相食。夏大水，又决前民田三顷余。——顺治《易水志》卷上灾异
1554,河北,沧州市,河间县,1554|河北|沧|河间,明世宗嘉靖三十三年,无,《河间府志》,无,保留,"v1,v2,v3,v5,v6,v7","v1,v2,v3,v5,v6,v7",6,0.8571,是,,河间县：春饥，人相食。夏，大雨雹，坏屋伤禾。——万历《河间府志》卷四祥异,河间县：春饥，人相食。夏，大雨雹，坏屋伤禾。——万历《河间府志》卷四祥异,河间县：春饥，人相食。夏，大雨雹，坏屋伤禾。——万历《河间府志》卷四祥异,,河间县：春饥，人相食。夏，大雨雹，坏屋伤禾。——万历《河间府志》卷四祥异,河间县：春饥，人相食。夏，大雨雹，坏屋伤禾。——万历《河间府志》卷四祥异,河间县：春饥，人相食。夏，大雨雹，坏屋伤禾。——万历《河间府志》卷四祥异
1554,山东,泰安市,泰安市,1554|山东|泰安|泰安,明世宗嘉靖三十三年,无,《泰安县志》,无,保留,"v1,v2,v3,v5,v6,v7","v1,v2,v3,v5,v6,v7",6,0.8571,是,,泰安市：春，泰山大饥，饿莩枕藉，人相食。——乾隆四十七年《泰安县志》卷十四祥异,泰安市：春，泰山大饥，饿莩枕藉，人相食。——乾隆四十七年《泰安县志》卷十四祥异,泰安市：春，泰山大饥，饿莩枕藉，人相食。——乾隆四十七年《泰安县志》卷十四祥异,,泰安市：春，泰山大饥，饿莩枕藉，人相食。——乾隆四十七年《泰安县志》卷十四祥异,泰安市：春，泰山大饥，饿莩枕藉，人相食。——乾隆四十七年《泰安县志》卷十四祥异,泰安市：春，泰山大饥，饿莩枕藉，人相食。——乾隆四十七年《泰安县志》卷十四祥异
1554,河北,保定市,清苑县,1554|河北|保定|清苑,明世宗嘉靖三十三年,无,《清苑县志》,无,保留,"v1,v2,v3,v5,v6,v7","v1,v2,v3,v5,v6,v7",6,0.8571,是,,清苑县：春大饥，人相食。夏大水。——康熙《清苑县志》卷一灾祥,清苑县：春大饥，人相食。夏大水。——康熙《清苑县志》卷一灾祥,清苑县：春大饥，人相食。夏大水。——康熙《清苑县志》卷一灾祥,,清苑县：春大饥，人相食。夏大水。——康熙《清苑县志》卷一灾祥,清苑县：春大饥，人相食。夏大水。——康熙《清苑县志》卷一灾祥,清苑县：春大饥，人相食。夏大水。——康熙《清苑县志》卷一灾祥
1554,河北,保定市,安新县,1554|河北|保定|安新,明世宗嘉靖三十三年,无,《清苑县志》,无,保留,"v1,v2,v3,v5,v6,v7","v1,v2,v3,v5,v6,v7",6,0.8571,是,,安新县：春大饥，人相食，秋大水。——康熙《清苑县志》卷一灾祥,安新县：春大饥，人相食，秋大水。——康熙《清苑县志》卷一灾祥,安新县：春大饥，人相食，秋大水。——康熙《清苑县志》卷一灾祥,,安新县：春大饥，人相食，秋大水。——康熙《清苑县志》卷一灾祥,安新县：春大饥，人相食，秋大水。——康熙《清苑县志》卷一灾祥,安新县：春大饥，人相食，秋大水。——康熙《清苑县志》卷一灾祥
1554,河北,保定市,满城县,1554|河北|保定|满城,明世宗嘉靖三十三年,无,《满城县志》,无,保留,"v1,v2,v3,v5,v6,v7","v1,v2,v3,v5,v6,v7",6,0.8571,是,,满城县：春大饥，人相食。夏大水。——康熙《满城县志》卷八灾祥,满城县：春大饥，人相食。夏大水。——康熙《满城县志》卷八灾祥,满城县：春大饥，人相食。夏大水。——康熙《满城县志》卷八灾祥,,满城县：春大饥，人相食。夏大水。——康熙《满城县志》卷八灾祥,满城县：春大饥，人相食。夏大水。——康熙《满城县志》卷八灾祥,满城县：春大饥，人相食。夏大水。——康熙《满城县志》卷八灾祥
1554,河北,沧州市,献县,1554|河北|沧|献,明世宗嘉靖三十三年,无,《献县志》,无,保留,"v1,v2,v3,v5,v6,v7","v1,v2,v3,v5,v6,v7",6,0.8571,是,,献县：春饥，人相食。夏，雨雹如斗，坏庐舍禾稼。——乾隆《献县志》卷十八祥异,献县：春饥，人相食。夏，雨雹如斗，坏庐舍禾稼。——乾隆《献县志》卷十八祥异,献县：春饥，人相食。夏，雨雹如斗，坏庐舍禾稼。——乾隆《献县志》卷十八祥异,,献县：春饥，人相食。夏，雨雹如斗，坏庐舍禾稼。——乾隆《献县志》卷十八祥异,献县：春饥，人相食。夏，雨雹如斗，坏庐舍禾稼。——乾隆《献县志》卷十八祥异,献县：春饥，人相食。夏，雨雹如斗，坏庐舍禾稼。——乾隆《献县志》卷十八祥异
1554,陕西,渭南市,蒲城县,1554|陕西|渭南|蒲城,明世宗嘉靖三十三年,无,《蒲城志》,无,保留,"v1,v2,v3,v5,v6,v7","v1,v2,v3,v5,v6,v7",6,0.8571,是,,蒲城县：大荒，人相食。——康熙《蒲城志》卷二祥异,蒲城县：大荒，人相食。——康熙《蒲城志》卷二祥异,蒲城县：大荒，人相食。——康熙《蒲城志》卷二祥异,,蒲城县：大荒，人相食。——康熙《蒲城志》卷二祥异,蒲城县：大荒，人相食。——康熙《蒲城志》卷二祥异,蒲城县：大荒，人相食。——康熙《蒲城志》卷二祥异
1554,河北,保定市,蠡县,1554|河北|保定|蠡,明世宗嘉靖三十三年,无,《蠡县志》,无,保留,"v1,v2,v3,v5,v6,v7","v1,v2,v3,v5,v6,v7",6,0.8571,是,,蠡县：春大饥，人相食。夏大水。——顺治《蠡县志》卷八祥异,蠡县：春大饥，人相食。夏大水。——顺治《蠡县志》卷八祥异,蠡县：春大饥，人相食。夏大水。——顺治《蠡县志》卷八祥异,,蠡县：春大饥，人相食。夏大水。——顺治《蠡县志》卷八祥异,蠡县：春大饥，人相食。夏大水。——顺治《蠡县志》卷八祥异,蠡县：春大饥，人相食。夏大水。——顺治《蠡县志》卷八祥异
1554,河北,保定市,雄县,1554|河北|保定|雄,明世宗嘉靖三十三年,无,《雄乘》,无,保留,"v1,v2,v3,v5,v6,v7","v1,v2,v3,v5,v6,v7",6,0.8571,是,,雄县：大饥，莘者横道，人相食。——万历《雄乘》灾异,雄县：大饥，莘者横道，人相食。——万历《雄乘》灾异,雄县：大饥，莘者横道，人相食。——万历《雄乘》灾异,,雄县：大饥，莘者横道，人相食。——万历《雄乘》灾异,雄县：大饥，莘者横道，人相食。——万历《雄乘》灾异,雄县：大饥，莘者横道，人相食。——万历《雄乘》灾异
1554,河北,泊头市,,1554|河北|泊头,明世宗嘉靖三十三年,无,交河县志,无,保留,v4,v4,1,0.1429,是,,,,,泊头市：春饥，人相食。夏，雨雹如斗，坏庐舍禾稼。——民国《交河县志》卷十祥异,,,
1554,河北,任丘市,,1554|河北|任丘,明世宗嘉靖三十三年,无,任丘志集,无,保留,v4,v4,1,0.1429,是,,,,,任丘市：春饥，人相食。夏，大雨雹，甚为斗大，坏屋伤人。——万历《任丘志集》卷八灾异,,,
1554,河北,,任县,1554|河北|任,明世宗嘉靖三十三年,无,任县志,无,保留,v4,v4,1,0.1429,是,,,,,任县：春大饥，饿殍盈途，人有相食者。——隆庆《任县志》卷七祥异,,,
1554,河北,,文安县,1554|河北|文安,明世宗嘉靖三十三年,无,保定县志,无,保留,v4,v4,1,0.1429,是,,,,,文安县：大饥，人相食，逃亡殆尽。——万历《保定县志》卷九艺文,,,
1554,山东,,临沂市,1554|山东|临沂,明世宗嘉靖三十三年,无,华北、东北近五百年旱涝史料,无,保留,"v4,v6","v4,v6",2,0.2857,是,,,,,临沂市：大饥，人相食。——《华北、东北近五百年旱涝史料》第三分册，第100页。,,临沂市：大饥，人相食。——《华北、东北近五百年旱涝史料》第三分册，第100页。,
1554,山东,,费县,1554|山东|费,明世宗嘉靖三十三年,无,华北、东北近五百年旱涝史料,无,保留,"v4,v6","v4,v6",2,0.2857,是,,,,,临沂市：大饥，人相食。——《华北、东北近五百年旱涝史料》第三分册，第100页。,,费县：大饥，人相食。——《华北、东北近五百年旱涝史料》第三分册，第100页。,
1554,河北,,大城县,1554|河北|大城,明世宗嘉靖三十三年,无,大城县志,无,保留,v4,v4,1,0.1429,是,,,,,大城县：春大饥，人相食。夏大水，平地丈杂。——康熙《大城县志》卷八灾异,,,
1554,河北,,定兴县,1554|河北|定兴,明世宗嘉靖三十三年,无,定兴县志,无,保留,v4,v4,1,0.1429,是,,,,,定兴县：夏大水，坏民舍无算。次年春大饥，民相食。夏复大水。——康熙《定兴县志》卷一禨祥,,,
1554,河北,邯郸市,,1554|河北|邯郸,明世宗嘉靖三十三年,无,广平府志,无,保留,v4,v4,1,0.1429,是,,,,,邯郸市：大饥，人相食。——乾隆《广平府志》卷二十三灾祥,,,
1554,河北,,易县,1554|河北|易,明世宗嘉靖三十三年,无,易水志,无,保留,v4,v4,1,0.1429,是,,,,,易县：春大饥，民相食。夏大水，又决前民田三顷余。——顺治《易水志》卷上灾异,,,
1554,河北,,河间县,1554|河北|河间,明世宗嘉靖三十三年,无,河间府志,无,保留,v4,v4,1,0.1429,是,,,,,河间县：春饥，人相食。夏，大雨雹，坏屋伤禾。——万历《河间府志》卷四祥异,,,
1554,山东,泰安市,,1554|山东|泰安,明世宗嘉靖三十三年,无,泰安县志,无,保留,v4,v4,1,0.1429,是,,,,,泰安市：春，泰山大饥，饿莩枕藉，人相食。——乾隆四十七年《泰安县志》卷十四祥异,,,
1554,河北,,清苑县,1554|河北|清苑,明世宗嘉靖三十三年,无,清苑县志,无,保留,v4,v4,1,0.1429,是,,,,,清苑县：春大饥，人相食。夏大水。——康熙《清苑县志》卷一灾祥,,,
1554,河北,,安新县,1554|河北|安新,明世宗嘉靖三十三年,无,清苑县志,无,保留,v4,v4,1,0.1429,是,,,,,安新县：春大饥，人相食，秋大水。——康熙《清苑县志》卷一灾祥,,,
1554,河北,,满城县,1554|河北|满城,明世宗嘉靖三十三年,无,满城县志,无,保留,v4,v4,1,0.1429,是,,,,,满城县：春大饥，人相食。夏大水。——康熙《满城县志》卷八灾祥,,,
1554,河北,,献县,1554|河北|献,明世宗嘉靖三十三年,无,献县志,无,保留,v4,v4,1,0.1429,是,,,,,献县：春饥，人相食。夏，雨雹如斗，坏庐舍禾稼。——乾隆《献县志》卷十八祥异,,,
1554,陕西,,蒲城县,1554|陕西|蒲城,明世宗嘉靖三十三年,无,蒲城志,无,保留,v4,v4,1,0.1429,是,,,,,蒲城县：大荒，人相食。——康熙《蒲城志》卷二祥异,,,
1554,河北,,蠡县,1554|河北|蠡,明世宗嘉靖三十三年,无,蠡县志,无,保留,v4,v4,1,0.1429,是,,,,,蠡县：春大饥，人相食。夏大水。——顺治《蠡县志》卷八祥异,,,
1554,河北,,雄县,1554|河北|雄,明世宗嘉靖三十三年,无,雄乘,无,保留,v4,v4,1,0.1429,是,,,,,雄县：大饥，莘者横道，人相食。——万历《雄乘》灾异,,,
1555,河北,张家口,涿鹿县,1555|河北|张家口|涿鹿,明世宗嘉靖三十四年,无,《保安州志》,无,保留,"v1,v2,v3,v4,v7","v1,v2,v3,v4,v7",5,0.7143,是,,逐鹿县：春三月，大饥，人相食。诏发帑金赈之。——康熙十一年《保安州志》卷二灾异,逐鹿县：春三月，大饥，人相食。诏发帑金赈之。——康熙十一年《保安州志》卷二灾异,逐鹿县：春三月，大饥，人相食。诏发帑金赈之。——康熙十一年《保安州志》卷二灾异,涿鹿县：春三月，大饥，人相食。诏发帑金赈之。——康熙十一年《保安州志》卷二灾异,,,逐鹿县：春三月，大饥，人相食。诏发帑金赈之。——康熙十一年《保安州志》卷二灾异
1555,河北,保定,定兴县,1555|河北|保定|定兴,明世宗嘉靖三十四年,无,《定兴县志》,无,保留,"v1,v2,v3,v4,v7","v1,v2,v3,v4,v7",5,0.7143,是,,定兴县：春大饥，人相食。夏复大水。——康熙《定兴县志》卷一禨祥,定兴县：春大饥，人相食。夏复大水。——康熙《定兴县志》卷一禨祥,定兴县：春大饥，人相食。夏复大水。——康熙《定兴县志》卷一禨祥,定兴县：春大饥，人相食。夏复大水。——康熙《定兴县志》卷一禨祥,,,定兴县：春大饥，人相食。夏复大水。——康熙《定兴县志》卷一禨祥
1555,河北,张家口,宣化县,1555|河北|张家口|宣化,明世宗嘉靖三十四年,无,《宣化县志》,无,保留,"v1,v2,v3,v4,v7","v1,v2,v3,v4,v7",5,0.7143,是,,宣化县：春三月，大饥，人相食。诏发帑金赈之。——康熙《宣化县志》卷五灾祥,宣化县：春三月，大饥，人相食。诏发帑金赈之。——康熙《宣化县志》卷五灾祥,宣化县：春三月，大饥，人相食。诏发帑金赈之。——康熙《宣化县志》卷五灾祥,宣化县：春三月，大饥，人相食。诏发帑金赈之。——康熙《宣化县志》卷五灾祥,,,宣化县：春三月，大饥，人相食。诏发帑金赈之。——康熙《宣化县志》卷五灾祥
1555,河北,张家口,怀安县,1555|河北|张家口|怀安,明世宗嘉靖三十四年,无,《怀安县志》,无,保留,"v1,v2,v3,v4,v7","v1,v2,v3,v4,v7",5,0.7143,是,,怀安县：春三月，大饥，人相食。诏发帑金赈之。——乾隆《怀安县志》卷二灾祥,怀安县：春三月，大饥，人相食。诏发帑金赈之。——乾隆《怀安县志》卷二灾祥,怀安县：春三月，大饥，人相食。诏发帑金赈之。——乾隆《怀安县志》卷二灾祥,怀安县：春三月，大饥，人相食。诏发帑金赈之。——乾隆《怀安县志》卷二灾祥,,,怀安县：春三月，大饥，人相食。诏发帑金赈之。——乾隆《怀安县志》卷二灾祥
1555,河北,保定,新城县,1555|河北|保定|新城,明世宗嘉靖三十四年,无,《新城县志》,无,保留,"v1,v2,v3,v4,v7","v1,v2,v3,v4,v7",5,0.7143,是,,新城县：春大饥，人相食。——民国二十四年《新城县志》卷二十二灾祸,新城县：春大饥，人相食。——民国二十四年《新城县志》卷二十二灾祸,新城县：春大饥，人相食。——民国二十四年《新城县志》卷二十二灾祸,新城县：春大饥，人相食。——民国二十四年《新城县志》卷二十二灾祸,,,新城县：春大饥，人相食。——民国二十四年《新城县志》卷二十二灾祸
1555,河北,,万全县,1555|河北|万全,明世宗嘉靖三十四年,无,《永平府志》,无,保留,"v1,v2,v3,v4,v7","v1,v2,v3,v4,v7",5,0.7143,是,,万全县：春三月，大饥，人相食。发帑金赈之。——乾隆《永平府志》卷三灾祥,万全县：春三月，大饥，人相食。发帑金赈之。——乾隆《永平府志》卷三灾祥,万全县：春三月，大饥，人相食。发帑金赈之。——乾隆《永平府志》卷三灾祥,万全县：春三月，大饥，人相食。发帑金赈之。——乾隆《永平府志》卷三灾祥,,,万全县：春三月，大饥，人相食。发帑金赈之。——乾隆《永平府志》卷三灾祥
1555,河北,保定,清苑县,1555|河北|保定|清苑,明世宗嘉靖三十四年,无,《清苑县志》,无,保留,"v1,v2,v3,v4,v7","v1,v2,v3,v4,v7",5,0.7143,是,,清苑县：春大饥，人相食。三月，，有龙见文庙松林中。夏，霾雨伤稼。——康熙《清苑县志》卷一灾祥,清苑县：春大饥，人相食。三月，，有龙见文庙松林中。夏，霾雨伤稼。——康熙《清苑县志》卷一灾祥,清苑县：春大饥，人相食。三月，，有龙见文庙松林中。夏，霾雨伤稼。——康熙《清苑县志》卷一灾祥,清苑县：春大饥，人相食。三月，，有龙见文庙松林中。夏，霾雨伤稼。——康熙《清苑县志》卷一灾祥,,,清苑县：春大饥，人相食。三月，，有龙见文庙松林中。夏，霾雨伤稼。——康熙《清苑县志》卷一灾祥
1555,河北,张家口,蔚县,1555|河北|张家口|蔚,明世宗嘉靖三十四年,无,《蔚县志》,无,保留,"v1,v2,v3,v4,v7","v1,v2,v3,v4,v7",5,0.7143,是,,蔚县：春三月，大饥，人相食。——乾隆《蔚县志》卷二十九祥异,蔚县：春三月，大饥，人相食。——乾隆《蔚县志》卷二十九祥异,蔚县：春三月，大饥，人相食。——乾隆《蔚县志》卷二十九祥异,蔚县：春三月，大饥，人相食。——乾隆《蔚县志》卷二十九祥异,,,蔚县：春三月，大饥，人相食。——乾隆《蔚县志》卷二十九祥异
1555,河北,张家口,阳原县,1555|河北|张家口|阳原,明世宗嘉靖三十四年,无,《西宁县志》,无,保留,"v1,v2,v3,v4,v7","v1,v2,v3,v4,v7",5,0.7143,是,,阳原县：春三月，大饥，人相食。发帑金赈之。——康熙《西宁县志》卷一灾异,阳原县：春三月，大饥，人相食。发帑金赈之。——康熙《西宁县志》卷一灾异,阳原县：春三月，大饥，人相食。发帑金赈之。——康熙《西宁县志》卷一灾异,阳原县：春三月，大饥，人相食。发帑金赈之。——康熙《西宁县志》卷一灾异,,,阳原县：春三月，大饥，人相食。发帑金赈之。——康熙《西宁县志》卷一灾异
1555,河北,张家口,赤城县,1555|河北|张家口|赤城,明世宗嘉靖三十四年,无,《龙关县志》,无,保留,"v1,v2,v3,v4,v7","v1,v2,v3,v4,v7",5,0.7143,是,,赤城县：春三月，大饥，人相食。诏发帑金赈之。——民国《龙关县志》卷十九灾祥,赤城县：春三月，大饥，人相食。诏发帑金赈之。——民国《龙关县志》卷十九灾祥,赤城县：春三月，大饥，人相食。诏发帑金赈之。——民国《龙关县志》卷十九灾祥,赤城县：春三月，大饥，人相食。诏发帑金赈之。——民国《龙关县志》卷十九灾祥,,,赤城县：春三月，大饥，人相食。诏发帑金赈之。——民国《龙关县志》卷十九灾祥
1555,河北,,逐鹿县,1555|河北|逐鹿,明世宗嘉靖三十四年,无,保安州志,疑似OCR错误，原文可能为涿鹿县,保留,"v5,v6","v5,v6",2,0.2857,是,,,,,,逐鹿县：春三月，大饥，人相食。诏发帑金赈之。——康熙十一年《保安州志》卷二灾异,逐鹿县：春三月，大饥，人相食。诏发帑金赈之。——康熙十一年《保安州志》卷二灾异,
1555,河北,,定兴县,1555|河北|定兴,明世宗嘉靖三十四年,无,定兴县志,无,保留,"v5,v6","v5,v6",2,0.2857,是,,,,,,定兴县：春大饥，人相食。夏复大水。——康熙《定兴县志》卷一禨祥,定兴县：春大饥，人相食。夏复大水。——康熙《定兴县志》卷一禨祥,
1555,河北,,宣化县,1555|河北|宣化,明世宗嘉靖三十四年,无,宣化县志,无,保留,"v5,v6","v5,v6",2,0.2857,是,,,,,,宣化县：春三月，大饥，人相食。诏发帑金赈之。——康熙《宣化县志》卷五灾祥,宣化县：春三月，大饥，人相食。诏发帑金赈之。——康熙《宣化县志》卷五灾祥,
1555,河北,,怀安县,1555|河北|怀安,明世宗嘉靖三十四年,无,怀安县志,无,保留,"v5,v6","v5,v6",2,0.2857,是,,,,,,怀安县：春三月，大饥，人相食。诏发帑金赈之。——乾隆《怀安县志》卷二灾祥,怀安县：春三月，大饥，人相食。诏发帑金赈之。——乾隆《怀安县志》卷二灾祥,
1555,河北,,新城县,1555|河北|新城,明世宗嘉靖三十四年,无,新城县志,无,保留,"v5,v6","v5,v6",2,0.2857,是,,,,,,新城县：春大饥，人相食。——民国二十四年《新城县志》卷二十二灾祸,新城县：春大饥，人相食。——民国二十四年《新城县志》卷二十二灾祸,
1555,河北,,万全县,1555|河北|万全,明世宗嘉靖三十四年,无,永平府志,无,保留,"v5,v6","v5,v6",2,0.2857,是,,,,,,万全县：春三月，大饥，人相食。发帑金赈之。——乾隆《永平府志》卷三灾祥,万全县：春三月，大饥，人相食。发帑金赈之。——乾隆《永平府志》卷三灾祥,
1555,河北,,清苑县,1555|河北|清苑,明世宗嘉靖三十四年,无,清苑县志,无,保留,"v5,v6","v5,v6",2,0.2857,是,,,,,,清苑县：春大饥，人相食。三月，，有龙见文庙松林中。夏，霾雨伤稼。——康熙《清苑县志》卷一灾祥,清苑县：春大饥，人相食。三月，，有龙见文庙松林中。夏，霾雨伤稼。——康熙《清苑县志》卷一灾祥,
1555,河北,,蔚县,1555|河北|蔚,明世宗嘉靖三十四年,无,蔚县志,无,保留,"v5,v6","v5,v6",2,0.2857,是,,,,,,蔚县：春三月，大饥，人相食。——乾隆《蔚县志》卷二十九祥异,蔚县：春三月，大饥，人相食。——乾隆《蔚县志》卷二十九祥异,
1555,河北,,阳原县,1555|河北|阳原,明世宗嘉靖三十四年,无,西宁县志,无,保留,"v5,v6","v5,v6",2,0.2857,是,,,,,,阳原县：春三月，大饥，人相食。发帑金赈之。——康熙《西宁县志》卷一灾异,阳原县：春三月，大饥，人相食。发帑金赈之。——康熙《西宁县志》卷一灾异,
1555,河北,,赤城县,1555|河北|赤城,明世宗嘉靖三十四年,无,龙关县志,无,保留,"v5,v6","v5,v6",2,0.2857,是,,,,,,赤城县：春三月，大饥，人相食。诏发帑金赈之。——民国《龙关县志》卷十九灾祥,赤城县：春三月，大饥，人相食。诏发帑金赈之。——民国《龙关县志》卷十九灾祥,
1556,河北,秦皇岛市,临渝县,1556|河北|秦皇岛|临渝,明世宗嘉靖三十五年,无,《临渝县志》,无,保留,v6,v6,1,0.1429,是,,,,,,,秦皇岛市：明·陈绾《荒政记》：嘉靖丙辰秋，岁大不登，辽民重困。初，关西人率仰给辽东，至是辽人悉出其银钱杂物以易粟，关内近关等处粟顿空。关西人乃浮山东之粟，至丰台，辇运抵山海，辗转接卖，比至其他，费已数倍，斗粟至三四钱，至六七钱。富者犹倾囊自给，贫民遂无从得食，始剥树皮和糠秕食之，又刮苔泥作粉以啖，谓之'土面'，然多肿瘞经死，乃相率剔死人肉食之，久则掠生人食之。——民国《临渝县志》卷八纪事,
1556,甘肃,,庄浪县,1556|甘肃|庄浪,明世宗嘉靖三十五年,无,《庄浪志略》,无,保留,"v1,v2,v6","v1,v2,v6",3,0.4286,是,,庄浪县：大饥，人相食，民逃几尽。——乾隆《庄浪志略》卷十九灾祥,庄浪县：大饥，人相食，民逃几尽。——乾隆《庄浪志略》卷十九灾祥,,,,庄浪县：大饥，人相食，民逃几尽。——乾隆《庄浪志略》卷十九灾祥,
1556,甘肃,,平凉县,1556|甘肃|平凉,明世宗嘉靖三十五年,无,《甘肃新通志》,无,保留,v6,v6,1,0.1429,是,,,,,,,平凉县：平凉、庄浪等处大饥，人相食。——《甘肃新通志》（宣统元年），《西北灾荒史》第1614页。,
1556,甘肃,,庄浪县,1556|甘肃|庄浪,明世宗嘉靖三十五年,无,《甘肃新通志》,无,保留,v6,v6,1,0.1429,是,,,,,,,平凉县：平凉、庄浪等处大饥，人相食。——《甘肃新通志》（宣统元年），《西北灾荒史》第1614页。,
1556,甘肃,,平凉县,1556|甘肃|平凉,明世宗嘉靖三十五年,无,《甘肃新通志》转引《西北灾荒史》,无,需进一步分析,"v1,v2","v1,v2",2,0.2857,否,"同类 record 存在于 v1,v2,v3,v4,v5,v6,v7；本条仅存在于 v1,v2；占比 28.6%",平凉县：平凉、庄浪等处大饥，人相食。——《甘肃新通志》（宣统元年），《西北灾荒史》第1614页,平凉县：平凉、庄浪等处大饥，人相食。——《甘肃新通志》（宣统元年），《西北灾荒史》第1614页。,,,,,
1556,甘肃,,庄浪县,1556|甘肃|庄浪,明世宗嘉靖三十五年,无,《甘肃新通志》转引《西北灾荒史》,无,需进一步分析,"v1,v2","v1,v2",2,0.2857,否,"同类 record 存在于 v1,v2,v3,v4,v5,v6,v7；本条仅存在于 v1,v2；占比 28.6%",平凉县：平凉、庄浪等处大饥，人相食。——《甘肃新通志》（宣统元年），《西北灾荒史》第1614页,庄浪县：平凉、庄浪等处大饥，人相食。——《甘肃新通志》（宣统元年），《西北灾荒史》第1614页。,,,,,
1556,河北,,临渝县,1556|河北|临渝,明世宗嘉靖三十五年,无,《荒政记》,无,保留,"v1,v2","v1,v2",2,0.2857,是,,秦皇岛市：明·陈绾《荒政记》：嘉靖丙辰秋，岁大不登，辽民重困。初，关西人率仰给辽东，至是辽人悉出其银钱杂物以易粟，关内近关等处粟顿空。关西人乃浮山东之粟，至丰台，辇运抵山海，辗转接卖，比至其他，费已数倍，斗粟至三四钱，至六七钱。富者犹倾囊自给，贫民遂无从得食，始剥树皮和糠秕食之，又刮苔泥作粉以啖，谓之'土面'，然多肿瘞经死，乃相率剔死人肉食之，久则掠生人食之。——民国《临渝县志》卷八纪事,秦皇岛市：明·陈绾《荒政记》：嘉靖丙辰秋，岁大不登，辽民重困。初，关西人率仰给辽东，至是辽人悉出其银钱杂物以易粟，关内近关等处粟顿空。关西人乃浮山东之粟，至丰台，辇运抵山海，辗转接卖，比至其他，费已数倍，斗粟至三四钱，至六七钱。富者犹倾囊自给，贫民遂无从得食，始剥树皮和糠秕食之，又刮苔泥作粉以啖，谓之'土面'，然多肿瘞经死，乃相率剔死人肉食之，久则掠生人食之。——民国《临渝县志》卷八纪事,,,,,
1556,河北,秦皇岛市,临渝县,1556|河北|秦皇岛|临渝,明世宗嘉靖三十五年,无,临渝县志,无,保留,"v3,v5,v7","v3,v5,v7",3,0.4286,是,,,,秦皇岛市：明·陈绾《荒政记》：嘉靖丙辰秋，岁大不登，辽民重困。初，关西人率仰给辽东，至是辽人悉出其银钱杂物以易粟，关内近关等处粟顿空。关西人乃浮山东之粟，至丰台，辇运抵山海，辗转接卖，比至其他，费已数倍，斗粟至三四钱，至六七钱。富者犹倾囊自给，贫民遂无从得食，始剥树皮和糠秕食之，又刮苔泥作粉以啖，谓之'土面'，然多肿瘞经死，乃相率剔死人肉食之，久则掠生人食之。——民国《临渝县志》卷八纪事,,秦皇岛市：明·陈绾《荒政记》：嘉靖丙辰秋，岁大不登，辽民重困。初，关西人率仰给辽东，至是辽人悉出其银钱杂物以易粟，关内近关等处粟顿空。关西人乃浮山东之粟，至丰台，辇运抵山海，辗转接卖，比至其他，费已数倍，斗粟至三四钱，至六七钱。富者犹倾囊自给，贫民遂无从得食，始剥树皮和糠秕食之，又刮苔泥作粉以啖，谓之'土面'，然多肿瘞经死，乃相率剔死人肉食之，久则掠生人食之。——民国《临渝县志》卷八纪事,,秦皇岛市：明·陈绾《荒政记》：嘉靖丙辰秋，岁大不登，辽民重困。初，关西人率仰给辽东，至是辽人悉出其银钱杂物以易粟，关内近关等处粟顿空。关西人乃浮山东之粟，至丰台，辇运抵山海，辗转接卖，比至其他，费已数倍，斗粟至三四钱，至六七钱。富者犹倾囊自给，贫民遂无从得食，始剥树皮和糠秕食之，又刮苔泥作粉以啖，谓之'土面'，然多肿瘞经死，乃相率剔死人肉食之，久则掠生人食之。——民国《临渝县志》卷八纪事
1556,甘肃,,庄浪,1556|甘肃|庄浪,明世宗嘉靖三十五年,无,庄浪志略,无,保留,"v3,v4,v5,v7","v3,v4,v5,v7",4,0.5714,是,,,,庄浪县：大饥，人相食，民逃几尽。——乾隆《庄浪志略》卷十九灾祥,庄浪县：大饥，人相食，民逃几尽。——乾隆《庄浪志略》卷十九灾祥,庄浪县：大饥，人相食，民逃几尽。——乾隆《庄浪志略》卷十九灾祥,,庄浪县：大饥，人相食，民逃几尽。——乾隆《庄浪志略》卷十九灾祥
1556,甘肃,,平凉,1556|甘肃|平凉,明世宗嘉靖三十五年,无,甘肃新通志,无,保留,"v3,v4,v5,v7","v3,v4,v5,v7",4,0.5714,是,,,,平凉县：平凉、庄浪等处大饥，人相食。——《甘肃新通志》（宣统元年），《西北灾荒史》第1614页。,平凉县：平凉、庄浪等处大饥，人相食。——《甘肃新通志》（宣统元年），《西北灾荒史》第1614页。,平凉县：平凉、庄浪等处大饥，人相食。——《甘肃新通志》（宣统元年），《西北灾荒史》第1614页。,,平凉县：平凉、庄浪等处大饥，人相食。——《甘肃新通志》（宣统元年），《西北灾荒史》第1614页。
1556,甘肃,,庄浪县,1556|甘肃|庄浪,明世宗嘉靖三十五年,无,甘肃新通志,无,保留,v4,v4,1,0.1429,是,,,,,平凉县：平凉、庄浪等处大饥，人相食。——《甘肃新通志》（宣统元年），《西北灾荒史》第1614页。,,,
1556,河北,秦皇岛市,临渝县,1556|河北|秦皇岛|临渝,明世宗嘉靖三十五年,无,荒政记,无,保留,v4,v4,1,0.1429,是,,,,,秦皇岛市：明·陈绾《荒政记》：嘉靖丙辰秋，岁大不登，辽民重困。初，关西人率仰给辽东，至是辽人悉出其银钱杂物以易粟，关内近关等处粟顿空。关西人乃浮山东之粟，至丰台，辇运抵山海，辗转接卖，比至其他，费已数倍，斗粟至三四钱，至六七钱。富者犹倾囊自给，贫民遂无从得食，始剥树皮和糠秕食之，又刮苔泥作粉以啖，谓之'土面'，然多肿瘞经死，乃相率剔死人肉食之，久则掠生人食之。——民国《临渝县志》卷八纪事,,,
1557,辽宁,辽阳市,,1557|辽宁|辽阳,明世宗嘉靖三十六年,无,《发帑救荒疏》,无,保留,v2,v2,1,0.1429,是,,,辽阳市：（明）御史周斯盛《发帑救荒疏》：臣照得辽东地方，自嘉靖三十六年大水以后，一望成湖，子粒未获，远近居民家家缺食，鬻妻弃子，流离载道。入冬以来，日甚一日，斗米值钱五钱，且数日市无贩籴，民愈窘迫，始则掘食土面，继而遂至相食，壮者肆行劫掠，无所顾忌，法禁不能止，积孽狼藉，不忍见闻。——康熙《盛京通志》卷三十二艺文,,,,,
1557,辽宁,辽阳市,,1557|辽宁|辽阳,明世宗嘉靖三十六年,无,《盛京通志》,无,保留,v1,v1,1,0.1429,是,,辽阳市：（明）御史周斯盛《发帑救荒疏》：臣照得辽东地方，自嘉靖三十六年大水以后，一望成湖，子粒未获，远近居民家家缺食，鬻妻弃子，流离载道。入冬以来，日甚一日，斗米值钱五钱，且数日市无贩籴，民愈窘迫，始则掘食土面，继而遂至相食，壮者肆行劫掠，无所顾忌，法禁不能止，积孽狼藉，不忍见闻。——康熙《盛京通志》卷三十二艺文,,,,,,
1557,辽宁,,,1557|辽宁,明世宗嘉靖三十六年,辽东,盛京通志,文献来源标注为（明）御史周斯盛《发帑救荒疏》，转引自康熙《盛京通志》，原书名存在不确定性,保留,"v5,v6","v5,v6",2,0.2857,是,,,,,,辽阳市：（明）御史周斯盛《发帑救荒疏》：臣照得辽东地方，自嘉靖三十六年大水以后，一望成湖，子粒未获，远近居民家家缺食，鬻妻弃子，流离载道。入冬以来，日甚一日，斗米值钱五钱，且数日市无贩籴，民愈窘迫，始则掘食土面，继而遂至相食，壮者肆行劫掠，无所顾忌，法禁不能止，积孽狼藉，不忍见闻。——康熙《盛京通志》卷三十二艺文,辽阳市：（明）御史周斯盛《发帑救荒疏》：臣照得辽东地方，自嘉靖三十六年大水以后，一望成湖，子粒未获，远近居民家家缺食，鬻妻弃子，流离载道。入冬以来，日甚一日，斗米值钱五钱，且数日市无贩籴，民愈窘迫，始则掘食土面，继而遂至相食，壮者肆行劫掠，无所顾忌，法禁不能止，积孽狼藉，不忍见闻。——康熙《盛京通志》卷三十二艺文,
1558,辽宁,辽阳,辽阳,1558|辽宁|辽阳|辽阳,明世宗嘉靖三十七年,无,《全辽志》,无,保留,"v1,v2,v3,v4,v5,v7","v1,v2,v3,v4,v5,v7",6,0.8571,是,,辽阳市：大饥，人相食，是年斗米银一两。大疫，有阖门死者。——嘉靖《全辽志》卷四祥异,辽阳市：大饥，人相食，是年斗米银一两。大疫，有阖门死者。——嘉靖《全辽志》卷四祥异,辽阳市：大饥，人相食，是年斗米银一两。大疫，有阖门死者。——嘉靖《全辽志》卷四祥异,辽阳市：大饥，人相食，是年斗米银一两。大疫，有阖门死者。——嘉靖《全辽志》卷四祥异,辽阳市：大饥，人相食，是年斗米银一两。大疫，有阖门死者。——嘉靖《全辽志》卷四祥异,,辽阳市：大饥，人相食，是年斗米银一两。大疫，有阖门死者。——嘉靖《全辽志》卷四祥异
1558,辽宁,,辽东,1558|辽宁|辽东,明世宗嘉靖三十七年,辽东,《奉天通志》,辽东为古代地名,保留,"v2,v7","v2,v7",2,0.2857,是,,,春三月，辽东大饥，人相食。诏发太仓银五万两，补给三十六年以后军饷。——民国《奉天通志》卷十七大事,,,,,春三月，辽东大饥，人相食。诏发太仓银五万两，补给三十六年以后军饷。——民国《奉天通志》卷十七大事
1558,山东,淄博,淄博,1558|山东|淄博|淄博,明世宗嘉靖三十七年,无,《淄博县志》,无,保留,"v1,v2,v3,v4,v5,v7","v1,v2,v3,v4,v5,v7",6,0.8571,是,,淄博市：春饥，人相食。四月，雹，大有如斗者。——万历《淄博县志》卷二十二灾祥,淄博市：春饥，人相食。四月，雹，大有如斗者。——万历《淄博县志》卷二十二灾祥,淄博市：春饥，人相食。四月，雹，大有如斗者。——万历《淄博县志》卷二十二灾祥,淄博市：春饥，人相食。四月，雹，大有如斗者。——万历《淄博县志》卷二十二灾祥,淄博市：春饥，人相食。四月，雹，大有如斗者。——万历《淄博县志》卷二十二灾祥,,淄博市：春饥，人相食。四月，雹，大有如斗者。——万历《淄博县志》卷二十二灾祥
1559,辽宁,,,1559|辽宁,明世宗嘉靖三十八年,辽东,《中外历史年表》,辽东为古代地名/区域名,保留,"v1,v2","v1,v2",2,0.2857,是,,八月，以辽东连年饥馑，至有父食死子者，发银籴粟赈之。——《中外历史年表》,八月，以辽东连年饥馑，至有父食死子者，发银籴粟赈之。——《中外历史年表》,,,,,
1559,辽宁,,,1559|辽宁,明世宗嘉靖三十八年,辽东,中外历史年表,无,保留,"v5,v6,v7","v5,v6,v7",3,0.4286,是,,,,,,八月，以辽东连年饥馑，至有父食死子者，发银籴粟赈之。——《中外历史年表》,八月，以辽东连年饥馑，至有父食死子者，发银籴粟赈之。——《中外历史年表》,八月，以辽东连年饥馑，至有父食死子者，发银籴粟赈之。——《中外历史年表》
1560,山西,晋中市,昔阳县,1560|山西|晋中|昔阳,明世宗嘉靖三十九年,乐平,《乐平县志》,昔阳县为推测，原文为乐平县,保留,"v1,v2,v3,v4,v6,v7","v1,v2,v3,v4,v6,v7",6,0.8571,是,,昔阳县：七月，大旱，蝗。至四十年五月方雨，民饥，人相食。——乾隆十八年《乐平县志》卷二祥异,昔阳县：七月，大旱，蝗。至四十年五月方雨，民饥，人相食。——乾隆十八年《乐平县志》卷二祥异,昔阳县：七月，大旱，蝗。至四十年五月方雨，民饥，人相食。——乾隆十八年《乐平县志》卷二祥异,昔阳县：七月，大旱，蝗。至四十年五月方雨，民饥，人相食。——乾隆十八年《乐平县志》卷二祥异,,昔阳县：七月，大旱，蝗。至四十年五月方雨，民饥，人相食。——乾隆十八年《乐平县志》卷二祥异,昔阳县：七月，大旱，蝗。至四十年五月方雨，民饥，人相食。——乾隆十八年《乐平县志》卷二祥异
1560,山西,太原市,交城县,1560|山西|太原|交城,明世宗嘉靖三十九年,无,《交城县志》,无,保留,"v1,v2,v3,v4,v6,v7","v1,v2,v3,v4,v6,v7",6,0.8571,是,,交城县：大饥，人相食。——康熙八年《交城县志》卷一灾祥,交城县：大饥，人相食。——康熙八年《交城县志》卷一灾祥,交城县：大饥，人相食。——康熙八年《交城县志》卷一灾祥,交城县：大饥，人相食。——康熙八年《交城县志》卷一灾祥,,交城县：大饥，人相食。——康熙八年《交城县志》卷一灾祥,交城县：大饥，人相食。——康熙八年《交城县志》卷一灾祥
1560,河北,邢台市,内丘县,1560|河北|邢台|内丘,明世宗嘉靖三十九年,无,《内丘县志》,无,保留,"v1,v2,v3,v4,v6,v7","v1,v2,v3,v4,v6,v7",6,0.8571,是,,内丘县：风霾作孽，蝗飞蔽天。大饥，民食草根树皮，或剥殍肉，或呻吟气尚未绝而操刀剥之者，流离四方不可胜计。——崇祯《内丘县志》变纪,内丘县：风霾作孽，蝗飞蔽天。大饥，民食草根树皮，或剥殍肉，或呻吟气尚未绝而操刀剥之者，流离四方不可胜计。——崇祯《内丘县志》变纪,内丘县：风霾作孽，蝗飞蔽天。大饥，民食草根树皮，或剥殍肉，或呻吟气尚未绝而操刀剥之者，流离四方不可胜计。——崇祯《内丘县志》变纪,内丘县：风霾作孽，蝗飞蔽天。大饥，民食草根树皮，或剥殍肉，或呻吟气尚未绝而操刀剥之者，流离四方不可胜计。——崇祯《内丘县志》变纪,,内丘县：风霾作孽，蝗飞蔽天。大饥，民食草根树皮，或剥殍肉，或呻吟气尚未绝而操刀剥之者，流离四方不可胜计。——崇祯《内丘县志》变纪,内丘县：风霾作孽，蝗飞蔽天。大饥，民食草根树皮，或剥殍肉，或呻吟气尚未绝而操刀剥之者，流离四方不可胜计。——崇祯《内丘县志》变纪
1560,山西,晋中市,太谷县,1560|山西|晋中|太谷,明世宗嘉靖三十九年,无,《太谷县志》,无,保留,"v1,v2,v3,v4,v6,v7","v1,v2,v3,v4,v6,v7",6,0.8571,是,,太谷县：旱，游饥。人相食。——咸丰《太谷县志》卷二,太谷县：旱，游饥。人相食。——咸丰《太谷县志》卷二,太谷县：旱，游饥。人相食。——咸丰《太谷县志》卷二,太谷县：旱，游饥。人相食。——咸丰《太谷县志》卷二,,太谷县：旱，游饥。人相食。——咸丰《太谷县志》卷二,太谷县：旱，游饥。人相食。——咸丰《太谷县志》卷二
1560,河北,保定市,安新县,1560|河北|保定|安新,明世宗嘉靖三十九年,无,《安州志》,无,保留,"v1,v2,v3,v4,v6,v7","v1,v2,v3,v4,v6,v7",6,0.8571,是,,安新县：蝗蝻遍地，残禾。民大饥，有父子相食者。——康熙《安州志》卷七祥异,安新县：蝗蝻遍地，残禾。民大饥，有父子相食者。——康熙《安州志》卷七祥异,安新县：蝗蝻遍地，残禾。民大饥，有父子相食者。——康熙《安州志》卷七祥异,安新县：蝗蝻遍地，残禾。民大饥，有父子相食者。——康熙《安州志》卷七祥异,,安新县：蝗蝻遍地，残禾。民大饥，有父子相食者。——康熙《安州志》卷七祥异,安新县：蝗蝻遍地，残禾。民大饥，有父子相食者。——康熙《安州志》卷七祥异
1560,河北,保定市,完县,1560|河北|保定|完,明世宗嘉靖三十九年,无,《完县志》,无,保留,"v1,v2,v3,v4,v6,v7","v1,v2,v3,v4,v6,v7",6,0.8571,是,,完县：大蝗，颗粒无遗，至有父子相食者。——康熙《完县志》卷十灾异,完县：大蝗，颗粒无遗，至有父子相食者。——康熙《完县志》卷十灾异,完县：大蝗，颗粒无遗，至有父子相食者。——康熙《完县志》卷十灾异,完县：大蝗，颗粒无遗，至有父子相食者。——康熙《完县志》卷十灾异,,完县：大蝗，颗粒无遗，至有父子相食者。——康熙《完县志》卷十灾异,完县：大蝗，颗粒无遗，至有父子相食者。——康熙《完县志》卷十灾异
1560,山西,晋中市,寿阳县,1560|山西|晋中|寿阳,明世宗嘉靖三十九年,无,《寿阳县志》,无,保留,"v1,v2,v3,v4,v6,v7","v1,v2,v3,v4,v6,v7",6,0.8571,是,,寿阳县：大旱，蝗，四十年五月方雨，民饥，相食。——光绪《寿阳县志》卷十三集志,寿阳县：大旱，蝗，四十年五月方雨，民饥，相食。——光绪《寿阳县志》卷十三集志,寿阳县：大旱，蝗，四十年五月方雨，民饥，相食。——光绪《寿阳县志》卷十三集志,寿阳县：大旱，蝗，四十年五月方雨，民饥，相食。——光绪《寿阳县志》卷十三集志,,寿阳县：大旱，蝗，四十年五月方雨，民饥，相食。——光绪《寿阳县志》卷十三集志,寿阳县：大旱，蝗，四十年五月方雨，民饥，相食。——光绪《寿阳县志》卷十三集志
1560,山西,阳泉市,平定县,1560|山西|阳泉|平定,明世宗嘉靖三十九年,平定州,《平定州志》,平定县为推测，原文为平定州,保留,"v1,v2,v3,v4,v6,v7","v1,v2,v3,v4,v6,v7",6,0.8571,是,,平定县：七月，大旱，蝗。至四十年五月方雨。民饥，人相食。——乾隆十四年《平定州志》卷二祥异,平定县：七月，大旱，蝗。至四十年五月方雨。民饥，人相食。——乾隆十四年《平定州志》卷二祥异,平定县：七月，大旱，蝗。至四十年五月方雨。民饥，人相食。——乾隆十四年《平定州志》卷二祥异,平定县：七月，大旱，蝗。至四十年五月方雨。民饥，人相食。——乾隆十四年《平定州志》卷二祥异,,平定县：七月，大旱，蝗。至四十年五月方雨。民饥，人相食。——乾隆十四年《平定州志》卷二祥异,平定县：七月，大旱，蝗。至四十年五月方雨。民饥，人相食。——乾隆十四年《平定州志》卷二祥异
1560,北京,北京,延庆县,1560|北京|北京|延庆,明世宗嘉靖三十九年,无,《延庆州志》,无,保留,"v1,v2,v3,v4,v6,v7","v1,v2,v3,v4,v6,v7",6,0.8571,是,,延庆县：大饥，人相食，暴骨原野。——康熙《延庆州志》卷六灾祥,延庆县：大饥，人相食，暴骨原野。——康熙《延庆州志》卷六灾祥,延庆县：大饥，人相食，暴骨原野。——康熙《延庆州志》卷六灾祥,延庆县：大饥，人相食，暴骨原野。——康熙《延庆州志》卷六灾祥,,延庆县：大饥，人相食，暴骨原野。——康熙《延庆州志》卷六灾祥,延庆县：大饥，人相食，暴骨原野。——康熙《延庆州志》卷六灾祥
1560,山东,德州市,德州市,1560|山东|德|德,明世宗嘉靖三十九年,无,《德州志》,无,保留,"v1,v2,v3,v4,v6,v7","v1,v2,v3,v4,v6,v7",6,0.8571,是,,德州市：大旱，麦谷全无。饥，人相食。——万历《德州志》卷十灾祥,德州市：大旱，麦谷全无。饥，人相食。——万历《德州志》卷十灾祥,德州市：大旱，麦谷全无。饥，人相食。——万历《德州志》卷十灾祥,德州市：大旱，麦谷全无。饥，人相食。——万历《德州志》卷十灾祥,,德州市：大旱，麦谷全无。饥，人相食。——万历《德州志》卷十灾祥,德州市：大旱，麦谷全无。饥，人相食。——万历《德州志》卷十灾祥
1560,山西,吕梁市,文水县,1560|山西|吕梁|文水,明世宗嘉靖三十九年,无,《文水县志》,无,保留,"v1,v2,v3,v4,v6,v7","v1,v2,v3,v4,v6,v7",6,0.8571,是,,文水县：大饥，饿殍盈野，民弃子女，食人肉。——天启《文水县志》卷十灾祥,文水县：大饥，饿殍盈野，民弃子女，食人肉。——天启《文水县志》卷十灾祥,文水县：大饥，饿殍盈野，民弃子女，食人肉。——天启《文水县志》卷十灾祥,文水县：大饥，饿殍盈野，民弃子女，食人肉。——天启《文水县志》卷十灾祥,,文水县：大饥，饿殍盈野，民弃子女，食人肉。——天启《文水县志》卷十灾祥,文水县：大饥，饿殍盈野，民弃子女，食人肉。——天启《文水县志》卷十灾祥
1560,山西,榆次市,榆次市,1560|山西|榆次|榆次,明世宗嘉靖三十九年,无,《榆次县志》,无,保留,"v1,v2,v3,v4,v6,v7","v1,v2,v3,v4,v6,v7",6,0.8571,是,,榆次市：大旱，无秋，人相食，多浮肿死。——万历《榆次县志》卷八灾祥,榆次市：大旱，无秋，人相食，多浮肿死。——万历《榆次县志》卷八灾祥,榆次市：大旱，无秋，人相食，多浮肿死。——万历《榆次县志》卷八灾祥,榆次市：大旱，无秋，人相食，多浮肿死。——万历《榆次县志》卷八灾祥,,榆次市：大旱，无秋，人相食，多浮肿死。——万历《榆次县志》卷八灾祥,榆次市：大旱，无秋，人相食，多浮肿死。——万历《榆次县志》卷八灾祥
1560,河北,衡水市,武强县,1560|河北|衡水|武强,明世宗嘉靖三十九年,无,《武强县新志》,无,保留,"v1,v2,v3,v4,v6,v7","v1,v2,v3,v4,v6,v7",6,0.8571,是,,武强县：岁无雨，四境赤地，井底涸，寸草不生。民间子三十二年房地器物典卖已尽，故饥死者尤众，民相食，间有食其妻子者。——康熙《武强县新志》卷七灾祥,武强县：岁无雨，四境赤地，井底涸，寸草不生。民间子三十二年房地器物典卖已尽，故饥死者尤众，民相食，间有食其妻子者。——康熙《武强县新志》卷七灾祥,武强县：岁无雨，四境赤地，井底涸，寸草不生。民间子三十二年房地器物典卖已尽，故饥死者尤众，民相食，间有食其妻子者。——康熙《武强县新志》卷七灾祥,武强县：岁无雨，四境赤地，井底涸，寸草不生。民间子三十二年房地器物典卖已尽，故饥死者尤众，民相食，间有食其妻子者。——康熙《武强县新志》卷七灾祥,,武强县：岁无雨，四境赤地，井底涸，寸草不生。民间子三十二年房地器物典卖已尽，故饥死者尤众，民相食，间有食其妻子者。——康熙《武强县新志》卷七灾祥,武强县：岁无雨，四境赤地，井底涸，寸草不生。民间子三十二年房地器物典卖已尽，故饥死者尤众，民相食，间有食其妻子者。——康熙《武强县新志》卷七灾祥
1560,河北,沧州市,沧州市,1560|河北|沧|沧,明世宗嘉靖三十九年,无,《沧州志》,无,保留,"v1,v2,v3,v4,v6,v7","v1,v2,v3,v4,v6,v7",6,0.8571,是,,沧州市：三十九年、四十年，连岁饥，甚至有割死人以食者。诏发部银若干，于畿辅地方赈之。——万历《沧州志》卷五故事,沧州市：三十九年、四十年，连岁饥，甚至有割死人以食者。诏发部银若干，于畿辅地方赈之。——万历《沧州志》卷五故事,沧州市：三十九年、四十年，连岁饥，甚至有割死人以食者。诏发部银若干，于畿辅地方赈之。——万历《沧州志》卷五故事,沧州市：三十九年、四十年，连岁饥，甚至有割死人以食者。诏发部银若干，于畿辅地方赈之。——万历《沧州志》卷五故事,,沧州市：三十九年、四十年，连岁饥，甚至有割死人以食者。诏发部银若干，于畿辅地方赈之。——万历《沧州志》卷五故事,沧州市：三十九年、四十年，连岁饥，甚至有割死人以食者。诏发部银若干，于畿辅地方赈之。——万历《沧州志》卷五故事
1560,河北,保定市,清苑县,1560|河北|保定|清苑,明世宗嘉靖三十九年,无,《清苑县志》,无,保留,"v1,v2,v3,v4,v6,v7","v1,v2,v3,v4,v6,v7",6,0.8571,是,,清苑县：蝗蝻遍地，伤稼。民大饥，至相食。——民国《清苑县志》卷六灾祥,清苑县：蝗蝻遍地，伤稼。民大饥，至相食。——民国《清苑县志》卷六灾祥,清苑县：蝗蝻遍地，伤稼。民大饥，至相食。——民国《清苑县志》卷六灾祥,清苑县：蝗蝻遍地，伤稼。民大饥，至相食。——民国《清苑县志》卷六灾祥,,清苑县：蝗蝻遍地，伤稼。民大饥，至相食。——民国《清苑县志》卷六灾祥,清苑县：蝗蝻遍地，伤稼。民大饥，至相食。——民国《清苑县志》卷六灾祥
1560,河北,石家庄市,灵寿县,1560|河北|石家庄|灵寿,明世宗嘉靖三十九年,无,《灵寿县志》,无,保留,"v1,v2,v3,v4,v6,v7","v1,v2,v3,v4,v6,v7",6,0.8571,是,,灵寿县：夏大旱，蝗蛹遍野，禾稼不登，人相食。父老惊骇，以为凶荒未见有至此极者。——嘉靖《灵寿县志》卷九灾祥,灵寿县：夏大旱，蝗蛹遍野，禾稼不登，人相食。父老惊骇，以为凶荒未见有至此极者。——嘉靖《灵寿县志》卷九灾祥,灵寿县：夏大旱，蝗蛹遍野，禾稼不登，人相食。父老惊骇，以为凶荒未见有至此极者。——嘉靖《灵寿县志》卷九灾祥,灵寿县：夏大旱，蝗蛹遍野，禾稼不登，人相食。父老惊骇，以为凶荒未见有至此极者。——嘉靖《灵寿县志》卷九灾祥,,灵寿县：夏大旱，蝗蛹遍野，禾稼不登，人相食。父老惊骇，以为凶荒未见有至此极者。——嘉靖《灵寿县志》卷九灾祥,灵寿县：夏大旱，蝗蛹遍野，禾稼不登，人相食。父老惊骇，以为凶荒未见有至此极者。——嘉靖《灵寿县志》卷九灾祥
1560,河北,石家庄市,赞皇县,1560|河北|石家庄|赞皇,明世宗嘉靖三十九年,无,《赞皇县志》,无,保留,"v1,v2,v3,v4,v6,v7","v1,v2,v3,v4,v6,v7",6,0.8571,是,,赞皇县：大旱，蝗飞蔽天，流移载道，人多相食。——康熙《赞皇县志》卷九祥异,赞皇县：大旱，蝗飞蔽天，流移载道，人多相食。——康熙《赞皇县志》卷九祥异,赞皇县：大旱，蝗飞蔽天，流移载道，人多相食。——康熙《赞皇县志》卷九祥异,赞皇县：大旱，蝗飞蔽天，流移载道，人多相食。——康熙《赞皇县志》卷九祥异,,赞皇县：大旱，蝗飞蔽天，流移载道，人多相食。——康熙《赞皇县志》卷九祥异,赞皇县：大旱，蝗飞蔽天，流移载道，人多相食。——康熙《赞皇县志》卷九祥异
1560,山西,忻州市,静乐县,1560|山西|忻|静乐,明世宗嘉靖三十九年,无,《静乐县志》,无,保留,"v1,v2,v3,v4,v6,v7","v1,v2,v3,v4,v6,v7",6,0.8571,是,,静乐县：岁大饥，人相食。——康熙《静乐县志》卷四灾变,静乐县：岁大饥，人相食。——康熙《静乐县志》卷四灾变,静乐县：岁大饥，人相食。——康熙《静乐县志》卷四灾变,静乐县：岁大饥，人相食。——康熙《静乐县志》卷四灾变,,静乐县：岁大饥，人相食。——康熙《静乐县志》卷四灾变,静乐县：岁大饥，人相食。——康熙《静乐县志》卷四灾变
1560,天津,天津,静海县,1560|天津|天津|静海,明世宗嘉靖三十九年,无,《静海县志》,无,保留,"v1,v2,v3,v4,v6,v7","v1,v2,v3,v4,v6,v7",6,0.8571,是,,静海县：三十九至四十年，岁饥，人相食。——同治《静海县志》卷三灾祥,静海县：三十九至四十年，岁饥，人相食。——同治《静海县志》卷三灾祥,静海县：三十九至四十年，岁饥，人相食。——同治《静海县志》卷三灾祥,静海县：三十九至四十年，岁饥，人相食。——同治《静海县志》卷三灾祥,,静海县：三十九至四十年，岁饥，人相食。——同治《静海县志》卷三灾祥,静海县：三十九至四十年，岁饥，人相食。——同治《静海县志》卷三灾祥
1560,山西,,昔阳县,1560|山西|昔阳,明世宗嘉靖三十九年,乐平县,乐平县志,原文出处为乾隆十八年《乐平县志》，古地名乐平县即今昔阳县,保留,v5,v5,1,0.1429,是,,,,,,昔阳县：七月，大旱，蝗。至四十年五月方雨，民饥，人相食。——乾隆十八年《乐平县志》卷二祥异,,
1560,山西,吕梁,交城县,1560|山西|吕梁|交城,明世宗嘉靖三十九年,无,交城县志,无,保留,v5,v5,1,0.1429,是,,,,,,交城县：大饥，人相食。——康熙八年《交城县志》卷一灾祥,,
1560,河北,,内丘县,1560|河北|内丘,明世宗嘉靖三十九年,无,内丘县志,无,保留,v5,v5,1,0.1429,是,,,,,,内丘县：风霾作孽，蝗飞蔽天。大饥，民食草根树皮，或剥殍肉，或呻吟气尚未绝而操刀剥之者，流离四方不可胜计。——崇祯《内丘县志》变纪,,
1560,山西,晋中,太谷县,1560|山西|晋中|太谷,明世宗嘉靖三十九年,无,太谷县志,无,保留,v5,v5,1,0.1429,是,,,,,,太谷县：旱，游饥。人相食。——咸丰《太谷县志》卷二,,
1560,河北,,安新县,1560|河北|安新,明世宗嘉靖三十九年,无,安州志,无,保留,v5,v5,1,0.1429,是,,,,,,安新县：蝗蝻遍地，残禾。民大饥，有父子相食者。——康熙《安州志》卷七祥异,,
1560,河北,,完县,1560|河北|完,明世宗嘉靖三十九年,无,完县志,无,保留,v5,v5,1,0.1429,是,,,,,,完县：大蝗，颗粒无遗，至有父子相食者。——康熙《完县志》卷十灾异,,
1560,山西,,寿阳县,1560|山西|寿阳,明世宗嘉靖三十九年,无,寿阳县志,无,保留,v5,v5,1,0.1429,是,,,,,,寿阳县：大旱，蝗，四十年五月方雨，民饥，相食。——光绪《寿阳县志》卷十三集志,,
1560,山西,,平定县,1560|山西|平定,明世宗嘉靖三十九年,平定州,平定州志,无,保留,v5,v5,1,0.1429,是,,,,,,平定县：七月，大旱，蝗。至四十年五月方雨。民饥，人相食。——乾隆十四年《平定州志》卷二祥异,,
1560,河北,,延庆县,1560|河北|延庆,明世宗嘉靖三十九年,无,延庆州志,无,保留,v5,v5,1,0.1429,是,,,,,,延庆县：大饥，人相食，暴骨原野。——康熙《延庆州志》卷六灾祥,,
1560,山东,德州,德州市,1560|山东|德|德,明世宗嘉靖三十九年,无,德州志,无,保留,v5,v5,1,0.1429,是,,,,,,德州市：大旱，麦谷全无。饥，人相食。——万历《德州志》卷十灾祥,,
1560,山西,吕梁,文水县,1560|山西|吕梁|文水,明世宗嘉靖三十九年,无,文水县志,无,保留,v5,v5,1,0.1429,是,,,,,,文水县：大饥，饿殍盈野，民弃子女，食人肉。——天启《文水县志》卷十灾祥,,
1560,山西,晋中,榆次市,1560|山西|晋中|榆次,明世宗嘉靖三十九年,无,榆次县志,无,保留,v5,v5,1,0.1429,是,,,,,,榆次市：大旱，无秋，人相食，多浮肿死。——万历《榆次县志》卷八灾祥,,
1560,河北,,武强县,1560|河北|武强,明世宗嘉靖三十九年,无,武强县新志,无,保留,v5,v5,1,0.1429,是,,,,,,武强县：岁无雨，四境赤地，井底涸，寸草不生。民间子三十二年房地器物典卖已尽，故饥死者尤众，民相食，间有食其妻子者。——康熙《武强县新志》卷七灾祥,,
1560,河北,沧州,沧州市,1560|河北|沧|沧,明世宗嘉靖三十九年,无,沧州志,无,保留,v5,v5,1,0.1429,是,,,,,,沧州市：三十九年、四十年，连岁饥，甚至有割死人以食者。诏发部银若干，于畿辅地方赈之。——万历《沧州志》卷五故事,,
1560,河北,,清苑县,1560|河北|清苑,明世宗嘉靖三十九年,无,清苑县志,无,保留,v5,v5,1,0.1429,是,,,,,,清苑县：蝗蝻遍地，伤稼。民大饥，至相食。——民国《清苑县志》卷六灾祥,,
1560,河北,,灵寿县,1560|河北|灵寿,明世宗嘉靖三十九年,无,灵寿县志,无,保留,v5,v5,1,0.1429,是,,,,,,灵寿县：夏大旱，蝗蛹遍野，禾稼不登，人相食。父老惊骇，以为凶荒未见有至此极者。——嘉靖《灵寿县志》卷九灾祥,,
1560,河北,,赞皇县,1560|河北|赞皇,明世宗嘉靖三十九年,无,赞皇县志,无,保留,v5,v5,1,0.1429,是,,,,,,赞皇县：大旱，蝗飞蔽天，流移载道，人多相食。——康熙《赞皇县志》卷九祥异,,
1560,山西,,静乐县,1560|山西|静乐,明世宗嘉靖三十九年,无,静乐县志,无,保留,v5,v5,1,0.1429,是,,,,,,静乐县：岁大饥，人相食。——康熙《静乐县志》卷四灾变,,
1560,河北,,静海县,1560|河北|静海,明世宗嘉靖三十九年,无,静海县志,无,保留,v5,v5,1,0.1429,是,,,,,,静海县：三十九至四十年，岁饥，人相食。——同治《静海县志》卷三灾祥,,
1561,河北,,东光县,1561|河北|东光,明世宗嘉靖四十年,无,《东光县志》,无,保留,"v2,v3,v5,v6,v7","v2,v3,v5,v6,v7",5,0.7143,是,,,东光县：三月，县境大饥，人相食，疫死者甚众。——光绪《东光县志》卷十一祥异,东光县：三月，县境大饥，人相食，疫死者甚众。——光绪《东光县志》卷十一祥异,,东光县：三月，县境大饥，人相食，疫死者甚众。——光绪《东光县志》卷十一祥异,东光县：三月，县境大饥，人相食，疫死者甚众。——光绪《东光县志》卷十一祥异,东光县：三月，县境大饥，人相食，疫死者甚众。——光绪《东光县志》卷十一祥异
1561,山西,,五台县,1561|山西|五台,明世宗嘉靖四十年,无,《五台县志》,无,保留,"v2,v3,v5,v6,v7","v2,v3,v5,v6,v7",5,0.7143,是,,,五台县：夏旱，麦豆枯干，盗起劫掠，人民相食。——康熙《五台县志》卷八祥异,五台县：夏旱，麦豆枯干，盗起劫掠，人民相食。——康熙《五台县志》卷八祥异,,五台县：夏旱，麦豆枯干，盗起劫掠，人民相食。——康熙《五台县志》卷八祥异,五台县：夏旱，麦豆枯干，盗起劫掠，人民相食。——康熙《五台县志》卷八祥异,五台县：夏旱，麦豆枯干，盗起劫掠，人民相食。——康熙《五台县志》卷八祥异
1561,湖北,,宜都县,1561|湖北|宜都,明世宗嘉靖四十年,无,《宜都县志》,无,保留,"v2,v3,v5,v6,v7","v2,v3,v5,v6,v7",5,0.7143,是,,,宜都县：春，雪深三尺。秋大疫，死者过半，沟渠皆殍，人相食。——康熙《宜都县志》卷十一灾祥,宜都县：春，雪深三尺。秋大疫，死者过半，沟渠皆殍，人相食。——康熙《宜都县志》卷十一灾祥,,宜都县：春，雪深三尺。秋大疫，死者过半，沟渠皆殍，人相食。——康熙《宜都县志》卷十一灾祥,宜都县：春，雪深三尺。秋大疫，死者过半，沟渠皆殍，人相食。——康熙《宜都县志》卷十一灾祥,宜都县：春，雪深三尺。秋大疫，死者过半，沟渠皆殍，人相食。——康熙《宜都县志》卷十一灾祥
1561,山西,,寿阳县,1561|山西|寿阳,明世宗嘉靖四十年,无,《寿阳县志》,无,保留,"v2,v3,v5,v6,v7","v2,v3,v5,v6,v7",5,0.7143,是,,,寿阳县：大旱，斗米钱二百余，人相食，殍尸枕藉。——光绪《寿阳县志》卷八祥异,寿阳县：大旱，斗米钱二百余，人相食，殍尸枕藉。——光绪《寿阳县志》卷八祥异,,寿阳县：大旱，斗米钱二百余，人相食，殍尸枕藉。——光绪《寿阳县志》卷八祥异,寿阳县：大旱，斗米钱二百余，人相食，殍尸枕藉。——光绪《寿阳县志》卷八祥异,寿阳县：大旱，斗米钱二百余，人相食，殍尸枕藉。——光绪《寿阳县志》卷八祥异
1561,山西,,左权县,1561|山西|左权,明世宗嘉靖四十年,无,《山西通志》,无,保留,"v2,v3,v5,v6,v7","v2,v3,v5,v6,v7",5,0.7143,是,,,左权县：米斗银二钱，人相食。——万历《山西通志》卷二十六灾祥,左权县：米斗银二钱，人相食。——万历《山西通志》卷二十六灾祥,,左权县：米斗银二钱，人相食。——万历《山西通志》卷二十六灾祥,左权县：米斗银二钱，人相食。——万历《山西通志》卷二十六灾祥,左权县：米斗银二钱，人相食。——万历《山西通志》卷二十六灾祥
1561,河北,,平山县,1561|河北|平山,明世宗嘉靖四十年,无,《平山县志》,无,保留,"v2,v3,v5,v6,v7","v2,v3,v5,v6,v7",5,0.7143,是,,,平山县：人相食。五月初旬雨。秋荻。——康熙《平山县志》卷一纪事,平山县：人相食。五月初旬雨。秋荻。——康熙《平山县志》卷一纪事,,平山县：人相食。五月初旬雨。秋荻。——康熙《平山县志》卷一纪事,平山县：人相食。五月初旬雨。秋荻。——康熙《平山县志》卷一纪事,平山县：人相食。五月初旬雨。秋荻。——康熙《平山县志》卷一纪事
1561,河北,,阜城县,1561|河北|阜城,明世宗嘉靖四十年,无,《重修阜志》,无,保留,"v2,v3,v5,v6,v7","v2,v3,v5,v6,v7",5,0.7143,是,,,阜城县：春，人相食，疫死甚众。——康熙《重修阜志》卷下祥异,阜城县：春，人相食，疫死甚众。——康熙《重修阜志》卷下祥异,,阜城县：春，人相食，疫死甚众。——康熙《重修阜志》卷下祥异,阜城县：春，人相食，疫死甚众。——康熙《重修阜志》卷下祥异,阜城县：春，人相食，疫死甚众。——康熙《重修阜志》卷下祥异
1561,河北,天津,青县,1561|河北|天津|青,明世宗嘉靖四十年,无,《青县志》,无,保留,"v2,v3,v5,v6,v7","v2,v3,v5,v6,v7",5,0.7143,是,,,青县：连年饥，甚至有割死人以食者。——嘉庆《青县志》卷六蠲恤,青县：连年饥，甚至有割死人以食者。——嘉庆《青县志》卷六蠲恤,,青县：连年饥，甚至有割死人以食者。——嘉庆《青县志》卷六蠲恤,青县：连年饥，甚至有割死人以食者。——嘉庆《青县志》卷六蠲恤,青县：连年饥，甚至有割死人以食者。——嘉庆《青县志》卷六蠲恤
1561,河北,天津,静海县,1561|河北|天津|静海,明世宗嘉靖四十年,无,《静海县志》,无,保留,"v2,v3,v5,v6,v7","v2,v3,v5,v6,v7",5,0.7143,是,,,静海县：岁饥，人相食。——同治《静海县志》卷三灾祥,静海县：岁饥，人相食。——同治《静海县志》卷三灾祥,,静海县：岁饥，人相食。——同治《静海县志》卷三灾祥,静海县：岁饥，人相食。——同治《静海县志》卷三灾祥,静海县：岁饥，人相食。——同治《静海县志》卷三灾祥
1561,河北,,邢台,1561|河北|邢台,明世宗嘉靖四十年,无,《顺德府志》,无,保留,"v2,v3,v5,v6,v7","v2,v3,v5,v6,v7",5,0.7143,是,,,邢台市：春，时方旱，赤地千里，历夏又不雨，迄秋一禾不登。饥甚，人相食，流移载道。——万历《顺德府志》卷四艺文,邢台市：春，时方旱，赤地千里，历夏又不雨，迄秋一禾不登。饥甚，人相食，流移载道。——万历《顺德府志》卷四艺文,,邢台市：春，时方旱，赤地千里，历夏又不雨，迄秋一禾不登。饥甚，人相食，流移载道。——万历《顺德府志》卷四艺文,邢台市：春，时方旱，赤地千里，历夏又不雨，迄秋一禾不登。饥甚，人相食，流移载道。——万历《顺德府志》卷四艺文,邢台市：春，时方旱，赤地千里，历夏又不雨，迄秋一禾不登。饥甚，人相食，流移载道。——万历《顺德府志》卷四艺文
1561,河北,,东光县,1561|河北|东光,明世宗嘉靖四十年,无,东光县志,无,保留,v4,v4,1,0.1429,是,,,,,东光县：三月，县境大饥，人相食，疫死者甚众。——光绪《东光县志》卷十一祥异,,,
1561,山西,,五台县,1561|山西|五台,明世宗嘉靖四十年,无,五台县志,无,保留,v4,v4,1,0.1429,是,,,,,五台县：夏旱，麦豆枯干，盗起劫掠，人民相食。——康熙《五台县志》卷八祥异,,,
1561,湖北,,宜都县,1561|湖北|宜都,明世宗嘉靖四十年,无,宜都县志,无,保留,v4,v4,1,0.1429,是,,,,,宜都县：春，雪深三尺。秋大疫，死者过半，沟渠皆殍，人相食。——康熙《宜都县志》卷十一灾祥,,,
1561,山西,,寿阳县,1561|山西|寿阳,明世宗嘉靖四十年,无,寿阳县志,无,保留,v4,v4,1,0.1429,是,,,,,寿阳县：大旱，斗米钱二百余，人相食，殍尸枕藉。——光绪《寿阳县志》卷八祥异,,,
1561,山西,,左权县,1561|山西|左权,明世宗嘉靖四十年,无,山西通志,无,保留,v4,v4,1,0.1429,是,,,,,左权县：米斗银二钱，人相食。——万历《山西通志》卷二十六灾祥,,,
1561,河北,,平山县,1561|河北|平山,明世宗嘉靖四十年,无,平山县志,无,保留,v4,v4,1,0.1429,是,,,,,平山县：人相食。五月初旬雨。秋荻。——康熙《平山县志》卷一纪事,,,
1561,河北,,阜城县,1561|河北|阜城,明世宗嘉靖四十年,无,重修阜志,无,保留,v4,v4,1,0.1429,是,,,,,阜城县：春，人相食，疫死甚众。——康熙《重修阜志》卷下祥异,,,
1561,河北,,青县,1561|河北|青,明世宗嘉靖四十年,无,青县志,无,保留,v4,v4,1,0.1429,是,,,,,青县：连年饥，甚至有割死人以食者。——嘉庆《青县志》卷六蠲恤,,,
1561,河北,天津,静海县,1561|河北|天津|静海,明世宗嘉靖四十年,无,静海县志,无,保留,v4,v4,1,0.1429,是,,,,,静海县：岁饥，人相食。——同治《静海县志》卷三灾祥,,,
1561,河北,邢台市,邢台,1561|河北|邢台|邢台,明世宗嘉靖四十年,无,顺德府志,无,保留,v4,v4,1,0.1429,是,,,,,邢台市：春，时方旱，赤地千里，历夏又不雨，迄秋一禾不登。饥甚，人相食，流移载道。——万历《顺德府志》卷四艺文,,,
1562,山西,,太谷县,1562|山西|太谷,明世宗嘉靖四十一年,无,《太谷县志》,无,保留,"v4,v5,v6","v4,v5,v6",3,0.4286,是,,,,,山西：太谷县：三十九至四十一年，岁大歉，百姓逃窜，在者食树皮草根，鸡猪绝于途，人皆相食，死尸枕藉于外，郊外童男女弃置不顾。——万历《太谷县志》卷八灾异,山西：太谷县：三十九至四十一年，岁大歉，百姓逃窜，在者食树皮草根，鸡猪绝于途，人皆相食，死尸枕藉于外，郊外童男女弃置不顾。——万历《太谷县志》卷八灾异,山西：太谷县：三十九至四十一年，岁大歉，百姓逃窜，在者食树皮草根，鸡猪绝于途，人皆相食，死尸枕藉于外，郊外童男女弃置不顾。——万历《太谷县志》卷八灾异,
1562,山西,,太谷县,1562|山西|太谷,明世宗嘉靖四十一年,无,《太谷县志》,无,保留,v3,v3,1,0.1429,是,,,,太谷县：三十九至四十一年，岁大歉，百姓逃窜，在者食树皮草根，鸡猪绝于途，人皆相食，死尸枕藉于外，郊外童男女弃置不顾。——万历《太谷县志》,,,,
1562,山西,,太谷县,1562|山西|太谷,明世宗嘉靖四十一年,无,《太谷县志》,无,保留,"v1,v2,v7","v1,v2,v7",3,0.4286,是,,太谷县：三十九至四十一年，岁大歉，百姓逃窜，在者食树皮草根，鸡猪绝于途，人皆相食，死尸枕藉于外，郊外童男女弃置不顾。——万历《太谷县志》卷八灾异,太谷县：三十九至四十一年，岁大歉，百姓逃窜，在者食树皮草根，鸡猪绝于途，人皆相食，死尸枕藉于外，郊外童男女弃置不顾。——万历《太谷县志》卷八灾异,,,,,太谷县：三十九至四十一年，岁大歉，百姓逃窜，在者食树皮草根，鸡猪绝于途，人皆相食，死尸枕藉于外，郊外童男女弃置不顾。——万历《太谷县志》卷八灾异
1565,甘肃,,和政县,1565|甘肃|和政,明世宗嘉靖四十四年,无,《和政县志》转引《西北灾荒史》,无,需进一步分析,"v1,v2,v6","v1,v2,v6",3,0.5,否,"同类 record 存在于 v1,v2,v3,v4,v6,v7；本条仅存在于 v1,v2,v6；占比 50.0%",和政县：大旱，斗栗银七钱，人相食，城池遍野积尸无数。——《和政县志》（民国十九年），转引自《西北灾荒史》第1615页。,和政县：大旱，斗栗银七钱，人相食，城池遍野积尸无数。——《和政县志》（民国十九年），转引自《西北灾荒史》第1615页。,,,,和政县：大旱，斗栗银七钱，人相食，城池遍野积尸无数。——《和政县志》（民国十九年），转引自《西北灾荒史》第1615页。,
1565,甘肃,,临夏县,1565|甘肃|临夏,明世宗嘉靖四十四年,无,《河州志》转引《西北灾荒史》,无,需进一步分析,"v1,v2,v6","v1,v2,v6",3,0.5,否,"同类 record 存在于 v1,v2,v3,v4,v6,v7；本条仅存在于 v1,v2,v6；占比 50.0%",临夏县：河州岁大荒，市巢每斗七钱，人相食，城池田野，积尸无数。——《河州志》（嘉靖二十五年），转引自《西北灾荒史》第1615页。,临夏县：河州岁大荒，市巢每斗七钱，人相食，城池田野，积尸无数。——《河州志》（嘉靖二十五年），转引自《西北灾荒史》第1615页。,,,,临夏县：河州岁大荒，市巢每斗七钱，人相食，城池田野，积尸无数。——《河州志》（嘉靖二十五年），转引自《西北灾荒史》第1615页。,
1565,甘肃,,临夏县,1565|甘肃|临夏,明世宗嘉靖四十四年,河州,《西北灾荒史》,无,保留,v4,v4,1,0.1429,是,,,,,临夏县：河州岁大荒，市巢每斗七钱，人相食，城池田野，积尸无数。——《河州志》（嘉靖二十五年），转引自《西北灾荒史》第1615页。,,,
1565,甘肃,,和政县,1565|甘肃|和政,明世宗嘉靖四十四年,无,《西北灾荒史》,无,保留,v4,v4,1,0.1429,是,,,,,和政县：大旱，斗栗银七钱，人相食，城池遍野积尸无数。——《和政县志》（民国十九年），转引自《西北灾荒史》第1615页。,,,
1565,甘肃,,和政县,1565|甘肃|和政,明世宗嘉靖四十四年,无,和政县志转引西北灾荒史,无,需进一步分析,v7,v7,1,0.1667,否,"同类 record 存在于 v1,v2,v3,v4,v6,v7；本条仅存在于 v7；占比 16.7%",,,,,,,和政县：大旱，斗栗银七钱，人相食，城池遍野积尸无数。——《和政县志》（民国十九年），转引自《西北灾荒史》第1615页。
1565,甘肃,,临夏县,1565|甘肃|临夏,明世宗嘉靖四十四年,河州,河州志转引西北灾荒史,无,需进一步分析,v7,v7,1,0.1667,否,"同类 record 存在于 v1,v2,v3,v4,v6,v7；本条仅存在于 v7；占比 16.7%",,,,,,,临夏县：河州岁大荒，市巢每斗七钱，人相食，城池田野，积尸无数。——《河州志》（嘉靖二十五年），转引自《西北灾荒史》第1615页。
1565,甘肃,,临夏县,1565|甘肃|临夏,明世宗嘉靖四十四年,河州,西北灾荒史,原出处为《河州志》（嘉靖二十五年），转引自本书,保留,v3,v3,1,0.1429,是,,,,临夏县：河州岁大荒，市巢每斗七钱，人相食，城池田野，积尸无数。——《河州志》（嘉靖二十五年），转引自《西北灾荒史》第1615页。,,,,
1565,甘肃,,和政县,1565|甘肃|和政,明世宗嘉靖四十四年,无,西北灾荒史,原出处为《和政县志》（民国十九年），转引自本书,保留,v3,v3,1,0.1429,是,,,,和政县：大旱，斗栗银七钱，人相食，城池遍野积尸无数。——《和政县志》（民国十九年），转引自《西北灾荒史》第1615页。,,,,
1572,陕西,,安塞县,1572|陕西|安塞,明穆宗隆庆六年,无,《安塞县志》,无,保留,"v1,v2,v3,v5,v6,v7","v1,v2,v3,v5,v6,v7",6,0.8571,是,,安塞县：旱，饥，人相食。——民国《安塞县志》卷十祥异,安塞县：旱，饥，人相食。——民国《安塞县志》卷十祥异,安塞县：旱，饥，人相食。——民国《安塞县志》卷十祥异,,安塞县：旱，饥，人相食。——民国《安塞县志》卷十祥异,安塞县：旱，饥，人相食。——民国《安塞县志》卷十祥异,安塞县：旱，饥，人相食。——民国《安塞县志》卷十祥异
1572,陕西,,榆林县,1572|陕西|榆林,明穆宗隆庆六年,无,《延绥镇志》,无,保留,"v1,v2,v3,v5,v6,v7","v1,v2,v3,v5,v6,v7",6,0.8571,是,,榆林县：复大饥，人相食。——万历《延绥镇志》卷三灾异,榆林县：复大饥，人相食。——万历《延绥镇志》卷三灾异,榆林县：复大饥，人相食。——万历《延绥镇志》卷三灾异,,榆林县：复大饥，人相食。——万历《延绥镇志》卷三灾异,榆林县：复大饥，人相食。——万历《延绥镇志》卷三灾异,榆林县：复大饥，人相食。——万历《延绥镇志》卷三灾异
1572,陕西,,洛川县,1572|陕西|洛川,明穆宗隆庆六年,无,《洛川县志》,无,保留,"v1,v2,v3,v5,v6,v7","v1,v2,v3,v5,v6,v7",6,0.8571,是,,洛川县：旱，饥，人相食。——嘉庆《洛川县志》卷一祥异,洛川县：旱，饥，人相食。——嘉庆《洛川县志》卷一祥异,洛川县：旱，饥，人相食。——嘉庆《洛川县志》卷一祥异,,洛川县：旱，饥，人相食。——嘉庆《洛川县志》卷一祥异,洛川县：旱，饥，人相食。——嘉庆《洛川县志》卷一祥异,洛川县：旱，饥，人相食。——嘉庆《洛川县志》卷一祥异
1572,陕西,,黄陵县,1572|陕西|黄陵,明穆宗隆庆六年,无,《续修中部县志》,无,保留,"v1,v2,v3,v5,v6,v7","v1,v2,v3,v5,v6,v7",6,0.8571,是,,黄陵县：大饥，旱，人相食。——嘉庆《续修中部县志》卷二祥异,黄陵县：大饥，旱，人相食。——嘉庆《续修中部县志》卷二祥异,黄陵县：大饥，旱，人相食。——嘉庆《续修中部县志》卷二祥异,,黄陵县：大饥，旱，人相食。——嘉庆《续修中部县志》卷二祥异,黄陵县：大饥，旱，人相食。——嘉庆《续修中部县志》卷二祥异,黄陵县：大饥，旱，人相食。——嘉庆《续修中部县志》卷二祥异
1572,陕西,,延安市,1572|陕西|延安,明穆宗隆庆六年,无,《陕西通志》转引《西北灾荒史》,无,保留,"v1,v2,v3,v5,v6,v7","v1,v2,v3,v5,v6,v7",6,0.8571,是,,延安市：大旱，饥，人相食。——《陕西通志》（万历三十九年），转引自《西北灾荒史》第420页。,延安市：大旱，饥，人相食。——《陕西通志》（万历三十九年），转引自《西北灾荒史》第420页。,延安市：大旱，饥，人相食。——《陕西通志》（万历三十九年），转引自《西北灾荒史》第420页。,,延安市：大旱，饥，人相食。——《陕西通志》（万历三十九年），转引自《西北灾荒史》第420页。,延安市：大旱，饥，人相食。——《陕西通志》（万历三十九年），转引自《西北灾荒史》第420页。,延安市：大旱，饥，人相食。——《陕西通志》（万历三十九年），转引自《西北灾荒史》第420页。
1572,陕西,,榆林县,1572|陕西|榆林,明穆宗隆庆六年,无,万历延绥镇志,无,需进一步分析,v4,v4,1,0.1429,否,"同类 record 存在于 v1,v2,v3,v4,v5,v6,v7；本条仅存在于 v4；占比 14.3%",,,,榆林县：复大饥，人相食。——万历《延绥镇志》卷三灾异,,,
1572,陕西,,洛川县,1572|陕西|洛川,明穆宗隆庆六年,无,嘉庆洛川县志,无,需进一步分析,v4,v4,1,0.1429,否,"同类 record 存在于 v1,v2,v3,v4,v5,v6,v7；本条仅存在于 v4；占比 14.3%",,,,洛川县：旱，饥，人相食。——嘉庆《洛川县志》卷一祥异,,,
1572,陕西,,黄陵县,1572|陕西|黄陵,明穆宗隆庆六年,无,嘉庆续修中部县志,无,需进一步分析,v4,v4,1,0.1429,否,"同类 record 存在于 v1,v2,v3,v4,v5,v6,v7；本条仅存在于 v4；占比 14.3%",,,,黄陵县：大饥，旱，人相食。——嘉庆《续修中部县志》卷二祥异,,,
1572,陕西,,安塞县,1572|陕西|安塞,明穆宗隆庆六年,无,民国安塞县志,无,需进一步分析,v4,v4,1,0.1429,否,"同类 record 存在于 v1,v2,v3,v4,v5,v6,v7；本条仅存在于 v4；占比 14.3%",,,,安塞县：旱，饥，人相食。——民国《安塞县志》卷十祥异,,,
1572,陕西,,延安府,1572|陕西|延安府,明穆宗隆庆六年,无,陕西通志,无,保留,v4,v4,1,0.1429,是,,,,,延安市：大旱，饥，人相食。——《陕西通志》（万历三十九年），转引自《西北灾荒史》第420页。,,,
1580,河南,,偃师县,1580|河南|偃师,明神宗万历八年,无,《偃师县志》,无,保留,"v1,v2,v3,v4,v5,v6,v7","v1,v2,v3,v4,v5,v6,v7",7,1.0,是,,偃师县：大饥，人相食。——顺治《偃师县志》卷二灾祥,偃师县：大饥，人相食。——顺治《偃师县志》卷二灾祥,偃师县：大饥，人相食。——顺治《偃师县志》卷二灾祥,偃师县：大饥，人相食。——顺治《偃师县志》卷二灾祥,偃师县：大饥，人相食。——顺治《偃师县志》卷二灾祥,偃师县：大饥，人相食。——顺治《偃师县志》卷二灾祥,偃师县：大饥，人相食。——顺治《偃师县志》卷二灾祥
1580,河南,,沈丘县,1580|河南|沈丘,明神宗万历八年,无,《沈丘县志》,无,保留,"v1,v2,v3,v4,v5,v6,v7","v1,v2,v3,v4,v5,v6,v7",7,1.0,是,,沈丘县：大水，饥，人相食。——顺治《沈丘县志》卷十三灾祥,沈丘县：大水，饥，人相食。——顺治《沈丘县志》卷十三灾祥,沈丘县：大水，饥，人相食。——顺治《沈丘县志》卷十三灾祥,沈丘县：大水，饥，人相食。——顺治《沈丘县志》卷十三灾祥,沈丘县：大水，饥，人相食。——顺治《沈丘县志》卷十三灾祥,沈丘县：大水，饥，人相食。——顺治《沈丘县志》卷十三灾祥,沈丘县：大水，饥，人相食。——顺治《沈丘县志》卷十三灾祥
1581,安徽,,怀远县,1581|安徽|怀远,明神宗万历九年,无,《怀远县志》,无,保留,"v1,v2,v5,v6","v1,v2,v5,v6",4,0.5714,是,,怀远县：旱涝相仍，岁大饥，人有相食者。知县郑际可申灾抚恤，民持以安。——雍正《怀远县志》卷八灾异,安徽怀远县：旱涝相仍，岁大饥，人有相食者。知县郑际可申灾抚恤，民持以安。——雍正《怀远县志》卷八灾异,,,安徽怀远县：旱涝相仍，岁大饥，人有相食者。知县郑际可申灾抚恤，民持以安。——雍正《怀远县志》卷八灾异,怀远县：旱涝相仍，岁大饥，人有相食者。知县郑际可申灾抚恤，民持以安。——雍正《怀远县志》卷八灾异,
1581,安徽,,怀远县,1581|安徽|怀远,明神宗万历九年,无,《怀远县志》,无,保留,"v3,v4,v7","v3,v4,v7",3,0.4286,是,,,,安徽：怀远县：旱涝相仍，岁大饥，人有相食者。知县郑际可申灾抚恤，民持以安。——雍正《怀远县志》卷八灾异,安徽：怀远县：旱涝相仍，岁大饥，人有相食者。知县郑际可申灾抚恤，民持以安。——雍正《怀远县志》卷八灾异,,,安徽：怀远县：旱涝相仍，岁大饥，人有相食者。知县郑际可申灾抚恤，民持以安。——雍正《怀远县志》卷八灾异
1581,湖北,,枝江县,1581|湖北|枝江,明神宗万历九年,无,《枝江县志》,无,保留,"v1,v2,v4,v5,v6","v1,v2,v4,v5,v6",5,0.7143,是,,枝江县：大饥，人相食。——道光《枝江县志》卷十四氛祲,湖北枝江县：大饥，人相食。——道光《枝江县志》卷十四氛祲,,湖北枝江县：大饥，人相食。——道光《枝江县志》卷十四氛祲,湖北枝江县：大饥，人相食。——道光《枝江县志》卷十四氛祲,枝江县：大饥，人相食。——道光《枝江县志》卷十四氛祲,
1581,湖北,,枝江县,1581|湖北|枝江,明神宗万历九年,无,《枝江县志》,无,保留,"v3,v7","v3,v7",2,0.2857,是,,,,湖北：枝江县：大饥，人相食。——道光《枝江县志》卷十四氛祲,,,,湖北：枝江县：大饥，人相食。——道光《枝江县志》卷十四氛祲
1582,陕西,西安市,临潼县,1582|陕西|西安|临潼,明神宗万历十年,无,《临潼县志》,无,保留,"v1,v2,v3,v4,v5,v6,v7","v1,v2,v3,v4,v5,v6,v7",7,1.0,是,,临潼县：大旱，人相食。——康熙《临潼县志》卷六祥异,临潼县：大旱，人相食。——康熙《临潼县志》卷六祥异,临潼县：大旱，人相食。——康熙《临潼县志》卷六祥异,临潼县：大旱，人相食。——康熙《临潼县志》卷六祥异,临潼县：大旱，人相食。——康熙《临潼县志》卷六祥异,临潼县：大旱，人相食。——康熙《临潼县志》卷六祥异,临潼县：大旱，人相食。——康熙《临潼县志》卷六祥异
1582,甘肃,庆阳市,合水县,1582|甘肃|庆阳|合水,明神宗万历十年,无,《合水县志》,无,保留,"v1,v2,v3,v4,v5,v6,v7","v1,v2,v3,v4,v5,v6,v7",7,1.0,是,,合水县：麦收一分，秋全无。是年及冬十一年春，人有相食者。——乾隆《合水县志》卷下祥异,合水县：麦收一分，秋全无。是年及冬十一年春，人有相食者。——乾隆《合水县志》卷下祥异,合水县：麦收一分，秋全无。是年及冬十一年春，人有相食者。——乾隆《合水县志》卷下祥异,合水县：麦收一分，秋全无。是年及冬十一年春，人有相食者。——乾隆《合水县志》卷下祥异,合水县：麦收一分，秋全无。是年及冬十一年春，人有相食者。——乾隆《合水县志》卷下祥异,合水县：麦收一分，秋全无。是年及冬十一年春，人有相食者。——乾隆《合水县志》卷下祥异,合水县：麦收一分，秋全无。是年及冬十一年春，人有相食者。——乾隆《合水县志》卷下祥异
1582,陕西,渭南市,华阴县,1582|陕西|渭南|华阴,明神宗万历十年,无,《同州府志》,无,保留,"v1,v2,v3,v4,v5,v6,v7","v1,v2,v3,v4,v5,v6,v7",7,1.0,是,,华阴县：华阴雨雹。是年大旱，人相食。——咸丰《同州府志》卷六沿革表,华阴县：华阴雨雹。是年大旱，人相食。——咸丰《同州府志》卷六沿革表,华阴县：华阴雨雹。是年大旱，人相食。——咸丰《同州府志》卷六沿革表,华阴县：华阴雨雹。是年大旱，人相食。——咸丰《同州府志》卷六沿革表,华阴县：华阴雨雹。是年大旱，人相食。——咸丰《同州府志》卷六沿革表,华阴县：华阴雨雹。是年大旱，人相食。——咸丰《同州府志》卷六沿革表,华阴县：华阴雨雹。是年大旱，人相食。——咸丰《同州府志》卷六沿革表
1582,陕西,咸阳,咸阳市,1582|陕西|咸阳|咸阳,明神宗万历十年,无,《咸阳县志》,无,保留,"v1,v2,v3,v4,v5,v6,v7","v1,v2,v3,v4,v5,v6,v7",7,1.0,是,,咸阳市：大旱，人相食。知县傅公需煮粥，民赖全活。——乾隆《咸阳县志》卷二十祥异,咸阳市：大旱，人相食。知县傅公需煮粥，民赖全活。——乾隆《咸阳县志》卷二十祥异,咸阳市：大旱，人相食。知县傅公需煮粥，民赖全活。——乾隆《咸阳县志》卷二十祥异,咸阳市：大旱，人相食。知县傅公需煮粥，民赖全活。——乾隆《咸阳县志》卷二十祥异,咸阳市：大旱，人相食。知县傅公需煮粥，民赖全活。——乾隆《咸阳县志》卷二十祥异,咸阳市：大旱，人相食。知县傅公需煮粥，民赖全活。——乾隆《咸阳县志》卷二十祥异,咸阳市：大旱，人相食。知县傅公需煮粥，民赖全活。——乾隆《咸阳县志》卷二十祥异
1582,陕西,榆林市,榆林县,1582|陕西|榆林|榆林,明神宗万历十年,无,《延绥镇志》,无,保留,"v1,v2,v3,v4,v5,v6,v7","v1,v2,v3,v4,v5,v6,v7",7,1.0,是,,榆林县：旱。大饥，人相食。——万历《延绥镇志》卷三灾异,榆林县：旱。大饥，人相食。——万历《延绥镇志》卷三灾异,榆林县：旱。大饥，人相食。——万历《延绥镇志》卷三灾异,榆林县：旱。大饥，人相食。——万历《延绥镇志》卷三灾异,榆林县：旱。大饥，人相食。——万历《延绥镇志》卷三灾异,榆林县：旱。大饥，人相食。——万历《延绥镇志》卷三灾异,榆林县：旱。大饥，人相食。——万历《延绥镇志》卷三灾异
1582,甘肃,庆阳市,庆阳县,1582|甘肃|庆阳|庆阳,明神宗万历十年,无,《新修庆阳府志》,无,保留,"v1,v2,v3,v4,v5,v6,v7","v1,v2,v3,v4,v5,v6,v7",7,1.0,是,,庆阳县：旱。大饥，人相食。——乾隆《新修庆阳府志》卷三十七祥眚,庆阳县：旱。大饥，人相食。——乾隆《新修庆阳府志》卷三十七祥眚,庆阳县：旱。大饥，人相食。——乾隆《新修庆阳府志》卷三十七祥眚,庆阳县：旱。大饥，人相食。——乾隆《新修庆阳府志》卷三十七祥眚,庆阳县：旱。大饥，人相食。——乾隆《新修庆阳府志》卷三十七祥眚,庆阳县：旱。大饥，人相食。——乾隆《新修庆阳府志》卷三十七祥眚,庆阳县：旱。大饥，人相食。——乾隆《新修庆阳府志》卷三十七祥眚
1582,湖北,荆州市,松滋县,1582|湖北|荆|松滋,明神宗万历十年,无,《松滋县志》,无,保留,"v1,v2,v3,v4,v5,v6,v7","v1,v2,v3,v4,v5,v6,v7",7,1.0,是,,松滋县：大饥，人相食。——康熙九年《松滋县志》卷下禨祥,松滋县：大饥，人相食。——康熙九年《松滋县志》卷下禨祥,松滋县：大饥，人相食。——康熙九年《松滋县志》卷下禨祥,松滋县：大饥，人相食。——康熙九年《松滋县志》卷下禨祥,松滋县：大饥，人相食。——康熙九年《松滋县志》卷下禨祥,松滋县：大饥，人相食。——康熙九年《松滋县志》卷下禨祥,松滋县：大饥，人相食。——康熙九年《松滋县志》卷下禨祥
1582,甘肃,庆阳市,正宁县,1582|甘肃|庆阳|正宁,明神宗万历十年,无,《正宁县志》,无,保留,"v1,v2,v3,v4,v5,v6,v7","v1,v2,v3,v4,v5,v6,v7",7,1.0,是,,正宁县：旱。大饥，人相食。——乾隆《正宁县志》卷十三祥眚,正宁县：旱。大饥，人相食。——乾隆《正宁县志》卷十三祥眚,正宁县：旱。大饥，人相食。——乾隆《正宁县志》卷十三祥眚,正宁县：旱。大饥，人相食。——乾隆《正宁县志》卷十三祥眚,正宁县：旱。大饥，人相食。——乾隆《正宁县志》卷十三祥眚,正宁县：旱。大饥，人相食。——乾隆《正宁县志》卷十三祥眚,正宁县：旱。大饥，人相食。——乾隆《正宁县志》卷十三祥眚
1582,陕西,延安市,洛川县,1582|陕西|延安|洛川,明神宗万历十年,无,《洛川县志》,无,保留,"v1,v2,v3,v4,v5,v6,v7","v1,v2,v3,v4,v5,v6,v7",7,1.0,是,,洛川县：大旱，饥，人相食。——嘉庆《洛川县志》卷一祥异,洛川县：大旱，饥，人相食。——嘉庆《洛川县志》卷一祥异,洛川县：大旱，饥，人相食。——嘉庆《洛川县志》卷一祥异,洛川县：大旱，饥，人相食。——嘉庆《洛川县志》卷一祥异,洛川县：大旱，饥，人相食。——嘉庆《洛川县志》卷一祥异,洛川县：大旱，饥，人相食。——嘉庆《洛川县志》卷一祥异,洛川县：大旱，饥，人相食。——嘉庆《洛川县志》卷一祥异
1582,甘肃,庆阳市,环县,1582|甘肃|庆阳|环,明神宗万历十年,无,《环县志》,无,保留,"v1,v2,v3,v4,v5,v6,v7","v1,v2,v3,v4,v5,v6,v7",7,1.0,是,,环县：旱。大饥，人相食。——乾隆《环县志》卷十纪事,环县：旱。大饥，人相食。——乾隆《环县志》卷十纪事,环县：旱。大饥，人相食。——乾隆《环县志》卷十纪事,环县：旱。大饥，人相食。——乾隆《环县志》卷十纪事,环县：旱。大饥，人相食。——乾隆《环县志》卷十纪事,环县：旱。大饥，人相食。——乾隆《环县志》卷十纪事,环县：旱。大饥，人相食。——乾隆《环县志》卷十纪事
1582,陕西,延安市,黄陵县,1582|陕西|延安|黄陵,明神宗万历十年,无,《续修中部县志》,无,保留,"v1,v2,v3,v4,v5,v6,v7","v1,v2,v3,v4,v5,v6,v7",7,1.0,是,,黄陵县：大旱，人相食。——嘉庆《续修中部县志》卷二祥异,黄陵县：大旱，人相食。——嘉庆《续修中部县志》卷二祥异,黄陵县：大旱，人相食。——嘉庆《续修中部县志》卷二祥异,黄陵县：大旱，人相食。——嘉庆《续修中部县志》卷二祥异,黄陵县：大旱，人相食。——嘉庆《续修中部县志》卷二祥异,黄陵县：大旱，人相食。——嘉庆《续修中部县志》卷二祥异,黄陵县：大旱，人相食。——嘉庆《续修中部县志》卷二祥异
1582,陕西,延安,延安市,1582|陕西|延安|延安,明神宗万历十年,无,《陕西通志》,无,保留,"v1,v2,v3,v4,v5,v6,v7","v1,v2,v3,v4,v5,v6,v7",7,1.0,是,,延安市：大旱，人相食。——康熙六年《陕西通志》卷三十祥异,延安市：大旱，人相食。——康熙六年《陕西通志》卷三十祥异,延安市：大旱，人相食。——康熙六年《陕西通志》卷三十祥异,延安市：大旱，人相食。——康熙六年《陕西通志》卷三十祥异,延安市：大旱，人相食。——康熙六年《陕西通志》卷三十祥异,延安市：大旱，人相食。——康熙六年《陕西通志》卷三十祥异,延安市：大旱，人相食。——康熙六年《陕西通志》卷三十祥异
1582,陕西,西安市,高陵县,1582|陕西|西安|高陵,明神宗万历十年,无,《高陵县志》,无,保留,"v1,v2,v3,v4,v5,v6,v7","v1,v2,v3,v4,v5,v6,v7",7,1.0,是,,高陵县：大旱，人相食。——雍正《高陵县志》卷四祥异,高陵县：大旱，人相食。——雍正《高陵县志》卷四祥异,高陵县：大旱，人相食。——雍正《高陵县志》卷四祥异,高陵县：大旱，人相食。——雍正《高陵县志》卷四祥异,高陵县：大旱，人相食。——雍正《高陵县志》卷四祥异,高陵县：大旱，人相食。——雍正《高陵县志》卷四祥异,高陵县：大旱，人相食。——雍正《高陵县志》卷四祥异
1583,甘肃,,合水县,1583|甘肃|合水,明神宗万历十一年,无,《合水县志》,无,保留,v2,v2,1,0.1429,是,,,合水县：春，人有相食者。——《合水县志》（光绪三十四年），转引自《西北灾荒史》第1619页。,,,,,
1583,甘肃,,合水县,1583|甘肃|合水,明神宗万历十一年,无,《合水县志》转引《西北灾荒史》,无,需进一步分析,"v1,v3,v4,v5,v6","v1,v3,v4,v5,v6",5,0.7143,否,"同类 record 存在于 v1,v2,v3,v4,v5,v6,v7；本条仅存在于 v1,v3,v4,v5,v6；占比 71.4%",合水县：春，人有相食者。——《合水县志》（光绪三十四年），转引自《西北灾荒史》第1619页。,,合水县：春，人有相食者。——《合水县志》（光绪三十四年），转引自《西北灾荒史》第1619页。,合水县：春，人有相食者。——《合水县志》（光绪三十四年），转引自《西北灾荒史》第1619页。,合水县：春，人有相食者。——《合水县志》（光绪三十四年），转引自《西北灾荒史》第1619页。,合水县：春，人有相食者。——《合水县志》（光绪三十四年），转引自《西北灾荒史》第1619页。,
1583,甘肃,,合水县,1583|甘肃|合水,明神宗万历十一年,无,《西北灾荒史》,无,保留,v7,v7,1,0.1429,是,,,,,,,,合水县：春，人有相食者。——《合水县志》（光绪三十四年），转引自《西北灾荒史》第1619页。
1585,河南,,孟县,1585|河南|孟,明神宗万历十三年,无,《华北、东北近五百年旱涝史料》,无,保留,"v1,v2","v1,v2",2,0.2857,是,,孟县：大饥，人相食，瘟疫。——《华北、东北近五百年旱涝史料》第四分册，第50页。,孟县：大饥，人相食，瘟疫。——《华北、东北近五百年旱涝史料》第四分册，第50页。,,,,,
1585,河南,,孟县,1585|河南|孟,明神宗万历十三年,无,华北、东北近五百年旱涝史料,无,保留,"v3,v4","v3,v4",2,0.2857,是,,,,孟县：大饥，人相食，瘟疫。——《华北、东北近五百年旱涝史料》第四分册，第50页。,孟县：大饥，人相食，瘟疫。——《华北、东北近五百年旱涝史料》第四分册，第50页。,,,
1585,河南,,孟县,1585|河南|孟,明神宗万历十三年,无,华北、东北近五百年旱涝史料,无,保留,"v5,v6,v7","v5,v6,v7",3,0.4286,是,,,,,,河南：孟县：大饥，人相食，瘟疫。——《华北、东北近五百年旱涝史料》第四分册，第50页。,河南：孟县：大饥，人相食，瘟疫。——《华北、东北近五百年旱涝史料》第四分册，第50页。,河南：孟县：大饥，人相食，瘟疫。——《华北、东北近五百年旱涝史料》第四分册，第50页。
1586,山西,,太谷县,1586|山西|太谷,明神宗万历十四年,无,《太谷县志》,无,保留,"v1,v2,v4,v6,v7","v1,v2,v4,v6,v7",5,0.7143,是,,太谷县：大旱。官为煮粥济饥，人多相食。——咸丰《太谷县志》卷八灾祥,太谷县：大旱。官为煮粥济饥，人多相食。——咸丰《太谷县志》卷八灾祥,,太谷县：大旱。官为煮粥济饥，人多相食。——咸丰《太谷县志》卷八灾祥,,太谷县：大旱。官为煮粥济饥，人多相食。——咸丰《太谷县志》卷八灾祥,太谷县：大旱。官为煮粥济饥，人多相食。——咸丰《太谷县志》卷八灾祥
1586,山西,,太谷县,1586|山西|太谷,明神宗万历十四年,无,《太谷县志》,无,保留,"v3,v5","v3,v5",2,0.2857,是,,,,山西：太谷县：大旱。官为煮粥济饥，人多相食。——咸丰《太谷县志》卷八灾祥,,山西：太谷县：大旱。官为煮粥济饥，人多相食。——咸丰《太谷县志》卷八灾祥,,
1586,天津,,宝坻县,1586|天津|宝坻,明神宗万历十四年,无,《宝坻县志》,无,保留,"v3,v5","v3,v5",2,0.2857,是,,,,天津：宝坻县：旱，飞蝗蔽空，邑令漆圆捕蝗三十石。大饥，民相食。——乾隆《宝坻县志》卷十四襤祥,,天津：宝坻县：旱，飞蝗蔽空，邑令漆圆捕蝗三十石。大饥，民相食。——乾隆《宝坻县志》卷十四襤祥,,
1586,天津,天津,宝坻县,1586|天津|天津|宝坻,明神宗万历十四年,无,《宝坻县志》,无,保留,"v1,v2,v4,v6,v7","v1,v2,v4,v6,v7",5,0.7143,是,,宝坻县：旱，飞蝗蔽空，邑令漆圆捕蝗三十石。大饥，民相食。——乾隆《宝坻县志》卷十四襤祥,宝坻县：旱，飞蝗蔽空，邑令漆圆捕蝗三十石。大饥，民相食。——乾隆《宝坻县志》卷十四襤祥,,宝坻县：旱，飞蝗蔽空，邑令漆圆捕蝗三十石。大饥，民相食。——乾隆《宝坻县志》卷十四襤祥,,宝坻县：旱，飞蝗蔽空，邑令漆圆捕蝗三十石。大饥，民相食。——乾隆《宝坻县志》卷十四襤祥,宝坻县：旱，飞蝗蔽空，邑令漆圆捕蝗三十石。大饥，民相食。——乾隆《宝坻县志》卷十四襤祥
1586,河南,,登封县,1586|河南|登封,明神宗万历十四年,无,《登封县志》,无,保留,"v3,v5","v3,v5",2,0.2857,是,,,,河南：登封县：旱，谷斗全伤。大饥，人相食。——康熙《登封县志》卷九灾祥,,河南：登封县：旱，谷斗全伤。大饥，人相食。——康熙《登封县志》卷九灾祥,,
1586,河南,,登封县,1586|河南|登封,明神宗万历十四年,无,《登封县志》,无,保留,"v1,v2,v4,v6,v7","v1,v2,v4,v6,v7",5,0.7143,是,,登封县：旱，谷斗全伤。大饥，人相食。——康熙《登封县志》卷九灾祥,登封县：旱，谷斗全伤。大饥，人相食。——康熙《登封县志》卷九灾祥,,登封县：旱，谷斗全伤。大饥，人相食。——康熙《登封县志》卷九灾祥,,登封县：旱，谷斗全伤。大饥，人相食。——康熙《登封县志》卷九灾祥,登封县：旱，谷斗全伤。大饥，人相食。——康熙《登封县志》卷九灾祥
1586,山西,,平遥县,1586|山西|平遥,明神宗万历十四年,无,《重修平遥县志》,无,保留,"v4,v5,v6,v7","v4,v5,v6,v7",4,0.5714,是,,,,,平遥县：正月，旱至七月，五谷未种。秋后方雨，民有因之种麦者。一冬无雪，又旱至次年五月，麦田尽稿。二岁间，饶积之家仅可糊口，余有朝出而夕死者，有屠尸割肉而视者。——康熙《重修平遥县志》卷上灾异,平遥县：正月，旱至七月，五谷未种。秋后方雨，民有因之种麦者。一冬无雪，又旱至次年五月，麦田尽稿。二岁间，饶积之家仅可糊口，余有朝出而夕死者，有屠尸割肉而视者。——康熙《重修平遥县志》卷上灾异,平遥县：正月，旱至七月，五谷未种。秋后方雨，民有因之种麦者。一冬无雪，又旱至次年五月，麦田尽稿。二岁间，饶积之家仅可糊口，余有朝出而夕死者，有屠尸割肉而视者。——康熙《重修平遥县志》卷上灾异,平遥县：正月，旱至七月，五谷未种。秋后方雨，民有因之种麦者。一冬无雪，又旱至次年五月，麦田尽稿。二岁间，饶积之家仅可糊口，余有朝出而夕死者，有屠尸割肉而视者。——康熙《重修平遥县志》卷上灾异
1587,山西,,乡宁县,1587|山西|乡宁,明神宗万历十五年,无,《乡宁县志》,无,保留,"v1,v3","v1,v3",2,0.2857,是,,乡宁县：遭大饥，民多食石脂，甚或人相食。——顺治《乡宁县志》卷六祥异,,乡宁县：遭大饥，民多食石脂，甚或人相食。——顺治《乡宁县志》卷六祥异,,,,
1587,山西,,乡宁县,1587|山西|乡宁,明神宗万历十五年,无,《乡宁县志》,无,保留,v2,v2,1,0.1429,是,,,山西：乡宁县：遭大饥，民多食石脂，甚或人相食。——顺治《乡宁县志》卷六祥异,,,,,
1587,河南,,汝阳县,1587|河南|汝阳,明神宗万历十五年,无,《伊阳县志》,无,保留,v2,v2,1,0.1429,是,,,河南：汝阳县：至六月不雨，荞麦每斗银四钱余。九月十二日，大雪尺余，晚禾尽杀。至次年春，邑民饥死盈野，父子相食。问之父老，自立县以来未有荒旱疫疠如此之甚。——顺治《伊阳县志》卷二灾异,,,,,
1587,河南,,汝阳县,1587|河南|汝阳,明神宗万历十五年,无,《伊阳县志》,无,保留,"v1,v3","v1,v3",2,0.2857,是,,汝阳县：至六月不雨，荞麦每斗银四钱余。九月十二日，大雪尺余，晚禾尽杀。至次年春，邑民饥死盈野，父子相食。问之父老，自立县以来未有荒旱疫疠如此之甚。——顺治《伊阳县志》卷二灾异,,汝阳县：至六月不雨，荞麦每斗银四钱余。九月十二日，大雪尺余，晚禾尽杀。至次年春，邑民饥死盈野，父子相食。问之父老，自立县以来未有荒旱疫疠如此之甚。——顺治《伊阳县志》卷二灾异,,,,
1587,河南,,原阳县,1587|河南|原阳,明神宗万历十五年,原武,《原武县志》,原文为原阳县，来源为《原武县志》，原武为古代地名,保留,"v1,v3","v1,v3",2,0.2857,是,,原阳县：秋八月，河决冲横，四望皆赤。人相食，鬻女货妇无售者，童稚弃道而不育。——乾隆《原武县志》卷九艺文,,原阳县：秋八月，河决冲横，四望皆赤。人相食，鬻女货妇无售者，童稚弃道而不育。——乾隆《原武县志》卷九艺文,,,,
1587,河南,,原阳县,1587|河南|原阳,明神宗万历十五年,无,《原武县志》,无,保留,v2,v2,1,0.1429,是,,,河南：原阳县：秋八月，河决冲横，四望皆赤。人相食，鬻女货妇无售者，童稚弃道而不育。——乾隆《原武县志》卷九艺文,,,,,
1587,甘肃,,庄浪,1587|甘肃|庄浪,明神宗万历十五年,无,《庄浪志略》,无,保留,"v1,v3","v1,v3",2,0.2857,是,,庄浪县：又旱，人相食，流亡过半。——乾隆《庄浪志略》卷十九灾祥,,庄浪县：又旱，人相食，流亡过半。——乾隆《庄浪志略》卷十九灾祥,,,,
1587,甘肃,,庄浪县,1587|甘肃|庄浪,明神宗万历十五年,无,《庄浪志略》,无,保留,v2,v2,1,0.1429,是,,,甘肃：庄浪县：又旱，人相食，流亡过半。——乾隆《庄浪志略》卷十九灾祥,,,,,
1587,河南,,林县,1587|河南|林,明神宗万历十五年,无,《林县志》,无,保留,v2,v2,1,0.1429,是,,,河南：林县：夏大旱，秋无禾。冬，大饥，相食。——万历《林县志》卷八灾祥,,,,,
1587,河南,,林县,1587|河南|林,明神宗万历十五年,无,《林县志》,无,保留,"v1,v3","v1,v3",2,0.2857,是,,林县：夏大旱，秋无禾。冬，大饥，相食。——万历《林县志》卷八灾祥,,林县：夏大旱，秋无禾。冬，大饥，相食。——万历《林县志》卷八灾祥,,,,
1587,陕西,,永寿县,1587|陕西|永寿,明神宗万历十五年,无,《永寿县志余》,无,保留,"v1,v3","v1,v3",2,0.2857,是,,永寿县：大旱，人相食。——嘉庆《永寿县志余》卷六灾祥,,永寿县：大旱，人相食。——嘉庆《永寿县志余》卷六灾祥,,,,
1587,陕西,,永寿县,1587|陕西|永寿,明神宗万历十五年,无,《永寿县志余》,无,保留,v2,v2,1,0.1429,是,,,陕西：永寿县：大旱，人相食。——嘉庆《永寿县志余》卷六灾祥,,,,,
1587,山西,,潞城县,1587|山西|潞城,明神宗万历十五年,无,《潞城县志》,无,保留,v2,v2,1,0.1429,是,,,山西：潞城县：春疫大作，死者枕路，生者相食。——康熙《潞城县志》卷八祥异,,,,,
1587,山西,,潞城县,1587|山西|潞城,明神宗万历十五年,无,《潞城县志》,无,保留,"v1,v3","v1,v3",2,0.2857,是,,潞城县：春疫大作，死者枕路，生者相食。——康熙《潞城县志》卷八祥异,,潞城县：春疫大作，死者枕路，生者相食。——康熙《潞城县志》卷八祥异,,,,
1587,陕西,,潼关县,1587|陕西|潼关,明神宗万历十五年,无,《潼关卫志》,无,保留,"v1,v3","v1,v3",2,0.2857,是,,潼关县：大饥，人相食。——康熙《潼关卫志》卷上灾祥,,潼关县：大饥，人相食。——康熙《潼关卫志》卷上灾祥,,,,
1587,陕西,,潼关县,1587|陕西|潼关,明神宗万历十五年,无,《潼关卫志》,无,保留,v2,v2,1,0.1429,是,,,陕西：潼关县：大饥，人相食。——康熙《潼关卫志》卷上灾祥,,,,,
1587,甘肃,,文县,1587|甘肃|文,明神宗万历十五年,无,《甘肃新通志》,无,保留,v2,v2,1,0.1429,是,,,甘肃：文县：旱，饥，人相食，流亡过半。——光绪《甘肃新通志》卷二祥异,,,,,
1587,甘肃,,文县,1587|甘肃|文,明神宗万历十五年,无,《甘肃新通志》,无,保留,v1,v1,1,0.1429,是,,文县：旱，饥，人相食，流亡过半。——光绪《甘肃新通志》卷二祥异,,,,,,
1587,甘肃,,庄浪,1587|甘肃|庄浪,明神宗万历十五年,无,《甘肃新通志》,无,保留,"v1,v2","v1,v2",2,0.2857,是,,春大疫。庆阳、文县。庄浪。清水等处旱，饥，人相食，流亡过半。——光绪《甘肃新通志》卷二祥异,甘肃：春大疫。庆阳、文县。庄浪。清水等处旱，饥，人相食，流亡过半。——光绪《甘肃新通志》卷二祥异,,,,,
1587,甘肃,,庆阳县,1587|甘肃|庆阳,明神宗万历十五年,无,《甘肃新通志》,无,保留,"v1,v2,v3","v1,v2,v3",3,0.4286,是,,春大疫。庆阳、文县。庄浪。清水等处旱，饥，人相食，流亡过半。——光绪《甘肃新通志》卷二祥异,甘肃：春大疫。庆阳、文县。庄浪。清水等处旱，饥，人相食，流亡过半。——光绪《甘肃新通志》卷二祥异,春大疫。庆阳、文县。庄浪。清水等处旱，饥，人相食，流亡过半。——光绪《甘肃新通志》卷二祥异,,,,
1587,甘肃,,文县,1587|甘肃|文,明神宗万历十五年,无,《甘肃新通志》,无,保留,"v1,v2,v3","v1,v2,v3",3,0.4286,是,,春大疫。庆阳、文县。庄浪。清水等处旱，饥，人相食，流亡过半。——光绪《甘肃新通志》卷二祥异,甘肃：春大疫。庆阳、文县。庄浪。清水等处旱，饥，人相食，流亡过半。——光绪《甘肃新通志》卷二祥异,春大疫。庆阳、文县。庄浪。清水等处旱，饥，人相食，流亡过半。——光绪《甘肃新通志》卷二祥异,,,,
1587,甘肃,,清水,1587|甘肃|清水,明神宗万历十五年,无,《甘肃新通志》,无,保留,"v1,v2,v3","v1,v2,v3",3,0.4286,是,,春大疫。庆阳、文县。庄浪。清水等处旱，饥，人相食，流亡过半。——光绪《甘肃新通志》卷二祥异,甘肃：春大疫。庆阳、文县。庄浪。清水等处旱，饥，人相食，流亡过半。——光绪《甘肃新通志》卷二祥异,春大疫。庆阳、文县。庄浪。清水等处旱，饥，人相食，流亡过半。——光绪《甘肃新通志》卷二祥异,,,,
1587,甘肃,,庄浪,1587|甘肃|庄浪,明神宗万历十五年,无,《甘肃新通志》转引《西北灾荒史》,无,需校验地区信息,"v1,v2","v1,v2",2,0.3333,是,同年同省同来源同 record，但地区名存在近似异写或明显异体，需校验地区信息,庆阳、文县、庄浪、清水、正宁、秦州等处旱，饥，人相食，流亡过半。——《甘肃新通志》（宣统元年），转引自《西北灾荒史》第425页。,庆阳、文县、庄浪、清水、正宁、秦州等处旱，饥，人相食，流亡过半。——《甘肃新通志》（宣统元年），转引自《西北灾荒史》第425页。,,,,,
1587,甘肃,,庆阳县,1587|甘肃|庆阳,明神宗万历十五年,无,《甘肃新通志》转引《西北灾荒史》,原文为庆阳，现代对应庆阳市,需校验地区信息,"v1,v2","v1,v2",2,0.3333,是,同年同省同来源同 record，但地区名存在近似异写或明显异体，需校验地区信息,庆阳、文县、庄浪、清水、正宁、秦州等处旱，饥，人相食，流亡过半。——《甘肃新通志》（宣统元年），转引自《西北灾荒史》第425页。,庆阳、文县、庄浪、清水、正宁、秦州等处旱，饥，人相食，流亡过半。——《甘肃新通志》（宣统元年），转引自《西北灾荒史》第425页。,,,,,
1587,甘肃,,文县,1587|甘肃|文,明神宗万历十五年,无,《甘肃新通志》转引《西北灾荒史》,无,需校验地区信息,"v1,v2","v1,v2",2,0.3333,是,同年同省同来源同 record，但地区名存在近似异写或明显异体，需校验地区信息,庆阳、文县、庄浪、清水、正宁、秦州等处旱，饥，人相食，流亡过半。——《甘肃新通志》（宣统元年），转引自《西北灾荒史》第425页。,庆阳、文县、庄浪、清水、正宁、秦州等处旱，饥，人相食，流亡过半。——《甘肃新通志》（宣统元年），转引自《西北灾荒史》第425页。,,,,,
1587,甘肃,,正宁,1587|甘肃|正宁,明神宗万历十五年,无,《甘肃新通志》转引《西北灾荒史》,无,需校验地区信息,"v1,v2,v3","v1,v2,v3",3,0.5,是,同年同省同来源同 record，但地区名存在近似异写或明显异体，需校验地区信息,庆阳、文县、庄浪、清水、正宁、秦州等处旱，饥，人相食，流亡过半。——《甘肃新通志》（宣统元年），转引自《西北灾荒史》第425页。,庆阳、文县、庄浪、清水、正宁、秦州等处旱，饥，人相食，流亡过半。——《甘肃新通志》（宣统元年），转引自《西北灾荒史》第425页。,庆阳、文县、庄浪、清水、正宁、秦州等处旱，饥，人相食，流亡过半。——《甘肃新通志》（宣统元年），转引自《西北灾荒史》第425页。,,,,
1587,甘肃,,清水,1587|甘肃|清水,明神宗万历十五年,无,《甘肃新通志》转引《西北灾荒史》,无,需校验地区信息,"v1,v2","v1,v2",2,0.3333,是,同年同省同来源同 record，但地区名存在近似异写或明显异体，需校验地区信息,庆阳、文县、庄浪、清水、正宁、秦州等处旱，饥，人相食，流亡过半。——《甘肃新通志》（宣统元年），转引自《西北灾荒史》第425页。,庆阳、文县、庄浪、清水、正宁、秦州等处旱，饥，人相食，流亡过半。——《甘肃新通志》（宣统元年），转引自《西北灾荒史》第425页。,,,,,
1587,甘肃,秦州,,1587|甘肃|秦,明神宗万历十五年,秦州,《甘肃新通志》转引《西北灾荒史》,秦州为古代地名，现代对应天水市,需校验地区信息,"v1,v2,v3","v1,v2,v3",3,0.5,是,同年同省同来源同 record，但地区名存在近似异写或明显异体，需校验地区信息,庆阳、文县、庄浪、清水、正宁、秦州等处旱，饥，人相食，流亡过半。——《甘肃新通志》（宣统元年），转引自《西北灾荒史》第425页。,庆阳、文县、庄浪、清水、正宁、秦州等处旱，饥，人相食，流亡过半。——《甘肃新通志》（宣统元年），转引自《西北灾荒史》第425页。,庆阳、文县、庄浪、清水、正宁、秦州等处旱，饥，人相食，流亡过半。——《甘肃新通志》（宣统元年），转引自《西北灾荒史》第425页。,,,,
1587,陕西,,米脂县,1587|陕西|米脂,明神宗万历十五年,无,《米脂县志》,无,保留,"v1,v3","v1,v3",2,0.2857,是,,米脂县：大饥，人相食。知县张可立赈济。——康熙《米脂县志》卷一灾祥,,米脂县：大饥，人相食。知县张可立赈济。——康熙《米脂县志》卷一灾祥,,,,
1587,陕西,,米脂县,1587|陕西|米脂,明神宗万历十五年,无,《米脂县志》,无,保留,v2,v2,1,0.1429,是,,,陕西：米脂县：大饥，人相食。知县张可立赈济。——康熙《米脂县志》卷一灾祥,,,,,
1587,山西,,襄汾县,1587|山西|襄汾,明神宗万历十五年,无,《襄陵县志》,无,保留,v2,v2,1,0.1429,是,,,山西：襄汾县：十四、十五两年，连遭大饥，民多食石脂，甚或人相食。——光绪《襄陵县志》卷十四祥异,,,,,
1587,山西,,襄汾县,1587|山西|襄汾,明神宗万历十五年,无,《襄陵县志》,无,保留,"v1,v3","v1,v3",2,0.2857,是,,襄汾县：十四、十五两年，连遭大饥，民多食石脂，甚或人相食。——光绪《襄陵县志》卷十四祥异,,襄汾县：十四、十五两年，连遭大饥，民多食石脂，甚或人相食。——光绪《襄陵县志》卷十四祥异,,,,
1587,河南,,陕县,1587|河南|陕,明神宗万历十五年,陕州,《重修直隶陕州志》,原文为陕县，来源为《重修直隶陕州志》，陕州为古代地名,保留,"v1,v3","v1,v3",2,0.2857,是,,陕县：大饥，人相食。——乾隆《重修直隶陕州志》卷十九灾祥,,陕县：大饥，人相食。——乾隆《重修直隶陕州志》卷十九灾祥,,,,
1587,河南,,陕县,1587|河南|陕,明神宗万历十五年,无,《重修直隶陕州志》,无,保留,v2,v2,1,0.1429,是,,,河南：陕县：大饥，人相食。——乾隆《重修直隶陕州志》卷十九灾祥,,,,,
1587,河南,,灵宝县,1587|河南|灵宝,明神宗万历十五年,阌乡,《阌乡县志》,原文为灵宝县，来源为《阌乡县志》，阌乡为古代地名,保留,"v1,v3","v1,v3",2,0.2857,是,,灵宝县：大饥，人相食。——顺治《阌乡县志》卷一灾异,,灵宝县：大饥，人相食。——顺治《阌乡县志》卷一灾异,,,,
1587,河南,,灵宝县,1587|河南|灵宝,明神宗万历十五年,无,《阌乡县志》,无,保留,v2,v2,1,0.1429,是,,,河南：灵宝县：大饥，人相食。——顺治《阌乡县志》卷一灾异,,,,,
1587,山西,,乡宁县,1587|山西|乡宁,明神宗万历十五年,无,乡宁县志,无,保留,v5,v5,1,0.1429,是,,,,,,乡宁县：遭大饥，民多食石脂，甚或人相食。——顺治《乡宁县志》卷六祥异,,
1587,山西,临汾,乡宁县,1587|山西|临汾|乡宁,明神宗万历十五年,无,乡宁县志,无,保留,"v4,v7","v4,v7",2,0.2857,是,,,,,山西：乡宁县：遭大饥，民多食石脂，甚或人相食。——顺治《乡宁县志》卷六祥异,,,山西：乡宁县：遭大饥，民多食石脂，甚或人相食。——顺治《乡宁县志》卷六祥异
1587,河南,平顶山,汝阳县,1587|河南|平顶山|汝阳,明神宗万历十五年,伊阳县,伊阳县志,无,需校验地区信息,"v4,v7","v4,v7",2,0.2857,是,同年同省同来源同 record，但地区名存在近似异写或明显异体，需校验地区信息,,,,河南：汝阳县：至六月不雨，荞麦每斗银四钱余。九月十二日，大雪尺余，晚禾尽杀。至次年春，邑民饥死盈野，父子相食。问之父老，自立县以来未有荒旱疫疠如此之甚。——顺治《伊阳县志》卷二灾异,,,河南：汝阳县：至六月不雨，荞麦每斗银四钱余。九月十二日，大雪尺余，晚禾尽杀。至次年春，邑民饥死盈野，父子相食。问之父老，自立县以来未有荒旱疫疠如此之甚。——顺治《伊阳县志》卷二灾异
1587,河南,,伊阳县,1587|河南|伊阳,明神宗万历十五年,无,伊阳县志,无,需校验地区信息,v5,v5,1,0.1429,是,同年同省同来源同 record，但地区名存在近似异写或明显异体，需校验地区信息,,,,,汝阳县：至六月不雨，荞麦每斗银四钱余。九月十二日，大雪尺余，晚禾尽杀。至次年春，邑民饥死盈野，父子相食。问之父老，自立县以来未有荒旱疫疠如此之甚。——顺治《伊阳县志》卷二灾异,,
1587,河南,,原武县,1587|河南|原武,明神宗万历十五年,无,原武县志,无,需校验地区信息,v5,v5,1,0.1429,是,同年同省同来源同 record，但地区名存在近似异写或明显异体，需校验地区信息,,,,,原阳县：秋八月，河决冲横，四望皆赤。人相食，鬻女货妇无售者，童稚弃道而不育。——乾隆《原武县志》卷九艺文,,
1587,河南,新乡,原阳县,1587|河南|新乡|原阳,明神宗万历十五年,原武县,原武县志,无,需校验地区信息,"v4,v7","v4,v7",2,0.2857,是,同年同省同来源同 record，但地区名存在近似异写或明显异体，需校验地区信息,,,,河南：原阳县：秋八月，河决冲横，四望皆赤。人相食，鬻女货妇无售者，童稚弃道而不育。——乾隆《原武县志》卷九艺文,,,河南：原阳县：秋八月，河决冲横，四望皆赤。人相食，鬻女货妇无售者，童稚弃道而不育。——乾隆《原武县志》卷九艺文
1587,甘肃,,庄浪县,1587|甘肃|庄浪,明神宗万历十五年,无,庄浪志略,无,保留,v5,v5,1,0.1429,是,,,,,,庄浪县：又旱，人相食，流亡过半。——乾隆《庄浪志略》卷十九灾祥,,
1587,甘肃,白银,庄浪县,1587|甘肃|白银|庄浪,明神宗万历十五年,无,庄浪志略,无,保留,"v4,v7","v4,v7",2,0.2857,是,,,,,甘肃：庄浪县：又旱，人相食，流亡过半。——乾隆《庄浪志略》卷十九灾祥,,,甘肃：庄浪县：又旱，人相食，流亡过半。——乾隆《庄浪志略》卷十九灾祥
1587,河南,安阳,林县,1587|河南|安阳|林,明神宗万历十五年,无,林县志,无,保留,"v4,v7","v4,v7",2,0.2857,是,,,,,河南：林县：夏大旱，秋无禾。冬，大饥，相食。——万历《林县志》卷八灾祥,,,河南：林县：夏大旱，秋无禾。冬，大饥，相食。——万历《林县志》卷八灾祥
1587,河南,,林县,1587|河南|林,明神宗万历十五年,无,林县志,无,保留,v5,v5,1,0.1429,是,,,,,,林县：夏大旱，秋无禾。冬，大饥，相食。——万历《林县志》卷八灾祥,,
1587,陕西,,永寿县,1587|陕西|永寿,明神宗万历十五年,无,永寿县志余,无,保留,v5,v5,1,0.1429,是,,,,,,永寿县：大旱，人相食。——嘉庆《永寿县志余》卷六灾祥,,
1587,陕西,咸阳,永寿县,1587|陕西|咸阳|永寿,明神宗万历十五年,无,永寿县志余,无,保留,"v4,v7","v4,v7",2,0.2857,是,,,,,陕西：永寿县：大旱，人相食。——嘉庆《永寿县志余》卷六灾祥,,,陕西：永寿县：大旱，人相食。——嘉庆《永寿县志余》卷六灾祥
1587,山西,长治,潞城县,1587|山西|长治|潞城,明神宗万历十五年,无,潞城县志,无,保留,"v4,v7","v4,v7",2,0.2857,是,,,,,山西：潞城县：春疫大作，死者枕路，生者相食。——康熙《潞城县志》卷八祥异,,,山西：潞城县：春疫大作，死者枕路，生者相食。——康熙《潞城县志》卷八祥异
1587,山西,,潞城县,1587|山西|潞城,明神宗万历十五年,无,潞城县志,无,保留,v5,v5,1,0.1429,是,,,,,,潞城县：春疫大作，死者枕路，生者相食。——康熙《潞城县志》卷八祥异,,
1587,陕西,,潼关县,1587|陕西|潼关,明神宗万历十五年,无,潼关卫志,无,保留,v5,v5,1,0.1429,是,,,,,,潼关县：大饥，人相食。——康熙《潼关卫志》卷上灾祥,,
1587,陕西,渭南,潼关县,1587|陕西|渭南|潼关,明神宗万历十五年,无,潼关卫志,无,保留,"v4,v7","v4,v7",2,0.2857,是,,,,,陕西：潼关县：大饥，人相食。——康熙《潼关卫志》卷上灾祥,,,陕西：潼关县：大饥，人相食。——康熙《潼关卫志》卷上灾祥
1587,甘肃,陇南,文县,1587|甘肃|陇南|文,明神宗万历十五年,无,甘肃新通志,无,保留,"v4,v7","v4,v7",2,0.2857,是,,,,,甘肃：文县：旱，饥，人相食，流亡过半。——光绪《甘肃新通志》卷二祥异,,,甘肃：文县：旱，饥，人相食，流亡过半。——光绪《甘肃新通志》卷二祥异
1587,甘肃,,庄浪县,1587|甘肃|庄浪,明神宗万历十五年,无,甘肃新通志,无,需校验地区信息,"v4,v5","v4,v5",2,0.2857,是,同年同省同来源同 record，但地区名存在近似异写或明显异体，需校验地区信息,,,,甘肃：庆阳、文县、庄浪、清水、正宁、秦州等处旱，饥，人相食，流亡过半。——《甘肃新通志》（宣统元年），转引自《西北灾荒史》第425页。,庆阳、文县、庄浪、清水、正宁、秦州等处旱，饥，人相食，流亡过半。——《甘肃新通志》（宣统元年），转引自《西北灾荒史》第425页。,,
1587,甘肃,,庆阳县,1587|甘肃|庆阳,明神宗万历十五年,无,甘肃新通志,无,需校验地区信息,"v4,v5","v4,v5",2,0.2857,是,同年同省同来源同 record，但地区名存在近似异写或明显异体，需校验地区信息,,,,甘肃：庆阳、文县、庄浪、清水、正宁、秦州等处旱，饥，人相食，流亡过半。——《甘肃新通志》（宣统元年），转引自《西北灾荒史》第425页。,庆阳、文县、庄浪、清水、正宁、秦州等处旱，饥，人相食，流亡过半。——《甘肃新通志》（宣统元年），转引自《西北灾荒史》第425页。,,
1587,甘肃,,文县,1587|甘肃|文,明神宗万历十五年,无,甘肃新通志,无,需校验地区信息,"v4,v5","v4,v5",2,0.2857,是,同年同省同来源同 record，但地区名存在近似异写或明显异体，需校验地区信息,,,,甘肃：庆阳、文县、庄浪、清水、正宁、秦州等处旱，饥，人相食，流亡过半。——《甘肃新通志》（宣统元年），转引自《西北灾荒史》第425页。,庆阳、文县、庄浪、清水、正宁、秦州等处旱，饥，人相食，流亡过半。——《甘肃新通志》（宣统元年），转引自《西北灾荒史》第425页。,,
1587,甘肃,,正宁县,1587|甘肃|正宁,明神宗万历十五年,无,甘肃新通志,无,需校验地区信息,"v4,v5","v4,v5",2,0.2857,是,同年同省同来源同 record，但地区名存在近似异写或明显异体，需校验地区信息,,,,甘肃：庆阳、文县、庄浪、清水、正宁、秦州等处旱，饥，人相食，流亡过半。——《甘肃新通志》（宣统元年），转引自《西北灾荒史》第425页。,庆阳、文县、庄浪、清水、正宁、秦州等处旱，饥，人相食，流亡过半。——《甘肃新通志》（宣统元年），转引自《西北灾荒史》第425页。,,
1587,甘肃,,清水县,1587|甘肃|清水,明神宗万历十五年,无,甘肃新通志,无,需校验地区信息,"v4,v5","v4,v5",2,0.2857,是,同年同省同来源同 record，但地区名存在近似异写或明显异体，需校验地区信息,,,,甘肃：庆阳、文县、庄浪、清水、正宁、秦州等处旱，饥，人相食，流亡过半。——《甘肃新通志》（宣统元年），转引自《西北灾荒史》第425页。,庆阳、文县、庄浪、清水、正宁、秦州等处旱，饥，人相食，流亡过半。——《甘肃新通志》（宣统元年），转引自《西北灾荒史》第425页。,,
1587,甘肃,,秦州,1587|甘肃|秦,明神宗万历十五年,无,甘肃新通志,无,需校验地区信息,"v4,v5","v4,v5",2,0.2857,是,同年同省同来源同 record，但地区名存在近似异写或明显异体，需校验地区信息,,,,甘肃：庆阳、文县、庄浪、清水、正宁、秦州等处旱，饥，人相食，流亡过半。——《甘肃新通志》（宣统元年），转引自《西北灾荒史》第425页。,庆阳、文县、庄浪、清水、正宁、秦州等处旱，饥，人相食，流亡过半。——《甘肃新通志》（宣统元年），转引自《西北灾荒史》第425页。,,
1587,甘肃,,文县,1587|甘肃|文,明神宗万历十五年,无,甘肃新通志,无,保留,v5,v5,1,0.1429,是,,,,,,文县：旱，饥，人相食，流亡过半。——光绪《甘肃新通志》卷二祥异,,
1587,甘肃,白银,庄浪县,1587|甘肃|白银|庄浪,明神宗万历十五年,无,甘肃新通志,无,需校验地区信息,"v4,v5,v7","v4,v5,v7",3,0.4286,是,同年同省同来源同 record，但地区名存在近似异写或明显异体，需校验地区信息,,,,甘肃：春大疫。庆阳、文县。庄浪。清水等处旱，饥，人相食，流亡过半。——光绪《甘肃新通志》卷二祥异,春大疫。庆阳、文县。庄浪。清水等处旱，饥，人相食，流亡过半。——光绪《甘肃新通志》卷二祥异,,甘肃：春大疫。庆阳、文县。庄浪。清水等处旱，饥，人相食，流亡过半。——光绪《甘肃新通志》卷二祥异
1587,甘肃,庆阳,庆阳县,1587|甘肃|庆阳|庆阳,明神宗万历十五年,无,甘肃新通志,无,需校验地区信息,"v4,v5,v7","v4,v5,v7",3,0.4286,是,同年同省同来源同 record，但地区名存在近似异写或明显异体，需校验地区信息,,,,甘肃：春大疫。庆阳、文县。庄浪。清水等处旱，饥，人相食，流亡过半。——光绪《甘肃新通志》卷二祥异,春大疫。庆阳、文县。庄浪。清水等处旱，饥，人相食，流亡过半。——光绪《甘肃新通志》卷二祥异,,甘肃：春大疫。庆阳、文县。庄浪。清水等处旱，饥，人相食，流亡过半。——光绪《甘肃新通志》卷二祥异
1587,甘肃,陇南,文县,1587|甘肃|陇南|文,明神宗万历十五年,无,甘肃新通志,无,需校验地区信息,"v4,v5,v7","v4,v5,v7",3,0.4286,是,同年同省同来源同 record，但地区名存在近似异写或明显异体，需校验地区信息,,,,甘肃：春大疫。庆阳、文县。庄浪。清水等处旱，饥，人相食，流亡过半。——光绪《甘肃新通志》卷二祥异,春大疫。庆阳、文县。庄浪。清水等处旱，饥，人相食，流亡过半。——光绪《甘肃新通志》卷二祥异,,甘肃：春大疫。庆阳、文县。庄浪。清水等处旱，饥，人相食，流亡过半。——光绪《甘肃新通志》卷二祥异
1587,甘肃,天水,清水县,1587|甘肃|天水|清水,明神宗万历十五年,无,甘肃新通志,无,需校验地区信息,"v4,v5,v7","v4,v5,v7",3,0.4286,是,同年同省同来源同 record，但地区名存在近似异写或明显异体，需校验地区信息,,,,甘肃：春大疫。庆阳、文县。庄浪。清水等处旱，饥，人相食，流亡过半。——光绪《甘肃新通志》卷二祥异,春大疫。庆阳、文县。庄浪。清水等处旱，饥，人相食，流亡过半。——光绪《甘肃新通志》卷二祥异,,甘肃：春大疫。庆阳、文县。庄浪。清水等处旱，饥，人相食，流亡过半。——光绪《甘肃新通志》卷二祥异
1587,甘肃,白银,庄浪县,1587|甘肃|白银|庄浪,明神宗万历十五年,无,甘肃新通志转引西北灾荒史,无,需校验地区信息,v7,v7,1,0.1667,是,同年同省同来源同 record，但地区名存在近似异写或明显异体，需校验地区信息,,,,,,,甘肃：庆阳、文县、庄浪、清水、正宁、秦州等处旱，饥，人相食，流亡过半。——《甘肃新通志》（宣统元年），转引自《西北灾荒史》第425页。
1587,甘肃,庆阳,庆阳县,1587|甘肃|庆阳|庆阳,明神宗万历十五年,无,甘肃新通志转引西北灾荒史,无,需校验地区信息,v7,v7,1,0.1667,是,同年同省同来源同 record，但地区名存在近似异写或明显异体，需校验地区信息,,,,,,,甘肃：庆阳、文县、庄浪、清水、正宁、秦州等处旱，饥，人相食，流亡过半。——《甘肃新通志》（宣统元年），转引自《西北灾荒史》第425页。
1587,甘肃,陇南,文县,1587|甘肃|陇南|文,明神宗万历十五年,无,甘肃新通志转引西北灾荒史,无,需校验地区信息,v7,v7,1,0.1667,是,同年同省同来源同 record，但地区名存在近似异写或明显异体，需校验地区信息,,,,,,,甘肃：庆阳、文县、庄浪、清水、正宁、秦州等处旱，饥，人相食，流亡过半。——《甘肃新通志》（宣统元年），转引自《西北灾荒史》第425页。
1587,甘肃,庆阳,正宁县,1587|甘肃|庆阳|正宁,明神宗万历十五年,无,甘肃新通志转引西北灾荒史,无,需校验地区信息,v7,v7,1,0.1667,是,同年同省同来源同 record，但地区名存在近似异写或明显异体，需校验地区信息,,,,,,,甘肃：庆阳、文县、庄浪、清水、正宁、秦州等处旱，饥，人相食，流亡过半。——《甘肃新通志》（宣统元年），转引自《西北灾荒史》第425页。
1587,甘肃,天水,清水县,1587|甘肃|天水|清水,明神宗万历十五年,无,甘肃新通志转引西北灾荒史,无,需校验地区信息,v7,v7,1,0.1667,是,同年同省同来源同 record，但地区名存在近似异写或明显异体，需校验地区信息,,,,,,,甘肃：庆阳、文县、庄浪、清水、正宁、秦州等处旱，饥，人相食，流亡过半。——《甘肃新通志》（宣统元年），转引自《西北灾荒史》第425页。
1587,甘肃,天水,秦州,1587|甘肃|天水|秦,明神宗万历十五年,无,甘肃新通志转引西北灾荒史,无,需校验地区信息,v7,v7,1,0.1667,是,同年同省同来源同 record，但地区名存在近似异写或明显异体，需校验地区信息,,,,,,,甘肃：庆阳、文县、庄浪、清水、正宁、秦州等处旱，饥，人相食，流亡过半。——《甘肃新通志》（宣统元年），转引自《西北灾荒史》第425页。
1587,陕西,,米脂县,1587|陕西|米脂,明神宗万历十五年,无,米脂县志,无,保留,v5,v5,1,0.1429,是,,,,,,米脂县：大饥，人相食。知县张可立赈济。——康熙《米脂县志》卷一灾祥,,
1587,陕西,榆林,米脂县,1587|陕西|榆林|米脂,明神宗万历十五年,无,米脂县志,无,保留,"v4,v7","v4,v7",2,0.2857,是,,,,,陕西：米脂县：大饥，人相食。知县张可立赈济。——康熙《米脂县志》卷一灾祥,,,陕西：米脂县：大饥，人相食。知县张可立赈济。——康熙《米脂县志》卷一灾祥
1587,山西,临汾,襄汾县,1587|山西|临汾|襄汾,明神宗万历十五年,无,襄陵县志,无,需校验地区信息,"v4,v7","v4,v7",2,0.2857,是,同年同省同来源同 record，但地区名存在近似异写或明显异体，需校验地区信息,,,,山西：襄汾县：十四、十五两年，连遭大饥，民多食石脂，甚或人相食。——光绪《襄陵县志》卷十四祥异,,,山西：襄汾县：十四、十五两年，连遭大饥，民多食石脂，甚或人相食。——光绪《襄陵县志》卷十四祥异
1587,山西,,襄陵县,1587|山西|襄陵,明神宗万历十五年,无,襄陵县志,无,需校验地区信息,v5,v5,1,0.1429,是,同年同省同来源同 record，但地区名存在近似异写或明显异体，需校验地区信息,,,,,襄汾县：十四、十五两年，连遭大饥，民多食石脂，甚或人相食。——光绪《襄陵县志》卷十四祥异,,
1587,河南,,陕县,1587|河南|陕,明神宗万历十五年,无,重修直隶陕州志,无,保留,v5,v5,1,0.1429,是,,,,,,陕县：大饥，人相食。——乾隆《重修直隶陕州志》卷十九灾祥,,
1587,河南,三门峡,陕县,1587|河南|三门峡|陕,明神宗万历十五年,无,重修直隶陕州志,无,保留,"v4,v7","v4,v7",2,0.2857,是,,,,,河南：陕县：大饥，人相食。——乾隆《重修直隶陕州志》卷十九灾祥,,,河南：陕县：大饥，人相食。——乾隆《重修直隶陕州志》卷十九灾祥
1587,河南,,阌乡县,1587|河南|阌乡,明神宗万历十五年,无,阌乡县志,无,保留,v5,v5,1,0.1429,是,,,,,,灵宝县：大饥，人相食。——顺治《阌乡县志》卷一灾异,,
1587,河南,三门峡,灵宝县,1587|河南|三门峡|灵宝,明神宗万历十五年,无,阌乡县志,无,保留,"v4,v7","v4,v7",2,0.2857,是,,,,,河南：灵宝县：大饥，人相食。——顺治《阌乡县志》卷一灾异,,,河南：灵宝县：大饥，人相食。——顺治《阌乡县志》卷一灾异
1588,山东,菏泽市,东明县,1588|山东|菏泽|东明,明神宗万历十六年,无,《东明县志》,无,保留,"v1,v2,v6","v1,v2,v6",3,0.4286,是,,东明县：大饥，斗米二百余钱，人相食。疫气流行，人死过半。夏麦大熟，委弃在野，不尽收割。——康熙《东明县志》卷七灾祥,东明县：大饥，斗米二百余钱，人相食。疫气流行，人死过半。夏麦大熟，委弃在野，不尽收割。——康熙《东明县志》卷七灾祥,,,,东明县：大饥，斗米二百余钱，人相食。疫气流行，人死过半。夏麦大熟，委弃在野，不尽收割。——康熙《东明县志》卷七灾祥,
1588,河南,中牟县,中牟县,1588|河南|中牟|中牟,明神宗万历十六年,无,《中牟县志》,无,保留,"v1,v2,v6","v1,v2,v6",3,0.4286,是,,中牟县：大饥，父子相食。疫死。——天启《中牟县志》卷二物异,中牟县：大饥，父子相食。疫死。——天启《中牟县志》卷二物异,,,,中牟县：大饥，父子相食。疫死。——天启《中牟县志》卷二物异,
1588,河南,修武县,修武县,1588|河南|修武|修武,明神宗万历十六年,无,《修武县志》,无,保留,"v1,v2,v6","v1,v2,v6",3,0.4286,是,,修武县：春，饥，民食树皮蒺藜等物殆尽，死者填塞道路，人或父子相食。夏，瘟疫大作，有一家全殒者，虽至亲不问吊。是岁属戊子，与嘉靖七年戊子合而尤甚。——康熙《修武县志》卷四祥异,修武县：春，饥，民食树皮蒺藜等物殆尽，死者填塞道路，人或父子相食。夏，瘟疫大作，有一家全殒者，虽至亲不问吊。是岁属戊子，与嘉靖七年戊子合而尤甚。——康熙《修武县志》卷四祥异,,,,修武县：春，饥，民食树皮蒺藜等物殆尽，死者填塞道路，人或父子相食。夏，瘟疫大作，有一家全殒者，虽至亲不问吊。是岁属戊子，与嘉靖七年戊子合而尤甚。——康熙《修武县志》卷四祥异,
1588,上海,上海,南汇县,1588|上海|上海|南汇,明神宗万历十六年,无,《分建南汇县志》,无,保留,"v1,v2,v6","v1,v2,v6",3,0.4286,是,,南汇县：大水，人相食。——雍正《分建南汇县志》卷十四救荒,南汇县：大水，人相食。——雍正《分建南汇县志》卷十四救荒,,,,南汇县：大水，人相食。——雍正《分建南汇县志》卷十四救荒,
1588,江苏,淮安市,淮安市,1588|江苏|淮安|淮安,明神宗万历十六年,无,《华东地区近五百年气候历史资料》,无,保留,"v1,v2,v6","v1,v2,v6",3,0.4286,是,,淮安市：五月，民饥相食。——《华东地区近五百年气候历史资料》第二分册，第31页。,淮安市：五月，民饥相食。——《华东地区近五百年气候历史资料》第二分册，第31页。,,,,淮安市：五月，民饥相食。——《华东地区近五百年气候历史资料》第二分册，第31页。,
1588,山东,菏泽市,成武县,1588|山东|菏泽|成武,明神宗万历十六年,无,《华北、东北近五百年旱涝史料》,无,保留,"v1,v2","v1,v2",2,0.2857,是,,成武县：大饥，人相食。——《华北、东北近五百年旱涝史料》第三分册，第78页。,成武县：大饥，人相食。——《华北、东北近五百年旱涝史料》第三分册，第78页。,,,,,
1588,山东,菏泽市,定陶县,1588|山东|菏泽|定陶,明神宗万历十六年,无,《华北、东北近五百年旱涝史料》,无,保留,"v1,v2,v6","v1,v2,v6",3,0.4286,是,,定陶县：大饥，人相食，树皮草根殆尽。——《华北、东北近五百年旱涝史料》第三分册，第78页。,定陶县：大饥，人相食，树皮草根殆尽。——《华北、东北近五百年旱涝史料》第三分册，第78页。,,,,定陶县：大饥，人相食，树皮草根殆尽。——《华北、东北近五百年旱涝史料》第三分册，第78页。,
1588,山东,,成武县,1588|山东|成武,明神宗万历十六年,无,《华北、东北近五百年旱涝史料》,无,保留,v6,v6,1,0.1429,是,,,,,,,定陶县：大饥，人相食，树皮草根殆尽。——《华北、东北近五百年旱涝史料》第三分册，第78页。,
1588,河南,原阳县,原阳县,1588|河南|原阳|原阳,明神宗万历十六年,原武县,《原武县志》,无,保留,"v1,v2,v6","v1,v2,v6",3,0.4286,是,,原阳县：春大饥，斗米二百钱，人相食，甚至骨肉相残。瘟疫大作，死者枕藉道路。——万历《原武县志》卷上祥异,原阳县：春大饥，斗米二百钱，人相食，甚至骨肉相残。瘟疫大作，死者枕藉道路。——万历《原武县志》卷上祥异,,,,原阳县：春大饥，斗米二百钱，人相食，甚至骨肉相残。瘟疫大作，死者枕藉道路。——万历《原武县志》卷上祥异,
1588,河南,孟县,孟县,1588|河南|孟|孟,明神宗万历十六年,无,《孟县志》,无,保留,"v1,v2,v6","v1,v2,v6",3,0.4286,是,,孟县：大饥，人相食，瘟疫，死者枕藉道路。——康熙《孟县志》卷七灾祥,孟县：大饥，人相食，瘟疫，死者枕藉道路。——康熙《孟县志》卷七灾祥,,,,孟县：大饥，人相食，瘟疫，死者枕藉道路。——康熙《孟县志》卷七灾祥,
1588,河南,密县,密县,1588|河南|密|密,明神宗万历十六年,无,《密县志》,无,保留,"v1,v2,v6","v1,v2,v6",3,0.4286,是,,密县：大饥，人相食。——顺治九年《密县志》卷七祥异,密县：大饥，人相食。——顺治九年《密县志》卷七祥异,,,,密县：大饥，人相食。——顺治九年《密县志》卷七祥异,
1588,江苏,南通市,南通县,1588|江苏|南通|南通,明神宗万历十六年,无,《州乘资》,无,保留,"v1,v2,v6","v1,v2,v6",3,0.4286,是,,南通县：大旱，民饥，人相食。——弘光《州乘资》卷一禨祥,南通县：大旱，民饥，人相食。——弘光《州乘资》卷一禨祥,,,,南通县：大旱，民饥，人相食。——弘光《州乘资》卷一禨祥,
1588,安徽,宿州市,萧县,1588|安徽|宿|萧,明神宗万历十六年,无,《徐州府志》,无,保留,"v1,v2","v1,v2",2,0.2857,是,,萧县：徐、肖春大饥，人相食，夏大疫，死者相枕。——同治《徐州府志》卷二十五,萧县：徐、肖春大饥，人相食，夏大疫，死者相枕。——同治《徐州府志》卷二十五,,,,,
1588,江苏,徐州市,徐州市,1588|江苏|徐|徐,明神宗万历十六年,无,《徐州志》,无,保留,"v1,v2,v6","v1,v2,v6",3,0.4286,是,,徐州市：春大饥，人相食。夏大疫，死者相望。——顺治《徐州志》卷八灾祥,徐州市：春大饥，人相食。夏大疫，死者相望。——顺治《徐州志》卷八灾祥,,,,徐州市：春大饥，人相食。夏大疫，死者相望。——顺治《徐州志》卷八灾祥,
1588,河南,新乡市,新乡县,1588|河南|新乡|新乡,明神宗万历十六年,无,《新乡县续志》,无,保留,"v1,v2,v6","v1,v2,v6",3,0.4286,是,,新乡县：荒，人相食。大疫，死者枕藉，至不能殓，填弃沟壑。——康熙《新乡县续志》卷二灾异,新乡县：荒，人相食。大疫，死者枕藉，至不能殓，填弃沟壑。——康熙《新乡县续志》卷二灾异,,,,新乡县：荒，人相食。大疫，死者枕藉，至不能殓，填弃沟壑。——康熙《新乡县续志》卷二灾异,
1588,河南,新郑县,新郑县,1588|河南|新郑|新郑,明神宗万历十六年,无,《新郑县志》,无,保留,"v1,v2,v6","v1,v2,v6",3,0.4286,是,,新郑县：大饥，人相食。——顺治《新郑县志》卷五祥异,新郑县：大饥，人相食。——顺治《新郑县志》卷五祥异,,,,新郑县：大饥，人相食。——顺治《新郑县志》卷五祥异,
1588,安徽,凤阳县,凤阳县,1588|安徽|凤阳|凤阳,明神宗万历十六年,无,《明实录》,无,保留,"v1,v2,v6","v1,v2,v6",3,0.4286,是,,泗县、凤阳县：凤阳、泗州五月民饥，相食。——《明实录》,泗县、凤阳县：凤阳、泗州五月民饥，相食。——《明实录》,,,,泗县、凤阳县：凤阳、泗州五月民饥，相食。——《明实录》,
1588,安徽,泗县,泗县,1588|安徽|泗|泗,明神宗万历十六年,泗州,《明实录》,无,保留,"v1,v2,v6","v1,v2,v6",3,0.4286,是,,泗县、凤阳县：凤阳、泗州五月民饥，相食。——《明实录》,泗县、凤阳县：凤阳、泗州五月民饥，相食。——《明实录》,,,,泗县、凤阳县：凤阳、泗州五月民饥，相食。——《明实录》,
1588,河南,杞县,杞县,1588|河南|杞|杞,明神宗万历十六年,无,《杞乘》,无,保留,"v1,v2,v6","v1,v2,v6",3,0.4286,是,,杞县：春，大饥，人相食。夏四月，寒甚，数多风霾，昼常晦。是年，大疫，自春徂秋死者万余人。——万历《杞乘》卷二今总纪,杞县：春，大饥，人相食。夏四月，寒甚，数多风霾，昼常晦。是年，大疫，自春徂秋死者万余人。——万历《杞乘》卷二今总纪,,,,杞县：春，大饥，人相食。夏四月，寒甚，数多风霾，昼常晦。是年，大疫，自春徂秋死者万余人。——万历《杞乘》卷二今总纪,
1588,河南,武陟县,武陟县,1588|河南|武陟|武陟,明神宗万历十六年,无,《武陟县志》,无,保留,"v1,v2,v6","v1,v2,v6",3,0.4286,是,,武陟县：春大饥，人相食，斗米千钱。瘟疫大作，死者枕藉道路。——康熙《武陟县志》卷一灾祥,武陟县：春大饥，人相食，斗米千钱。瘟疫大作，死者枕藉道路。——康熙《武陟县志》卷一灾祥,,,,武陟县：春大饥，人相食，斗米千钱。瘟疫大作，死者枕藉道路。——康熙《武陟县志》卷一灾祥,
1588,河南,临汝县,临汝县,1588|河南|临汝|临汝,明神宗万历十六年,无,《汝州全志》,无,保留,"v1,v2","v1,v2",2,0.2857,是,,临汝县：春，阖郡大饥，人相食。——道光《汝州全志》卷九灾祥,临汝县：春，阖郡大饥，人相食。——道光《汝州全志》卷九灾祥,,,,,
1588,河南,沁阳县,沁阳县,1588|河南|沁阳|沁阳,明神宗万历十六年,河内县,《河内县志》,无,保留,"v1,v2,v6","v1,v2,v6",3,0.4286,是,,沁阳县：大疫，大饥，死者枕藉，城野人相食。——万历《河内县志》卷一灾祥,沁阳县：大疫，大饥，死者枕藉，城野人相食。——万历《河内县志》卷一灾祥,,,,沁阳县：大疫，大饥，死者枕藉，城野人相食。——万历《河内县志》卷一灾祥,
1588,山东,,泰安县,1588|山东|泰安,明神宗万历十六年,无,《泰安县志》,无,保留,v2,v2,1,0.1429,是,,,山东：泰安县：十六、十七年州屡饥，斗钱三钱，贫民取饿殍肉食之，群盗蜂起。——乾隆四十七年《泰安县志》卷十四祥异,,,,,
1588,山东,泰安市,泰安县,1588|山东|泰安|泰安,明神宗万历十六年,无,《泰安县志》,无,保留,"v1,v6","v1,v6",2,0.2857,是,,泰安县：十六、十七年州屡饥，斗钱三钱，贫民取饿殍肉食之，群盗蜂起。——乾隆四十七年《泰安县志》卷十四祥异,,,,,泰安县：十六、十七年州屡饥，斗钱三钱，贫民取饿殍肉食之，群盗蜂起。——乾隆四十七年《泰安县志》卷十四祥异,
1588,河南,济源市,济源县,1588|河南|济源|济源,明神宗万历十六年,无,《济源县志》,无,保留,"v1,v2,v6","v1,v2,v6",3,0.4286,是,,济源县：大饥，大疫，人相食。——乾隆《济源县志》卷一祥异,济源县：大饥，大疫，人相食。——乾隆《济源县志》卷一祥异,,,,济源县：大饥，大疫，人相食。——乾隆《济源县志》卷一祥异,
1588,河南,鹤壁市,浚县,1588|河南|鹤壁|浚,明神宗万历十六年,无,《浚县志》,无,保留,"v1,v6","v1,v6",2,0.2857,是,,浚县：大饥，人相食。——康熙《浚县志》卷一祥异,,,,,浚县：大饥，人相食。——康熙《浚县志》卷一祥异,
1588,河南,淇县,淇县,1588|河南|淇|淇,明神宗万历十六年,无,《淇县志》,无,保留,"v1,v2,v6","v1,v2,v6",3,0.4286,是,,淇县：春大疫，人相食。——顺治《淇县志》卷十灾祥,淇县：春大疫，人相食。——顺治《淇县志》卷十灾祥,,,,淇县：春大疫，人相食。——顺治《淇县志》卷十灾祥,
1588,江苏,南京市,溧水县,1588|江苏|南京|溧水,明神宗万历十六年,无,《溧水县志》,无,保留,"v1,v2,v6","v1,v2,v6",3,0.4286,是,,溧水县：岁大饥，人相食。知县杜充继申请应天府丞许疏，准动帑银筑凤贤圩各埂，饥民赖之。——康熙《溧水县志》卷一邑纪,溧水县：岁大饥，人相食。知县杜充继申请应天府丞许疏，准动帑银筑凤贤圩各埂，饥民赖之。——康熙《溧水县志》卷一邑纪,,,,溧水县：岁大饥，人相食。知县杜充继申请应天府丞许疏，准动帑银筑凤贤圩各埂，饥民赖之。——康熙《溧水县志》卷一邑纪,
1588,甘肃,,庄浪,1588|甘肃|庄浪,明神宗万历十六年,无,《甘肃新通志》,无,保留,v1,v1,1,0.1429,是,,庆阳、文县、庄浪、清水等处旱，饥，人相食，流亡过半。——《甘肃新通志》（宣统元年），转引自《西北灾荒史》第425页。,,,,,,
1588,甘肃,,庆阳,1588|甘肃|庆阳,明神宗万历十六年,无,《甘肃新通志》,无,保留,v1,v1,1,0.1429,是,,庆阳、文县、庄浪、清水等处旱，饥，人相食，流亡过半。——《甘肃新通志》（宣统元年），转引自《西北灾荒史》第425页。,,,,,,
1588,甘肃,,文县,1588|甘肃|文,明神宗万历十六年,无,《甘肃新通志》,无,保留,v1,v1,1,0.1429,是,,庆阳、文县、庄浪、清水等处旱，饥，人相食，流亡过半。——《甘肃新通志》（宣统元年），转引自《西北灾荒史》第425页。,,,,,,
1588,甘肃,,清水,1588|甘肃|清水,明神宗万历十六年,无,《甘肃新通志》,无,保留,v1,v1,1,0.1429,是,,庆阳、文县、庄浪、清水等处旱，饥，人相食，流亡过半。——《甘肃新通志》（宣统元年），转引自《西北灾荒史》第425页。,,,,,,
1588,甘肃,庄浪县,庄浪县,1588|甘肃|庄浪|庄浪,明神宗万历十六年,无,《甘肃新通志》转引《西北灾荒史》,无,需进一步分析,"v2,v6","v2,v6",2,0.4,否,"同类 record 存在于 v1,v2,v3,v5,v6；本条仅存在于 v2,v6；占比 40.0%",,甘肃：庆阳、文县、庄浪、清水等处旱，饥，人相食，流亡过半。——《甘肃新通志》（宣统元年），转引自《西北灾荒史》第425页。,,,,庆阳、文县、庄浪、清水等处旱，饥，人相食，流亡过半。——《甘肃新通志》（宣统元年），转引自《西北灾荒史》第425页。,
1588,甘肃,庆阳县,庆阳县,1588|甘肃|庆阳|庆阳,明神宗万历十六年,无,《甘肃新通志》转引《西北灾荒史》,无,需进一步分析,"v2,v6","v2,v6",2,0.4,否,"同类 record 存在于 v1,v2,v3,v5,v6；本条仅存在于 v2,v6；占比 40.0%",,甘肃：庆阳、文县、庄浪、清水等处旱，饥，人相食，流亡过半。——《甘肃新通志》（宣统元年），转引自《西北灾荒史》第425页。,,,,庆阳、文县、庄浪、清水等处旱，饥，人相食，流亡过半。——《甘肃新通志》（宣统元年），转引自《西北灾荒史》第425页。,
1588,甘肃,文县,文县,1588|甘肃|文|文,明神宗万历十六年,无,《甘肃新通志》转引《西北灾荒史》,无,需进一步分析,"v2,v6","v2,v6",2,0.4,否,"同类 record 存在于 v1,v2,v3,v5,v6；本条仅存在于 v2,v6；占比 40.0%",,甘肃：庆阳、文县、庄浪、清水等处旱，饥，人相食，流亡过半。——《甘肃新通志》（宣统元年），转引自《西北灾荒史》第425页。,,,,庆阳、文县、庄浪、清水等处旱，饥，人相食，流亡过半。——《甘肃新通志》（宣统元年），转引自《西北灾荒史》第425页。,
1588,甘肃,清水县,清水县,1588|甘肃|清水|清水,明神宗万历十六年,无,《甘肃新通志》转引《西北灾荒史》,无,需进一步分析,"v2,v6","v2,v6",2,0.4,否,"同类 record 存在于 v1,v2,v3,v5,v6；本条仅存在于 v2,v6；占比 40.0%",,甘肃：庆阳、文县、庄浪、清水等处旱，饥，人相食，流亡过半。——《甘肃新通志》（宣统元年），转引自《西北灾荒史》第425页。,,,,庆阳、文县、庄浪、清水等处旱，饥，人相食，流亡过半。——《甘肃新通志》（宣统元年），转引自《西北灾荒史》第425页。,
1588,河南,禹县,禹县,1588|河南|禹|禹,明神宗万历十六年,禹州,《禹州志》,无,保留,"v1,v2,v6","v1,v2,v6",3,0.4286,是,,禹县：春大饥，人相食。夏大疫，死者甚众。——顺治《禹州志》卷九工作机制,禹县：春大饥，人相食。夏大疫，死者甚众。——顺治《禹州志》卷九工作机制,,,,禹县：春大饥，人相食。夏大疫，死者甚众。——顺治《禹州志》卷九工作机制,
1588,湖北,罗田县,罗田县,1588|湖北|罗田|罗田,明神宗万历十六年,无,《罗田县志》,无,保留,"v1,v2,v6","v1,v2,v6",3,0.4286,是,,罗田县：旱，人相食。——康熙五十六年《罗田县志》卷一灾异,罗田县：旱，人相食。——康熙五十六年《罗田县志》卷一灾异,,,,罗田县：旱，人相食。——康熙五十六年《罗田县志》卷一灾异,
1588,河南,荥阳县,荥阳县,1588|河南|荥阳|荥阳,明神宗万历十六年,无,《荥阳县志》,无,保留,"v1,v2,v6","v1,v2,v6",3,0.4286,是,,荥阳县：大饥，疫。人相食，白骨满路。——顺治《荥阳县志》卷七灾祥,荥阳县：大饥，疫。人相食，白骨满路。——顺治《荥阳县志》卷七灾祥,,,,荥阳县：大饥，疫。人相食，白骨满路。——顺治《荥阳县志》卷七灾祥,
1588,山东,莱芜市,莱芜市,1588|山东|莱芜|莱芜,明神宗万历十六年,无,《莱芜县志》,无,保留,"v1,v2,v6","v1,v2,v6",3,0.4286,是,,莱芜市：饥，人相食。——光绪《莱芜县志》卷二灾祥,莱芜市：饥，人相食。——光绪《莱芜县志》卷二灾祥,,,,莱芜市：饥，人相食。——光绪《莱芜县志》卷二灾祥,
1588,河南,获嘉县,获嘉县,1588|河南|获嘉|获嘉,明神宗万历十六年,无,《获嘉县志》,无,保留,"v1,v2,v6","v1,v2,v6",3,0.4286,是,,获嘉县：春旱大饥，疫起，死者枕藉，饥民相食。——万历《获嘉县志》卷十杂志,获嘉县：春旱大饥，疫起，死者枕藉，饥民相食。——万历《获嘉县志》卷十杂志,,,,获嘉县：春旱大饥，疫起，死者枕藉，饥民相食。——万历《获嘉县志》卷十杂志,
1588,山东,菏泽市,菏泽市,1588|山东|菏泽|菏泽,明神宗万历十六年,无,《菏泽县志》,无,保留,"v1,v2,v6","v1,v2,v6",3,0.4286,是,,菏泽市：岁大饥，人食榆皮、草根既尽，遂相食，至父子、夫妻不相顾，且瘟疫盛行，饿及病死者大半，至有全家尽死者。——光绪《菏泽县志》卷十九灾祥,菏泽市：岁大饥，人食榆皮、草根既尽，遂相食，至父子、夫妻不相顾，且瘟疫盛行，饿及病死者大半，至有全家尽死者。——光绪《菏泽县志》卷十九灾祥,,,,菏泽市：岁大饥，人食榆皮、草根既尽，遂相食，至父子、夫妻不相顾，且瘟疫盛行，饿及病死者大半，至有全家尽死者。——光绪《菏泽县志》卷十九灾祥,
1588,河南,郏县,郏县,1588|河南|郏|郏,明神宗万历十六年,无,《郏县志》,无,保留,"v1,v2,v6","v1,v2,v6",3,0.4286,是,,郏县：大饥，人至相食。——顺治《郏县志》卷一灾祥,郏县：大饥，人至相食。——顺治《郏县志》卷一灾祥,,,,郏县：大饥，人至相食。——顺治《郏县志》卷一灾祥,
1588,河南,郑州市,郑州市,1588|河南|郑|郑,明神宗万历十六年,无,《郑州志》,无,保留,"v1,v2,v6","v1,v2,v6",3,0.4286,是,,郑州市：瘟疫大作，民死几半，人相食。——康熙《郑州志》卷一灾祥,郑州市：瘟疫大作，民死几半，人相食。——康熙《郑州志》卷一灾祥,,,,郑州市：瘟疫大作，民死几半，人相食。——康熙《郑州志》卷一灾祥,
1588,河南,鄢城县,鄢城县,1588|河南|鄢城|鄢城,明神宗万历十六年,无,《鄢城县志》,无,保留,"v1,v2,v6","v1,v2,v6",3,0.4286,是,,鄢城县：春大饥，人相食。夏大疫，死者过半。——顺治《鄢城县志》卷八祥异,鄢城县：春大饥，人相食。夏大疫，死者过半。——顺治《鄢城县志》卷八祥异,,,,鄢城县：春大饥，人相食。夏大疫，死者过半。——顺治《鄢城县志》卷八祥异,
1588,河南,鄢陵县,鄢陵县,1588|河南|鄢陵|鄢陵,明神宗万历十六年,无,《鄢陵文献志》,无,保留,"v1,v2,v6","v1,v2,v6",3,0.4286,是,,鄢陵县：大饥，人相食，病瘟死伤尤众。——同治《鄢陵文献志》卷二十三祥异,鄢陵县：大饥，人相食，病瘟死伤尤众。——同治《鄢陵文献志》卷二十三祥异,,,,鄢陵县：大饥，人相食，病瘟死伤尤众。——同治《鄢陵文献志》卷二十三祥异,
1588,山东,,东明县,1588|山东|东明,明神宗万历十六年,无,东明县志,无,保留,"v3,v4,v5","v3,v4,v5",3,0.4286,是,,,,东明县：大饥，斗米二百余钱，人相食。疫气流行，人死过半。夏麦大熟，委弃在野，不尽收割。——康熙《东明县志》卷七灾祥,东明县：大饥，斗米二百余钱，人相食。疫气流行，人死过半。夏麦大熟，委弃在野，不尽收割。——康熙《东明县志》卷七灾祥,东明县：大饥，斗米二百余钱，人相食。疫气流行，人死过半。夏麦大熟，委弃在野，不尽收割。——康熙《东明县志》卷七灾祥,,
1588,河南,,中牟县,1588|河南|中牟,明神宗万历十六年,无,中牟县志,无,保留,"v3,v4,v5","v3,v4,v5",3,0.4286,是,,,,中牟县：大饥，父子相食。疫死。——天启《中牟县志》卷二物异,中牟县：大饥，父子相食。疫死。——天启《中牟县志》卷二物异,中牟县：大饥，父子相食。疫死。——天启《中牟县志》卷二物异,,
1588,河南,,修武县,1588|河南|修武,明神宗万历十六年,无,修武县志,无,保留,"v3,v4,v5","v3,v4,v5",3,0.4286,是,,,,修武县：春，饥，民食树皮蒺藜等物殆尽，死者填塞道路，人或父子相食。夏，瘟疫大作，有一家全殒者，虽至亲不问吊。是岁属戊子，与嘉靖七年戊子合而尤甚。——康熙《修武县志》卷四祥异,修武县：春，饥，民食树皮蒺藜等物殆尽，死者填塞道路，人或父子相食。夏，瘟疫大作，有一家全殒者，虽至亲不问吊。是岁属戊子，与嘉靖七年戊子合而尤甚。——康熙《修武县志》卷四祥异,修武县：春，饥，民食树皮蒺藜等物殆尽，死者填塞道路，人或父子相食。夏，瘟疫大作，有一家全殒者，虽至亲不问吊。是岁属戊子，与嘉靖七年戊子合而尤甚。——康熙《修武县志》卷四祥异,,
1588,上海,,南汇县,1588|上海|南汇,明神宗万历十六年,无,分建南汇县志,无,保留,"v3,v4,v5","v3,v4,v5",3,0.4286,是,,,,南汇县：大水，人相食。——雍正《分建南汇县志》卷十四救荒,南汇县：大水，人相食。——雍正《分建南汇县志》卷十四救荒,南汇县：大水，人相食。——雍正《分建南汇县志》卷十四救荒,,
1588,江苏,淮安,淮安,1588|江苏|淮安|淮安,明神宗万历十六年,无,华东地区近五百年气候历史资料,无,保留,"v3,v4,v5","v3,v4,v5",3,0.4286,是,,,,淮安市：五月，民饥相食。——《华东地区近五百年气候历史资料》第二分册，第31页。,淮安市：五月，民饥相食。——《华东地区近五百年气候历史资料》第二分册，第31页。,淮安市：五月，民饥相食。——《华东地区近五百年气候历史资料》第二分册，第31页。,,
1588,山东,,成武县,1588|山东|成武,明神宗万历十六年,无,华北、东北近五百年旱涝史料,无,保留,"v3,v5","v3,v5",2,0.2857,是,,,,成武县：大饥，人相食。——《华北、东北近五百年旱涝史料》第三分册，第78页。,,成武县：大饥，人相食。——《华北、东北近五百年旱涝史料》第三分册，第78页。,,
1588,山东,,定陶县,1588|山东|定陶,明神宗万历十六年,无,华北、东北近五百年旱涝史料,无,保留,"v3,v4,v5","v3,v4,v5",3,0.4286,是,,,,定陶县：大饥，人相食，树皮草根殆尽。——《华北、东北近五百年旱涝史料》第三分册，第78页。,定陶县：大饥，人相食，树皮草根殆尽。——《华北、东北近五百年旱涝史料》第三分册，第78页。,定陶县：大饥，人相食，树皮草根殆尽。——《华北、东北近五百年旱涝史料》第三分册，第78页。,,
1588,山东,,成武县,1588|山东|成武,明神宗万历十六年,无,华北、东北近五百年旱涝史料,无,保留,v4,v4,1,1.0,是,,,,,庆阳、文县、庄浪、清水等处旱，饥，人相食，流亡过半。——《甘肃新通志》（宣统元年），转引自《西北灾荒史》第425页。,,,
1588,河南,,原阳县,1588|河南|原阳,明神宗万历十六年,原武,原武县志,无,保留,"v3,v4,v5","v3,v4,v5",3,0.4286,是,,,,原阳县：春大饥，斗米二百钱，人相食，甚至骨肉相残。瘟疫大作，死者枕藉道路。——万历《原武县志》卷上祥异,原阳县：春大饥，斗米二百钱，人相食，甚至骨肉相残。瘟疫大作，死者枕藉道路。——万历《原武县志》卷上祥异,原阳县：春大饥，斗米二百钱，人相食，甚至骨肉相残。瘟疫大作，死者枕藉道路。——万历《原武县志》卷上祥异,,
1588,河南,,孟县,1588|河南|孟,明神宗万历十六年,无,孟县志,无,保留,"v3,v5","v3,v5",2,0.2857,是,,,,孟县：大饥，人相食，瘟疫，死者枕藉道路。——康熙《孟县志》卷七灾祥,,孟县：大饥，人相食，瘟疫，死者枕藉道路。——康熙《孟县志》卷七灾祥,,
1588,河南,,孟县,1588|河南|孟,明神宗万历十六年,无,孟县志,无,需进一步分析,v4,v4,1,0.1667,否,"同类 record 存在于 v1,v2,v3,v4,v5,v6；本条仅存在于 v4；占比 16.7%",,,,原阳县：春大饥，斗米二百钱，人相食，甚至骨肉相残。瘟疫大作，死者枕藉道路。——万历《原武县志》卷上祥异,,,
1588,河南,,密县,1588|河南|密,明神宗万历十六年,无,密县志,无,保留,"v3,v5","v3,v5",2,0.2857,是,,,,密县：大饥，人相食。——顺治九年《密县志》卷七祥异,,密县：大饥，人相食。——顺治九年《密县志》卷七祥异,,
1588,河南,,密县,1588|河南|密,明神宗万历十六年,无,密县志,无,保留,v4,v4,1,1.0,是,,,,,庆阳、文县、庄浪、清水等处旱，饥，人相食，流亡过半。——《甘肃新通志》（宣统元年），转引自《西北灾荒史》第425页。,,,
1588,江苏,,南通县,1588|江苏|南通,明神宗万历十六年,无,州乘资,无,保留,"v3,v4,v5","v3,v4,v5",3,0.4286,是,,,,南通县：大旱，民饥，人相食。——弘光《州乘资》卷一禨祥,南通县：大旱，民饥，人相食。——弘光《州乘资》卷一禨祥,南通县：大旱，民饥，人相食。——弘光《州乘资》卷一禨祥,,
1588,安徽,徐州,萧县,1588|安徽|徐|萧,明神宗万历十六年,无,徐州府志,无,保留,"v3,v4,v5","v3,v4,v5",3,0.4286,是,,,,萧县：徐、肖春大饥，人相食，夏大疫，死者相枕。——同治《徐州府志》卷二十五,萧县：徐、肖春大饥，人相食，夏大疫，死者相枕。——同治《徐州府志》卷二十五,萧县：徐、肖春大饥，人相食，夏大疫，死者相枕。——同治《徐州府志》卷二十五,,
1588,江苏,徐州,徐州,1588|江苏|徐|徐,明神宗万历十六年,无,徐州志,无,保留,"v3,v4,v5","v3,v4,v5",3,0.4286,是,,,,徐州市：春大饥，人相食。夏大疫，死者相望。——顺治《徐州志》卷八灾祥,徐州市：春大饥，人相食。夏大疫，死者相望。——顺治《徐州志》卷八灾祥,徐州市：春大饥，人相食。夏大疫，死者相望。——顺治《徐州志》卷八灾祥,,
1588,河南,新乡,新乡县,1588|河南|新乡|新乡,明神宗万历十六年,无,新乡县续志,无,保留,"v3,v4,v5","v3,v4,v5",3,0.4286,是,,,,新乡县：荒，人相食。大疫，死者枕藉，至不能殓，填弃沟壑。——康熙《新乡县续志》卷二灾异,新乡县：荒，人相食。大疫，死者枕藉，至不能殓，填弃沟壑。——康熙《新乡县续志》卷二灾异,新乡县：荒，人相食。大疫，死者枕藉，至不能殓，填弃沟壑。——康熙《新乡县续志》卷二灾异,,
1588,河南,,新郑县,1588|河南|新郑,明神宗万历十六年,无,新郑县志,无,保留,"v3,v5","v3,v5",2,0.2857,是,,,,新郑县：大饥，人相食。——顺治《新郑县志》卷五祥异,,新郑县：大饥，人相食。——顺治《新郑县志》卷五祥异,,
1588,河南,,新郑县,1588|河南|新郑,明神宗万历十六年,无,新郑县志,无,保留,v4,v4,1,1.0,是,,,,,庆阳、文县、庄浪、清水等处旱，饥，人相食，流亡过半。——《甘肃新通志》（宣统元年），转引自《西北灾荒史》第425页。,,,
1588,安徽,,凤阳县,1588|安徽|凤阳,明神宗万历十六年,无,明实录,无,保留,"v3,v4,v5","v3,v4,v5",3,0.4286,是,,,,泗县、凤阳县：凤阳、泗州五月民饥，相食。——《明实录》,泗县、凤阳县：凤阳、泗州五月民饥，相食。——《明实录》,泗县、凤阳县：凤阳、泗州五月民饥，相食。——《明实录》,,
1588,安徽,,泗县,1588|安徽|泗,明神宗万历十六年,无,明实录,无,保留,"v3,v4,v5","v3,v4,v5",3,0.4286,是,,,,泗县、凤阳县：凤阳、泗州五月民饥，相食。——《明实录》,泗县、凤阳县：凤阳、泗州五月民饥，相食。——《明实录》,泗县、凤阳县：凤阳、泗州五月民饥，相食。——《明实录》,,
1588,河南,,杞县,1588|河南|杞,明神宗万历十六年,无,杞乘,无,保留,"v3,v4,v5","v3,v4,v5",3,0.4286,是,,,,杞县：春，大饥，人相食。夏四月，寒甚，数多风霾，昼常晦。是年，大疫，自春徂秋死者万余人。——万历《杞乘》卷二今总纪,杞县：春，大饥，人相食。夏四月，寒甚，数多风霾，昼常晦。是年，大疫，自春徂秋死者万余人。——万历《杞乘》卷二今总纪,杞县：春，大饥，人相食。夏四月，寒甚，数多风霾，昼常晦。是年，大疫，自春徂秋死者万余人。——万历《杞乘》卷二今总纪,,
1588,河南,,武陟县,1588|河南|武陟,明神宗万历十六年,无,武陟县志,无,保留,"v3,v4,v5","v3,v4,v5",3,0.4286,是,,,,武陟县：春大饥，人相食，斗米千钱。瘟疫大作，死者枕藉道路。——康熙《武陟县志》卷一灾祥,武陟县：春大饥，人相食，斗米千钱。瘟疫大作，死者枕藉道路。——康熙《武陟县志》卷一灾祥,武陟县：春大饥，人相食，斗米千钱。瘟疫大作，死者枕藉道路。——康熙《武陟县志》卷一灾祥,,
1588,河南,平顶山,临汝县,1588|河南|平顶山|临汝,明神宗万历十六年,无,汝州全志,无,保留,"v3,v4,v5","v3,v4,v5",3,0.4286,是,,,,临汝县：春，阖郡大饥，人相食。——道光《汝州全志》卷九灾祥,临汝县：春，阖郡大饥，人相食。——道光《汝州全志》卷九灾祥,临汝县：春，阖郡大饥，人相食。——道光《汝州全志》卷九灾祥,,
1588,河南,,沁阳县,1588|河南|沁阳,明神宗万历十六年,河内,河内县志,无,保留,"v3,v4,v5","v3,v4,v5",3,0.4286,是,,,,沁阳县：大疫，大饥，死者枕藉，城野人相食。——万历《河内县志》卷一灾祥,沁阳县：大疫，大饥，死者枕藉，城野人相食。——万历《河内县志》卷一灾祥,沁阳县：大疫，大饥，死者枕藉，城野人相食。——万历《河内县志》卷一灾祥,,
1588,山东,泰安,泰安县,1588|山东|泰安|泰安,明神宗万历十六年,无,泰安县志,无,保留,"v3,v4,v5","v3,v4,v5",3,0.4286,是,,,,泰安县：十六、十七年州屡饥，斗钱三钱，贫民取饿殍肉食之，群盗蜂起。——乾隆四十七年《泰安县志》卷十四祥异,泰安县：十六、十七年州屡饥，斗钱三钱，贫民取饿殍肉食之，群盗蜂起。——乾隆四十七年《泰安县志》卷十四祥异,泰安县：十六、十七年州屡饥，斗钱三钱，贫民取饿殍肉食之，群盗蜂起。——乾隆四十七年《泰安县志》卷十四祥异,,
1588,河南,,济源县,1588|河南|济源,明神宗万历十六年,无,济源县志,无,保留,"v3,v5","v3,v5",2,0.2857,是,,,,济源县：大饥，大疫，人相食。——乾隆《济源县志》卷一祥异,,济源县：大饥，大疫，人相食。——乾隆《济源县志》卷一祥异,,
1588,河南,,济源县,1588|河南|济源,明神宗万历十六年,无,济源县志,无,保留,v4,v4,1,1.0,是,,,,,庆阳、文县、庄浪、清水等处旱，饥，人相食，流亡过半。——《甘肃新通志》（宣统元年），转引自《西北灾荒史》第425页。,,,
1588,河南,,浚县,1588|河南|浚,明神宗万历十六年,无,浚县志,无,保留,"v3,v5","v3,v5",2,0.2857,是,,,,浚县：大饥，人相食。——康熙《浚县志》卷一祥异,,浚县：大饥，人相食。——康熙《浚县志》卷一祥异,,
1588,河南,,浚县,1588|河南|浚,明神宗万历十六年,无,浚县志,无,保留,v4,v4,1,1.0,是,,,,,庆阳、文县、庄浪、清水等处旱，饥，人相食，流亡过半。——《甘肃新通志》（宣统元年），转引自《西北灾荒史》第425页。,,,
1588,河南,,淇县,1588|河南|淇,明神宗万历十六年,无,淇县志,无,保留,"v3,v4,v5","v3,v4,v5",3,0.4286,是,,,,淇县：春大疫，人相食。——顺治《淇县志》卷十灾祥,淇县：春大疫，人相食。——顺治《淇县志》卷十灾祥,淇县：春大疫，人相食。——顺治《淇县志》卷十灾祥,,
1588,江苏,,溧水县,1588|江苏|溧水,明神宗万历十六年,无,溧水县志,无,保留,"v3,v4,v5","v3,v4,v5",3,0.4286,是,,,,溧水县：岁大饥，人相食。知县杜充继申请应天府丞许疏，准动帑银筑凤贤圩各埂，饥民赖之。——康熙《溧水县志》卷一邑纪,溧水县：岁大饥，人相食。知县杜充继申请应天府丞许疏，准动帑银筑凤贤圩各埂，饥民赖之。——康熙《溧水县志》卷一邑纪,溧水县：岁大饥，人相食。知县杜充继申请应天府丞许疏，准动帑银筑凤贤圩各埂，饥民赖之。——康熙《溧水县志》卷一邑纪,,
1588,甘肃,,庄浪,1588|甘肃|庄浪,明神宗万历十六年,无,甘肃新通志,无,保留,v5,v5,1,0.1429,是,,,,,,庆阳、文县、庄浪、清水等处旱，饥，人相食，流亡过半。——《甘肃新通志》（宣统元年），转引自《西北灾荒史》第425页。,,
1588,甘肃,,庆阳,1588|甘肃|庆阳,明神宗万历十六年,无,甘肃新通志,无,保留,v5,v5,1,0.1429,是,,,,,,庆阳、文县、庄浪、清水等处旱，饥，人相食，流亡过半。——《甘肃新通志》（宣统元年），转引自《西北灾荒史》第425页。,,
1588,甘肃,,文县,1588|甘肃|文,明神宗万历十六年,无,甘肃新通志,无,保留,v5,v5,1,0.1429,是,,,,,,庆阳、文县、庄浪、清水等处旱，饥，人相食，流亡过半。——《甘肃新通志》（宣统元年），转引自《西北灾荒史》第425页。,,
1588,甘肃,,清水,1588|甘肃|清水,明神宗万历十六年,无,甘肃新通志,无,保留,v5,v5,1,0.1429,是,,,,,,庆阳、文县、庄浪、清水等处旱，饥，人相食，流亡过半。——《甘肃新通志》（宣统元年），转引自《西北灾荒史》第425页。,,
1588,甘肃,,庄浪,1588|甘肃|庄浪,明神宗万历十六年,无,甘肃新通志转引西北灾荒史,无,需进一步分析,v3,v3,1,0.2,否,"同类 record 存在于 v1,v2,v3,v5,v6；本条仅存在于 v3；占比 20.0%",,,庆阳、文县、庄浪、清水等处旱，饥，人相食，流亡过半。——《甘肃新通志》（宣统元年），转引自《西北灾荒史》第425页。,,,,
1588,甘肃,,庆阳,1588|甘肃|庆阳,明神宗万历十六年,无,甘肃新通志转引西北灾荒史,无,需进一步分析,v3,v3,1,0.2,否,"同类 record 存在于 v1,v2,v3,v5,v6；本条仅存在于 v3；占比 20.0%",,,庆阳、文县、庄浪、清水等处旱，饥，人相食，流亡过半。——《甘肃新通志》（宣统元年），转引自《西北灾荒史》第425页。,,,,
1588,甘肃,,文县,1588|甘肃|文,明神宗万历十六年,无,甘肃新通志转引西北灾荒史,无,需进一步分析,v3,v3,1,0.2,否,"同类 record 存在于 v1,v2,v3,v5,v6；本条仅存在于 v3；占比 20.0%",,,庆阳、文县、庄浪、清水等处旱，饥，人相食，流亡过半。——《甘肃新通志》（宣统元年），转引自《西北灾荒史》第425页。,,,,
1588,甘肃,,清水,1588|甘肃|清水,明神宗万历十六年,无,甘肃新通志转引西北灾荒史,无,需进一步分析,v3,v3,1,0.2,否,"同类 record 存在于 v1,v2,v3,v5,v6；本条仅存在于 v3；占比 20.0%",,,庆阳、文县、庄浪、清水等处旱，饥，人相食，流亡过半。——《甘肃新通志》（宣统元年），转引自《西北灾荒史》第425页。,,,,
1588,河南,,禹县,1588|河南|禹,明神宗万历十六年,无,禹州志,无,保留,"v3,v4,v5","v3,v4,v5",3,0.4286,是,,,,禹县：春大饥，人相食。夏大疫，死者甚众。——顺治《禹州志》卷九工作机制,禹县：春大饥，人相食。夏大疫，死者甚众。——顺治《禹州志》卷九工作机制,禹县：春大饥，人相食。夏大疫，死者甚众。——顺治《禹州志》卷九工作机制,,
1588,湖北,,罗田县,1588|湖北|罗田,明神宗万历十六年,无,罗田县志,无,保留,"v3,v5","v3,v5",2,0.2857,是,,,,罗田县：旱，人相食。——康熙五十六年《罗田县志》卷一灾异,,罗田县：旱，人相食。——康熙五十六年《罗田县志》卷一灾异,,
1588,湖北,,罗田县,1588|湖北|罗田,明神宗万历十六年,无,罗田县志,无,保留,v4,v4,1,0.1429,是,,,,,庆阳、文县、庄浪、清水等处旱，饥，人相食，流亡过半。——《甘肃新通志》（宣统元年），转引自《西北灾荒史》第425页。,,,
1588,河南,,荥阳县,1588|河南|荥阳,明神宗万历十六年,无,荥阳县志,无,保留,"v3,v4,v5","v3,v4,v5",3,0.4286,是,,,,荥阳县：大饥，疫。人相食，白骨满路。——顺治《荥阳县志》卷七灾祥,荥阳县：大饥，疫。人相食，白骨满路。——顺治《荥阳县志》卷七灾祥,荥阳县：大饥，疫。人相食，白骨满路。——顺治《荥阳县志》卷七灾祥,,
1588,山东,莱芜,莱芜,1588|山东|莱芜|莱芜,明神宗万历十六年,无,莱芜县志,无,保留,"v3,v5","v3,v5",2,0.2857,是,,,,莱芜市：饥，人相食。——光绪《莱芜县志》卷二灾祥,,莱芜市：饥，人相食。——光绪《莱芜县志》卷二灾祥,,
1588,山东,莱芜,莱芜市,1588|山东|莱芜|莱芜,明神宗万历十六年,无,莱芜县志,无,保留,v4,v4,1,1.0,是,,,,,庆阳、文县、庄浪、清水等处旱，饥，人相食，流亡过半。——《甘肃新通志》（宣统元年），转引自《西北灾荒史》第425页。,,,
1588,河南,,获嘉县,1588|河南|获嘉,明神宗万历十六年,无,获嘉县志,无,保留,"v3,v4,v5","v3,v4,v5",3,0.4286,是,,,,获嘉县：春旱大饥，疫起，死者枕藉，饥民相食。——万历《获嘉县志》卷十杂志,获嘉县：春旱大饥，疫起，死者枕藉，饥民相食。——万历《获嘉县志》卷十杂志,获嘉县：春旱大饥，疫起，死者枕藉，饥民相食。——万历《获嘉县志》卷十杂志,,
1588,山东,菏泽,菏泽,1588|山东|菏泽|菏泽,明神宗万历十六年,无,菏泽县志,无,保留,"v3,v4,v5","v3,v4,v5",3,0.4286,是,,,,菏泽市：岁大饥，人食榆皮、草根既尽，遂相食，至父子、夫妻不相顾，且瘟疫盛行，饿及病死者大半，至有全家尽死者。——光绪《菏泽县志》卷十九灾祥,菏泽市：岁大饥，人食榆皮、草根既尽，遂相食，至父子、夫妻不相顾，且瘟疫盛行，饿及病死者大半，至有全家尽死者。——光绪《菏泽县志》卷十九灾祥,菏泽市：岁大饥，人食榆皮、草根既尽，遂相食，至父子、夫妻不相顾，且瘟疫盛行，饿及病死者大半，至有全家尽死者。——光绪《菏泽县志》卷十九灾祥,,
1588,河南,,郏县,1588|河南|郏,明神宗万历十六年,无,郏县志,无,保留,"v3,v4,v5","v3,v4,v5",3,0.4286,是,,,,郏县：大饥，人至相食。——顺治《郏县志》卷一灾祥,郏县：大饥，人至相食。——顺治《郏县志》卷一灾祥,郏县：大饥，人至相食。——顺治《郏县志》卷一灾祥,,
1588,河南,郑州,郑州,1588|河南|郑|郑,明神宗万历十六年,无,郑州志,无,保留,"v3,v4,v5","v3,v4,v5",3,0.4286,是,,,,郑州市：瘟疫大作，民死几半，人相食。——康熙《郑州志》卷一灾祥,郑州市：瘟疫大作，民死几半，人相食。——康熙《郑州志》卷一灾祥,郑州市：瘟疫大作，民死几半，人相食。——康熙《郑州志》卷一灾祥,,
1588,河南,,鄢城县,1588|河南|鄢城,明神宗万历十六年,无,鄢城县志,无,保留,"v3,v4,v5","v3,v4,v5",3,0.4286,是,,,,鄢城县：春大饥，人相食。夏大疫，死者过半。——顺治《鄢城县志》卷八祥异,鄢城县：春大饥，人相食。夏大疫，死者过半。——顺治《鄢城县志》卷八祥异,鄢城县：春大饥，人相食。夏大疫，死者过半。——顺治《鄢城县志》卷八祥异,,
1588,河南,,鄢陵县,1588|河南|鄢陵,明神宗万历十六年,无,鄢陵文献志,无,保留,"v3,v4,v5","v3,v4,v5",3,0.4286,是,,,,鄢陵县：大饥，人相食，病瘟死伤尤众。——同治《鄢陵文献志》卷二十三祥异,鄢陵县：大饥，人相食，病瘟死伤尤众。——同治《鄢陵文献志》卷二十三祥异,鄢陵县：大饥，人相食，病瘟死伤尤众。——同治《鄢陵文献志》卷二十三祥异,,
1589,河南,信阳,光山,1589|河南|信阳|光山,明神宗万历十七年,无,《光山县志》,无,保留,"v1,v2","v1,v2",2,0.2857,是,,光山县：旱，斗米三钱。人相食。——顺治《光山县志》卷十二灾祥,光山县：旱，斗米三钱。人相食。——顺治《光山县志》卷十二灾祥,,,,,
1589,安徽,合肥市,,1589|安徽|合肥,明神宗万历十七年,无,《庐州府志》,无,保留,"v1,v2","v1,v2",2,0.2857,是,,合肥市：府属大旱，饥，升米百钱，人相食。——康熙三十五年《庐州府志》卷三祥异,安徽合肥市：府属大旱，饥，升米百钱，人相食。——康熙三十五年《庐州府志》卷三祥异,,,,,
1589,河南,信阳,息县,1589|河南|信阳|息,明神宗万历十七年,无,《息县志》,无,保留,"v1,v2","v1,v2",2,0.2857,是,,息县：大旱，饥。自春至秋不雨，人相食。——顺治《息县志》卷十灾异,河南息县：大旱，饥。自春至秋不雨，人相食。——顺治《息县志》卷十灾异,,,,,
1589,湖北,鄂州市,,1589|湖北|鄂,明神宗万历十七年,无,《武昌县志》,无,保留,"v1,v2","v1,v2",2,0.2857,是,,鄂州市：大旱，人相食。——康熙《武昌县志》卷七灾异,鄂州市：大旱，人相食。——康熙《武昌县志》卷七灾异,,,,,
1589,湖北,孝感,汉川,1589|湖北|孝感|汉川,明神宗万历十七年,无,《汉川县志》,无,保留,"v1,v2","v1,v2",2,0.2857,是,,汉川县：大旱，饥，人相食。——乾隆《汉川县志》祥禄,汉川县：大旱，饥，人相食。——乾隆《汉川县志》祥禄,,,,,
1589,山东,泰安市,,1589|山东|泰安,明神宗万历十七年,无,《泰安县志》,无,保留,"v1,v2","v1,v2",2,0.2857,是,,泰安市：州屡饥，斗米三钱，贫民取饿殍肉食之，群盗蜂起。——乾隆四十七年《泰安县志》卷十四祥异,泰安市：州屡饥，斗米三钱，贫民取饿殍肉食之，群盗蜂起。——乾隆四十七年《泰安县志》卷十四祥异,,,,,
1589,安徽,六安,六安,1589|安徽|六安|六安,明神宗万历十七年,无,《重修六安州志》,无,保留,"v1,v2","v1,v2",2,0.2857,是,,六安县：大饥，人相食。——康熙《重修六安州志》卷十祥异,六安县：大饥，人相食。——康熙《重修六安州志》卷十祥异,,,,,
1589,河南,信阳,光山,1589|河南|信阳|光山,明神宗万历十七年,无,光山县志,无,保留,"v3,v4,v6,v7","v3,v4,v6,v7",4,0.5714,是,,,,光山县：旱，斗米三钱。人相食。——顺治《光山县志》卷十二灾祥,光山县：旱，斗米三钱。人相食。——顺治《光山县志》卷十二灾祥,,光山县：旱，斗米三钱。人相食。——顺治《光山县志》卷十二灾祥,光山县：旱，斗米三钱。人相食。——顺治《光山县志》卷十二灾祥
1589,河南,信阳,光山,1589|河南|信阳|光山,明神宗万历十七年,无,光山县志,无,保留,v5,v5,1,0.1429,是,,,,,,河南：光山县：旱，斗米三钱。人相食。——顺治《光山县志》卷十二灾祥,,
1589,安徽,六安,六安,1589|安徽|六安|六安,明神宗万历十七年,六安州,六安州志,无,需进一步分析,v3,v3,1,0.1429,否,"同类 record 存在于 v1,v2,v3,v4,v5,v6,v7；本条仅存在于 v3；占比 14.3%",,,六安县：大饥，人相食。——康熙《重修六安州志》卷十祥异,,,,
1589,安徽,合肥,合肥,1589|安徽|合肥|合肥,明神宗万历十七年,无,庐州府志,无,保留,v5,v5,1,0.1429,是,,,,,,安徽：合肥市：府属大旱，饥，升米百钱，人相食。——康熙三十五年《庐州府志》卷三祥异,,
1589,安徽,合肥,合肥,1589|安徽|合肥|合肥,明神宗万历十七年,庐州府,庐州府志,无,保留,"v3,v4,v6,v7","v3,v4,v6,v7",4,0.5714,是,,,,合肥市：府属大旱，饥，升米百钱，人相食。——康熙三十五年《庐州府志》卷三祥异,合肥市：府属大旱，饥，升米百钱，人相食。——康熙三十五年《庐州府志》卷三祥异,,合肥市：府属大旱，饥，升米百钱，人相食。——康熙三十五年《庐州府志》卷三祥异,合肥市：府属大旱，饥，升米百钱，人相食。——康熙三十五年《庐州府志》卷三祥异
1589,河南,信阳,息县,1589|河南|信阳|息,明神宗万历十七年,无,息县志,无,保留,v5,v5,1,0.1429,是,,,,,,河南：息县：大旱，饥。自春至秋不雨，人相食。——顺治《息县志》卷十灾异,,
1589,河南,信阳,息县,1589|河南|信阳|息,明神宗万历十七年,无,息县志,无,保留,"v3,v4,v6,v7","v3,v4,v6,v7",4,0.5714,是,,,,息县：大旱，饥。自春至秋不雨，人相食。——顺治《息县志》卷十灾异,息县：大旱，饥。自春至秋不雨，人相食。——顺治《息县志》卷十灾异,,息县：大旱，饥。自春至秋不雨，人相食。——顺治《息县志》卷十灾异,息县：大旱，饥。自春至秋不雨，人相食。——顺治《息县志》卷十灾异
1589,湖北,鄂州,鄂州,1589|湖北|鄂|鄂,明神宗万历十七年,武昌县,武昌县志,无,保留,"v3,v4,v6,v7","v3,v4,v6,v7",4,0.5714,是,,,,鄂州市：大旱，人相食。——康熙《武昌县志》卷七灾异,鄂州市：大旱，人相食。——康熙《武昌县志》卷七灾异,,鄂州市：大旱，人相食。——康熙《武昌县志》卷七灾异,鄂州市：大旱，人相食。——康熙《武昌县志》卷七灾异
1589,湖北,鄂州,鄂州,1589|湖北|鄂|鄂,明神宗万历十七年,无,武昌县志,无,保留,v5,v5,1,0.1429,是,,,,,,湖北：鄂州市：大旱，人相食。——康熙《武昌县志》卷七灾异,,
1589,湖北,孝感,汉川,1589|湖北|孝感|汉川,明神宗万历十七年,无,汉川县志,无,保留,v5,v5,1,0.1429,是,,,,,,湖北：汉川县：大旱，饥，人相食。——乾隆《汉川县志》祥禄,,
1589,湖北,孝感,汉川,1589|湖北|孝感|汉川,明神宗万历十七年,无,汉川县志,无,保留,"v3,v4,v6,v7","v3,v4,v6,v7",4,0.5714,是,,,,汉川县：大旱，饥，人相食。——乾隆《汉川县志》祥禄,汉川县：大旱，饥，人相食。——乾隆《汉川县志》祥禄,,汉川县：大旱，饥，人相食。——乾隆《汉川县志》祥禄,汉川县：大旱，饥，人相食。——乾隆《汉川县志》祥禄
1589,山东,泰安,泰安,1589|山东|泰安|泰安,明神宗万历十七年,泰安州,泰安县志,无,保留,v5,v5,1,0.1429,是,,,,,,山东：泰安市：州屡饥，斗米三钱，贫民取饿殍肉食之，群盗蜂起。——乾隆四十七年《泰安县志》卷十四祥异,,
1589,山东,泰安,泰安,1589|山东|泰安|泰安,明神宗万历十七年,无,泰安县志,无,保留,"v3,v4,v6,v7","v3,v4,v6,v7",4,0.5714,是,,,,泰安市：州屡饥，斗米三钱，贫民取饿殍肉食之，群盗蜂起。——乾隆四十七年《泰安县志》卷十四祥异,泰安市：州屡饥，斗米三钱，贫民取饿殍肉食之，群盗蜂起。——乾隆四十七年《泰安县志》卷十四祥异,,泰安市：州屡饥，斗米三钱，贫民取饿殍肉食之，群盗蜂起。——乾隆四十七年《泰安县志》卷十四祥异,泰安市：州屡饥，斗米三钱，贫民取饿殍肉食之，群盗蜂起。——乾隆四十七年《泰安县志》卷十四祥异
1589,安徽,六安,六安,1589|安徽|六安|六安,明神宗万历十七年,六安州,重修六安州志,无,保留,"v4,v6,v7","v4,v6,v7",3,0.4286,是,,,,,六安县：大饥，人相食。——康熙《重修六安州志》卷十祥异,,六安县：大饥，人相食。——康熙《重修六安州志》卷十祥异,六安县：大饥，人相食。——康熙《重修六安州志》卷十祥异
1589,安徽,六安,六安,1589|安徽|六安|六安,明神宗万历十七年,无,重修六安州志,无,保留,v5,v5,1,0.1429,是,,,,,,安徽：六安县：大饥，人相食。——康熙《重修六安州志》卷十祥异,,
1590,湖北,,黄冈县,1590|湖北|黄冈,明神宗万历十八年,无,《黄冈县志》,无,保留,v4,v4,1,0.1429,是,,,,,湖北：黄冈县：夏四月，雨雹如砖。大疫，人相食。——万历《黄冈县志》卷十灾祥,,,
1590,湖北,,黄冈县,1590|湖北|黄冈,明神宗万历十八年,无,《黄冈县志》,无,保留,"v1,v2,v5,v7","v1,v2,v5,v7",4,0.5714,是,,黄冈县：夏四月，雨雹如砖。大疫，人相食。——万历《黄冈县志》卷十灾祥,黄冈县：夏四月，雨雹如砖。大疫，人相食。——万历《黄冈县志》卷十灾祥,,,黄冈县：夏四月，雨雹如砖。大疫，人相食。——万历《黄冈县志》卷十灾祥,,黄冈县：夏四月，雨雹如砖。大疫，人相食。——万历《黄冈县志》卷十灾祥
1590,湖北,,黄冈县,1590|湖北|黄冈,明神宗万历十八年,无,万历黄冈县志,无,需进一步分析,"v3,v6","v3,v6",2,0.2857,否,"同类 record 存在于 v1,v2,v3,v4,v5,v6,v7；本条仅存在于 v3,v6；占比 28.6%",,,黄冈县：夏四月，雨雹如砖。大疫，人相食。——万历《黄冈县志》卷十灾祥,,,黄冈县：夏四月，雨雹如砖。大疫，人相食。——万历《黄冈县志》卷十灾祥,
1591,河南,信阳市,罗山县,1591|河南|信阳|罗山,明神宗万历十九年,无,《华北、东北近五百年旱涝史料》,无,保留,"v1,v2,v7","v1,v2,v7",3,0.4286,是,,罗山县：旱大饥，人相食。——《华北、东北近五百年旱涝史料》第四分册，第81页,河南罗山县：旱大饥，人相食。——《华北、东北近五百年旱涝史料》第四分册，第81页,,,,,罗山县：旱大饥，人相食。——《华北、东北近五百年旱涝史料》第四分册，第81页。
1591,河南,,罗山县,1591|河南|罗山,明神宗万历十九年,无,《华北、东北近五百年旱涝史料》,无,保留,v3,v3,1,0.1429,是,,,,河南：罗山县：旱大饥，人相食。——《华北、东北近五百年旱涝史料》第四分册，第81页。,,,,
1591,甘肃,庆阳市,庆阳县,1591|甘肃|庆阳|庆阳,明神宗万历十九年,无,《新修庆阳府志》,无,保留,"v1,v2,v7","v1,v2,v7",3,0.4286,是,,庆阳县：大饥，人相食。——乾隆《新修庆阳府志》卷三十七祥眚,甘肃庆阳县：大饥，人相食。——乾隆《新修庆阳府志》卷三十七祥眚,,,,,庆阳县：大饥，人相食。——乾隆《新修庆阳府志》卷三十七祥眚
1591,甘肃,,庆阳县,1591|甘肃|庆阳,明神宗万历十九年,无,《新修庆阳府志》,无,保留,v3,v3,1,0.1429,是,,,,甘肃：庆阳县：大饥，人相食。——乾隆《新修庆阳府志》卷三十七祥眚,,,,
1591,甘肃,庆阳市,正宁县,1591|甘肃|庆阳|正宁,明神宗万历十九年,无,《正宁县志》,无,保留,"v1,v2,v7","v1,v2,v7",3,0.4286,是,,正宁县：大饥，人相食。——乾隆《正宁县志》卷十三祥眚,甘肃正宁县：大饥，人相食。——乾隆《正宁县志》卷十三祥眚,,,,,正宁县：大饥，人相食。——乾隆《正宁县志》卷十三祥眚
1591,甘肃,,正宁县,1591|甘肃|正宁,明神宗万历十九年,无,《正宁县志》,无,保留,v3,v3,1,0.1429,是,,,,甘肃：正宁县：大饥，人相食。——乾隆《正宁县志》卷十三祥眚,,,,
1591,河南,,罗山县,1591|河南|罗山,明神宗万历十九年,无,华北、东北近五百年旱涝史料,无,保留,"v4,v5,v6","v4,v5,v6",3,0.4286,是,,,,,罗山县：旱大饥，人相食。——《华北、东北近五百年旱涝史料》第四分册，第81页。,罗山县：旱大饥，人相食。——《华北、东北近五百年旱涝史料》第四分册，第81页。,罗山县：旱大饥，人相食。——《华北、东北近五百年旱涝史料》第四分册，第81页,
1591,甘肃,,庆阳县,1591|甘肃|庆阳,明神宗万历十九年,无,新修庆阳府志,无,保留,"v4,v5,v6","v4,v5,v6",3,0.4286,是,,,,,庆阳县：大饥，人相食。——乾隆《新修庆阳府志》卷三十七祥眚,庆阳县：大饥，人相食。——乾隆《新修庆阳府志》卷三十七祥眚,庆阳县：大饥，人相食。——乾隆《新修庆阳府志》卷三十七祥眚,
1591,甘肃,,正宁县,1591|甘肃|正宁,明神宗万历十九年,无,正宁县志,无,保留,"v4,v5,v6","v4,v5,v6",3,0.4286,是,,,,,正宁县：大饥，人相食。——乾隆《正宁县志》卷十三祥眚,正宁县：大饥，人相食。——乾隆《正宁县志》卷十三祥眚,正宁县：大饥，人相食。——乾隆《正宁县志》卷十三祥眚,
1592,安徽,萧县,萧县,1592|安徽|萧|萧,明神宗万历二十年,无,《萧县志》,无,保留,"v1,v2,v3,v4,v6","v1,v2,v3,v4,v6",5,0.7143,是,,萧县等：徐、萧大饥，人相食，疫复盛行，死者载道。——嘉庆《萧县志》卷十八祥异,萧县等：徐、萧大饥，人相食，疫复盛行，死者载道。——嘉庆《萧县志》卷十八祥异,萧县等：徐、萧大饥，人相食，疫复盛行，死者载道。——嘉庆《萧县志》卷十八祥异,萧县等：徐、萧大饥，人相食，疫复盛行，死者载道。——嘉庆《萧县志》卷十八祥异,,萧县等：徐、萧大饥，人相食，疫复盛行，死者载道。——嘉庆《萧县志》卷十八祥异,
1592,安徽,,萧县,1592|安徽|萧,明神宗万历二十年,无,《萧县志》,无,保留,"v5,v7","v5,v7",2,0.2857,是,,,,,,安徽：萧县等：徐、萧大饥，人相食，疫复盛行，死者载道。——嘉庆《萧县志》卷十八祥异,,安徽：萧县等：徐、萧大饥，人相食，疫复盛行，死者载道。——嘉庆《萧县志》卷十八祥异
1592,河南,,西平县,1592|河南|西平,明神宗万历二十年,无,《西平县志》,无,保留,"v5,v7","v5,v7",2,0.2857,是,,,,,,河南：西平县：大祲，民相残食。——民国《西平县志》卷十二编年,,河南：西平县：大祲，民相残食。——民国《西平县志》卷十二编年
1592,河南,西平县,西平县,1592|河南|西平|西平,明神宗万历二十年,无,《西平县志》,无,保留,"v1,v2,v3,v4,v6","v1,v2,v3,v4,v6",5,0.7143,是,,西平县：大祲，民相残食。——民国《西平县志》卷十二编年,西平县：大祲，民相残食。——民国《西平县志》卷十二编年,西平县：大祲，民相残食。——民国《西平县志》卷十二编年,西平县：大祲，民相残食。——民国《西平县志》卷十二编年,,西平县：大祲，民相残食。——民国《西平县志》卷十二编年,
1593,河南,漯河市,临颍县,1593|河南|漯河|临颍,明神宗万历二十一年,无,《临颍县续志》,无,保留,"v1,v2,v3,v4,v6","v1,v2,v3,v4,v6",5,0.7143,是,,临颍县：大饥，人相食。——乾隆《临颍县续志》卷七灾祥,河南临颍县：大饥，人相食。——乾隆《临颍县续志》卷七灾祥,临颍县：大饥，人相食。——乾隆《临颍县续志》卷七灾祥,临颍县：大饥，人相食。——乾隆《临颍县续志》卷七灾祥,,临颍县：大饥，人相食。——乾隆《临颍县续志》卷七灾祥,
1593,河南,南阳市,内乡县,1593|河南|南阳|内乡,明神宗万历二十一年,无,《内乡县志》,无,保留,"v1,v2,v3,v4,v6","v1,v2,v3,v4,v6",5,0.7143,是,,内乡县：四月雨，至七月方止。六月尚未收麦。是年冬大饥，人相食。——康熙五十一年《内乡县志》卷八灾祥,河南内乡县：四月雨，至七月方止。六月尚未收麦。是年冬大饥，人相食。——康熙五十一年《内乡县志》卷八灾祥,内乡县：四月雨，至七月方止。六月尚未收麦。是年冬大饥，人相食。——康熙五十一年《内乡县志》卷八灾祥,内乡县：四月雨，至七月方止。六月尚未收麦。是年冬大饥，人相食。——康熙五十一年《内乡县志》卷八灾祥,,内乡县：四月雨，至七月方止。六月尚未收麦。是年冬大饥，人相食。——康熙五十一年《内乡县志》卷八灾祥,
1593,河南,平顶山市,宝丰县,1593|河南|平顶山|宝丰,明神宗万历二十一年,无,《宝丰县志》,无,保留,"v1,v2,v3,v4,v6","v1,v2,v3,v4,v6",5,0.7143,是,,宝丰县：自夏至秋，霾雨害稼。次年春大饥，易子而食。——乾隆《宝丰县志》卷五灾祥,河南宝丰县：自夏至秋，霾雨害稼。次年春大饥，易子而食。——乾隆《宝丰县志》卷五灾祥,宝丰县：自夏至秋，霾雨害稼。次年春大饥，易子而食。——乾隆《宝丰县志》卷五灾祥,宝丰县：自夏至秋，霾雨害稼。次年春大饥，易子而食。——乾隆《宝丰县志》卷五灾祥,,宝丰县：自夏至秋，霾雨害稼。次年春大饥，易子而食。——乾隆《宝丰县志》卷五灾祥,
1593,江苏,徐州市,徐州市,1593|江苏|徐|徐,明神宗万历二十一年,无,《徐州志》,无,保留,"v1,v2,v3,v4,v6","v1,v2,v3,v4,v6",5,0.7143,是,,徐州市：大饥，人相食，病疫盛行，死者充道。督扰请留南粮赈之。——顺治《徐州志》卷八灾祥,江苏徐州市：大饥，人相食，病疫盛行，死者充道。督扰请留南粮赈之。——顺治《徐州志》卷八灾祥,徐州市：大饥，人相食，病疫盛行，死者充道。督扰请留南粮赈之。——顺治《徐州志》卷八灾祥,徐州市：大饥，人相食，病疫盛行，死者充道。督扰请留南粮赈之。——顺治《徐州志》卷八灾祥,,徐州市：大饥，人相食，病疫盛行，死者充道。督扰请留南粮赈之。——顺治《徐州志》卷八灾祥,
1593,河南,周口市,扶沟县,1593|河南|周口|扶沟,明神宗万历二十一年,无,《扶沟县志》,无,保留,"v1,v2,v3,v4,v6","v1,v2,v3,v4,v6",5,0.7143,是,,扶沟县：五月，霾雨五十日。麦熟未刈，雨，平地水深三尺，尽为腐烂。秋复大水，遂大饥。民有骨肉相食者。——康熙三十八年《扶沟县志》卷四灾异,河南扶沟县：五月，霾雨五十日。麦熟未刈，雨，平地水深三尺，尽为腐烂。秋复大水，遂大饥。民有骨肉相食者。——康熙三十八年《扶沟县志》卷四灾异,扶沟县：五月，霾雨五十日。麦熟未刈，雨，平地水深三尺，尽为腐烂。秋复大水，遂大饥。民有骨肉相食者。——康熙三十八年《扶沟县志》卷四灾异,扶沟县：五月，霾雨五十日。麦熟未刈，雨，平地水深三尺，尽为腐烂。秋复大水，遂大饥。民有骨肉相食者。——康熙三十八年《扶沟县志》卷四灾异,,扶沟县：五月，霾雨五十日。麦熟未刈，雨，平地水深三尺，尽为腐烂。秋复大水，遂大饥。民有骨肉相食者。——康熙三十八年《扶沟县志》卷四灾异,
1593,河南,郑州市,新郑县,1593|河南|郑|新郑,明神宗万历二十一年,无,《新郑县志》,无,保留,"v1,v2,v3,v4,v6","v1,v2,v3,v4,v6",5,0.7143,是,,新郑县：大饥，人相食。——顺治《新郑县志》卷五祥异,河南新郑县：大饥，人相食。——顺治《新郑县志》卷五祥异,新郑县：大饥，人相食。——顺治《新郑县志》卷五祥异,新郑县：大饥，人相食。——顺治《新郑县志》卷五祥异,,新郑县：大饥，人相食。——顺治《新郑县志》卷五祥异,
1593,河南,南阳市,浙川县,1593|河南|南阳|浙川,明神宗万历二十一年,无,《浙川县志》,无,保留,"v1,v2,v3,v4,v6","v1,v2,v3,v4,v6",5,0.7143,是,,浙川县：霾雨，自四月朔日至七月止。六月，麦尚未获。冬大饥，人相食。——康熙《浙川县志》卷八灾祥,河南浙川县：霾雨，自四月朔日至七月止。六月，麦尚未获。冬大饥，人相食。——康熙《浙川县志》卷八灾祥,浙川县：霾雨，自四月朔日至七月止。六月，麦尚未获。冬大饥，人相食。——康熙《浙川县志》卷八灾祥,浙川县：霾雨，自四月朔日至七月止。六月，麦尚未获。冬大饥，人相食。——康熙《浙川县志》卷八灾祥,,浙川县：霾雨，自四月朔日至七月止。六月，麦尚未获。冬大饥，人相食。——康熙《浙川县志》卷八灾祥,
1593,河南,驻马店市,正阳县,1593|河南|驻马店|正阳,明神宗万历二十一年,无,《真阳县志》,无,保留,"v1,v2,v3,v4,v6","v1,v2,v3,v4,v6",5,0.7143,是,,正阳县：蝗，人相食。——康熙《真阳县志》卷八灾祥,河南正阳县：蝗，人相食。——康熙《真阳县志》卷八灾祥,正阳县：蝗，人相食。——康熙《真阳县志》卷八灾祥,正阳县：蝗，人相食。——康熙《真阳县志》卷八灾祥,,正阳县：蝗，人相食。——康熙《真阳县志》卷八灾祥,
1593,江苏,徐州市,睢宁县,1593|江苏|徐|睢宁,明神宗万历二十一年,无,《睢宁县旧志》,无,保留,"v1,v2,v3,v4,v6","v1,v2,v3,v4,v6",5,0.7143,是,,睢宁县：岁大歉，谷涌贵，人相食。——康熙《睢宁县旧志》卷九灾祥,江苏睢宁县：岁大歉，谷涌贵，人相食。——康熙《睢宁县旧志》卷九灾祥,睢宁县：岁大歉，谷涌贵，人相食。——康熙《睢宁县旧志》卷九灾祥,睢宁县：岁大歉，谷涌贵，人相食。——康熙《睢宁县旧志》卷九灾祥,,睢宁县：岁大歉，谷涌贵，人相食。——康熙《睢宁县旧志》卷九灾祥,
1593,河南,信阳市,罗山县,1593|河南|信阳|罗山,明神宗万历二十一年,无,《罗山县志》,无,保留,"v1,v2,v3,v4,v6","v1,v2,v3,v4,v6",5,0.7143,是,,罗山县：旱，大饥，人相食。——乾隆《罗山县志》卷八灾祥,河南罗山县：旱，大饥，人相食。——乾隆《罗山县志》卷八灾祥,罗山县：旱，大饥，人相食。——乾隆《罗山县志》卷八灾祥,罗山县：旱，大饥，人相食。——乾隆《罗山县志》卷八灾祥,,罗山县：旱，大饥，人相食。——乾隆《罗山县志》卷八灾祥,
1593,安徽,宿州市,萧县,1593|安徽|宿|萧,明神宗万历二十一年,无,《萧县志》,无,保留,"v1,v2,v3,v4,v6","v1,v2,v3,v4,v6",5,0.7143,是,,萧县：大饥，人相食，瘟疫盛行，死者载道。——顺治《萧县志》卷五灾祥,安徽萧县：大饥，人相食，瘟疫盛行，死者载道。——顺治《萧县志》卷五灾祥,萧县：大饥，人相食，瘟疫盛行，死者载道。——顺治《萧县志》卷五灾祥,萧县：大饥，人相食，瘟疫盛行，死者载道。——顺治《萧县志》卷五灾祥,,萧县：大饥，人相食，瘟疫盛行，死者载道。——顺治《萧县志》卷五灾祥,
1593,河南,许昌市,襄城县,1593|河南|许昌|襄城,明神宗万历二十一年,无,《襄城县志》,无,保留,"v1,v2,v3,v4,v6","v1,v2,v3,v4,v6",5,0.7143,是,,襄城县：大饥，人相食。——万历《襄城县志》卷七灾异,河南襄城县：大饥，人相食。——万历《襄城县志》卷七灾异,襄城县：大饥，人相食。——万历《襄城县志》卷七灾异,襄城县：大饥，人相食。——万历《襄城县志》卷七灾异,,襄城县：大饥，人相食。——万历《襄城县志》卷七灾异,
1593,河南,驻马店市,西平县,1593|河南|驻马店|西平,明神宗万历二十一年,无,《西平县志》,无,保留,"v1,v2,v3,v4,v6","v1,v2,v3,v4,v6",5,0.7143,是,,西平县：大雨两月，麦禾尽没，人民相食，饥殍载道。——康熙《西平县志》卷十外志,河南西平县：大雨两月，麦禾尽没，人民相食，饥殍载道。——康熙《西平县志》卷十外志,西平县：大雨两月，麦禾尽没，人民相食，饥殍载道。——康熙《西平县志》卷十外志,西平县：大雨两月，麦禾尽没，人民相食，饥殍载道。——康熙《西平县志》卷十外志,,西平县：大雨两月，麦禾尽没，人民相食，饥殍载道。——康熙《西平县志》卷十外志,
1593,河南,许昌市,许昌县,1593|河南|许昌|许昌,明神宗万历二十一年,无,《许州志》,无,保留,"v1,v2,v3,v4,v6","v1,v2,v3,v4,v6",5,0.7143,是,,许昌县：大饥，人相食。——康熙《许州志》卷九祥异,河南许昌县：大饥，人相食。——康熙《许州志》卷九祥异,许昌县：大饥，人相食。——康熙《许州志》卷九祥异,许昌县：大饥，人相食。——康熙《许州志》卷九祥异,,许昌县：大饥，人相食。——康熙《许州志》卷九祥异,
1593,山东,临沂市,费县,1593|山东|临沂|费,明神宗万历二十一年,无,《费县志》,无,保留,"v1,v2,v3,v4,v6","v1,v2,v3,v4,v6",5,0.7143,是,,费县：夏，霾雨四十余日，所在淹没，高地亦涝而无收。至次年春，食榆皮，人相食。——康熙二十八年《费县志》卷五灾异,山东费县：夏，霾雨四十余日，所在淹没，高地亦涝而无收。至次年春，食榆皮，人相食。——康熙二十八年《费县志》卷五灾异,费县：夏，霾雨四十余日，所在淹没，高地亦涝而无收。至次年春，食榆皮，人相食。——康熙二十八年《费县志》卷五灾异,费县：夏，霾雨四十余日，所在淹没，高地亦涝而无收。至次年春，食榆皮，人相食。——康熙二十八年《费县志》卷五灾异,,费县：夏，霾雨四十余日，所在淹没，高地亦涝而无收。至次年春，食榆皮，人相食。——康熙二十八年《费县志》卷五灾异,
1593,河南,南阳市,邓县,1593|河南|南阳|邓,明神宗万历二十一年,无,《邓州志》,无,保留,"v1,v2,v3,v4,v6","v1,v2,v3,v4,v6",5,0.7143,是,,邓县：水荒，民相食。——顺治《邓州志》卷二郡记,河南邓县：水荒，民相食。——顺治《邓州志》卷二郡记,邓县：水荒，民相食。——顺治《邓州志》卷二郡记,邓县：水荒，民相食。——顺治《邓州志》卷二郡记,,邓县：水荒，民相食。——顺治《邓州志》卷二郡记,
1593,河南,平顶山市,郏县,1593|河南|平顶山|郏,明神宗万历二十一年,无,《郏县志》,无,保留,"v1,v2,v3,v4,v6","v1,v2,v3,v4,v6",5,0.7143,是,,郏县：自夏至秋，霾雨害禾。次年春大饥，父子相食。——顺治《郏县志》卷一灾祥,河南郏县：自夏至秋，霾雨害禾。次年春大饥，父子相食。——顺治《郏县志》卷一灾祥,郏县：自夏至秋，霾雨害禾。次年春大饥，父子相食。——顺治《郏县志》卷一灾祥,郏县：自夏至秋，霾雨害禾。次年春大饥，父子相食。——顺治《郏县志》卷一灾祥,,郏县：自夏至秋，霾雨害禾。次年春大饥，父子相食。——顺治《郏县志》卷一灾祥,
1593,河南,周口市,项城县,1593|河南|周口|项城,明神宗万历二十一年,无,《陈州府志》,无,保留,"v1,v2,v3,v4,v6","v1,v2,v3,v4,v6",5,0.7143,是,,项城县：四月初，霆雨淋漓，抵八月方己四野弥漫，舟航遍地。夏麦漂没，秋种不得播，民间室庐冲圮，米珠薪桂，比户嗷嗷。始犹食鱼虾，继则食树皮，哺草根，复乃同类相残，道殛绝无完肤，毙骸枕藉，白骨累累，诚人间未有之矣。——乾隆《陈州府志》卷三十杂志,河南项城县：四月初，霆雨淋漓，抵八月方己四野弥漫，舟航遍地。夏麦漂没，秋种不得播，民间室庐冲圮，米珠薪桂，比户嗷嗷。始犹食鱼虾，继则食树皮，哺草根，复乃同类相残，道殛绝无完肤，毙骸枕藉，白骨累累，诚人间未有之矣。——乾隆《陈州府志》卷三十杂志,项城县：四月初，霆雨淋漓，抵八月方己四野弥漫，舟航遍地。夏麦漂没，秋种不得播，民间室庐冲圮，米珠薪桂，比户嗷嗷。始犹食鱼虾，继则食树皮，哺草根，复乃同类相残，道殛绝无完肤，毙骸枕藉，白骨累累，诚人间未有之矣。——乾隆《陈州府志》卷三十杂志,项城县：四月初，霆雨淋漓，抵八月方己四野弥漫，舟航遍地。夏麦漂没，秋种不得播，民间室庐冲圮，米珠薪桂，比户嗷嗷。始犹食鱼虾，继则食树皮，哺草根，复乃同类相残，道殛绝无完肤，毙骸枕藉，白骨累累，诚人间未有之矣。——乾隆《陈州府志》卷三十杂志,,项城县：四月初，霆雨淋漓，抵八月方己四野弥漫，舟航遍地。夏麦漂没，秋种不得播，民间室庐冲圮，米珠薪桂，比户嗷嗷。始犹食鱼虾，继则食树皮，哺草根，复乃同类相残，道殛绝无完肤，毙骸枕藉，白骨累累，诚人间未有之矣。——乾隆《陈州府志》卷三十杂志,
1593,河南,三门峡市,三门峡市,1593|河南|三门峡|三门峡,明神宗万历二十一年,无,《陕州志》,无,保留,"v1,v2,v3,v4,v6","v1,v2,v3,v4,v6",5,0.7143,是,,三门峡市：大饥，人相食。——顺治《陕州志》卷七人物,河南三门峡市：大饥，人相食。——顺治《陕州志》卷七人物,三门峡市：大饥，人相食。——顺治《陕州志》卷七人物,三门峡市：大饥，人相食。——顺治《陕州志》卷七人物,,三门峡市：大饥，人相食。——顺治《陕州志》卷七人物,
1593,山东,济宁市,鱼台县,1593|山东|济宁|鱼台,明神宗万历二十一年,无,《鱼台县志》,无,保留,"v1,v2,v3,v4,v6","v1,v2,v3,v4,v6",5,0.7143,是,,鱼台县：冬饥，至二十二春大饥，人相食。——乾隆《鱼台县志》卷三灾祥,山东鱼台县：冬饥，至二十二春大饥，人相食。——乾隆《鱼台县志》卷三灾祥,鱼台县：冬饥，至二十二春大饥，人相食。——乾隆《鱼台县志》卷三灾祥,鱼台县：冬饥，至二十二春大饥，人相食。——乾隆《鱼台县志》卷三灾祥,,鱼台县：冬饥，至二十二春大饥，人相食。——乾隆《鱼台县志》卷三灾祥,
1593,河南,平顶山市,鲁山县,1593|河南|平顶山|鲁山,明神宗万历二十一年,无,《鲁山县全志》,无,保留,"v1,v2,v3,v4,v6","v1,v2,v3,v4,v6",5,0.7143,是,,鲁山县：大霖雨，四月至八月平地为渊，夏秋未登。民至父子相食，盗贼蜂起。——乾隆《鲁山县全志》卷九祥异,河南鲁山县：大霖雨，四月至八月平地为渊，夏秋未登。民至父子相食，盗贼蜂起。——乾隆《鲁山县全志》卷九祥异,鲁山县：大霖雨，四月至八月平地为渊，夏秋未登。民至父子相食，盗贼蜂起。——乾隆《鲁山县全志》卷九祥异,鲁山县：大霖雨，四月至八月平地为渊，夏秋未登。民至父子相食，盗贼蜂起。——乾隆《鲁山县全志》卷九祥异,,鲁山县：大霖雨，四月至八月平地为渊，夏秋未登。民至父子相食，盗贼蜂起。——乾隆《鲁山县全志》卷九祥异,
1593,河南,漯河市,临颍县,1593|河南|漯河|临颍,明神宗万历二十一年,无,临颍续志,无,需进一步分析,v7,v7,1,0.1667,否,"同类 record 存在于 v1,v2,v3,v4,v6,v7；本条仅存在于 v7；占比 16.7%",,,,,,,临颍县：大饥，人相食。——乾隆《临颍县续志》卷七灾祥
1593,河南,,临颍县,1593|河南|临颍,明神宗万历二十一年,无,临颍续志,无,保留,v5,v5,1,0.1429,是,,,,,,临颍县：大饥，人相食。——乾隆《临颍续志》卷七灾祥,,
1593,河南,南阳市,内乡县,1593|河南|南阳|内乡,明神宗万历二十一年,无,内乡县志,无,保留,"v5,v7","v5,v7",2,0.2857,是,,,,,,内乡县：四月雨，至七月方止。六月尚未收麦。是年冬大饥，人相食。——康熙五十一年《内乡县志》卷八灾祥,,内乡县：四月雨，至七月方止。六月尚未收麦。是年冬大饥，人相食。——康熙五十一年《内乡县志》卷八灾祥
1593,河南,平顶山市,宝丰县,1593|河南|平顶山|宝丰,明神宗万历二十一年,无,宝丰县志,无,保留,"v5,v7","v5,v7",2,0.2857,是,,,,,,宝丰县：自夏至秋，霾雨害稼。次年春大饥，易子而食。——乾隆《宝丰县志》卷五灾祥,,宝丰县：自夏至秋，霾雨害稼。次年春大饥，易子而食。——乾隆《宝丰县志》卷五灾祥
1593,江苏,徐州,徐州市,1593|江苏|徐|徐,明神宗万历二十一年,无,徐州志,无,保留,"v5,v7","v5,v7",2,0.2857,是,,,,,,徐州市：大饥，人相食，病疫盛行，死者充道。督扰请留南粮赈之。——顺治《徐州志》卷八灾祥,,徐州市：大饥，人相食，病疫盛行，死者充道。督扰请留南粮赈之。——顺治《徐州志》卷八灾祥
1593,河南,周口市,扶沟县,1593|河南|周口|扶沟,明神宗万历二十一年,无,扶沟县志,无,保留,"v5,v7","v5,v7",2,0.2857,是,,,,,,扶沟县：五月，霾雨五十日。麦熟未刈，雨，平地水深三尺，尽为腐烂。秋复大水，遂大饥。民有骨肉相食者。——康熙三十八年《扶沟县志》卷四灾异,,扶沟县：五月，霾雨五十日。麦熟未刈，雨，平地水深三尺，尽为腐烂。秋复大水，遂大饥。民有骨肉相食者。——康熙三十八年《扶沟县志》卷四灾异
1593,河南,郑州市,新郑县,1593|河南|郑|新郑,明神宗万历二十一年,无,新郑县志,无,保留,"v5,v7","v5,v7",2,0.2857,是,,,,,,新郑县：大饥，人相食。——顺治《新郑县志》卷五祥异,,新郑县：大饥，人相食。——顺治《新郑县志》卷五祥异
1593,河南,,浙川县,1593|河南|浙川,明神宗万历二十一年,无,浙川县志,无,保留,v5,v5,1,0.1429,是,,,,,,浙川县：霾雨，自四月朔日至七月止。六月，麦尚未获。冬大饥，人相食。——康熙《浙川县志》卷八灾祥,,
1593,河南,南阳市,淅川县,1593|河南|南阳|淅川,明神宗万历二十一年,浙川县,淅川县志,无,需进一步分析,v7,v7,1,0.1429,否,"同类 record 存在于 v1,v2,v3,v4,v5,v6,v7；本条仅存在于 v7；占比 14.3%",,,,,,,浙川县：霾雨，自四月朔日至七月止。六月，麦尚未获。冬大饥，人相食。——康熙《浙川县志》卷八灾祥
1593,河南,驻马店市,正阳县,1593|河南|驻马店|正阳,明神宗万历二十一年,无,真阳县志,无,保留,"v5,v7","v5,v7",2,0.2857,是,,,,,,正阳县：蝗，人相食。——康熙《真阳县志》卷八灾祥,,正阳县：蝗，人相食。——康熙《真阳县志》卷八灾祥
1593,江苏,徐州市,睢宁县,1593|江苏|徐|睢宁,明神宗万历二十一年,无,睢宁县旧志,无,保留,"v5,v7","v5,v7",2,0.2857,是,,,,,,睢宁县：岁大歉，谷涌贵，人相食。——康熙《睢宁县旧志》卷九灾祥,,睢宁县：岁大歉，谷涌贵，人相食。——康熙《睢宁县旧志》卷九灾祥
1593,河南,信阳市,罗山县,1593|河南|信阳|罗山,明神宗万历二十一年,无,罗山县志,无,保留,"v5,v7","v5,v7",2,0.2857,是,,,,,,罗山县：旱，大饥，人相食。——乾隆《罗山县志》卷八灾祥,,罗山县：旱，大饥，人相食。——乾隆《罗山县志》卷八灾祥
1593,安徽,宿州市,萧县,1593|安徽|宿|萧,明神宗万历二十一年,无,萧县志,无,保留,"v5,v7","v5,v7",2,0.2857,是,,,,,,萧县：大饥，人相食，瘟疫盛行，死者载道。——顺治《萧县志》卷五灾祥,,萧县：大饥，人相食，瘟疫盛行，死者载道。——顺治《萧县志》卷五灾祥
1593,河南,许昌市,襄城县,1593|河南|许昌|襄城,明神宗万历二十一年,无,襄城县志,无,保留,"v5,v7","v5,v7",2,0.2857,是,,,,,,襄城县：大饥，人相食。——万历《襄城县志》卷七灾异,,襄城县：大饥，人相食。——万历《襄城县志》卷七灾异
1593,河南,驻马店市,西平县,1593|河南|驻马店|西平,明神宗万历二十一年,无,西平县志,无,保留,"v5,v7","v5,v7",2,0.2857,是,,,,,,西平县：大雨两月，麦禾尽没，人民相食，饥殍载道。——康熙《西平县志》卷十外志,,西平县：大雨两月，麦禾尽没，人民相食，饥殍载道。——康熙《西平县志》卷十外志
1593,河南,许昌市,许昌县,1593|河南|许昌|许昌,明神宗万历二十一年,无,许州志,无,保留,"v5,v7","v5,v7",2,0.2857,是,,,,,,许昌县：大饥，人相食。——康熙《许州志》卷九祥异,,许昌县：大饥，人相食。——康熙《许州志》卷九祥异
1593,山东,临沂市,费县,1593|山东|临沂|费,明神宗万历二十一年,无,费县志,无,保留,"v5,v7","v5,v7",2,0.2857,是,,,,,,费县：夏，霾雨四十余日，所在淹没，高地亦涝而无收。至次年春，食榆皮，人相食。——康熙二十八年《费县志》卷五灾异,,费县：夏，霾雨四十余日，所在淹没，高地亦涝而无收。至次年春，食榆皮，人相食。——康熙二十八年《费县志》卷五灾异
1593,河南,南阳市,邓县,1593|河南|南阳|邓,明神宗万历二十一年,无,邓州志,无,保留,"v5,v7","v5,v7",2,0.2857,是,,,,,,邓县：水荒，民相食。——顺治《邓州志》卷二郡记,,邓县：水荒，民相食。——顺治《邓州志》卷二郡记
1593,河南,平顶山市,郏县,1593|河南|平顶山|郏,明神宗万历二十一年,无,郏县志,无,保留,"v5,v7","v5,v7",2,0.2857,是,,,,,,郏县：自夏至秋，霾雨害禾。次年春大饥，父子相食。——顺治《郏县志》卷一灾祥,,郏县：自夏至秋，霾雨害禾。次年春大饥，父子相食。——顺治《郏县志》卷一灾祥
1593,河南,周口市,项城县,1593|河南|周口|项城,明神宗万历二十一年,无,陈州府志,无,保留,"v5,v7","v5,v7",2,0.2857,是,,,,,,项城县：四月初，霆雨淋漓，抵八月方己四野弥漫，舟航遍地。夏麦漂没，秋种不得播，民间室庐冲圮，米珠薪桂，比户嗷嗷。始犹食鱼虾，继则食树皮，哺草根，复乃同类相残，道殛绝无完肤，毙骸枕藉，白骨累累，诚人间未有之矣。——乾隆《陈州府志》卷三十杂志,,项城县：四月初，霆雨淋漓，抵八月方己四野弥漫，舟航遍地。夏麦漂没，秋种不得播，民间室庐冲圮，米珠薪桂，比户嗷嗷。始犹食鱼虾，继则食树皮，哺草根，复乃同类相残，道殛绝无完肤，毙骸枕藉，白骨累累，诚人间未有之矣。——乾隆《陈州府志》卷三十杂志
1593,河南,三门峡市,三门峡市,1593|河南|三门峡|三门峡,明神宗万历二十一年,陕州,陕州志,无,保留,"v5,v7","v5,v7",2,0.2857,是,,,,,,三门峡市：大饥，人相食。——顺治《陕州志》卷七人物,,三门峡市：大饥，人相食。——顺治《陕州志》卷七人物
1593,山东,济宁市,鱼台县,1593|山东|济宁|鱼台,明神宗万历二十一年,无,鱼台县志,无,保留,"v5,v7","v5,v7",2,0.2857,是,,,,,,鱼台县：冬饥，至二十二春大饥，人相食。——乾隆《鱼台县志》卷三灾祥,,鱼台县：冬饥，至二十二春大饥，人相食。——乾隆《鱼台县志》卷三灾祥
1593,河南,平顶山市,鲁山县,1593|河南|平顶山|鲁山,明神宗万历二十一年,无,鲁山县全志,无,保留,"v5,v7","v5,v7",2,0.2857,是,,,,,,鲁山县：大霖雨，四月至八月平地为渊，夏秋未登。民至父子相食，盗贼蜂起。——乾隆《鲁山县全志》卷九祥异,,鲁山县：大霖雨，四月至八月平地为渊，夏秋未登。民至父子相食，盗贼蜂起。——乾隆《鲁山县全志》卷九祥异
1594,河南,驻马店,上蔡县,1594|河南|驻马店|上蔡,明神宗万历二十二年,无,《上蔡县志》,无,保留,"v1,v3,v4,v5","v1,v3,v4,v5",4,0.5714,是,,上蔡县：春，人相食。有司疏闻，发帑金遣官赈济。始食树皮，继食道瘞，甚至父子兄弟夫妇相食，遂以人肉市者。是夏大疫。——康熙《上蔡县志》卷十二编年,,上蔡县：春，人相食。有司疏闻，发帑金遣官赈济。始食树皮，继食道瘞，甚至父子兄弟夫妇相食，遂以人肉市者。是夏大疫。——康熙《上蔡县志》卷十二编年,上蔡县：春，人相食。有司疏闻，发帑金遣官赈济。始食树皮，继食道瘞，甚至父子兄弟夫妇相食，遂以人肉市者。是夏大疫。——康熙《上蔡县志》卷十二编年,上蔡县：春，人相食。有司疏闻，发帑金遣官赈济。始食树皮，继食道瘞，甚至父子兄弟夫妇相食，遂以人肉市者。是夏大疫。——康熙《上蔡县志》卷十二编年,,
1594,安徽,亳州,亳州,1594|安徽|亳|亳,明神宗万历二十二年,无,《亳州志》,无,保留,"v1,v3,v4,v5","v1,v3,v4,v5",4,0.5714,是,,亳州：春饥，饿殍枕藉，人食人。——乾隆五年《亳州志》卷一灾祥,,亳州：春饥，饿殍枕藉，人食人。——乾隆五年《亳州志》卷一灾祥,亳州：春饥，饿殍枕藉，人食人。——乾隆五年《亳州志》卷一灾祥,亳州：春饥，饿殍枕藉，人食人。——乾隆五年《亳州志》卷一灾祥,,
1594,山东,青岛,即墨县,1594|山东|青岛|即墨,明神宗万历二十二年,无,《即墨县志》,无,保留,"v1,v3,v4,v5","v1,v3,v4,v5",4,0.5714,是,,即墨县：大饥，人相食。——乾隆《即墨县志》卷十一灾祥,,即墨县：大饥，人相食。——乾隆《即墨县志》卷十一灾祥,即墨县：大饥，人相食。——乾隆《即墨县志》卷十一灾祥,即墨县：大饥，人相食。——乾隆《即墨县志》卷十一灾祥,,
1594,安徽,阜阳,太和县,1594|安徽|阜阳|太和,明神宗万历二十二年,无,《太和县志》,无,保留,"v1,v3,v4,v5","v1,v3,v4,v5",4,0.5714,是,,太和县：春饥，人相食。秋大熟。——民国《太和县志》卷十二灾祥,,太和县：春饥，人相食。秋大熟。——民国《太和县志》卷十二灾祥,太和县：春饥，人相食。秋大熟。——民国《太和县志》卷十二灾祥,太和县：春饥，人相食。秋大熟。——民国《太和县志》卷十二灾祥,,
1594,江苏,徐州市,徐州市,1594|江苏|徐|徐,明神宗万历二十二年,无,《徐州府志》,无,保留,"v1,v3,v5","v1,v3,v5",3,0.4286,是,,徐州市：五月大雨，邳城陷水中。六月，邳州、宿迁溺死人无算。是年，徐、肖大饥，人相食。疫盛行，死者载道。沛、丰亦苦霖雨凡三月，人有食草木皮者。——同治《徐州府志》卷二十五,,徐州市：五月大雨，邳城陷水中。六月，邳州、宿迁溺死人无算。是年，徐、肖大饥，人相食。疫盛行，死者载道。沛、丰亦苦霖雨凡三月，人有食草木皮者。——同治《徐州府志》卷二十五,,徐州市：五月大雨，邳城陷水中。六月，邳州、宿迁溺死人无算。是年，徐、肖大饥，人相食。疫盛行，死者载道。沛、丰亦苦霖雨凡三月，人有食草木皮者。——同治《徐州府志》卷二十五,,
1594,安徽,徐州,萧县,1594|安徽|徐|萧,明神宗万历二十二年,无,《徐州府志》,无,保留,"v1,v3,v4,v5","v1,v3,v4,v5",4,0.5714,是,,萧县：五月大雨，邳城陷水中。六月，邳州、宿迁溺死人无算。是年，徐、萧大饥，人相食。疫盛行，死者载道。——同治《徐州府志》卷二十五,,萧县：五月大雨，邳城陷水中。六月，邳州、宿迁溺死人无算。是年，徐、萧大饥，人相食。疫盛行，死者载道。——同治《徐州府志》卷二十五,萧县：五月大雨，邳城陷水中。六月，邳州、宿迁溺死人无算。是年，徐、萧大饥，人相食。疫盛行，死者载道。——同治《徐州府志》卷二十五,萧县：五月大雨，邳城陷水中。六月，邳州、宿迁溺死人无算。是年，徐、萧大饥，人相食。疫盛行，死者载道。——同治《徐州府志》卷二十五,,
1594,河南,信阳,息县,1594|河南|信阳|息,明神宗万历二十二年,无,《息县志》,无,保留,"v1,v3,v4,v5","v1,v3,v4,v5",4,0.5714,是,,息县：春大饥。夏旱，大疫。斗米二钱，人相食，至以人肉市。遣官振济。——顺治《息县志》卷十灾异,,息县：春大饥。夏旱，大疫。斗米二钱，人相食，至以人肉市。遣官振济。——顺治《息县志》卷十灾异,息县：春大饥。夏旱，大疫。斗米二钱，人相食，至以人肉市。遣官振济。——顺治《息县志》卷十灾异,息县：春大饥。夏旱，大疫。斗米二钱，人相食，至以人肉市。遣官振济。——顺治《息县志》卷十灾异,,
1594,河南,驻马店,新蔡县,1594|河南|驻马店|新蔡,明神宗万历二十二年,无,《新蔡县志》,无,保留,"v1,v3,v4,v5","v1,v3,v4,v5",4,0.5714,是,,新蔡县：大荒，人将相食，死者枕藉道路，四城门朝暮间异葬出者数百家。——康熙《新蔡县志》卷七杂述,,新蔡县：大荒，人将相食，死者枕藉道路，四城门朝暮间异葬出者数百家。——康熙《新蔡县志》卷七杂述,新蔡县：大荒，人将相食，死者枕藉道路，四城门朝暮间异葬出者数百家。——康熙《新蔡县志》卷七杂述,新蔡县：大荒，人将相食，死者枕藉道路，四城门朝暮间异葬出者数百家。——康熙《新蔡县志》卷七杂述,,
1594,江苏,淮安,盱眙县,1594|江苏|淮安|盱眙,明神宗万历二十二年,无,《明实录》,"疑似OCR错误','应为'剥'",保留,"v1,v2,v3,v4,v5","v1,v2,v3,v4,v5",5,0.7143,是,,盱眙县：…昨岁各省伤情；…及徐淮近河之地为尤甚，民间至有剥树皮屑革子而食，至又有割死尸，杀生人而食者。——《明实录》,盱眙县：…昨岁各省伤情；…及徐淮近河之地为尤甚，民间至有剥树皮屑革子而食，至又有割死尸，杀生人而食者。——《明实录》,盱眙县：…昨岁各省伤情；…及徐淮近河之地为尤甚，民间至有剥树皮屑革子而食，至又有割死尸，杀生人而食者。——《明实录》,盱眙县：…昨岁各省伤情；…及徐淮近河之地为尤甚，民间至有剥树皮屑革子而食，至又有割死尸，杀生人而食者。——《明实录》,盱眙县：…昨岁各省伤情；…及徐淮近河之地为尤甚，民间至有剥树皮屑革子而食，至又有割死尸，杀生人而食者。——《明实录》,,
1594,河南,,汝南县,1594|河南|汝南,明神宗万历二十二年,无,《汝阳县志》,无,需校验地区信息,"v1,v3,v5","v1,v3,v5",3,0.4286,是,同年同省同来源同 record，但地区名存在近似异写或明显异体，需校验地区信息,汝南县：春，人相食。癸巳九月至明年四月，剡壕尸，掘冢墓，啖生人，父子、兄弟夫妇互俎，而贾人肉于市。夏大疫，飞蝇蔽天，自北而南，野蒿如林，成拱成把。——顺治《汝阳县志》卷十禨祥,,汝南县：春，人相食。癸巳九月至明年四月，剡壕尸，掘冢墓，啖生人，父子、兄弟夫妇互俎，而贾人肉于市。夏大疫，飞蝇蔽天，自北而南，野蒿如林，成拱成把。——顺治《汝阳县志》卷十禨祥,,汝南县：春，人相食。癸巳九月至明年四月，剡壕尸，掘冢墓，啖生人，父子、兄弟夫妇互俎，而贾人肉于市。夏大疫，飞蝇蔽天，自北而南，野蒿如林，成拱成把。——顺治《汝阳县志》卷十禨祥,,
1594,河南,驻马店,汝阳县,1594|河南|驻马店|汝阳,明神宗万历二十二年,汝阳,《汝阳县志》,古代汝阳县，与今汝阳县非同一地点,需校验地区信息,v4,v4,1,0.1429,是,同年同省同来源同 record，但地区名存在近似异写或明显异体，需校验地区信息,,,,汝南县：春，人相食。癸巳九月至明年四月，剡壕尸，掘冢墓，啖生人，父子、兄弟夫妇互俎，而贾人肉于市。夏大疫，飞蝇蔽天，自北而南，野蒿如林，成拱成把。——顺治《汝阳县志》卷十禨祥,,,
1594,山东,潍坊市,潍坊市,1594|山东|潍坊|潍坊,明神宗万历二十二年,无,《潍县志稿》,无,保留,"v1,v3,v4,v5","v1,v3,v4,v5",4,0.5714,是,,潍坊市：大饥，人相食。——民国《潍县志稿》卷二通纪,,潍坊市：大饥，人相食。——民国《潍县志稿》卷二通纪,潍坊市：大饥，人相食。——民国《潍县志稿》卷二通纪,潍坊市：大饥，人相食。——民国《潍县志稿》卷二通纪,,
1594,河南,驻马店,确山县,1594|河南|驻马店|确山,明神宗万历二十二年,无,《确山县志》,无,保留,"v1,v3,v4,v5","v1,v3,v4,v5",4,0.5714,是,,确山县：春，人相食。夏大疫。——乾隆《确山县志》卷四禨祥,,确山县：春，人相食。夏大疫。——乾隆《确山县志》卷四禨祥,确山县：春，人相食。夏大疫。——乾隆《确山县志》卷四禨祥,确山县：春，人相食。夏大疫。——乾隆《确山县志》卷四禨祥,,
1594,河南,周口,淮阳县,1594|河南|周口|淮阳,明神宗万历二十二年,无,《续修陈州志》,无,保留,"v1,v4,v5","v1,v4,v5",3,0.4286,是,,淮阳县：春正月，雷鸣。民大饥，时五谷极贵，草根木皮人藉为食，僵殍相望，同类相食，流民抛弃儿女于路，不顾而去。夏五月，州大水，莲花池堤决，积水侵城，室庐倾圮，田禾一空。——康熙《续修陈州志》卷四灾异,,,淮阳县：春正月，雷鸣。民大饥，时五谷极贵，草根木皮人藉为食，僵殍相望，同类相食，流民抛弃儿女于路，不顾而去。夏五月，州大水，莲花池堤决，积水侵城，室庐倾圮，田禾一空。——康熙《续修陈州志》卷四灾异,淮阳县：春正月，雷鸣。民大饥，时五谷极贵，草根木皮人藉为食，僵殍相望，同类相食，流民抛弃儿女于路，不顾而去。夏五月，州大水，莲花池堤决，积水侵城，室庐倾圮，田禾一空。——康熙《续修陈州志》卷四灾异,,
1594,山东,临沂,费县,1594|山东|临沂|费,明神宗万历二十二年,无,《费县志》,无,保留,"v1,v3,v4,v5","v1,v3,v4,v5",4,0.5714,是,,费县：春大饥，人相食。——光绪《费县志》卷十六祥异,,费县：春大饥，人相食。——光绪《费县志》卷十六祥异,费县：春大饥，人相食。——光绪《费县志》卷十六祥异,费县：春大饥，人相食。——光绪《费县志》卷十六祥异,,
1594,山东,青岛,平度州,1594|山东|青岛|平度,明神宗万历二十二年,无,《重修平度州志》,无,保留,"v1,v3,v4,v5","v1,v3,v4,v5",4,0.5714,是,,平度县：大饥，人相食。——道光《重修平度州志》卷二十六大事,,平度县：大饥，人相食。——道光《重修平度州志》卷二十六大事,平度县：大饥，人相食。——道光《重修平度州志》卷二十六大事,平度县：大饥，人相食。——道光《重修平度州志》卷二十六大事,,
1594,安徽,阜阳,阜阳县,1594|安徽|阜阳|阜阳,明神宗万历二十二年,无,《阜阳县志》,无,保留,"v1,v3,v4,v5","v1,v3,v4,v5",4,0.5714,是,,阜阳县：春，人相食，饿殍枕藉。冬，大荒。——乾隆《阜阳县志》卷一郡纪,,阜阳县：春，人相食，饿殍枕藉。冬，大荒。——乾隆《阜阳县志》卷一郡纪,阜阳县：春，人相食，饿殍枕藉。冬，大荒。——乾隆《阜阳县志》卷一郡纪,阜阳县：春，人相食，饿殍枕藉。冬，大荒。——乾隆《阜阳县志》卷一郡纪,,
1594,安徽,阜阳,霍邱县,1594|安徽|阜阳|霍邱,明神宗万历二十二年,无,《霍邱县志》,无,保留,"v1,v3,v4,v5","v1,v3,v4,v5",4,0.5714,是,,霍邱县：春大饥，人相食，饿殍枕藉。——康熙《霍邱县志》卷上灾祥,,霍邱县：春大饥，人相食，饿殍枕藉。——康熙《霍邱县志》卷上灾祥,霍邱县：春大饥，人相食，饿殍枕藉。——康熙《霍邱县志》卷上灾祥,霍邱县：春大饥，人相食，饿殍枕藉。——康熙《霍邱县志》卷上灾祥,,
1594,安徽,阜阳,颍上县,1594|安徽|阜阳|颍上,明神宗万历二十二年,无,《颍上县志》,无,保留,"v1,v3,v4,v5","v1,v3,v4,v5",4,0.5714,是,,颍上县：春大饥，米贵，斗百五十文，人相食，饿殍枕藉。城市惊盗，昼常戒严。夏秋大熟。本年扰安奏灾，发帑藏银并临清仓熟米煮粥行赈。——顺治《颍上县志》卷十一灾祥,,颍上县：春大饥，米贵，斗百五十文，人相食，饿殍枕藉。城市惊盗，昼常戒严。夏秋大熟。本年扰安奏灾，发帑藏银并临清仓熟米煮粥行赈。——顺治《颍上县志》卷十一灾祥,颍上县：春大饥，米贵，斗百五十文，人相食，饿殍枕藉。城市惊盗，昼常戒严。夏秋大熟。本年扰安奏灾，发帑藏银并临清仓熟米煮粥行赈。——顺治《颍上县志》卷十一灾祥,颍上县：春大饥，米贵，斗百五十文，人相食，饿殍枕藉。城市惊盗，昼常戒严。夏秋大熟。本年扰安奏灾，发帑藏银并临清仓熟米煮粥行赈。——顺治《颍上县志》卷十一灾祥,,
1594,河南,,上蔡县,1594|河南|上蔡,明神宗万历二十二年,无,上蔡县志,无,保留,"v6,v7","v6,v7",2,0.2857,是,,,,,,,上蔡县：春，人相食。有司疏闻，发帑金遣官赈济。始食树皮，继食道瘞，甚至父子兄弟夫妇相食，遂以人肉市者。是夏大疫。——康熙《上蔡县志》卷十二编年,上蔡县：春，人相食。有司疏闻，发帑金遣官赈济。始食树皮，继食道瘞，甚至父子兄弟夫妇相食，遂以人肉市者。是夏大疫。——康熙《上蔡县志》卷十二编年
1594,安徽,,亳州,1594|安徽|亳,明神宗万历二十二年,无,亳州志,无,保留,"v6,v7","v6,v7",2,0.2857,是,,,,,,,亳州：春饥，饿殍枕藉，人食人。——乾隆五年《亳州志》卷一灾祥,亳州：春饥，饿殍枕藉，人食人。——乾隆五年《亳州志》卷一灾祥
1594,山东,,即墨县,1594|山东|即墨,明神宗万历二十二年,无,即墨县志,无,保留,"v6,v7","v6,v7",2,0.2857,是,,,,,,,即墨县：大饥，人相食。——乾隆《即墨县志》卷十一灾祥,即墨县：大饥，人相食。——乾隆《即墨县志》卷十一灾祥
1594,安徽,,太和县,1594|安徽|太和,明神宗万历二十二年,无,太和县志,无,保留,"v6,v7","v6,v7",2,0.2857,是,,,,,,,太和县：春饥，人相食。秋大熟。——民国《太和县志》卷十二灾祥,太和县：春饥，人相食。秋大熟。——民国《太和县志》卷十二灾祥
1594,江苏,徐州市,徐州市,1594|江苏|徐|徐,明神宗万历二十二年,无,徐州府志,无,保留,"v6,v7","v6,v7",2,0.2857,是,,,,,,,徐州市：五月大雨，邳城陷水中。六月，邳州、宿迁溺死人无算。是年，徐、肖大饥，人相食。疫盛行，死者载道。沛、丰亦苦霖雨凡三月，人有食草木皮者。——同治《徐州府志》卷二十五,徐州市：五月大雨，邳城陷水中。六月，邳州、宿迁溺死人无算。是年，徐、肖大饥，人相食。疫盛行，死者载道。沛、丰亦苦霖雨凡三月，人有食草木皮者。——同治《徐州府志》卷二十五
1594,安徽,,萧县,1594|安徽|萧,明神宗万历二十二年,无,徐州府志,无,保留,"v6,v7","v6,v7",2,0.2857,是,,,,,,,萧县：五月大雨，邳城陷水中。六月，邳州、宿迁溺死人无算。是年，徐、萧大饥，人相食。疫盛行，死者载道。——同治《徐州府志》卷二十五,萧县：五月大雨，邳城陷水中。六月，邳州、宿迁溺死人无算。是年，徐、萧大饥，人相食。疫盛行，死者载道。——同治《徐州府志》卷二十五
1594,河南,,息县,1594|河南|息,明神宗万历二十二年,无,息县志,无,保留,"v6,v7","v6,v7",2,0.2857,是,,,,,,,息县：春大饥。夏旱，大疫。斗米二钱，人相食，至以人肉市。遣官振济。——顺治《息县志》卷十灾异,息县：春大饥。夏旱，大疫。斗米二钱，人相食，至以人肉市。遣官振济。——顺治《息县志》卷十灾异
1594,河南,,新蔡县,1594|河南|新蔡,明神宗万历二十二年,无,新蔡县志,无,保留,"v6,v7","v6,v7",2,0.2857,是,,,,,,,新蔡县：大荒，人将相食，死者枕藉道路，四城门朝暮间异葬出者数百家。——康熙《新蔡县志》卷七杂述,新蔡县：大荒，人将相食，死者枕藉道路，四城门朝暮间异葬出者数百家。——康熙《新蔡县志》卷七杂述
1594,江苏,,盱眙县,1594|江苏|盱眙,明神宗万历二十二年,无,明实录,无,保留,"v6,v7","v6,v7",2,0.2857,是,,,,,,,盱眙县：…昨岁各省伤情；…及徐淮近河之地为尤甚，民间至有剥树皮屑革子而食，至又有割死尸，杀生人而食者。——《明实录》,盱眙县：…昨岁各省伤情；…及徐淮近河之地为尤甚，民间至有剥树皮屑革子而食，至又有割死尸，杀生人而食者。——《明实录》
1594,河南,,汝南县,1594|河南|汝南,明神宗万历二十二年,无,汝阳县志,无,保留,"v6,v7","v6,v7",2,0.2857,是,,,,,,,汝南县：春，人相食。癸巳九月至明年四月，剡壕尸，掘冢墓，啖生人，父子、兄弟夫妇互俎，而贾人肉于市。夏大疫，飞蝇蔽天，自北而南，野蒿如林，成拱成把。——顺治《汝阳县志》卷十禨祥,汝南县：春，人相食。癸巳九月至明年四月，剡壕尸，掘冢墓，啖生人，父子、兄弟夫妇互俎，而贾人肉于市。夏大疫，飞蝇蔽天，自北而南，野蒿如林，成拱成把。——顺治《汝阳县志》卷十禨祥
1594,山东,潍坊市,潍县,1594|山东|潍坊|潍,明神宗万历二十二年,无,潍县志稿,无,需校验地区信息,v7,v7,1,0.1429,是,同年同省同来源同 record，但地区名存在近似异写或明显异体，需校验地区信息,,,,,,,潍坊市：大饥，人相食。——民国《潍县志稿》卷二通纪
1594,山东,潍坊市,潍县,1594|山东|潍坊|潍,明神宗万历二十二年,无,潍县志稿,无,需校验地区信息,v6,v6,1,0.1429,是,同年同省同来源同 record，但地区名存在近似异写或明显异体，需校验地区信息,,,,,,山东：潍坊市：大饥，人相食。——民国《潍县志稿》卷二通纪,
1594,河南,,确山县,1594|河南|确山,明神宗万历二十二年,无,确山县志,无,保留,"v6,v7","v6,v7",2,0.2857,是,,,,,,,确山县：春，人相食。夏大疫。——乾隆《确山县志》卷四禨祥,确山县：春，人相食。夏大疫。——乾隆《确山县志》卷四禨祥
1594,河南,,淮阳县,1594|河南|淮阳,明神宗万历二十二年,无,续修陈州志,无,保留,"v6,v7","v6,v7",2,0.2857,是,,,,,,,淮阳县：春正月，雷鸣。民大饥，时五谷极贵，草根木皮人藉为食，僵殍相望，同类相食，流民抛弃儿女于路，不顾而去。夏五月，州大水，莲花池堤决，积水侵城，室庐倾圮，田禾一空。——康熙《续修陈州志》卷四灾异,淮阳县：春正月，雷鸣。民大饥，时五谷极贵，草根木皮人藉为食，僵殍相望，同类相食，流民抛弃儿女于路，不顾而去。夏五月，州大水，莲花池堤决，积水侵城，室庐倾圮，田禾一空。——康熙《续修陈州志》卷四灾异
1594,山东,,费县,1594|山东|费,明神宗万历二十二年,无,费县志,无,保留,"v6,v7","v6,v7",2,0.2857,是,,,,,,,费县：春大饥，人相食。——光绪《费县志》卷十六祥异,费县：春大饥，人相食。——光绪《费县志》卷十六祥异
1594,山东,,平度县,1594|山东|平度,明神宗万历二十二年,无,重修平度州志,无,保留,"v6,v7","v6,v7",2,0.2857,是,,,,,,,平度县：大饥，人相食。——道光《重修平度州志》卷二十六大事,平度县：大饥，人相食。——道光《重修平度州志》卷二十六大事
1594,安徽,,阜阳县,1594|安徽|阜阳,明神宗万历二十二年,无,阜阳县志,无,保留,"v6,v7","v6,v7",2,0.2857,是,,,,,,,阜阳县：春，人相食，饿殍枕藉。冬，大荒。——乾隆《阜阳县志》卷一郡纪,阜阳县：春，人相食，饿殍枕藉。冬，大荒。——乾隆《阜阳县志》卷一郡纪
1594,安徽,,霍邱县,1594|安徽|霍邱,明神宗万历二十二年,无,霍邱县志,疑似OCR错误，原文作'霍邱',保留,"v6,v7","v6,v7",2,0.2857,是,,,,,,,霍邱县：春大饥，人相食，饿殍枕藉。——康熙《霍邱县志》卷上灾祥,霍邱县：春大饥，人相食，饿殍枕藉。——康熙《霍邱县志》卷上灾祥
1594,安徽,,颍上县,1594|安徽|颍上,明神宗万历二十二年,无,颍上县志,无,保留,"v6,v7","v6,v7",2,0.2857,是,,,,,,,颍上县：春大饥，米贵，斗百五十文，人相食，饿殍枕藉。城市惊盗，昼常戒严。夏秋大熟。本年扰安奏灾，发帑藏银并临清仓熟米煮粥行赈。——顺治《颍上县志》卷十一灾祥,颍上县：春大饥，米贵，斗百五十文，人相食，饿殍枕藉。城市惊盗，昼常戒严。夏秋大熟。本年扰安奏灾，发帑藏银并临清仓熟米煮粥行赈。——顺治《颍上县志》卷十一灾祥
1595,山东,,昌邑县,1595|山东|昌邑,明神宗万历二十三年,无,《昌邑县志》,无,保留,"v2,v4,v5,v6,v7","v2,v4,v5,v6,v7",5,0.7143,是,,,山东昌邑县：春大饥，人相食。夏四月、五月大疫。——康熙《昌邑县志》卷一祥异,,昌邑县：春大饥，人相食。夏四月、五月大疫。——康熙《昌邑县志》卷一祥异,昌邑县：春大饥，人相食。夏四月、五月大疫。——康熙《昌邑县志》卷一祥异,昌邑县：春大饥，人相食。夏四月、五月大疫。——康熙《昌邑县志》卷一祥异,昌邑县：春大饥，人相食。夏四月、五月大疫。——康熙《昌邑县志》卷一祥异
1595,山东,,昌邑县,1595|山东|昌邑,明神宗万历二十三年,无,《昌邑县志》,无,保留,v1,v1,1,0.1429,是,,山东：昌邑县：春大饥，人相食。夏四月、五月大疫。——康熙《昌邑县志》卷一祥异,,,,,,
1595,山东,滕州市,,1595|山东|滕,明神宗万历二十三年,无,《滕县志》,无,保留,v1,v1,1,0.1429,是,,山东：滕州市：大饥，殛者枕藉于道，人相食。——顺治《滕县志》卷三灾异,,,,,,
1595,山东,滕州市,,1595|山东|滕,明神宗万历二十三年,滕县,《滕县志》,原文为'滕州市'，可能为现代整理时的表述；《滕县志》表明古代为滕县,保留,"v2,v4,v5,v6,v7","v2,v4,v5,v6,v7",5,0.7143,是,,,山东滕州市：大饥，殛者枕藉于道，人相食。——顺治《滕县志》卷三灾异,,滕州市：大饥，殛者枕藉于道，人相食。——顺治《滕县志》卷三灾异,滕州市：大饥，殛者枕藉于道，人相食。——顺治《滕县志》卷三灾异,滕州市：大饥，殛者枕藉于道，人相食。——顺治《滕县志》卷三灾异,滕州市：大饥，殛者枕藉于道，人相食。——顺治《滕县志》卷三灾异
1595,山东,,昌邑县,1595|山东|昌邑,明神宗万历二十三年,无,昌邑县志,无,保留,v3,v3,1,0.1429,是,,,,昌邑县：春大饥，人相食。夏四月、五月大疫。——康熙《昌邑县志》卷一祥异,,,,
1595,山东,,滕州市,1595|山东|滕,明神宗万历二十三年,滕县,滕县志,无,保留,v3,v3,1,0.1429,是,,,,滕州市：大饥，殛者枕藉于道，人相食。——顺治《滕县志》卷三灾异,,,,
1598,河南,,永城县,1598|河南|永城,明神宗万历二十六年,无,《永城县志》,无,保留,"v1,v2,v3,v4,v5,v6,v7","v1,v2,v3,v4,v5,v6,v7",7,1.0,是,,永城县：大饥，人相食，河役繁兴，瘟疫频行。给谏杨公东明绘《流民图》以上，诏赈济。——康熙《永城县志》卷八灾异,永城县：大饥，人相食，河役繁兴，瘟疫频行。给谏杨公东明绘《流民图》以上，诏赈济。——康熙《永城县志》卷八灾异,永城县：大饥，人相食，河役繁兴，瘟疫频行。给谏杨公东明绘《流民图》以上，诏赈济。——康熙《永城县志》卷八灾异,永城县：大饥，人相食，河役繁兴，瘟疫频行。给谏杨公东明绘《流民图》以上，诏赈济。——康熙《永城县志》卷八灾异,永城县：大饥，人相食，河役繁兴，瘟疫频行。给谏杨公东明绘《流民图》以上，诏赈济。——康熙《永城县志》卷八灾异,永城县：大饥，人相食，河役繁兴，瘟疫频行。给谏杨公东明绘《流民图》以上，诏赈济。——康熙《永城县志》卷八灾异,永城县：大饥，人相食，河役繁兴，瘟疫频行。给谏杨公东明绘《流民图》以上，诏赈济。——康熙《永城县志》卷八灾异
1598,河南,洛阳市,洛阳市,1598|河南|洛阳|洛阳,明神宗万历二十六年,无,《洛阳县志》,无,保留,"v1,v2,v3,v4,v5,v6,v7","v1,v2,v3,v4,v5,v6,v7",7,1.0,是,,洛阳市：大旱，无禾，人相食。——顺治《洛阳县志》卷八灾异,洛阳市：大旱，无禾，人相食。——顺治《洛阳县志》卷八灾异,洛阳市：大旱，无禾，人相食。——顺治《洛阳县志》卷八灾异,洛阳市：大旱，无禾，人相食。——顺治《洛阳县志》卷八灾异,洛阳市：大旱，无禾，人相食。——顺治《洛阳县志》卷八灾异,洛阳市：大旱，无禾，人相食。——顺治《洛阳县志》卷八灾异,洛阳市：大旱，无禾，人相食。——顺治《洛阳县志》卷八灾异
1599,山西,五台县,五台县,1599|山西|五台|五台,明神宗万历二十七年,无,《五台县志》,无,保留,"v1,v2,v5,v6,v7","v1,v2,v5,v6,v7",5,0.7143,是,,五台县：秋，社日霜厚一寸，百谷尽死，人相食。——康熙《五台县志》卷八祥异附,五台县：秋，社日霜厚一寸，百谷尽死，人相食。——康熙《五台县志》卷八祥异附,,,五台县：秋，社日霜厚一寸，百谷尽死，人相食。——康熙《五台县志》卷八祥异附,五台县：秋，社日霜厚一寸，百谷尽死，人相食。——康熙《五台县志》卷八祥异附,五台县：秋，社日霜厚一寸，百谷尽死，人相食。——康熙《五台县志》卷八祥异附
1599,山西,,五台县,1599|山西|五台,明神宗万历二十七年,无,《五台县志》,无,保留,v4,v4,1,0.1429,是,,,,,山西：五台县：秋，社日霜厚一寸，百谷尽死，人相食。——康熙《五台县志》卷八祥异附,,,
1599,山西,,五台县,1599|山西|五台,明神宗万历二十七年,无,五台县志,无,保留,v3,v3,1,0.1429,是,,,,五台县：秋，社日霜厚一寸，百谷尽死，人相食。——康熙《五台县志》卷八祥异附,,,,
1600,山西,,岢岚县,1600|山西|岢岚,明神宗万历二十八年,无,《岢岚州志》,无,保留,"v1,v2,v4,v7","v1,v2,v4,v7",4,0.5714,是,,岢岚县：饥，人相食，死者枕藉。——康熙《岢岚州志》卷一祥异,岢岚县：饥，人相食，死者枕藉。——康熙《岢岚州志》卷一祥异,,岢岚县：饥，人相食，死者枕藉。——康熙《岢岚州志》卷一祥异,,,岢岚县：饥，人相食，死者枕藉。——康熙《岢岚州志》卷一祥异
1600,河北,,武强县,1600|河北|武强,明神宗万历二十八年,无,《重修武强县志》,无,保留,"v1,v2,v4,v7","v1,v2,v4,v7",4,0.5714,是,,武强县：夏大旱，蝗蝻遍地，食禾殆尽。民大饥，积尸满野，人相食，有弃子女井中、升米鬻妻、自缢服毒者。——康熙《重修武强县志》卷二灾祥,武强县：夏大旱，蝗蝻遍地，食禾殆尽。民大饥，积尸满野，人相食，有弃子女井中、升米鬻妻、自缢服毒者。——康熙《重修武强县志》卷二灾祥,,武强县：夏大旱，蝗蝻遍地，食禾殆尽。民大饥，积尸满野，人相食，有弃子女井中、升米鬻妻、自缢服毒者。——康熙《重修武强县志》卷二灾祥,,,武强县：夏大旱，蝗蝻遍地，食禾殆尽。民大饥，积尸满野，人相食，有弃子女井中、升米鬻妻、自缢服毒者。——康熙《重修武强县志》卷二灾祥
1600,山西,,岢岚县,1600|山西|岢岚,明神宗万历二十八年,无,岢岚州志,无,保留,"v3,v5,v6","v3,v5,v6",3,0.4286,是,,,,岢岚县：饥，人相食，死者枕藉。——康熙《岢岚州志》卷一祥异,,岢岚县：饥，人相食，死者枕藉。——康熙《岢岚州志》卷一祥异,岢岚县：饥，人相食，死者枕藉。——康熙《岢岚州志》卷一祥异,
1600,河北,,武强县,1600|河北|武强,明神宗万历二十八年,无,重修武强县志,无,保留,"v3,v5,v6","v3,v5,v6",3,0.4286,是,,,,武强县：夏大旱，蝗蝻遍地，食禾殆尽。民大饥，积尸满野，人相食，有弃子女井中、升米鬻妻、自缢服毒者。——康熙《重修武强县志》卷二灾祥,,武强县：夏大旱，蝗蝻遍地，食禾殆尽。民大饥，积尸满野，人相食，有弃子女井中、升米鬻妻、自缢服毒者。——康熙《重修武强县志》卷二灾祥,武强县：夏大旱，蝗蝻遍地，食禾殆尽。民大饥，积尸满野，人相食，有弃子女井中、升米鬻妻、自缢服毒者。——康熙《重修武强县志》卷二灾祥,
1601,山西,,寿阳县,1601|山西|寿阳,明神宗万历二十九年,无,《寿阳县志》,无,保留,"v2,v4,v6","v2,v4,v6",3,0.4286,是,,,寿阳县：大饥，人相食。——康熙《寿阳县志》卷八祥异,,寿阳县：大饥，人相食。——康熙《寿阳县志》卷八祥异,,寿阳县：大饥，人相食。——康熙《寿阳县志》卷八祥异,
1601,河北,,阜平县,1601|河北|阜平,明神宗万历二十九年,无,《明史·五行志》,无,保留,v2,v2,1,0.1429,是,,,阜平县：饥，有杀食其稚子者。——《明史·五行志》,,,,,
1601,山西,,静乐县,1601|山西|静乐,明神宗万历二十九年,无,《静乐县志》,无,保留,"v2,v4,v6","v2,v4,v6",3,0.4286,是,,,静乐县：七月二十五日，风霜杀禾，岁大饥，人相食。——康熙《静乐县志》卷四灾变,,静乐县：七月二十五日，风霜杀禾，岁大饥，人相食。——康熙《静乐县志》卷四灾变,,静乐县：七月二十五日，风霜杀禾，岁大饥，人相食。——康熙《静乐县志》卷四灾变,
1601,山西,,寿阳县,1601|山西|寿阳,明神宗万历二十九年,无,寿阳县志,无,保留,"v3,v5,v7","v3,v5,v7",3,0.4286,是,,,,寿阳县：大饥，人相食。——康熙《寿阳县志》卷八祥异,,寿阳县：大饥，人相食。——康熙《寿阳县志》卷八祥异,,寿阳县：大饥，人相食。——康熙《寿阳县志》卷八祥异
1601,河北,,阜平县,1601|河北|阜平,明神宗万历二十九年,无,明史·五行志,无,保留,"v3,v4,v5,v6,v7","v3,v4,v5,v6,v7",5,0.7143,是,,,,阜平县：饥，有杀食其稚子者。——《明史·五行志》,阜平县：饥，有杀食其稚子者。——《明史·五行志》,阜平县：饥，有杀食其稚子者。——《明史·五行志》,阜平县：饥，有杀食其稚子者。——《明史·五行志》,阜平县：饥，有杀食其稚子者。——《明史·五行志》
1601,山西,,静乐县,1601|山西|静乐,明神宗万历二十九年,无,静乐县志,无,保留,"v3,v5,v7","v3,v5,v7",3,0.4286,是,,,,静乐县：七月二十五日，风霜杀禾，岁大饥，人相食。——康熙《静乐县志》卷四灾变,,静乐县：七月二十五日，风霜杀禾，岁大饥，人相食。——康熙《静乐县志》卷四灾变,,静乐县：七月二十五日，风霜杀禾，岁大饥，人相食。——康熙《静乐县志》卷四灾变
1603,河南,,邓县,1603|河南|邓,明神宗万历三十一年,无,《华北、东北近五百年旱涝史料》,无,保留,"v2,v3,v4,v5,v7","v2,v3,v4,v5,v7",5,0.7143,是,,,邓县：水灾、瘟疫，岁大饥，人相食，死者甚多。——《华北、东北近五百年旱涝史料》第四分册，第67页,邓县：水灾、瘟疫，岁大饥，人相食，死者甚多。——《华北、东北近五百年旱涝史料》第四分册，第67页。,邓县：水灾、瘟疫，岁大饥，人相食，死者甚多。——《华北、东北近五百年旱涝史料》第四分册，第67页。,邓县：水灾、瘟疫，岁大饥，人相食，死者甚多。——《华北、东北近五百年旱涝史料》第四分册，第67页。,,邓县：水灾、瘟疫，岁大饥，人相食，死者甚多。——《华北、东北近五百年旱涝史料》第四分册，第67页。
1603,江苏,徐州市,,1603|江苏|徐,明神宗万历三十一年,无,《徐州志》,无,保留,"v2,v3,v4,v5,v7","v2,v3,v4,v5,v7",5,0.7143,是,,,徐州市：春夏淫雨，尽伤禾麦。秋冬大饥，人相食。是年夏，水决城东南堤之勺平桥。——顺治《徐州志》卷八灾祥,徐州市：春夏淫雨，尽伤禾麦。秋冬大饥，人相食。是年夏，水决城东南堤之勺平桥。——顺治《徐州志》卷八灾祥,徐州市：春夏淫雨，尽伤禾麦。秋冬大饥，人相食。是年夏，水决城东南堤之勺平桥。——顺治《徐州志》卷八灾祥,徐州市：春夏淫雨，尽伤禾麦。秋冬大饥，人相食。是年夏，水决城东南堤之勺平桥。——顺治《徐州志》卷八灾祥,,徐州市：春夏淫雨，尽伤禾麦。秋冬大饥，人相食。是年夏，水决城东南堤之勺平桥。——顺治《徐州志》卷八灾祥
1603,山东,,鱼台县,1603|山东|鱼台,明神宗万历三十一年,无,《鱼台县志》,无,保留,"v2,v3,v4,v5,v7","v2,v3,v4,v5,v7",5,0.7143,是,,,鱼台县：夏，黄河暴冲，大饥，人相食。——乾隆《鱼台县志》,鱼台县：夏，黄河暴冲，大饥，人相食。——乾隆《鱼台县志》,鱼台县：夏，黄河暴冲，大饥，人相食。——乾隆《鱼台县志》,鱼台县：夏，黄河暴冲，大饥，人相食。——乾隆《鱼台县志》,,鱼台县：夏，黄河暴冲，大饥，人相食。——乾隆《鱼台县志》
1603,河南,,邓县,1603|河南|邓,明神宗万历三十一年,无,华北、东北近五百年旱涝史料,无,保留,v6,v6,1,0.1429,是,,,,,,,邓县：水灾、瘟疫，岁大饥，人相食，死者甚多。——《华北、东北近五百年旱涝史料》第四分册，第67页。,
1603,江苏,徐州,徐州市,1603|江苏|徐|徐,明神宗万历三十一年,无,徐州志,无,保留,v6,v6,1,0.1429,是,,,,,,,徐州市：春夏淫雨，尽伤禾麦。秋冬大饥，人相食。是年夏，水决城东南堤之勺平桥。——顺治《徐州志》卷八灾祥,
1603,山东,,鱼台县,1603|山东|鱼台,明神宗万历三十一年,无,鱼台县志,无,保留,v6,v6,1,0.1429,是,,,,,,,鱼台县：夏，黄河暴冲，大饥，人相食。——乾隆《鱼台县志》,
1604,河南,,夏邑县,1604|河南|夏邑,明神宗万历三十二年,无,《夏邑县志》,无,保留,"v1,v2,v4","v1,v2,v4",3,0.4286,是,,夏邑县：大饥，人相食。——康熙《夏邑县志》卷十灾异,夏邑县：大饥，人相食。——康熙《夏邑县志》卷十灾异,,夏邑县：大饥，人相食。——康熙《夏邑县志》卷十灾异,,,
1604,河南,,夏邑县,1604|河南|夏邑,明神宗万历三十二年,无,夏邑县志,无,保留,"v3,v5,v7","v3,v5,v7",3,0.4286,是,,,,夏邑县：大饥，人相食。——康熙《夏邑县志》卷十灾异,,夏邑县：大饥，人相食。——康熙《夏邑县志》卷十灾异,,夏邑县：大饥，人相食。——康熙《夏邑县志》卷十灾异
1604,河南,,夏邑县,1604|河南|夏邑,明神宗万历三十二年,无,康熙夏邑县志,无,需进一步分析,v6,v6,1,0.1429,否,"同类 record 存在于 v1,v2,v3,v4,v5,v6,v7；本条仅存在于 v6；占比 14.3%",,,,,,夏邑县：大饥，人相食。——康熙《夏邑县志》卷十灾异,
1604,河南,,归德,1604|河南|归德,明神宗万历三十二年,无,明神宗实录,无,保留,"v3,v5,v6,v7","v3,v5,v6,v7",4,0.5714,是,,,,商丘市：五月丙子，河南归德一带岁饥荒民饥，死者枕藉，人尚未死者率虢而食之。——《明神宗实录》卷三九六,,商丘市：五月丙子，河南归德一带岁饥荒民饥，死者枕藉，人尚未死者率虢而食之。——《明神宗实录》卷三九六,商丘市：五月丙子，河南归德一带岁饥荒民饥，死者枕藉，人尚未死者率虢而食之。——《明神宗实录》卷三九六,商丘市：五月丙子，河南归德一带岁饥荒民饥，死者枕藉，人尚未死者率虢而食之。——《明神宗实录》卷三九六
1605,安徽,,蒙城县,1605|安徽|蒙城,明神宗万历三十三年,无,《蒙城县志》,无,保留,"v1,v3,v4,v5,v7","v1,v3,v4,v5,v7",5,0.7143,是,,蒙城县：大疫，人相食。——顺治《蒙城县志》卷六灾祥,,蒙城县：大疫，人相食。——顺治《蒙城县志》卷六灾祥,蒙城县：大疫，人相食。——顺治《蒙城县志》卷六灾祥,蒙城县：大疫，人相食。——顺治《蒙城县志》卷六灾祥,,蒙城县：大疫，人相食。——顺治《蒙城县志》卷六灾祥
1605,安徽,,蒙城县,1605|安徽|蒙城,明神宗万历三十三年,无,《蒙城县志》,无,保留,v2,v2,1,0.1429,是,,,安徽：蒙城县：大疫，人相食。——顺治《蒙城县志》卷六灾祥,,,,,
1605,河北,,迁安县,1605|河北|迁安,明神宗万历三十三年,无,《迁安县志》,无,保留,v2,v2,1,0.1429,是,,,河北：迁安县：春大饥。至夏六月大雨，滦河水溢。道瘞相望，父鬻子。夫卖妻，人民相食。——康熙十八年《迁安县志》卷七灾祥,,,,,
1605,河北,,迁安县,1605|河北|迁安,明神宗万历三十三年,无,《迁安县志》,无,保留,"v1,v3,v4,v5,v7","v1,v3,v4,v5,v7",5,0.7143,是,,迁安县：春大饥。至夏六月大雨，滦河水溢。道瘞相望，父鬻子。夫卖妻，人民相食。——康熙十八年《迁安县志》卷七灾祥,,迁安县：春大饥。至夏六月大雨，滦河水溢。道瘞相望，父鬻子。夫卖妻，人民相食。——康熙十八年《迁安县志》卷七灾祥,迁安县：春大饥。至夏六月大雨，滦河水溢。道瘞相望，父鬻子。夫卖妻，人民相食。——康熙十八年《迁安县志》卷七灾祥,迁安县：春大饥。至夏六月大雨，滦河水溢。道瘞相望，父鬻子。夫卖妻，人民相食。——康熙十八年《迁安县志》卷七灾祥,,迁安县：春大饥。至夏六月大雨，滦河水溢。道瘞相望，父鬻子。夫卖妻，人民相食。——康熙十八年《迁安县志》卷七灾祥
1605,安徽,,蒙城县,1605|安徽|蒙城,明神宗万历三十三年,无,蒙城县志,无,保留,v6,v6,1,0.1429,是,,,,,,,蒙城县：大疫，人相食。——顺治《蒙城县志》卷六灾祥,
1605,河北,,迁安县,1605|河北|迁安,明神宗万历三十三年,无,迁安县志,无,保留,v6,v6,1,0.1429,是,,,,,,,迁安县：春大饥。至夏六月大雨，滦河水溢。道瘞相望，父鬻子。夫卖妻，人民相食。——康熙十八年《迁安县志》卷七灾祥,
1607,浙江,,吴兴县,1607|浙江|吴兴,明神宗万历三十五年,无,《华东地区近五百年气候历史资料》,无,保留,v1,v1,1,0.1429,是,,浙江：吴兴县：乌程淫雨。三吴沈灶产蛙，人相食。——《华东地区近五百年气候历史资料》第四分册，第49页。,,,,,,
1607,浙江,,吴兴县,1607|浙江|吴兴,明神宗万历三十五年,无,《华东地区近五百年气候历史资料》,无,保留,"v2,v5","v2,v5",2,0.2857,是,,,浙江吴兴县：乌程淫雨。三吴沈灶产蛙，人相食。——《华东地区近五百年气候历史资料》第四分册，第49页。,,,吴兴县：乌程淫雨。三吴沈灶产蛙，人相食。——《华东地区近五百年气候历史资料》第四分册，第49页。,,
1607,浙江,,吴兴县,1607|浙江|吴兴,明神宗万历三十五年,无,华东地区近五百年气候历史资料,无,保留,"v3,v4","v3,v4",2,0.2857,是,,,,浙江：吴兴县：乌程淫雨。三吴沈灶产蛙，人相食。——《华东地区近五百年气候历史资料》第四分册，第49页。,浙江：吴兴县：乌程淫雨。三吴沈灶产蛙，人相食。——《华东地区近五百年气候历史资料》第四分册，第49页。,,,
1608,陕西,,户县,1608|陕西|户,明神宗万历三十六年,无,《鄂县志》,无,保留,"v2,v3,v4,v5,v6,v7","v2,v3,v4,v5,v6,v7",6,0.8571,是,,,户县：岁大饥，人相食。——康熙《鄂县志》卷八灾异,户县：岁大饥，人相食。——康熙《鄂县志》卷八灾异,户县：岁大饥，人相食。——康熙《鄂县志》卷八灾异,户县：岁大饥，人相食。——康熙《鄂县志》卷八灾异,户县：岁大饥，人相食。——康熙《鄂县志》卷八灾异,户县：岁大饥，人相食。——康熙《鄂县志》卷八灾异
1608,陕西,,户县,1608|陕西|户,明神宗万历三十六年,无,《鄂县志》,无,保留,v1,v1,1,0.1429,是,,陕西：户县：岁大饥，人相食。——康熙《鄂县志》卷八灾异,,,,,,
1608,陕西,,周至县,1608|陕西|周至,明神宗万历三十六年,无,《重修盩厔县志》,无,保留,"v2,v3,v4,v5,v6,v7","v2,v3,v4,v5,v6,v7",6,0.8571,是,,,周至县：岁大饥，人相食。——乾隆《重修盩厔县志》卷十三祥异,周至县：岁大饥，人相食。——乾隆《重修盩厔县志》卷十三祥异,周至县：岁大饥，人相食。——乾隆《重修盩厔县志》卷十三祥异,周至县：岁大饥，人相食。——乾隆《重修盩厔县志》卷十三祥异,周至县：岁大饥，人相食。——乾隆《重修盩厔县志》卷十三祥异,周至县：岁大饥，人相食。——乾隆《重修盩厔县志》卷十三祥异
1608,陕西,,周至县,1608|陕西|周至,明神宗万历三十六年,无,《重修盩厔县志》,无,保留,v1,v1,1,0.1429,是,,陕西：周至县：岁大饥，人相食。——乾隆《重修盩厔县志》卷十三祥异,,,,,,
1609,山西,,孟县,1609|山西|孟,明神宗万历三十七年,无,《孟县志》,无,保留,"v1,v2,v3,v4,v5,v6,v7","v1,v2,v3,v4,v5,v6,v7",7,1.0,是,,孟县：大荒，旱，人相食。——乾隆《孟县志》卷二叢祥,孟县：大荒，旱，人相食。——乾隆《孟县志》卷二叢祥,孟县：大荒，旱，人相食。——乾隆《孟县志》卷二叢祥,孟县：大荒，旱，人相食。——乾隆《孟县志》卷二叢祥,孟县：大荒，旱，人相食。——乾隆《孟县志》卷二叢祥,孟县：大荒，旱，人相食。——乾隆《孟县志》卷二叢祥,孟县：大荒，旱，人相食。——乾隆《孟县志》卷二叢祥
1609,山西,,阳曲县,1609|山西|阳曲,明神宗万历三十七年,无,《阳曲县志》,无,保留,"v1,v2,v3,v4,v5,v6,v7","v1,v2,v3,v4,v5,v6,v7",7,1.0,是,,阳曲县：大荒，米珠薪桂，人至相食。——道光《阳曲县志》志余,阳曲县：大荒，米珠薪桂，人至相食。——道光《阳曲县志》志余,阳曲县：大荒，米珠薪桂，人至相食。——道光《阳曲县志》志余,阳曲县：大荒，米珠薪桂，人至相食。——道光《阳曲县志》志余,阳曲县：大荒，米珠薪桂，人至相食。——道光《阳曲县志》志余,阳曲县：大荒，米珠薪桂，人至相食。——道光《阳曲县志》志余,阳曲县：大荒，米珠薪桂，人至相食。——道光《阳曲县志》志余
1610,河北,,临城县,1610|河北|临城,明神宗万历三十八年,无,《临城县志》,无,保留,v4,v4,1,0.1429,是,,,,,河北：临城县：大饥，有食人者。——康熙三十年《临城县志》卷八欵祥,,,
1610,河北,,临城县,1610|河北|临城,明神宗万历三十八年,无,《临城县志》,无,保留,"v1,v2,v3,v5,v6,v7","v1,v2,v3,v5,v6,v7",6,0.8571,是,,临城县：大饥，有食人者。——康熙三十年《临城县志》卷八欵祥,临城县：大饥，有食人者。——康熙三十年《临城县志》卷八欵祥,临城县：大饥，有食人者。——康熙三十年《临城县志》卷八欵祥,,临城县：大饥，有食人者。——康熙三十年《临城县志》卷八欵祥,临城县：大饥，有食人者。——康熙三十年《临城县志》卷八欵祥,临城县：大饥，有食人者。——康熙三十年《临城县志》卷八欵祥
1610,山东,,平度县,1610|山东|平度,明神宗万历三十八年,无,《华北、东北近五百年旱涝史料》,无,保留,"v1,v2,v5,v7","v1,v2,v5,v7",4,0.5714,是,,平度县：旱蝗饥，人相食。——《华北、东北近五百年旱涝史料》第三分册，第6页。,平度县：旱蝗饥，人相食。——《华北、东北近五百年旱涝史料》第三分册，第6页。,,,平度县：旱蝗饥，人相食。——《华北、东北近五百年旱涝史料》第三分册，第6页。,,平度县：旱蝗饥，人相食。——《华北、东北近五百年旱涝史料》第三分册，第6页。
1610,河北,,平山县,1610|河北|平山,明神宗万历三十八年,无,《华北、东北近五百年旱涝史料》,无,需进一步分析,v5,v5,1,0.1429,否,"同类 record 存在于 v1,v2,v3,v4,v5,v6,v7；本条仅存在于 v5；占比 14.3%",,,,,平山县：春，斗米二钱，民相食。——康熙《平山县志》卷一事纪,,
1610,河北,,平山县,1610|河北|平山,明神宗万历三十八年,无,《平山县志》,无,保留,"v1,v2,v3,v6,v7","v1,v2,v3,v6,v7",5,0.7143,是,,平山县：春，斗米二钱，民相食。——康熙《平山县志》卷一事纪,平山县：春，斗米二钱，民相食。——康熙《平山县志》卷一事纪,平山县：春，斗米二钱，民相食。——康熙《平山县志》卷一事纪,,,平山县：春，斗米二钱，民相食。——康熙《平山县志》卷一事纪,平山县：春，斗米二钱，民相食。——康熙《平山县志》卷一事纪
1610,河北,,平山县,1610|河北|平山,明神宗万历三十八年,无,《平山县志》,无,保留,v4,v4,1,0.1429,是,,,,,河北：平山县：春，斗米二钱，民相食。——康熙《平山县志》卷一事纪,,,
1610,山东,,平度县,1610|山东|平度,明神宗万历三十八年,无,华北、东北近五百年旱涝史料,无,保留,"v3,v6","v3,v6",2,0.2857,是,,,,平度县：旱蝗饥，人相食。——《华北、东北近五百年旱涝史料》第三分册，第6页。,,,平度县：旱蝗饥，人相食。——《华北、东北近五百年旱涝史料》第三分册，第6页。,
1610,山东,,平度县,1610|山东|平度,明神宗万历三十八年,无,华北、东北近五百年旱涝史料,无,保留,v4,v4,1,0.1429,是,,,,,山东：平度县：旱蝗饥，人相食。——《华北、东北近五百年旱涝史料》第三分册，第6页。,,,
1613,江苏,,赣榆县,1613|江苏|赣榆,明神宗万历四十一年,无,《赣榆县志》,无,保留,v6,v6,1,0.1429,是,,,,,,,赣榆县：大旱，人相食，男女，道雍相望。——光绪《赣榆县志》,
1613,江苏,,赣榆县,1613|江苏|赣榆,明神宗万历四十一年,无,《赣榆县志》,无,保留,"v1,v3,v4,v5,v7","v1,v3,v4,v5,v7",5,0.7143,是,,江苏赣榆县：大旱，人相食，男女，道雍相望。——光绪《赣榆县志》卷十七祥异,,赣榆县：大旱，人相食，男女，道雍相望。——光绪《赣榆县志》卷十七祥异,赣榆县：大旱，人相食，男女，道雍相望。——光绪《赣榆县志》卷十七祥异,赣榆县：大旱，人相食，男女，道雍相望。——光绪《赣榆县志》卷十七祥异,,赣榆县：大旱，人相食，男女，道雍相望。——光绪《赣榆县志》卷十七祥异
1613,江苏,,赣榆县,1613|江苏|赣榆,明神宗万历四十一年,无,《赣榆县志》,无,保留,v2,v2,1,0.1429,是,,,江苏：赣榆县：大旱，人相食，男女，道雍相望。——光绪《赣榆县志》卷十七祥异,,,,,
1614,河北,,盐山县,1614|河北|盐山,明神宗万历四十二年,无,《华北、东北近五百年旱涝史料》,无,保留,"v1,v2,v3,v4,v7","v1,v2,v3,v4,v7",5,0.7143,是,,盐山县：大旱，人相食。——《华北、东北近五百年旱涝史料》第二分册，第29页,盐山县：大旱，人相食。——《华北、东北近五百年旱涝史料》第二分册，第29页。,盐山县：大旱，人相食。——《华北、东北近五百年旱涝史料》第二分册，第29页,盐山县：大旱，人相食。——《华北、东北近五百年旱涝史料》第二分册，第29页。,,,盐山县：大旱，人相食。——《华北、东北近五百年旱涝史料》第二分册，第29页。
1614,山东,,章丘县,1614|山东|章丘,明神宗万历四十二年,无,《章邱县志》,无,保留,"v1,v2,v3,v4,v5,v7","v1,v2,v3,v4,v5,v7",6,0.8571,是,,章丘县：秋田颗粒无成，遂成饥，人食树皮，父子相食。——康熙《章邱县志》卷一灾祥,章丘县：秋田颗粒无成，遂成饥，人食树皮，父子相食。——康熙《章邱县志》卷一灾祥,章丘县：秋田颗粒无成，遂成饥，人食树皮，父子相食。——康熙《章邱县志》卷一灾祥,章丘县：秋田颗粒无成，遂成饥，人食树皮，父子相食。——康熙《章邱县志》卷一灾祥,章丘县：秋田颗粒无成，遂成饥，人食树皮，父子相食。——康熙《章邱县志》卷一灾祥,,章丘县：秋田颗粒无成，遂成饥，人食树皮，父子相食。——康熙《章邱县志》卷一灾祥
1614,河北,,盐山县,1614|河北|盐山,明神宗万历四十二年,无,华北、东北近五百年旱涝史料,无,保留,"v5,v6","v5,v6",2,0.2857,是,,,,,,盐山县：大旱，人相食。——《华北、东北近五百年旱涝史料》第二分册，第29页。,盐山县：大旱，人相食。——《华北、东北近五百年旱涝史料》第二分册，第29页。,
1614,山东,,章丘县,1614|山东|章丘,明神宗万历四十二年,无,章邱县志,无,保留,v6,v6,1,0.1429,是,,,,,,,章丘县：秋田颗粒无成，遂成饥，人食树皮，父子相食。——康熙《章邱县志》卷一灾祥,
1615,山东,泰安市,东平县,1615|山东|泰安|东平,明神宗万历四十三年,无,《东平州志》,无,保留,"v1,v2,v3,v4,v5,v7","v1,v2,v3,v4,v5,v7",6,0.8571,是,,东平县：大旱，民饥。流离卖妻鬻子子河南，人相食。——康熙《东平州志》卷六灾祥,东平县：大旱，民饥。流离卖妻鬻子子河南，人相食。——康熙《东平州志》卷六灾祥,东平县：大旱，民饥。流离卖妻鬻子子河南，人相食。——康熙《东平州志》卷六灾祥,东平县：大旱，民饥。流离卖妻鬻子子河南，人相食。——康熙《东平州志》卷六灾祥,东平县：大旱，民饥。流离卖妻鬻子子河南，人相食。——康熙《东平州志》卷六灾祥,,东平县：大旱，民饥。流离卖妻鬻子子河南，人相食。——康熙《东平州志》卷六灾祥
1615,山东,聊城市,冠县,1615|山东|聊城|冠,明神宗万历四十三年,无,《东昌府志》,无,保留,"v1,v2,v3,v4,v5,v7","v1,v2,v3,v4,v5,v7",6,0.8571,是,,冠县：大饥，人相食。——乾隆《东昌府志》卷三总纪,冠县：大饥，人相食。——乾隆《东昌府志》卷三总纪,冠县：大饥，人相食。——乾隆《东昌府志》卷三总纪,冠县：大饥，人相食。——乾隆《东昌府志》卷三总纪,冠县：大饥，人相食。——乾隆《东昌府志》卷三总纪,,冠县：大饥，人相食。——乾隆《东昌府志》卷三总纪
1615,山东,潍坊市,临朐县,1615|山东|潍坊|临朐,明神宗万历四十三年,无,《临朐县志》,无,保留,"v1,v2,v3,v4,v5,v7","v1,v2,v3,v4,v5,v7",6,0.8571,是,,临朐县：夏旱，蝗。秋大饥，父子相食。——光绪《临朐县志》卷十大事表,临朐县：夏旱，蝗。秋大饥，父子相食。——光绪《临朐县志》卷十大事表,临朐县：夏旱，蝗。秋大饥，父子相食。——光绪《临朐县志》卷十大事表,临朐县：夏旱，蝗。秋大饥，父子相食。——光绪《临朐县志》卷十大事表,临朐县：夏旱，蝗。秋大饥，父子相食。——光绪《临朐县志》卷十大事表,,临朐县：夏旱，蝗。秋大饥，父子相食。——光绪《临朐县志》卷十大事表
1615,山东,东营市,广饶县,1615|山东|东营|广饶,明神宗万历四十三年,无,《乐安县续志》,无,保留,"v1,v2,v3,v4,v5,v7","v1,v2,v3,v4,v5,v7",6,0.8571,是,,广饶县：大饥，人相食。——康熙《乐安县续志》卷上纪年,广饶县：大饥，人相食。——康熙《乐安县续志》卷上纪年,广饶县：大饥，人相食。——康熙《乐安县续志》卷上纪年,广饶县：大饥，人相食。——康熙《乐安县续志》卷上纪年,广饶县：大饥，人相食。——康熙《乐安县续志》卷上纪年,,广饶县：大饥，人相食。——康熙《乐安县续志》卷上纪年
1615,山东,东营市,利津县,1615|山东|东营|利津,明神宗万历四十三年,无,《利津县新志》,无,保留,"v1,v2,v3,v4,v5,v7","v1,v2,v3,v4,v5,v7",6,0.8571,是,,利津县：大饥，人相食。——康熙《利津县新志》卷九祥异,利津县：大饥，人相食。——康熙《利津县新志》卷九祥异,利津县：大饥，人相食。——康熙《利津县新志》卷九祥异,利津县：大饥，人相食。——康熙《利津县新志》卷九祥异,利津县：大饥，人相食。——康熙《利津县新志》卷九祥异,,利津县：大饥，人相食。——康熙《利津县新志》卷九祥异
1615,山东,济南市,商河县,1615|山东|济南|商河,明神宗万历四十三年,无,《华北、东北近五百年旱涝史料》,无,保留,"v1,v2,v3,v4,v5,v7","v1,v2,v3,v4,v5,v7",6,0.8571,是,,商河县：大旱，人相食。——《华北、东北近五百年旱涝史料》第三分册，第33页。,商河县：大旱，人相食。——《华北、东北近五百年旱涝史料》第三分册，第33页。,商河县：大旱，人相食。——《华北、东北近五百年旱涝史料》第三分册，第33页。,商河县：大旱，人相食。——《华北、东北近五百年旱涝史料》第三分册，第33页。,商河县：大旱，人相食。——《华北、东北近五百年旱涝史料》第三分册，第33页。,,商河县：大旱，人相食。——《华北、东北近五百年旱涝史料》第三分册，第33页。
1615,山东,滨州市,博兴县,1615|山东|滨|博兴,明神宗万历四十三年,无,《华北、东北近五百年旱涝史料》,无,保留,"v1,v2,v3,v4,v5,v7","v1,v2,v3,v4,v5,v7",6,0.8571,是,,博兴县：大荒，人相食。——《华北、东北近五百年旱涝史料》第三分册，第7页。,博兴县：大荒，人相食。——《华北、东北近五百年旱涝史料》第三分册，第7页。,博兴县：大荒，人相食。——《华北、东北近五百年旱涝史料》第三分册，第7页。,博兴县：大荒，人相食。——《华北、东北近五百年旱涝史料》第三分册，第7页。,博兴县：大荒，人相食。——《华北、东北近五百年旱涝史料》第三分册，第7页。,,博兴县：大荒，人相食。——《华北、东北近五百年旱涝史料》第三分册，第7页。
1615,山东,德州市,平原县,1615|山东|德|平原,明神宗万历四十三年,无,《华北、东北近五百年旱涝史料》,无,保留,"v1,v2,v3,v4,v5,v7","v1,v2,v3,v4,v5,v7",6,0.8571,是,,平原县：春夏大旱蝗，千里如焚，人相食。——《华北、东北近五百年旱涝史料》第三分册，第33页。,平原县：春夏大旱蝗，千里如焚，人相食。——《华北、东北近五百年旱涝史料》第三分册，第33页。,平原县：春夏大旱蝗，千里如焚，人相食。——《华北、东北近五百年旱涝史料》第三分册，第33页。,平原县：春夏大旱蝗，千里如焚，人相食。——《华北、东北近五百年旱涝史料》第三分册，第33页。,平原县：春夏大旱蝗，千里如焚，人相食。——《华北、东北近五百年旱涝史料》第三分册，第33页。,,平原县：春夏大旱蝗，千里如焚，人相食。——《华北、东北近五百年旱涝史料》第三分册，第33页。
1615,山东,青岛市,即墨市,1615|山东|青岛|即墨,明神宗万历四十三年,无,《即墨县志》,无,保留,"v1,v2,v3,v4,v5,v7","v1,v2,v3,v4,v5,v7",6,0.8571,是,,即墨县：大饥，人相食。寻又大疫，尸积如山。——乾隆《即墨县志》卷十一灾祥,即墨县：大饥，人相食。寻又大疫，尸积如山。——乾隆《即墨县志》卷十一灾祥,即墨县：大饥，人相食。寻又大疫，尸积如山。——乾隆《即墨县志》卷十一灾祥,即墨县：大饥，人相食。寻又大疫，尸积如山。——乾隆《即墨县志》卷十一灾祥,即墨县：大饥，人相食。寻又大疫，尸积如山。——乾隆《即墨县志》卷十一灾祥,,即墨县：大饥，人相食。寻又大疫，尸积如山。——乾隆《即墨县志》卷十一灾祥
1615,山东,济南市,历城县,1615|山东|济南|历城,明神宗万历四十三年,无,《历乘》,无,保留,"v1,v2,v3,v4,v5,v7","v1,v2,v3,v4,v5,v7",6,0.8571,是,,历城县：夏六月，大旱，东城楼兽喷烟，三月不雨。岁大饥，父子相食。——崇祯《历乘》卷十三灾祥,历城县：夏六月，大旱，东城楼兽喷烟，三月不雨。岁大饥，父子相食。——崇祯《历乘》卷十三灾祥,历城县：夏六月，大旱，东城楼兽喷烟，三月不雨。岁大饥，父子相食。——崇祯《历乘》卷十三灾祥,历城县：夏六月，大旱，东城楼兽喷烟，三月不雨。岁大饥，父子相食。——崇祯《历乘》卷十三灾祥,历城县：夏六月，大旱，东城楼兽喷烟，三月不雨。岁大饥，父子相食。——崇祯《历乘》卷十三灾祥,,历城县：夏六月，大旱，东城楼兽喷烟，三月不雨。岁大饥，父子相食。——崇祯《历乘》卷十三灾祥
1615,山东,潍坊市,寿光市,1615|山东|潍坊|寿光,明神宗万历四十三年,无,《寿光县志》,无,保留,"v1,v2,v3,v4,v5,v7","v1,v2,v3,v4,v5,v7",6,0.8571,是,,寿光县：旱，蝗。岁大饥，人相食。齐地生齿十去五六。——康熙《寿光县志》卷一总纪,寿光县：旱，蝗。岁大饥，人相食。齐地生齿十去五六。——康熙《寿光县志》卷一总纪,寿光县：旱，蝗。岁大饥，人相食。齐地生齿十去五六。——康熙《寿光县志》卷一总纪,寿光县：旱，蝗。岁大饥，人相食。齐地生齿十去五六。——康熙《寿光县志》卷一总纪,寿光县：旱，蝗。岁大饥，人相食。齐地生齿十去五六。——康熙《寿光县志》卷一总纪,,寿光县：旱，蝗。岁大饥，人相食。齐地生齿十去五六。——康熙《寿光县志》卷一总纪
1615,山东,德州市,平原县,1615|山东|德|平原,明神宗万历四十三年,无,《平远县志》,无,保留,"v1,v2,v3,v4,v5,v7","v1,v2,v3,v4,v5,v7",6,0.8571,是,,平原县：春夏大旱，蝗，千里如焚。民饥，或父子相食。诏留税粮，遣御史过庭训赈之。庭训赈恤有方，全活者重。——乾隆《平远县志》卷九灾祥,平原县：春夏大旱，蝗，千里如焚。民饥，或父子相食。诏留税粮，遣御史过庭训赈之。庭训赈恤有方，全活者重。——乾隆《平远县志》卷九灾祥,平原县：春夏大旱，蝗，千里如焚。民饥，或父子相食。诏留税粮，遣御史过庭训赈之。庭训赈恤有方，全活者重。——乾隆《平远县志》卷九灾祥,平原县：春夏大旱，蝗，千里如焚。民饥，或父子相食。诏留税粮，遣御史过庭训赈之。庭训赈恤有方，全活者重。——乾隆《平远县志》卷九灾祥,平原县：春夏大旱，蝗，千里如焚。民饥，或父子相食。诏留税粮，遣御史过庭训赈之。庭训赈恤有方，全活者重。——乾隆《平远县志》卷九灾祥,,平原县：春夏大旱，蝗，千里如焚。民饥，或父子相食。诏留税粮，遣御史过庭训赈之。庭训赈恤有方，全活者重。——乾隆《平远县志》卷九灾祥
1615,山东,德州市,庆云县,1615|山东|德|庆云,明神宗万历四十三年,无,《庆云县志》,无,保留,"v1,v2,v3,v4,v5,v7","v1,v2,v3,v4,v5,v7",6,0.8571,是,,庆云县：大旱，人相食，群聚为盗。——康熙《庆云县志》卷十一灾祥,庆云县：大旱，人相食，群聚为盗。——康熙《庆云县志》卷十一灾祥,庆云县：大旱，人相食，群聚为盗。——康熙《庆云县志》卷十一灾祥,庆云县：大旱，人相食，群聚为盗。——康熙《庆云县志》卷十一灾祥,庆云县：大旱，人相食，群聚为盗。——康熙《庆云县志》卷十一灾祥,,庆云县：大旱，人相食，群聚为盗。——康熙《庆云县志》卷十一灾祥
1615,山东,烟台市,莱州市,1615|山东|烟台|莱,明神宗万历四十三年,无,《掖县志》,无,保留,"v1,v2,v3,v4,v5,v7","v1,v2,v3,v4,v5,v7",6,0.8571,是,,掖县：春大旱，蝗，是岁大饥，人相食；寻复大疫，死者山积。——乾隆《掖县志》卷五祥异,掖县：春大旱，蝗，是岁大饥，人相食；寻复大疫，死者山积。——乾隆《掖县志》卷五祥异,掖县：春大旱，蝗，是岁大饥，人相食；寻复大疫，死者山积。——乾隆《掖县志》卷五祥异,掖县：春大旱，蝗，是岁大饥，人相食；寻复大疫，死者山积。——乾隆《掖县志》卷五祥异,掖县：春大旱，蝗，是岁大饥，人相食；寻复大疫，死者山积。——乾隆《掖县志》卷五祥异,,掖县：春大旱，蝗，是岁大饥，人相食；寻复大疫，死者山积。——乾隆《掖县志》卷五祥异
1615,山东,新泰市,新泰市,1615|山东|新泰|新泰,明神宗万历四十三年,无,《新泰县志》,无,保留,"v1,v2,v3,v4,v5,v7","v1,v2,v3,v4,v5,v7",6,0.8571,是,,新泰市：大旱，井泉枯竭。八月，陨霜杀菽。冬大饥，人相食，死者相枕藉。——天启《新泰县志》卷八祥异,新泰市：大旱，井泉枯竭。八月，陨霜杀菽。冬大饥，人相食，死者相枕藉。——天启《新泰县志》卷八祥异,新泰市：大旱，井泉枯竭。八月，陨霜杀菽。冬大饥，人相食，死者相枕藉。——天启《新泰县志》卷八祥异,新泰市：大旱，井泉枯竭。八月，陨霜杀菽。冬大饥，人相食，死者相枕藉。——天启《新泰县志》卷八祥异,新泰市：大旱，井泉枯竭。八月，陨霜杀菽。冬大饥，人相食，死者相枕藉。——天启《新泰县志》卷八祥异,,新泰市：大旱，井泉枯竭。八月，陨霜杀菽。冬大饥，人相食，死者相枕藉。——天启《新泰县志》卷八祥异
1615,山东,滨州市,无棣县,1615|山东|滨|无棣,明神宗万历四十三年,无,《无棣县志》,无,保留,"v1,v2,v3,v4,v5,v7","v1,v2,v3,v4,v5,v7",6,0.8571,是,,无棣县：夏大旱，秋八月，陨霜。大饥，人相食，群聚为盗。——民国《无棣县志》卷十六祥异,无棣县：夏大旱，秋八月，陨霜。大饥，人相食，群聚为盗。——民国《无棣县志》卷十六祥异,无棣县：夏大旱，秋八月，陨霜。大饥，人相食，群聚为盗。——民国《无棣县志》卷十六祥异,无棣县：夏大旱，秋八月，陨霜。大饥，人相食，群聚为盗。——民国《无棣县志》卷十六祥异,无棣县：夏大旱，秋八月，陨霜。大饥，人相食，群聚为盗。——民国《无棣县志》卷十六祥异,,无棣县：夏大旱，秋八月，陨霜。大饥，人相食，群聚为盗。——民国《无棣县志》卷十六祥异
1615,山东,日照市,日照市,1615|山东|日照|日照,明神宗万历四十三年,无,《日照县志》,无,保留,"v1,v2,v3,v4,v5,v7","v1,v2,v3,v4,v5,v7",6,0.8571,是,,日照市：大旱，蝗。赤地千里，人相食，子女贩若牛羊，死者枕藉于野。——康熙《日照县志》卷一纪异,日照市：大旱，蝗。赤地千里，人相食，子女贩若牛羊，死者枕藉于野。——康熙《日照县志》卷一纪异,日照市：大旱，蝗。赤地千里，人相食，子女贩若牛羊，死者枕藉于野。——康熙《日照县志》卷一纪异,日照市：大旱，蝗。赤地千里，人相食，子女贩若牛羊，死者枕藉于野。——康熙《日照县志》卷一纪异,日照市：大旱，蝗。赤地千里，人相食，子女贩若牛羊，死者枕藉于野。——康熙《日照县志》卷一纪异,,日照市：大旱，蝗。赤地千里，人相食，子女贩若牛羊，死者枕藉于野。——康熙《日照县志》卷一纪异
1615,山东,潍坊市,昌乐县,1615|山东|潍坊|昌乐,明神宗万历四十三年,无,《昌乐县志》,无,保留,"v1,v2,v3,v4,v5,v7","v1,v2,v3,v4,v5,v7",6,0.8571,是,,昌乐县：夏旱，蝗。大饥，人相食。遣使赈荒。——嘉庆《昌乐县志》卷一总纪,昌乐县：夏旱，蝗。大饥，人相食。遣使赈荒。——嘉庆《昌乐县志》卷一总纪,昌乐县：夏旱，蝗。大饥，人相食。遣使赈荒。——嘉庆《昌乐县志》卷一总纪,昌乐县：夏旱，蝗。大饥，人相食。遣使赈荒。——嘉庆《昌乐县志》卷一总纪,昌乐县：夏旱，蝗。大饥，人相食。遣使赈荒。——嘉庆《昌乐县志》卷一总纪,,昌乐县：夏旱，蝗。大饥，人相食。遣使赈荒。——嘉庆《昌乐县志》卷一总纪
1615,山东,潍坊市,昌邑市,1615|山东|潍坊|昌邑,明神宗万历四十三年,无,《昌邑县志》,无,保留,"v1,v3,v4,v5,v7","v1,v3,v4,v5,v7",5,0.7143,是,,昌邑县：蝗，旱。至四十四年春大饥，人民相食，妇女南贩以千万计，名曰'贩梢'。途劫杀伤之横，亘古未见。——康熙《昌邑县志》卷一祥异,,昌邑县：蝗，旱。至四十四年春大饥，人民相食，妇女南贩以千万计，名曰'贩梢'。途劫杀伤之横，亘古未见。——康熙《昌邑县志》卷一祥异,昌邑县：蝗，旱。至四十四年春大饥，人民相食，妇女南贩以千万计，名曰'贩梢'。途劫杀伤之横，亘古未见。——康熙《昌邑县志》卷一祥异,昌邑县：蝗，旱。至四十四年春大饥，人民相食，妇女南贩以千万计，名曰'贩梢'。途劫杀伤之横，亘古未见。——康熙《昌邑县志》卷一祥异,,昌邑县：蝗，旱。至四十四年春大饥，人民相食，妇女南贩以千万计，名曰'贩梢'。途劫杀伤之横，亘古未见。——康熙《昌邑县志》卷一祥异
1615,山东,德州市,武城县,1615|山东|德|武城,明神宗万历四十三年,无,《武城县志》,无,保留,"v1,v2,v3,v4,v5,v7","v1,v2,v3,v4,v5,v7",6,0.8571,是,,武城县：大饥，人相食。——乾隆《武城县志》卷十二祥异,武城县：大饥，人相食。——乾隆《武城县志》卷十二祥异,武城县：大饥，人相食。——乾隆《武城县志》卷十二祥异,武城县：大饥，人相食。——乾隆《武城县志》卷十二祥异,武城县：大饥，人相食。——乾隆《武城县志》卷十二祥异,,武城县：大饥，人相食。——乾隆《武城县志》卷十二祥异
1615,山东,临沂市,临沂市,1615|山东|临沂|临沂,明神宗万历四十三年,无,《沂州志》,无,保留,"v1,v2,v3,v4,v5,v7","v1,v2,v3,v4,v5,v7",6,0.8571,是,,临沂市：大饥，人民相食，流离载道，饿死者不可胜计。——康熙《沂州志》卷一灾异,临沂市：大饥，人民相食，流离载道，饿死者不可胜计。——康熙《沂州志》卷一灾异,临沂市：大饥，人民相食，流离载道，饿死者不可胜计。——康熙《沂州志》卷一灾异,临沂市：大饥，人民相食，流离载道，饿死者不可胜计。——康熙《沂州志》卷一灾异,临沂市：大饥，人民相食，流离载道，饿死者不可胜计。——康熙《沂州志》卷一灾异,,临沂市：大饥，人民相食，流离载道，饿死者不可胜计。——康熙《沂州志》卷一灾异
1615,山东,临沂市,沂水县,1615|山东|临沂|沂水,明神宗万历四十三年,无,《沂水县志》,无,保留,"v1,v2,v3,v4,v5,v7","v1,v2,v3,v4,v5,v7",6,0.8571,是,,沂水县：大饥，人相食，村落皆空。——康熙《沂水县志》卷五灾祥,沂水县：大饥，人相食，村落皆空。——康熙《沂水县志》卷五灾祥,沂水县：大饥，人相食，村落皆空。——康熙《沂水县志》卷五灾祥,沂水县：大饥，人相食，村落皆空。——康熙《沂水县志》卷五灾祥,沂水县：大饥，人相食，村落皆空。——康熙《沂水县志》卷五灾祥,,沂水县：大饥，人相食，村落皆空。——康熙《沂水县志》卷五灾祥
1615,江苏,宿迁市,沐阳县,1615|江苏|宿迁|沐阳,明神宗万历四十三年,无,《沐阳县志》,无,保留,"v1,v2,v3,v4,v5,v7","v1,v2,v3,v4,v5,v7",6,0.8571,是,,沐阳县：春冰雹，杀禾，夏蝗。秋不雨，人相食，多瘟疫。——康熙《沐阳县志》卷一灾异,沐阳县：春冰雹，杀禾，夏蝗。秋不雨，人相食，多瘟疫。——康熙《沐阳县志》卷一灾异,沐阳县：春冰雹，杀禾，夏蝗。秋不雨，人相食，多瘟疫。——康熙《沐阳县志》卷一灾异,沐阳县：春冰雹，杀禾，夏蝗。秋不雨，人相食，多瘟疫。——康熙《沐阳县志》卷一灾异,沐阳县：春冰雹，杀禾，夏蝗。秋不雨，人相食，多瘟疫。——康熙《沐阳县志》卷一灾异,,沐阳县：春冰雹，杀禾，夏蝗。秋不雨，人相食，多瘟疫。——康熙《沐阳县志》卷一灾异
1615,山东,滨州市,沾化县,1615|山东|滨|沾化,明神宗万历四十三年,无,《沾化县志》,无,保留,"v1,v2,v3,v4,v5,v7","v1,v2,v3,v4,v5,v7",6,0.8571,是,,沾化县：是年，邑大旱，人相食，邻邑皆大饥。——民国《沾化县志》卷七大事纪,沾化县：是年，邑大旱，人相食，邻邑皆大饥。——民国《沾化县志》卷七大事纪,沾化县：是年，邑大旱，人相食，邻邑皆大饥。——民国《沾化县志》卷七大事纪,沾化县：是年，邑大旱，人相食，邻邑皆大饥。——民国《沾化县志》卷七大事纪,沾化县：是年，邑大旱，人相食，邻邑皆大饥。——民国《沾化县志》卷七大事纪,,沾化县：是年，邑大旱，人相食，邻邑皆大饥。——民国《沾化县志》卷七大事纪
1615,山东,济宁市,泗水县,1615|山东|济宁|泗水,明神宗万历四十三年,无,《泗水县志》,无,保留,"v1,v2,v3,v4,v5,v7","v1,v2,v3,v4,v5,v7",6,0.8571,是,,泗水县：大饥，人相食。——顺治《泗水县志》卷十一灾祥,泗水县：大饥，人相食。——顺治《泗水县志》卷十一灾祥,泗水县：大饥，人相食。——顺治《泗水县志》卷十一灾祥,泗水县：大饥，人相食。——顺治《泗水县志》卷十一灾祥,泗水县：大饥，人相食。——顺治《泗水县志》卷十一灾祥,,泗水县：大饥，人相食。——顺治《泗水县志》卷十一灾祥
1615,山东,淄博市,淄博市,1615|山东|淄博|淄博,明神宗万历四十三年,无,《淄博县志》,无,保留,"v1,v2,v3,v4,v5,v7","v1,v2,v3,v4,v5,v7",6,0.8571,是,,淄博市：大饥，人相食。御史过庭训奉朝命来淄赈济。——康熙二十四年《淄博县志》卷一灾祥,淄博市：大饥，人相食。御史过庭训奉朝命来淄赈济。——康熙二十四年《淄博县志》卷一灾祥,淄博市：大饥，人相食。御史过庭训奉朝命来淄赈济。——康熙二十四年《淄博县志》卷一灾祥,淄博市：大饥，人相食。御史过庭训奉朝命来淄赈济。——康熙二十四年《淄博县志》卷一灾祥,淄博市：大饥，人相食。御史过庭训奉朝命来淄赈济。——康熙二十四年《淄博县志》卷一灾祥,,淄博市：大饥，人相食。御史过庭训奉朝命来淄赈济。——康熙二十四年《淄博县志》卷一灾祥
1615,山东,济宁市,兖州市,1615|山东|济宁|兖,明神宗万历四十三年,无,《滋阳县志》,无,保留,"v1,v3,v4,v5,v7","v1,v3,v4,v5,v7",5,0.7143,是,,兖州县：大旱，经年不雨。大饥，人民相食。——康熙《滋阳县志》卷二灾异,,兖州县：大旱，经年不雨。大饥，人民相食。——康熙《滋阳县志》卷二灾异,兖州县：大旱，经年不雨。大饥，人民相食。——康熙《滋阳县志》卷二灾异,兖州县：大旱，经年不雨。大饥，人民相食。——康熙《滋阳县志》卷二灾异,,兖州县：大旱，经年不雨。大饥，人民相食。——康熙《滋阳县志》卷二灾异
1615,山东,济宁市,兖州县,1615|山东|济宁|兖,明神宗万历四十三年,滋阳,《滋阳县志》,滋阳为古代地名，原文滋阳县即今济宁市兖州区,保留,v2,v2,1,0.1429,是,,,兖州县：大旱，经年不雨。大饥，人民相食。——康熙《滋阳县志》卷二灾祥,,,,,
1615,山东,滨州市,滨州市,1615|山东|滨|滨,明神宗万历四十三年,无,《滨州志》,无,保留,"v1,v2,v3,v4,v5,v7","v1,v2,v3,v4,v5,v7",6,0.8571,是,,滨县：旱。秋八月，腊。岁大饥，人相食。——康熙《滨州志》卷八事纪,滨县：旱。秋八月，腊。岁大饥，人相食。——康熙《滨州志》卷八事纪,滨县：旱。秋八月，腊。岁大饥，人相食。——康熙《滨州志》卷八事纪,滨县：旱。秋八月，腊。岁大饥，人相食。——康熙《滨州志》卷八事纪,滨县：旱。秋八月，腊。岁大饥，人相食。——康熙《滨州志》卷八事纪,,滨县：旱。秋八月，腊。岁大饥，人相食。——康熙《滨州志》卷八事纪
1615,山东,潍坊市,潍坊市,1615|山东|潍坊|潍坊,明神宗万历四十三年,无,《潍县志》,无,保留,"v1,v2,v3,v4,v5,v7","v1,v2,v3,v4,v5,v7",6,0.8571,是,,潍坊市：大饥，人相食，妇女南贩以万计。——乾隆《潍县志》卷六祥异,潍坊市：大饥，人相食，妇女南贩以万计。——乾隆《潍县志》卷六祥异,潍坊市：大饥，人相食，妇女南贩以万计。——乾隆《潍县志》卷六祥异,潍坊市：大饥，人相食，妇女南贩以万计。——乾隆《潍县志》卷六祥异,潍坊市：大饥，人相食，妇女南贩以万计。——乾隆《潍县志》卷六祥异,,潍坊市：大饥，人相食，妇女南贩以万计。——乾隆《潍县志》卷六祥异
1615,陕西,渭南市,澄城县,1615|陕西|渭南|澄城,明神宗万历四十三年,无,《澄城县志》,无,保留,"v1,v5","v1,v5",2,0.2857,是,,澄城县：大饥，人相食。——《澄城县志》咸丰元年，转引自《西北灾荒史》第1625页。,,,,澄城县：大饥，人相食。——《澄城县志》咸丰元年，转引自《西北灾荒史》第1625页。,,
1615,陕西,渭南市,澄城县,1615|陕西|渭南|澄城,明神宗万历四十三年,无,《澄城县志》转引《西北灾荒史》,无,需进一步分析,"v2,v4,v7","v2,v4,v7",3,0.4286,否,"同类 record 存在于 v1,v2,v3,v4,v5,v6,v7；本条仅存在于 v2,v4,v7；占比 42.9%",,澄城县：大饥，人相食。——《澄城县志》咸丰元年，转引自《西北灾荒史》第1625页。,,澄城县：大饥，人相食。——《澄城县志》咸丰元年，转引自《西北灾荒史》第1625页。,,,澄城县：大饥，人相食。——《澄城县志》咸丰元年，转引自《西北灾荒史》第1625页。
1615,山东,德州市,禹城县,1615|山东|德|禹城,明神宗万历四十三年,无,《禹城县志》,无,保留,v2,v2,1,0.1429,是,,,禹城县：大旱，赤地千里，人相食。——嘉庆《禹城县志》卷十一灾异,,,,,
1615,山东,德州市,禹城市,1615|山东|德|禹城,明神宗万历四十三年,无,《禹城县志》,无,保留,"v1,v3,v4,v5,v7","v1,v3,v4,v5,v7",5,0.7143,是,,禹城县：大旱，赤地千里，人相食。——嘉庆《禹城县志》卷十一灾祥,,禹城县：大旱，赤地千里，人相食。——嘉庆《禹城县志》卷十一灾祥,禹城县：大旱，赤地千里，人相食。——嘉庆《禹城县志》卷十一灾祥,禹城县：大旱，赤地千里，人相食。——嘉庆《禹城县志》卷十一灾祥,,禹城县：大旱，赤地千里，人相食。——嘉庆《禹城县志》卷十一灾祥
1615,山东,济南市,章丘市,1615|山东|济南|章丘,明神宗万历四十三年,无,《章丘县志》,无,保留,"v1,v2,v3,v4,v5,v7","v1,v2,v3,v4,v5,v7",6,0.8571,是,,章丘县：大饥，人相食。——乾隆《章丘县志》卷五祥异,章丘县：大饥，人相食。——乾隆《章丘县志》卷五祥异,章丘县：大饥，人相食。——乾隆《章丘县志》卷五祥异,章丘县：大饥，人相食。——乾隆《章丘县志》卷五祥异,章丘县：大饥，人相食。——乾隆《章丘县志》卷五祥异,,章丘县：大饥，人相食。——乾隆《章丘县志》卷五祥异
1615,山东,潍坊市,安丘市,1615|山东|潍坊|安丘,明神宗万历四十三年,无,《续安邱县志》,无,保留,"v1,v3,v4,v5,v7","v1,v3,v4,v5,v7",5,0.7143,是,,安丘县：夏旱，蝗。秋大饥，栗价涌贵，民刮木皮和糠秕而食，林木为之一尽，饿死者道相枕藉，乃有割尸肉而食者。——康熙《续安邱县志》卷一总纪,,安丘县：夏旱，蝗。秋大饥，栗价涌贵，民刮木皮和糠秕而食，林木为之一尽，饿死者道相枕藉，乃有割尸肉而食者。——康熙《续安邱县志》卷一总纪,安丘县：夏旱，蝗。秋大饥，栗价涌贵，民刮木皮和糠秕而食，林木为之一尽，饿死者道相枕藉，乃有割尸肉而食者。——康熙《续安邱县志》卷一总纪,安丘县：夏旱，蝗。秋大饥，栗价涌贵，民刮木皮和糠秕而食，林木为之一尽，饿死者道相枕藉，乃有割尸肉而食者。——康熙《续安邱县志》卷一总纪,,安丘县：夏旱，蝗。秋大饥，栗价涌贵，民刮木皮和糠秕而食，林木为之一尽，饿死者道相枕藉，乃有割尸肉而食者。——康熙《续安邱县志》卷一总纪
1615,山东,泰安市,肥城市,1615|山东|泰安|肥城,明神宗万历四十三年,无,《肥城县志书》,无,保留,"v1,v2,v3,v4,v5,v7","v1,v2,v3,v4,v5,v7",6,0.8571,是,,肥城县：四十二年至四十五年，三年旱蝗相连，人民相食，死者枕藉。——康熙《肥城县志书》卷下,肥城县：四十二年至四十五年，三年旱蝗相连，人民相食，死者枕藉。——康熙《肥城县志书》卷下,肥城县：四十二年至四十五年，三年旱蝗相连，人民相食，死者枕藉。——康熙《肥城县志书》卷下,肥城县：四十二年至四十五年，三年旱蝗相连，人民相食，死者枕藉。——康熙《肥城县志书》卷下,肥城县：四十二年至四十五年，三年旱蝗相连，人民相食，死者枕藉。——康熙《肥城县志书》卷下,,肥城县：四十二年至四十五年，三年旱蝗相连，人民相食，死者枕藉。——康熙《肥城县志书》卷下
1615,山东,青岛市,胶州市,1615|山东|青岛|胶,明神宗万历四十三年,无,《胶州志》,无,保留,"v1,v2,v3,v4,v5,v7","v1,v2,v3,v4,v5,v7",6,0.8571,是,,胶县：夏大旱，有蝗，蚜鲂复起。禾稼尽，饥民相食。——康熙《胶州志》卷六灾祥,胶县：夏大旱，有蝗，蚜鲂复起。禾稼尽，饥民相食。——康熙《胶州志》卷六灾祥,胶县：夏大旱，有蝗，蚜鲂复起。禾稼尽，饥民相食。——康熙《胶州志》卷六灾祥,胶县：夏大旱，有蝗，蚜鲂复起。禾稼尽，饥民相食。——康熙《胶州志》卷六灾祥,胶县：夏大旱，有蝗，蚜鲂复起。禾稼尽，饥民相食。——康熙《胶州志》卷六灾祥,,胶县：夏大旱，有蝗，蚜鲂复起。禾稼尽，饥民相食。——康熙《胶州志》卷六灾祥
1615,陕西,渭南,澄城县,1615|陕西|渭南|澄城,明神宗万历四十三年,无,《西北灾荒史》转引《澄城县志》,无,需进一步分析,v3,v3,1,0.1429,否,"同类 record 存在于 v1,v2,v3,v4,v5,v6,v7；本条仅存在于 v3；占比 14.3%",,,澄城县：大饥，人相食。——《澄城县志》咸丰元年，转引自《西北灾荒史》第1625页。,,,,
1615,山东,潍坊市,诸城市,1615|山东|潍坊|诸城,明神宗万历四十三年,无,《诸城县志》,无,保留,"v1,v2,v3,v4,v5,v7","v1,v2,v3,v4,v5,v7",6,0.8571,是,,诸城县：大旱，蝗。大饥，人相食，鬻子女，至有人市。——乾隆《诸城县志》卷二总纪,诸城县：大旱，蝗。大饥，人相食，鬻子女，至有人市。——乾隆《诸城县志》卷二总纪,诸城县：大旱，蝗。大饥，人相食，鬻子女，至有人市。——乾隆《诸城县志》卷二总纪,诸城县：大旱，蝗。大饥，人相食，鬻子女，至有人市。——乾隆《诸城县志》卷二总纪,诸城县：大旱，蝗。大饥，人相食，鬻子女，至有人市。——乾隆《诸城县志》卷二总纪,,诸城县：大旱，蝗。大饥，人相食，鬻子女，至有人市。——乾隆《诸城县志》卷二总纪
1615,河北,迁安市,迁安县,1615|河北|迁安|迁安,明神宗万历四十三年,无,《迁安县志》,无,保留,"v1,v2,v3,v4,v5,v7","v1,v2,v3,v4,v5,v7",6,0.8571,是,,迁安县：春正月不雨，至于是七月。大荒，饥。人民结党抢掠，人相食。诏发仓赈济，劝富户输粟助赈。——康熙十八年《迁安县志》卷七灾祥,迁安县：春正月不雨，至于是七月。大荒，饥。人民结党抢掠，人相食。诏发仓赈济，劝富户输粟助赈。——康熙十八年《迁安县志》卷七灾祥,迁安县：春正月不雨，至于是七月。大荒，饥。人民结党抢掠，人相食。诏发仓赈济，劝富户输粟助赈。——康熙十八年《迁安县志》卷七灾祥,迁安县：春正月不雨，至于是七月。大荒，饥。人民结党抢掠，人相食。诏发仓赈济，劝富户输粟助赈。——康熙十八年《迁安县志》卷七灾祥,迁安县：春正月不雨，至于是七月。大荒，饥。人民结党抢掠，人相食。诏发仓赈济，劝富户输粟助赈。——康熙十八年《迁安县志》卷七灾祥,,迁安县：春正月不雨，至于是七月。大荒，饥。人民结党抢掠，人相食。诏发仓赈济，劝富户输粟助赈。——康熙十八年《迁安县志》卷七灾祥
1615,山东,临沂市,郯城县,1615|山东|临沂|郯城,明神宗万历四十三年,无,《郯城县志》,无,保留,"v1,v2,v3,v4,v5,v7","v1,v2,v3,v4,v5,v7",6,0.8571,是,,郯城县：蝗蝻遍野，禾稼一空，遂成大饥，人相食，父子、夫妻、兄弟不相保聚，或数十文钱即鬻其妻，一二饑即鬻其子。流亡载道，非常之灾。——康熙《郯城县志》卷九灾祥,郯城县：蝗蝻遍野，禾稼一空，遂成大饥，人相食，父子、夫妻、兄弟不相保聚，或数十文钱即鬻其妻，一二饑即鬻其子。流亡载道，非常之灾。——康熙《郯城县志》卷九灾祥,郯城县：蝗蝻遍野，禾稼一空，遂成大饥，人相食，父子、夫妻、兄弟不相保聚，或数十文钱即鬻其妻，一二饑即鬻其子。流亡载道，非常之灾。——康熙《郯城县志》卷九灾祥,郯城县：蝗蝻遍野，禾稼一空，遂成大饥，人相食，父子、夫妻、兄弟不相保聚，或数十文钱即鬻其妻，一二饑即鬻其子。流亡载道，非常之灾。——康熙《郯城县志》卷九灾祥,郯城县：蝗蝻遍野，禾稼一空，遂成大饥，人相食，父子、夫妻、兄弟不相保聚，或数十文钱即鬻其妻，一二饑即鬻其子。流亡载道，非常之灾。——康熙《郯城县志》卷九灾祥,,郯城县：蝗蝻遍野，禾稼一空，遂成大饥，人相食，父子、夫妻、兄弟不相保聚，或数十文钱即鬻其妻，一二饑即鬻其子。流亡载道，非常之灾。——康熙《郯城县志》卷九灾祥
1615,山东,青岛市,平度市,1615|山东|青岛|平度,明神宗万历四十三年,无,《重修平度州志》,无,保留,"v1,v2,v3,v4,v5,v7","v1,v2,v3,v4,v5,v7",6,0.8571,是,,平度县：大疫，饥，至人相食。——道光《重修平度州志》卷二十六大事,平度县：大疫，饥，至人相食。——道光《重修平度州志》卷二十六大事,平度县：大疫，饥，至人相食。——道光《重修平度州志》卷二十六大事,平度县：大疫，饥，至人相食。——道光《重修平度州志》卷二十六大事,平度县：大疫，饥，至人相食。——道光《重修平度州志》卷二十六大事,,平度县：大疫，饥，至人相食。——道光《重修平度州志》卷二十六大事
1615,江苏,连云港市,赣榆县,1615|江苏|连云港|赣榆,明神宗万历四十三年,无,《重修赣榆县志》,无,保留,"v1,v3,v4,v5,v7","v1,v3,v4,v5,v7",5,0.7143,是,,赣榆县：大旱，蝗。七月不雨，人相食。山东捎贩子女日数百车，攘夺相杀，道殛如山。——康熙《重修赣榆县志》卷四纪灾,,赣榆县：大旱，蝗。七月不雨，人相食。山东捎贩子女日数百车，攘夺相杀，道殛如山。——康熙《重修赣榆县志》卷四纪灾,赣榆县：大旱，蝗。七月不雨，人相食。山东捎贩子女日数百车，攘夺相杀，道殛如山。——康熙《重修赣榆县志》卷四纪灾,赣榆县：大旱，蝗。七月不雨，人相食。山东捎贩子女日数百车，攘夺相杀，道殛如山。——康熙《重修赣榆县志》卷四纪灾,,赣榆县：大旱，蝗。七月不雨，人相食。山东捎贩子女日数百车，攘夺相杀，道殛如山。——康熙《重修赣榆县志》卷四纪灾
1615,江苏,连云港市,赣榆县,1615|江苏|连云港|赣榆,明神宗万历四十三年,无,《重修赣榆县志》,无,保留,v2,v2,1,0.1429,是,,,赣榆县：大旱，蝗。七月不雨，人相食。山东捎贩子女日数百车，攘夺相杀，道殣如山。——康熙《重修赣榆县志》卷四纪灾,,,,,
1615,山东,青州市,青州市,1615|山东|青|青,明神宗万历四十三年,无,《青州府志》,无,保留,"v1,v2,v3,v4,v5,v7","v1,v2,v3,v4,v5,v7",6,0.8571,是,,青州市：青州大饥，人相食。自四月不雨，黍、谷、豆俱无。至八九月间，蝗台南地，食麦苗又尽，于是粟价涌贵，盗贼蜂起。——康熙十五年《青州府志》卷二十灾异,青州市：青州大饥，人相食。自四月不雨，黍、谷、豆俱无。至八九月间，蝗台南地，食麦苗又尽，于是粟价涌贵，盗贼蜂起。——康熙十五年《青州府志》卷二十灾异,青州市：青州大饥，人相食。自四月不雨，黍、谷、豆俱无。至八九月间，蝗台南地，食麦苗又尽，于是粟价涌贵，盗贼蜂起。——康熙十五年《青州府志》卷二十灾异,青州市：青州大饥，人相食。自四月不雨，黍、谷、豆俱无。至八九月间，蝗台南地，食麦苗又尽，于是粟价涌贵，盗贼蜂起。——康熙十五年《青州府志》卷二十灾异,青州市：青州大饥，人相食。自四月不雨，黍、谷、豆俱无。至八九月间，蝗台南地，食麦苗又尽，于是粟价涌贵，盗贼蜂起。——康熙十五年《青州府志》卷二十灾异,,青州市：青州大饥，人相食。自四月不雨，黍、谷、豆俱无。至八九月间，蝗台南地，食麦苗又尽，于是粟价涌贵，盗贼蜂起。——康熙十五年《青州府志》卷二十灾异
1615,山东,青岛市,高密市,1615|山东|青岛|高密,明神宗万历四十三年,无,《高密县志》,无,保留,"v1,v2,v3,v4,v5,v7","v1,v2,v3,v4,v5,v7",6,0.8571,是,,高密县：旱，蝗。饥，至人相食。——乾隆《高密县志》卷十纪事,高密县：旱，蝗。饥，至人相食。——乾隆《高密县志》卷十纪事,高密县：旱，蝗。饥，至人相食。——乾隆《高密县志》卷十纪事,高密县：旱，蝗。饥，至人相食。——乾隆《高密县志》卷十纪事,高密县：旱，蝗。饥，至人相食。——乾隆《高密县志》卷十纪事,,高密县：旱，蝗。饥，至人相食。——乾隆《高密县志》卷十纪事
1615,山东,德州市,齐河县,1615|山东|德|齐河,明神宗万历四十三年,无,《齐河县志》,无,保留,"v1,v2,v3,v4,v5,v7","v1,v2,v3,v4,v5,v7",6,0.8571,是,,齐河县：夏大旱，饥，人相食。遣御史过庭训赈之。——康熙《齐河县志》卷六灾祥,齐河县：夏大旱，饥，人相食。遣御史过庭训赈之。——康熙《齐河县志》卷六灾祥,齐河县：夏大旱，饥，人相食。遣御史过庭训赈之。——康熙《齐河县志》卷六灾祥,齐河县：夏大旱，饥，人相食。遣御史过庭训赈之。——康熙《齐河县志》卷六灾祥,齐河县：夏大旱，饥，人相食。遣御史过庭训赈之。——康熙《齐河县志》卷六灾祥,,齐河县：夏大旱，饥，人相食。遣御史过庭训赈之。——康熙《齐河县志》卷六灾祥
1615,山东,,东平县,1615|山东|东平,明神宗万历四十三年,无,东平州志,无,保留,v6,v6,1,0.1429,是,,,,,,,东平县：大旱，民饥。流离卖妻鬻子子河南，人相食。——康熙《东平州志》卷六灾祥,
1615,山东,,冠县,1615|山东|冠,明神宗万历四十三年,无,东昌府志,无,保留,v6,v6,1,0.1429,是,,,,,,,冠县：大饥，人相食。——乾隆《东昌府志》卷三总纪,
1615,山东,,临朐县,1615|山东|临朐,明神宗万历四十三年,无,临朐县志,无,保留,v6,v6,1,0.1429,是,,,,,,,临朐县：夏旱，蝗。秋大饥，父子相食。——光绪《临朐县志》卷十大事表,
1615,山东,,广饶县,1615|山东|广饶,明神宗万历四十三年,无,乐安县续志,无,保留,v6,v6,1,0.1429,是,,,,,,,广饶县：大饥，人相食。——康熙《乐安县续志》卷上纪年,
1615,山东,,利津县,1615|山东|利津,明神宗万历四十三年,无,利津县新志,无,保留,v6,v6,1,0.1429,是,,,,,,,利津县：大饥，人相食。——康熙《利津县新志》卷九祥异,
1615,山东,,商河县,1615|山东|商河,明神宗万历四十三年,无,华北、东北近五百年旱涝史料,无,保留,v6,v6,1,0.1429,是,,,,,,,商河县：大旱，人相食。——《华北、东北近五百年旱涝史料》第三分册，第33页。,
1615,山东,,博兴县,1615|山东|博兴,明神宗万历四十三年,无,华北、东北近五百年旱涝史料,无,保留,v6,v6,1,0.1429,是,,,,,,,博兴县：大荒，人相食。——《华北、东北近五百年旱涝史料》第三分册，第7页。,
1615,山东,,平原县,1615|山东|平原,明神宗万历四十三年,无,华北、东北近五百年旱涝史料,无,保留,v6,v6,1,0.1429,是,,,,,,,平原县：春夏大旱蝗，千里如焚，人相食。——《华北、东北近五百年旱涝史料》第三分册，第33页。,
1615,山东,,即墨县,1615|山东|即墨,明神宗万历四十三年,无,即墨县志,无,保留,v6,v6,1,0.1429,是,,,,,,,即墨县：大饥，人相食。寻又大疫，尸积如山。——乾隆《即墨县志》卷十一灾祥,
1615,山东,,历城县,1615|山东|历城,明神宗万历四十三年,无,历乘,无,保留,v6,v6,1,0.1429,是,,,,,,,历城县：夏六月，大旱，东城楼兽喷烟，三月不雨。岁大饥，父子相食。——崇祯《历乘》卷十三灾祥,
1615,山东,,寿光县,1615|山东|寿光,明神宗万历四十三年,无,寿光县志,无,保留,v6,v6,1,0.1429,是,,,,,,,寿光县：旱，蝗。岁大饥，人相食。齐地生齿十去五六。——康熙《寿光县志》卷一总纪,
1615,山东,,平原县,1615|山东|平原,明神宗万历四十三年,无,平远县志,无,保留,v6,v6,1,0.1429,是,,,,,,,平原县：春夏大旱，蝗，千里如焚。民饥，或父子相食。诏留税粮，遣御史过庭训赈之。庭训赈恤有方，全活者重。——乾隆《平远县志》卷九灾祥,
1615,山东,,庆云县,1615|山东|庆云,明神宗万历四十三年,无,庆云县志,无,保留,v6,v6,1,0.1429,是,,,,,,,庆云县：大旱，人相食，群聚为盗。——康熙《庆云县志》卷十一灾祥,
1615,山东,,掖县,1615|山东|掖,明神宗万历四十三年,无,掖县志,无,保留,v6,v6,1,0.1429,是,,,,,,,掖县：春大旱，蝗，是岁大饥，人相食；寻复大疫，死者山积。——乾隆《掖县志》卷五祥异,
1615,山东,,新泰市,1615|山东|新泰,明神宗万历四十三年,无,新泰县志,无,保留,v6,v6,1,0.1429,是,,,,,,,新泰市：大旱，井泉枯竭。八月，陨霜杀菽。冬大饥，人相食，死者相枕藉。——天启《新泰县志》卷八祥异,
1615,山东,,无棣县,1615|山东|无棣,明神宗万历四十三年,无,无棣县志,无,保留,v6,v6,1,0.1429,是,,,,,,,无棣县：夏大旱，秋八月，陨霜。大饥，人相食，群聚为盗。——民国《无棣县志》卷十六祥异,
1615,山东,,日照市,1615|山东|日照,明神宗万历四十三年,无,日照县志,无,保留,v6,v6,1,0.1429,是,,,,,,,日照市：大旱，蝗。赤地千里，人相食，子女贩若牛羊，死者枕藉于野。——康熙《日照县志》卷一纪异,
1615,山东,,昌乐县,1615|山东|昌乐,明神宗万历四十三年,无,昌乐县志,无,保留,v6,v6,1,0.1429,是,,,,,,,昌乐县：夏旱，蝗。大饥，人相食。遣使赈荒。——嘉庆《昌乐县志》卷一总纪,
1615,山东,,昌邑县,1615|山东|昌邑,明神宗万历四十三年,无,昌邑县志,无,保留,v6,v6,1,0.1429,是,,,,,,,昌邑县：蝗，旱。至四十四年春大饥，人民相食，妇女南贩以千万计，名曰'贩梢'。途劫杀伤之横，亘古未见。——康熙《昌邑县志》卷一祥异,
1615,山东,,武城县,1615|山东|武城,明神宗万历四十三年,无,武城县志,无,保留,v6,v6,1,0.1429,是,,,,,,,武城县：大饥，人相食。——乾隆《武城县志》卷十二祥异,
1615,山东,,临沂市,1615|山东|临沂,明神宗万历四十三年,无,沂州志,无,保留,v6,v6,1,0.1429,是,,,,,,,临沂市：大饥，人民相食，流离载道，饿死者不可胜计。——康熙《沂州志》卷一灾异,
1615,山东,,沂水县,1615|山东|沂水,明神宗万历四十三年,无,沂水县志,无,保留,v6,v6,1,0.1429,是,,,,,,,沂水县：大饥，人相食，村落皆空。——康熙《沂水县志》卷五灾祥,
1615,江苏,,沐阳县,1615|江苏|沐阳,明神宗万历四十三年,无,沐阳县志,无,保留,v6,v6,1,0.1429,是,,,,,,,沐阳县：春冰雹，杀禾，夏蝗。秋不雨，人相食，多瘟疫。——康熙《沐阳县志》卷一灾异,
1615,山东,,沾化县,1615|山东|沾化,明神宗万历四十三年,无,沾化县志,无,保留,v6,v6,1,0.1429,是,,,,,,,沾化县：是年，邑大旱，人相食，邻邑皆大饥。——民国《沾化县志》卷七大事纪,
1615,山东,,泗水县,1615|山东|泗水,明神宗万历四十三年,无,泗水县志,无,保留,v6,v6,1,0.1429,是,,,,,,,泗水县：大饥，人相食。——顺治《泗水县志》卷十一灾祥,
1615,山东,,淄博市,1615|山东|淄博,明神宗万历四十三年,无,淄博县志,无,保留,v6,v6,1,0.1429,是,,,,,,,淄博市：大饥，人相食。御史过庭训奉朝命来淄赈济。——康熙二十四年《淄博县志》卷一灾祥,
1615,山东,,滋阳县,1615|山东|滋阳,明神宗万历四十三年,无,滋阳县志,无,保留,v6,v6,1,0.1429,是,,,,,,,兖州县：大旱，经年不雨。大饥，人民相食。——康熙《滋阳县志》卷二灾异,
1615,山东,,滨县,1615|山东|滨,明神宗万历四十三年,无,滨州志,无,保留,v6,v6,1,0.1429,是,,,,,,,滨县：旱。秋八月，腊。岁大饥，人相食。——康熙《滨州志》卷八事纪,
1615,山东,,潍坊市,1615|山东|潍坊,明神宗万历四十三年,无,潍县志,无,保留,v6,v6,1,0.1429,是,,,,,,,潍坊市：大饥，人相食，妇女南贩以万计。——乾隆《潍县志》卷六祥异,
1615,陕西,,澄城县,1615|陕西|澄城,明神宗万历四十三年,无,澄城县志,无,保留,v6,v6,1,0.1429,是,,,,,,,澄城县：大饥，人相食。——《澄城县志》咸丰元年，转引自《西北灾荒史》第1625页。,
1615,山东,,禹城县,1615|山东|禹城,明神宗万历四十三年,无,禹城县志,无,保留,v6,v6,1,0.1429,是,,,,,,,禹城县：大旱，赤地千里，人相食。——嘉庆《禹城县志》卷十一灾祥,
1615,山东,,章丘县,1615|山东|章丘,明神宗万历四十三年,无,章丘县志,无,保留,v6,v6,1,0.1429,是,,,,,,,章丘县：大饥，人相食。——乾隆《章丘县志》卷五祥异,
1615,山东,,安丘县,1615|山东|安丘,明神宗万历四十三年,无,续安邱县志,无,保留,v6,v6,1,0.1429,是,,,,,,,安丘县：夏旱，蝗。秋大饥，栗价涌贵，民刮木皮和糠秕而食，林木为之一尽，饿死者道相枕藉，乃有割尸肉而食者。——康熙《续安邱县志》卷一总纪,
1615,山东,,肥城县,1615|山东|肥城,明神宗万历四十三年,无,肥城县志书,无,保留,v6,v6,1,0.1429,是,,,,,,,肥城县：四十二年至四十五年，三年旱蝗相连，人民相食，死者枕藉。——康熙《肥城县志书》卷下,
1615,山东,,胶县,1615|山东|胶,明神宗万历四十三年,无,胶州志,无,保留,v6,v6,1,0.1429,是,,,,,,,胶县：夏大旱，有蝗，蚜鲂复起。禾稼尽，饥民相食。——康熙《胶州志》卷六灾祥,
1615,山东,,诸城县,1615|山东|诸城,明神宗万历四十三年,无,诸城县志,无,保留,v6,v6,1,0.1429,是,,,,,,,诸城县：大旱，蝗。大饥，人相食，鬻子女，至有人市。——乾隆《诸城县志》卷二总纪,
1615,河北,,迁安县,1615|河北|迁安,明神宗万历四十三年,无,迁安县志,无,保留,v6,v6,1,0.1429,是,,,,,,,迁安县：春正月不雨，至于是七月。大荒，饥。人民结党抢掠，人相食。诏发仓赈济，劝富户输粟助赈。——康熙十八年《迁安县志》卷七灾祥,
1615,山东,,郯城县,1615|山东|郯城,明神宗万历四十三年,无,郯城县志,无,保留,v6,v6,1,0.1429,是,,,,,,,郯城县：蝗蝻遍野，禾稼一空，遂成大饥，人相食，父子、夫妻、兄弟不相保聚，或数十文钱即鬻其妻，一二饑即鬻其子。流亡载道，非常之灾。——康熙《郯城县志》卷九灾祥,
1615,山东,,平度县,1615|山东|平度,明神宗万历四十三年,无,重修平度州志,无,保留,v6,v6,1,0.1429,是,,,,,,,平度县：大疫，饥，至人相食。——道光《重修平度州志》卷二十六大事,
1615,江苏,,赣榆县,1615|江苏|赣榆,明神宗万历四十三年,无,重修赣榆县志,无,保留,v6,v6,1,0.1429,是,,,,,,,赣榆县：大旱，蝗。七月不雨，人相食。山东捎贩子女日数百车，攘夺相杀，道殛如山。——康熙《重修赣榆县志》卷四纪灾,
1615,山东,,青州市,1615|山东|青,明神宗万历四十三年,青州,青州府志,无,保留,v6,v6,1,0.1429,是,,,,,,,青州市：青州大饥，人相食。自四月不雨，黍、谷、豆俱无。至八九月间，蝗台南地，食麦苗又尽，于是粟价涌贵，盗贼蜂起。——康熙十五年《青州府志》卷二十灾异,
1615,山东,,高密县,1615|山东|高密,明神宗万历四十三年,无,高密县志,无,保留,v6,v6,1,0.1429,是,,,,,,,高密县：旱，蝗。饥，至人相食。——乾隆《高密县志》卷十纪事,
1615,山东,,齐河县,1615|山东|齐河,明神宗万历四十三年,无,齐河县志,无,保留,v6,v6,1,0.1429,是,,,,,,,齐河县：夏大旱，饥，人相食。遣御史过庭训赈之。——康熙《齐河县志》卷六灾祥,
1616,山东,临沂,临沂,1616|山东|临沂|临沂,明神宗万历四十四年,无,《临沂县志》,无,保留,"v1,v2,v3,v5,v6","v1,v2,v3,v5,v6",5,0.7143,是,,临沂市：饥，人相食。——民国《临沂县志》卷一通纪,临沂市：饥，人相食。——民国《临沂县志》卷一通纪,临沂市：饥，人相食。——民国《临沂县志》卷一通纪,,临沂市：饥，人相食。——民国《临沂县志》卷一通纪,临沂市：饥，人相食。——民国《临沂县志》卷一通纪,
1616,河北,沧州,盐山,1616|河北|沧|盐山,明神宗万历四十四年,无,《交河县志》,无,保留,"v1,v2,v3,v5,v6","v1,v2,v3,v5,v6",5,0.7143,是,,盐山县：大饥，人民相食，饿莩载道。——康熙《交河县志》卷七灾祥,盐山县：大饥，人民相食，饿莩载道。——康熙《交河县志》卷七灾祥,盐山县：大饥，人民相食，饿莩载道。——康熙《交河县志》卷七灾祥,,盐山县：大饥，人民相食，饿莩载道。——康熙《交河县志》卷七灾祥,盐山县：大饥，人民相食，饿莩载道。——康熙《交河县志》卷七灾祥,
1616,山东,潍坊,青州,1616|山东|潍坊|青,明神宗万历四十四年,无,《华北、东北近五百年旱涝史料》,无,保留,"v1,v2,v3,v6","v1,v2,v3,v6",4,0.5714,是,,青州市：大饥，人相食。——《华北、东北近五百年旱涝史料》第三分册，第7页。,青州市：大饥，人相食。——《华北、东北近五百年旱涝史料》第三分册，第7页。,青州市：大饥，人相食。——《华北、东北近五百年旱涝史料》第三分册，第7页。,,,青州市：大饥，人相食。——《华北、东北近五百年旱涝史料》第三分册，第7页。,
1616,山东,德州,临邑,1616|山东|德|临邑,明神宗万历四十四年,无,《德平县志》,无,保留,"v1,v2,v3,v5,v6","v1,v2,v3,v5,v6",5,0.7143,是,,临邑县：春大饥，人相食，发帑金三十万、仓米二十万赈之。——乾隆《德平县志》卷三灾祥,临邑县：春大饥，人相食，发帑金三十万、仓米二十万赈之。——乾隆《德平县志》卷三灾祥,临邑县：春大饥，人相食，发帑金三十万、仓米二十万赈之。——乾隆《德平县志》卷三灾祥,,临邑县：春大饥，人相食，发帑金三十万、仓米二十万赈之。——乾隆《德平县志》卷三灾祥,临邑县：春大饥，人相食，发帑金三十万、仓米二十万赈之。——乾隆《德平县志》卷三灾祥,
1616,山东,威海,文登,1616|山东|威海|文登,明神宗万历四十四年,无,《文登县志》,无,保留,"v1,v2,v3,v5,v6","v1,v2,v3,v5,v6",5,0.7143,是,,文登县：大饥，人相食。…是春，斗粟千钱。——雍正《文登县志》卷一灾祥,文登县：大饥，人相食。…是春，斗粟千钱。——雍正《文登县志》卷一灾祥,文登县：大饥，人相食。…是春，斗粟千钱。——雍正《文登县志》卷一灾祥,,文登县：大饥，人相食。…是春，斗粟千钱。——雍正《文登县志》卷一灾祥,文登县：大饥，人相食。…是春，斗粟千钱。——雍正《文登县志》卷一灾祥,
1616,山东,济宁,曲阜,1616|山东|济宁|曲阜,明神宗万历四十四年,曲阜县,《曲阜县志》,曲阜县为推测，原文为曲阜,保留,"v1,v2,v3,v5,v6","v1,v2,v3,v5,v6",5,0.7143,是,,曲阜市：春大饥，蠲金赈之。夏旱，蝗。饥，人相食。——乾隆《曲阜县志》卷二灾祥,曲阜市：春大饥，蠲金赈之。夏旱，蝗。饥，人相食。——乾隆《曲阜县志》卷二灾祥,曲阜市：春大饥，蠲金赈之。夏旱，蝗。饥，人相食。——乾隆《曲阜县志》卷二灾祥,,曲阜市：春大饥，蠲金赈之。夏旱，蝗。饥，人相食。——乾隆《曲阜县志》卷二灾祥,曲阜市：春大饥，蠲金赈之。夏旱，蝗。饥，人相食。——乾隆《曲阜县志》卷二灾祥,
1616,山东,烟台,栖霞,1616|山东|烟台|栖霞,明神宗万历四十四年,无,《栖霞县志》,无,保留,"v1,v2","v1,v2",2,0.2857,是,,春大饥，时全省荒，人相食。朝廷发银十六万两、糟米十二万石，遣御史过庭训赈之。——康熙十一年《栖霞县志》卷七祥异,春大饥，时全省荒，人相食。朝廷发银十六万两、糟米十二万石，遣御史过庭训赈之。——康熙十一年《栖霞县志》卷七祥异,,,,,
1616,山东,滨州,惠民,1616|山东|滨|惠民,明神宗万历四十四年,无,《武定州志》,无,保留,"v1,v2,v3,v5,v6","v1,v2,v3,v5,v6",5,0.7143,是,,惠民县：春大歉，人相食。——崇祯《武定州志》卷十一灾祥,惠民县：春大歉，人相食。——崇祯《武定州志》卷十一灾祥,惠民县：春大歉，人相食。——崇祯《武定州志》卷十一灾祥,,惠民县：春大歉，人相食。——崇祯《武定州志》卷十一灾祥,惠民县：春大歉，人相食。——崇祯《武定州志》卷十一灾祥,
1616,山东,烟台,海阳,1616|山东|烟台|海阳,明神宗万历四十四年,无,《海阳县志》,无,保留,"v1,v2,v3,v5,v6","v1,v2,v3,v5,v6",5,0.7143,是,,海阳县：春大饥，人相食，赈银粟。——乾隆《海阳县志》卷三灾祥,海阳县：春大饥，人相食，赈银粟。——乾隆《海阳县志》卷三灾祥,海阳县：春大饥，人相食，赈银粟。——乾隆《海阳县志》卷三灾祥,,海阳县：春大饥，人相食，赈银粟。——乾隆《海阳县志》卷三灾祥,海阳县：春大饥，人相食，赈银粟。——乾隆《海阳县志》卷三灾祥,
1616,山东,烟台市,蓬莱县,1616|山东|烟台|蓬莱,明神宗万历四十四年,无,《登州府志》,无,保留,"v1,v2,v3,v5,v6","v1,v2,v3,v5,v6",5,0.7143,是,,蓬莱县：春，各属游饥，至人相食，饿殍载路，盗聚夜劫市，卖子女。——光绪《登州府志》卷二十三水旱丰饥,蓬莱县：春，各属游饥，至人相食，饿殍载路，盗聚夜劫市，卖子女。——光绪《登州府志》卷二十三水旱丰饥,蓬莱县：春，各属游饥，至人相食，饿殍载路，盗聚夜劫市，卖子女。——光绪《登州府志》卷二十三水旱丰饥,,蓬莱县：春，各属游饥，至人相食，饿殍载路，盗聚夜劫市，卖子女。——光绪《登州府志》卷二十三水旱丰饥,蓬莱县：春，各属游饥，至人相食，饿殍载路，盗聚夜劫市，卖子女。——光绪《登州府志》卷二十三水旱丰饥,
1616,山东,泰安,肥城,1616|山东|泰安|肥城,明神宗万历四十四年,无,《肥城县志》,无,保留,"v1,v2,v3,v5,v6","v1,v2,v3,v5,v6",5,0.7143,是,,肥城县：旱蝗相连，人民相食，死者枕藉。——康熙《肥城县志》下卷,肥城县：旱蝗相连，人民相食，死者枕藉。——康熙《肥城县志》下卷,肥城县：旱蝗相连，人民相食，死者枕藉。——康熙《肥城县志》下卷,,肥城县：旱蝗相连，人民相食，死者枕藉。——康熙《肥城县志》下卷,肥城县：旱蝗相连，人民相食，死者枕藉。——康熙《肥城县志》下卷,
1616,山东,威海,荣成,1616|山东|威海|荣成,明神宗万历四十四年,无,《荣成县志》,无,保留,"v1,v2,v3,v5,v6","v1,v2,v3,v5,v6",5,0.7143,是,,荣成县：春大饥，人相食，斗粟千钱。——道光《荣成县志》卷一灾祥,荣成县：春大饥，人相食，斗粟千钱。——道光《荣成县志》卷一灾祥,荣成县：春大饥，人相食，斗粟千钱。——道光《荣成县志》卷一灾祥,,荣成县：春大饥，人相食，斗粟千钱。——道光《荣成县志》卷一灾祥,荣成县：春大饥，人相食，斗粟千钱。——道光《荣成县志》卷一灾祥,
1616,山东,济南,莱芜,1616|山东|济南|莱芜,明神宗万历四十四年,无,《莱芜县志》,无,保留,"v1,v2,v3,v5,v6","v1,v2,v3,v5,v6",5,0.7143,是,,莱芜市：正月大饥，人相食，有食马者，甚至父杀其子食之，夫妇兄弟自相杀食，逃入徐、淮者以数十万计、春夏大饥，二月皆焦。五月，飞蝗蔽野，食秋禾一空，村落如扫。——光绪《莱芜县志》卷二灾祥,莱芜市：正月大饥，人相食，有食马者，甚至父杀其子食之，夫妇兄弟自相杀食，逃入徐、淮者以数十万计、春夏大饥，二月皆焦。五月，飞蝗蔽野，食秋禾一空，村落如扫。——光绪《莱芜县志》卷二灾祥,莱芜市：正月大饥，人相食，有食马者，甚至父杀其子食之，夫妇兄弟自相杀食，逃入徐、淮者以数十万计、春夏大饥，二月皆焦。五月，飞蝗蔽野，食秋禾一空，村落如扫。——光绪《莱芜县志》卷二灾祥,,莱芜市：正月大饥，人相食，有食马者，甚至父杀其子食之，夫妇兄弟自相杀食，逃入徐、淮者以数十万计、春夏大饥，二月皆焦。五月，飞蝗蔽野，食秋禾一空，村落如扫。——光绪《莱芜县志》卷二灾祥,莱芜市：正月大饥，人相食，有食马者，甚至父杀其子食之，夫妇兄弟自相杀食，逃入徐、淮者以数十万计、春夏大饥，二月皆焦。五月，飞蝗蔽野，食秋禾一空，村落如扫。——光绪《莱芜县志》卷二灾祥,
1616,山东,烟台,莱阳,1616|山东|烟台|莱阳,明神宗万历四十四年,无,《莱阳县志》,无,保留,"v1,v2,v3,v5,v6","v1,v2,v3,v5,v6",5,0.7143,是,,莱阳县：春大饥，人相食，赈银粟。——康熙《莱阳县志》卷九灾祥,莱阳县：春大饥，人相食，赈银粟。——康熙《莱阳县志》卷九灾祥,莱阳县：春大饥，人相食，赈银粟。——康熙《莱阳县志》卷九灾祥,,莱阳县：春大饥，人相食，赈银粟。——康熙《莱阳县志》卷九灾祥,莱阳县：春大饥，人相食，赈银粟。——康熙《莱阳县志》卷九灾祥,
1616,山东,临沂,费县,1616|山东|临沂|费,明神宗万历四十四年,无,《费县志》,无,保留,"v1,v2,v3,v5,v6","v1,v2,v3,v5,v6",5,0.7143,是,,费县：亢旱，大饥，人相食。——光绪《费县志》卷十六祥异,费县：亢旱，大饥，人相食。——光绪《费县志》卷十六祥异,费县：亢旱，大饥，人相食。——光绪《费县志》卷十六祥异,,费县：亢旱，大饥，人相食。——光绪《费县志》卷十六祥异,费县：亢旱，大饥，人相食。——光绪《费县志》卷十六祥异,
1616,山东,滨州,阳信,1616|山东|滨|阳信,明神宗万历四十四年,无,《阳信县志》,无,保留,"v1,v2,v3,v5,v6","v1,v2,v3,v5,v6",5,0.7143,是,,阳信县：人相食。夏秋大疫。——康熙《阳信县志》卷三灾异,阳信县：人相食。夏秋大疫。——康熙《阳信县志》卷三灾异,阳信县：人相食。夏秋大疫。——康熙《阳信县志》卷三灾异,,阳信县：人相食。夏秋大疫。——康熙《阳信县志》卷三灾异,阳信县：人相食。夏秋大疫。——康熙《阳信县志》卷三灾异,
1616,山东,,龙口市,1616|山东|龙口,明神宗万历四十四年,黄县,《黄县志》,黄县为推测，原文为黄县,保留,"v1,v2,v3,v5,v6","v1,v2,v3,v5,v6",5,0.7143,是,,龙口市：春大饥，斗粟千钱，饿殍载道，盗聚夜劫市，并人至相食，市卖子女。黄县设粥厂十二处。——康熙《黄县志》卷七祥异,龙口市：春大饥，斗粟千钱，饿殍载道，盗聚夜劫市，并人至相食，市卖子女。黄县设粥厂十二处。——康熙《黄县志》卷七祥异,龙口市：春大饥，斗粟千钱，饿殍载道，盗聚夜劫市，并人至相食，市卖子女。黄县设粥厂十二处。——康熙《黄县志》卷七祥异,,龙口市：春大饥，斗粟千钱，饿殍载道，盗聚夜劫市，并人至相食，市卖子女。黄县设粥厂十二处。——康熙《黄县志》卷七祥异,龙口市：春大饥，斗粟千钱，饿殍载道，盗聚夜劫市，并人至相食，市卖子女。黄县设粥厂十二处。——康熙《黄县志》卷七祥异,
1616,山东,临沂,临沂县,1616|山东|临沂|临沂,明神宗万历四十四年,无,临沂县志,无,保留,"v4,v7","v4,v7",2,0.2857,是,,,,,临沂市：饥，人相食。——民国《临沂县志》卷一通纪,,,临沂市：饥，人相食。——民国《临沂县志》卷一通纪
1616,河北,沧州,盐山县,1616|河北|沧|盐山,明神宗万历四十四年,无,交河县志,无,保留,"v4,v7","v4,v7",2,0.2857,是,,,,,盐山县：大饥，人民相食，饿莩载道。——康熙《交河县志》卷七灾祥,,,盐山县：大饥，人民相食，饿莩载道。——康熙《交河县志》卷七灾祥
1616,山东,潍坊,青州市,1616|山东|潍坊|青,明神宗万历四十四年,无,华北、东北近五百年旱涝史料,无,保留,"v4,v5,v7","v4,v5,v7",3,0.4286,是,,,,,青州市：大饥，人相食。——《华北、东北近五百年旱涝史料》第三分册，第7页。,青州市：大饥，人相食。——《华北、东北近五百年旱涝史料》第三分册，第7页。,,青州市：大饥，人相食。——《华北、东北近五百年旱涝史料》第三分册，第7页。
1616,山东,德州,临邑县,1616|山东|德|临邑,明神宗万历四十四年,无,德平县志,无,保留,"v4,v7","v4,v7",2,0.2857,是,,,,,临邑县：春大饥，人相食，发帑金三十万、仓米二十万赈之。——乾隆《德平县志》卷三灾祥,,,临邑县：春大饥，人相食，发帑金三十万、仓米二十万赈之。——乾隆《德平县志》卷三灾祥
1616,山东,威海,文登县,1616|山东|威海|文登,明神宗万历四十四年,无,文登县志,无,保留,"v4,v7","v4,v7",2,0.2857,是,,,,,文登县：大饥，人相食。…是春，斗粟千钱。——雍正《文登县志》卷一灾祥,,,文登县：大饥，人相食。…是春，斗粟千钱。——雍正《文登县志》卷一灾祥
1616,山东,济宁,曲阜县,1616|山东|济宁|曲阜,明神宗万历四十四年,无,曲阜县志,无,保留,"v4,v7","v4,v7",2,0.2857,是,,,,,曲阜市：春大饥，蠲金赈之。夏旱，蝗。饥，人相食。——乾隆《曲阜县志》卷二灾祥,,,曲阜市：春大饥，蠲金赈之。夏旱，蝗。饥，人相食。——乾隆《曲阜县志》卷二灾祥
1616,山东,滨州,惠民县,1616|山东|滨|惠民,明神宗万历四十四年,无,武定州志,无,保留,"v4,v7","v4,v7",2,0.2857,是,,,,,惠民县：春大歉，人相食。——崇祯《武定州志》卷十一灾祥,,,惠民县：春大歉，人相食。——崇祯《武定州志》卷十一灾祥
1616,山东,烟台,海阳县,1616|山东|烟台|海阳,明神宗万历四十四年,无,海阳县志,无,保留,"v4,v7","v4,v7",2,0.2857,是,,,,,海阳县：春大饥，人相食，赈银粟。——乾隆《海阳县志》卷三灾祥,,,海阳县：春大饥，人相食，赈银粟。——乾隆《海阳县志》卷三灾祥
1616,山东,烟台,蓬莱县,1616|山东|烟台|蓬莱,明神宗万历四十四年,无,登州府志,无,保留,v4,v4,1,0.1429,是,,,,,蓬莱县：春，各属游饥，至人相食，饿殍载路，盗聚夜劫市，卖子女。——光绪《登州府志》卷二十三水旱丰饥,,,
1616,山东,泰安,肥城县,1616|山东|泰安|肥城,明神宗万历四十四年,无,肥城县志,无,保留,"v4,v7","v4,v7",2,0.2857,是,,,,,肥城县：旱蝗相连，人民相食，死者枕藉。——康熙《肥城县志》下卷,,,肥城县：旱蝗相连，人民相食，死者枕藉。——康熙《肥城县志》下卷
1616,山东,威海,荣成县,1616|山东|威海|荣成,明神宗万历四十四年,无,荣成县志,无,保留,"v4,v7","v4,v7",2,0.2857,是,,,,,荣成县：春大饥，人相食，斗粟千钱。——道光《荣成县志》卷一灾祥,,,荣成县：春大饥，人相食，斗粟千钱。——道光《荣成县志》卷一灾祥
1616,山东,济南,莱芜县,1616|山东|济南|莱芜,明神宗万历四十四年,无,莱芜县志,无,保留,"v4,v7","v4,v7",2,0.2857,是,,,,,莱芜市：正月大饥，人相食，有食马者，甚至父杀其子食之，夫妇兄弟自相杀食，逃入徐、淮者以数十万计、春夏大饥，二月皆焦。五月，飞蝗蔽野，食秋禾一空，村落如扫。——光绪《莱芜县志》卷二灾祥,,,莱芜市：正月大饥，人相食，有食马者，甚至父杀其子食之，夫妇兄弟自相杀食，逃入徐、淮者以数十万计、春夏大饥，二月皆焦。五月，飞蝗蔽野，食秋禾一空，村落如扫。——光绪《莱芜县志》卷二灾祥
1616,山东,烟台,莱阳县,1616|山东|烟台|莱阳,明神宗万历四十四年,无,莱阳县志,无,保留,"v4,v7","v4,v7",2,0.2857,是,,,,,莱阳县：春大饥，人相食，赈银粟。——康熙《莱阳县志》卷九灾祥,,,莱阳县：春大饥，人相食，赈银粟。——康熙《莱阳县志》卷九灾祥
1616,山东,临沂,费县,1616|山东|临沂|费,明神宗万历四十四年,无,费县志,无,保留,"v4,v7","v4,v7",2,0.2857,是,,,,,费县：亢旱，大饥，人相食。——光绪《费县志》卷十六祥异,,,费县：亢旱，大饥，人相食。——光绪《费县志》卷十六祥异
1616,山东,滨州,阳信县,1616|山东|滨|阳信,明神宗万历四十四年,无,阳信县志,无,保留,"v4,v7","v4,v7",2,0.2857,是,,,,,阳信县：人相食。夏秋大疫。——康熙《阳信县志》卷三灾异,,,阳信县：人相食。夏秋大疫。——康熙《阳信县志》卷三灾异
1616,山东,,黄县,1616|山东|黄,明神宗万历四十四年,无,黄县志,无,保留,v7,v7,1,0.1429,是,,,,,,,,龙口市：春大饥，斗粟千钱，饿殍载道，盗聚夜劫市，并人至相食，市卖子女。黄县设粥厂十二处。——康熙《黄县志》卷七祥异
1617,山东,,莱州,1617|山东|莱,明神宗万历四十五年,无,《枣林杂俎》,无,保留,"v1,v2,v3,v5","v1,v2,v3,v5",4,0.5714,是,,莱州市：万历四十五年，山东连续饥荒，莱州公开卖人肉。中州兄弟两无子，去山东买妾，遇二女，自称姑嫂，骗兄弟往。兄得小姑。小姑私语之曰：汝弟已为我嫂制成肉羹矣。兄急往视，弟头尚扔炕下。兄急诉之县，抵嫂于罪，兄带小姑去。——《枣林杂俎》,莱州市：万历四十五年，山东连续饥荒，莱州公开卖人肉。中州兄弟两无子，去山东买妾，遇二女，自称姑嫂，骗兄弟往。兄得小姑。小姑私语之曰：汝弟已为我嫂制成肉羹矣。兄急往视，弟头尚扔炕下。兄急诉之县，抵嫂于罪，兄带小姑去。——《枣林杂俎》,莱州市：万历四十五年，山东连续饥荒，莱州公开卖人肉。中州兄弟两无子，去山东买妾，遇二女，自称姑嫂，骗兄弟往。兄得小姑。小姑私语之曰：汝弟已为我嫂制成肉羹矣。兄急往视，弟头尚扔炕下。兄急诉之县，抵嫂于罪，兄带小姑去。——《枣林杂俎》,,莱州市：万历四十五年，山东连续饥荒，莱州公开卖人肉。中州兄弟两无子，去山东买妾，遇二女，自称姑嫂，骗兄弟往。兄得小姑。小姑私语之曰：汝弟已为我嫂制成肉羹矣。兄急往视，弟头尚扔炕下。兄急诉之县，抵嫂于罪，兄带小姑去。——《枣林杂俎》,,
1617,山西,,河津县,1617|山西|河津,明神宗万历四十五年,无,《河津县志》,无,保留,"v1,v2,v3,v5","v1,v2,v3,v5",4,0.5714,是,,河津县：夏大旱，赤地千里。入秋霾雨浃旬籽粒无收，人饥相食。——康熙《河津县志》卷八祥异,河津县：夏大旱，赤地千里。入秋霾雨浃旬籽粒无收，人饥相食。——康熙《河津县志》卷八祥异,河津县：夏大旱，赤地千里。入秋霾雨浃旬籽粒无收，人饥相食。——康熙《河津县志》卷八祥异,,河津县：夏大旱，赤地千里。入秋霾雨浃旬籽粒无收，人饥相食。——康熙《河津县志》卷八祥异,,
1617,山东,,肥城县,1617|山东|肥城,明神宗万历四十五年,无,《肥城县志》,无,保留,"v1,v2,v3,v5","v1,v2,v3,v5",4,0.5714,是,,肥城县：旱蝗相连。人民相食，死者枕藉。——康熙《肥城县志》下卷,肥城县：旱蝗相连。人民相食，死者枕藉。——康熙《肥城县志》下卷,肥城县：旱蝗相连。人民相食，死者枕藉。——康熙《肥城县志》下卷,,肥城县：旱蝗相连。人民相食，死者枕藉。——康熙《肥城县志》下卷,,
1617,山东,莱州市,,1617|山东|莱,明神宗万历四十五年,莱州市,枣林杂俎,无,保留,"v4,v7","v4,v7",2,0.2857,是,,,,,莱州市：万历四十五年，山东连续饥荒，莱州公开卖人肉。中州兄弟两无子，去山东买妾，遇二女，自称姑嫂，骗兄弟往。兄得小姑。小姑私语之曰：汝弟已为我嫂制成肉羹矣。兄急往视，弟头尚扔炕下。兄急诉之县，抵嫂于罪，兄带小姑去。——《枣林杂俎》,,,莱州市：万历四十五年，山东连续饥荒，莱州公开卖人肉。中州兄弟两无子，去山东买妾，遇二女，自称姑嫂，骗兄弟往。兄得小姑。小姑私语之曰：汝弟已为我嫂制成肉羹矣。兄急往视，弟头尚扔炕下。兄急诉之县，抵嫂于罪，兄带小姑去。——《枣林杂俎》
1617,河北,,河津县,1617|河北|河津,明神宗万历四十五年,无,河津县志,无,保留,"v4,v7","v4,v7",2,0.2857,是,,,,,河津县：夏大旱，赤地千里。入秋霾雨浃旬籽粒无收，人饥相食。——康熙《河津县志》卷八祥异,,,河津县：夏大旱，赤地千里。入秋霾雨浃旬籽粒无收，人饥相食。——康熙《河津县志》卷八祥异
1617,山东,,肥城县,1617|山东|肥城,明神宗万历四十五年,无,肥城县志,无,保留,"v4,v7","v4,v7",2,0.2857,是,,,,,肥城县：旱蝗相连。人民相食，死者枕藉。——康熙《肥城县志》下卷,,,肥城县：旱蝗相连。人民相食，死者枕藉。——康熙《肥城县志》下卷
1618,广西,,宜山县,1618|广西|宜山,明神宗万历四十六年,无,《庆远府志》,原文为'宜山县等'，仅提取宜山县,保留,"v1,v2,v4,v5,v7","v1,v2,v4,v5,v7",5,0.7143,是,,宜山县等：庆远府属大旱，人相食，疫死者七八。庶民廖落始此。——道光《庆远府志》卷二十祥禄,宜山县等：庆远府属大旱，人相食，疫死者七八。庶民廖落始此。——道光《庆远府志》卷二十祥禄,,宜山县等：庆远府属大旱，人相食，疫死者七八。庶民廖落始此。——道光《庆远府志》卷二十祥禄,宜山县等：庆远府属大旱，人相食，疫死者七八。庶民廖落始此。——道光《庆远府志》卷二十祥禄,,宜山县等：庆远府属大旱，人相食，疫死者七八。庶民廖落始此。——道光《庆远府志》卷二十祥禄
1618,河南,,渑池县,1618|河南|渑池,明神宗万历四十六年,无,《渑池县志》,无,保留,"v1,v2,v4,v5,v7","v1,v2,v4,v5,v7",5,0.7143,是,,渑池县：旱，蝗。人相食。——民国《渑池县志》卷十九祥异,渑池县：旱，蝗。人相食。——民国《渑池县志》卷十九祥异,,渑池县：旱，蝗。人相食。——民国《渑池县志》卷十九祥异,渑池县：旱，蝗。人相食。——民国《渑池县志》卷十九祥异,,渑池县：旱，蝗。人相食。——民国《渑池县志》卷十九祥异
1618,广西,,庆远府,1618|广西|庆远府,明神宗万历四十六年,宜山县,庆远府志,无,保留,v3,v3,1,0.1429,是,,,,广西宜山县等：庆远府属大旱，人相食，疫死者七八。庶民廖落始此。——道光《庆远府志》卷二十祥禄,,,,
1618,河南,,渑池县,1618|河南|渑池,明神宗万历四十六年,无,渑池县志,无,保留,v3,v3,1,0.1429,是,,,,河南渑池县：旱，蝗。人相食。——民国《渑池县志》卷十九祥异,,,,
1619,安徽,,凤阳县,1619|安徽|凤阳,明神宗万历四十七年,无,《凤阳县志》,无,保留,"v2,v3,v4,v6","v2,v3,v4,v6",4,0.5714,是,,,安徽：凤阳县：大旱，无麦禾，民食树皮，饿死者半。大饥，人相食。——乾隆《凤阳县志》卷十五纪事,安徽：凤阳县：大旱，无麦禾，民食树皮，饿死者半。大饥，人相食。——乾隆《凤阳县志》卷十五纪事,安徽：凤阳县：大旱，无麦禾，民食树皮，饿死者半。大饥，人相食。——乾隆《凤阳县志》卷十五纪事,,安徽：凤阳县：大旱，无麦禾，民食树皮，饿死者半。大饥，人相食。——乾隆《凤阳县志》卷十五纪事,
1619,安徽,凤阳县,凤阳县,1619|安徽|凤阳|凤阳,明神宗万历四十七年,无,《凤阳县志》,无,保留,"v1,v5,v7","v1,v5,v7",3,0.4286,是,,凤阳县：大旱，无麦禾，民食树皮，饿死者半。大饥，人相食。——乾隆《凤阳县志》卷十五纪事,,,,凤阳县：大旱，无麦禾，民食树皮，饿死者半。大饥，人相食。——乾隆《凤阳县志》卷十五纪事,,凤阳县：大旱，无麦禾，民食树皮，饿死者半。大饥，人相食。——乾隆《凤阳县志》卷十五纪事
1619,河南,新安县,新安县,1619|河南|新安|新安,明神宗万历四十七年,无,《新安县志》,无,保留,"v1,v5,v7","v1,v5,v7",3,0.4286,是,,新安县：旱，断青，人相食。——康熙《新安县志》卷十七灾异,,,,新安县：旱，断青，人相食。——康熙《新安县志》卷十七灾异,,新安县：旱，断青，人相食。——康熙《新安县志》卷十七灾异
1619,河南,,新安县,1619|河南|新安,明神宗万历四十七年,无,《新安县志》,无,保留,"v2,v3,v4,v6","v2,v3,v4,v6",4,0.5714,是,,,河南：新安县：旱，断青，人相食。——康熙《新安县志》卷十七灾异,河南：新安县：旱，断青，人相食。——康熙《新安县志》卷十七灾异,河南：新安县：旱，断青，人相食。——康熙《新安县志》卷十七灾异,,河南：新安县：旱，断青，人相食。——康熙《新安县志》卷十七灾异,
1619,河南,荥阳县,荥阳县,1619|河南|荥阳|荥阳,明神宗万历四十七年,无,《荥阳县志》,无,保留,"v1,v5,v7","v1,v5,v7",3,0.4286,是,,荥阳县：大旱，人相食。——康熙《荥阳县志》卷一灾祥,,,,荥阳县：大旱，人相食。——康熙《荥阳县志》卷一灾祥,,荥阳县：大旱，人相食。——康熙《荥阳县志》卷一灾祥
1619,河南,,荥阳县,1619|河南|荥阳,明神宗万历四十七年,无,《荥阳县志》,无,保留,"v2,v3,v4,v6","v2,v3,v4,v6",4,0.5714,是,,,河南：荥阳县：大旱，人相食。——康熙《荥阳县志》卷一灾祥,河南：荥阳县：大旱，人相食。——康熙《荥阳县志》卷一灾祥,河南：荥阳县：大旱，人相食。——康熙《荥阳县志》卷一灾祥,,河南：荥阳县：大旱，人相食。——康熙《荥阳县志》卷一灾祥,
1625,陕西,延安市,,1625|陕西|延安,明熹宗天启五年,无,《国榷》,转引自《西北灾荒史》,保留,"v1,v2","v1,v2",2,0.2857,是,,延安市：是岁延安大饥，人相食。——《国榷》谈迁，转引自《西北灾荒史》第1627页。,延安市：是岁延安大饥，人相食。——《国榷》谈迁，转引自《西北灾荒史》第1627页。,,,,,
1625,陕西,,延安,1625|陕西|延安,明熹宗天启五年,无,《国榷》转引《西北灾荒史》,无,需进一步分析,"v5,v7","v5,v7",2,0.2857,否,"同类 record 存在于 v1,v2,v3,v4,v5,v6,v7；本条仅存在于 v5,v7；占比 28.6%",,,,,延安市：是岁延安大饥，人相食。——《国榷》谈迁，转引自《西北灾荒史》第1627页。,,延安市：是岁延安大饥，人相食。——《国榷》谈迁，转引自《西北灾荒史》第1627页。
1625,陕西,延安,,1625|陕西|延安,明熹宗天启五年,无,《国榷》转引《西北灾荒史》,无,需进一步分析,v3,v3,1,0.1429,否,"同类 record 存在于 v1,v2,v3,v4,v5,v6,v7；本条仅存在于 v3；占比 14.3%",,,陕西：延安市：是岁延安大饥，人相食。——《国榷》谈迁，转引自《西北灾荒史》第1627页。,,,,
1625,陕西,,延安,1625|陕西|延安,明熹宗天启五年,无,国榷,无,保留,v4,v4,1,0.1429,是,,,,,延安市：是岁延安大饥，人相食。——《国榷》谈迁，转引自《西北灾荒史》第1627页。,,,
1625,陕西,延安,,1625|陕西|延安,明熹宗天启五年,无,国榷转引西北灾荒史,无,需进一步分析,v6,v6,1,0.1429,否,"同类 record 存在于 v1,v2,v3,v4,v5,v6,v7；本条仅存在于 v6；占比 14.3%",,,,,,延安市：是岁延安大饥，人相食。——《国榷》谈迁，转引自《西北灾荒史》第1627页。,
1627,江苏,连云港,海州,1627|江苏|连云港|海,明熹宗天启七年,海州、赣榆,《淮安府实录备草》,原文为海州、赣榆，属古代地名；海州现为连云港市海州区，赣榆现为连云港市赣榆区,保留,"v1,v3","v1,v3",2,0.2857,是,,江苏：连云港市：六月，海（州），赣（榆）复夏，山田尽枯，民皆拆屋以炊，易子而食。——崇祯《淮安府实录备草》卷十八祥异,,江苏：连云港市：六月，海（州），赣（榆）复夏，山田尽枯，民皆拆屋以炊，易子而食。——崇祯《淮安府实录备草》卷十八祥异,,,,
1627,江苏,连云港市,海州、赣榆,1627|江苏|连云港|海州、赣榆,明熹宗天启七年,无,《淮安府实录备草》,无,保留,"v2,v5","v2,v5",2,0.2857,是,,,连云港市：六月，海（州），赣（榆）复夏，山田尽枯，民皆拆屋以炊，易子而食。——崇祯《淮安府实录备草》卷十八祥异,,,连云港市：六月，海（州），赣（榆）复夏，山田尽枯，民皆拆屋以炊，易子而食。——崇祯《淮安府实录备草》卷十八祥异,,
1627,江苏,连云港,海州,1627|江苏|连云港|海,明熹宗天启七年,无,淮安府实录备草,原文献记录时间为崇祯年间，此处沿用用户所给年份,保留,v6,v6,1,0.1429,是,,,,,,,江苏：连云港市：六月，海（州），赣（榆）复夏，山田尽枯，民皆拆屋以炊，易子而食。——崇祯《淮安府实录备草》卷十八祥异,
1629,河北,,万全县,1629|河北|万全,明思宗崇祯二年,无,《万全县志》,无,保留,"v1,v2,v3,v4,v5,v6,v7","v1,v2,v3,v4,v5,v6,v7",7,1.0,是,,万全县：大饥，人相食。——乾隆《万全县志》灾祥,万全县：大饥，人相食。——乾隆《万全县志》灾祥,万全县：大饥，人相食。——乾隆《万全县志》灾祥,万全县：大饥，人相食。——乾隆《万全县志》灾祥,万全县：大饥，人相食。——乾隆《万全县志》灾祥,万全县：大饥，人相食。——乾隆《万全县志》灾祥,万全县：大饥，人相食。——乾隆《万全县志》灾祥
1629,河北,,涿鹿县,1629|河北|涿鹿,明思宗崇祯二年,无,《保安州志》,无,保留,"v1,v2,v3,v4,v5,v6,v7","v1,v2,v3,v4,v5,v6,v7",7,1.0,是,,涿鹿县：春，斗米银一两，人相食。——康熙十一年《保安州志》卷二灾异,涿鹿县：春，斗米银一两，人相食。——康熙十一年《保安州志》卷二灾异,涿鹿县：春，斗米银一两，人相食。——康熙十一年《保安州志》卷二灾异,涿鹿县：春，斗米银一两，人相食。——康熙十一年《保安州志》卷二灾异,涿鹿县：春，斗米银一两，人相食。——康熙十一年《保安州志》卷二灾异,涿鹿县：春，斗米银一两，人相食。——康熙十一年《保安州志》卷二灾异,涿鹿县：春，斗米银一两，人相食。——康熙十一年《保安州志》卷二灾异
1629,河北,,宣化县,1629|河北|宣化,明思宗崇祯二年,无,《宣化县志》,无,保留,"v1,v2,v3,v4,v5,v6,v7","v1,v2,v3,v4,v5,v6,v7",7,1.0,是,,宣化县：大饥，人相食。——康熙《宣化县志》卷五灾祥,宣化县：大饥，人相食。——康熙《宣化县志》卷五灾祥,宣化县：大饥，人相食。——康熙《宣化县志》卷五灾祥,宣化县：大饥，人相食。——康熙《宣化县志》卷五灾祥,宣化县：大饥，人相食。——康熙《宣化县志》卷五灾祥,宣化县：大饥，人相食。——康熙《宣化县志》卷五灾祥,宣化县：大饥，人相食。——康熙《宣化县志》卷五灾祥
1629,河北,,怀来县,1629|河北|怀来,明思宗崇祯二年,无,《怀来县志》,无,保留,"v1,v2,v3,v4,v5,v6,v7","v1,v2,v3,v4,v5,v6,v7",7,1.0,是,,怀来县：夏大旱。至二年春，斗米银一两，人相食。——康熙《怀来县志》卷二灾异,怀来县：夏大旱。至二年春，斗米银一两，人相食。——康熙《怀来县志》卷二灾异,怀来县：夏大旱。至二年春，斗米银一两，人相食。——康熙《怀来县志》卷二灾异,怀来县：夏大旱。至二年春，斗米银一两，人相食。——康熙《怀来县志》卷二灾异,怀来县：夏大旱。至二年春，斗米银一两，人相食。——康熙《怀来县志》卷二灾异,怀来县：夏大旱。至二年春，斗米银一两，人相食。——康熙《怀来县志》卷二灾异,怀来县：夏大旱。至二年春，斗米银一两，人相食。——康熙《怀来县志》卷二灾异
1629,河北,,阳原县,1629|河北|阳原,明思宗崇祯二年,无,《西宁县志》,无,保留,"v1,v2,v3,v4,v5,v6,v7","v1,v2,v3,v4,v5,v6,v7",7,1.0,是,,阳原县：大饥，人相食。——康熙《西宁县志》卷一灾祥,阳原县：大饥，人相食。——康熙《西宁县志》卷一灾祥,阳原县：大饥，人相食。——康熙《西宁县志》卷一灾祥,阳原县：大饥，人相食。——康熙《西宁县志》卷一灾祥,阳原县：大饥，人相食。——康熙《西宁县志》卷一灾祥,阳原县：大饥，人相食。——康熙《西宁县志》卷一灾祥,阳原县：大饥，人相食。——康熙《西宁县志》卷一灾祥
1629,河北,,赤城县,1629|河北|赤城,明思宗崇祯二年,无,《龙门县志》,无,保留,"v1,v2,v3,v4,v5,v6,v7","v1,v2,v3,v4,v5,v6,v7",7,1.0,是,,赤城县：大饥，人相食。——康熙《龙门县志》卷二灾祥,赤城县：大饥，人相食。——康熙《龙门县志》卷二灾祥,赤城县：大饥，人相食。——康熙《龙门县志》卷二灾祥,赤城县：大饥，人相食。——康熙《龙门县志》卷二灾祥,赤城县：大饥，人相食。——康熙《龙门县志》卷二灾祥,赤城县：大饥，人相食。——康熙《龙门县志》卷二灾祥,赤城县：大饥，人相食。——康熙《龙门县志》卷二灾祥
1630,陕西,,子长县,1630|陕西|子长,明思宗崇祯三年,无,《安定县志》,无,保留,"v1,v4","v1,v4",2,0.2857,是,,子长县：又旱饥，人相食。——雍正《安定县志》灾祥,,,子长县：又旱饥，人相食。——雍正《安定县志》灾祥,,,
1630,河南,洛阳市,,1630|河南|洛阳,明思宗崇祯三年,无,《河南府志》,无,保留,v1,v1,1,0.1429,是,,洛阳市：庚午、辛未、壬申大旱，野无青草，十室九空。于是有斗米千钱者，有采菜根木叶充饥者，有夫弃其妻、父弃其子，有骨肉相残食者。——乾隆《河南府志》卷七十八艺文,,,,,,
1630,陕西,,清涧县,1630|陕西|清涧,明思宗崇祯三年,无,《清涧县志》,无,保留,"v1,v4","v1,v4",2,0.2857,是,,清涧县：大饥。盗起，斗栗六钱，人民相食。死者遍城野，掘万人坑瘞之。发帑金数十万，命御史赈焉。自是连岁皆饥，至十五年方稔。——道光《清涧县志》卷一灾祥,,,清涧县：大饥。盗起，斗栗六钱，人民相食。死者遍城野，掘万人坑瘞之。发帑金数十万，命御史赈焉。自是连岁皆饥，至十五年方稔。——道光《清涧县志》卷一灾祥,,,
1630,河北,,遵化县,1630|河北|遵化,明思宗崇祯三年,无,《直隶遵化州志》,无,保留,"v1,v4","v1,v4",2,0.2857,是,,遵化县：蝗蝻遍野。秋冬大饥，人相食，冻饿死者枕藉道路。——乾隆《直隶遵化州志》卷二灾异,,,遵化县：蝗蝻遍野。秋冬大饥，人相食，冻饿死者枕藉道路。——乾隆《直隶遵化州志》卷二灾异,,,
1630,陕西,,延安市,1630|陕西|延安,明思宗崇祯三年,无,《重修延安府志》,无,保留,"v1,v4","v1,v4",2,0.2857,是,,延安市：又旱饥，人相食。各县掘万人坑。安塞马懋才俱上疏，诏发赈。——嘉庆《重修延安府志》卷六十事表,,,延安市：又旱饥，人相食。各县掘万人坑。安塞马懋才俱上疏，诏发赈。——嘉庆《重修延安府志》卷六十事表,,,
1630,宁夏,,隆德县,1630|宁夏|隆德,明思宗崇祯三年,无,《重修隆德县志》,无,保留,"v1,v4","v1,v4",2,0.2857,是,,隆德县：不雨，自四月至秋八月，飞蝗蔽天。大饥，父子相食。——民国《重修隆德县志》卷四祥异,,,隆德县：不雨，自四月至秋八月，飞蝗蔽天。大饥，父子相食。——民国《重修隆德县志》卷四祥异,,,
1630,陕西,,子长县,1630|陕西|子长,明思宗崇祯三年,安定县,安定县志,无,保留,"v2,v3,v5","v2,v3,v5",3,0.4286,是,,,子长县：又旱饥，人相食。——雍正《安定县志》灾祥,子长县：又旱饥，人相食。——雍正《安定县志》灾祥,,子长县：又旱饥，人相食。——雍正《安定县志》灾祥,,
1630,陕西,,子长县,1630|陕西|子长,明思宗崇祯三年,安定县,安定县志,无,保留,"v6,v7","v6,v7",2,0.2857,是,,,,,,,陕西：子长县：又旱饥，人相食。——雍正《安定县志》灾祥,陕西: 子长县：又旱饥，人相食。——雍正《安定县志》灾祥
1630,河南,洛阳市,,1630|河南|洛阳,明思宗崇祯三年,无,河南府志,无,保留,"v6,v7","v6,v7",2,0.2857,是,,,,,,,河南：洛阳市：庚午、辛未、壬申大旱，野无青草，十室九空。于是有斗米千钱者，有采菜根木叶充饥者，有夫弃其妻、父弃其子，有骨肉相残食者。——乾隆《河南府志》卷七十八艺文,河南：洛阳市：庚午、辛未、壬申大旱，野无青草，十室九空。于是有斗米千钱者，有采菜根木叶充饥者，有夫弃其妻、父弃其子，有骨肉相残食者。——乾隆《河南府志》卷七十八艺文
1630,河南,洛阳市,洛阳市,1630|河南|洛阳|洛阳,明思宗崇祯三年,无,河南府志,无,保留,"v2,v3,v5","v2,v3,v5",3,0.4286,是,,,洛阳市：庚午、辛未、壬申大旱，野无青草，十室九空。于是有斗米千钱者，有采菜根木叶充饥者，有夫弃其妻、父弃其子，有骨肉相残食者。——乾隆《河南府志》卷七十八艺文,洛阳市：庚午、辛未、壬申大旱，野无青草，十室九空。于是有斗米千钱者，有采菜根木叶充饥者，有夫弃其妻、父弃其子，有骨肉相残食者。——乾隆《河南府志》卷七十八艺文,,洛阳市：庚午、辛未、壬申大旱，野无青草，十室九空。于是有斗米千钱者，有采菜根木叶充饥者，有夫弃其妻、父弃其子，有骨肉相残食者。——乾隆《河南府志》卷七十八艺文,,
1630,陕西,,清涧县,1630|陕西|清涧,明思宗崇祯三年,无,清涧县志,无,保留,"v6,v7","v6,v7",2,0.2857,是,,,,,,,陕西：清涧县：大饥。盗起，斗栗六钱，人民相食。死者遍城野，掘万人坑瘞之。发帑金数十万，命御史赈焉。自是连岁皆饥，至十五年方稔。——道光《清涧县志》卷一灾祥,陕西: 清涧县：大饥。盗起，斗栗六钱，人民相食。死者遍城野，掘万人坑瘞之。发帑金数十万，命御史赈焉。自是连岁皆饥，至十五年方稔。——道光《清涧县志》卷一灾祥
1630,陕西,,清涧县,1630|陕西|清涧,明思宗崇祯三年,无,清涧县志,无,保留,"v2,v3,v5","v2,v3,v5",3,0.4286,是,,,清涧县：大饥。盗起，斗栗六钱，人民相食。死者遍城野，掘万人坑瘞之。发帑金数十万，命御史赈焉。自是连岁皆饥，至十五年方稔。——道光《清涧县志》卷一灾祥,清涧县：大饥。盗起，斗栗六钱，人民相食。死者遍城野，掘万人坑瘞之。发帑金数十万，命御史赈焉。自是连岁皆饥，至十五年方稔。——道光《清涧县志》卷一灾祥,,清涧县：大饥。盗起，斗栗六钱，人民相食。死者遍城野，掘万人坑瘞之。发帑金数十万，命御史赈焉。自是连岁皆饥，至十五年方稔。——道光《清涧县志》卷一灾祥,,
1630,河北,,遵化县,1630|河北|遵化,明思宗崇祯三年,无,直隶遵化州志,无,保留,"v2,v3,v5","v2,v3,v5",3,0.4286,是,,,遵化县：蝗蝻遍野。秋冬大饥，人相食，冻饿死者枕藉道路。——乾隆《直隶遵化州志》卷二灾异,遵化县：蝗蝻遍野。秋冬大饥，人相食，冻饿死者枕藉道路。——乾隆《直隶遵化州志》卷二灾异,,遵化县：蝗蝻遍野。秋冬大饥，人相食，冻饿死者枕藉道路。——乾隆《直隶遵化州志》卷二灾异,,
1630,河北,,遵化县,1630|河北|遵化,明思宗崇祯三年,无,直隶遵化州志,无,保留,"v6,v7","v6,v7",2,0.2857,是,,,,,,,河北：遵化县：蝗蝻遍野。秋冬大饥，人相食，冻饿死者枕藉道路。——乾隆《直隶遵化州志》卷二灾异,河北：遵化县：蝗蝻遍野。秋冬大饥，人相食，冻饿死者枕藉道路。——乾隆《直隶遵化州志》卷二灾异
1630,陕西,延安市,延安市,1630|陕西|延安|延安,明思宗崇祯三年,无,重修延安府志,无,保留,"v2,v5","v2,v5",2,0.2857,是,,,延安市：又旱饥，人相食。各县掘万人坑。安塞马懋才俱上疏，诏发赈。——嘉庆《重修延安府志》卷六十事表,,,延安市：又旱饥，人相食。各县掘万人坑。安塞马懋才俱上疏，诏发赈。——嘉庆《重修延安府志》卷六十事表,,
1630,陕西,延安市,,1630|陕西|延安,明思宗崇祯三年,无,重修延安府志,无,保留,"v6,v7","v6,v7",2,0.2857,是,,,,,,,陕西：延安市：又旱饥，人相食。各县掘万人坑。安塞马懋才俱上疏，诏发赈。——嘉庆《重修延安府志》卷六十事表,陕西: 延安市：又旱饥，人相食。各县掘万人坑。安塞马懋才俱上疏，诏发赈。——嘉庆《重修延安府志》卷六十事表
1630,宁夏,,隆德县,1630|宁夏|隆德,明思宗崇祯三年,无,重修隆德县志,无,保留,"v6,v7","v6,v7",2,0.2857,是,,,,,,,宁夏：隆德县：不雨，自四月至秋八月，飞蝗蔽天。大饥，父子相食。——民国《重修隆德县志》卷四祥异,宁夏：隆德县：不雨，自四月至秋八月，飞蝗蔽天。大饥，父子相食。——民国《重修隆德县志》卷四祥异
1630,宁夏,,隆德县,1630|宁夏|隆德,明思宗崇祯三年,无,重修隆德县志,无,保留,"v2,v3,v5","v2,v3,v5",3,0.4286,是,,,隆德县：不雨，自四月至秋八月，飞蝗蔽天。大饥，父子相食。——民国《重修隆德县志》卷四祥异,隆德县：不雨，自四月至秋八月，飞蝗蔽天。大饥，父子相食。——民国《重修隆德县志》卷四祥异,,隆德县：不雨，自四月至秋八月，飞蝗蔽天。大饥，父子相食。——民国《重修隆德县志》卷四祥异,,
1631,陕西,,扶风县,1631|陕西|扶风,明思宗崇祯四年,无,《扶风县志》,无,保留,v5,v5,1,0.1429,是,,,,,,陕西：扶风县：四月，霪雨伤禾，人相食。——顺治《扶风县志》卷一灾祥,,
1631,陕西,,扶风县,1631|陕西|扶风,明思宗崇祯四年,无,《扶风县志》,无,保留,"v1,v2,v3,v4,v6,v7","v1,v2,v3,v4,v6,v7",6,0.8571,是,,扶风县：四月，霪雨伤禾，人相食。——顺治《扶风县志》卷一灾祥,扶风县：四月，霪雨伤禾，人相食。——顺治《扶风县志》卷一灾祥,陕西扶风县：四月，霪雨伤禾，人相食。——顺治《扶风县志》卷一灾祥,扶风县：四月，霪雨伤禾，人相食。——顺治《扶风县志》卷一灾祥,,陕西扶风县：四月，霪雨伤禾，人相食。——顺治《扶风县志》卷一灾祥,扶风县：四月，霪雨伤禾，人相食。——顺治《扶风县志》卷一灾祥
1631,湖北,,红安县,1631|湖北|红安,明思宗崇祯四年,无,《黄安县志》,无,保留,"v1,v2,v3,v4,v6,v7","v1,v2,v3,v4,v6,v7",6,0.8571,是,,红安县：蝗大灾，人相食。——道光《黄安县志》卷八行善,红安县：蝗大灾，人相食。——道光《黄安县志》卷八行善,湖北红安县：蝗大灾，人相食。——道光《黄安县志》卷八行善,红安县：蝗大灾，人相食。——道光《黄安县志》卷八行善,,湖北红安县：蝗大灾，人相食。——道光《黄安县志》卷八行善,红安县：蝗大灾，人相食。——道光《黄安县志》卷八行善
1631,湖北,,红安县,1631|湖北|红安,明思宗崇祯四年,无,《黄安县志》,无,保留,v5,v5,1,0.1429,是,,,,,,湖北：红安县：蝗大灾，人相食。——道光《黄安县志》卷八行善,,
1632,山西,,永和县,1632|山西|永和,明思宗崇祯五年,无,《华北、东北近五百年旱涝史料》,无,保留,"v1,v2,v5,v6","v1,v2,v5,v6",4,0.5714,是,,永和县：大旱，人相食，惨不可言。——《华北、东北近五百年旱涝史料》第五分册，第43页。,永和县：大旱，人相食，惨不可言。——《华北、东北近五百年旱涝史料》第五分册，第43页。,,,永和县：大旱，人相食，惨不可言。——《华北、东北近五百年旱涝史料》第五分册，第43页。,永和县：大旱，人相食，惨不可言。——《华北、东北近五百年旱涝史料》第五分册，第43页。,
1632,陕西,,子长县,1632|陕西|子长,明思宗崇祯五年,无,《安定县志》,无,保留,"v1,v2,v3,v5,v6,v7","v1,v2,v3,v5,v6,v7",6,0.8571,是,,子长县：春旱，人相食。——雍正《安定县志》灾祥,子长县：春旱，人相食。——雍正《安定县志》灾祥,子长县：春旱，人相食。——雍正《安定县志》灾祥,,子长县：春旱，人相食。——雍正《安定县志》灾祥,子长县：春旱，人相食。——雍正《安定县志》灾祥,子长县：春旱，人相食。——雍正《安定县志》灾祥
1632,山西,,河曲县,1632|山西|河曲,明思宗崇祯五年,无,《河曲县志》,无,保留,"v1,v2,v3,v5,v6,v7","v1,v2,v3,v5,v6,v7",6,0.8571,是,,河曲县：大饥，人相食。时斗米五钱，军民争食死人。有李峥杀人而食，事发，至毙杖下。——顺治《河曲县志》卷四纪异,河曲县：大饥，人相食。时斗米五钱，军民争食死人。有李峥杀人而食，事发，至毙杖下。——顺治《河曲县志》卷四纪异,河曲县：大饥，人相食。时斗米五钱，军民争食死人。有李峥杀人而食，事发，至毙杖下。——顺治《河曲县志》卷四纪异,,河曲县：大饥，人相食。时斗米五钱，军民争食死人。有李峥杀人而食，事发，至毙杖下。——顺治《河曲县志》卷四纪异,河曲县：大饥，人相食。时斗米五钱，军民争食死人。有李峥杀人而食，事发，至毙杖下。——顺治《河曲县志》卷四纪异,河曲县：大饥，人相食。时斗米五钱，军民争食死人。有李峥杀人而食，事发，至毙杖下。——顺治《河曲县志》卷四纪异
1632,陕西,,安塞县,1632|陕西|安塞,明思宗崇祯五年,无,《重修延安府志》,无,保留,"v2,v5,v7","v2,v5,v7",3,0.4286,是,,,安塞县：安塞大荒，斗米八钱，民始掘草根、柳叶、树皮，继捣石啖之。人相残贼，僵尸遍野。——嘉庆《重修延安府志》卷六大事表,,,安塞县：安塞大荒，斗米八钱，民始掘草根、柳叶、树皮，继捣石啖之。人相残贼，僵尸遍野。——嘉庆《重修延安府志》卷六大事表,,安塞县：安塞大荒，斗米八钱，民始掘草根、柳叶、树皮，继捣石啖之。人相残贼，僵尸遍野。——嘉庆《重修延安府志》卷六大事表
1632,陕西,,安塞县,1632|陕西|安塞,明思宗崇祯五年,无,《重修延安府志》,无,保留,v1,v1,1,0.1429,是,,安塞县：安塞大荒，斗米八钱，民始掘草根、柳叶、树皮，继捣石啜之。人相残贼，僵尸遍野。——嘉庆《重修延安府志》卷六大事表,,,,,,
1632,山西,,永和县,1632|山西|永和,明思宗崇祯五年,无,华北、东北近五百年旱涝史料,无,保留,"v3,v4,v7","v3,v4,v7",3,0.4286,是,,,,永和县：大旱，人相食，惨不可言。——《华北、东北近五百年旱涝史料》第五分册，第43页。,永和县：大旱，人相食，惨不可言。——《华北、东北近五百年旱涝史料》第五分册，第43页。,,,永和县：大旱，人相食，惨不可言。——《华北、东北近五百年旱涝史料》第五分册，第43页。
1632,陕西,,子长县,1632|陕西|子长,明思宗崇祯五年,无,安定县志,无,保留,v4,v4,1,0.1429,是,,,,,子长县：春旱，人相食。——雍正《安定县志》灾祥,,,
1632,山西,,河曲县,1632|山西|河曲,明思宗崇祯五年,无,河曲县志,无,保留,v4,v4,1,0.1429,是,,,,,河曲县：大饥，人相食。时斗米五钱，军民争食死人。有李峥杀人而食，事发，至毙杖下。——顺治《河曲县志》卷四纪异,,,
1633,山西,,永和县,1633|山西|永和,明思宗崇祯六年,无,《永和县志》,无,保留,"v1,v2,v3,v4,v6,v7","v1,v2,v3,v4,v6,v7",6,0.8571,是,,永和县：六、七年，大旱，民间食草饭砂，人相食，惨不堪言，莫甚于此。——康熙《永和县志》卷二十二祥异,永和县：六、七年，大旱，民间食草饭砂，人相食，惨不堪言，莫甚于此。——康熙《永和县志》卷二十二祥异,永和县：六、七年，大旱，民间食草饭砂，人相食，惨不堪言，莫甚于此。——康熙《永和县志》卷二十二祥异,永和县：六、七年，大旱，民间食草饭砂，人相食，惨不堪言，莫甚于此。——康熙《永和县志》卷二十二祥异,,永和县：六、七年，大旱，民间食草饭砂，人相食，惨不堪言，莫甚于此。——康熙《永和县志》卷二十二祥异,永和县：六、七年，大旱，民间食草饭砂，人相食，惨不堪言，莫甚于此。——康熙《永和县志》卷二十二祥异
1633,山西,,汾阳县,1633|山西|汾阳,明思宗崇祯六年,无,《汾阳县志》,无,保留,"v1,v2,v3,v4,v6,v7","v1,v2,v3,v4,v6,v7",6,0.8571,是,,汾阳县：自八月至明年四月不雨，大饥，民相食。——康熙《汾阳县志》卷七灾祥,汾阳县：自八月至明年四月不雨，大饥，民相食。——康熙《汾阳县志》卷七灾祥,汾阳县：自八月至明年四月不雨，大饥，民相食。——康熙《汾阳县志》卷七灾祥,汾阳县：自八月至明年四月不雨，大饥，民相食。——康熙《汾阳县志》卷七灾祥,,汾阳县：自八月至明年四月不雨，大饥，民相食。——康熙《汾阳县志》卷七灾祥,汾阳县：自八月至明年四月不雨，大饥，民相食。——康熙《汾阳县志》卷七灾祥
1633,山西,,蒲县,1633|山西|蒲,明思宗崇祯六年,无,《蒲县新志》,无,保留,"v1,v2,v3,v4,v6,v7","v1,v2,v3,v4,v6,v7",6,0.8571,是,,蒲县：六、七两年，大旱，斗米价银七钱，蒲人先食草根木皮，其后咸食人肉，死者枕藉于路。有曹留住自食其父，声闻远近。——康熙《蒲县新志》灾祥,蒲县：六、七两年，大旱，斗米价银七钱，蒲人先食草根木皮，其后咸食人肉，死者枕藉于路。有曹留住自食其父，声闻远近。——康熙《蒲县新志》灾祥,蒲县：六、七两年，大旱，斗米价银七钱，蒲人先食草根木皮，其后咸食人肉，死者枕藉于路。有曹留住自食其父，声闻远近。——康熙《蒲县新志》灾祥,蒲县：六、七两年，大旱，斗米价银七钱，蒲人先食草根木皮，其后咸食人肉，死者枕藉于路。有曹留住自食其父，声闻远近。——康熙《蒲县新志》灾祥,,蒲县：六、七两年，大旱，斗米价银七钱，蒲人先食草根木皮，其后咸食人肉，死者枕藉于路。有曹留住自食其父，声闻远近。——康熙《蒲县新志》灾祥,蒲县：六、七两年，大旱，斗米价银七钱，蒲人先食草根木皮，其后咸食人肉，死者枕藉于路。有曹留住自食其父，声闻远近。——康熙《蒲县新志》灾祥
1633,陕西,,米脂县,1633|陕西|米脂,明思宗崇祯六年,无,《陕西通志》,无,保留,"v1,v2,v3,v4,v6,v7","v1,v2,v3,v4,v6,v7",6,0.8571,是,,米脂县：大旱，斗米千钱，人相食。——康熙六年《陕西通志》卷三十祥异,米脂县：大旱，斗米千钱，人相食。——康熙六年《陕西通志》卷三十祥异,米脂县：大旱，斗米千钱，人相食。——康熙六年《陕西通志》卷三十祥异,米脂县：大旱，斗米千钱，人相食。——康熙六年《陕西通志》卷三十祥异,,米脂县：大旱，斗米千钱，人相食。——康熙六年《陕西通志》卷三十祥异,米脂县：大旱，斗米千钱，人相食。——康熙六年《陕西通志》卷三十祥异
1633,山西,,隰县,1633|山西|隰,明思宗崇祯六年,无,《隰州志》,无,保留,"v1,v2,v3,v4,v6,v7","v1,v2,v3,v4,v6,v7",6,0.8571,是,,隰县：六、七两年，旱，斗米价银五钱，人民食草根木皮，死者枕藉于路，且有食人肉者。郡人李时进自食其子。——康熙《隰州志》卷二十四祥异,隰县：六、七两年，旱，斗米价银五钱，人民食草根木皮，死者枕藉于路，且有食人肉者。郡人李时进自食其子。——康熙《隰州志》卷二十四祥异,隰县：六、七两年，旱，斗米价银五钱，人民食草根木皮，死者枕藉于路，且有食人肉者。郡人李时进自食其子。——康熙《隰州志》卷二十四祥异,隰县：六、七两年，旱，斗米价银五钱，人民食草根木皮，死者枕藉于路，且有食人肉者。郡人李时进自食其子。——康熙《隰州志》卷二十四祥异,,隰县：六、七两年，旱，斗米价银五钱，人民食草根木皮，死者枕藉于路，且有食人肉者。郡人李时进自食其子。——康熙《隰州志》卷二十四祥异,隰县：六、七两年，旱，斗米价银五钱，人民食草根木皮，死者枕藉于路，且有食人肉者。郡人李时进自食其子。——康熙《隰州志》卷二十四祥异
1633,陕西,,靖边县,1633|陕西|靖边,明思宗崇祯六年,无,《靖边县志》,无,保留,"v1,v2,v3,v4,v6,v7","v1,v2,v3,v4,v6,v7",6,0.8571,是,,靖边县：六年癸酉，七年甲戌，八年乙亥俱大旱，赤地千里，斗粟一两二钱，民饥死者十之九，人相食，父母子女夫妻相食者有之。粮食人，三五成群，昼游城市，往往于稠众中攫人食之。——康熙《靖边县志》灾异,靖边县：六年癸酉，七年甲戌，八年乙亥俱大旱，赤地千里，斗粟一两二钱，民饥死者十之九，人相食，父母子女夫妻相食者有之。粮食人，三五成群，昼游城市，往往于稠众中攫人食之。——康熙《靖边县志》灾异,靖边县：六年癸酉，七年甲戌，八年乙亥俱大旱，赤地千里，斗粟一两二钱，民饥死者十之九，人相食，父母子女夫妻相食者有之。粮食人，三五成群，昼游城市，往往于稠众中攫人食之。——康熙《靖边县志》灾异,靖边县：六年癸酉，七年甲戌，八年乙亥俱大旱，赤地千里，斗粟一两二钱，民饥死者十之九，人相食，父母子女夫妻相食者有之。粮食人，三五成群，昼游城市，往往于稠众中攫人食之。——康熙《靖边县志》灾异,,靖边县：六年癸酉，七年甲戌，八年乙亥俱大旱，赤地千里，斗粟一两二钱，民饥死者十之九，人相食，父母子女夫妻相食者有之。粮食人，三五成群，昼游城市，往往于稠众中攫人食之。——康熙《靖边县志》灾异,靖边县：六年癸酉，七年甲戌，八年乙亥俱大旱，赤地千里，斗粟一两二钱，民饥死者十之九，人相食，父母子女夫妻相食者有之。粮食人，三五成群，昼游城市，往往于稠众中攫人食之。——康熙《靖边县志》灾异
1633,山西,,永和县,1633|山西|永和,明思宗崇祯六年,无,永和县志,无,保留,v5,v5,1,0.1429,是,,,,,,永和县：六、七年，大旱，民间食草饭砂，人相食，惨不堪言，莫甚于此。——康熙《永和县志》卷二十二祥异,,
1633,山西,,汾阳县,1633|山西|汾阳,明思宗崇祯六年,无,汾阳县志,无,保留,v5,v5,1,0.1429,是,,,,,,汾阳县：自八月至明年四月不雨，大饥，民相食。——康熙《汾阳县志》卷七灾祥,,
1633,山西,,蒲县,1633|山西|蒲,明思宗崇祯六年,无,蒲县新志,无,保留,v5,v5,1,0.1429,是,,,,,,蒲县：六、七两年，大旱，斗米价银七钱，蒲人先食草根木皮，其后咸食人肉，死者枕藉于路。有曹留住自食其父，声闻远近。——康熙《蒲县新志》灾祥,,
1633,陕西,,米脂县,1633|陕西|米脂,明思宗崇祯六年,无,陕西通志,无,保留,v5,v5,1,0.1429,是,,,,,,米脂县：大旱，斗米千钱，人相食。——康熙六年《陕西通志》卷三十祥异,,
1633,山西,,隰县,1633|山西|隰,明思宗崇祯六年,无,隰州志,无,保留,v5,v5,1,0.1429,是,,,,,,隰县：六、七两年，旱，斗米价银五钱，人民食草根木皮，死者枕藉于路，且有食人肉者。郡人李时进自食其子。——康熙《隰州志》卷二十四祥异,,
1633,陕西,,靖边县,1633|陕西|靖边,明思宗崇祯六年,无,靖边县志,无,保留,v5,v5,1,0.1429,是,,,,,,靖边县：六年癸酉，七年甲戌，八年乙亥俱大旱，赤地千里，斗粟一两二钱，民饥死者十之九，人相食，父母子女夫妻相食者有之。粮食人，三五成群，昼游城市，往往于稠众中攫人食之。——康熙《靖边县志》灾异,,
1634,山西,晋城,晋城,1634|山西|晋城|晋城,明思宗崇祯七年,泽州,《凤台县志》,凤台县为推测，原文为古代地名泽州,保留,"v1,v2,v4,v6","v1,v2,v4,v6",4,0.5714,是,,晋城市：大旱，饥，人相食。——乾隆《凤台县志》卷十二纪事,晋城市：大旱，饥，人相食。——乾隆《凤台县志》卷十二纪事,,晋城市：大旱，饥，人相食。——乾隆《凤台县志》卷十二纪事,,晋城市：大旱，饥，人相食。——乾隆《凤台县志》卷十二纪事,
1634,山西,,吉县,1634|山西|吉,明思宗崇祯七年,吉县,《吉州志》,无,保留,"v1,v2,v4,v6","v1,v2,v4,v6",4,0.5714,是,,吉县：岁大饥，人互相食。——康熙《吉州志》卷下纪年,吉县：岁大饥，人互相食。——康熙《吉州志》卷下纪年,,吉县：岁大饥，人互相食。——康熙《吉州志》卷下纪年,,吉县：岁大饥，人互相食。——康熙《吉州志》卷下纪年,
1634,山西,,垣曲,1634|山西|垣曲,明思宗崇祯七年,垣曲,《垣曲县志》,无,保留,"v1,v2,v4,v6","v1,v2,v4,v6",4,0.5714,是,,垣曲县：春夏亢旱，二麦尽枯。人民剥树皮、掘草根啖食充饥，甚之骨肉相食，尸首遍野，饿死流离者大半。——康熙《垣曲县志》卷十二灾荒,垣曲县：春夏亢旱，二麦尽枯。人民剥树皮、掘草根啖食充饥，甚之骨肉相食，尸首遍野，饿死流离者大半。——康熙《垣曲县志》卷十二灾荒,,垣曲县：春夏亢旱，二麦尽枯。人民剥树皮、掘草根啖食充饥，甚之骨肉相食，尸首遍野，饿死流离者大半。——康熙《垣曲县志》卷十二灾荒,,垣曲县：春夏亢旱，二麦尽枯。人民剥树皮、掘草根啖食充饥，甚之骨肉相食，尸首遍野，饿死流离者大半。——康熙《垣曲县志》卷十二灾荒,
1634,山西,,大宁,1634|山西|大宁,明思宗崇祯七年,大宁,《大宁县志》,无,保留,"v1,v2,v4,v6","v1,v2,v4,v6",4,0.5714,是,,大宁县：饥，人相食，死者以数千计。——雍正《大宁县志》卷七灾祥,大宁县：饥，人相食，死者以数千计。——雍正《大宁县志》卷七灾祥,,大宁县：饥，人相食，死者以数千计。——雍正《大宁县志》卷七灾祥,,大宁县：饥，人相食，死者以数千计。——雍正《大宁县志》卷七灾祥,
1634,山西,,万泉,1634|山西|万泉,明思宗崇祯七年,万泉,《山西通志》,无,需校验地区信息,"v1,v2,v4,v6","v1,v2,v4,v6",4,0.5714,是,同年同省同来源同 record，但地区名存在近似异写或明显异体，需校验地区信息,太平、蒲县、安邑、万泉、绛州、阳城、隰州、垣曲、蒲州饥，人相食。——康熙《山西通志》卷三十祥异,太平、蒲县、安邑、万泉、绛州、阳城、隰州、垣曲、蒲州饥，人相食。——康熙《山西通志》卷三十祥异,,太平、蒲县、安邑、万泉、绛州、阳城、隰州、垣曲、蒲州饥，人相食。——康熙《山西通志》卷三十祥异,,太平、蒲县、安邑、万泉、绛州、阳城、隰州、垣曲、蒲州饥，人相食。——康熙《山西通志》卷三十祥异,
1634,山西,,垣曲,1634|山西|垣曲,明思宗崇祯七年,垣曲,《山西通志》,无,需校验地区信息,"v1,v2,v4,v6","v1,v2,v4,v6",4,0.5714,是,同年同省同来源同 record，但地区名存在近似异写或明显异体，需校验地区信息,太平、蒲县、安邑、万泉、绛州、阳城、隰州、垣曲、蒲州饥，人相食。——康熙《山西通志》卷三十祥异,太平、蒲县、安邑、万泉、绛州、阳城、隰州、垣曲、蒲州饥，人相食。——康熙《山西通志》卷三十祥异,,太平、蒲县、安邑、万泉、绛州、阳城、隰州、垣曲、蒲州饥，人相食。——康熙《山西通志》卷三十祥异,,太平、蒲县、安邑、万泉、绛州、阳城、隰州、垣曲、蒲州饥，人相食。——康熙《山西通志》卷三十祥异,
1634,山西,,太平,1634|山西|太平,明思宗崇祯七年,太平,《山西通志》,无,需校验地区信息,"v1,v2,v4,v6","v1,v2,v4,v6",4,0.5714,是,同年同省同来源同 record，但地区名存在近似异写或明显异体，需校验地区信息,太平、蒲县、安邑、万泉、绛州、阳城、隰州、垣曲、蒲州饥，人相食。——康熙《山西通志》卷三十祥异,太平、蒲县、安邑、万泉、绛州、阳城、隰州、垣曲、蒲州饥，人相食。——康熙《山西通志》卷三十祥异,,太平、蒲县、安邑、万泉、绛州、阳城、隰州、垣曲、蒲州饥，人相食。——康熙《山西通志》卷三十祥异,,太平、蒲县、安邑、万泉、绛州、阳城、隰州、垣曲、蒲州饥，人相食。——康熙《山西通志》卷三十祥异,
1634,山西,,安邑,1634|山西|安邑,明思宗崇祯七年,安邑,《山西通志》,无,需校验地区信息,"v1,v2,v4,v6","v1,v2,v4,v6",4,0.5714,是,同年同省同来源同 record，但地区名存在近似异写或明显异体，需校验地区信息,太平、蒲县、安邑、万泉、绛州、阳城、隰州、垣曲、蒲州饥，人相食。——康熙《山西通志》卷三十祥异,太平、蒲县、安邑、万泉、绛州、阳城、隰州、垣曲、蒲州饥，人相食。——康熙《山西通志》卷三十祥异,,太平、蒲县、安邑、万泉、绛州、阳城、隰州、垣曲、蒲州饥，人相食。——康熙《山西通志》卷三十祥异,,太平、蒲县、安邑、万泉、绛州、阳城、隰州、垣曲、蒲州饥，人相食。——康熙《山西通志》卷三十祥异,
1634,山西,,绛州,1634|山西|绛,明思宗崇祯七年,绛州,《山西通志》,无,需校验地区信息,"v1,v2,v4,v6","v1,v2,v4,v6",4,0.5714,是,同年同省同来源同 record，但地区名存在近似异写或明显异体，需校验地区信息,太平、蒲县、安邑、万泉、绛州、阳城、隰州、垣曲、蒲州饥，人相食。——康熙《山西通志》卷三十祥异,太平、蒲县、安邑、万泉、绛州、阳城、隰州、垣曲、蒲州饥，人相食。——康熙《山西通志》卷三十祥异,,太平、蒲县、安邑、万泉、绛州、阳城、隰州、垣曲、蒲州饥，人相食。——康熙《山西通志》卷三十祥异,,太平、蒲县、安邑、万泉、绛州、阳城、隰州、垣曲、蒲州饥，人相食。——康熙《山西通志》卷三十祥异,
1634,山西,,蒲县,1634|山西|蒲,明思宗崇祯七年,蒲县,《山西通志》,无,需校验地区信息,"v1,v2,v4,v6","v1,v2,v4,v6",4,0.5714,是,同年同省同来源同 record，但地区名存在近似异写或明显异体，需校验地区信息,太平、蒲县、安邑、万泉、绛州、阳城、隰州、垣曲、蒲州饥，人相食。——康熙《山西通志》卷三十祥异,太平、蒲县、安邑、万泉、绛州、阳城、隰州、垣曲、蒲州饥，人相食。——康熙《山西通志》卷三十祥异,,太平、蒲县、安邑、万泉、绛州、阳城、隰州、垣曲、蒲州饥，人相食。——康熙《山西通志》卷三十祥异,,太平、蒲县、安邑、万泉、绛州、阳城、隰州、垣曲、蒲州饥，人相食。——康熙《山西通志》卷三十祥异,
1634,山西,,阳城,1634|山西|阳城,明思宗崇祯七年,阳城,《山西通志》,无,需校验地区信息,"v1,v2,v4,v6","v1,v2,v4,v6",4,0.5714,是,同年同省同来源同 record，但地区名存在近似异写或明显异体，需校验地区信息,太平、蒲县、安邑、万泉、绛州、阳城、隰州、垣曲、蒲州饥，人相食。——康熙《山西通志》卷三十祥异,太平、蒲县、安邑、万泉、绛州、阳城、隰州、垣曲、蒲州饥，人相食。——康熙《山西通志》卷三十祥异,,太平、蒲县、安邑、万泉、绛州、阳城、隰州、垣曲、蒲州饥，人相食。——康熙《山西通志》卷三十祥异,,太平、蒲县、安邑、万泉、绛州、阳城、隰州、垣曲、蒲州饥，人相食。——康熙《山西通志》卷三十祥异,
1634,山西,,隰州,1634|山西|隰,明思宗崇祯七年,隰州,《山西通志》,无,需校验地区信息,"v1,v2,v4,v6","v1,v2,v4,v6",4,0.5714,是,同年同省同来源同 record，但地区名存在近似异写或明显异体，需校验地区信息,太平、蒲县、安邑、万泉、绛州、阳城、隰州、垣曲、蒲州饥，人相食。——康熙《山西通志》卷三十祥异,太平、蒲县、安邑、万泉、绛州、阳城、隰州、垣曲、蒲州饥，人相食。——康熙《山西通志》卷三十祥异,,太平、蒲县、安邑、万泉、绛州、阳城、隰州、垣曲、蒲州饥，人相食。——康熙《山西通志》卷三十祥异,,太平、蒲县、安邑、万泉、绛州、阳城、隰州、垣曲、蒲州饥，人相食。——康熙《山西通志》卷三十祥异,
1634,山西,,离石,1634|山西|离石,明思宗崇祯七年,永宁州,《平寇志》,原文为永宁州，即离石县,保留,"v1,v2,v4,v6","v1,v2,v4,v6",4,0.5714,是,,离石县：四月甲戌（十九）'发帑银五万，命御史梁炳赈饥陕西。时山西永宁州（离石县）民苏倚哥杀父母灸而食之。'——清彭贻孙《平寇志》崇祯七年,离石县：四月甲戌（十九）“发帑银五万，命御史梁炳赈饥陕西。时山西永宁州（离石县）民苏倚哥杀父母灸而食之。”——清彭贻孙《平寇志》崇祯七年,,离石县：四月甲戌（十九）'发帑银五万，命御史梁炳赈饥陕西。时山西永宁州（离石县）民苏倚哥杀父母灸而食之。'——清彭贻孙《平寇志》崇祯七年,,离石县：四月甲戌（十九）'发帑银五万，命御史梁炳赈饥陕西。时山西永宁州（离石县）民苏倚哥杀父母灸而食之。'——清彭贻孙《平寇志》崇祯七年,
1634,陕西,,,1634|陕西,明思宗崇祯七年,无,《明史·吴甘来传》,秦、晋指陕西、山西,保留,"v1,v2","v1,v2",2,0.2857,是,,西北大旱，秦、晋人相食。——《明史·吴甘来传》,西北大旱，秦、晋人相食。——《明史·吴甘来传》,,,,,
1634,山西,太原市,太原,1634|山西|太原|太原,明思宗崇祯七年,太原,《明史》,无,保留,"v1,v2,v4,v6","v1,v2,v4,v6",4,0.5714,是,,太原市：太原大饥，人相食。——《明史》卷三0《五行志》,太原市：太原大饥，人相食。——《明史》卷三0《五行志》,,太原市：太原大饥，人相食。——《明史》卷三0《五行志》,,太原市：太原大饥，人相食。——《明史》卷三0《五行志》,
1634,山西,,,1634|山西,明思宗崇祯七年,山西,《明实录》,无,需进一步分析,"v1,v2","v1,v2",2,0.2857,否,"同类 record 存在于 v1,v2,v3,v4,v5,v6,v7；本条仅存在于 v1,v2；占比 28.6%",三月丁亥，山西自去秋八月至今不雨，大饥，人相食。——《明实录·附录·崇祯》卷七,三月丁亥，山西自去秋八月至今不雨，大饥，人相食。——《明实录·附录·崇祯》卷七,,,,,
1634,山西,,汾阳,1634|山西|汾阳,明思宗崇祯七年,汾阳,《汾阳县志》,无,保留,"v1,v2,v4,v6","v1,v2,v4,v6",4,0.5714,是,,汾阳县：自去年八月至今年四月不雨，大饥，民相食。——康熙《汾阳县志》卷七灾祥,汾阳县：自去年八月至今年四月不雨，大饥，民相食。——康熙《汾阳县志》卷七灾祥,,汾阳县：自去年八月至今年四月不雨，大饥，民相食。——康熙《汾阳县志》卷七灾祥,,汾阳县：自去年八月至今年四月不雨，大饥，民相食。——康熙《汾阳县志》卷七灾祥,
1634,河南,,渑池,1634|河南|渑池,明思宗崇祯七年,无,《渑池县志》,无,保留,v6,v6,1,0.1429,是,,,,,,,河南：渑池县：大旱，赤地千里，人相食。——民国《渑池县志》卷十九祥异,
1634,河南,,渑池,1634|河南|渑池,明思宗崇祯七年,渑池,《渑池县志》,无,保留,"v1,v2,v4","v1,v2,v4",3,0.4286,是,,渑池县：大旱，赤地千里，人相食。——民国《渑池县志》卷十九祥异,渑池县：大旱，赤地千里，人相食。——民国《渑池县志》卷十九祥异,,渑池县：大旱，赤地千里，人相食。——民国《渑池县志》卷十九祥异,,,
1634,陕西,,耀县,1634|陕西|耀,明思宗崇祯七年,耀县,《续耀州志》,无,保留,"v1,v2,v4,v6","v1,v2,v4,v6",4,0.5714,是,,耀县：…入七年之春而更惨，初卖田产，既卖子女，又且先卖卖生，后卖卖死矣。初食死人，既食生人，又且先食食人，后食人食矣。——乾隆《续耀州志》卷九艺文,耀县：…入七年之春而更惨，初卖田产，既卖子女，又且先卖卖生，后卖卖死矣。初食死人，既食生人，又且先食食人，后食人食矣。——乾隆《续耀州志》卷九艺文,,耀县：…入七年之春而更惨，初卖田产，既卖子女，又且先卖卖生，后卖卖死矣。初食死人，既食生人，又且先食食人，后食人食矣。——乾隆《续耀州志》卷九艺文,,耀县：…入七年之春而更惨，初卖田产，既卖子女，又且先卖卖生，后卖卖死矣。初食死人，既食生人，又且先食食人，后食人食矣。——乾隆《续耀州志》卷九艺文,
1634,山西,,凤台,1634|山西|凤台,明思宗崇祯七年,无,凤台县志,无,需进一步分析,v7,v7,1,0.1429,否,"同类 record 存在于 v1,v2,v3,v4,v5,v6,v7；本条仅存在于 v7；占比 14.3%",,,,,,,晋城市：大旱，饥，人相食。
1634,山西,晋城,凤台,1634|山西|晋城|凤台,明思宗崇祯七年,凤台,凤台县志,无,保留,"v3,v5","v3,v5",2,0.2857,是,,,,晋城市：大旱，饥，人相食。——乾隆《凤台县志》卷十二纪事,,晋城市：大旱，饥，人相食。——乾隆《凤台县志》卷十二纪事,,
1634,山西,,吉县,1634|山西|吉,明思宗崇祯七年,无,吉州志,无,需进一步分析,v7,v7,1,0.1429,否,"同类 record 存在于 v1,v2,v3,v4,v5,v6,v7；本条仅存在于 v7；占比 14.3%",,,,,,,吉县：岁大饥，人互相食。
1634,山西,临汾,吉县,1634|山西|临汾|吉,明思宗崇祯七年,吉州,吉州志,无,保留,"v3,v5","v3,v5",2,0.2857,是,,,,吉县：岁大饥，人互相食。——康熙《吉州志》卷下纪年,,吉县：岁大饥，人互相食。——康熙《吉州志》卷下纪年,,
1634,山西,运城,垣曲,1634|山西|运城|垣曲,明思宗崇祯七年,无,垣曲县志,无,保留,"v3,v5","v3,v5",2,0.2857,是,,,,垣曲县：春夏亢旱，二麦尽枯。人民剥树皮、掘草根啖食充饥，甚之骨肉相食，尸首遍野，饿死流离者大半。——康熙《垣曲县志》卷十二灾荒,,垣曲县：春夏亢旱，二麦尽枯。人民剥树皮、掘草根啖食充饥，甚之骨肉相食，尸首遍野，饿死流离者大半。——康熙《垣曲县志》卷十二灾荒,,
1634,山西,,大宁,1634|山西|大宁,明思宗崇祯七年,无,大宁县志,无,需进一步分析,v7,v7,1,0.1429,否,"同类 record 存在于 v1,v2,v3,v4,v5,v6,v7；本条仅存在于 v7；占比 14.3%",,,,,,,大宁县：饥，人相食，死者以数千计。
1634,山西,临汾,大宁,1634|山西|临汾|大宁,明思宗崇祯七年,无,大宁县志,无,保留,"v3,v5","v3,v5",2,0.2857,是,,,,大宁县：饥，人相食，死者以数千计。——雍正《大宁县志》卷七灾祥,,大宁县：饥，人相食，死者以数千计。——雍正《大宁县志》卷七灾祥,,
1634,山西,,万泉,1634|山西|万泉,明思宗崇祯七年,无,山西通志,无,需校验地区信息,"v3,v5,v7","v3,v5,v7",3,0.4286,是,同年同省同来源同 record，但地区名存在近似异写或明显异体，需校验地区信息,,,太平、蒲县、安邑、万泉、绛州、阳城、隰州、垣曲、蒲州饥，人相食。——康熙《山西通志》卷三十祥异,,太平、蒲县、安邑、万泉、绛州、阳城、隰州、垣曲、蒲州饥，人相食。——康熙《山西通志》卷三十祥异,,太平、蒲县、安邑、万泉、绛州、阳城、隰州、垣曲、蒲州饥，人相食。——康熙《山西通志》卷三十祥异
1634,山西,运城,垣曲,1634|山西|运城|垣曲,明思宗崇祯七年,无,山西通志,无,需校验地区信息,"v3,v5,v7","v3,v5,v7",3,0.4286,是,同年同省同来源同 record，但地区名存在近似异写或明显异体，需校验地区信息,,,太平、蒲县、安邑、万泉、绛州、阳城、隰州、垣曲、蒲州饥，人相食。——康熙《山西通志》卷三十祥异,,太平、蒲县、安邑、万泉、绛州、阳城、隰州、垣曲、蒲州饥，人相食。——康熙《山西通志》卷三十祥异,,太平、蒲县、安邑、万泉、绛州、阳城、隰州、垣曲、蒲州饥，人相食。——康熙《山西通志》卷三十祥异
1634,山西,,太平,1634|山西|太平,明思宗崇祯七年,无,山西通志,无,需校验地区信息,"v3,v5,v7","v3,v5,v7",3,0.4286,是,同年同省同来源同 record，但地区名存在近似异写或明显异体，需校验地区信息,,,太平、蒲县、安邑、万泉、绛州、阳城、隰州、垣曲、蒲州饥，人相食。——康熙《山西通志》卷三十祥异,,太平、蒲县、安邑、万泉、绛州、阳城、隰州、垣曲、蒲州饥，人相食。——康熙《山西通志》卷三十祥异,,太平、蒲县、安邑、万泉、绛州、阳城、隰州、垣曲、蒲州饥，人相食。——康熙《山西通志》卷三十祥异
1634,山西,,安邑,1634|山西|安邑,明思宗崇祯七年,无,山西通志,无,需校验地区信息,"v3,v5,v7","v3,v5,v7",3,0.4286,是,同年同省同来源同 record，但地区名存在近似异写或明显异体，需校验地区信息,,,太平、蒲县、安邑、万泉、绛州、阳城、隰州、垣曲、蒲州饥，人相食。——康熙《山西通志》卷三十祥异,,太平、蒲县、安邑、万泉、绛州、阳城、隰州、垣曲、蒲州饥，人相食。——康熙《山西通志》卷三十祥异,,太平、蒲县、安邑、万泉、绛州、阳城、隰州、垣曲、蒲州饥，人相食。——康熙《山西通志》卷三十祥异
1634,山西,运城,绛州,1634|山西|运城|绛,明思宗崇祯七年,绛州,山西通志,无,需校验地区信息,"v3,v5,v7","v3,v5,v7",3,0.4286,是,同年同省同来源同 record，但地区名存在近似异写或明显异体，需校验地区信息,,,太平、蒲县、安邑、万泉、绛州、阳城、隰州、垣曲、蒲州饥，人相食。——康熙《山西通志》卷三十祥异,,太平、蒲县、安邑、万泉、绛州、阳城、隰州、垣曲、蒲州饥，人相食。——康熙《山西通志》卷三十祥异,,太平、蒲县、安邑、万泉、绛州、阳城、隰州、垣曲、蒲州饥，人相食。——康熙《山西通志》卷三十祥异
1634,山西,,蒲县,1634|山西|蒲,明思宗崇祯七年,无,山西通志,无,需校验地区信息,"v3,v5,v7","v3,v5,v7",3,0.4286,是,同年同省同来源同 record，但地区名存在近似异写或明显异体，需校验地区信息,,,太平、蒲县、安邑、万泉、绛州、阳城、隰州、垣曲、蒲州饥，人相食。——康熙《山西通志》卷三十祥异,,太平、蒲县、安邑、万泉、绛州、阳城、隰州、垣曲、蒲州饥，人相食。——康熙《山西通志》卷三十祥异,,太平、蒲县、安邑、万泉、绛州、阳城、隰州、垣曲、蒲州饥，人相食。——康熙《山西通志》卷三十祥异
1634,山西,,阳城,1634|山西|阳城,明思宗崇祯七年,无,山西通志,无,需校验地区信息,"v3,v5,v7","v3,v5,v7",3,0.4286,是,同年同省同来源同 record，但地区名存在近似异写或明显异体，需校验地区信息,,,太平、蒲县、安邑、万泉、绛州、阳城、隰州、垣曲、蒲州饥，人相食。——康熙《山西通志》卷三十祥异,,太平、蒲县、安邑、万泉、绛州、阳城、隰州、垣曲、蒲州饥，人相食。——康熙《山西通志》卷三十祥异,,太平、蒲县、安邑、万泉、绛州、阳城、隰州、垣曲、蒲州饥，人相食。——康熙《山西通志》卷三十祥异
1634,山西,临汾,隰州,1634|山西|临汾|隰,明思宗崇祯七年,隰州,山西通志,无,需校验地区信息,"v3,v5,v7","v3,v5,v7",3,0.4286,是,同年同省同来源同 record，但地区名存在近似异写或明显异体，需校验地区信息,,,太平、蒲县、安邑、万泉、绛州、阳城、隰州、垣曲、蒲州饥，人相食。——康熙《山西通志》卷三十祥异,,太平、蒲县、安邑、万泉、绛州、阳城、隰州、垣曲、蒲州饥，人相食。——康熙《山西通志》卷三十祥异,,太平、蒲县、安邑、万泉、绛州、阳城、隰州、垣曲、蒲州饥，人相食。——康熙《山西通志》卷三十祥异
1634,山西,,永宁州,1634|山西|永宁,明思宗崇祯七年,永宁州,平寇志,无,需进一步分析,v7,v7,1,0.1429,否,"同类 record 存在于 v1,v2,v3,v4,v5,v6,v7；本条仅存在于 v7；占比 14.3%",,,,,,,离石县：四月甲戌（十九）'发帑银五万，命御史梁炳赈饥陕西。时山西永宁州（离石县）民苏倚哥杀父母灸而食之。'
1634,山西,,离石,1634|山西|离石,明思宗崇祯七年,永宁州,平寇志,永宁州即离石县,保留,"v3,v5","v3,v5",2,0.2857,是,,,,离石县：四月甲戌（十九）'发帑银五万，命御史梁炳赈饥陕西。时山西永宁州（离石县）民苏倚哥杀父母灸而食之。'——清彭贻孙《平寇志》崇祯七年,,离石县：四月甲戌（十九）'发帑银五万，命御史梁炳赈饥陕西。时山西永宁州（离石县）民苏倚哥杀父母灸而食之。'——清彭贻孙《平寇志》崇祯七年,,
1634,山西,太原,太原,1634|山西|太原|太原,明思宗崇祯七年,无,明史,无,需进一步分析,v7,v7,1,0.1429,否,"同类 record 存在于 v1,v2,v3,v4,v5,v6,v7；本条仅存在于 v7；占比 14.3%",,,,,,,太原市：太原大饥，人相食。
1634,山西,太原,太原,1634|山西|太原|太原,明思宗崇祯七年,无,明史,无,保留,"v3,v5","v3,v5",2,0.2857,是,,,,太原市：太原大饥，人相食。——《明史》卷三0《五行志》,,太原市：太原大饥，人相食。——《明史》卷三0《五行志》,,
1634,山西,,山西,1634|山西|山西,明思宗崇祯七年,无,明实录·附录·崇祯,无,保留,v5,v5,1,0.1429,是,,,,,,三月丁亥，山西自去秋八月至今不雨，大饥，人相食。——《明实录·附录·崇祯》卷七,,
1634,山西,,汾阳,1634|山西|汾阳,明思宗崇祯七年,无,汾阳县志,无,需进一步分析,v7,v7,1,0.1429,否,"同类 record 存在于 v1,v2,v3,v4,v5,v6,v7；本条仅存在于 v7；占比 14.3%",,,,,,,汾阳县：自去年八月至今年四月不雨，大饥，民相食。
1634,山西,吕梁,汾阳,1634|山西|吕梁|汾阳,明思宗崇祯七年,无,汾阳县志,无,保留,"v3,v5","v3,v5",2,0.2857,是,,,,汾阳县：自去年八月至今年四月不雨，大饥，民相食。——康熙《汾阳县志》卷七灾祥,,汾阳县：自去年八月至今年四月不雨，大饥，民相食。——康熙《汾阳县志》卷七灾祥,,
1634,河南,,渑池,1634|河南|渑池,明思宗崇祯七年,无,渑池县志,无,需进一步分析,v7,v7,1,0.1429,否,"同类 record 存在于 v1,v2,v3,v4,v5,v6,v7；本条仅存在于 v7；占比 14.3%",,,,,,,渑池县：大旱，赤地千里，人相食。
1634,河南,三门峡,渑池,1634|河南|三门峡|渑池,明思宗崇祯七年,无,渑池县志,无,保留,"v3,v5","v3,v5",2,0.2857,是,,,,渑池县：大旱，赤地千里，人相食。——民国《渑池县志》卷十九祥异,,渑池县：大旱，赤地千里，人相食。——民国《渑池县志》卷十九祥异,,
1634,陕西,,耀县,1634|陕西|耀,明思宗崇祯七年,无,续耀州志,无,需进一步分析,v7,v7,1,0.1429,否,"同类 record 存在于 v1,v2,v3,v4,v5,v6,v7；本条仅存在于 v7；占比 14.3%",,,,,,,耀县：…入七年之春而更惨，初卖田产，既卖子女，又且先卖卖生，后卖卖死矣。初食死人，既食生人，又且先食食人，后食人食矣。
1634,陕西,铜川,耀县,1634|陕西|铜川|耀,明思宗崇祯七年,耀州,续耀州志,无,保留,"v3,v5","v3,v5",2,0.2857,是,,,,耀县：…入七年之春而更惨，初卖田产，既卖子女，又且先卖卖生，后卖卖死矣。初食死人，既食生人，又且先食食人，后食人食矣。——乾隆《续耀州志》卷九艺文,,耀县：…入七年之春而更惨，初卖田产，既卖子女，又且先卖卖生，后卖卖死矣。初食死人，既食生人，又且先食食人，后食人食矣。——乾隆《续耀州志》卷九艺文,,
1635,河南,,上蔡县,1635|河南|上蔡,明思宗崇祯八年,无,《上蔡县志》,无,保留,"v1,v2,v4,v5,v6,v7","v1,v2,v4,v5,v6,v7",6,0.8571,是,,上蔡县：春大疫。大饥，人相食。——康熙《上蔡县志》卷十二编年,上蔡县：春大疫。大饥，人相食。——康熙《上蔡县志》卷十二编年,,上蔡县：春大疫。大饥，人相食。——康熙《上蔡县志》卷十二编年,上蔡县：春大疫。大饥，人相食。——康熙《上蔡县志》卷十二编年,上蔡县：春大疫。大饥，人相食。——康熙《上蔡县志》卷十二编年,上蔡县：春大疫。大饥，人相食。——康熙《上蔡县志》卷十二编年
1635,河南,,汝南县,1635|河南|汝南,明思宗崇祯八年,无,《汝阳县志》,无,保留,"v1,v2,v4,v5,v6,v7","v1,v2,v4,v5,v6,v7",6,0.8571,是,,汝南县：春大疫。谷贵，民多饥死，父母妻子析离，糜人而食，甚有母食子，幼食老者，田地自此荒芜。秋旱，碾块待雨，正月种麦。——顺治《汝阳县志》卷十轡祥,汝南县：春大疫。谷贵，民多饥死，父母妻子析离，糜人而食，甚有母食子，幼食老者，田地自此荒芜。秋旱，碾块待雨，正月种麦。——顺治《汝阳县志》卷十轡祥,,汝南县：春大疫。谷贵，民多饥死，父母妻子析离，糜人而食，甚有母食子，幼食老者，田地自此荒芜。秋旱，碾块待雨，正月种麦。——顺治《汝阳县志》卷十轡祥,汝南县：春大疫。谷贵，民多饥死，父母妻子析离，糜人而食，甚有母食子，幼食老者，田地自此荒芜。秋旱，碾块待雨，正月种麦。——顺治《汝阳县志》卷十轡祥,汝南县：春大疫。谷贵，民多饥死，父母妻子析离，糜人而食，甚有母食子，幼食老者，田地自此荒芜。秋旱，碾块待雨，正月种麦。——顺治《汝阳县志》卷十轡祥,汝南县：春大疫。谷贵，民多饥死，父母妻子析离，糜人而食，甚有母食子，幼食老者，田地自此荒芜。秋旱，碾块待雨，正月种麦。——顺治《汝阳县志》卷十轡祥
1635,陕西,,靖边县,1635|陕西|靖边,明思宗崇祯八年,无,《靖边志稿》,转引《西北灾荒史》,保留,"v2,v5,v6,v7","v2,v5,v6,v7",4,0.5714,是,,,靖边县：大旱，赤地千里，民饥死者十之八九，人相食。——《靖边志稿》（光绪二十五年），《西北灾荒史》第433页。,,,靖边县：大旱，赤地千里，民饥死者十之八九，人相食。——《靖边志稿》（光绪二十五年），《西北灾荒史》第433页。,靖边县：大旱，赤地千里，民饥死者十之八九，人相食。——《靖边志稿》（光绪二十五年），《西北灾荒史》第433页。,靖边县：大旱，赤地千里，民饥死者十之八九，人相食。——《靖边志稿》（光绪二十五年），《西北灾荒史》第433页。
1635,陕西,,靖边县,1635|陕西|靖边,明思宗崇祯八年,无,《靖边志稿》转引《西北灾荒史》,无,需进一步分析,"v1,v4","v1,v4",2,0.2857,否,"同类 record 存在于 v1,v2,v3,v4,v5,v6,v7；本条仅存在于 v1,v4；占比 28.6%",靖边县：大旱，赤地千里，民饥死者十之八九，人相食。——《靖边志稿》（光绪二十五年），《西北灾荒史》第433页。,,,靖边县：大旱，赤地千里，民饥死者十之八九，人相食。——《靖边志稿》（光绪二十五年），《西北灾荒史》第433页。,,,
1635,河南,,上蔡县,1635|河南|上蔡,明思宗崇祯八年,无,上蔡县志,无,保留,v3,v3,1,0.1429,是,,,,上蔡县：春大疫。大饥，人相食。——康熙《上蔡县志》卷十二编年,,,,
1635,河南,,汝南县,1635|河南|汝南,明思宗崇祯八年,无,汝阳县志,无,保留,v3,v3,1,0.1429,是,,,,汝南县：春大疫。谷贵，民多饥死，父母妻子析离，糜人而食，甚有母食子，幼食老者，田地自此荒芜。秋旱，碾块待雨，正月种麦。——顺治《汝阳县志》卷十轡祥,,,,
1635,陕西,,靖边县,1635|陕西|靖边,明思宗崇祯八年,无,靖边志稿转引西北灾荒史,无,需进一步分析,v3,v3,1,0.1429,否,"同类 record 存在于 v1,v2,v3,v4,v5,v6,v7；本条仅存在于 v3；占比 14.3%",,,靖边县：大旱，赤地千里，民饥死者十之八九，人相食。——《靖边志稿》（光绪二十五年），《西北灾荒史》第433页。,,,,
1636,山西,,保德县,1636|山西|保德,明思宗崇祯九年,无,《保德州志》,无,保留,"v2,v3,v4,v5,v7","v2,v3,v4,v5,v7",5,0.7143,是,,,保德县：九年以后，无岁不荒，至十三年斗米八钱，人相食。——康熙《保德州志》卷三祥异,保德县：九年以后，无岁不荒，至十三年斗米八钱，人相食。——康熙《保德州志》卷三祥异,保德县：九年以后，无岁不荒，至十三年斗米八钱，人相食。——康熙《保德州志》卷三祥异,保德县：九年以后，无岁不荒，至十三年斗米八钱，人相食。——康熙《保德州志》卷三祥异,,保德县：九年以后，无岁不荒，至十三年斗米八钱，人相食。——康熙《保德州志》卷三祥异
1636,河南,,内乡县,1636|河南|内乡,明思宗崇祯九年,无,《内乡县志》,无,保留,"v2,v3,v4,v5,v7","v2,v3,v4,v5,v7",5,0.7143,是,,,内乡县：大疫，死亡不可胜数，竟有不掩埋者。人相食。——康熙《内乡县志》卷十一祥异,内乡县：大疫，死亡不可胜数，竟有不掩埋者。人相食。——康熙《内乡县志》卷十一祥异,内乡县：大疫，死亡不可胜数，竟有不掩埋者。人相食。——康熙《内乡县志》卷十一祥异,内乡县：大疫，死亡不可胜数，竟有不掩埋者。人相食。——康熙《内乡县志》卷十一祥异,,内乡县：大疫，死亡不可胜数，竟有不掩埋者。人相食。——康熙《内乡县志》卷十一祥异
1636,河南,,正阳县,1636|河南|正阳,明思宗崇祯九年,无,《华北、东北近五百年旱涝史料》,无,保留,"v2,v3,v4,v5,v7","v2,v3,v4,v5,v7",5,0.7143,是,,,正阳县：蝗，大饥，人相食。——《华北、东北近五百年旱涝史料》第四分册，第82页。,正阳县：蝗，大饥，人相食。——《华北、东北近五百年旱涝史料》第四分册，第82页。,正阳县：蝗，大饥，人相食。——《华北、东北近五百年旱涝史料》第四分册，第82页。,正阳县：蝗，大饥，人相食。——《华北、东北近五百年旱涝史料》第四分册，第82页。,,正阳县：蝗，大饥，人相食。——《华北、东北近五百年旱涝史料》第四分册，第82页。
1636,山西,,屯留县,1636|山西|屯留,明思宗崇祯九年,无,《屯留县志》,无,保留,"v2,v3,v4,v5,v7","v2,v3,v4,v5,v7",5,0.7143,是,,,屯留县：七月，蝗食禾，大饥，民相食。——康熙《屯留县志》卷三祥异,屯留县：七月，蝗食禾，大饥，民相食。——康熙《屯留县志》卷三祥异,屯留县：七月，蝗食禾，大饥，民相食。——康熙《屯留县志》卷三祥异,屯留县：七月，蝗食禾，大饥，民相食。——康熙《屯留县志》卷三祥异,,屯留县：七月，蝗食禾，大饥，民相食。——康熙《屯留县志》卷三祥异
1636,山西,,,1636|山西,明思宗崇祯九年,无,《明史》,无,保留,v4,v4,1,0.1429,是,,,,,二月，山西大饥，人相食。——《明史·庄烈帝纪》,,,
1636,河南,,南阳市,1636|河南|南阳,明思宗崇祯九年,无,《明史》,无,保留,"v2,v3,v4,v5,v7","v2,v3,v4,v5,v7",5,0.7143,是,,,南阳市：南阳大饥，有母烹其女者。——《明史》卷三0《五行志》,南阳市：南阳大饥，有母烹其女者。——《明史》卷三0《五行志》,南阳市：南阳大饥，有母烹其女者。——《明史》卷三0《五行志》,南阳市：南阳大饥，有母烹其女者。——《明史》卷三0《五行志》,,南阳市：南阳大饥，有母烹其女者。——《明史》卷三0《五行志》
1636,河南,,桐柏县,1636|河南|桐柏,明思宗崇祯九年,无,《桐柏县志》,无,保留,"v2,v3,v4,v5,v7","v2,v3,v4,v5,v7",5,0.7143,是,,,桐柏县：人相食。——乾隆《桐柏县志》卷一祥异,桐柏县：人相食。——乾隆《桐柏县志》卷一祥异,桐柏县：人相食。——乾隆《桐柏县志》卷一祥异,桐柏县：人相食。——乾隆《桐柏县志》卷一祥异,,桐柏县：人相食。——乾隆《桐柏县志》卷一祥异
1636,河南,,浙川县,1636|河南|浙川,明思宗崇祯九年,无,《浙川县志》,无,保留,"v2,v3,v4,v7","v2,v3,v4,v7",4,0.5714,是,,,浙川县：饥荒之余，瘟疫大作，死者仆道，父老夫妇老稚更相残食。——康熙《浙川县志》卷八灾祥,浙川县：饥荒之余，瘟疫大作，死者仆道，父老夫妇老稚更相残食。——康熙《浙川县志》卷八灾祥,浙川县：饥荒之余，瘟疫大作，死者仆道，父老夫妇老稚更相残食。——康熙《浙川县志》卷八灾祥,,,浙川县：饥荒之余，瘟疫大作，死者仆道，父老夫妇老稚更相残食。——康熙《浙川县志》卷八灾祥
1636,河南,,淅川县,1636|河南|淅川,明思宗崇祯九年,无,《淅川县志》,无,需进一步分析,v5,v5,1,0.1667,否,"同类 record 存在于 v2,v3,v4,v5,v6,v7；本条仅存在于 v5；占比 16.7%",,,,,浙川县：饥荒之余，瘟疫大作，死者仆道，父老夫妇老稚更相残食。——康熙《浙川县志》卷八灾祥,,
1636,河南,,获嘉县,1636|河南|获嘉,明思宗崇祯九年,无,《获嘉县志》,无,保留,"v2,v3,v4,v5,v7","v2,v3,v4,v5,v7",5,0.7143,是,,,获嘉县：九年至十三年，五载旱蝗，兼以兵贼焚掠，疫疠横作，民死于兵、死于贼、死于饥寒、并死于疫疠者，百不存一二，庐舍丘墟。存活者先食草根树皮，后至父子、兄弟、夫妻自相残食，惨不忍言，骸骨遍郊野。人不畏死，法亦不能禁也。——康熙《获嘉县志》卷十杂志,获嘉县：九年至十三年，五载旱蝗，兼以兵贼焚掠，疫疠横作，民死于兵、死于贼、死于饥寒、并死于疫疠者，百不存一二，庐舍丘墟。存活者先食草根树皮，后至父子、兄弟、夫妻自相残食，惨不忍言，骸骨遍郊野。人不畏死，法亦不能禁也。——康熙《获嘉县志》卷十杂志,获嘉县：九年至十三年，五载旱蝗，兼以兵贼焚掠，疫疠横作，民死于兵、死于贼、死于饥寒、并死于疫疠者，百不存一二，庐舍丘墟。存活者先食草根树皮，后至父子、兄弟、夫妻自相残食，惨不忍言，骸骨遍郊野。人不畏死，法亦不能禁也。——康熙《获嘉县志》卷十杂志,获嘉县：九年至十三年，五载旱蝗，兼以兵贼焚掠，疫疠横作，民死于兵、死于贼、死于饥寒、并死于疫疠者，百不存一二，庐舍丘墟。存活者先食草根树皮，后至父子、兄弟、夫妻自相残食，惨不忍言，骸骨遍郊野。人不畏死，法亦不能禁也。——康熙《获嘉县志》卷十杂志,,获嘉县：九年至十三年，五载旱蝗，兼以兵贼焚掠，疫疠横作，民死于兵、死于贼、死于饥寒、并死于疫疠者，百不存一二，庐舍丘墟。存活者先食草根树皮，后至父子、兄弟、夫妻自相残食，惨不忍言，骸骨遍郊野。人不畏死，法亦不能禁也。——康熙《获嘉县志》卷十杂志
1636,河南,,邓县,1636|河南|邓,明思宗崇祯九年,无,《邓州志》,无,保留,"v2,v3,v4,v5,v7","v2,v3,v4,v5,v7",5,0.7143,是,,,邓县：夏蝗，旱，民相食。——顺治《邓州志》卷二郡纪,邓县：夏蝗，旱，民相食。——顺治《邓州志》卷二郡纪,邓县：夏蝗，旱，民相食。——顺治《邓州志》卷二郡纪,邓县：夏蝗，旱，民相食。——顺治《邓州志》卷二郡纪,,邓县：夏蝗，旱，民相食。——顺治《邓州志》卷二郡纪
1636,山西,,闻喜县,1636|山西|闻喜,明思宗崇祯九年,无,《闻喜县志》,无,保留,"v2,v3,v4,v7","v2,v3,v4,v7",4,0.5714,是,,,闻喜县：是年正月，岭西官庄张孟春等杀食席师曾、席单凤，乡人首子官。知县杨伟绩据以申报荒灾，抚按题奏晋饥，援入疏内，故有是命。——民国《闻喜县志》卷二十四旧闻,闻喜县：是年正月，岭西官庄张孟春等杀食席师曾、席单凤，乡人首子官。知县杨伟绩据以申报荒灾，抚按题奏晋饥，援入疏内，故有是命。——民国《闻喜县志》卷二十四旧闻,闻喜县：是年正月，岭西官庄张孟春等杀食席师曾、席单凤，乡人首子官。知县杨伟绩据以申报荒灾，抚按题奏晋饥，援入疏内，故有是命。——民国《闻喜县志》卷二十四旧闻,,,闻喜县：是年正月，岭西官庄张孟春等杀食席师曾、席单凤，乡人首子官。知县杨伟绩据以申报荒灾，抚按题奏晋饥，援入疏内，故有是命。——民国《闻喜县志》卷二十四旧闻
1636,山西,,保德县,1636|山西|保德,明思宗崇祯九年,无,保德州志,无,保留,v6,v6,1,0.1429,是,,,,,,,保德县：九年以后，无岁不荒，至十三年斗米八钱，人相食。——康熙《保德州志》卷三祥异,
1636,河南,,内乡县,1636|河南|内乡,明思宗崇祯九年,无,内乡县志,无,保留,v6,v6,1,0.1429,是,,,,,,,内乡县：大疫，死亡不可胜数，竟有不掩埋者。人相食。——康熙《内乡县志》卷十一祥异,
1636,河南,,正阳县,1636|河南|正阳,明思宗崇祯九年,无,华北、东北近五百年旱涝史料,无,保留,v6,v6,1,0.1429,是,,,,,,,正阳县：蝗，大饥，人相食。——《华北、东北近五百年旱涝史料》第四分册，第82页。,
1636,山西,,屯留县,1636|山西|屯留,明思宗崇祯九年,无,屯留县志,无,保留,v6,v6,1,0.1429,是,,,,,,,屯留县：七月，蝗食禾，大饥，民相食。——康熙《屯留县志》卷三祥异,
1636,河南,,南阳市,1636|河南|南阳,明思宗崇祯九年,无,明史,无,保留,v6,v6,1,0.1429,是,,,,,,,南阳市：南阳大饥，有母烹其女者。——《明史》卷三0《五行志》,
1636,河南,,桐柏县,1636|河南|桐柏,明思宗崇祯九年,无,桐柏县志,无,保留,v6,v6,1,0.1429,是,,,,,,,桐柏县：人相食。——乾隆《桐柏县志》卷一祥异,
1636,河南,,浙川县,1636|河南|浙川,明思宗崇祯九年,无,浙川县志,无,保留,v6,v6,1,0.1429,是,,,,,,,浙川县：饥荒之余，瘟疫大作，死者仆道，父老夫妇老稚更相残食。——康熙《浙川县志》卷八灾祥,
1636,河南,,获嘉县,1636|河南|获嘉,明思宗崇祯九年,无,获嘉县志,无,保留,v6,v6,1,0.1429,是,,,,,,,获嘉县：九年至十三年，五载旱蝗，兼以兵贼焚掠，疫疠横作，民死于兵、死于贼、死于饥寒、并死于疫疠者，百不存一二，庐舍丘墟。存活者先食草根树皮，后至父子、兄弟、夫妻自相残食，惨不忍言，骸骨遍郊野。人不畏死，法亦不能禁也。——康熙《获嘉县志》卷十杂志,
1636,河南,,邓县,1636|河南|邓,明思宗崇祯九年,无,邓州志,无,保留,v6,v6,1,0.1429,是,,,,,,,邓县：夏蝗，旱，民相食。——顺治《邓州志》卷二郡纪,
1636,山西,,闻喜县,1636|山西|闻喜,明思宗崇祯九年,无,闻喜县志,无,保留,v6,v6,1,0.1429,是,,,,,,,闻喜县：是年正月，岭西官庄张孟春等杀食席师曾、席单凤，乡人首子官。知县杨伟绩据以申报荒灾，抚按题奏晋饥，援入疏内，故有是命。——民国《闻喜县志》卷二十四旧闻,
1637,浙江,杭州,杭州市,1637|浙江|杭|杭,明思宗崇祯十年,无,《杭州府志》,无,保留,"v1,v2,v4","v1,v2,v4",3,0.4286,是,,杭州市：大饥，父子、兄弟、夫妇相食。——光绪《杭州府志》卷一七八,杭州市：大饥，父子、兄弟、夫妇相食。——光绪《杭州府志》卷一七八,,杭州市：大饥，父子、兄弟、夫妇相食。——光绪《杭州府志》卷一七八,,,
1637,河南,,沈丘县,1637|河南|沈丘,明思宗崇祯十年,无,《沈丘县志》,无,保留,"v1,v2,v4","v1,v2,v4",3,0.4286,是,,沈丘县：春大饥，民鬻子女，啖草子树皮，人相食。——顺治《沈丘县志》卷十三灾祥,沈丘县：春大饥，民鬻子女，啖草子树皮，人相食。——顺治《沈丘县志》卷十三灾祥,,沈丘县：春大饥，民鬻子女，啖草子树皮，人相食。——顺治《沈丘县志》卷十三灾祥,,,
1637,浙江,杭州,杭州市,1637|浙江|杭|杭,明思宗崇祯十年,无,杭州府志,无,保留,"v3,v5,v7","v3,v5,v7",3,0.4286,是,,,,杭州市：大饥，父子、兄弟、夫妇相食。——光绪《杭州府志》卷一七八,,杭州市：大饥，父子、兄弟、夫妇相食。——光绪《杭州府志》卷一七八,,杭州市：大饥，父子、兄弟、夫妇相食。——光绪《杭州府志》卷一七八
1637,河南,,沈丘县,1637|河南|沈丘,明思宗崇祯十年,无,沈丘县志,无,保留,"v3,v5,v6,v7","v3,v5,v6,v7",4,0.5714,是,,,,沈丘县：春大饥，民鬻子女，啖草子树皮，人相食。——顺治《沈丘县志》卷十三灾祥,,沈丘县：春大饥，民鬻子女，啖草子树皮，人相食。——顺治《沈丘县志》卷十三灾祥,沈丘县：春大饥，民鬻子女，啖草子树皮，人相食。——顺治《沈丘县志》卷十三灾祥,沈丘县：春大饥，民鬻子女，啖草子树皮，人相食。——顺治《沈丘县志》卷十三灾祥
1638,山东,泰安,泰安市,1638|山东|泰安|泰安,明思宗崇祯十一年,无,《华北、东北近五百年旱涝史料》,无,保留,"v1,v2,v3,v4,v7","v1,v2,v3,v4,v7",5,0.7143,是,,泰安市：大饥，人相食。——《华北、东北近五百年旱涝史料》第三分册，第8页。,泰安市：大饥，人相食。——《华北、东北近五百年旱涝史料》第三分册，第8页。,泰安市：大饥，人相食。——《华北、东北近五百年旱涝史料》第三分册，第8页。,泰安市：大饥，人相食。——《华北、东北近五百年旱涝史料》第三分册，第8页。,,,泰安市：大饥，人相食。——《华北、东北近五百年旱涝史料》第三分册，第8页。
1638,山东,,泰安市,1638|山东|泰安,明思宗崇祯十一年,无,《华北、东北近五百年旱涝史料》,无,保留,"v5,v6","v5,v6",2,0.2857,是,,,,,,山东：泰安市：大饥，人相食。——《华北、东北近五百年旱涝史料》第三分册，第8页。,山东：泰安市：大饥，人相食。——《华北、东北近五百年旱涝史料》第三分册，第8页。,
1638,河南,,密县,1638|河南|密,明思宗崇祯十一年,无,《密县志》,无,保留,"v5,v6","v5,v6",2,0.2857,是,,,,,,河南：密县：十一至十四年旱蝗迭际，荒歉异常，道馑枕藉，人至相食，即父子夫妇亦有忍啖不忌者。知县朱敏许拊念流涕，曾绘《流民图》奏进。——顺治九年《密县志》卷七祥异,河南：密县：十一至十四年旱蝗迭际，荒歉异常，道馑枕藉，人至相食，即父子夫妇亦有忍啖不忌者。知县朱敏许拊念流涕，曾绘《流民图》奏进。——顺治九年《密县志》卷七祥异,
1638,河南,,密县,1638|河南|密,明思宗崇祯十一年,无,《密县志》,无,保留,"v1,v2,v3,v4,v7","v1,v2,v3,v4,v7",5,0.7143,是,,密县：十一至十四年旱蝗迭际，荒歉异常，道馑枕藉，人至相食，即父子夫妇亦有忍啖不忌者。知县朱敏许拊念流涕，曾绘《流民图》奏进。——顺治九年《密县志》卷七祥异,密县：十一至十四年旱蝗迭际，荒歉异常，道馑枕藉，人至相食，即父子夫妇亦有忍啖不忌者。知县朱敏许拊念流涕，曾绘《流民图》奏进。——顺治九年《密县志》卷七祥异,密县：十一至十四年旱蝗迭际，荒歉异常，道馑枕藉，人至相食，即父子夫妇亦有忍啖不忌者。知县朱敏许拊念流涕，曾绘《流民图》奏进。——顺治九年《密县志》卷七祥异,密县：十一至十四年旱蝗迭际，荒歉异常，道馑枕藉，人至相食，即父子夫妇亦有忍啖不忌者。知县朱敏许拊念流涕，曾绘《流民图》奏进。——顺治九年《密县志》卷七祥异,,,密县：十一至十四年旱蝗迭际，荒歉异常，道馑枕藉，人至相食，即父子夫妇亦有忍啖不忌者。知县朱敏许拊念流涕，曾绘《流民图》奏进。——顺治九年《密县志》卷七祥异
1638,山西,,武乡县,1638|山西|武乡,明思宗崇祯十一年,无,《武乡县志》,无,保留,"v1,v2,v3,v4,v7","v1,v2,v3,v4,v7",5,0.7143,是,,武乡县：是年，先旱后风。民饥，人相食。——乾隆《武乡县志》卷二灾祥,武乡县：是年，先旱后风。民饥，人相食。——乾隆《武乡县志》卷二灾祥,武乡县：是年，先旱后风。民饥，人相食。——乾隆《武乡县志》卷二灾祥,武乡县：是年，先旱后风。民饥，人相食。——乾隆《武乡县志》卷二灾祥,,,武乡县：是年，先旱后风。民饥，人相食。——乾隆《武乡县志》卷二灾祥
1638,山西,,武乡县,1638|山西|武乡,明思宗崇祯十一年,无,《武乡县志》,无,保留,"v5,v6","v5,v6",2,0.2857,是,,,,,,山西：武乡县：是年，先旱后风。民饥，人相食。——乾隆《武乡县志》卷二灾祥,山西：武乡县：是年，先旱后风。民饥，人相食。——乾隆《武乡县志》卷二灾祥,
1638,湖北,,竹溪县,1638|湖北|竹溪,明思宗崇祯十一年,无,《湖北通志》,无,保留,"v1,v2,v3,v4,v7","v1,v2,v3,v4,v7",5,0.7143,是,,竹溪县：饥，人相食。——嘉庆《湖北通志》卷四十六祥异,竹溪县：饥，人相食。——嘉庆《湖北通志》卷四十六祥异,竹溪县：饥，人相食。——嘉庆《湖北通志》卷四十六祥异,竹溪县：饥，人相食。——嘉庆《湖北通志》卷四十六祥异,,,竹溪县：饥，人相食。——嘉庆《湖北通志》卷四十六祥异
1638,湖北,,竹溪县,1638|湖北|竹溪,明思宗崇祯十一年,无,《湖北通志》,无,保留,"v5,v6","v5,v6",2,0.2857,是,,,,,,湖北：竹溪县：饥，人相食。——嘉庆《湖北通志》卷四十六祥异,湖北：竹溪县：饥，人相食。——嘉庆《湖北通志》卷四十六祥异,
1638,山西,,稷山县,1638|山西|稷山,明思宗崇祯十一年,无,《稷山县志》,无,保留,"v5,v6","v5,v6",2,0.2857,是,,,,,,山西：稷山县：十一年至十三年频旱，野无青草，斗米千文，男女鬻者成市，草根树皮采食殆尽，甚至人相食。有幼懦独行，被人攫食者。有殡未旋踵，剖冢盗食者。有同室共寝，暮夜剔食者。有子死而父母食之者，父母死而子食之者。种种凄惨，不胜枚举。——康熙《稷山县志》卷一祥异,山西：稷山县：十一年至十三年频旱，野无青草，斗米千文，男女鬻者成市，草根树皮采食殆尽，甚至人相食。有幼懦独行，被人攫食者。有殡未旋踵，剖冢盗食者。有同室共寝，暮夜剔食者。有子死而父母食之者，父母死而子食之者。种种凄惨，不胜枚举。——康熙《稷山县志》卷一祥异,
1638,山西,,稷山县,1638|山西|稷山,明思宗崇祯十一年,无,《稷山县志》,无,保留,"v1,v2,v3,v4,v7","v1,v2,v3,v4,v7",5,0.7143,是,,稷山县：十一年至十三年频旱，野无青草，斗米千文，男女鬻者成市，草根树皮采食殆尽，甚至人相食。有幼懦独行，被人攫食者。有殡未旋踵，剖冢盗食者。有同室共寝，暮夜剔食者。有子死而父母食之者，父母死而子食之者。种种凄惨，不胜枚举。——康熙《稷山县志》卷一祥异,稷山县：十一年至十三年频旱，野无青草，斗米千文，男女鬻者成市，草根树皮采食殆尽，甚至人相食。有幼懦独行，被人攫食者。有殡未旋踵，剖冢盗食者。有同室共寝，暮夜剔食者。有子死而父母食之者，父母死而子食之者。种种凄惨，不胜枚举。——康熙《稷山县志》卷一祥异,稷山县：十一年至十三年频旱，野无青草，斗米千文，男女鬻者成市，草根树皮采食殆尽，甚至人相食。有幼懦独行，被人攫食者。有殡未旋踵，剖冢盗食者。有同室共寝，暮夜剔食者。有子死而父母食之者，父母死而子食之者。种种凄惨，不胜枚举。——康熙《稷山县志》卷一祥异,稷山县：十一年至十三年频旱，野无青草，斗米千文，男女鬻者成市，草根树皮采食殆尽，甚至人相食。有幼懦独行，被人攫食者。有殡未旋踵，剖冢盗食者。有同室共寝，暮夜剔食者。有子死而父母食之者，父母死而子食之者。种种凄惨，不胜枚举。——康熙《稷山县志》卷一祥异,,,稷山县：十一年至十三年频旱，野无青草，斗米千文，男女鬻者成市，草根树皮采食殆尽，甚至人相食。有幼懦独行，被人攫食者。有殡未旋踵，剖冢盗食者。有同室共寝，暮夜剔食者。有子死而父母食之者，父母死而子食之者。种种凄惨，不胜枚举。——康熙《稷山县志》卷一祥异
1638,山西,,襄垣县,1638|山西|襄垣,明思宗崇祯十一年,无,《重修襄垣县志》,无,保留,"v1,v2,v3,v4,v7","v1,v2,v3,v4,v7",5,0.7143,是,,襄垣县：大旱。岁饥，人相食。——乾隆《重修襄垣县志》卷八祥异,襄垣县：大旱。岁饥，人相食。——乾隆《重修襄垣县志》卷八祥异,襄垣县：大旱。岁饥，人相食。——乾隆《重修襄垣县志》卷八祥异,襄垣县：大旱。岁饥，人相食。——乾隆《重修襄垣县志》卷八祥异,,,襄垣县：大旱。岁饥，人相食。——乾隆《重修襄垣县志》卷八祥异
1638,山西,,襄垣县,1638|山西|襄垣,明思宗崇祯十一年,无,《重修襄垣县志》,无,保留,"v5,v6","v5,v6",2,0.2857,是,,,,,,山西：襄垣县：大旱。岁饥，人相食。——乾隆《重修襄垣县志》卷八祥异,山西：襄垣县：大旱。岁饥，人相食。——乾隆《重修襄垣县志》卷八祥异,
1638,山东,,陵县,1638|山东|陵,明思宗崇祯十一年,无,《陵县志》,无,保留,"v1,v2,v3,v4,v7","v1,v2,v3,v4,v7",5,0.7143,是,,陵县：岁歉，人无积蓄，父子夫妇相食，易子拆骸不是过也。邑令王彦芹严惩之，授亭长以杖犯者，置之死，死者数百，人渐戢。——康熙《陵县志》卷三祥异,陵县：岁歉，人无积蓄，父子夫妇相食，易子拆骸不是过也。邑令王彦芹严惩之，授亭长以杖犯者，置之死，死者数百，人渐戢。——康熙《陵县志》卷三祥异,陵县：岁歉，人无积蓄，父子夫妇相食，易子拆骸不是过也。邑令王彦芹严惩之，授亭长以杖犯者，置之死，死者数百，人渐戢。——康熙《陵县志》卷三祥异,陵县：岁歉，人无积蓄，父子夫妇相食，易子拆骸不是过也。邑令王彦芹严惩之，授亭长以杖犯者，置之死，死者数百，人渐戢。——康熙《陵县志》卷三祥异,,,陵县：岁歉，人无积蓄，父子夫妇相食，易子拆骸不是过也。邑令王彦芹严惩之，授亭长以杖犯者，置之死，死者数百，人渐戢。——康熙《陵县志》卷三祥异
1638,山东,,陵县,1638|山东|陵,明思宗崇祯十一年,无,《陵县志》,无,保留,"v5,v6","v5,v6",2,0.2857,是,,,,,,山东：陵县：岁歉，人无积蓄，父子夫妇相食，易子拆骸不是过也。邑令王彦芹严惩之，授亭长以杖犯者，置之死，死者数百，人渐戢。——康熙《陵县志》卷三祥异,山东：陵县：岁歉，人无积蓄，父子夫妇相食，易子拆骸不是过也。邑令王彦芹严惩之，授亭长以杖犯者，置之死，死者数百，人渐戢。——康熙《陵县志》卷三祥异,
1639,河北,,丘县,1639|河北|丘,明思宗崇祯十二年,无,《丘县志》,无,保留,v2,v2,1,0.1429,是,,,丘县：十二、三年连荒，颗粒不收。谷价沸腾，每斗麦价银一两八钱，米价银一两九钱。人食树叶皮、草子根，后至人相食，加以瘟疫，各村男妇死者十不存一。——《丘县志》,,,,,
1639,河北,,丘县,1639|河北|丘,明思宗崇祯十二年,无,《丘县志》,无,保留,"v1,v3,v7","v1,v3,v7",3,0.4286,是,,丘县：十二、三年连荒，颗粒不收。谷价沸腾，每斗麦价银一两八钱，米价银一两九钱。人食树叶皮、草子根，后至人相食，加以瘟疫，各村男妇死者十不存一。——康熙《丘县志》卷八灾祥,,丘县：十二、三年连荒，颗粒不收。谷价沸腾，每斗麦价银一两八钱，米价银一两九钱。人食树叶皮、草子根，后至人相食，加以瘟疫，各村男妇死者十不存一。——康熙《丘县志》卷八灾祥,,,,丘县：十二、三年连荒，颗粒不收。谷价沸腾，每斗麦价银一两八钱，米价银一两九钱。人食树叶皮、草子根，后至人相食，加以瘟疫，各村男妇死者十不存一。——康熙《丘县志》卷八灾祥
1639,河南,,伊阳县,1639|河南|伊阳,明思宗崇祯十二年,无,《伊阳县志》,无,需校验地区信息,v1,v1,1,0.1429,是,同年同省同来源同 record，但地区名存在近似异写或明显异体，需校验地区信息,汝阳县：不雨。夏四月，蝗竟月，飞翔往来不定，所落之处草木靡有萌蘖。至秋八月嫁生，民间釜皿皆满，井水臭秽不可食。河南大饥，人相食，卢氏、嵩、伊阳三县尤甚。——乾隆《伊阳县志》卷四祥异,,,,,,
1639,河南,,汝阳县,1639|河南|汝阳,明思宗崇祯十二年,无,《伊阳县志》,无,需校验地区信息,v3,v3,1,0.1429,是,同年同省同来源同 record，但地区名存在近似异写或明显异体，需校验地区信息,,,汝阳县：不雨。夏四月，蝗竟月，飞翔往来不定，所落之处草木靡有萌蘖。至秋八月嫁生，民间釜皿皆满，井水臭秽不可食。河南大饥，人相食，卢氏、嵩、伊阳三县尤甚。——乾隆《伊阳县志》卷四祥异,,,,
1639,河北,,文安县,1639|河北|文安,明思宗崇祯十二年,无,《保定县志》,无,保留,v2,v2,1,0.1429,是,,,文安县：飞蝗蔽日，米价十两一石，人相食。——《保定县志》,,,,,
1639,河北,,文安县,1639|河北|文安,明思宗崇祯十二年,无,《保定县志》,无,保留,"v1,v3,v7","v1,v3,v7",3,0.4286,是,,文安县：飞蝗蔽日，米价十两一石，人相食。——康熙《保定县志》灾异,,文安县：飞蝗蔽日，米价十两一石，人相食。——康熙《保定县志》灾异,,,,文安县：飞蝗蔽日，米价十两一石，人相食。——康熙《保定县志》灾异
1639,河北,辛集市,束鹿县,1639|河北|辛集|束鹿,明思宗崇祯十二年,无,《保定府祁州束鹿县志》,无,保留,v2,v2,1,0.1429,是,,,辛集市：崇祯十二、三年间，饥馑相仍，糠秕不给，草子树皮皆尽，人相食。——《保定府祁州束鹿县志》,,,,,
1639,河北,辛集,束鹿县,1639|河北|辛集|束鹿,明思宗崇祯十二年,无,《保定府祁州束鹿县志》,无,保留,"v1,v3,v7","v1,v3,v7",3,0.4286,是,,辛集市：崇祯十二、三年间，饥馑相仍，糠秕不给，草子树皮皆尽，人相食。——康熙《保定府祁州束鹿县志》卷九灾祥,,辛集市：崇祯十二、三年间，饥馑相仍，糠秕不给，草子树皮皆尽，人相食。——康熙《保定府祁州束鹿县志》卷九灾祥,,,,辛集市：崇祯十二、三年间，饥馑相仍，糠秕不给，草子树皮皆尽，人相食。——康熙《保定府祁州束鹿县志》卷九灾祥
1639,河北,泊头市,交河县,1639|河北|泊头|交河,明思宗崇祯十二年,无,《华北、东北近五百年旱涝史料》,无,保留,v3,v3,1,0.1429,是,,,,交河县：旱、蝗蝻大，伤田稼，民饥…人相食，树皮草根无不采食。——《华北、东北近五百年旱涝史料》第二分册，第30页。,,,,
1639,河北,泊头市,交河县,1639|河北|泊头|交河,明思宗崇祯十二年,无,《华北、东北近五百年旱涝史料》,无,保留,v2,v2,1,0.1429,是,,,泊头市：交河县：旱、蝗蝻大，伤田稼，民饥…人相食，树皮草根无不采食。——《华北、东北近五百年旱涝史料》,,,,,
1639,河北,泊头,交河县,1639|河北|泊头|交河,明思宗崇祯十二年,无,《华北、东北近五百年旱涝史料》,无,保留,"v1,v7","v1,v7",2,0.2857,是,,泊头市：交河县：旱、蝗蝻大，伤田稼，民饥…人相食，树皮草根无不采食。——《华北、东北近五百年旱涝史料》第二分册，第30页。,,,,,,泊头市：交河县：旱、蝗蝻大，伤田稼，民饥…人相食，树皮草根无不采食。——《华北、东北近五百年旱涝史料》第二分册，第30页。
1639,河南,,汲县,1639|河南|汲,明思宗崇祯十二年,无,《卫辉府志》,无,保留,v2,v2,1,0.1429,是,,,汲县：三月，大风，沙霾昼晦。旱，蝗食麦。秋，盗起，人相食。石米八两，公鬻人肉。——《卫辉府志》,,,,,
1639,河南,,汲县,1639|河南|汲,明思宗崇祯十二年,无,《卫辉府志》,无,保留,"v1,v3,v7","v1,v3,v7",3,0.4286,是,,汲县：三月，大风，沙霾昼晦。旱，蝗食麦。秋，盗起，人相食。石米八两，公鬻人肉。——顺治《卫辉府志》卷十九灾祥,,汲县：三月，大风，沙霾昼晦。旱，蝗食麦。秋，盗起，人相食。石米八两，公鬻人肉。——顺治《卫辉府志》卷十九灾祥,,,,汲县：三月，大风，沙霾昼晦。旱，蝗食麦。秋，盗起，人相食。石米八两，公鬻人肉。——顺治《卫辉府志》卷十九灾祥
1639,陕西,铜川市,,1639|陕西|铜川,明思宗崇祯十二年,同官县,《同官县志》,无,保留,v2,v2,1,0.1429,是,,,铜川市：大旱，自正月不雨至于秋七月。八月，雨雹，半日乃止。岁大饥，斗米一两，人相食。——《同官县志》,,,,,
1639,陕西,铜川,同官县,1639|陕西|铜川|同官,明思宗崇祯十二年,无,《同官县志》,无,保留,"v1,v3,v7","v1,v3,v7",3,0.4286,是,,铜川市：大旱，自正月不雨至于秋七月。八月，雨雹，半日乃止。岁大饥，斗米一两，人相食。——乾隆《同官县志》卷一祥异,,铜川市：大旱，自正月不雨至于秋七月。八月，雨雹，半日乃止。岁大饥，斗米一两，人相食。——乾隆《同官县志》卷一祥异,,,,铜川市：大旱，自正月不雨至于秋七月。八月，雨雹，半日乃止。岁大饥，斗米一两，人相食。——乾隆《同官县志》卷一祥异
1639,山东,,阳谷县,1639|山东|阳谷,明思宗崇祯十二年,无,《寿张县志》,无,保留,v2,v2,1,0.1429,是,,,阳谷县：旱，蝗食禾草树叶一空。大饥，人相食。——《寿张县志》,,,,,
1639,山东,,阳谷县,1639|山东|阳谷,明思宗崇祯十二年,无,《寿张县志》,无,保留,"v1,v3,v7","v1,v3,v7",3,0.4286,是,,阳谷县：旱，蝗食禾草树叶一空。大饥，人相食。——光绪《寿张县志》卷十灾变,,阳谷县：旱，蝗食禾草树叶一空。大饥，人相食。——光绪《寿张县志》卷十灾变,,,,阳谷县：旱，蝗食禾草树叶一空。大饥，人相食。——光绪《寿张县志》卷十灾变
1639,山西,,平定县,1639|山西|平定,明思宗崇祯十二年,无,《平定州志》,无,保留,v2,v2,1,0.1429,是,,,平定县：大饥，人相食。——《平定州志》,,,,,
1639,山西,,平定县,1639|山西|平定,明思宗崇祯十二年,无,《平定州志》,无,保留,"v1,v3,v7","v1,v3,v7",3,0.4286,是,,平定县：大饥，人相食。——乾隆三十四年《平定州志》卷五祥异,,平定县：大饥，人相食。——乾隆三十四年《平定州志》卷五祥异,,,,平定县：大饥，人相食。——乾隆三十四年《平定州志》卷五祥异
1639,河南,,伊阳县,1639|河南|伊阳,明思宗崇祯十二年,伊阳,《明史·五行志》,无,需进一步分析,v2,v2,1,0.2,否,"同类 record 存在于 v1,v2,v3,v5,v6；本条仅存在于 v2；占比 20.0%",,汝阳县：不雨。夏四月，蝗竟月，飞翔往来不定，所落之处草木靡有萌蘖。至秋八月嫁生，民间釜皿皆满，井水臭秽不可食。河南大饥，人相食，卢氏、嵩、伊阳三县尤甚。——乾隆《伊阳县志》卷四祥异,,,,,
1639,河南,,卢氏县,1639|河南|卢氏,明思宗崇祯十二年,无,《明史·五行志》,无,需进一步分析,v2,v2,1,0.2,否,"同类 record 存在于 v1,v2,v3,v5,v6；本条仅存在于 v2；占比 20.0%",,汝阳县：不雨。夏四月，蝗竟月，飞翔往来不定，所落之处草木靡有萌蘖。至秋八月嫁生，民间釜皿皆满，井水臭秽不可食。河南大饥，人相食，卢氏、嵩、伊阳三县尤甚。——乾隆《伊阳县志》卷四祥异,,,,,
1639,河南,,嵩县,1639|河南|嵩,明思宗崇祯十二年,无,《明史·五行志》,无,需进一步分析,v2,v2,1,0.2,否,"同类 record 存在于 v1,v2,v3,v5,v6；本条仅存在于 v2；占比 20.0%",,汝阳县：不雨。夏四月，蝗竟月，飞翔往来不定，所落之处草木靡有萌蘖。至秋八月嫁生，民间釜皿皆满，井水臭秽不可食。河南大饥，人相食，卢氏、嵩、伊阳三县尤甚。——乾隆《伊阳县志》卷四祥异,,,,,
1639,河南,,伊阳县,1639|河南|伊阳,明思宗崇祯十二年,无,《明史》,无,保留,"v1,v3,v7","v1,v3,v7",3,0.4286,是,,两畿、山东、山西、陕西、江西饥，河南大饥，人相食，卢氏、嵩、伊阳三县尤甚。——《明史》卷三0《五行志》,,两畿、山东、山西、陕西、江西饥，河南大饥，人相食，卢氏、嵩、伊阳三县尤甚。——《明史》卷三0《五行志》,,,,两畿、山东、山西、陕西、江西饥，河南大饥，人相食，卢氏、嵩、伊阳三县尤甚。——《明史》卷三0《五行志》
1639,河南,,卢氏县,1639|河南|卢氏,明思宗崇祯十二年,无,《明史》,无,保留,"v1,v3,v7","v1,v3,v7",3,0.4286,是,,两畿、山东、山西、陕西、江西饥，河南大饥，人相食，卢氏、嵩、伊阳三县尤甚。——《明史》卷三0《五行志》,,两畿、山东、山西、陕西、江西饥，河南大饥，人相食，卢氏、嵩、伊阳三县尤甚。——《明史》卷三0《五行志》,,,,两畿、山东、山西、陕西、江西饥，河南大饥，人相食，卢氏、嵩、伊阳三县尤甚。——《明史》卷三0《五行志》
1639,河南,,嵩县,1639|河南|嵩,明思宗崇祯十二年,无,《明史》,无,保留,"v1,v3,v7","v1,v3,v7",3,0.4286,是,,两畿、山东、山西、陕西、江西饥，河南大饥，人相食，卢氏、嵩、伊阳三县尤甚。——《明史》卷三0《五行志》,,两畿、山东、山西、陕西、江西饥，河南大饥，人相食，卢氏、嵩、伊阳三县尤甚。——《明史》卷三0《五行志》,,,,两畿、山东、山西、陕西、江西饥，河南大饥，人相食，卢氏、嵩、伊阳三县尤甚。——《明史》卷三0《五行志》
1639,河北,,栾城县,1639|河北|栾城,明思宗崇祯十二年,无,《栾城县志》,无,保留,v2,v2,1,0.1429,是,,,栾城县：大饥，人相食。——《栾城县志》,,,,,
1639,河北,,栾城县,1639|河北|栾城,明思宗崇祯十二年,无,《栾城县志》,无,保留,"v1,v3,v7","v1,v3,v7",3,0.4286,是,,栾城县：大饥，人相食。——道光《栾城县志》卷末灾祥,,栾城县：大饥，人相食。——道光《栾城县志》卷末灾祥,,,,栾城县：大饥，人相食。——道光《栾城县志》卷末灾祥
1639,河南,,沁阳县,1639|河南|沁阳,明思宗崇祯十二年,河内县,《河内县志》,无,保留,v2,v2,1,0.1429,是,,,沁阳县：臣以崇祯十二年六月初十日，自高平县调任河内，未数日水夺民稼，又数日蝗夺民稼。…去年无秋，今年又无春，穷民食树皮尽，至食草根，甚至父子、夫妻相食，人皆黄腮肿颊，眼如猪胆，饿死累累。——《河内县志》,,,,,
1639,河南,,沁阳县,1639|河南|沁阳,明思宗崇祯十二年,无,《河内县志》,无,保留,"v3,v7","v3,v7",2,0.2857,是,,,,沁阳县：臣以崇祯十二年六月初十日，自高平县调任河内，未数日水夺民稼，又数日蝗夺民稼。…去年无秋，今年又无春，穷民食树皮尽，至食草根，甚至父子、夫妻相食，人皆黄腮肿颊，眼如猪胆，饿死累累。——康熙《河内县志》卷四艺文,,,,沁阳县：臣以崇祯十二年六月初十日，自高平县调任河内，未数日水夺民稼，又数日蝗夺民稼。…去年无秋，今年又无春，穷民食树皮尽，至食草根，甚至父子、夫妻相食，人皆黄腮肿颊，眼如猪胆，饿死累累。——康熙《河内县志》卷四艺文
1639,河南,,河内县,1639|河南|河内,明思宗崇祯十二年,无,《河内县志》,无,保留,v1,v1,1,0.1429,是,,沁阳县：臣以崇祯十二年六月初十日，自高平县调任河内，未数日水夺民稼，又数日蝗夺民稼。…去年无秋，今年又无春，穷民食树皮尽，至食草根，甚至父子、夫妻相食，人皆黄腮肿颊，眼如猪胆，饿死累累。——康熙《河内县志》卷四艺文,,,,,,
1639,山东,,泗水县,1639|山东|泗水,明思宗崇祯十二年,无,《泗水县志》,无,保留,v2,v2,1,0.1429,是,,,泗水县：十二、十三年，蠡喙害稼，野无野草。十月后，草木生花。大饥，草木食尽。母子相啖，比屋而是。——《泗水县志》,,,,,
1639,山东,,泗水县,1639|山东|泗水,明思宗崇祯十二年,无,《泗水县志》,无,保留,"v1,v3,v7","v1,v3,v7",3,0.4286,是,,泗水县：十二、十三年，蠡喙害稼，野无野草。十月后，草木生花。大饥，草木食尽。母子相啖，比屋而是。——康熙《泗水县志》卷十一灾祥,,泗水县：十二、十三年，蠡喙害稼，野无野草。十月后，草木生花。大饥，草木食尽。母子相啖，比屋而是。——康熙《泗水县志》卷十一灾祥,,,,泗水县：十二、十三年，蠡喙害稼，野无野草。十月后，草木生花。大饥，草木食尽。母子相啖，比屋而是。——康熙《泗水县志》卷十一灾祥
1639,山东,泰安市,,1639|山东|泰安,明思宗崇祯十二年,泰安州,《济南府志》,无,保留,v2,v2,1,0.1429,是,,,泰安市：济南郡县旱蝗，民饥。历城、齐河疫疠大作。泰安连岁大饥，人相食。——《济南府志》,,,,,
1639,山东,泰安,泰安,1639|山东|泰安|泰安,明思宗崇祯十二年,无,《济南府志》,无,保留,"v1,v3,v7","v1,v3,v7",3,0.4286,是,,泰安市：济南郡县旱蝗，民饥。历城、齐河疫疠大作。泰安连岁大饥，人相食。——康熙《济南府志》卷十灾祥,,泰安市：济南郡县旱蝗，民饥。历城、齐河疫疠大作。泰安连岁大饥，人相食。——康熙《济南府志》卷十灾祥,,,,泰安市：济南郡县旱蝗，民饥。历城、齐河疫疠大作。泰安连岁大饥，人相食。——康熙《济南府志》卷十灾祥
1639,山西,,灵石县,1639|山西|灵石,明思宗崇祯十二年,无,《灵石县志》,无,保留,v2,v2,1,0.1429,是,,,灵石县：十一年旱，十二年又旱，田园尽赤，民食树草，榆种断绝，斗米七钱，饿死载道者不可数计，人亦相食。——《灵石县志》,,,,,
1639,山西,,灵石县,1639|山西|灵石,明思宗崇祯十二年,无,《灵石县志》,无,保留,"v1,v3,v7","v1,v3,v7",3,0.4286,是,,灵石县：十一年旱，十二年又旱，田园尽赤，民食树草，榆种断绝，斗米七钱，饿死载道者不可数计，人亦相食。——康熙《灵石县志》卷一祥异,,灵石县：十一年旱，十二年又旱，田园尽赤，民食树草，榆种断绝，斗米七钱，饿死载道者不可数计，人亦相食。——康熙《灵石县志》卷一祥异,,,,灵石县：十一年旱，十二年又旱，田园尽赤，民食树草，榆种断绝，斗米七钱，饿死载道者不可数计，人亦相食。——康熙《灵石县志》卷一祥异
1639,河南,,登封县,1639|河南|登封,明思宗崇祯十二年,无,《登封县志》,无,保留,"v1,v2,v3,v7","v1,v2,v3,v7",4,0.5714,是,,登封县；旱，蝗。人相食。——康熙《登封县志》卷九灾祥,登封县；旱，蝗。人相食。——康熙《登封县志》卷九灾祥,登封县；旱，蝗。人相食。——康熙《登封县志》卷九灾祥,,,,登封县；旱，蝗。人相食。——康熙《登封县志》卷九灾祥
1639,山东,青州市,,1639|山东|青,明思宗崇祯十二年,益都县,《益都县志》,无,保留,v2,v2,1,0.1429,是,,,青州市：自春正月不雨至六月。秋七月，大蝗，水涸。大饥，人相食。——《益都县志》,,,,,
1639,山东,青州,益都县,1639|山东|青|益都,明思宗崇祯十二年,无,《益都县志》,无,保留,"v1,v3,v7","v1,v3,v7",3,0.4286,是,,青州市：自春正月不雨至六月。秋七月，大蝗，水涸。大饥，人相食。——康熙《益都县志》卷二祥异,,青州市：自春正月不雨至六月。秋七月，大蝗，水涸。大饥，人相食。——康熙《益都县志》卷二祥异,,,,青州市：自春正月不雨至六月。秋七月，大蝗，水涸。大饥，人相食。——康熙《益都县志》卷二祥异
1639,陕西,,佳县,1639|陕西|佳,明思宗崇祯十二年,无,《葭州志》,无,保留,v2,v2,1,0.1429,是,,,佳县：大饥，人相食。——《葭州志》,,,,,
1639,陕西,,佳县,1639|陕西|佳,明思宗崇祯十二年,无,《葭州志》,无,保留,"v1,v3,v7","v1,v3,v7",3,0.4286,是,,佳县：大饥，人相食。——嘉庆《葭州志》卷下灾祥,,佳县：大饥，人相食。——嘉庆《葭州志》卷下灾祥,,,,佳县：大饥，人相食。——嘉庆《葭州志》卷下灾祥
1639,山东,,蒙阴县,1639|山东|蒙阴,明思宗崇祯十二年,无,《蒙阴县志》,无,保留,v2,v2,1,0.1429,是,,,蒙阴县：十二年至十四年，蝗蝻连灾，禾食既，民相食。——《蒙阴县志》,,,,,
1639,山东,,蒙阴县,1639|山东|蒙阴,明思宗崇祯十二年,无,《蒙阴县志》,无,保留,"v1,v3,v7","v1,v3,v7",3,0.4286,是,,蒙阴县：十二年至十四年，蝗蝻连灾，禾食既，民相食。——康熙十一年《蒙阴县志》卷二灾祥,,蒙阴县：十二年至十四年，蝗蝻连灾，禾食既，民相食。——康熙十一年《蒙阴县志》卷二灾祥,,,,蒙阴县：十二年至十四年，蝗蝻连灾，禾食既，民相食。——康熙十一年《蒙阴县志》卷二灾祥
1639,天津,蓟县,,1639|天津|蓟,明思宗崇祯十二年,无,《蓟州志》,无,保留,v2,v2,1,0.1429,是,,,蓟县：秋大饥，军民饿死无数，骨肉相食，道馑相望。——《蓟州志》,,,,,
1639,天津,天津,蓟县,1639|天津|天津|蓟,明思宗崇祯十二年,无,《蓟州志》,无,保留,"v1,v3,v7","v1,v3,v7",3,0.4286,是,,蓟县：秋大饥，军民饿死无数，骨肉相食，道馑相望。——康熙十六年《蓟州志》卷一祥异,,蓟县：秋大饥，军民饿死无数，骨肉相食，道馑相望。——康熙十六年《蓟州志》卷一祥异,,,,蓟县：秋大饥，军民饿死无数，骨肉相食，道馑相望。——康熙十六年《蓟州志》卷一祥异
1639,山西,,襄汾县,1639|山西|襄汾,明思宗崇祯十二年,无,《襄陵县志》,无,保留,v2,v2,1,0.1429,是,,,襄汾县：荐饥。旱魃奇虐，米麦斗八钱，民食树皮草根，死者枕藉道路，人相食。知县李用质躬历各乡，劝谕设厂赈州，饥民赖以全活。——《襄陵县志》,,,,,
1639,山西,,襄陵县,1639|山西|襄陵,明思宗崇祯十二年,无,《襄陵县志》,无,保留,"v1,v3,v7","v1,v3,v7",3,0.4286,是,,襄汾县：荐饥。旱魃奇虐，米麦斗八钱，民食树皮草根，死者枕藉道路，人相食。知县李用质躬历各乡，劝谕设厂赈州，饥民赖以全活。——康熙《襄陵县志》卷七祥异,,襄汾县：荐饥。旱魃奇虐，米麦斗八钱，民食树皮草根，死者枕藉道路，人相食。知县李用质躬历各乡，劝谕设厂赈州，饥民赖以全活。——康熙《襄陵县志》卷七祥异,,,,襄汾县：荐饥。旱魃奇虐，米麦斗八钱，民食树皮草根，死者枕藉道路，人相食。知县李用质躬历各乡，劝谕设厂赈州，饥民赖以全活。——康熙《襄陵县志》卷七祥异
1639,河北,,赞皇县,1639|河北|赞皇,明思宗崇祯十二年,无,《赞皇县志》,无,保留,v2,v2,1,0.1429,是,,,赞皇县：连岁凶荒，斗米值银六钱，人多相食，白骨盈野，流移载道。即有恩赈，不能救其万一，至今言之惻然。——《赞皇县志》,,,,,
1639,河北,,赞皇县,1639|河北|赞皇,明思宗崇祯十二年,无,《赞皇县志》,无,保留,"v1,v3,v7","v1,v3,v7",3,0.4286,是,,赞皇县：连岁凶荒，斗米值银六钱，人多相食，白骨盈野，流移载道。即有恩赈，不能救其万一，至今言之惻然。——康熙《赞皇县志》卷九祥异,,赞皇县：连岁凶荒，斗米值银六钱，人多相食，白骨盈野，流移载道。即有恩赈，不能救其万一，至今言之惻然。——康熙《赞皇县志》卷九祥异,,,,赞皇县：连岁凶荒，斗米值银六钱，人多相食，白骨盈野，流移载道。即有恩赈，不能救其万一，至今言之惻然。——康熙《赞皇县志》卷九祥异
1639,河南,,辉县,1639|河南|辉,明思宗崇祯十二年,无,《辉县志》,无,保留,v2,v2,1,0.1429,是,,,辉县：旱，蝗。自秋至明年庚辰不雨，又蝗，仅播种而不秀，秀而不实，斗米千钱。二三月，奇寒，人益困，兄弟朋友互相残食，率以为常。——《辉县志》,,,,,
1639,河南,,辉县,1639|河南|辉,明思宗崇祯十二年,无,《辉县志》,无,保留,"v1,v3,v7","v1,v3,v7",3,0.4286,是,,辉县：旱，蝗。自秋至明年庚辰不雨，又蝗，仅播种而不秀，秀而不实，斗米千钱。二三月，奇寒，人益困，兄弟朋友互相残食，率以为常。明年春益甚。去冬无雪，今秋无雨。——道光《辉县志》艺文,,辉县：旱，蝗。自秋至明年庚辰不雨，又蝗，仅播种而不秀，秀而不实，斗米千钱。二三月，奇寒，人益困，兄弟朋友互相残食，率以为常。明年春益甚。去冬无雪，今秋无雨。——道光《辉县志》艺文,,,,辉县：旱，蝗。自秋至明年庚辰不雨，又蝗，仅播种而不秀，秀而不实，斗米千钱。二三月，奇寒，人益困，兄弟朋友互相残食，率以为常。明年春益甚。去冬无雪，今秋无雨。——道光《辉县志》艺文
1639,河北,邢台市,邢台县,1639|河北|邢台|邢台,明思宗崇祯十二年,无,《邢台县志》,无,保留,v2,v2,1,0.1429,是,,,邢台县：大旱，人相食。——《邢台县志》,,,,,
1639,河北,,邢台县,1639|河北|邢台,明思宗崇祯十二年,无,《邢台县志》,无,保留,"v1,v3,v7","v1,v3,v7",3,0.4286,是,,邢台县：大旱，人相食。——康熙《邢台县志》卷十二纪事,,邢台县：大旱，人相食。——康熙《邢台县志》卷十二纪事,,,,邢台县：大旱，人相食。——康熙《邢台县志》卷十二纪事
1639,山东,,郓城县,1639|山东|郓城,明思宗崇祯十二年,无,《郓城县志》,无,保留,v2,v2,1,0.1429,是,,,郓城县：蝗灾，至平地尺半许，禾草树叶一空。大饥，人相食。——《郓城县志》,,,,,
1639,山东,,郓城县,1639|山东|郓城,明思宗崇祯十二年,无,《郓城县志》,无,保留,"v1,v3,v7","v1,v3,v7",3,0.4286,是,,郓城县：蝗灾，至平地尺半许，禾草树叶一空。大饥，人相食。——康熙《郓城县志》卷七灾祥,,郓城县：蝗灾，至平地尺半许，禾草树叶一空。大饥，人相食。——康熙《郓城县志》卷七灾祥,,,,郓城县：蝗灾，至平地尺半许，禾草树叶一空。大饥，人相食。——康熙《郓城县志》卷七灾祥
1639,河北,,雄县,1639|河北|雄,明思宗崇祯十二年,无,《雄县乡土志》,无,保留,v2,v2,1,0.1429,是,,,雄县：时连年大旱，人相食。——《雄县乡土志》,,,,,
1639,河北,,雄县,1639|河北|雄,明思宗崇祯十二年,无,《雄县乡土志》,无,保留,"v1,v3,v7","v1,v3,v7",3,0.4286,是,,雄县：时连年大旱，人相食。——光绪《雄县乡土志》卷四耆旧,,雄县：时连年大旱，人相食。——光绪《雄县乡土志》卷四耆旧,,,,雄县：时连年大旱，人相食。——光绪《雄县乡土志》卷四耆旧
1639,河北,,香河县,1639|河北|香河,明思宗崇祯十二年,无,《香河县志》,无,保留,v2,v2,1,0.1429,是,,,香河县：饥荒，米石五两，人相食。河草人市，每斤钱三文。以至树皮草根无不采食，食之多中毒死。糟糠麸渣等物即为美食。山东流民携男女就食者道死相望，有人方死而肉为人剜去者，有人方死未绝而为人剥死者。——《香河县志》,,,,,
1639,河北,,香河县,1639|河北|香河,明思宗崇祯十二年,无,《香河县志》,无,保留,"v1,v3,v7","v1,v3,v7",3,0.4286,是,,香河县：饥荒，米石五两，人相食。河草人市，每斤钱三文。以至树皮草根无不采食，食之多中毒死。糟糠麸渣等物即为美食。山东流民携男女就食者道死相望，有人方死而肉为人剜去者，有人方死未绝而为人剥死者。——康熙《香河县志》卷十灾祥,,香河县：饥荒，米石五两，人相食。河草人市，每斤钱三文。以至树皮草根无不采食，食之多中毒死。糟糠麸渣等物即为美食。山东流民携男女就食者道死相望，有人方死而肉为人剜去者，有人方死未绝而为人剥死者。——康熙《香河县志》卷十灾祥,,,,香河县：饥荒，米石五两，人相食。河草人市，每斤钱三文。以至树皮草根无不采食，食之多中毒死。糟糠麸渣等物即为美食。山东流民携男女就食者道死相望，有人方死而肉为人剜去者，有人方死未绝而为人剥死者。——康熙《香河县志》卷十灾祥
1639,河北,邯郸,丘县,1639|河北|邯郸|丘,明思宗崇祯十二年,无,丘县志,无,保留,"v4,v5,v6","v4,v5,v6",3,0.4286,是,,,,,丘县：十二、三年连荒，颗粒不收。谷价沸腾，每斗麦价银一两八钱，米价银一两九钱。人食树叶皮、草子根，后至人相食，加以瘟疫，各村男妇死者十不存一。——康熙《丘县志》卷八灾祥,丘县：十二、三年连荒，颗粒不收。谷价沸腾，每斗麦价银一两八钱，米价银一两九钱。人食树叶皮、草子根，后至人相食，加以瘟疫，各村男妇死者十不存一。——康熙《丘县志》卷八灾祥,丘县：十二、三年连荒，颗粒不收。谷价沸腾，每斗麦价银一两八钱，米价银一两九钱。人食树叶皮、草子根，后至人相食，加以瘟疫，各村男妇死者十不存一。——康熙《丘县志》卷八灾祥,
1639,河南,,伊阳县,1639|河南|伊阳,明思宗崇祯十二年,无,伊阳县志,无,需校验地区信息,v5,v5,1,0.1429,是,同年同省同来源同 record，但地区名存在近似异写或明显异体，需校验地区信息,,,,,汝阳县：不雨。夏四月，蝗竟月，飞翔往来不定，所落之处草木靡有萌蘖。至秋八月嫁生，民间釜皿皆满，井水臭秽不可食。河南大饥，人相食，卢氏、嵩、伊阳三县尤甚。——乾隆《伊阳县志》卷四祥异,,
1639,河南,,汝阳县,1639|河南|汝阳,明思宗崇祯十二年,无,伊阳县志,无,需校验地区信息,v6,v6,1,0.1429,是,同年同省同来源同 record，但地区名存在近似异写或明显异体，需校验地区信息,,,,,,汝阳县：不雨。夏四月，蝗竟月，飞翔往来不定，所落之处草木靡有萌蘖。至秋八月嫁生，民间釜皿皆满，井水臭秽不可食。河南大饥，人相食，卢氏、嵩、伊阳三县尤甚。——乾隆《伊阳县志》卷四祥异,
1639,河北,保定,文安县,1639|河北|保定|文安,明思宗崇祯十二年,无,保定县志,无,保留,"v4,v5,v6","v4,v5,v6",3,0.4286,是,,,,,文安县：飞蝗蔽日，米价十两一石，人相食。——康熙《保定县志》灾异,文安县：飞蝗蔽日，米价十两一石，人相食。——康熙《保定县志》灾异,文安县：飞蝗蔽日，米价十两一石，人相食。——康熙《保定县志》灾异,
1639,河北,辛集市,束鹿县,1639|河北|辛集|束鹿,明思宗崇祯十二年,无,保定府祁州束鹿县志,无,保留,"v5,v6","v5,v6",2,0.2857,是,,,,,,辛集市：崇祯十二、三年间，饥馑相仍，糠秕不给，草子树皮皆尽，人相食。——康熙《保定府祁州束鹿县志》卷九灾祥,辛集市：崇祯十二、三年间，饥馑相仍，糠秕不给，草子树皮皆尽，人相食。——康熙《保定府祁州束鹿县志》卷九灾祥,
1639,河北,石家庄,辛集市,1639|河北|石家庄|辛集,明思宗崇祯十二年,无,保定府祁州束鹿县志,无,保留,v4,v4,1,0.1429,是,,,,,辛集市：崇祯十二、三年间，饥馑相仍，糠秕不给，草子树皮皆尽，人相食。——康熙《保定府祁州束鹿县志》卷九灾祥,,,
1639,河北,沧州,交河县,1639|河北|沧|交河,明思宗崇祯十二年,无,华北、东北近五百年旱涝史料,无,保留,"v4,v5,v6","v4,v5,v6",3,0.4286,是,,,,,泊头市：交河县：旱、蝗蝻大，伤田稼，民饥…人相食，树皮草根无不采食。——《华北、东北近五百年旱涝史料》第二分册，第30页。,泊头市：交河县：旱、蝗蝻大，伤田稼，民饥…人相食，树皮草根无不采食。——《华北、东北近五百年旱涝史料》第二分册，第30页。,泊头市：交河县：旱、蝗蝻大，伤田稼，民饥…人相食，树皮草根无不采食。——《华北、东北近五百年旱涝史料》第二分册，第30页。,
1639,河南,新乡,汲县,1639|河南|新乡|汲,明思宗崇祯十二年,无,卫辉府志,无,保留,"v4,v5,v6","v4,v5,v6",3,0.4286,是,,,,,汲县：三月，大风，沙霾昼晦。旱，蝗食麦。秋，盗起，人相食。石米八两，公鬻人肉。——顺治《卫辉府志》卷十九灾祥,汲县：三月，大风，沙霾昼晦。旱，蝗食麦。秋，盗起，人相食。石米八两，公鬻人肉。——顺治《卫辉府志》卷十九灾祥,汲县：三月，大风，沙霾昼晦。旱，蝗食麦。秋，盗起，人相食。石米八两，公鬻人肉。——顺治《卫辉府志》卷十九灾祥,
1639,陕西,铜川市,同官县,1639|陕西|铜川|同官,明思宗崇祯十二年,无,同官县志,无,保留,"v4,v5,v6","v4,v5,v6",3,0.4286,是,,,,,铜川市：大旱，自正月不雨至于秋七月。八月，雨雹，半日乃止。岁大饥，斗米一两，人相食。——乾隆《同官县志》卷一祥异,铜川市：大旱，自正月不雨至于秋七月。八月，雨雹，半日乃止。岁大饥，斗米一两，人相食。——乾隆《同官县志》卷一祥异,铜川市：大旱，自正月不雨至于秋七月。八月，雨雹，半日乃止。岁大饥，斗米一两，人相食。——乾隆《同官县志》卷一祥异,
1639,山东,聊城,阳谷县,1639|山东|聊城|阳谷,明思宗崇祯十二年,无,寿张县志,无,保留,"v4,v5,v6","v4,v5,v6",3,0.4286,是,,,,,阳谷县：旱，蝗食禾草树叶一空。大饥，人相食。——光绪《寿张县志》卷十灾变,阳谷县：旱，蝗食禾草树叶一空。大饥，人相食。——光绪《寿张县志》卷十灾变,阳谷县：旱，蝗食禾草树叶一空。大饥，人相食。——光绪《寿张县志》卷十灾变,
1639,山西,阳泉,平定县,1639|山西|阳泉|平定,明思宗崇祯十二年,无,平定州志,无,保留,"v4,v5,v6","v4,v5,v6",3,0.4286,是,,,,,平定县：大饥，人相食。——乾隆三十四年《平定州志》卷五祥异,平定县：大饥，人相食。——乾隆三十四年《平定州志》卷五祥异,平定县：大饥，人相食。——乾隆三十四年《平定州志》卷五祥异,
1639,河南,,伊阳县,1639|河南|伊阳,明思宗崇祯十二年,无,明史,无,需校验地区信息,v5,v5,1,0.1429,是,同年同省同来源同 record，但地区名存在近似异写或明显异体，需校验地区信息,,,,,两畿、山东、山西、陕西、江西饥，河南大饥，人相食，卢氏、嵩、伊阳三县尤甚。——《明史》卷三0《五行志》,,
1639,河南,三门峡,卢氏县,1639|河南|三门峡|卢氏,明思宗崇祯十二年,卢氏,明史,无,需校验地区信息,"v4,v5","v4,v5",2,0.2857,是,同年同省同来源同 record，但地区名存在近似异写或明显异体，需校验地区信息,,,,两畿、山东、山西、陕西、江西饥，河南大饥，人相食，卢氏、嵩、伊阳三县尤甚。——《明史》卷三0《五行志》,两畿、山东、山西、陕西、江西饥，河南大饥，人相食，卢氏、嵩、伊阳三县尤甚。——《明史》卷三0《五行志》,,
1639,河南,洛阳,嵩县,1639|河南|洛阳|嵩,明思宗崇祯十二年,嵩,明史,无,需校验地区信息,"v4,v5","v4,v5",2,0.2857,是,同年同省同来源同 record，但地区名存在近似异写或明显异体，需校验地区信息,,,,两畿、山东、山西、陕西、江西饥，河南大饥，人相食，卢氏、嵩、伊阳三县尤甚。——《明史》卷三0《五行志》,两畿、山东、山西、陕西、江西饥，河南大饥，人相食，卢氏、嵩、伊阳三县尤甚。——《明史》卷三0《五行志》,,
1639,河南,洛阳,汝阳县,1639|河南|洛阳|汝阳,明思宗崇祯十二年,伊阳,明史,无,需校验地区信息,v4,v4,1,0.1429,是,同年同省同来源同 record，但地区名存在近似异写或明显异体，需校验地区信息,,,,两畿、山东、山西、陕西、江西饥，河南大饥，人相食，卢氏、嵩、伊阳三县尤甚。——《明史》卷三0《五行志》,,,
1639,河南,,伊阳县,1639|河南|伊阳,明思宗崇祯十二年,无,明史,无,需进一步分析,v6,v6,1,0.2,否,"同类 record 存在于 v1,v2,v3,v5,v6；本条仅存在于 v6；占比 20.0%",,,,,,汝阳县：不雨。夏四月，蝗竟月，飞翔往来不定，所落之处草木靡有萌蘖。至秋八月嫁生，民间釜皿皆满，井水臭秽不可食。河南大饥，人相食，卢氏、嵩、伊阳三县尤甚。——乾隆《伊阳县志》卷四祥异,
1639,河南,,卢氏县,1639|河南|卢氏,明思宗崇祯十二年,无,明史,无,需进一步分析,v6,v6,1,0.2,否,"同类 record 存在于 v1,v2,v3,v5,v6；本条仅存在于 v6；占比 20.0%",,,,,,汝阳县：不雨。夏四月，蝗竟月，飞翔往来不定，所落之处草木靡有萌蘖。至秋八月嫁生，民间釜皿皆满，井水臭秽不可食。河南大饥，人相食，卢氏、嵩、伊阳三县尤甚。——乾隆《伊阳县志》卷四祥异,
1639,河南,,嵩县,1639|河南|嵩,明思宗崇祯十二年,无,明史,无,需进一步分析,v6,v6,1,0.2,否,"同类 record 存在于 v1,v2,v3,v5,v6；本条仅存在于 v6；占比 20.0%",,,,,,汝阳县：不雨。夏四月，蝗竟月，飞翔往来不定，所落之处草木靡有萌蘖。至秋八月嫁生，民间釜皿皆满，井水臭秽不可食。河南大饥，人相食，卢氏、嵩、伊阳三县尤甚。——乾隆《伊阳县志》卷四祥异,
1639,河北,石家庄,栾城县,1639|河北|石家庄|栾城,明思宗崇祯十二年,无,栾城县志,无,保留,"v4,v5,v6","v4,v5,v6",3,0.4286,是,,,,,栾城县：大饥，人相食。——道光《栾城县志》卷末灾祥,栾城县：大饥，人相食。——道光《栾城县志》卷末灾祥,栾城县：大饥，人相食。——道光《栾城县志》卷末灾祥,
1639,河南,,河内县,1639|河南|河内,明思宗崇祯十二年,无,河内县志,无,保留,"v5,v6","v5,v6",2,0.2857,是,,,,,,沁阳县：臣以崇祯十二年六月初十日，自高平县调任河内，未数日水夺民稼，又数日蝗夺民稼。…去年无秋，今年又无春，穷民食树皮尽，至食草根，甚至父子、夫妻相食，人皆黄腮肿颊，眼如猪胆，饿死累累。——康熙《河内县志》卷四艺文,沁阳县：臣以崇祯十二年六月初十日，自高平县调任河内，未数日水夺民稼，又数日蝗夺民稼。…去年无秋，今年又无春，穷民食树皮尽，至食草根，甚至父子、夫妻相食，人皆黄腮肿颊，眼如猪胆，饿死累累。——康熙《河内县志》卷四艺文,
1639,山东,济宁,泗水县,1639|山东|济宁|泗水,明思宗崇祯十二年,无,泗水县志,无,保留,"v4,v5,v6","v4,v5,v6",3,0.4286,是,,,,,泗水县：十二、十三年，蠡喙害稼，野无野草。十月后，草木生花。大饥，草木食尽。母子相啖，比屋而是。——康熙《泗水县志》卷十一灾祥,泗水县：十二、十三年，蠡喙害稼，野无野草。十月后，草木生花。大饥，草木食尽。母子相啖，比屋而是。——康熙《泗水县志》卷十一灾祥,泗水县：十二、十三年，蠡喙害稼，野无野草。十月后，草木生花。大饥，草木食尽。母子相啖，比屋而是。——康熙《泗水县志》卷十一灾祥,
1639,山东,泰安市,泰安,1639|山东|泰安|泰安,明思宗崇祯十二年,无,济南府志,无,保留,"v4,v5,v6","v4,v5,v6",3,0.4286,是,,,,,泰安市：济南郡县旱蝗，民饥。历城、齐河疫疠大作。泰安连岁大饥，人相食。——康熙《济南府志》卷十灾祥,泰安市：济南郡县旱蝗，民饥。历城、齐河疫疠大作。泰安连岁大饥，人相食。——康熙《济南府志》卷十灾祥,泰安市：济南郡县旱蝗，民饥。历城、齐河疫疠大作。泰安连岁大饥，人相食。——康熙《济南府志》卷十灾祥,
1639,山西,晋中,灵石县,1639|山西|晋中|灵石,明思宗崇祯十二年,无,灵石县志,无,保留,"v4,v5,v6","v4,v5,v6",3,0.4286,是,,,,,灵石县：十一年旱，十二年又旱，田园尽赤，民食树草，榆种断绝，斗米七钱，饿死载道者不可数计，人亦相食。——康熙《灵石县志》卷一祥异,灵石县：十一年旱，十二年又旱，田园尽赤，民食树草，榆种断绝，斗米七钱，饿死载道者不可数计，人亦相食。——康熙《灵石县志》卷一祥异,灵石县：十一年旱，十二年又旱，田园尽赤，民食树草，榆种断绝，斗米七钱，饿死载道者不可数计，人亦相食。——康熙《灵石县志》卷一祥异,
1639,河南,郑州,登封县,1639|河南|郑|登封,明思宗崇祯十二年,无,登封县志,无,保留,"v4,v5,v6","v4,v5,v6",3,0.4286,是,,,,,登封县；旱，蝗。人相食。——康熙《登封县志》卷九灾祥,登封县；旱，蝗。人相食。——康熙《登封县志》卷九灾祥,登封县；旱，蝗。人相食。——康熙《登封县志》卷九灾祥,
1639,山东,潍坊,青州市,1639|山东|潍坊|青,明思宗崇祯十二年,无,益都县志,无,保留,"v4,v5,v6","v4,v5,v6",3,0.4286,是,,,,,青州市：自春正月不雨至六月。秋七月，大蝗，水涸。大饥，人相食。——康熙《益都县志》卷二祥异,青州市：自春正月不雨至六月。秋七月，大蝗，水涸。大饥，人相食。——康熙《益都县志》卷二祥异,青州市：自春正月不雨至六月。秋七月，大蝗，水涸。大饥，人相食。——康熙《益都县志》卷二祥异,
1639,陕西,榆林,佳县,1639|陕西|榆林|佳,明思宗崇祯十二年,无,葭州志,无,保留,"v4,v5,v6","v4,v5,v6",3,0.4286,是,,,,,佳县：大饥，人相食。——嘉庆《葭州志》卷下灾祥,佳县：大饥，人相食。——嘉庆《葭州志》卷下灾祥,佳县：大饥，人相食。——嘉庆《葭州志》卷下灾祥,
1639,山东,临沂,蒙阴县,1639|山东|临沂|蒙阴,明思宗崇祯十二年,无,蒙阴县志,无,保留,"v4,v5,v6","v4,v5,v6",3,0.4286,是,,,,,蒙阴县：十二年至十四年，蝗蝻连灾，禾食既，民相食。——康熙十一年《蒙阴县志》卷二灾祥,蒙阴县：十二年至十四年，蝗蝻连灾，禾食既，民相食。——康熙十一年《蒙阴县志》卷二灾祥,蒙阴县：十二年至十四年，蝗蝻连灾，禾食既，民相食。——康熙十一年《蒙阴县志》卷二灾祥,
1639,天津,天津,蓟县,1639|天津|天津|蓟,明思宗崇祯十二年,无,蓟州志,无,保留,"v4,v5,v6","v4,v5,v6",3,0.4286,是,,,,,蓟县：秋大饥，军民饿死无数，骨肉相食，道馑相望。——康熙十六年《蓟州志》卷一祥异,蓟县：秋大饥，军民饿死无数，骨肉相食，道馑相望。——康熙十六年《蓟州志》卷一祥异,蓟县：秋大饥，军民饿死无数，骨肉相食，道馑相望。——康熙十六年《蓟州志》卷一祥异,
1639,山西,临汾,襄汾县,1639|山西|临汾|襄汾,明思宗崇祯十二年,无,襄陵县志,无,保留,"v4,v5,v6","v4,v5,v6",3,0.4286,是,,,,,襄汾县：荐饥。旱魃奇虐，米麦斗八钱，民食树皮草根，死者枕藉道路，人相食。知县李用质躬历各乡，劝谕设厂赈州，饥民赖以全活。——康熙《襄陵县志》卷七祥异,襄汾县：荐饥。旱魃奇虐，米麦斗八钱，民食树皮草根，死者枕藉道路，人相食。知县李用质躬历各乡，劝谕设厂赈州，饥民赖以全活。——康熙《襄陵县志》卷七祥异,襄汾县：荐饥。旱魃奇虐，米麦斗八钱，民食树皮草根，死者枕藉道路，人相食。知县李用质躬历各乡，劝谕设厂赈州，饥民赖以全活。——康熙《襄陵县志》卷七祥异,
1639,河北,石家庄,赞皇县,1639|河北|石家庄|赞皇,明思宗崇祯十二年,无,赞皇县志,无,保留,"v4,v5,v6","v4,v5,v6",3,0.4286,是,,,,,赞皇县：连岁凶荒，斗米值银六钱，人多相食，白骨盈野，流移载道。即有恩赈，不能救其万一，至今言之惻然。——康熙《赞皇县志》卷九祥异,赞皇县：连岁凶荒，斗米值银六钱，人多相食，白骨盈野，流移载道。即有恩赈，不能救其万一，至今言之惻然。——康熙《赞皇县志》卷九祥异,赞皇县：连岁凶荒，斗米值银六钱，人多相食，白骨盈野，流移载道。即有恩赈，不能救其万一，至今言之惻然。——康熙《赞皇县志》卷九祥异,
1639,河南,,辉县,1639|河南|辉,明思宗崇祯十二年,无,辉县志,无,保留,"v5,v6","v5,v6",2,0.2857,是,,,,,,辉县：旱，蝗。自秋至明年庚辰不雨，又蝗，仅播种而不秀，秀而不实，斗米千钱。二三月，奇寒，人益困，兄弟朋友互相残食，率以为常。明年春益甚。去冬无雪，今秋无雨。——道光《辉县志》艺文,辉县：旱，蝗。自秋至明年庚辰不雨，又蝗，仅播种而不秀，秀而不实，斗米千钱。二三月，奇寒，人益困，兄弟朋友互相残食，率以为常。明年春益甚。去冬无雪，今秋无雨。——道光《辉县志》艺文,
1639,河北,邢台,邢台县,1639|河北|邢台|邢台,明思宗崇祯十二年,无,邢台县志,无,保留,"v4,v5,v6","v4,v5,v6",3,0.4286,是,,,,,邢台县：大旱，人相食。——康熙《邢台县志》卷十二纪事,邢台县：大旱，人相食。——康熙《邢台县志》卷十二纪事,邢台县：大旱，人相食。——康熙《邢台县志》卷十二纪事,
1639,山东,菏泽,郓城县,1639|山东|菏泽|郓城,明思宗崇祯十二年,无,郓城县志,无,保留,"v4,v5,v6","v4,v5,v6",3,0.4286,是,,,,,郓城县：蝗灾，至平地尺半许，禾草树叶一空。大饥，人相食。——康熙《郓城县志》卷七灾祥,郓城县：蝗灾，至平地尺半许，禾草树叶一空。大饥，人相食。——康熙《郓城县志》卷七灾祥,郓城县：蝗灾，至平地尺半许，禾草树叶一空。大饥，人相食。——康熙《郓城县志》卷七灾祥,
1639,河北,保定,雄县,1639|河北|保定|雄,明思宗崇祯十二年,无,雄县乡土志,无,保留,"v4,v5,v6","v4,v5,v6",3,0.4286,是,,,,,雄县：时连年大旱，人相食。——光绪《雄县乡土志》卷四耆旧,雄县：时连年大旱，人相食。——光绪《雄县乡土志》卷四耆旧,雄县：时连年大旱，人相食。——光绪《雄县乡土志》卷四耆旧,
1639,河北,廊坊,香河县,1639|河北|廊坊|香河,明思宗崇祯十二年,无,香河县志,无,保留,"v4,v5,v6","v4,v5,v6",3,0.4286,是,,,,,香河县：饥荒，米石五两，人相食。河草人市，每斤钱三文。以至树皮草根无不采食，食之多中毒死。糟糠麸渣等物即为美食。山东流民携男女就食者道死相望，有人方死而肉为人剜去者，有人方死未绝而为人剥死者。——康熙《香河县志》卷十灾祥,香河县：饥荒，米石五两，人相食。河草人市，每斤钱三文。以至树皮草根无不采食，食之多中毒死。糟糠麸渣等物即为美食。山东流民携男女就食者道死相望，有人方死而肉为人剜去者，有人方死未绝而为人剥死者。——康熙《香河县志》卷十灾祥,香河县：饥荒，米石五两，人相食。河草人市，每斤钱三文。以至树皮草根无不采食，食之多中毒死。糟糠麸渣等物即为美食。山东流民携男女就食者道死相望，有人方死而肉为人剜去者，有人方死未绝而为人剥死者。——康熙《香河县志》卷十灾祥,
1640,河北,,东光县,1640|河北|东光,明思宗崇祯十三年,无,《东光县志》,无,保留,"v1,v2,v3","v1,v2,v3",3,0.4286,是,,东光县：旱，蝗。斗米价银两余，人相食，只身不敢路行。——康熙《东光县志》卷一礫祥,东光县：旱，蝗。斗米价银两余，人相食，只身不敢路行。——康熙《东光县志》卷一礫祥,东光县：旱，蝗。斗米价银两余，人相食，只身不敢路行。——康熙《东光县志》卷一礫祥,,,,
1640,江苏,盐城市,东台县,1640|江苏|盐城|东台,明思宗崇祯十三年,无,《东台县志》,无,保留,"v1,v2,v4,v5","v1,v2,v4,v5",4,0.5714,是,,东台县：四月至七月不雨，蝗复至，飞盈衢市，屋草靡遗。民大饥，人相食。——嘉庆《东台县志》卷七祥异,东台县：四月至七月不雨，蝗复至，飞盈衢市，屋草靡遗。民大饥，人相食。——嘉庆《东台县志》卷七祥异,,东台县：四月至七月不雨，蝗复至，飞盈衢市，屋草靡遗。民大饥，人相食。——嘉庆《东台县志》卷七祥异,东台县：四月至七月不雨，蝗复至，飞盈衢市，屋草靡遗。民大饥，人相食。——嘉庆《东台县志》卷七祥异,,
1640,江苏,徐州市,丰县,1640|江苏|徐|丰,明思宗崇祯十三年,无,《丰县志》,无,需进一步分析,v4,v4,1,0.1429,否,"同类 record 存在于 v1,v2,v3,v4,v5,v6,v7；本条仅存在于 v4；占比 14.3%",,,,丰县：大旱。…民大饥，斗米一金。人相食，所在流亡，或以妇子易钱百文，饭一餐，去不复顾。——顺治《新修丰县志》卷九灾祥,,,
1640,河北,,临城县,1640|河北|临城,明思宗崇祯十三年,无,《临城县志》,无,保留,"v1,v2,v3","v1,v2,v3",3,0.4286,是,,临城县：大旱，虫蝗。时斗米千钱，民剥树皮以食，祖孙父子夫妻俱有相食者。——康熙三十年《临城县志》卷八禨祥,临城县：大旱，虫蝗。时斗米千钱，民剥树皮以食，祖孙父子夫妻俱有相食者。——康熙三十年《临城县志》卷八禨祥,临城县：大旱，虫蝗。时斗米千钱，民剥树皮以食，祖孙父子夫妻俱有相食者。——康熙三十年《临城县志》卷八禨祥,,,,
1640,浙江,杭州市,临安县,1640|浙江|杭|临安,明思宗崇祯十三年,无,《临安县志》,无,保留,"v1,v2,v4,v5","v1,v2,v4,v5",4,0.5714,是,,临安县：大饥。人相食，流离载道，罗雀掘鼠，草根树皮俱尽，死者枕藉。庆云枭民陈廿八杀人以食，事露，死于法。——宣统《临安县志》卷一祥异,临安县：大饥。人相食，流离载道，罗雀掘鼠，草根树皮俱尽，死者枕藉。庆云枭民陈廿八杀人以食，事露，死于法。——宣统《临安县志》卷一祥异,,临安县：大饥。人相食，流离载道，罗雀掘鼠，草根树皮俱尽，死者枕藉。庆云枭民陈廿八杀人以食，事露，死于法。——宣统《临安县志》卷一祥异,临安县：大饥。人相食，流离载道，罗雀掘鼠，草根树皮俱尽，死者枕藉。庆云枭民陈廿八杀人以食，事露，死于法。——宣统《临安县志》卷一祥异,,
1640,甘肃,,临洮县,1640|甘肃|临洮,明思宗崇祯十三年,无,《临洮府志》,无,需进一步分析,v7,v7,1,0.1429,否,"同类 record 存在于 v1,v2,v3,v4,v5,v6,v7；本条仅存在于 v7；占比 14.3%",,,,,,,临洮县：大旱，春夏无雨，夏苗尽枯，秋禾未种。谷价腾涌，斗粟银一两，每日饿毙人无数，人每相食，为灾甚烈。
1640,甘肃,定西市,临洮县,1640|甘肃|定西|临洮,明思宗崇祯十三年,无,《临洮府志》,无,保留,"v1,v2,v3,v4,v5,v6","v1,v2,v3,v4,v5,v6",6,0.8571,是,,临洮县：大旱，春夏无雨，夏苗尽枯，秋禾未种。谷价腾涌，斗粟银一两，每日饿毙人无数，人每相食，为灾甚烈。——万历《临洮府志》卷二十二祥异,临洮县：大旱，春夏无雨，夏苗尽枯，秋禾未种。谷价腾涌，斗粟银一两，每日饿毙人无数，人每相食，为灾甚烈。——万历《临洮府志》卷二十二祥异,临洮县：大旱，春夏无雨，夏苗尽枯，秋禾未种。谷价腾涌，斗粟银一两，每日饿毙人无数，人每相食，为灾甚烈。——万历《临洮府志》卷二十二祥异,临洮县：大旱，春夏无雨，夏苗尽枯，秋禾未种。谷价腾涌，斗粟银一两，每日饿毙人无数，人每相食，为灾甚烈。——万历《临洮府志》卷二十二祥异,临洮县：大旱，春夏无雨，夏苗尽枯，秋禾未种。谷价腾涌，斗粟银一两，每日饿毙人无数，人每相食，为灾甚烈。——万历《临洮府志》卷二十二祥异,临洮县：大旱，春夏无雨，夏苗尽枯，秋禾未种。谷价腾涌，斗粟银一两，每日饿毙人无数，人每相食，为灾甚烈。——万历《临洮府志》卷二十二祥异,
1640,山东,临清市,临清市,1640|山东|临清|临清,明思宗崇祯十三年,无,《临清直隶州志》,无,保留,"v1,v2,v4,v5","v1,v2,v4,v5",4,0.5714,是,,临清市：疫甚，死者无算。是岁，自春徂秋无语，大饥，人相食。——乾隆《临清直隶州志》卷十一祥祲,临清市：疫甚，死者无算。是岁，自春徂秋无语，大饥，人相食。——乾隆《临清直隶州志》卷十一祥祲,,临清市：疫甚，死者无算。是岁，自春徂秋无语，大饥，人相食。——乾隆《临清直隶州志》卷十一祥祲,临清市：疫甚，死者无算。是岁，自春徂秋无语，大饥，人相食。——乾隆《临清直隶州志》卷十一祥祲,,
1640,河北,,临漳县,1640|河北|临漳,明思宗崇祯十三年,无,《临漳县志》,无,保留,"v1,v2,v3","v1,v2,v3",3,0.4286,是,,临漳县：大饥，斗米一两二钱。人相食，瘟疫盛行，民仅存一二。——光绪《临漳县志》卷一纪事,临漳县：大饥，斗米一两二钱。人相食，瘟疫盛行，民仅存一二。——光绪《临漳县志》卷一纪事,临漳县：大饥，斗米一两二钱。人相食，瘟疫盛行，民仅存一二。——光绪《临漳县志》卷一纪事,,,,
1640,河南,漯河市,临颍县,1640|河南|漯河|临颍,明思宗崇祯十三年,无,《临颍县续志》,无,保留,"v1,v2,v4,v5,v6,v7","v1,v2,v4,v5,v6,v7",6,0.8571,是,,临颍县：…十月，大饥，人相食，布帛衣服器皿每件不值百钱。——乾隆《临颍县续志》卷七灾祥,临颍县：…十月，大饥，人相食，布帛衣服器皿每件不值百钱。——乾隆《临颍县续志》卷七灾祥,,临颍县：…十月，大饥，人相食，布帛衣服器皿每件不值百钱。——乾隆《临颍县续志》卷七灾祥,临颍县：…十月，大饥，人相食，布帛衣服器皿每件不值百钱。——乾隆《临颍县续志》卷七灾祥,临颍县：…十月，大饥，人相食，布帛衣服器皿每件不值百钱。——乾隆《临颍县续志》卷七灾祥,临颍县：…十月，大饥，人相食，布帛衣服器皿每件不值百钱。——乾隆《临颍县续志》卷七灾祥
1640,河南,,临颍县,1640|河南|临颍,明思宗崇祯十三年,无,《临颍续志》,无,保留,v3,v3,1,0.1429,是,,,,临颍县：…十月，大饥，人相食，布帛衣服器皿每件不值百钱。——乾隆《临颍续志》卷七灾祥,,,,
1640,江苏,镇江市,丹阳县,1640|江苏|镇江|丹阳,明思宗崇祯十三年,无,《丹徒县志》,无,保留,"v1,v2,v4,v5","v1,v2,v4,v5",4,0.5714,是,,丹阳县：有食人之谣，上元日民间为米粉人食之，应。是年旱蝗，民多疫，人过相食。——光绪《丹徒县志》卷五十八祥异,丹阳县：有食人之谣，上元日民间为米粉人食之，应。是年旱蝗，民多疫，人过相食。——光绪《丹徒县志》卷五十八祥异,,丹阳县：有食人之谣，上元日民间为米粉人食之，应。是年旱蝗，民多疫，人过相食。——光绪《丹徒县志》卷五十八祥异,丹阳县：有食人之谣，上元日民间为米粉人食之，应。是年旱蝗，民多疫，人过相食。——光绪《丹徒县志》卷五十八祥异,,
1640,江苏,镇江市,丹徒县,1640|江苏|镇江|丹徒,明思宗崇祯十三年,无,《丹徒县志》,无,保留,"v1,v4,v5","v1,v4,v5",3,0.4286,是,,丹徒县：三吴皆饥，树皮食尽，至发瘞以食。年旱蝗，民多疫。——嘉庆《丹徒县志》卷四十六祥异,,,丹徒县：三吴皆饥，树皮食尽，至发瘞以食。年旱蝗，民多疫。——嘉庆《丹徒县志》卷四十六祥异,丹徒县：三吴皆饥，树皮食尽，至发瘞以食。年旱蝗，民多疫。——嘉庆《丹徒县志》卷四十六祥异,,
1640,山西,,昔阳县,1640|山西|昔阳,明思宗崇祯十三年,无,《乐平县志》,无,保留,"v1,v2,v3","v1,v2,v3",3,0.4286,是,,昔阳县：十二月，饥，人相食。——乾隆《乐平县志》卷二祥异,昔阳县：十二月，饥，人相食。——乾隆《乐平县志》卷二祥异,昔阳县：十二月，饥，人相食。——乾隆《乐平县志》卷二祥异,,,,
1640,河北,,泊头市,1640|河北|泊头,明思宗崇祯十三年,无,《交河县志》,无,保留,"v1,v2,v3","v1,v2,v3",3,0.4286,是,,泊头市：大饥，民相食，甚至父母食子，妻妾食夫。大疫。——康熙《交河县志》卷七灾祥,泊头市：大饥，民相食，甚至父母食子，妻妾食夫。大疫。——康熙《交河县志》卷七灾祥,泊头市：大饥，民相食，甚至父母食子，妻妾食夫。大疫。——康熙《交河县志》卷七灾祥,,,,
1640,安徽,亳州市,亳州市,1640|安徽|亳|亳,明思宗崇祯十三年,无,《亳州志》,无,保留,"v1,v2,v4,v5","v1,v2,v4,v5",4,0.5714,是,,亳州市：大疫殆尽，人相食。——崇祯《亳州志》卷一灾祥,亳州市：大疫殆尽，人相食。——崇祯《亳州志》卷一灾祥,,亳州市：大疫殆尽，人相食。——崇祯《亳州志》卷一灾祥,亳州市：大疫殆尽，人相食。——崇祯《亳州志》卷一灾祥,,
1640,河南,开封市,兰考县,1640|河南|开封|兰考,明思宗崇祯十三年,仪封县,《仪封县志》,无,保留,"v1,v2,v4,v5","v1,v2,v4,v5",4,0.5714,是,,兰考县：兵凶岁荒。三月不雨，六月小雨仅播豆种，又不雨，禾尽槁。八月即大霜。树叶尽脱。十月粮腾贵，麦石十五金，杂粮石十二金。人相食，市鬻人肉。集有人市，妇女一口，百钱可易。——顺治《仪封县志》卷七禨祥,兰考县：兵凶岁荒。三月不雨，六月小雨仅播豆种，又不雨，禾尽槁。八月即大霜。树叶尽脱。十月粮腾贵，麦石十五金，杂粮石十二金。人相食，市鬻人肉。集有人市，妇女一口，百钱可易。——顺治《仪封县志》卷七禨祥,,兰考县：兵凶岁荒。三月不雨，六月小雨仅播豆种，又不雨，禾尽槁。八月即大霜。树叶尽脱。十月粮腾贵，麦石十五金，杂粮石十二金。人相食，市鬻人肉。集有人市，妇女一口，百钱可易。——顺治《仪封县志》卷七禨祥,兰考县：兵凶岁荒。三月不雨，六月小雨仅播豆种，又不雨，禾尽槁。八月即大霜。树叶尽脱。十月粮腾贵，麦石十五金，杂粮石十二金。人相食，市鬻人肉。集有人市，妇女一口，百钱可易。——顺治《仪封县志》卷七禨祥,,
1640,河北,,任县,1640|河北|任,明思宗崇祯十三年,无,《任县志》,无,保留,"v1,v2,v3","v1,v2,v3",3,0.4286,是,,任县：大饥，人相食。——康熙《任县志》卷一灾祥,任县：大饥，人相食。——康熙《任县志》卷一灾祥,任县：大饥，人相食。——康熙《任县志》卷一灾祥,,,,
1640,河南,洛阳市,汝阳县,1640|河南|洛阳|汝阳,明思宗崇祯十三年,伊阳,《伊阳县志》,伊阳为推测，原文为古代地名伊阳,保留,"v1,v2,v3,v4,v5,v6,v7","v1,v2,v3,v4,v5,v6,v7",7,1.0,是,,汝阳县：春二月至七月无雨，野无青草。…饿殍枕藉，人且相食矣。——顺治《伊阳县志》卷二灾异,汝阳县：春二月至七月无雨，野无青草。…饿殍枕藉，人且相食矣。——顺治《伊阳县志》卷二灾异,汝阳县：春二月至七月无雨，野无青草。…饿殍枕藉，人且相食矣。——顺治《伊阳县志》卷二灾异,汝阳县：春二月至七月无雨，野无青草。…饿殍枕藉，人且相食矣。——顺治《伊阳县志》卷二灾异,汝阳县：春二月至七月无雨，野无青草。…饿殍枕藉，人且相食矣。——顺治《伊阳县志》卷二灾异,汝阳县：春二月至七月无雨，野无青草。…饿殍枕藉，人且相食矣。——顺治《伊阳县志》卷二灾异,汝阳县：春二月至七月无雨，野无青草。…饿殍枕藉，人且相食矣。——顺治《伊阳县志》卷二灾异
1640,甘肃,天水市,甘谷县,1640|甘肃|天水|甘谷,明思宗崇祯十三年,无,《伏羌县志》,无,保留,"v1,v2,v5,v6","v1,v2,v5,v6",4,0.5714,是,,甘谷县：自春至夏不雨。民饥，人相食，死者塞道。——康熙《伏羌县志》灾祥,甘谷县：自春至夏不雨。民饥，人相食，死者塞道。——康熙《伏羌县志》灾祥,,,甘谷县：自春至夏不雨。民饥，人相食，死者塞道。——康熙《伏羌县志》灾祥,甘谷县：自春至夏不雨。民饥，人相食，死者塞道。——康熙《伏羌县志》灾祥,
1640,河南,洛阳市,偃师市,1640|河南|洛阳|偃师,明思宗崇祯十三年,无,《偃师县志》,无,保留,"v1,v2,v3,v4,v5,v6,v7","v1,v2,v3,v4,v5,v6,v7",7,1.0,是,,偃师县：大无禾麦，洛水深不盈尺。流贼起，人民相食。——顺治《偃师县志》卷二灾祥,偃师县：大无禾麦，洛水深不盈尺。流贼起，人民相食。——顺治《偃师县志》卷二灾祥,偃师县：大无禾麦，洛水深不盈尺。流贼起，人民相食。——顺治《偃师县志》卷二灾祥,偃师县：大无禾麦，洛水深不盈尺。流贼起，人民相食。——顺治《偃师县志》卷二灾祥,偃师县：大无禾麦，洛水深不盈尺。流贼起，人民相食。——顺治《偃师县志》卷二灾祥,偃师县：大无禾麦，洛水深不盈尺。流贼起，人民相食。——顺治《偃师县志》卷二灾祥,偃师县：大无禾麦，洛水深不盈尺。流贼起，人民相食。——顺治《偃师县志》卷二灾祥
1640,河南,信阳市,潢川县,1640|河南|信阳|潢川,明思宗崇祯十三年,光州,《光州志》,光州为推测，原文为古代地名光州,保留,"v1,v2,v3,v4,v5,v6,v7","v1,v2,v3,v4,v5,v6,v7",7,1.0,是,,潢川县：旱，蝗。人相食，有窃邻之幼子而食者。——顺治《光州志》卷十二灾异,潢川县：旱，蝗。人相食，有窃邻之幼子而食者。——顺治《光州志》卷十二灾异,潢川县：旱，蝗。人相食，有窃邻之幼子而食者。——顺治《光州志》卷十二灾异,潢川县：旱，蝗。人相食，有窃邻之幼子而食者。——顺治《光州志》卷十二灾异,潢川县：旱，蝗。人相食，有窃邻之幼子而食者。——顺治《光州志》卷十二灾异,潢川县：旱，蝗。人相食，有窃邻之幼子而食者。——顺治《光州志》卷十二灾异,潢川县：旱，蝗。人相食，有窃邻之幼子而食者。——顺治《光州志》卷十二灾异
1640,江苏,南京市,六合县,1640|江苏|南京|六合,明思宗崇祯十三年,无,《六合县志》,无,保留,"v1,v4,v5","v1,v4,v5",3,0.4286,是,,六合县：大灾旱，人互相食，时治山、灵岩俱出石面，争取者日数千人，调为饼，燝食之，不易饥，然小腹胀，多有死者。后有用野草芽及树叶蔬梗杂以蒸食，遂不至死。——康熙《六合县志》卷八灾祥,,,六合县：大灾旱，人互相食，时治山、灵岩俱出石面，争取者日数千人，调为饼，燝食之，不易饥，然小腹胀，多有死者。后有用野草芽及树叶蔬梗杂以蒸食，遂不至死。——康熙《六合县志》卷八灾祥,六合县：大灾旱，人互相食，时治山、灵岩俱出石面，争取者日数千人，调为饼，燝食之，不易饥，然小腹胀，多有死者。后有用野草芽及树叶蔬梗杂以蒸食，遂不至死。——康熙《六合县志》卷八灾祥,,
1640,甘肃,兰州,,1640|甘肃|兰,明思宗崇祯十三年,无,《兰州府志》,无,需进一步分析,v7,v7,1,0.1429,否,"同类 record 存在于 v1,v2,v3,v4,v5,v6,v7；本条仅存在于 v7；占比 14.3%",,,,,,,兰州市：春正月至夏六月，不雨，大饥，人相食。
1640,甘肃,兰州市,兰州市,1640|甘肃|兰|兰,明思宗崇祯十三年,无,《兰州府志》,无,保留,"v1,v2,v3,v4,v5,v6","v1,v2,v3,v4,v5,v6",6,0.8571,是,,兰州市：春正月至夏六月，不雨，大饥，人相食。——道光《兰州府志》卷十二杂记,兰州市：春正月至夏六月，不雨，大饥，人相食。——道光《兰州府志》卷十二杂记,兰州市：春正月至夏六月，不雨，大饥，人相食。——道光《兰州府志》卷十二杂记,兰州市：春正月至夏六月，不雨，大饥，人相食。——道光《兰州府志》卷十二杂记,兰州市：春正月至夏六月，不雨，大饥，人相食。——道光《兰州府志》卷十二杂记,兰州市：春正月至夏六月，不雨，大饥，人相食。——道光《兰州府志》卷十二杂记,
1640,山东,聊城市,冠县,1640|山东|聊城|冠,明思宗崇祯十三年,无,《冠县志》,无,保留,"v1,v2,v4,v5","v1,v2,v4,v5",4,0.5714,是,,冠县：春，风霾日起，蝗蝻复生。粮食一石值银十两，草根树叶计斤易银。瘟疫盛行，死者相枕。有自食儿女者，有买死人而食者，有掘新尸而食者，有杀活人而卖者，行人路绝，一村之中不相往来。——康熙《冠县志》卷五禩祥,冠县：春，风霾日起，蝗蝻复生。粮食一石值银十两，草根树叶计斤易银。瘟疫盛行，死者相枕。有自食儿女者，有买死人而食者，有掘新尸而食者，有杀活人而卖者，行人路绝，一村之中不相往来。——康熙《冠县志》卷五禩祥,,冠县：春，风霾日起，蝗蝻复生。粮食一石值银十两，草根树叶计斤易银。瘟疫盛行，死者相枕。有自食儿女者，有买死人而食者，有掘新尸而食者，有杀活人而卖者，行人路绝，一村之中不相往来。——康熙《冠县志》卷五禩祥,冠县：春，风霾日起，蝗蝻复生。粮食一石值银十两，草根树叶计斤易银。瘟疫盛行，死者相枕。有自食儿女者，有买死人而食者，有掘新尸而食者，有杀活人而卖者，行人路绝，一村之中不相往来。——康熙《冠县志》卷五禩祥,,
1640,陕西,,潼关县,1640|陕西|潼关,明思宗崇祯十三年,无,《凤翔府志》,无,需进一步分析,v7,v7,1,0.1429,否,"同类 record 存在于 v1,v2,v3,v4,v5,v6,v7；本条仅存在于 v7；占比 14.3%",,,,,,,潼关县：夏旱。蝗蝻生，食苗。斗米二两五钱，人相食。
1640,陕西,渭南市,潼关县,1640|陕西|渭南|潼关,明思宗崇祯十三年,无,《凤翔府志》,无,保留,"v1,v2,v3,v4,v5,v6","v1,v2,v3,v4,v5,v6",6,0.8571,是,,潼关县：夏旱。蝗蝻生，食苗。斗米二两五钱，人相食。——乾隆《凤翔府志》卷上灾祥,潼关县：夏旱。蝗蝻生，食苗。斗米二两五钱，人相食。——乾隆《凤翔府志》卷上灾祥,潼关县：夏旱。蝗蝻生，食苗。斗米二两五钱，人相食。——乾隆《凤翔府志》卷上灾祥,潼关县：夏旱。蝗蝻生，食苗。斗米二两五钱，人相食。——乾隆《凤翔府志》卷上灾祥,潼关县：夏旱。蝗蝻生，食苗。斗米二两五钱，人相食。——乾隆《凤翔府志》卷上灾祥,潼关县：夏旱。蝗蝻生，食苗。斗米二两五钱，人相食。——乾隆《凤翔府志》卷上灾祥,
1640,山东,东营市,利津县,1640|山东|东营|利津,明思宗崇祯十三年,无,《利津县新志》,无,保留,"v1,v2,v5,v6","v1,v2,v5,v6",4,0.5714,是,,利津县：大饥，人相食。小蝗伤麦。——康熙《利津县新志》卷九祥异,利津县：大饥，人相食。小蝗伤麦。——康熙《利津县新志》卷九祥异,,,利津县：大饥，人相食。小蝗伤麦。——康熙《利津县新志》卷九祥异,利津县：大饥，人相食。小蝗伤麦。——康熙《利津县新志》卷九祥异,
1640,安徽,六安市,霍山县,1640|安徽|六安|霍山,明思宗崇祯十三年,无,《华东地区近五百年气候历史资料》,无,保留,"v1,v4,v5","v1,v4,v5",3,0.4286,是,,霍山县：夏大旱，飞蝗蔽天，人相食。——《华东地区近五百年气候历史资料》第三分册，第90页。,,,霍山县：夏大旱，飞蝗蔽天，人相食。——《华东地区近五百年气候历史资料》第三分册，第90页。,霍山县：夏大旱，飞蝗蔽天，人相食。——《华东地区近五百年气候历史资料》第三分册，第90页。,,
1640,河南,驻马店市,泌阳县,1640|河南|驻马店|泌阳,明思宗崇祯十三年,无,《华北、东北近五百年旱涝史料》,无,保留,"v1,v4,v5,v6,v7","v1,v4,v5,v6,v7",5,0.7143,是,,泌阳县：自去年七月至是年八月始雨，五谷种不入土，大饥…人相食。——《华北、东北近五百年旱涝史料》第四分册，第68页。,,,泌阳县：自去年七月至是年八月始雨，五谷种不入土，大饥…人相食。——《华北、东北近五百年旱涝史料》第四分册，第68页。,泌阳县：自去年七月至是年八月始雨，五谷种不入土，大饥…人相食。——《华北、东北近五百年旱涝史料》第四分册，第68页。,泌阳县：自去年七月至是年八月始雨，五谷种不入土，大饥…人相食。——《华北、东北近五百年旱涝史料》第四分册，第68页。,泌阳县：自去年七月至是年八月始雨，五谷种不入土，大饥…人相食。——《华北、东北近五百年旱涝史料》第四分册，第68页。
1640,河南,洛阳市,嵩县,1640|河南|洛阳|嵩,明思宗崇祯十三年,无,《华北、东北近五百年旱涝史料》,无,保留,"v1,v4,v5,v6,v7","v1,v4,v5,v6,v7",5,0.7143,是,,嵩县：旱蝗，大饥，人相食。——《华北、东北近五百年旱涝史料》第四分册，第52页。,,,嵩县：旱蝗，大饥，人相食。——《华北、东北近五百年旱涝史料》第四分册，第52页。,嵩县：旱蝗，大饥，人相食。——《华北、东北近五百年旱涝史料》第四分册，第52页。,嵩县：旱蝗，大饥，人相食。——《华北、东北近五百年旱涝史料》第四分册，第52页。,嵩县：旱蝗，大饥，人相食。——《华北、东北近五百年旱涝史料》第四分册，第52页。
1640,山东,济南市,,1640|山东|济南,明思宗崇祯十三年,无,《华北、东北近五百年旱涝史料》,无,保留,v1,v1,1,0.1429,是,,济南府：连岁旱，天下大饥…，诸州连岁旱饥，五月大旱饥，树皮皆尽，发瘞肉以食。连岁旱，天下大饥，人相食。——《华北、东北近五百年旱涝史料》第三分册，第8页。,,,,,,
1640,山东,,济南府,1640|山东|济南府,明思宗崇祯十三年,无,《华北、东北近五百年旱涝史料》,无,保留,"v2,v6","v2,v6",2,0.2857,是,,,济南府：连岁旱，天下大饥…，诸州连岁旱饥，五月大旱饥，树皮皆尽，发瘞肉以食。连岁旱，天下大饥，人相食。——《华北、东北近五百年旱涝史料》第三分册，第8页。,,,,济南府：连岁旱，天下大饥…，诸州连岁旱饥，五月大旱饥，树皮皆尽，发瘞肉以食。连岁旱，天下大饥，人相食。——《华北、东北近五百年旱涝史料》第三分册，第8页。,
1640,山西,,临猗县,1640|山西|临猗,明思宗崇祯十三年,无,《华北、东北近五百年旱涝史料》,无,需进一步分析,v7,v7,1,0.1429,否,"同类 record 存在于 v1,v2,v3,v4,v5,v6,v7；本条仅存在于 v7；占比 14.3%",,,,,,,临猗县：春不雨至六月。秋无禾，木皮草根尽，人相食。
1640,山西,运城市,临猗县,1640|山西|运城|临猗,明思宗崇祯十三年,无,《华北、东北近五百年旱涝史料》,无,保留,"v1,v2,v4,v6","v1,v2,v4,v6",4,0.5714,是,,临猗县：春不雨至六月。秋无禾，木皮草根尽，人相食。——《华北、东北近五百年旱涝史料》第五分册，第44页,临猗县：春不雨至六月。秋无禾，木皮草根尽，人相食。——《华北、东北近五百年旱涝史料》第五分册，第44页。,,临猗县：春不雨至六月。秋无禾，木皮草根尽，人相食。——《华北、东北近五百年旱涝史料》第五分册，第44页。,,临猗县：春不雨至六月。秋无禾，木皮草根尽，人相食。——《华北、东北近五百年旱涝史料》第五分册，第44页。,
1640,河北,,盐山县,1640|河北|盐山,明思宗崇祯十三年,无,《华北、东北近五百年旱涝史料》,无,保留,"v1,v2,v3","v1,v2,v3",3,0.4286,是,,盐山县：三月至秋不雨，禾苗尽枯，…人相食。——《华北、东北近五百年旱涝史料》第二分册，第30页。,盐山县：三月至秋不雨，禾苗尽枯，…人相食。——《华北、东北近五百年旱涝史料》第二分册，第30页。,盐山县：三月至秋不雨，禾苗尽枯，…人相食。——《华北、东北近五百年旱涝史料》第二分册，第30页。,,,,
1640,山西,,壶关县,1640|山西|壶关,明思宗崇祯十三年,无,《华北、东北近五百年旱涝史料》,无,需进一步分析,v7,v7,1,0.1429,否,"同类 record 存在于 v1,v2,v3,v4,v5,v6,v7；本条仅存在于 v7；占比 14.3%",,,,,,,壶关县：夏大旱，秋无禾，…民多饿死，人相食。
1640,山西,长治市,壶关县,1640|山西|长治|壶关,明思宗崇祯十三年,无,《华北、东北近五百年旱涝史料》,无,保留,"v1,v2,v4,v6","v1,v2,v4,v6",4,0.5714,是,,壶关县：夏大旱，秋无禾，…民多饿死，人相食。——《华北、东北近五百年旱涝史料》第五分册，第66页,壶关县：夏大旱，秋无禾，…民多饿死，人相食。——《华北、东北近五百年旱涝史料》第五分册，第66页。,,壶关县：夏大旱，秋无禾，…民多饿死，人相食。——《华北、东北近五百年旱涝史料》第五分册，第66页。,,壶关县：夏大旱，秋无禾，…民多饿死，人相食。——《华北、东北近五百年旱涝史料》第五分册，第66页。,
1640,河北,,肃宁县,1640|河北|肃宁,明思宗崇祯十三年,无,《华北、东北近五百年旱涝史料》,无,保留,"v1,v2,v3","v1,v2,v3",3,0.4286,是,,肃宁县：大旱…人相食。尸骸遍野。——《华北、东北近五百年旱涝史料》第二分册，第30页。,肃宁县：大旱…人相食。尸骸遍野。——《华北、东北近五百年旱涝史料》第二分册，第30页。,肃宁县：大旱…人相食。尸骸遍野。——《华北、东北近五百年旱涝史料》第二分册，第30页。,,,,
1640,山西,,夏县,1640|山西|夏,明思宗崇祯十三年,无,《华北、东北近五百年旱涝史料》,无,需进一步分析,v7,v7,1,0.1429,否,"同类 record 存在于 v1,v2,v3,v4,v5,v6,v7；本条仅存在于 v7；占比 14.3%",,,,,,,夏县：连遭大旱，蝗蝻食苗，岁大饥，人相食。
1640,山西,运城市,夏县,1640|山西|运城|夏,明思宗崇祯十三年,无,《华北、东北近五百年旱涝史料》,无,保留,"v1,v2,v4,v6","v1,v2,v4,v6",4,0.5714,是,,夏县：连遭大旱，蝗蝻食苗，岁大饥，人相食。——《华北、东北近五百年旱涝史料》第五分册，第44页,夏县：连遭大旱，蝗蝻食苗，岁大饥，人相食。——《华北、东北近五百年旱涝史料》第五分册，第44页。,,夏县：连遭大旱，蝗蝻食苗，岁大饥，人相食。——《华北、东北近五百年旱涝史料》第五分册，第44页。,,夏县：连遭大旱，蝗蝻食苗，岁大饥，人相食。——《华北、东北近五百年旱涝史料》第五分册，第44页。,
1640,河南,郑州市,密县,1640|河南|郑|密,明思宗崇祯十三年,无,《华北、东北近五百年旱涝史料》,无,保留,"v1,v4,v5,v6,v7","v1,v4,v5,v6,v7",5,0.7143,是,,密县：大旱蝗，道瘞枕藉，人相食。——《华北、东北近五百年旱涝史料》第四分册，第29页。,,,密县：大旱蝗，道瘞枕藉，人相食。——《华北、东北近五百年旱涝史料》第四分册，第29页。,密县：大旱蝗，道瘞枕藉，人相食。——《华北、东北近五百年旱涝史料》第四分册，第29页。,密县：大旱蝗，道瘞枕藉，人相食。——《华北、东北近五百年旱涝史料》第四分册，第29页。,密县：大旱蝗，道瘞枕藉，人相食。——《华北、东北近五百年旱涝史料》第四分册，第29页。
1640,河北,,元氏县,1640|河北|元氏,明思宗崇祯十三年,无,《华北、东北近五百年旱涝史料》,无,保留,"v1,v2,v3","v1,v2,v3",3,0.4286,是,,元氏县：大旱，麦无秋，民食树皮、草子，煮靴皮嚼，且食人。——《华北、东北近五百年旱涝史料》第二分册，第80页。,元氏县：大旱，麦无秋，民食树皮、草子，煮靴皮嚼，且食人。——《华北、东北近五百年旱涝史料》第二分册，第80页。,元氏县：大旱，麦无秋，民食树皮、草子，煮靴皮嚼，且食人。——《华北、东北近五百年旱涝史料》第二分册，第80页。,,,,
1640,河南,,泌阳县,1640|河南|泌阳,明思宗崇祯十三年,无,《华北、东北近五百年旱涝史料》第四分册,无,需进一步分析,v2,v2,1,0.1429,否,"同类 record 存在于 v1,v2,v3,v4,v5,v6,v7；本条仅存在于 v2；占比 14.3%",,泌阳县：自去年七月至是年八月始雨，五谷种不入土，大饥…人相食。——《华北、东北近五百年旱涝史料》第四分册，第68页。,,,,,
1640,河南,,嵩县,1640|河南|嵩,明思宗崇祯十三年,无,《华北、东北近五百年旱涝史料》第四分册,无,需进一步分析,v2,v2,1,0.1429,否,"同类 record 存在于 v1,v2,v3,v4,v5,v6,v7；本条仅存在于 v2；占比 14.3%",,嵩县：旱蝗，大饥，人相食。——《华北、东北近五百年旱涝史料》第四分册，第52页。,,,,,
1640,河南,,密县,1640|河南|密,明思宗崇祯十三年,无,《华北、东北近五百年旱涝史料》第四分册,无,需进一步分析,v2,v2,1,0.1429,否,"同类 record 存在于 v1,v2,v3,v4,v5,v6,v7；本条仅存在于 v2；占比 14.3%",,密县：大旱蝗，道瘞枕藉，人相食。——《华北、东北近五百年旱涝史料》第四分册，第29页。,,,,,
1640,陕西,渭南市,华阴市,1640|陕西|渭南|华阴,明思宗崇祯十三年,无,《华阴县志》,无,保留,"v1,v2,v3,v4,v5,v6,v7","v1,v2,v3,v4,v5,v6,v7",7,1.0,是,,华阴县：大旱，麦米斗值二两，百姓剥啖树皮草根，至人相食。兼瘟疫相继，饿殍盈野——乾隆《华阴县志》卷二十一纪事,华阴县：大旱，麦米斗值二两，百姓剥啖树皮草根，至人相食。兼瘟疫相继，饿殍盈野——乾隆《华阴县志》卷二十一纪事,华阴县：大旱，麦米斗值二两，百姓剥啖树皮草根，至人相食。兼瘟疫相继，饿殍盈野——乾隆《华阴县志》卷二十一纪事,华阴县：大旱，麦米斗值二两，百姓剥啖树皮草根，至人相食。兼瘟疫相继，饿殍盈野——乾隆《华阴县志》卷二十一纪事,华阴县：大旱，麦米斗值二两，百姓剥啖树皮草根，至人相食。兼瘟疫相继，饿殍盈野——乾隆《华阴县志》卷二十一纪事,华阴县：大旱，麦米斗值二两，百姓剥啖树皮草根，至人相食。兼瘟疫相继，饿殍盈野——乾隆《华阴县志》卷二十一纪事,华阴县：大旱，麦米斗值二两，百姓剥啖树皮草根，至人相食。兼瘟疫相继，饿殍盈野——乾隆《华阴县志》卷二十一纪事
1640,山东,菏泽市,单县,1640|山东|菏泽|单,明思宗崇祯十三年,无,《单县志》,无,保留,"v1,v2,v5,v6","v1,v2,v5,v6",4,0.5714,是,,单县：蝗，旱。大饥，斗米价银三两，瘟疫盛行，人相食。——康熙《单县志》卷一祥异,单县：蝗，旱。大饥，斗米价银三两，瘟疫盛行，人相食。——康熙《单县志》卷一祥异,,,单县：蝗，旱。大饥，斗米价银三两，瘟疫盛行，人相食。——康熙《单县志》卷一祥异,单县：蝗，旱。大饥，斗米价银三两，瘟疫盛行，人相食。——康熙《单县志》卷一祥异,
1640,河北,,南皮县,1640|河北|南皮,明思宗崇祯十三年,无,《南皮县志》,无,保留,"v1,v2,v3","v1,v2,v3",3,0.4286,是,,南皮县：大饥，人自相食。村落几绝人迹。——康熙《南皮县志》卷二灾异,南皮县：大饥，人自相食。村落几绝人迹。——康熙《南皮县志》卷二灾异,南皮县：大饥，人自相食。村落几绝人迹。——康熙《南皮县志》卷二灾异,,,,
1640,河南,三门峡市,卢氏县,1640|河南|三门峡|卢氏,明思宗崇祯十三年,无,《卢氏县志》,无,保留,"v1,v2,v3,v4,v5,v6,v7","v1,v2,v3,v4,v5,v6,v7",7,1.0,是,,卢氏县：…父子相食，饿殍遍野。山崩川竭，逆闽倡乱中州。——康熙《卢氏县志》卷四灾祥,卢氏县：…父子相食，饿殍遍野。山崩川竭，逆闽倡乱中州。——康熙《卢氏县志》卷四灾祥,卢氏县：…父子相食，饿殍遍野。山崩川竭，逆闽倡乱中州。——康熙《卢氏县志》卷四灾祥,卢氏县：…父子相食，饿殍遍野。山崩川竭，逆闽倡乱中州。——康熙《卢氏县志》卷四灾祥,卢氏县：…父子相食，饿殍遍野。山崩川竭，逆闽倡乱中州。——康熙《卢氏县志》卷四灾祥,卢氏县：…父子相食，饿殍遍野。山崩川竭，逆闽倡乱中州。——康熙《卢氏县志》卷四灾祥,卢氏县：…父子相食，饿殍遍野。山崩川竭，逆闽倡乱中州。——康熙《卢氏县志》卷四灾祥
1640,山东,青岛市,即墨县,1640|山东|青岛|即墨,明思宗崇祯十三年,无,《即墨县志》,无,保留,"v1,v2,v5,v6","v1,v2,v5,v6",4,0.5714,是,,即墨县：沙鸡遍野。大饥，人相食。——同治《即墨县志》卷十一灾祥,即墨县：沙鸡遍野。大饥，人相食。——同治《即墨县志》卷十一灾祥,,,即墨县：沙鸡遍野。大饥，人相食。——同治《即墨县志》卷十一灾祥,即墨县：沙鸡遍野。大饥，人相食。——同治《即墨县志》卷十一灾祥,
1640,河南,新乡市,原阳县,1640|河南|新乡|原阳,明思宗崇祯十三年,无,《原武县志》,无,保留,"v1,v2,v3,v4,v5,v6,v7","v1,v2,v3,v4,v5,v6,v7",7,1.0,是,,原阳县：正月朔，阴晦雨沙者一日，白昼如夜。春大旱。斗米千五百钱，人相食。——康熙《原武县志》卷末灾祥,原阳县：正月朔，阴晦雨沙者一日，白昼如夜。春大旱。斗米千五百钱，人相食。——康熙《原武县志》卷末灾祥,原阳县：正月朔，阴晦雨沙者一日，白昼如夜。春大旱。斗米千五百钱，人相食。——康熙《原武县志》卷末灾祥,原阳县：正月朔，阴晦雨沙者一日，白昼如夜。春大旱。斗米千五百钱，人相食。——康熙《原武县志》卷末灾祥,原阳县：正月朔，阴晦雨沙者一日，白昼如夜。春大旱。斗米千五百钱，人相食。——康熙《原武县志》卷末灾祥,原阳县：正月朔，阴晦雨沙者一日，白昼如夜。春大旱。斗米千五百钱，人相食。——康熙《原武县志》卷末灾祥,原阳县：正月朔，阴晦雨沙者一日，白昼如夜。春大旱。斗米千五百钱，人相食。——康熙《原武县志》卷末灾祥
1640,河北,,吴桥县,1640|河北|吴桥,明思宗崇祯十三年,无,《吴桥县志》,无,保留,"v1,v2,v3","v1,v2,v3",3,0.4286,是,,吴桥县：旱甚。斗米银二两，人相食。——光绪《吴桥县志》卷十杂记,吴桥县：旱甚。斗米银二两，人相食。——光绪《吴桥县志》卷十杂记,吴桥县：旱甚。斗米银二两，人相食。——光绪《吴桥县志》卷十杂记,,,,
1640,陕西,,咸阳市,1640|陕西|咸阳,明思宗崇祯十三年,无,《咸阳县志》,无,保留,"v1,v5","v1,v5",2,0.2857,是,,咸阳市：秋大旱，饥。十月，栗价腾贵，斗米三钱。至次年春十倍其值，罢市。饥疫相困，木皮石面皆尽，父子夫妇相刈啖。——乾隆《咸阳县志》卷二十祥异,,,,咸阳市：秋大旱，饥。十月，栗价腾贵，斗米三钱。至次年春十倍其值，罢市。饥疫相困，木皮石面皆尽，父子夫妇相刈啖。——乾隆《咸阳县志》卷二十祥异,,
1640,陕西,咸阳市,咸阳县,1640|陕西|咸阳|咸阳,明思宗崇祯十三年,无,《咸阳县志》,无,保留,"v2,v3,v4,v6","v2,v3,v4,v6",4,0.5714,是,,,咸阳市：秋大旱，饥。十月，栗价腾贵，斗米三钱。至次年春十倍其值，罢市。饥疫相困，木皮石面皆尽，父子夫妇相刈啖，道殣充积，十亡八九。——乾隆《咸阳县志》卷二十祥异,咸阳市：秋大旱，饥。十月，栗价腾贵，斗米三钱。至次年春十倍其值，罢市。饥疫相困，木皮石面皆尽，父子夫妇相刈啖，道殣充积，十亡八九。——乾隆《咸阳县志》卷二十祥异,咸阳市：秋大旱，饥。十月，栗价腾贵，斗米三钱。至次年春十倍其值，罢市。饥疫相困，木皮石面皆尽，父子夫妇相刈啖，道殣充积，十亡八九。——乾隆《咸阳县志》卷二十祥异,,咸阳市：秋大旱，饥。十月，栗价腾贵，斗米三钱。至次年春十倍其值，罢市。饥疫相困，木皮石面皆尽，父子夫妇相刈啖，道殣充积，十亡八九。——乾隆《咸阳县志》卷二十祥异,
1640,陕西,,咸阳市,1640|陕西|咸阳,明思宗崇祯十三年,无,《咸阳县志》,无,保留,v7,v7,1,0.1429,是,,,,,,,,咸阳市：秋大旱，饥。十月，栗价腾贵，斗米三钱。至次年春十倍其值，罢市。饥疫相困，木皮石面皆尽，父子夫妇相刘啖，道殣充积，十亡七八。
1640,河南,信阳市,商城县,1640|河南|信阳|商城,明思宗崇祯十三年,无,《商城县志》,无,保留,"v1,v2,v3,v4,v5,v6,v7","v1,v2,v3,v4,v5,v6,v7",7,1.0,是,,商城县：飞蝗蔽天，无禾，人相食。——康熙《商城县志》卷八灾祥,商城县：飞蝗蔽天，无禾，人相食。——康熙《商城县志》卷八灾祥,商城县：飞蝗蔽天，无禾，人相食。——康熙《商城县志》卷八灾祥,商城县：飞蝗蔽天，无禾，人相食。——康熙《商城县志》卷八灾祥,商城县：飞蝗蔽天，无禾，人相食。——康熙《商城县志》卷八灾祥,商城县：飞蝗蔽天，无禾，人相食。——康熙《商城县志》卷八灾祥,商城县：飞蝗蔽天，无禾，人相食。——康熙《商城县志》卷八灾祥
1640,河南,周口市,商水县,1640|河南|周口|商水,明思宗崇祯十三年,无,《商水县志》,无,保留,"v1,v2,v3,v4,v5,v6,v7","v1,v2,v3,v4,v5,v6,v7",7,1.0,是,,商水县：大饥，群盗蜂起，…壮者皆从贼去，其余老弱相食，甚有父子、兄弟、夫妇自相啖者。冬大雪，路绝行人．城门紧闭，四关皆食人之薮也。——顺治《商水县志》卷八灾变,商水县：大饥，群盗蜂起，…壮者皆从贼去，其余老弱相食，甚有父子、兄弟、夫妇自相啖者。冬大雪，路绝行人．城门紧闭，四关皆食人之薮也。——顺治《商水县志》卷八灾变,商水县：大饥，群盗蜂起，…壮者皆从贼去，其余老弱相食，甚有父子、兄弟、夫妇自相啖者。冬大雪，路绝行人．城门紧闭，四关皆食人之薮也。——顺治《商水县志》卷八灾变,商水县：大饥，群盗蜂起，…壮者皆从贼去，其余老弱相食，甚有父子、兄弟、夫妇自相啖者。冬大雪，路绝行人．城门紧闭，四关皆食人之薮也。——顺治《商水县志》卷八灾变,商水县：大饥，群盗蜂起，…壮者皆从贼去，其余老弱相食，甚有父子、兄弟、夫妇自相啖者。冬大雪，路绝行人．城门紧闭，四关皆食人之薮也。——顺治《商水县志》卷八灾变,商水县：大饥，群盗蜂起，…壮者皆从贼去，其余老弱相食，甚有父子、兄弟、夫妇自相啖者。冬大雪，路绝行人．城门紧闭，四关皆食人之薮也。——顺治《商水县志》卷八灾变,商水县：大饥，群盗蜂起，…壮者皆从贼去，其余老弱相食，甚有父子、兄弟、夫妇自相啖者。冬大雪，路绝行人．城门紧闭，四关皆食人之薮也。——顺治《商水县志》卷八灾变
1640,河南,信阳市,固始县,1640|河南|信阳|固始,明思宗崇祯十三年,无,《固始县志》,无,保留,"v1,v2,v3,v4,v5,v6,v7","v1,v2,v3,v4,v5,v6,v7",7,1.0,是,,固始县：…斗米钱三千三百文，人相食，甚至父子兄弟夫妻有相食者。——康熙《固始县志》卷十一·灾祥,固始县：…斗米钱三千三百文，人相食，甚至父子兄弟夫妻有相食者。——康熙《固始县志》卷十一·灾祥,固始县：…斗米钱三千三百文，人相食，甚至父子兄弟夫妻有相食者。——康熙《固始县志》卷十一·灾祥,固始县：…斗米钱三千三百文，人相食，甚至父子兄弟夫妻有相食者。——康熙《固始县志》卷十一·灾祥,固始县：…斗米钱三千三百文，人相食，甚至父子兄弟夫妻有相食者。——康熙《固始县志》卷十一·灾祥,固始县：…斗米钱三千三百文，人相食，甚至父子兄弟夫妻有相食者。——康熙《固始县志》卷十一·灾祥,固始县：…斗米钱三千三百文，人相食，甚至父子兄弟夫妻有相食者。——康熙《固始县志》卷十一·灾祥
1640,山西,,垣曲县,1640|山西|垣曲,明思宗崇祯十三年,无,《垣曲县志》,无,需进一步分析,v7,v7,1,0.1429,否,"同类 record 存在于 v1,v2,v3,v4,v5,v6,v7；本条仅存在于 v7；占比 14.3%",,,,,,,垣曲县：三月，天赤，日月无光者三日。夏无麦，秋无禾。饥，人相食，骸骨遍野。
1640,山西,运城市,垣曲县,1640|山西|运城|垣曲,明思宗崇祯十三年,无,《垣曲县志》,无,保留,"v1,v2,v3,v4,v5,v6","v1,v2,v3,v4,v5,v6",6,0.8571,是,,垣曲县：三月，天赤，日月无光者三日。夏无麦，秋无禾。饥，人相食，骸骨遍野。——康熙《垣曲县志》卷十二灾荒,垣曲县：三月，天赤，日月无光者三日。夏无麦，秋无禾。饥，人相食，骸骨遍野。——康熙《垣曲县志》卷十二灾荒,垣曲县：三月，天赤，日月无光者三日。夏无麦，秋无禾。饥，人相食，骸骨遍野。——康熙《垣曲县志》卷十二灾荒,垣曲县：三月，天赤，日月无光者三日。夏无麦，秋无禾。饥，人相食，骸骨遍野。——康熙《垣曲县志》卷十二灾荒,垣曲县：三月，天赤，日月无光者三日。夏无麦，秋无禾。饥，人相食，骸骨遍野。——康熙《垣曲县志》卷十二灾荒,垣曲县：三月，天赤，日月无光者三日。夏无麦，秋无禾。饥，人相食，骸骨遍野。——康熙《垣曲县志》卷十二灾荒,
1640,山东,青岛市,胶县,1640|山东|青岛|胶,明思宗崇祯十三年,无,《增修胶志》,无,保留,"v1,v2,v5,v6","v1,v2,v5,v6",4,0.5714,是,,胶县：夏五月，大旱，蝗。冬十二月，大饥，人相食。——民国《增修胶志》卷五十三祥异,胶县：夏五月，大旱，蝗。冬十二月，大饥，人相食。——民国《增修胶志》卷五十三祥异,,,胶县：夏五月，大旱，蝗。冬十二月，大饥，人相食。——民国《增修胶志》卷五十三祥异,胶县：夏五月，大旱，蝗。冬十二月，大饥，人相食。——民国《增修胶志》卷五十三祥异,
1640,山东,德州市,夏津县,1640|山东|德|夏津,明思宗崇祯十三年,无,《夏津县志》,无,保留,"v1,v2,v5,v6","v1,v2,v5,v6",4,0.5714,是,,夏津县：大饥，斗米两银，人相食。——乾隆《夏津县志》卷九灾祥,夏津县：大饥，斗米两银，人相食。——乾隆《夏津县志》卷九灾祥,,,夏津县：大饥，斗米两银，人相食。——乾隆《夏津县志》卷九灾祥,夏津县：大饥，斗米两银，人相食。——乾隆《夏津县志》卷九灾祥,
1640,河南,商丘市,夏邑县,1640|河南|商丘|夏邑,明思宗崇祯十三年,无,《夏邑县志》,无,保留,"v1,v2,v3,v4,v5,v6,v7","v1,v2,v3,v4,v5,v6,v7",7,1.0,是,,夏邑县：又旱，禾乃尽。…斗米钱二千，民穷思乱，绿林啸聚，白昼揭竿，所在杀人而食，出城不数武即杀人之场，生死止隔一墙耳。初，有司尚严禁之，渐成固然，甚而父食其子，夫食其妇，种种修状，未之前闻。——民国《夏邑县志》卷九杂文,夏邑县：又旱，禾乃尽。…斗米钱二千，民穷思乱，绿林啸聚，白昼揭竿，所在杀人而食，出城不数武即杀人之场，生死止隔一墙耳。初，有司尚严禁之，渐成固然，甚而父食其子，夫食其妇，种种修状，未之前闻。——民国《夏邑县志》卷九杂文,夏邑县：又旱，禾乃尽。…斗米钱二千，民穷思乱，绿林啸聚，白昼揭竿，所在杀人而食，出城不数武即杀人之场，生死止隔一墙耳。初，有司尚严禁之，渐成固然，甚而父食其子，夫食其妇，种种修状，未之前闻。——民国《夏邑县志》卷九杂文,夏邑县：又旱，禾乃尽。…斗米钱二千，民穷思乱，绿林啸聚，白昼揭竿，所在杀人而食，出城不数武即杀人之场，生死止隔一墙耳。初，有司尚严禁之，渐成固然，甚而父食其子，夫食其妇，种种修状，未之前闻。——民国《夏邑县志》卷九杂文,夏邑县：又旱，禾乃尽。…斗米钱二千，民穷思乱，绿林啸聚，白昼揭竿，所在杀人而食，出城不数武即杀人之场，生死止隔一墙耳。初，有司尚严禁之，渐成固然，甚而父食其子，夫食其妇，种种修状，未之前闻。——民国《夏邑县志》卷九杂文,夏邑县：又旱，禾乃尽。…斗米钱二千，民穷思乱，绿林啸聚，白昼揭竿，所在杀人而食，出城不数武即杀人之场，生死止隔一墙耳。初，有司尚严禁之，渐成固然，甚而父食其子，夫食其妇，种种修状，未之前闻。——民国《夏邑县志》卷九杂文,夏邑县：又旱，禾乃尽。…斗米钱二千，民穷思乱，绿林啸聚，白昼揭竿，所在杀人而食，出城不数武即杀人之场，生死止隔一墙耳。初，有司尚严禁之，渐成固然，甚而父食其子，夫食其妇，种种修状，未之前闻。——民国《夏邑县志》卷九杂文
1640,河北,,大名县,1640|河北|大名,明思宗崇祯十三年,无,《大名府志》,无,保留,"v1,v2,v3","v1,v2,v3",3,0.4286,是,,大名县：夏四月，旱，麦尽枯。大疫。五月，蝗。时斗米千钱，人相食，命官赈济。秋八月，陨霜。——咸丰《大名府志》卷四年纪,大名县：夏四月，旱，麦尽枯。大疫。五月，蝗。时斗米千钱，人相食，命官赈济。秋八月，陨霜。——咸丰《大名府志》卷四年纪,大名县：夏四月，旱，麦尽枯。大疫。五月，蝗。时斗米千钱，人相食，命官赈济。秋八月，陨霜。——咸丰《大名府志》卷四年纪,,,,
1640,天津,天津,天津,1640|天津|天津|天津,明思宗崇祯十三年,无,《天津卫志》,无,保留,"v1,v2,v3","v1,v2,v3",3,0.4286,是,,天津市：春，人民相食，尸骸遍野。——康熙《天津卫志》卷三灾变,天津市：春，人民相食，尸骸遍野。——康熙《天津卫志》卷三灾变,天津市：春，人民相食，尸骸遍野。——康熙《天津卫志》卷三灾变,,,,
1640,安徽,滁州市,天长县,1640|安徽|滁|天长,明思宗崇祯十三年,无,《天长县志》,无,保留,"v1,v2,v4,v5","v1,v2,v4,v5",4,0.5714,是,,天长县：十三年、十四年大旱，人民相食。——康熙《天长县志》卷一祥异附,天长县：十三年、十四年大旱，人民相食。——康熙《天长县志》卷一祥异附,,天长县：十三年、十四年大旱，人民相食。——康熙《天长县志》卷一祥异附,天长县：十三年、十四年大旱，人民相食。——康熙《天长县志》卷一祥异附,,
1640,河南,周口市,太康县,1640|河南|周口|太康,明思宗崇祯十三年,无,《太康县志》,无,保留,"v1,v2,v3,v4,v5,v6,v7","v1,v2,v3,v4,v5,v6,v7",7,1.0,是,,太康县：春大饥，人相食。——康熙《太康县志》卷八灾祥,太康县：春大饥，人相食。——康熙《太康县志》卷八灾祥,太康县：春大饥，人相食。——康熙《太康县志》卷八灾祥,太康县：春大饥，人相食。——康熙《太康县志》卷八灾祥,太康县：春大饥，人相食。——康熙《太康县志》卷八灾祥,太康县：春大饥，人相食。——康熙《太康县志》卷八灾祥,太康县：春大饥，人相食。——康熙《太康县志》卷八灾祥
1640,江苏,南通市,如皋县,1640|江苏|南通|如皋,明思宗崇祯十三年,无,《如皋县志》,无,保留,"v1,v2,v4,v5","v1,v2,v4,v5",4,0.5714,是,,如皋县：大旱。大饥，大疫，民相食。——康熙《如皋县志》卷一祥异,如皋县：大旱。大饥，大疫，民相食。——康熙《如皋县志》卷一祥异,,如皋县：大旱。大饥，大疫，民相食。——康熙《如皋县志》卷一祥异,如皋县：大旱。大饥，大疫，民相食。——康熙《如皋县志》卷一祥异,,
1640,河北,,威县,1640|河北|威,明思宗崇祯十三年,无,《威县续志》,无,保留,"v1,v2,v3","v1,v2,v3",3,0.4286,是,,威县：无麦，大祲。斗米值银一两二钱，至有父子夫妇相食者，亘古未闻。——顺治《威县续志》卷九祥异,威县：无麦，大祲。斗米值银一两二钱，至有父子夫妇相食者，亘古未闻。——顺治《威县续志》卷九祥异,威县：无麦，大祲。斗米值银一两二钱，至有父子夫妇相食者，亘古未闻。——顺治《威县续志》卷九祥异,,,,
1640,河南,焦作市,孟州市,1640|河南|焦作|孟,明思宗崇祯十三年,孟县,《孟县志》,孟县为推测，原文为古代地名孟县,保留,"v1,v2,v3,v4,v5,v6,v7","v1,v2,v3,v4,v5,v6,v7",7,1.0,是,,孟县：大饥，斗粟二千钱，人相食，死者枕籍。——康熙《孟县志》卷七灾祥,孟县：大饥，斗粟二千钱，人相食，死者枕籍。——康熙《孟县志》卷七灾祥,孟县：大饥，斗粟二千钱，人相食，死者枕籍。——康熙《孟县志》卷七灾祥,孟县：大饥，斗粟二千钱，人相食，死者枕籍。——康熙《孟县志》卷七灾祥,孟县：大饥，斗粟二千钱，人相食，死者枕籍。——康熙《孟县志》卷七灾祥,孟县：大饥，斗粟二千钱，人相食，死者枕籍。——康熙《孟县志》卷七灾祥,孟县：大饥，斗粟二千钱，人相食，死者枕籍。——康熙《孟县志》卷七灾祥
1640,河南,洛阳市,孟津县,1640|河南|洛阳|孟津,明思宗崇祯十三年,无,《孟津县志》,无,保留,"v1,v2,v3,v4,v5,v6,v7","v1,v2,v3,v4,v5,v6,v7",7,1.0,是,,孟津县：大旱，无青苗，斗栗五千钱，人相食。——嘉庆《孟津县志》卷四祥异,孟津县：大旱，无青苗，斗栗五千钱，人相食。——嘉庆《孟津县志》卷四祥异,孟津县：大旱，无青苗，斗栗五千钱，人相食。——嘉庆《孟津县志》卷四祥异,孟津县：大旱，无青苗，斗栗五千钱，人相食。——嘉庆《孟津县志》卷四祥异,孟津县：大旱，无青苗，斗栗五千钱，人相食。——嘉庆《孟津县志》卷四祥异,孟津县：大旱，无青苗，斗栗五千钱，人相食。——嘉庆《孟津县志》卷四祥异,孟津县：大旱，无青苗，斗栗五千钱，人相食。——嘉庆《孟津县志》卷四祥异
1640,河北,,宁晋县,1640|河北|宁晋,明思宗崇祯十三年,无,《宁晋县志》,无,保留,"v1,v2,v3","v1,v2,v3",3,0.4286,是,,宁晋县：大旱，蝗。川泽竭，井涸。人相食。——康熙《宁晋县志》卷一灾祥,宁晋县：大旱，蝗。川泽竭，井涸。人相食。——康熙《宁晋县志》卷一灾祥,宁晋县：大旱，蝗。川泽竭，井涸。人相食。——康熙《宁晋县志》卷一灾祥,,,,
1640,甘肃,天水市,武山县,1640|甘肃|天水|武山,明思宗崇祯十三年,无,《宁远县志》,转引自《西北灾荒史》,保留,v1,v1,1,0.1429,是,,武山县：大旱，秋禾无苗，谷极贵，民大相食，饿殍遍野，有田不治。——《宁远县志》（康熙四十八年），转引自《西北灾荒史》第437页。,,,,,,
1640,甘肃,,武山县,1640|甘肃|武山,明思宗崇祯十三年,无,《宁远县志》转引《西北灾荒史》,无,需进一步分析,"v2,v5,v6","v2,v5,v6",3,0.4286,否,"同类 record 存在于 v1,v2,v3,v4,v5,v6,v7；本条仅存在于 v2,v5,v6；占比 42.9%",,武山县：大旱，秋禾无苗，谷极贵，民大相食，饿殍遍野，有田不治。——《宁远县志》（康熙四十八年），转引自《西北灾荒史》第437页。,,,武山县：大旱，秋禾无苗，谷极贵，民大相食，饿殍遍野，有田不治。——《宁远县志》（康熙四十八年），转引自《西北灾荒史》第437页。,武山县：大旱，秋禾无苗，谷极贵，民大相食，饿殍遍野，有田不治。——《宁远县志》（康熙四十八年），转引自《西北灾荒史》第437页。,
1640,山东,泰安市,宁阳县,1640|山东|泰安|宁阳,明思宗崇祯十三年,无,《宁阳县志》,无,保留,"v1,v2,v5,v6","v1,v2,v5,v6",4,0.5714,是,,宁阳县：斗米三两，父子相食，土寇日炽，民饥而死者十之八九。——康熙十一年《宁阳县志》,宁阳县：斗米三两，父子相食，土寇日炽，民饥而死者十之八九。——康熙十一年《宁阳县志》,,,宁阳县：斗米三两，父子相食，土寇日炽，民饥而死者十之八九。——康熙十一年《宁阳县志》,宁阳县：斗米三两，父子相食，土寇日炽，民饥而死者十之八九。——康熙十一年《宁阳县志》,
1640,河南,商丘市,宁陵县,1640|河南|商丘|宁陵,明思宗崇祯十三年,无,《宁陵县志》,无,保留,"v1,v2,v3,v4,v5,v6,v7","v1,v2,v3,v4,v5,v6,v7",7,1.0,是,,宁陵县：岁大饥，人相食。盗贼蜂起，昼不敢行，死者遍野。——康熙《宁陵县志》卷十二灾祥,宁陵县：岁大饥，人相食。盗贼蜂起，昼不敢行，死者遍野。——康熙《宁陵县志》卷十二灾祥,宁陵县：岁大饥，人相食。盗贼蜂起，昼不敢行，死者遍野。——康熙《宁陵县志》卷十二灾祥,宁陵县：岁大饥，人相食。盗贼蜂起，昼不敢行，死者遍野。——康熙《宁陵县志》卷十二灾祥,宁陵县：岁大饥，人相食。盗贼蜂起，昼不敢行，死者遍野。——康熙《宁陵县志》卷十二灾祥,宁陵县：岁大饥，人相食。盗贼蜂起，昼不敢行，死者遍野。——康熙《宁陵县志》卷十二灾祥,宁陵县：岁大饥，人相食。盗贼蜂起，昼不敢行，死者遍野。——康熙《宁陵县志》卷十二灾祥
1640,河南,安阳市,安阳县,1640|河南|安阳|安阳,明思宗崇祯十三年,无,《安阳县志》,无,保留,"v1,v2,v3,v4,v5,v6,v7","v1,v2,v3,v4,v5,v6,v7",7,1.0,是,,安阳市：井或浅涸，带泥汲炊，长河有断流者。米麦一斗，银至一两三四钱不止。木皮草根剥掘殆尽，人相食，其至父子夫妇互相杀食，僻巷无敢独行者。群狼队行人市，外城终夜鬼哭，日以为常。人亦不以为异。虽有司煮粥赈粟，直如恒河之一沙，无救于死。——康熙《安阳县志》卷十灾祥,安阳市：井或浅涸，带泥汲炊，长河有断流者。米麦一斗，银至一两三四钱不止。木皮草根剥掘殆尽，人相食，其至父子夫妇互相杀食，僻巷无敢独行者。群狼队行人市，外城终夜鬼哭，日以为常。人亦不以为异。虽有司煮粥赈粟，直如恒河之一沙，无救于死。——康熙《安阳县志》卷十灾祥,安阳市：井或浅涸，带泥汲炊，长河有断流者。米麦一斗，银至一两三四钱不止。木皮草根剥掘殆尽，人相食，其至父子夫妇互相杀食，僻巷无敢独行者。群狼队行人市，外城终夜鬼哭，日以为常。人亦不以为异。虽有司煮粥赈粟，直如恒河之一沙，无救于死。——康熙《安阳县志》卷十灾祥,安阳市：井或浅涸，带泥汲炊，长河有断流者。米麦一斗，银至一两三四钱不止。木皮草根剥掘殆尽，人相食，其至父子夫妇互相杀食，僻巷无敢独行者。群狼队行人市，外城终夜鬼哭，日以为常。人亦不以为异。虽有司煮粥赈粟，直如恒河之一沙，无救于死。——康熙《安阳县志》卷十灾祥,安阳市：井或浅涸，带泥汲炊，长河有断流者。米麦一斗，银至一两三四钱不止。木皮草根剥掘殆尽，人相食，其至父子夫妇互相杀食，僻巷无敢独行者。群狼队行人市，外城终夜鬼哭，日以为常。人亦不以为异。虽有司煮粥赈粟，直如恒河之一沙，无救于死。——康熙《安阳县志》卷十灾祥,安阳市：井或浅涸，带泥汲炊，长河有断流者。米麦一斗，银至一两三四钱不止。木皮草根剥掘殆尽，人相食，其至父子夫妇互相杀食，僻巷无敢独行者。群狼队行人市，外城终夜鬼哭，日以为常。人亦不以为异。虽有司煮粥赈粟，直如恒河之一沙，无救于死。——康熙《安阳县志》卷十灾祥,安阳市：井或浅涸，带泥汲炊，长河有断流者。米麦一斗，银至一两三四钱不止。木皮草根剥掘殆尽，人相食，其至父子夫妇互相杀食，僻巷无敢独行者。群狼队行人市，外城终夜鬼哭，日以为常。人亦不以为异。虽有司煮粥赈粟，直如恒河之一沙，无救于死。——康熙《安阳县志》卷十灾祥
1640,河北,,定兴县,1640|河北|定兴,明思宗崇祯十三年,无,《定兴县志》,无,保留,"v1,v2,v3","v1,v2,v3",3,0.4286,是,,定兴县：大旱，无麦。冬及次年春，米大贵，石银六两，流民至相食。——康熙《定兴县志》卷一《禨祥,定兴县：大旱，无麦。冬及次年春，米大贵，石银六两，流民至相食。——康熙《定兴县志》卷一《禨祥,定兴县：大旱，无麦。冬及次年春，米大贵，石银六两，流民至相食。——康熙《定兴县志》卷一《禨祥,,,,
1640,河南,平顶山市,宝丰县,1640|河南|平顶山|宝丰,明思宗崇祯十三年,无,《宝丰县志》,无,保留,"v1,v2,v3,v4,v5,v6,v7","v1,v2,v3,v4,v5,v6,v7",7,1.0,是,,宝丰县：大饥，木棉棠棣诸树叶计斤而鬻，每斤值百钱。父子相食。——乾隆《宝丰县志》卷五灾祥,宝丰县：大饥，木棉棠棣诸树叶计斤而鬻，每斤值百钱。父子相食。——乾隆《宝丰县志》卷五灾祥,宝丰县：大饥，木棉棠棣诸树叶计斤而鬻，每斤值百钱。父子相食。——乾隆《宝丰县志》卷五灾祥,宝丰县：大饥，木棉棠棣诸树叶计斤而鬻，每斤值百钱。父子相食。——乾隆《宝丰县志》卷五灾祥,宝丰县：大饥，木棉棠棣诸树叶计斤而鬻，每斤值百钱。父子相食。——乾隆《宝丰县志》卷五灾祥,宝丰县：大饥，木棉棠棣诸树叶计斤而鬻，每斤值百钱。父子相食。——乾隆《宝丰县志》卷五灾祥,宝丰县：大饥，木棉棠棣诸树叶计斤而鬻，每斤值百钱。父子相食。——乾隆《宝丰县志》卷五灾祥
1640,江苏,宿迁市,宿迁县,1640|江苏|宿迁|宿迁,明思宗崇祯十三年,无,《宿迁县志》,无,保留,"v1,v2,v4,v5","v1,v2,v4,v5",4,0.5714,是,,宿迁县：大饥，人相食。山东流民死者尤众，有聚埋于城东地藏庵后者，遂名之为万人坑。——嘉庆《宿迁县志》卷六祥异,宿迁县：大饥，人相食。山东流民死者尤众，有聚埋于城东地藏庵后者，遂名之为万人坑。——嘉庆《宿迁县志》卷六祥异,,宿迁县：大饥，人相食。山东流民死者尤众，有聚埋于城东地藏庵后者，遂名之为万人坑。——嘉庆《宿迁县志》卷六祥异,宿迁县：大饥，人相食。山东流民死者尤众，有聚埋于城东地藏庵后者，遂名之为万人坑。——嘉庆《宿迁县志》卷六祥异,,
1640,陕西,,富平县,1640|陕西|富平,明思宗崇祯十三年,无,《富平县志》,无,需进一步分析,v7,v7,1,0.1429,否,"同类 record 存在于 v1,v2,v3,v4,v5,v6,v7；本条仅存在于 v7；占比 14.3%",,,,,,,富平县：大旱，人相食，草木俱尽。
1640,陕西,渭南市,富平县,1640|陕西|渭南|富平,明思宗崇祯十三年,无,《富平县志》,无,保留,"v1,v2,v3,v4,v5,v6","v1,v2,v3,v4,v5,v6",6,0.8571,是,,富平县：大旱，人相食，草木俱尽。——乾隆五年《富平县志》卷八祥异,富平县：大旱，人相食，草木俱尽。——乾隆五年《富平县志》卷八祥异,富平县：大旱，人相食，草木俱尽。——乾隆五年《富平县志》卷八祥异,富平县：大旱，人相食，草木俱尽。——乾隆五年《富平县志》卷八祥异,富平县：大旱，人相食，草木俱尽。——乾隆五年《富平县志》卷八祥异,富平县：大旱，人相食，草木俱尽。——乾隆五年《富平县志》卷八祥异,
1640,河南,开封市,尉氏县,1640|河南|开封|尉氏,明思宗崇祯十三年,无,《尉氏县志》,无,保留,"v1,v2,v4,v5","v1,v2,v4,v5",4,0.5714,是,,尉氏县：闰正月朔，日食，暴风扬沙，色赤如火。二月，日光如血者数日。四月，蝗食禾，既。七月大旱，蝗，禾草俱枯。八月，陨霜杀菽。大饥，斗粟银二两，人相食，盗贼蜂起。——道光《尉氏县志》卷一祥异,尉氏县：闰正月朔，日食，暴风扬沙，色赤如火。二月，日光如血者数日。四月，蝗食禾，既。七月大旱，蝗，禾草俱枯。八月，陨霜杀菽。大饥，斗粟银二两，人相食，盗贼蜂起。——道光《尉氏县志》卷一祥异,,尉氏县：闰正月朔，日食，暴风扬沙，色赤如火。二月，日光如血者数日。四月，蝗食禾，既。七月大旱，蝗，禾草俱枯。八月，陨霜杀菽。大饥，斗粟银二两，人相食，盗贼蜂起。——道光《尉氏县志》卷一祥异,尉氏县：闰正月朔，日食，暴风扬沙，色赤如火。二月，日光如血者数日。四月，蝗食禾，既。七月大旱，蝗，禾草俱枯。八月，陨霜杀菽。大饥，斗粟银二两，人相食，盗贼蜂起。——道光《尉氏县志》卷一祥异,,
1640,山西,,,1640|山西,明思宗崇祯十三年,无,《山西通志》,原文为泛指省郡，未指明具体县，跳过具体县提取,保留,v1,v1,1,0.1429,是,,绛州、曲沃、太平、汾、潞漳水竭。是年，省郡大饥，甚至斗米千钱，人相食。——雍正《山西通志》卷一六三祥异,,,,,,
1640,山西,,太平县,1640|山西|太平,明思宗崇祯十三年,无,《山西通志》,无,保留,v2,v2,1,0.1429,是,,,绛州、曲沃、太平、汾、潞漳水竭。是年，省郡大饥，甚至斗米千钱，人相食。——雍正《山西通志》卷一六三祥异,,,,,
1640,山西,,曲沃县,1640|山西|曲沃,明思宗崇祯十三年,无,《山西通志》,无,保留,v2,v2,1,0.1429,是,,,绛州、曲沃、太平、汾、潞漳水竭。是年，省郡大饥，甚至斗米千钱，人相食。——雍正《山西通志》卷一六三祥异,,,,,
1640,山西,,绛州,1640|山西|绛,明思宗崇祯十三年,绛州,《山西通志》,原文为泛指省郡大饥，绛州、曲沃、太平、汾、潞为具体地名,保留,v2,v2,1,0.1429,是,,,绛州、曲沃、太平、汾、潞漳水竭。是年，省郡大饥，甚至斗米千钱，人相食。——雍正《山西通志》卷一六三祥异,,,,,
1640,山西,,,1640|山西,明思宗崇祯十三年,无,《山西通志》,原文为泛指省郡，未指明具体县，跳过具体县提取,保留,"v1,v2","v1,v2",2,0.2857,是,,五月旱，蝗。大饥，人相食。八月，发粟赈河东饥。——光绪《山西通志》卷八十六大事纪,五月旱，蝗。大饥，人相食。八月，发粟赈河东饥。——光绪《山西通志》卷八十六大事纪,,,,,
1640,山东,,枣庄市,1640|山东|枣庄,明思宗崇祯十三年,无,《峄县志》,无,保留,"v1,v2,v5,v6","v1,v2,v5,v6",4,0.5714,是,,枣庄市：大饥。前此旱蝗频年，至是赤地，民掘草根、剥木皮皆尽，父子相食，白骨纵横。——康熙《峄县志》卷二灾祥,枣庄市：大饥。前此旱蝗频年，至是赤地，民掘草根、剥木皮皆尽，父子相食，白骨纵横。——康熙《峄县志》卷二灾祥,,,枣庄市：大饥。前此旱蝗频年，至是赤地，民掘草根、剥木皮皆尽，父子相食，白骨纵横。——康熙《峄县志》卷二灾祥,枣庄市：大饥。前此旱蝗频年，至是赤地，民掘草根、剥木皮皆尽，父子相食，白骨纵横。——康熙《峄县志》卷二灾祥,
1640,甘肃,平凉市,崇信县,1640|甘肃|平凉|崇信,明思宗崇祯十三年,无,《崇信县志》,无,保留,"v1,v2,v5,v6","v1,v2,v5,v6",4,0.5714,是,,崇信县：大旱，斗粟二两，米倍之。父子夫妇相食，遍地盗生，人死十八九。——顺治《崇信县志》卷下灾异,崇信县：大旱，斗粟二两，米倍之。父子夫妇相食，遍地盗生，人死十八九。——顺治《崇信县志》卷下灾异,,,崇信县：大旱，斗粟二两，米倍之。父子夫妇相食，遍地盗生，人死十八九。——顺治《崇信县志》卷下灾异,崇信县：大旱，斗粟二两，米倍之。父子夫妇相食，遍地盗生，人死十八九。——顺治《崇信县志》卷下灾异,
1640,河南,郑州市,巩县,1640|河南|郑|巩,明思宗崇祯十三年,无,《巩县志》,无,保留,"v1,v2,v4,v5","v1,v2,v4,v5",4,0.5714,是,,巩县：大旱，大饥，人相食。——乾隆十年《巩县志》卷二灾祥,巩县：大旱，大饥，人相食。——乾隆十年《巩县志》卷二灾祥,,巩县：大旱，大饥，人相食。——乾隆十年《巩县志》卷二灾祥,巩县：大旱，大饥，人相食。——乾隆十年《巩县志》卷二灾祥,,
1640,河北,,平乡县,1640|河北|平乡,明思宗崇祯十三年,无,《平乡县志》,无,保留,"v1,v2,v3","v1,v2,v3",3,0.4286,是,,平乡县：大旱数月，民相食。——乾隆《平乡县志》卷一灾祥,平乡县：大旱数月，民相食。——乾隆《平乡县志》卷一灾祥,平乡县：大旱数月，民相食。——乾隆《平乡县志》卷一灾祥,,,,
1640,山东,德州市,平原县,1640|山东|德|平原,明思宗崇祯十三年,无,《平原县志》,无,保留,"v1,v2,v5,v6","v1,v2,v5,v6",4,0.5714,是,,平原县：闰正月，赈饥。夏，复大旱，蝗。斗谷千钱无籴处，人相食，痤尽发。——乾隆《平原县志》卷九灾祥,平原县：闰正月，赈饥。夏，复大旱，蝗。斗谷千钱无籴处，人相食，痤尽发。——乾隆《平原县志》卷九灾祥,,,平原县：闰正月，赈饥。夏，复大旱，蝗。斗谷千钱无籴处，人相食，痤尽发。——乾隆《平原县志》卷九灾祥,平原县：闰正月，赈饥。夏，复大旱，蝗。斗谷千钱无籴处，人相食，痤尽发。——乾隆《平原县志》卷九灾祥,
1640,山西,,平陆县,1640|山西|平陆,明思宗崇祯十三年,无,《平陆县志》,无,需进一步分析,v7,v7,1,0.1429,否,"同类 record 存在于 v1,v2,v3,v4,v5,v6,v7；本条仅存在于 v7；占比 14.3%",,,,,,,平陆县：大饥，斗米一两三钱，草根树皮食尽。人相食，至有灭绝天伦者，自古罕闻。
1640,山西,运城市,平陆县,1640|山西|运城|平陆,明思宗崇祯十三年,无,《平陆县志》,无,保留,"v1,v2,v3,v4,v5,v6","v1,v2,v3,v4,v5,v6",6,0.8571,是,,平陆县：大饥，斗米一两三钱，草根树皮食尽。人相食，至有灭绝天伦者，自古罕闻。——康熙《平陆县志》卷八杂记,平陆县：大饥，斗米一两三钱，草根树皮食尽。人相食，至有灭绝天伦者，自古罕闻。——康熙《平陆县志》卷八杂记,平陆县：大饥，斗米一两三钱，草根树皮食尽。人相食，至有灭绝天伦者，自古罕闻。——康熙《平陆县志》卷八杂记,平陆县：大饥，斗米一两三钱，草根树皮食尽。人相食，至有灭绝天伦者，自古罕闻。——康熙《平陆县志》卷八杂记,平陆县：大饥，斗米一两三钱，草根树皮食尽。人相食，至有灭绝天伦者，自古罕闻。——康熙《平陆县志》卷八杂记,平陆县：大饥，斗米一两三钱，草根树皮食尽。人相食，至有灭绝天伦者，自古罕闻。——康熙《平陆县志》卷八杂记,
1640,山西,,平顺县,1640|山西|平顺,明思宗崇祯十三年,无,《平顺县志》,无,需进一步分析,v7,v7,1,0.1429,否,"同类 record 存在于 v1,v2,v3,v4,v5,v6,v7；本条仅存在于 v7；占比 14.3%",,,,,,,平顺县：春不雨，四月不雨，六月不雨，五谷俱未出穗。岁大凶，人相食，斗米银七钱，虽父子兄弟夫妇不相顾，僻巷荒郊无人敢独行者。
1640,山西,长治市,平顺县,1640|山西|长治|平顺,明思宗崇祯十三年,无,《平顺县志》,无,保留,"v1,v2,v3,v4,v5,v6","v1,v2,v3,v4,v5,v6",6,0.8571,是,,平顺县：春不雨，四月不雨，六月不雨，五谷俱未出穗。岁大凶，人相食，斗米银七钱，虽父子兄弟夫妇不相顾，僻巷荒郊无人敢独行者。——康熙《平顺县志》卷八祥灾,平顺县：春不雨，四月不雨，六月不雨，五谷俱未出穗。岁大凶，人相食，斗米银七钱，虽父子兄弟夫妇不相顾，僻巷荒郊无人敢独行者。——康熙《平顺县志》卷八祥灾,平顺县：春不雨，四月不雨，六月不雨，五谷俱未出穗。岁大凶，人相食，斗米银七钱，虽父子兄弟夫妇不相顾，僻巷荒郊无人敢独行者。——康熙《平顺县志》卷八祥灾,平顺县：春不雨，四月不雨，六月不雨，五谷俱未出穗。岁大凶，人相食，斗米银七钱，虽父子兄弟夫妇不相顾，僻巷荒郊无人敢独行者。——康熙《平顺县志》卷八祥灾,平顺县：春不雨，四月不雨，六月不雨，五谷俱未出穗。岁大凶，人相食，斗米银七钱，虽父子兄弟夫妇不相顾，僻巷荒郊无人敢独行者。——康熙《平顺县志》卷八祥灾,平顺县：春不雨，四月不雨，六月不雨，五谷俱未出穗。岁大凶，人相食，斗米银七钱，虽父子兄弟夫妇不相顾，僻巷荒郊无人敢独行者。——康熙《平顺县志》卷八祥灾,
1640,河北,,广宗县,1640|河北|广宗,明思宗崇祯十三年,无,《广宗县志》,无,保留,"v1,v2,v3","v1,v2,v3",3,0.4286,是,,广宗县：大歉，斗米贯钱，继以瘟疫流行，人相食，死者过半。——康熙《广宗县志》卷十一祯祥,广宗县：大歉，斗米贯钱，继以瘟疫流行，人相食，死者过半。——康熙《广宗县志》卷十一祯祥,广宗县：大歉，斗米贯钱，继以瘟疫流行，人相食，死者过半。——康熙《广宗县志》卷十一祯祥,,,,
1640,甘肃,,庄浪县,1640|甘肃|庄浪,明思宗崇祯十三年,无,《庄浪县志》,无,需进一步分析,v7,v7,1,0.1429,否,"同类 record 存在于 v1,v2,v3,v4,v5,v6,v7；本条仅存在于 v7；占比 14.3%",,,,,,,庄浪县：大旱，人掇草根木皮充腹，甚或易子而食，析骸而食，流亡殆尽。
1640,甘肃,白银市,庄浪县,1640|甘肃|白银|庄浪,明思宗崇祯十三年,无,《庄浪县志》,无,保留,"v1,v2,v3,v4,v5,v6","v1,v2,v3,v4,v5,v6",6,0.8571,是,,庄浪县：大旱，人掇草根木皮充腹，甚或易子而食，析骸而食，流亡殆尽。——乾隆《庄浪县志》卷十九灾祥,庄浪县：大旱，人掇草根木皮充腹，甚或易子而食，析骸而食，流亡殆尽。——乾隆《庄浪县志》卷十九灾祥,庄浪县：大旱，人掇草根木皮充腹，甚或易子而食，析骸而食，流亡殆尽。——乾隆《庄浪县志》卷十九灾祥,庄浪县：大旱，人掇草根木皮充腹，甚或易子而食，析骸而食，流亡殆尽。——乾隆《庄浪县志》卷十九灾祥,庄浪县：大旱，人掇草根木皮充腹，甚或易子而食，析骸而食，流亡殆尽。——乾隆《庄浪县志》卷十九灾祥,庄浪县：大旱，人掇草根木皮充腹，甚或易子而食，析骸而食，流亡殆尽。——乾隆《庄浪县志》卷十九灾祥,
1640,河南,新乡市,延津县,1640|河南|新乡|延津,明思宗崇祯十三年,无,《延津县志》,无,保留,"v1,v2,v3,v4,v5,v6,v7","v1,v2,v3,v4,v5,v6,v7",7,1.0,是,,延津县：春夏大早，无麦。八月，陨霜杀禾。斗米千钱，人相食。——康熙《延津县志》卷七灾祥,延津县：春夏大早，无麦。八月，陨霜杀禾。斗米千钱，人相食。——康熙《延津县志》卷七灾祥,延津县：春夏大早，无麦。八月，陨霜杀禾。斗米千钱，人相食。——康熙《延津县志》卷七灾祥,延津县：春夏大早，无麦。八月，陨霜杀禾。斗米千钱，人相食。——康熙《延津县志》卷七灾祥,延津县：春夏大早，无麦。八月，陨霜杀禾。斗米千钱，人相食。——康熙《延津县志》卷七灾祥,延津县：春夏大早，无麦。八月，陨霜杀禾。斗米千钱，人相食。——康熙《延津县志》卷七灾祥,延津县：春夏大早，无麦。八月，陨霜杀禾。斗米千钱，人相食。——康熙《延津县志》卷七灾祥
1640,浙江,湖州市,湖州市,1640|浙江|湖|湖,明思宗崇祯十三年,无,《归安县志》,无,保留,"v1,v2,v4,v5","v1,v2,v4,v5",4,0.5714,是,,湖州市：大水溢街市，田禾尽淹。民大饥，草根树皮俱尽，人相食。——康熙《归安县志》卷六灾祥,湖州市：大水溢街市，田禾尽淹。民大饥，草根树皮俱尽，人相食。——康熙《归安县志》卷六灾祥,,湖州市：大水溢街市，田禾尽淹。民大饥，草根树皮俱尽，人相食。——康熙《归安县志》卷六灾祥,湖州市：大水溢街市，田禾尽淹。民大饥，草根树皮俱尽，人相食。——康熙《归安县志》卷六灾祥,,
1640,江苏,徐州市,徐州市,1640|江苏|徐|徐,明思宗崇祯十三年,无,《徐州志》,无,保留,"v1,v2,v4,v5","v1,v2,v4,v5",4,0.5714,是,,徐州市：大旱。…民饥甚，斗米千钱，棉菜及诸草种亦斗数百，人相食，流亡载道。非多徒众持挺不敢昼行，或以妇子易钱百文，米数升即去，不复顾。诸县皆然。——康熙《徐州志》卷二祥异,徐州市：大旱。…民饥甚，斗米千钱，棉菜及诸草种亦斗数百，人相食，流亡载道。非多徒众持挺不敢昼行，或以妇子易钱百文，米数升即去，不复顾。诸县皆然。——康熙《徐州志》卷二祥异,,徐州市：大旱。…民饥甚，斗米千钱，棉菜及诸草种亦斗数百，人相食，流亡载道。非多徒众持挺不敢昼行，或以妇子易钱百文，米数升即去，不复顾。诸县皆然。——康熙《徐州志》卷二祥异,徐州市：大旱。…民饥甚，斗米千钱，棉菜及诸草种亦斗数百，人相食，流亡载道。非多徒众持挺不敢昼行，或以妇子易钱百文，米数升即去，不复顾。诸县皆然。——康熙《徐州志》卷二祥异,,
1640,山东,德州市,临邑县,1640|山东|德|临邑,明思宗崇祯十三年,无,《德平县志》,无,保留,"v1,v2,v5,v6","v1,v2,v5,v6",4,0.5714,是,,临邑县：大旱，禾稼全空。入食木皮草根，至骨肉相食，民死大半，村疃为墟。——康熙《德平县志》卷三灾祥,临邑县：大旱，禾稼全空。入食木皮草根，至骨肉相食，民死大半，村疃为墟。——康熙《德平县志》卷三灾祥,,,临邑县：大旱，禾稼全空。入食木皮草根，至骨肉相食，民死大半，村疃为墟。——康熙《德平县志》卷三灾祥,临邑县：大旱，禾稼全空。入食木皮草根，至骨肉相食，民死大半，村疃为墟。——康熙《德平县志》卷三灾祥,
1640,甘肃,陇南市,徽县,1640|甘肃|陇南|徽,明思宗崇祯十三年,无,《徽州志》,无,保留,"v1,v2,v5,v6","v1,v2,v5,v6",4,0.5714,是,,徽县：大饥，人相食。——康熙《徽州志》灾祥,徽县：大饥，人相食。——康熙《徽州志》灾祥,,,徽县：大饥，人相食。——康熙《徽州志》灾祥,徽县：大饥，人相食。——康熙《徽州志》灾祥,
1640,安徽,蚌埠市,怀远县,1640|安徽|蚌埠|怀远,明思宗崇祯十三年,无,《怀远县志》,无,保留,"v1,v2,v4,v5","v1,v2,v4,v5",4,0.5714,是,,怀远县：十三、四年大荒，大疫，人相食。——雍正《怀远县志》卷八灾异,怀远县：十三、四年大荒，大疫，人相食。——雍正《怀远县志》卷八灾异,,怀远县：十三、四年大荒，大疫，人相食。——雍正《怀远县志》卷八灾异,怀远县：十三、四年大荒，大疫，人相食。——雍正《怀远县志》卷八灾异,,
1640,山东,菏泽市,成武县,1640|山东|菏泽|成武,明思宗崇祯十三年,无,《成武县志》,无,保留,"v1,v2,v5,v6","v1,v2,v5,v6",4,0.5714,是,,成武县：二月，黄风蔽天天日，屋瓦墙垣皆作重金色，相连两月。夏大旱。岁饥，斗米钱数千人，人相食，盗贼蜂起。——康熙九年《成武县志》卷三灾禄,成武县：二月，黄风蔽天天日，屋瓦墙垣皆作重金色，相连两月。夏大旱。岁饥，斗米钱数千人，人相食，盗贼蜂起。——康熙九年《成武县志》卷三灾禄,,,成武县：二月，黄风蔽天天日，屋瓦墙垣皆作重金色，相连两月。夏大旱。岁饥，斗米钱数千人，人相食，盗贼蜂起。——康熙九年《成武县志》卷三灾禄,成武县：二月，黄风蔽天天日，屋瓦墙垣皆作重金色，相连两月。夏大旱。岁饥，斗米钱数千人，人相食，盗贼蜂起。——康熙九年《成武县志》卷三灾禄,
1640,陕西,,扶风县,1640|陕西|扶风,明思宗崇祯十三年,无,《扶风县志》,无,需进一步分析,v7,v7,1,0.1429,否,"同类 record 存在于 v1,v2,v3,v4,v5,v6,v7；本条仅存在于 v7；占比 14.3%",,,,,,,扶风县：大旱，蝗。岁饥，人相食。
1640,陕西,宝鸡市,扶风县,1640|陕西|宝鸡|扶风,明思宗崇祯十三年,无,《扶风县志》,无,保留,"v1,v2,v3,v4,v5,v6","v1,v2,v3,v4,v5,v6",6,0.8571,是,,扶风县：大旱，蝗。岁饥，人相食。——顺治《扶风县志》卷一灾祥,扶风县：大旱，蝗。岁饥，人相食。——顺治《扶风县志》卷一灾祥,扶风县：大旱，蝗。岁饥，人相食。——顺治《扶风县志》卷一灾祥,扶风县：大旱，蝗。岁饥，人相食。——顺治《扶风县志》卷一灾祥,扶风县：大旱，蝗。岁饥，人相食。——顺治《扶风县志》卷一灾祥,扶风县：大旱，蝗。岁饥，人相食。——顺治《扶风县志》卷一灾祥,
1640,山东,烟台市,掖县,1640|山东|烟台|掖,明思宗崇祯十三年,无,《掖县志》,无,保留,"v1,v2,v5,v6","v1,v2,v5,v6",4,0.5714,是,,掖县：旱，蝗。大饥，人相食。——乾隆《掖县志》卷五祥异,掖县：旱，蝗。大饥，人相食。——乾隆《掖县志》卷五祥异,,,掖县：旱，蝗。大饥，人相食。——乾隆《掖县志》卷五祥异,掖县：旱，蝗。大饥，人相食。——乾隆《掖县志》卷五祥异,
1640,河南,新乡市,新乡县,1640|河南|新乡|新乡,明思宗崇祯十三年,无,《新乡县续志》,无,保留,"v1,v2,v4,v5","v1,v2,v4,v5",4,0.5714,是,,新乡县：春夏不雨，大风沙霾，昼晦。蝗蟄大作，人相食，瘟疫。发帑赈饥。死者枕藉，就食他乡者亦毙于道。张缙彦陈请发帑金二万赈邺与卫。——康熙《新乡县续志》卷二灾异,新乡县：春夏不雨，大风沙霾，昼晦。蝗蟄大作，人相食，瘟疫。发帑赈饥。死者枕藉，就食他乡者亦毙于道。张缙彦陈请发帑金二万赈邺与卫。——康熙《新乡县续志》卷二灾异,,新乡县：春夏不雨，大风沙霾，昼晦。蝗蟄大作，人相食，瘟疫。发帑赈饥。死者枕藉，就食他乡者亦毙于道。张缙彦陈请发帑金二万赈邺与卫。——康熙《新乡县续志》卷二灾异,新乡县：春夏不雨，大风沙霾，昼晦。蝗蟄大作，人相食，瘟疫。发帑赈饥。死者枕藉，就食他乡者亦毙于道。张缙彦陈请发帑金二万赈邺与卫。——康熙《新乡县续志》卷二灾异,,
1640,江苏,徐州市,丰县,1640|江苏|徐|丰,明思宗崇祯十三年,无,《新修丰县志》,无,保留,"v1,v2,v5","v1,v2,v5",3,0.4286,是,,丰县：大旱。…民大饥，斗米一金。人相食，所在流亡，或以妇子易钱百文，饭一餐，去不复顾。——顺治《新修丰县志》卷九灾祥,丰县：大旱。…民大饥，斗米一金。人相食，所在流亡，或以妇子易钱百文，饭一餐，去不复顾。——顺治《新修丰县志》卷九灾祥,,,丰县：大旱。…民大饥，斗米一金。人相食，所在流亡，或以妇子易钱百文，饭一餐，去不复顾。——顺治《新修丰县志》卷九灾祥,,
1640,河北,,新城县,1640|河北|新城,明思宗崇祯十三年,无,《新城县志》,无,保留,"v1,v2,v3","v1,v2,v3",3,0.4286,是,,新城县：大旱，无麦。米大贵，民相食。——民国二十四年《新城县志》卷二十二灾祸,新城县：大旱，无麦。米大贵，民相食。——民国二十四年《新城县志》卷二十二灾祸,新城县：大旱，无麦。米大贵，民相食。——民国二十四年《新城县志》卷二十二灾祸,,,,
1640,河北,,安新县,1640|河北|安新,明思宗崇祯十三年,无,《新安县志》,无,保留,"v1,v2,v3","v1,v2,v3",3,0.4286,是,,安新县：旱，九河俱干。斗栗钱一两五钱，人相食。——乾隆《新安县志》禨祥,安新县：旱，九河俱干。斗栗钱一两五钱，人相食。——乾隆《新安县志》禨祥,安新县：旱，九河俱干。斗栗钱一两五钱，人相食。——乾隆《新安县志》禨祥,,,,
1640,河南,洛阳市,新安县,1640|河南|洛阳|新安,明思宗崇祯十三年,无,《新安县志》,无,保留,"v1,v2,v3,v4,v5,v6,v7","v1,v2,v3,v4,v5,v6,v7",7,1.0,是,,新安县：旱，蝗。大饥，野绝青草，斗米二两九钱。以树皮、白土、雁矢充饥，至以柿蒂、蒺藜、牛马皮为市，骨肉相食，死者相继，村舍十空其九。——康熙《新安县志》卷十七灾异,新安县：旱，蝗。大饥，野绝青草，斗米二两九钱。以树皮、白土、雁矢充饥，至以柿蒂、蒺藜、牛马皮为市，骨肉相食，死者相继，村舍十空其九。——康熙《新安县志》卷十七灾异,新安县：旱，蝗。大饥，野绝青草，斗米二两九钱。以树皮、白土、雁矢充饥，至以柿蒂、蒺藜、牛马皮为市，骨肉相食，死者相继，村舍十空其九。——康熙《新安县志》卷十七灾异,新安县：旱，蝗。大饥，野绝青草，斗米二两九钱。以树皮、白土、雁矢充饥，至以柿蒂、蒺藜、牛马皮为市，骨肉相食，死者相继，村舍十空其九。——康熙《新安县志》卷十七灾异,新安县：旱，蝗。大饥，野绝青草，斗米二两九钱。以树皮、白土、雁矢充饥，至以柿蒂、蒺藜、牛马皮为市，骨肉相食，死者相继，村舍十空其九。——康熙《新安县志》卷十七灾异,新安县：旱，蝗。大饥，野绝青草，斗米二两九钱。以树皮、白土、雁矢充饥，至以柿蒂、蒺藜、牛马皮为市，骨肉相食，死者相继，村舍十空其九。——康熙《新安县志》卷十七灾异,新安县：旱，蝗。大饥，野绝青草，斗米二两九钱。以树皮、白土、雁矢充饥，至以柿蒂、蒺藜、牛马皮为市，骨肉相食，死者相继，村舍十空其九。——康熙《新安县志》卷十七灾异
1640,河南,郑州市,新郑县,1640|河南|郑|新郑,明思宗崇祯十三年,无,《新郑县志》,无,保留,"v1,v2,v5","v1,v2,v5",3,0.4286,是,,新郑县：春夏全无雨，二麦微收。秋禾继以蝗蝻食尽。七月始而。八月二十四日，大霜，荞麦尽枯。九月后，人相食。——顺治《新郑县志》卷五祥异,新郑县：春夏全无雨，二麦微收。秋禾继以蝗蝻食尽。七月始而。八月二十四日，大霜，荞麦尽枯。九月后，人相食。——顺治《新郑县志》卷五祥异,,,新郑县：春夏全无雨，二麦微收。秋禾继以蝗蝻食尽。七月始而。八月二十四日，大霜，荞麦尽枯。九月后，人相食。——顺治《新郑县志》卷五祥异,,
1640,河南,郑州市,新郑县,1640|河南|郑|新郑,明思宗崇祯十三年,无,《新郑县志》,无,保留,v4,v4,1,0.1429,是,,,,,新郑县：春夏全无雨，二麦微收。秋禾继以蝗蝻食尽。七月始而。八月二十四日，大霜，荞麦尽枯。九月后，人相食。——顺治《新郑县志》卷五祥祥,,,
1640,山东,,日照市,1640|山东|日照,明思宗崇祯十三年,无,《日照县志》,无,保留,"v1,v2,v5,v6","v1,v2,v5,v6",4,0.5714,是,,日照市：旱，蝗，大饥，人相食。——康熙《日照县志》卷一纪异,日照市：旱，蝗，大饥，人相食。——康熙《日照县志》卷一纪异,,,日照市：旱，蝗，大饥，人相食。——康熙《日照县志》卷一纪异,日照市：旱，蝗，大饥，人相食。——康熙《日照县志》卷一纪异,
1640,河北,,晋县,1640|河北|晋,明思宗崇祯十三年,无,《晋县志》,无,保留,"v1,v2,v3","v1,v2,v3",3,0.4286,是,,晋县：大饥，人相食。——民国《晋县志》卷五灾祥,晋县：大饥，人相食。——民国《晋县志》卷五灾祥,晋县：大饥，人相食。——民国《晋县志》卷五灾祥,,,,
1640,河北,,景县,1640|河北|景,明思宗崇祯十三年,无,《景县志》,无,保留,"v1,v2,v3","v1,v2,v3",3,0.4286,是,,景县：十三年大旱，十四年又大旱，斗米钱千余者，值银二两，人相食。先是，每见狗猫食青草，牛食砖瓦，已兆大旱矣。——民国《景县志》卷十四史事,景县：十三年大旱，十四年又大旱，斗米钱千余者，值银二两，人相食。先是，每见狗猫食青草，牛食砖瓦，已兆大旱矣。——民国《景县志》卷十四史事,景县：十三年大旱，十四年又大旱，斗米钱千余者，值银二两，人相食。先是，每见狗猫食青草，牛食砖瓦，已兆大旱矣。——民国《景县志》卷十四史事,,,,
1640,河北,,曲周县,1640|河北|曲周,明思宗崇祯十三年,无,《曲周县志》,无,保留,"v1,v2,v3","v1,v2,v3",3,0.4286,是,,曲周县：春，风霾。夏旱，至秋不雨，无麦禾。大饥，草根木皮皆尽，人相食，盗起。——顺治《曲周县志》卷二灾祥,曲周县：春，风霾。夏旱，至秋不雨，无麦禾。大饥，草根木皮皆尽，人相食，盗起。——顺治《曲周县志》卷二灾祥,曲周县：春，风霾。夏旱，至秋不雨，无麦禾。大饥，草根木皮皆尽，人相食，盗起。——顺治《曲周县志》卷二灾祥,,,,
1640,山西,,曲沃县,1640|山西|曲沃,明思宗崇祯十三年,无,《曲沃县志》,无,需进一步分析,v7,v7,1,0.1429,否,"同类 record 存在于 v1,v2,v3,v4,v5,v6,v7；本条仅存在于 v7；占比 14.3%",,,,,,,曲沃县：春三月大旱，汾沲俱竭。大饥，人相食，死者无数。
1640,山西,临汾市,曲沃县,1640|山西|临汾|曲沃,明思宗崇祯十三年,无,《曲沃县志》,无,保留,"v1,v2,v3,v4,v5,v6","v1,v2,v3,v4,v5,v6",6,0.8571,是,,曲沃县：春三月大旱，汾沲俱竭。大饥，人相食，死者无数。——康熙《曲沃县志》卷二十八祥异,曲沃县：春三月大旱，汾沲俱竭。大饥，人相食，死者无数。——康熙《曲沃县志》卷二十八祥异,曲沃县：春三月大旱，汾沲俱竭。大饥，人相食，死者无数。——康熙《曲沃县志》卷二十八祥异,曲沃县：春三月大旱，汾沲俱竭。大饥，人相食，死者无数。——康熙《曲沃县志》卷二十八祥异,曲沃县：春三月大旱，汾沲俱竭。大饥，人相食，死者无数。——康熙《曲沃县志》卷二十八祥异,曲沃县：春三月大旱，汾沲俱竭。大饥，人相食，死者无数。——康熙《曲沃县志》卷二十八祥异,
1640,山东,济宁市,曲阜市,1640|山东|济宁|曲阜,明思宗崇祯十三年,无,《曲阜县志》,无,保留,"v1,v2,v5,v6","v1,v2,v5,v6",4,0.5714,是,,曲阜市：春闰正月，赈饥。夏旱，蝗，疫。冬十二月，大饥，人相食。——乾隆《曲阜县志》卷三十通编,曲阜市：春闰正月，赈饥。夏旱，蝗，疫。冬十二月，大饥，人相食。——乾隆《曲阜县志》卷三十通编,,,曲阜市：春闰正月，赈饥。夏旱，蝗，疫。冬十二月，大饥，人相食。——乾隆《曲阜县志》卷三十通编,曲阜市：春闰正月，赈饥。夏旱，蝗，疫。冬十二月，大饥，人相食。——乾隆《曲阜县志》卷三十通编,
1640,河南,开封市,杞县,1640|河南|开封|杞,明思宗崇祯十三年,无,《杞县志》,无,保留,"v1,v2,v4,v5","v1,v2,v4,v5",4,0.5714,是,,杞县：春二月，赤风尽晦，其色如血。夏早。秋八月陨霜。是岁大饥，斗粟千钱，人相食，市肆卖人内者。——乾隆十一年《杞县志》卷二灾祥,杞县：春二月，赤风尽晦，其色如血。夏早。秋八月陨霜。是岁大饥，斗粟千钱，人相食，市肆卖人内者。——乾隆十一年《杞县志》卷二灾祥,,杞县：春二月，赤风尽晦，其色如血。夏早。秋八月陨霜。是岁大饥，斗粟千钱，人相食，市肆卖人内者。——乾隆十一年《杞县志》卷二灾祥,杞县：春二月，赤风尽晦，其色如血。夏早。秋八月陨霜。是岁大饥，斗粟千钱，人相食，市肆卖人内者。——乾隆十一年《杞县志》卷二灾祥,,
1640,河南,安阳市,林州市,1640|河南|安阳|林,明思宗崇祯十三年,林县,《林县志》,林县为推测，原文为古代地名林县,保留,"v1,v2,v3,v4,v5,v6,v7","v1,v2,v3,v4,v5,v6,v7",7,1.0,是,,林县：大荒，人相食。——康熙《林县志》卷十三灾祲,林县：大荒，人相食。——康熙《林县志》卷十三灾祲,林县：大荒，人相食。——康熙《林县志》卷十三灾祲,林县：大荒，人相食。——康熙《林县志》卷十三灾祲,林县：大荒，人相食。——康熙《林县志》卷十三灾祲,林县：大荒，人相食。——康熙《林县志》卷十三灾祲,林县：大荒，人相食。——康熙《林县志》卷十三灾祲
1640,河北,,枣强县,1640|河北|枣强,明思宗崇祯十三年,无,《枣强县志》,无,保留,"v1,v2,v3","v1,v2,v3",3,0.4286,是,,枣强县：大旱，斗米银一两，父子兄弟妻子离散，老弱展转沟壑，树皮食尽，人将相食，死者七八。二百年来未见之奇荒也。——康熙增刻万历《枣强县志》卷一灾祥,枣强县：大旱，斗米银一两，父子兄弟妻子离散，老弱展转沟壑，树皮食尽，人将相食，死者七八。二百年来未见之奇荒也。——康熙增刻万历《枣强县志》卷一灾祥,枣强县：大旱，斗米银一两，父子兄弟妻子离散，老弱展转沟壑，树皮食尽，人将相食，死者七八。二百年来未见之奇荒也。——康熙增刻万历《枣强县志》卷一灾祥,,,,
1640,河南,商丘市,柘城县,1640|河南|商丘|柘城,明思宗崇祯十三年,无,《柘城县志》,无,保留,"v1,v2,v3,v4,v5,v6,v7","v1,v2,v3,v4,v5,v6,v7",7,1.0,是,,柘城县：大饥，人相食。——康熙《柘城县志》卷四灾样,柘城县：大饥，人相食。——康熙《柘城县志》卷四灾样,柘城县：大饥，人相食。——康熙《柘城县志》卷四灾样,柘城县：大饥，人相食。——康熙《柘城县志》卷四灾样,柘城县：大饥，人相食。——康熙《柘城县志》卷四灾样,柘城县：大饥，人相食。——康熙《柘城县志》卷四灾样,柘城县：大饥，人相食。——康熙《柘城县志》卷四灾样
1640,山东,烟台市,栖霞县,1640|山东|烟台|栖霞,明思宗崇祯十三年,无,《栖霞县续志》,无,保留,"v1,v2,v5,v6","v1,v2,v5,v6",4,0.5714,是,,栖霞县：大旱。飞蝗蔽天，伤稼，无秋。大饥，人相食。——光绪《栖霞县续志》卷八祥异,栖霞县：大旱。飞蝗蔽天，伤稼，无秋。大饥，人相食。——光绪《栖霞县续志》卷八祥异,,,栖霞县：大旱。飞蝗蔽天，伤稼，无秋。大饥，人相食。——光绪《栖霞县续志》卷八祥异,栖霞县：大旱。飞蝗蔽天，伤稼，无秋。大饥，人相食。——光绪《栖霞县续志》卷八祥异,
1640,河北,,武清县,1640|河北|武清,明思宗崇祯十三年,无,《武清县志》,无,保留,"v1,v2,v3","v1,v2,v3",3,0.4286,是,,武清县：大饥，斗米千钱，树皮草根食之殆尽，人相食。——康熙《武清县志》卷一禨祥,武清县：大饥，斗米千钱，树皮草根食之殆尽，人相食。——康熙《武清县志》卷一禨祥,武清县：大饥，斗米千钱，树皮草根食之殆尽，人相食。——康熙《武清县志》卷一禨祥,,,,
1640,河南,焦作市,武陟县,1640|河南|焦作|武陟,明思宗崇祯十三年,无,《武陟县志》,无,保留,"v1,v2,v3,v4,v5,v6,v7","v1,v2,v3,v4,v5,v6,v7",7,1.0,是,,武陟县：大旱，斗米二千钱。冬，人相食。——康熙《武陟县志》卷一灾祥,武陟县：大旱，斗米二千钱。冬，人相食。——康熙《武陟县志》卷一灾祥,武陟县：大旱，斗米二千钱。冬，人相食。——康熙《武陟县志》卷一灾祥,武陟县：大旱，斗米二千钱。冬，人相食。——康熙《武陟县志》卷一灾祥,武陟县：大旱，斗米二千钱。冬，人相食。——康熙《武陟县志》卷一灾祥,武陟县：大旱，斗米二千钱。冬，人相食。——康熙《武陟县志》卷一灾祥,武陟县：大旱，斗米二千钱。冬，人相食。——康熙《武陟县志》卷一灾祥
1640,河南,,永宁县,1640|河南|永宁,明思宗崇祯十三年,永宁县,《永宁县志》,无,需校验地区信息,v3,v3,1,0.1429,是,同年同省同来源同 record，但地区名存在近似异写或明显异体，需校验地区信息,,,洛宁县：十三年、十四年大饥，斗米二十两，麦银十六两，民有父子、母女、夫妻相食者。——乾隆十二年《永宁县志》卷一灾祥,,,,
1640,河南,洛阳市,洛宁县,1640|河南|洛阳|洛宁,明思宗崇祯十三年,永宁,《永宁县志》,永宁为推测，原文为古代地名永宁,需校验地区信息,"v1,v2,v4,v5,v6,v7","v1,v2,v4,v5,v6,v7",6,0.8571,是,同年同省同来源同 record，但地区名存在近似异写或明显异体，需校验地区信息,洛宁县：十三年、十四年大饥，斗米二十两，麦银十六两，民有父子、母女、夫妻相食者。——乾隆十二年《永宁县志》卷一灾祥,洛宁县：十三年、十四年大饥，斗米二十两，麦银十六两，民有父子、母女、夫妻相食者。——乾隆十二年《永宁县志》卷一灾祥,,洛宁县：十三年、十四年大饥，斗米二十两，麦银十六两，民有父子、母女、夫妻相食者。——乾隆十二年《永宁县志》卷一灾祥,洛宁县：十三年、十四年大饥，斗米二十两，麦银十六两，民有父子、母女、夫妻相食者。——乾隆十二年《永宁县志》卷一灾祥,洛宁县：十三年、十四年大饥，斗米二十两，麦银十六两，民有父子、母女、夫妻相食者。——乾隆十二年《永宁县志》卷一灾祥,洛宁县：十三年、十四年大饥，斗米二十两，麦银十六两，民有父子、母女、夫妻相食者。——乾隆十二年《永宁县志》卷一灾祥
1640,陕西,,永寿县,1640|陕西|永寿,明思宗崇祯十三年,无,《永寿县志》,无,需进一步分析,v7,v7,1,0.1429,否,"同类 record 存在于 v1,v2,v3,v4,v5,v6,v7；本条仅存在于 v7；占比 14.3%",,,,,,,永寿县：大旱，奇荒，人类相食。斗粟值钱一两六钱，饥疫交加，一门一枝绝亡不可胜数，（永）之凋敝至此极矣。
1640,陕西,咸阳市,永寿县,1640|陕西|咸阳|永寿,明思宗崇祯十三年,无,《永寿县志》,无,保留,"v1,v2,v3,v4,v5,v6","v1,v2,v3,v4,v5,v6",6,0.8571,是,,永寿县：大旱，奇荒，人类相食。斗粟值钱一两六钱，饥疫交加，一门一枝绝亡不可胜数，（永）之凋敝至此极矣。——康熙《永寿县志》卷六灾祥,永寿县：大旱，奇荒，人类相食。斗粟值钱一两六钱，饥疫交加，一门一枝绝亡不可胜数，（永）之凋敝至此极矣。——康熙《永寿县志》卷六灾祥,永寿县：大旱，奇荒，人类相食。斗粟值钱一两六钱，饥疫交加，一门一枝绝亡不可胜数，（永）之凋敝至此极矣。——康熙《永寿县志》卷六灾祥,永寿县：大旱，奇荒，人类相食。斗粟值钱一两六钱，饥疫交加，一门一枝绝亡不可胜数，（永）之凋敝至此极矣。——康熙《永寿县志》卷六灾祥,永寿县：大旱，奇荒，人类相食。斗粟值钱一两六钱，饥疫交加，一门一枝绝亡不可胜数，（永）之凋敝至此极矣。——康熙《永寿县志》卷六灾祥,永寿县：大旱，奇荒，人类相食。斗粟值钱一两六钱，饥疫交加，一门一枝绝亡不可胜数，（永）之凋敝至此极矣。——康熙《永寿县志》卷六灾祥,
1640,河北,,永年县,1640|河北|永年,明思宗崇祯十三年,无,《永年县志》,无,保留,"v1,v2,v3","v1,v2,v3",3,0.4286,是,,永年县：旱甚，岁大饥，人相食。——康熙《永年县志》卷十八灾祥,永年县：旱甚，岁大饥，人相食。——康熙《永年县志》卷十八灾祥,永年县：旱甚，岁大饥，人相食。——康熙《永年县志》卷十八灾祥,,,,
1640,山西,,永济县,1640|山西|永济,明思宗崇祯十三年,无,《永济县志》,无,需进一步分析,v7,v7,1,0.1429,否,"同类 record 存在于 v1,v2,v3,v4,v5,v6,v7；本条仅存在于 v7；占比 14.3%",,,,,,,永济县：大饥，水皮草根剥掘殆尽。四门外掘深坑以痤死者，随痤随满，人争就坑剔食其肉。郊垌僻圻独行者多被啻食，甚至有父子夫妇相食者。
1640,山西,运城市,永济县,1640|山西|运城|永济,明思宗崇祯十三年,无,《永济县志》,无,保留,"v1,v2,v3,v4,v5,v6","v1,v2,v3,v4,v5,v6",6,0.8571,是,,永济县：大饥，水皮草根剥掘殆尽。四门外掘深坑以痤死者，随痤随满，人争就坑剔食其肉。郊垌僻圻独行者多被啻食，甚至有父子夫妇相食者。——光绪《永济县志》卷二十三事纪,永济县：大饥，水皮草根剥掘殆尽。四门外掘深坑以痤死者，随痤随满，人争就坑剔食其肉。郊垌僻圻独行者多被啻食，甚至有父子夫妇相食者。——光绪《永济县志》卷二十三事纪,永济县：大饥，水皮草根剥掘殆尽。四门外掘深坑以痤死者，随痤随满，人争就坑剔食其肉。郊垌僻圻独行者多被啻食，甚至有父子夫妇相食者。——光绪《永济县志》卷二十三事纪,永济县：大饥，水皮草根剥掘殆尽。四门外掘深坑以痤死者，随痤随满，人争就坑剔食其肉。郊垌僻圻独行者多被啻食，甚至有父子夫妇相食者。——光绪《永济县志》卷二十三事纪,永济县：大饥，水皮草根剥掘殆尽。四门外掘深坑以痤死者，随痤随满，人争就坑剔食其肉。郊垌僻圻独行者多被啻食，甚至有父子夫妇相食者。——光绪《永济县志》卷二十三事纪,永济县：大饥，水皮草根剥掘殆尽。四门外掘深坑以痤死者，随痤随满，人争就坑剔食其肉。郊垌僻圻独行者多被啻食，甚至有父子夫妇相食者。——光绪《永济县志》卷二十三事纪,
1640,河北,,永清县,1640|河北|永清,明思宗崇祯十三年,无,《永清县志》,无,保留,"v1,v2,v3","v1,v2,v3",3,0.4286,是,,永清县：大饥，斗米千钱。树皮草根食之尽，人皆相食。——康熙《永清县志》卷一灾祥,永清县：大饥，斗米千钱。树皮草根食之尽，人皆相食。——康熙《永清县志》卷一灾祥,永清县：大饥，斗米千钱。树皮草根食之尽，人皆相食。——康熙《永清县志》卷一灾祥,,,,
1640,河南,郑州市,荥阳县,1640|河南|郑|荥阳,明思宗崇祯十三年,无,《汜志》,无,保留,"v1,v2,v4,v5","v1,v2,v4,v5",4,0.5714,是,,荥阳县：大旱，野断青。飞蝗食木叶，蝗过蛹生，室之内外皆蛹。栗钱二两，蓬子、榆皮，兰根为市，牛马（）为食，肆人相食，冻饿死者无算。——顺治《汜志》卷四祥异,荥阳县：大旱，野断青。飞蝗食木叶，蝗过蛹生，室之内外皆蛹。栗钱二两，蓬子、榆皮，兰根为市，牛马（）为食，肆人相食，冻饿死者无算。——顺治《汜志》卷四祥异,,荥阳县：大旱，野断青。飞蝗食木叶，蝗过蛹生，室之内外皆蛹。栗钱二两，蓬子、榆皮，兰根为市，牛马（）为食，肆人相食，冻饿死者无算。——顺治《汜志》卷四祥异,荥阳县：大旱，野断青。飞蝗食木叶，蝗过蛹生，室之内外皆蛹。栗钱二两，蓬子、榆皮，兰根为市，牛马（）为食，肆人相食，冻饿死者无算。——顺治《汜志》卷四祥异,,
1640,河南,驻马店市,新蔡县,1640|河南|驻马店|新蔡,明思宗崇祯十三年,无,《汝宁府志》,无,保留,"v1,v2,v3,v4,v5,v6,v7","v1,v2,v3,v4,v5,v6,v7",7,1.0,是,,新蔡县：饥，民间易子而食。——嘉庆《汝宁府志》卷十九人物,新蔡县：饥，民间易子而食。——嘉庆《汝宁府志》卷十九人物,新蔡县：饥，民间易子而食。——嘉庆《汝宁府志》卷十九人物,新蔡县：饥，民间易子而食。——嘉庆《汝宁府志》卷十九人物,新蔡县：饥，民间易子而食。——嘉庆《汝宁府志》卷十九人物,新蔡县：饥，民间易子而食。——嘉庆《汝宁府志》卷十九人物,新蔡县：饥，民间易子而食。——嘉庆《汝宁府志》卷十九人物
1640,河南,平顶山,临汝县,1640|河南|平顶山|临汝,明思宗崇祯十三年,汝州,《汝州全志》,汝州为推测，原文为古代地名汝州,保留,"v1,v2,v3,v4,v5,v6,v7","v1,v2,v3,v4,v5,v6,v7",7,1.0,是,,临汝县：旱，蝗。大饥，人相食，木棉诸树叶每斤百钱。——道光《汝州全志》卷九灾祥,临汝县：旱，蝗。大饥，人相食，木棉诸树叶每斤百钱。——道光《汝州全志》卷九灾祥,临汝县：旱，蝗。大饥，人相食，木棉诸树叶每斤百钱。——道光《汝州全志》卷九灾祥,临汝县：旱，蝗。大饥，人相食，木棉诸树叶每斤百钱。——道光《汝州全志》卷九灾祥,临汝县：旱，蝗。大饥，人相食，木棉诸树叶每斤百钱。——道光《汝州全志》卷九灾祥,临汝县：旱，蝗。大饥，人相食，木棉诸树叶每斤百钱。——道光《汝州全志》卷九灾祥,临汝县：旱，蝗。大饥，人相食，木棉诸树叶每斤百钱。——道光《汝州全志》卷九灾祥
1640,江苏,南京市,江宁县,1640|江苏|南京|江宁,明思宗崇祯十三年,无,《江宁县志》,无,保留,"v1,v2,v4,v5","v1,v2,v4,v5",4,0.5714,是,,南京市：大疫，大饥。江宁市流殍枕藉，饥人相食。——康熙《江宁县志》卷十二灾祥,南京市：大疫，大饥。江宁市流殍枕藉，饥人相食。——康熙《江宁县志》卷十二灾祥,,南京市：大疫，大饥。江宁市流殍枕藉，饥人相食。——康熙《江宁县志》卷十二灾祥,南京市：大疫，大饥。江宁市流殍枕藉，饥人相食。——康熙《江宁县志》卷十二灾祥,,
1640,河南,新乡市,汲县,1640|河南|新乡|汲,明思宗崇祯十三年,无,《汲县志》,无,保留,"v1,v2,v4,v5","v1,v2,v4,v5",4,0.5714,是,,汲县：大饥，人相食，城内杀人，乡村盗起，人死十之八九。——康熙《汲县志》卷十,汲县：大饥，人相食，城内杀人，乡村盗起，人死十之八九。——康熙《汲县志》卷十,,汲县：大饥，人相食，城内杀人，乡村盗起，人死十之八九。——康熙《汲县志》卷十,汲县：大饥，人相食，城内杀人，乡村盗起，人死十之八九。——康熙《汲县志》卷十,,
1640,山西,,武乡县,1640|山西|武乡,明思宗崇祯十三年,无,《沁州志》,无,保留,"v1,v2,v3","v1,v2,v3",3,0.4286,是,,武乡县：大饥，斗米千钱以上，人相食。——乾隆《沁州志》卷九灾异,武乡县：大饥，斗米千钱以上，人相食。——乾隆《沁州志》卷九灾异,武乡县：大饥，斗米千钱以上，人相食。——乾隆《沁州志》卷九灾异,,,,
1640,山西,,沁县,1640|山西|沁,明思宗崇祯十三年,无,《沁州志》,无,保留,"v1,v2,v3","v1,v2,v3",3,0.4286,是,,沁县：大饥，斗米千钱以上，树皮草根剥掘既尽，人相食。——雍正《沁州志》卷九灾异,沁县：大饥，斗米千钱以上，树皮草根剥掘既尽，人相食。——雍正《沁州志》卷九灾异,沁县：大饥，斗米千钱以上，树皮草根剥掘既尽，人相食。——雍正《沁州志》卷九灾异,,,,
1640,山西,,沁水县,1640|山西|沁水,明思宗崇祯十三年,无,《沁水县志》,无,需进一步分析,v7,v7,1,0.1429,否,"同类 record 存在于 v1,v2,v3,v4,v5,v6,v7；本条仅存在于 v7；占比 14.3%",,,,,,,沁水县：岁大祲，米价数倍平时。民多饿死，人相食。
1640,山西,晋城市,沁水县,1640|山西|晋城|沁水,明思宗崇祯十三年,无,《沁水县志》,无,保留,"v1,v2,v3,v4,v5,v6","v1,v2,v3,v4,v5,v6",6,0.8571,是,,沁水县：岁大祲，米价数倍平时。民多饿死，人相食。——康熙《沁水县志》卷九祥异,沁水县：岁大祲，米价数倍平时。民多饿死，人相食。——康熙《沁水县志》卷九祥异,沁水县：岁大祲，米价数倍平时。民多饿死，人相食。——康熙《沁水县志》卷九祥异,沁水县：岁大祲，米价数倍平时。民多饿死，人相食。——康熙《沁水县志》卷九祥异,沁水县：岁大祲，米价数倍平时。民多饿死，人相食。——康熙《沁水县志》卷九祥异,沁水县：岁大祲，米价数倍平时。民多饿死，人相食。——康熙《沁水县志》卷九祥异,
1640,山东,,临沂市,1640|山东|临沂,明思宗崇祯十三年,无,《沂州志》,无,保留,"v1,v2,v5,v6","v1,v2,v5,v6",4,0.5714,是,,临沂市：蝗遍野盈尺，百树无叶，赤地千里。斗麦二千，民掘草根，剥树皮，父子相食，骸骨纵横。婴儿捐弃满道，人多自竖草标求售，转沟壑者无算。次年春，复疫坊继起，死亡过半。灾变之异，从未甚于此者。——康熙《沂州志》卷一灾异,临沂市：蝗遍野盈尺，百树无叶，赤地千里。斗麦二千，民掘草根，剥树皮，父子相食，骸骨纵横。婴儿捐弃满道，人多自竖草标求售，转沟壑者无算。次年春，复疫坊继起，死亡过半。灾变之异，从未甚于此者。——康熙《沂州志》卷一灾异,,,临沂市：蝗遍野盈尺，百树无叶，赤地千里。斗麦二千，民掘草根，剥树皮，父子相食，骸骨纵横。婴儿捐弃满道，人多自竖草标求售，转沟壑者无算。次年春，复疫坊继起，死亡过半。灾变之异，从未甚于此者。——康熙《沂州志》卷一灾异,临沂市：蝗遍野盈尺，百树无叶，赤地千里。斗麦二千，民掘草根，剥树皮，父子相食，骸骨纵横。婴儿捐弃满道，人多自竖草标求售，转沟壑者无算。次年春，复疫坊继起，死亡过半。灾变之异，从未甚于此者。——康熙《沂州志》卷一灾异,
1640,山东,临沂市,沂水县,1640|山东|临沂|沂水,明思宗崇祯十三年,无,《沂水县志》,无,保留,"v1,v2,v5,v6","v1,v2,v5,v6",4,0.5714,是,,沂水县：大饥，人相食。——康熙《沂水县志》卷五灾祥,沂水县：大饥，人相食。——康熙《沂水县志》卷五灾祥,,,沂水县：大饥，人相食。——康熙《沂水县志》卷五灾祥,沂水县：大饥，人相食。——康熙《沂水县志》卷五灾祥,
1640,江苏,宿迁市,沐阳县,1640|江苏|宿迁|沐阳,明思宗崇祯十三年,无,《沐阳县志》,无,保留,"v1,v2,v4,v5","v1,v2,v4,v5",4,0.5714,是,,沐阳县：岁饥馑，斗谷三钱，民多流离，人相食。——康熙《沐阳县志》卷一灾异,沐阳县：岁饥馑，斗谷三钱，民多流离，人相食。——康熙《沐阳县志》卷一灾异,,沐阳县：岁饥馑，斗谷三钱，民多流离，人相食。——康熙《沐阳县志》卷一灾异,沐阳县：岁饥馑，斗谷三钱，民多流离，人相食。——康熙《沐阳县志》卷一灾异,,
1640,河北,,沙河县,1640|河北|沙河,明思宗崇祯十三年,无,《沙河县志》,无,保留,"v1,v2,v3","v1,v2,v3",3,0.4286,是,,沙河县：大饥，人相食。——乾隆《沙河县志》卷一祥异,沙河县：大饥，人相食。——乾隆《沙河县志》卷一祥异,沙河县：大饥，人相食。——乾隆《沙河县志》卷一祥异,,,,
1640,江苏,徐州市,沛县,1640|江苏|徐|沛,明思宗崇祯十三年,无,《沛县志》,无,保留,"v1,v2,v4,v5","v1,v2,v4,v5",4,0.5714,是,,沛县：夏大蝗。冬饥，人相食。——乾隆《沛县志》卷一水旱,沛县：夏大蝗。冬饥，人相食。——乾隆《沛县志》卷一水旱,,沛县：夏大蝗。冬饥，人相食。——乾隆《沛县志》卷一水旱,沛县：夏大蝗。冬饥，人相食。——乾隆《沛县志》卷一水旱,,
1640,河南,焦作市,沁阳市,1640|河南|焦作|沁阳,明思宗崇祯十三年,无,《河内县志》,无,保留,"v1,v2,v3,v4,v5,v6,v7","v1,v2,v3,v4,v5,v6,v7",7,1.0,是,,沁阳县：自去年七月至本年八月始雨，五谷种不入士。岁大饥，斗粟二千钱，人相食，乱民所在啸聚。——康熙《河内县志》卷一灾祥,沁阳县：自去年七月至本年八月始雨，五谷种不入士。岁大饥，斗粟二千钱，人相食，乱民所在啸聚。——康熙《河内县志》卷一灾祥,沁阳县：自去年七月至本年八月始雨，五谷种不入士。岁大饥，斗粟二千钱，人相食，乱民所在啸聚。——康熙《河内县志》卷一灾祥,沁阳县：自去年七月至本年八月始雨，五谷种不入士。岁大饥，斗粟二千钱，人相食，乱民所在啸聚。——康熙《河内县志》卷一灾祥,沁阳县：自去年七月至本年八月始雨，五谷种不入士。岁大饥，斗粟二千钱，人相食，乱民所在啸聚。——康熙《河内县志》卷一灾祥,沁阳县：自去年七月至本年八月始雨，五谷种不入士。岁大饥，斗粟二千钱，人相食，乱民所在啸聚。——康熙《河内县志》卷一灾祥,沁阳县：自去年七月至本年八月始雨，五谷种不入士。岁大饥，斗粟二千钱，人相食，乱民所在啸聚。——康熙《河内县志》卷一灾祥
1640,河南,洛阳市,洛阳,1640|河南|洛阳|洛阳,明思宗崇祯十三年,无,《河南府志》,无,保留,"v1,v2,v3,v4,v5,v6,v7","v1,v2,v3,v4,v5,v6,v7",7,1.0,是,,洛阳市：…糠皮酒糟视为珍品，枣核柿蒂重若宝粒，干牛羊皮食之，雁矢食之，甚至人相食矣。空旷之所，饥民攒聚，执单人杀以为食。捉获登时击杀而不能禁。渐至父子夫妇相食，更有发在棺之尸而食腐肉者，若剔死人之肉，又为寻常无异之事矣。——顺治《河南府志》卷三灾异,洛阳市：…糠皮酒糟视为珍品，枣核柿蒂重若宝粒，干牛羊皮食之，雁矢食之，甚至人相食矣。空旷之所，饥民攒聚，执单人杀以为食。捉获登时击杀而不能禁。渐至父子夫妇相食，更有发在棺之尸而食腐肉者，若剔死人之肉，又为寻常无异之事矣。——顺治《河南府志》卷三灾异,洛阳市：…糠皮酒糟视为珍品，枣核柿蒂重若宝粒，干牛羊皮食之，雁矢食之，甚至人相食矣。空旷之所，饥民攒聚，执单人杀以为食。捉获登时击杀而不能禁。渐至父子夫妇相食，更有发在棺之尸而食腐肉者，若剔死人之肉，又为寻常无异之事矣。——顺治《河南府志》卷三灾异,洛阳市：…糠皮酒糟视为珍品，枣核柿蒂重若宝粒，干牛羊皮食之，雁矢食之，甚至人相食矣。空旷之所，饥民攒聚，执单人杀以为食。捉获登时击杀而不能禁。渐至父子夫妇相食，更有发在棺之尸而食腐肉者，若剔死人之肉，又为寻常无异之事矣。——顺治《河南府志》卷三灾异,洛阳市：…糠皮酒糟视为珍品，枣核柿蒂重若宝粒，干牛羊皮食之，雁矢食之，甚至人相食矣。空旷之所，饥民攒聚，执单人杀以为食。捉获登时击杀而不能禁。渐至父子夫妇相食，更有发在棺之尸而食腐肉者，若剔死人之肉，又为寻常无异之事矣。——顺治《河南府志》卷三灾异,洛阳市：…糠皮酒糟视为珍品，枣核柿蒂重若宝粒，干牛羊皮食之，雁矢食之，甚至人相食矣。空旷之所，饥民攒聚，执单人杀以为食。捉获登时击杀而不能禁。渐至父子夫妇相食，更有发在棺之尸而食腐肉者，若剔死人之肉，又为寻常无异之事矣。——顺治《河南府志》卷三灾异,洛阳市：…糠皮酒糟视为珍品，枣核柿蒂重若宝粒，干牛羊皮食之，雁矢食之，甚至人相食矣。空旷之所，饥民攒聚，执单人杀以为食。捉获登时击杀而不能禁。渐至父子夫妇相食，更有发在棺之尸而食腐肉者，若剔死人之肉，又为寻常无异之事矣。——顺治《河南府志》卷三灾异
1640,河南,洛阳市,宜阳县,1640|河南|洛阳|宜阳,明思宗崇祯十三年,无,《河南府志》,无,保留,"v1,v2,v3,v4,v5,v6,v7","v1,v2,v3,v4,v5,v6,v7",7,1.0,是,,宜阳县：奇灾异荒，米麦贵至一千八百文一升。城内杀人而食，暮夜人不敢出行数步，甚至父子相食、母女相食、兄弟相食、夫妻相食。其杀人而食，先啖其血，次食肠肚肺，次食脑，次食其肉手足。与猪蹄甲、牛脚件同用，更春其骨为炒豆，靡其骨为粉面。如此骇人听闻，真千古来罕闻稀见之大变也。——顺治《河南府志》卷三灾异,宜阳县：奇灾异荒，米麦贵至一千八百文一升。城内杀人而食，暮夜人不敢出行数步，甚至父子相食、母女相食、兄弟相食、夫妻相食。其杀人而食，先啖其血，次食肠肚肺，次食脑，次食其肉手足。与猪蹄甲、牛脚件同用，更春其骨为炒豆，靡其骨为粉面。如此骇人听闻，真千古来罕闻稀见之大变也。——顺治《河南府志》卷三灾异,宜阳县：奇灾异荒，米麦贵至一千八百文一升。城内杀人而食，暮夜人不敢出行数步，甚至父子相食、母女相食、兄弟相食、夫妻相食。其杀人而食，先啖其血，次食肠肚肺，次食脑，次食其肉手足。与猪蹄甲、牛脚件同用，更春其骨为炒豆，靡其骨为粉面。如此骇人听闻，真千古来罕闻稀见之大变也。——顺治《河南府志》卷三灾异,宜阳县：奇灾异荒，米麦贵至一千八百文一升。城内杀人而食，暮夜人不敢出行数步，甚至父子相食、母女相食、兄弟相食、夫妻相食。其杀人而食，先啖其血，次食肠肚肺，次食脑，次食其肉手足。与猪蹄甲、牛脚件同用，更春其骨为炒豆，靡其骨为粉面。如此骇人听闻，真千古来罕闻稀见之大变也。——顺治《河南府志》卷三灾异,宜阳县：奇灾异荒，米麦贵至一千八百文一升。城内杀人而食，暮夜人不敢出行数步，甚至父子相食、母女相食、兄弟相食、夫妻相食。其杀人而食，先啖其血，次食肠肚肺，次食脑，次食其肉手足。与猪蹄甲、牛脚件同用，更春其骨为炒豆，靡其骨为粉面。如此骇人听闻，真千古来罕闻稀见之大变也。——顺治《河南府志》卷三灾异,宜阳县：奇灾异荒，米麦贵至一千八百文一升。城内杀人而食，暮夜人不敢出行数步，甚至父子相食、母女相食、兄弟相食、夫妻相食。其杀人而食，先啖其血，次食肠肚肺，次食脑，次食其肉手足。与猪蹄甲、牛脚件同用，更春其骨为炒豆，靡其骨为粉面。如此骇人听闻，真千古来罕闻稀见之大变也。——顺治《河南府志》卷三灾异,宜阳县：奇灾异荒，米麦贵至一千八百文一升。城内杀人而食，暮夜人不敢出行数步，甚至父子相食、母女相食、兄弟相食、夫妻相食。其杀人而食，先啖其血，次食肠肚肺，次食脑，次食其肉手足。与猪蹄甲、牛脚件同用，更春其骨为炒豆，靡其骨为粉面。如此骇人听闻，真千古来罕闻稀见之大变也。——顺治《河南府志》卷三灾异
1640,甘肃,临夏回族自治州,临夏县,1640|甘肃|临夏回族自治|临夏,明思宗崇祯十三年,无,《河州志》,无,保留,"v1,v2,v5,v6","v1,v2,v5,v6",4,0.5714,是,,临夏县：大旱，自正月至六月不雨。夏苗尽枯，秋种未播，股价腾踊，斗栗白金一两。城门外痤尸，掘大坑七八处，深三四尺，每日车拽尸骨无算，人相食。——康熙四十六年《河州志》卷四灾异,临夏县：大旱，自正月至六月不雨。夏苗尽枯，秋种未播，股价腾踊，斗栗白金一两。城门外痤尸，掘大坑七八处，深三四尺，每日车拽尸骨无算，人相食。——康熙四十六年《河州志》卷四灾异,,,临夏县：大旱，自正月至六月不雨。夏苗尽枯，秋种未播，股价腾踊，斗栗白金一两。城门外痤尸，掘大坑七八处，深三四尺，每日车拽尸骨无算，人相食。——康熙四十六年《河州志》卷四灾异,临夏县：大旱，自正月至六月不雨。夏苗尽枯，秋种未播，股价腾踊，斗栗白金一两。城门外痤尸，掘大坑七八处，深三四尺，每日车拽尸骨无算，人相食。——康熙四十六年《河州志》卷四灾异,
1640,山西,,河津县,1640|山西|河津,明思宗崇祯十三年,无,《河津县志》,无,需进一步分析,v7,v7,1,0.1429,否,"同类 record 存在于 v1,v2,v3,v4,v5,v6,v7；本条仅存在于 v7；占比 14.3%",,,,,,,河津县：五月，汾河干八日，水如线流。十二月，斗米斗麦价至六钱，妇女剜野菜救饥，久志，野菜俱尽。至辛巳正月，人相食，有夫食妇，弟食兄者。
1640,山西,运城市,河津县,1640|山西|运城|河津,明思宗崇祯十三年,无,《河津县志》,无,保留,"v1,v2,v3,v4,v5,v6","v1,v2,v3,v4,v5,v6",6,0.8571,是,,河津县：五月，汾河干八日，水如线流。十二月，斗米斗麦价至六钱，妇女剜野菜救饥，久志，野菜俱尽。至辛巳正月，人相食，有夫食妇，弟食兄者。——康熙《河津县志》卷八祥异,河津县：五月，汾河干八日，水如线流。十二月，斗米斗麦价至六钱，妇女剜野菜救饥，久志，野菜俱尽。至辛巳正月，人相食，有夫食妇，弟食兄者。——康熙《河津县志》卷八祥异,河津县：五月，汾河干八日，水如线流。十二月，斗米斗麦价至六钱，妇女剜野菜救饥，久志，野菜俱尽。至辛巳正月，人相食，有夫食妇，弟食兄者。——康熙《河津县志》卷八祥异,河津县：五月，汾河干八日，水如线流。十二月，斗米斗麦价至六钱，妇女剜野菜救饥，久志，野菜俱尽。至辛巳正月，人相食，有夫食妇，弟食兄者。——康熙《河津县志》卷八祥异,河津县：五月，汾河干八日，水如线流。十二月，斗米斗麦价至六钱，妇女剜野菜救饥，久志，野菜俱尽。至辛巳正月，人相食，有夫食妇，弟食兄者。——康熙《河津县志》卷八祥异,河津县：五月，汾河干八日，水如线流。十二月，斗米斗麦价至六钱，妇女剜野菜救饥，久志，野菜俱尽。至辛巳正月，人相食，有夫食妇，弟食兄者。——康熙《河津县志》卷八祥异,
1640,河北,,河间县,1640|河北|河间,明思宗崇祯十三年,无,《河间县志》,无,保留,"v1,v2,v3","v1,v2,v3",3,0.4286,是,,河间县：大旱，斗米银二两。蝗飞蔽天。人相食。——康熙《河间县志》卷十一祥异,河间县：大旱，斗米银二两。蝗飞蔽天。人相食。——康熙《河间县志》卷十一祥异,河间县：大旱，斗米银二两。蝗飞蔽天。人相食。——康熙《河间县志》卷十一祥异,,,,
1640,山东,滨州市,沽化县,1640|山东|滨|沽化,明思宗崇祯十三年,无,《沽化县志》,疑似OCR错误：'道槿'疑为'道殣'之误,保留,"v1,v5,v6","v1,v5,v6",3,0.4286,是,,沽化县：闰正月元日，雷电大作，雨雪盈尺。二月，日出如血，大风霾。夏秋大旱，蝗，野无寸草。道槿相望，寇贼蜂起，人相食。——民国《沽化县志》卷七大事纪,,,,沽化县：闰正月元日，雷电大作，雨雪盈尺。二月，日出如血，大风霾。夏秋大旱，蝗，野无寸草。道槿相望，寇贼蜂起，人相食。——民国《沽化县志》卷七大事纪,沽化县：闰正月元日，雷电大作，雨雪盈尺。二月，日出如血，大风霾。夏秋大旱，蝗，野无寸草。道槿相望，寇贼蜂起，人相食。——民国《沽化县志》卷七大事纪,
1640,山东,,沾化县,1640|山东|沾化,明思宗崇祯十三年,无,《沾化县志》,无,保留,v2,v2,1,0.1429,是,,,沾化县：闰正月元日，雷电大作，雨雪盈尺。二月，日出如血，大风霾。夏秋大旱，蝗，野无寸草。道槿相望，寇贼蜂起，人相食。——民国《沾化县志》卷七大事纪,,,,,
1640,江苏,泰州市,泰县,1640|江苏|泰|泰,明思宗崇祯十三年,无,《泰州志》,无,保留,"v1,v2,v4,v5","v1,v2,v4,v5",4,0.5714,是,,泰县：大旱，蝗。四月至七月不雨，河流竭，无禾。民饥流亡，人相食。——崇祯《泰州志》卷七灾祥,泰县：大旱，蝗。四月至七月不雨，河流竭，无禾。民饥流亡，人相食。——崇祯《泰州志》卷七灾祥,,泰县：大旱，蝗。四月至七月不雨，河流竭，无禾。民饥流亡，人相食。——崇祯《泰州志》卷七灾祥,泰县：大旱，蝗。四月至七月不雨，河流竭，无禾。民饥流亡，人相食。——崇祯《泰州志》卷七灾祥,,
1640,陕西,,洛南县,1640|陕西|洛南,明思宗崇祯十三年,无,《洛南县志》,无,需进一步分析,v7,v7,1,0.1429,否,"同类 record 存在于 v1,v2,v3,v4,v5,v6,v7；本条仅存在于 v7；占比 14.3%",,,,,,,洛南县：十三、四年连饥，斗米二金，人相食。
1640,陕西,,洛南县,1640|陕西|洛南,明思宗崇祯十三年,无,《洛南县志》,无,保留,v4,v4,1,0.1429,是,,,,,洛南县：十三、四年连饥，斗米二金，人相食。——康熙《洛南县志》卷七灾祥,,,
1640,陕西,,洛川县,1640|陕西|洛川,明思宗崇祯十三年,无,《洛川县志》,无,需进一步分析,v7,v7,1,0.1429,否,"同类 record 存在于 v1,v2,v3,v4,v5,v6,v7；本条仅存在于 v7；占比 14.3%",,,,,,,洛川县：大旱，人相食，草木俱尽。
1640,陕西,延安市,洛川县,1640|陕西|延安|洛川,明思宗崇祯十三年,无,《洛川县志》,无,保留,"v1,v2,v3,v4,v5,v6","v1,v2,v3,v4,v5,v6",6,0.8571,是,,洛川县：大旱，人相食，草木俱尽。——嘉庆《洛川县志》卷一祥异,洛川县：大旱，人相食，草木俱尽。——嘉庆《洛川县志》卷一祥异,洛川县：大旱，人相食，草木俱尽。——嘉庆《洛川县志》卷一祥异,洛川县：大旱，人相食，草木俱尽。——嘉庆《洛川县志》卷一祥异,洛川县：大旱，人相食，草木俱尽。——嘉庆《洛川县志》卷一祥异,洛川县：大旱，人相食，草木俱尽。——嘉庆《洛川县志》卷一祥异,
1640,山东,,济南市,1640|山东|济南,明思宗崇祯十三年,无,《济南府志》,无,保留,"v1,v5,v6","v1,v5,v6",3,0.4286,是,,济南市：闰月正朔，雷电，雨雪盈尺。五月，大旱。饥，树皮皆尽，发瘞肉以食。——道光《济南府志》卷二十灾祥,,,,济南市：闰月正朔，雷电，雨雪盈尺。五月，大旱。饥，树皮皆尽，发瘞肉以食。——道光《济南府志》卷二十灾祥,济南市：闰月正朔，雷电，雨雪盈尺。五月，大旱。饥，树皮皆尽，发瘞肉以食。——道光《济南府志》卷二十灾祥,
1640,河南,济源市,济源县,1640|河南|济源|济源,明思宗崇祯十三年,无,《济源县志》,无,保留,"v1,v2,v4,v5","v1,v2,v4,v5",4,0.5714,是,,济源县：早饥，斗粟二千钱，父子兄弟自相食，中产以下多死绝。——乾隆《济源县志》卷一祥异,济源县：早饥，斗粟二千钱，父子兄弟自相食，中产以下多死绝。——乾隆《济源县志》卷一祥异,,济源县：早饥，斗粟二千钱，父子兄弟自相食，中产以下多死绝。——乾隆《济源县志》卷一祥异,济源县：早饥，斗粟二千钱，父子兄弟自相食，中产以下多死绝。——乾隆《济源县志》卷一祥异,,
1640,山东,济南市,济阳县,1640|山东|济南|济阳,明思宗崇祯十三年,无,《济阳县志》,无,保留,"v1,v2,v5,v6","v1,v2,v5,v6",4,0.5714,是,,济阳县：自五月至秋无雨，大饥，人相食。——顺治《济阳县志》灾,济阳县：自五月至秋无雨，大饥，人相食。——顺治《济阳县志》灾,,,济阳县：自五月至秋无雨，大饥，人相食。——顺治《济阳县志》灾,济阳县：自五月至秋无雨，大饥，人相食。——顺治《济阳县志》灾,
1640,河南,鹤壁市,浚县,1640|河南|鹤壁|浚,明思宗崇祯十三年,无,《浚县志》,无,保留,"v1,v2,v3,v4,v5,v6,v7","v1,v2,v3,v4,v5,v6,v7",7,1.0,是,,浚县：大饥，人相食。——康熙《浚县志》卷一祥异,浚县：大饥，人相食。——康熙《浚县志》卷一祥异,浚县：大饥，人相食。——康熙《浚县志》卷一祥异,浚县：大饥，人相食。——康熙《浚县志》卷一祥异,浚县：大饥，人相食。——康熙《浚县志》卷一祥异,浚县：大饥，人相食。——康熙《浚县志》卷一祥异,浚县：大饥，人相食。——康熙《浚县志》卷一祥异
1640,陕西,,浦城县,1640|陕西|浦城,明思宗崇祯十三年,无,《浦城县续志》,无,需进一步分析,v7,v7,1,0.1429,否,"同类 record 存在于 v1,v2,v3,v4,v5,v6,v7；本条仅存在于 v7；占比 14.3%",,,,,,,浦城县：岁奇荒，斗栗千钱，夫啖妻尸，父食子脍。
1640,陕西,渭南市,蒲城县,1640|陕西|渭南|蒲城,明思宗崇祯十三年,无,《浦城县续志》,无,保留,"v1,v2,v3,v5","v1,v2,v3,v5",4,0.5714,是,,浦城县：岁奇荒，斗栗千钱，夫啖妻尸，父食子脍。——康熙《浦城县续志》卷四艺文,浦城县：岁奇荒，斗栗千钱，夫啖妻尸，父食子脍。——康熙《浦城县续志》卷四艺文,浦城县：岁奇荒，斗栗千钱，夫啖妻尸，父食子脍。——康熙《浦城县续志》卷四艺文,,浦城县：岁奇荒，斗栗千钱，夫啖妻尸，父食子脍。——康熙《浦城县续志》卷四艺文,,
1640,河北,,涉县,1640|河北|涉,明思宗崇祯十三年,无,《涉县志》,无,保留,"v1,v2,v3","v1,v2,v3",3,0.4286,是,,涉县：大饥，民死七分，父食子。——顺治《涉县志》卷七灾变,涉县：大饥，民死七分，父食子。——顺治《涉县志》卷七灾变,涉县：大饥，民死七分，父食子。——顺治《涉县志》卷七灾变,,,,
1640,山东,,淄博市,1640|山东|淄博,明思宗崇祯十三年,无,《淄博县志》,无,保留,"v1,v2,v5,v6","v1,v2,v5,v6",4,0.5714,是,,淄博市：大饥，人相食。——乾隆四十一年《淄博县志》卷三灾祥,淄博市：大饥，人相食。——乾隆四十一年《淄博县志》卷三灾祥,,,淄博市：大饥，人相食。——乾隆四十一年《淄博县志》卷三灾祥,淄博市：大饥，人相食。——乾隆四十一年《淄博县志》卷三灾祥,
1640,河北,,清河县,1640|河北|清河,明思宗崇祯十三年,无,《清河县志》,无,保留,"v1,v2,v3","v1,v2,v3",3,0.4286,是,,清河县：四月至七月，不雨。六月，清河涸。冬大饥，人且相食。——康熙《清河县志》卷十七灾祥,清河县：四月至七月，不雨。六月，清河涸。冬大饥，人且相食。——康熙《清河县志》卷十七灾祥,清河县：四月至七月，不雨。六月，清河涸。冬大饥，人且相食。——康熙《清河县志》卷十七灾祥,,,,
1640,河南,三门峡市,渑池县,1640|河南|三门峡|渑池,明思宗崇祯十三年,无,《渑池县志》,无,保留,"v1,v2,v3,v4,v5,v6,v7","v1,v2,v3,v4,v5,v6,v7",7,1.0,是,,渑池县：自春至秋不雨，野无青草。斗米价值四两，父子相食。——乾隆《渑池县志》卷中灾祥,渑池县：自春至秋不雨，野无青草。斗米价值四两，父子相食。——乾隆《渑池县志》卷中灾祥,渑池县：自春至秋不雨，野无青草。斗米价值四两，父子相食。——乾隆《渑池县志》卷中灾祥,渑池县：自春至秋不雨，野无青草。斗米价值四两，父子相食。——乾隆《渑池县志》卷中灾祥,渑池县：自春至秋不雨，野无青草。斗米价值四两，父子相食。——乾隆《渑池县志》卷中灾祥,渑池县：自春至秋不雨，野无青草。斗米价值四两，父子相食。——乾隆《渑池县志》卷中灾祥,渑池县：自春至秋不雨，野无青草。斗米价值四两，父子相食。——乾隆《渑池县志》卷中灾祥
1640,河南,焦作市,温县,1640|河南|焦作|温,明思宗崇祯十三年,无,《温县志》,无,保留,"v1,v2,v4,v5","v1,v2,v4,v5",4,0.5714,是,,温县：大荒，人相食。——乾隆十一年《温县志》卷一灾祥,温县：大荒，人相食。——乾隆十一年《温县志》卷一灾祥,,温县：大荒，人相食。——乾隆十一年《温县志》卷一灾祥,温县：大荒，人相食。——乾隆十一年《温县志》卷一灾祥,,
1640,陕西,渭南市,渭南县,1640|陕西|渭南|渭南,明思宗崇祯十三年,无,《渭南县志》,无,保留,"v1,v2,v3,v6","v1,v2,v3,v6",4,0.5714,是,,渭南市：十三、四年，岁大祲，麦米每斗价二两四五钱，各乡镇无粮食，人民馁毙十之七八。邑西关有人市，年少妇人价不及千钱，一飨易一妻，米一升易一婢者。——雍正《渭南县志》卷十五祥异,渭南市：十三、四年，岁大祲，麦米每斗价二两四五钱，各乡镇无粮食，人民馁毙十之七八。邑西关有人市，年少妇人价不及千钱，一飨易一妻，米一升易一婢者。——雍正《渭南县志》卷十五祥异,渭南市：十三、四年，岁大祲，麦米每斗价二两四五钱，各乡镇无粮食，人民馁毙十之七八。邑西关有人市，年少妇人价不及千钱，一飨易一妻，米一升易一婢者。——雍正《渭南县志》卷十五祥异,,,渭南市：十三、四年，岁大祲，麦米每斗价二两四五钱，各乡镇无粮食，人民馁毙十之七八。邑西关有人市，年少妇人价不及千钱，一飨易一妻，米一升易一婢者。——雍正《渭南县志》卷十五祥异,
1640,山东,济宁市,兖州市,1640|山东|济宁|兖,明思宗崇祯十三年,无,《滋阳县志》,无,保留,"v1,v2,v5,v6","v1,v2,v5,v6",4,0.5714,是,,兖州市：蝗，旱，奇荒。斗麦二两，瘟疫盛行，盗贼窃发，父子相食，人死过半。——康熙《滋阳县志》卷二灾异,济宁府：蝗，旱，奇荒。斗麦二两，瘟疫盛行，盗贼窃发，父子相食，人死过半。——康熙《滋阳县志》卷二灾异,,,兖州市：蝗，旱，奇荒。斗麦二两，瘟疫盛行，盗贼窃发，父子相食，人死过半。——康熙《滋阳县志》卷二灾异,兖州市：蝗，旱，奇荒。斗麦二两，瘟疫盛行，盗贼窃发，父子相食，人死过半。——康熙《滋阳县志》卷二灾异,
1640,河南,安阳市,滑县,1640|河南|安阳|滑,明思宗崇祯十三年,无,《滑县志》,无,保留,"v1,v2,v3,v4,v5,v6,v7","v1,v2,v3,v4,v5,v6,v7",7,1.0,是,,滑县：春雨土，多风，麦尽枯。岁大凶。秋大荒。乡民有身家者，多避居城内。冬，土寇窃发，各乡烽火相接，人相食。——顺治《滑县志》卷十杂志,滑县：春雨土，多风，麦尽枯。岁大凶。秋大荒。乡民有身家者，多避居城内。冬，土寇窃发，各乡烽火相接，人相食。——顺治《滑县志》卷十杂志,滑县：春雨土，多风，麦尽枯。岁大凶。秋大荒。乡民有身家者，多避居城内。冬，土寇窃发，各乡烽火相接，人相食。——顺治《滑县志》卷十杂志,滑县：春雨土，多风，麦尽枯。岁大凶。秋大荒。乡民有身家者，多避居城内。冬，土寇窃发，各乡烽火相接，人相食。——顺治《滑县志》卷十杂志,滑县：春雨土，多风，麦尽枯。岁大凶。秋大荒。乡民有身家者，多避居城内。冬，土寇窃发，各乡烽火相接，人相食。——顺治《滑县志》卷十杂志,滑县：春雨土，多风，麦尽枯。岁大凶。秋大荒。乡民有身家者，多避居城内。冬，土寇窃发，各乡烽火相接，人相食。——顺治《滑县志》卷十杂志,滑县：春雨土，多风，麦尽枯。岁大凶。秋大荒。乡民有身家者，多避居城内。冬，土寇窃发，各乡烽火相接，人相食。——顺治《滑县志》卷十杂志
1640,山东,枣庄市,滕县,1640|山东|枣庄|滕,明思宗崇祯十三年,无,《滕县志》,无,保留,"v1,v2,v5,v6","v1,v2,v5,v6",4,0.5714,是,,滕县：大饥，人相食。——康熙《滕县志》卷二灾异,滕县：大饥，人相食。——康熙《滕县志》卷二灾异,,,滕县：大饥，人相食。——康熙《滕县志》卷二灾异,滕县：大饥，人相食。——康熙《滕县志》卷二灾异,
1640,山东,,潍坊市,1640|山东|潍坊,明思宗崇祯十三年,无,《潍县志稿》,无,保留,"v1,v2,v5,v6","v1,v2,v5,v6",4,0.5714,是,,潍坊市：岁大饥，斗粟千钱。冬尤甚，至人相食。——民国《潍县志稿》卷二通纪,潍坊市：岁大饥，斗粟千钱。冬尤甚，至人相食。——民国《潍县志稿》卷二通纪,,,潍坊市：岁大饥，斗粟千钱。冬尤甚，至人相食。——民国《潍县志稿》卷二通纪,潍坊市：岁大饥，斗粟千钱。冬尤甚，至人相食。——民国《潍县志稿》卷二通纪,
1640,山西,,潞城县,1640|山西|潞城,明思宗崇祯十三年,无,《潞城县志》,无,需进一步分析,v7,v7,1,0.1429,否,"同类 record 存在于 v1,v2,v3,v4,v5,v6,v7；本条仅存在于 v7；占比 14.3%",,,,,,,潞城县：春不雨，四月不雨，六月不雨。岁大饥，人相食，父子、兄弟、夫妇互相杀食，僻巷荒郊无人敢独行者。
1640,山西,长治市,潞城县,1640|山西|长治|潞城,明思宗崇祯十三年,无,《潞城县志》,无,保留,"v1,v2,v3,v4,v5,v6","v1,v2,v3,v4,v5,v6",6,0.8571,是,,潞城县：春不雨，四月不雨，六月不雨。岁大饥，人相食，父子、兄弟、夫妇互相杀食，僻巷荒郊无人敢独行者。二月，漳河竭。——康熙《潞城县志》卷八灾祥,潞城县：春不雨，四月不雨，六月不雨。岁大饥，人相食，父子、兄弟、夫妇互相杀食，僻巷荒郊无人敢独行者。二月，漳河竭。——康熙《潞城县志》卷八灾祥,潞城县：春不雨，四月不雨，六月不雨。岁大饥，人相食，父子、兄弟、夫妇互相杀食，僻巷荒郊无人敢独行者。二月，漳河竭。——康熙《潞城县志》卷八灾祥,潞城县：春不雨，四月不雨，六月不雨。岁大饥，人相食，父子、兄弟、夫妇互相杀食，僻巷荒郊无人敢独行者。二月，漳河竭。——康熙《潞城县志》卷八灾祥,潞城县：春不雨，四月不雨，六月不雨。岁大饥，人相食，父子、兄弟、夫妇互相杀食，僻巷荒郊无人敢独行者。二月，漳河竭。——康熙《潞城县志》卷八灾祥,潞城县：春不雨，四月不雨，六月不雨。岁大饥，人相食，父子、兄弟、夫妇互相杀食，僻巷荒郊无人敢独行者。二月，漳河竭。——康熙《潞城县志》卷八灾祥,
1640,陕西,,澄城县,1640|陕西|澄城,明思宗崇祯十三年,无,《澄城县志》,无,需进一步分析,v7,v7,1,0.1429,否,"同类 record 存在于 v1,v2,v3,v4,v5,v6,v7；本条仅存在于 v7；占比 14.3%",,,,,,,澄城县：大饥，民乃作乱。是岁，麦禾俱无茭刈，时斗麦值三钱，间岁麦一斗银三两，间岁麦一斗银三两。子女玉帛骈填墟市，人莫之顾，屑榆为粥，继以兰根，兰尽，食红石皮、煤炭，十无一生，旋相食。素封之家，率多饿死。当是时，有攫市者，县官以饥故，姑息之。
1640,陕西,渭南市,澄城县,1640|陕西|渭南|澄城,明思宗崇祯十三年,无,《澄城县志》,无,保留,"v1,v2,v3,v4,v5,v6","v1,v2,v3,v4,v5,v6",6,0.8571,是,,澄城县：大饥，民乃作乱。是岁，麦禾俱无茭刈，时斗麦值三钱，间岁麦一斗银三两，间岁麦一斗银三两。子女玉帛骈填墟市，人莫之顾，屑榆为粥，继以兰根，兰尽，食红石皮、煤炭，十无一生，旋相食。素封之家，率多饿死。当是时，有攫市者，县官以饥故，姑息之。——顺治《澄城县志》卷一灾祥,澄城县：大饥，民乃作乱。是岁，麦禾俱无茭刈，时斗麦值三钱，间岁麦一斗银三两，间岁麦一斗银三两。子女玉帛骈填墟市，人莫之顾，屑榆为粥，继以兰根，兰尽，食红石皮、煤炭，十无一生，旋相食。素封之家，率多饿死。当是时，有攫市者，县官以饥故，姑息之。——顺治《澄城县志》卷一灾祥,澄城县：大饥，民乃作乱。是岁，麦禾俱无茭刈，时斗麦值三钱，间岁麦一斗银三两，间岁麦一斗银三两。子女玉帛骈填墟市，人莫之顾，屑榆为粥，继以兰根，兰尽，食红石皮、煤炭，十无一生，旋相食。素封之家，率多饿死。当是时，有攫市者，县官以饥故，姑息之。——顺治《澄城县志》卷一灾祥,澄城县：大饥，民乃作乱。是岁，麦禾俱无茭刈，时斗麦值三钱，间岁麦一斗银三两，间岁麦一斗银三两。子女玉帛骈填墟市，人莫之顾，屑榆为粥，继以兰根，兰尽，食红石皮、煤炭，十无一生，旋相食。素封之家，率多饿死。当是时，有攫市者，县官以饥故，姑息之。——顺治《澄城县志》卷一灾祥,澄城县：大饥，民乃作乱。是岁，麦禾俱无茭刈，时斗麦值三钱，间岁麦一斗银三两，间岁麦一斗银三两。子女玉帛骈填墟市，人莫之顾，屑榆为粥，继以兰根，兰尽，食红石皮、煤炭，十无一生，旋相食。素封之家，率多饿死。当是时，有攫市者，县官以饥故，姑息之。——顺治《澄城县志》卷一灾祥,澄城县：大饥，民乃作乱。是岁，麦禾俱无茭刈，时斗麦值三钱，间岁麦一斗银三两，间岁麦一斗银三两。子女玉帛骈填墟市，人莫之顾，屑榆为粥，继以兰根，兰尽，食红石皮、煤炭，十无一生，旋相食。素封之家，率多饿死。当是时，有攫市者，县官以饥故，姑息之。——顺治《澄城县志》卷一灾祥,
1640,河北,,献县,1640|河北|献,明思宗崇祯十三年,无,《献县志》,无,保留,"v1,v2,v3","v1,v2,v3",3,0.4286,是,,献县：大旱，岁凶。民异姓者相食，骨肉相残者有之。——康熙《献县志》卷八祥异,献县：大旱，岁凶。民异姓者相食，骨肉相残者有之。——康熙《献县志》卷八祥异,献县：大旱，岁凶。民异姓者相食，骨肉相残者有之。——康熙《献县志》卷八祥异,,,,
1640,河南,郑州市,登封县,1640|河南|郑|登封,明思宗崇祯十三年,无,《登封县志》,无,保留,"v1,v2,v4,v5","v1,v2,v4,v5",4,0.5714,是,,登封县：大早，蝗蟄为灾。斗米价至二两，饿殍盈野，父子相食。——康熙《登封县志》卷九灾祥,登封县：大早，蝗蟄为灾。斗米价至二两，饿殍盈野，父子相食。——康熙《登封县志》卷九灾祥,,登封县：大早，蝗蟄为灾。斗米价至二两，饿殍盈野，父子相食。——康熙《登封县志》卷九灾祥,登封县：大早，蝗蟄为灾。斗米价至二两，饿殍盈野，父子相食。——康熙《登封县志》卷九灾祥,,
1640,山东,潍坊市,青州市,1640|山东|潍坊|青,明思宗崇祯十三年,无,《益都县志》,无,保留,"v1,v2,v5,v6","v1,v2,v5,v6",4,0.5714,是,,青州市：自六月不雨至八月，大蝗。十月，麦米菽斗谷二千有奇，群盗起，人父子相食，草木皮俱尽。——康熙《益都县志》卷十祥异,青州市：自六月不雨至八月，大蝗。十月，麦米菽斗谷二千有奇，群盗起，人父子相食，草木皮俱尽。——康熙《益都县志》卷十祥异,,,青州市：自六月不雨至八月，大蝗。十月，麦米菽斗谷二千有奇，群盗起，人父子相食，草木皮俱尽。——康熙《益都县志》卷十祥异,青州市：自六月不雨至八月，大蝗。十月，麦米菽斗谷二千有奇，群盗起，人父子相食，草木皮俱尽。——康熙《益都县志》卷十祥异,
1640,河北,,盐山县,1640|河北|盐山,明思宗崇祯十三年,无,《盐山县志》,无,保留,"v1,v2,v3","v1,v2,v3",3,0.4286,是,,盐山县：三月十六日微雨，历夏秋不雨，禾苗尽枯，飞蝗遍野。斗米银四金，木皮草根剥掘俱尽，人民相食。——康熙《盐山县志》卷九灾祥,盐山县：三月十六日微雨，历夏秋不雨，禾苗尽枯，飞蝗遍野。斗米银四金，木皮草根剥掘俱尽，人民相食。——康熙《盐山县志》卷九灾祥,盐山县：三月十六日微雨，历夏秋不雨，禾苗尽枯，飞蝗遍野。斗米银四金，木皮草根剥掘俱尽，人民相食。——康熙《盐山县志》卷九灾祥,,,,
1640,陕西,,商县,1640|陕西|商,明思宗崇祯十三年,无,《直隶商州志》,无,需进一步分析,v7,v7,1,0.1429,否,"同类 record 存在于 v1,v2,v3,v4,v5,v6,v7；本条仅存在于 v7；占比 14.3%",,,,,,,商县：斗米一两六钱，饥死无数，人相食。
1640,陕西,商洛市,商州区,1640|陕西|商洛|商,明思宗崇祯十三年,无,《直隶商州志》,无,保留,"v1,v2,v3,v4,v5,v6","v1,v2,v3,v4,v5,v6",6,0.8571,是,,商县：斗米一两六钱，饥死无数，人相食。——乾隆《直隶商州志》卷十四灾祥,商县：斗米一两六钱，饥死无数，人相食。——乾隆《直隶商州志》卷十四灾祥,商县：斗米一两六钱，饥死无数，人相食。——乾隆《直隶商州志》卷十四灾祥,商县：斗米一两六钱，饥死无数，人相食。——乾隆《直隶商州志》卷十四灾祥,商县：斗米一两六钱，饥死无数，人相食。——乾隆《直隶商州志》卷十四灾祥,商县：斗米一两六钱，饥死无数，人相食。——乾隆《直隶商州志》卷十四灾祥,
1640,江苏,徐州市,睢宁县,1640|江苏|徐|睢宁,明思宗崇祯十三年,无,《睢宁县志》,无,保留,"v1,v2,v4,v5","v1,v2,v4,v5",4,0.5714,是,,睢宁县：天下大旱，黄河水涸，斗票价至四钱，流亡载道，人相食。——康熙《睢宁县志》卷一祥异,睢宁县：天下大旱，黄河水涸，斗票价至四钱，流亡载道，人相食。——康熙《睢宁县志》卷一祥异,,睢宁县：天下大旱，黄河水涸，斗票价至四钱，流亡载道，人相食。——康熙《睢宁县志》卷一祥异,睢宁县：天下大旱，黄河水涸，斗票价至四钱，流亡载道，人相食。——康熙《睢宁县志》卷一祥异,,
1640,河南,商丘市,睢县,1640|河南|商丘|睢,明思宗崇祯十三年,睢州,《睢州志》,睢州为推测，原文为古代地名睢州,保留,"v1,v2,v3,v4,v5,v6,v7","v1,v2,v3,v4,v5,v6,v7",7,1.0,是,,睢县：夏大旱，野无青草，蝗。八月．陨霜，杀晚禾。是岁大饥，斗米数金，人相啖，死者什七，亘古未有。——康熙三十二年《睢州志》卷七祥异,睢县：夏大旱，野无青草，蝗。八月．陨霜，杀晚禾。是岁大饥，斗米数金，人相啖，死者什七，亘古未有。——康熙三十二年《睢州志》卷七祥异,睢县：夏大旱，野无青草，蝗。八月．陨霜，杀晚禾。是岁大饥，斗米数金，人相啖，死者什七，亘古未有。——康熙三十二年《睢州志》卷七祥异,睢县：夏大旱，野无青草，蝗。八月．陨霜，杀晚禾。是岁大饥，斗米数金，人相啖，死者什七，亘古未有。——康熙三十二年《睢州志》卷七祥异,睢县：夏大旱，野无青草，蝗。八月．陨霜，杀晚禾。是岁大饥，斗米数金，人相啖，死者什七，亘古未有。——康熙三十二年《睢州志》卷七祥异,睢县：夏大旱，野无青草，蝗。八月．陨霜，杀晚禾。是岁大饥，斗米数金，人相啖，死者什七，亘古未有。——康熙三十二年《睢州志》卷七祥异,睢县：夏大旱，野无青草，蝗。八月．陨霜，杀晚禾。是岁大饥，斗米数金，人相啖，死者什七，亘古未有。——康熙三十二年《睢州志》卷七祥异
1640,河南,开封市,开封县,1640|河南|开封|开封,明思宗崇祯十三年,祥符县,《祥符县志》,无,保留,"v1,v2,v4,v5","v1,v2,v4,v5",4,0.5714,是,,开封县：蝗生四月以啮麦，霜生八月而杀禾，致使斗米两金。百姓之死于饿者不知凡几。死于相食者不知凡几。向之林林总总者十仅存四五矣。——顺治《祥符县志》卷六艺文,开封县：蝗生四月以啮麦，霜生八月而杀禾，致使斗米两金。百姓之死于饿者不知凡几。死于相食者不知凡几。向之林林总总者十仅存四五矣。——顺治《祥符县志》卷六艺文,,开封县：蝗生四月以啮麦，霜生八月而杀禾，致使斗米两金。百姓之死于饿者不知凡几。死于相食者不知凡几。向之林林总总者十仅存四五矣。——顺治《祥符县志》卷六艺文,开封县：蝗生四月以啮麦，霜生八月而杀禾，致使斗米两金。百姓之死于饿者不知凡几。死于相食者不知凡几。向之林林总总者十仅存四五矣。——顺治《祥符县志》卷六艺文,,
1640,山东,,烟台市,1640|山东|烟台,明思宗崇祯十三年,无,《福山县志》,无,保留,"v1,v2,v5,v6","v1,v2,v5,v6",4,0.5714,是,,烟台市：自春徂秋无雨，蝗杀稼殆尽，人相食。——康熙《福山县志》卷一灾祥,烟台市：自春徂秋无雨，蝗杀稼殆尽，人相食。——康熙《福山县志》卷一灾祥,,,烟台市：自春徂秋无雨，蝗杀稼殆尽，人相食。——康熙《福山县志》卷一灾祥,烟台市：自春徂秋无雨，蝗杀稼殆尽，人相食。——康熙《福山县志》卷一灾祥,
1640,河南,商丘市,虞城县,1640|河南|商丘|虞城,明思宗崇祯十三年,无,《禹城县志》,无,保留,"v1,v2,v5,v6","v1,v2,v5,v6",4,0.5714,是,,虞城县：天降奇荒，赤地千里，骨肉相食，饿莩遍野，民仪子遗。——康熙《禹城县志》卷六灾祥,虞城县：天降奇荒，赤地千里，骨肉相食，饿莩遍野，民仪子遗。——康熙《禹城县志》卷六灾祥,,,虞城县：天降奇荒，赤地千里，骨肉相食，饿莩遍野，民仪子遗。——康熙《禹城县志》卷六灾祥,虞城县：天降奇荒，赤地千里，骨肉相食，饿莩遍野，民仪子遗。——康熙《禹城县志》卷六灾祥,
1640,河南,许昌市,禹州市,1640|河南|许昌|禹,明思宗崇祯十三年,禹州,《禹州志》,禹州为推测，原文为古代地名禹州,保留,"v1,v2,v3,v4,v5,v6,v7","v1,v2,v3,v4,v5,v6,v7",7,1.0,是,,禹县：二月不雨，至子八月，土寇起。六月，人相食。——顺治《禹州志》卷九禨祥,禹县：二月不雨，至子八月，土寇起。六月，人相食。——顺治《禹州志》卷九禨祥,禹县：二月不雨，至子八月，土寇起。六月，人相食。——顺治《禹州志》卷九禨祥,禹县：二月不雨，至子八月，土寇起。六月，人相食。——顺治《禹州志》卷九禨祥,禹县：二月不雨，至子八月，土寇起。六月，人相食。——顺治《禹州志》卷九禨祥,禹县：二月不雨，至子八月，土寇起。六月，人相食。——顺治《禹州志》卷九禨祥,禹县：二月不雨，至子八月，土寇起。六月，人相食。——顺治《禹州志》卷九禨祥
1640,山东,济南市,章丘县,1640|山东|济南|章丘,明思宗崇祯十三年,无,《章邱县志》,无,保留,"v1,v2,v5,v6","v1,v2,v5,v6",4,0.5714,是,,章丘县：大饥，斗米千钱，父子相食，人死大半。——康熙《章邱县志》卷一灾祥,章丘县：大饥，斗米千钱，父子相食，人死大半。——康熙《章邱县志》卷一灾祥,,,章丘县：大饥，斗米千钱，父子相食，人死大半。——康熙《章邱县志》卷一灾祥,章丘县：大饥，斗米千钱，父子相食，人死大半。——康熙《章邱县志》卷一灾祥,
1640,山东,济宁市,汶上县,1640|山东|济宁|汶上,明思宗崇祯十三年,无,《续修汶上县志》,无,保留,"v1,v2,v5,v6","v1,v2,v5,v6",4,0.5714,是,,汶上县：大旱，蝗。斗米三金，父子兄弟互相食，土寇蜂起，民饥而死者十之八九。——康熙《续修汶上县志》卷五灾祥,汶上县：大旱，蝗。斗米三金，父子兄弟互相食，土寇蜂起，民饥而死者十之八九。——康熙《续修汶上县志》卷五灾祥,,,汶上县：大旱，蝗。斗米三金，父子兄弟互相食，土寇蜂起，民饥而死者十之八九。——康熙《续修汶上县志》卷五灾祥,汶上县：大旱，蝗。斗米三金，父子兄弟互相食，土寇蜂起，民饥而死者十之八九。——康熙《续修汶上县志》卷五灾祥,
1640,山西,,翼城县,1640|山西|翼城,明思宗崇祯十三年,无,《翼城县志》,无,需进一步分析,v7,v7,1,0.1429,否,"同类 record 存在于 v1,v2,v3,v4,v5,v6,v7；本条仅存在于 v7；占比 14.3%",,,,,,,翼城县：大旱，岁游饥。人相食，大疫。
1640,山西,临汾市,翼城县,1640|山西|临汾|翼城,明思宗崇祯十三年,无,《翼城县志》,无,保留,"v1,v2,v3,v4,v5,v6","v1,v2,v3,v4,v5,v6",6,0.8571,是,,翼城县：大旱，岁游饥。人相食，大疫。——乾隆《翼城县志》卷二十六祥异,翼城县：大旱，岁游饥。人相食，大疫。——乾隆《翼城县志》卷二十六祥异,翼城县：大旱，岁游饥。人相食，大疫。——乾隆《翼城县志》卷二十六祥异,翼城县：大旱，岁游饥。人相食，大疫。——乾隆《翼城县志》卷二十六祥异,翼城县：大旱，岁游饥。人相食，大疫。——乾隆《翼城县志》卷二十六祥异,翼城县：大旱，岁游饥。人相食，大疫。——乾隆《翼城县志》卷二十六祥异,
1640,河北,,肃宁县,1640|河北|肃宁,明思宗崇祯十三年,无,《肃宁县志》,无,保留,"v1,v2,v3","v1,v2,v3",3,0.4286,是,,肃宁县：大旱，斗米银二两。人民相食，尸骸遍野。——乾隆《肃宁县志》卷一祥异,肃宁县：大旱，斗米银二两。人民相食，尸骸遍野。——乾隆《肃宁县志》卷一祥异,肃宁县：大旱，斗米银二两。人民相食，尸骸遍野。——乾隆《肃宁县志》卷一祥异,,,,
1640,河北,,肥乡县,1640|河北|肥乡,明思宗崇祯十三年,无,《肥乡县志》,无,保留,"v1,v2,v3","v1,v2,v3",3,0.4286,是,,肥乡县：大疫，岁饥。树皮草粒皆尽，人相食，村无烟火。——雍正《肥乡县志》卷二灾祥,肥乡县：大疫，岁饥。树皮草粒皆尽，人相食，村无烟火。——雍正《肥乡县志》卷二灾祥,肥乡县：大疫，岁饥。树皮草粒皆尽，人相食，村无烟火。——雍正《肥乡县志》卷二灾祥,,,,
1640,山东,泰安市,肥城县,1640|山东|泰安|肥城,明思宗崇祯十三年,无,《肥城县志书》,无,保留,"v1,v2,v5,v6","v1,v2,v5,v6",4,0.5714,是,,肥城县：旱蝗相集，禾稼尽伤。甚而母子、兄弟、夫妇相食，惨不忍言，人民死者以亿万计。——康熙《肥城县志书》卷下灾祥,肥城县：旱蝗相集，禾稼尽伤。甚而母子、兄弟、夫妇相食，惨不忍言，人民死者以亿万计。——康熙《肥城县志书》卷下灾祥,,,肥城县：旱蝗相集，禾稼尽伤。甚而母子、兄弟、夫妇相食，惨不忍言，人民死者以亿万计。——康熙《肥城县志书》卷下灾祥,肥城县：旱蝗相集，禾稼尽伤。甚而母子、兄弟、夫妇相食，惨不忍言，人民死者以亿万计。——康熙《肥城县志书》卷下灾祥,
1640,山西,,芮城县,1640|山西|芮城,明思宗崇祯十三年,无,《芮城县志》,无,需进一步分析,v7,v7,1,0.1429,否,"同类 record 存在于 v1,v2,v3,v4,v5,v6,v7；本条仅存在于 v7；占比 14.3%",,,,,,,芮城县：大饥，人相食。
1640,山西,运城市,芮城县,1640|山西|运城|芮城,明思宗崇祯十三年,无,《芮城县志》,无,保留,"v1,v2,v3,v4,v5,v6","v1,v2,v3,v4,v5,v6",6,0.8571,是,,芮城县：大饥，人相食。——民国《芮城县志》卷十四祥异,芮城县：大饥，人相食。——民国《芮城县志》卷十四祥异,芮城县：大饥，人相食。——民国《芮城县志》卷十四祥异,芮城县：大饥，人相食。——民国《芮城县志》卷十四祥异,芮城县：大饥，人相食。——民国《芮城县志》卷十四祥异,芮城县：大饥，人相食。——民国《芮城县志》卷十四祥异,
1640,山西,,万荣县,1640|山西|万荣,明思宗崇祯十三年,荣河县,《荣河县志》,无,需进一步分析,v7,v7,1,0.1429,否,"同类 record 存在于 v1,v2,v3,v4,v5,v6,v7；本条仅存在于 v7；占比 14.3%",,,,,,,万荣县：大饥，草根水皮俱尽，人相食，死者十之六七。僵尸横野，皆取而食之。斗栗值一两余，六畜绝种，从来未有之奇荒也。次年麦熟，饥民得食，又多死者。又疫。
1640,山西,运城市,万荣县,1640|山西|运城|万荣,明思宗崇祯十三年,无,《荣河县志》,无,保留,"v1,v2,v3,v4,v5,v6","v1,v2,v3,v4,v5,v6",6,0.8571,是,,万荣县：大饥，草根水皮俱尽，人相食，死者十之六七。僵尸横野，皆取而食之。斗栗值一两余，六畜绝种，从来未有之奇荒也。次年麦熟，饥民得食，又多死者。又疫。——康熙《荣河县志》卷八灾祥,万荣县：大饥，草根水皮俱尽，人相食，死者十之六七。僵尸横野，皆取而食之。斗栗值一两余，六畜绝种，从来未有之奇荒也。次年麦熟，饥民得食，又多死者。又疫。——康熙《荣河县志》卷八灾祥,万荣县：大饥，草根水皮俱尽，人相食，死者十之六七。僵尸横野，皆取而食之。斗栗值一两余，六畜绝种，从来未有之奇荒也。次年麦熟，饥民得食，又多死者。又疫。——康熙《荣河县志》卷八灾祥,万荣县：大饥，草根水皮俱尽，人相食，死者十之六七。僵尸横野，皆取而食之。斗栗值一两余，六畜绝种，从来未有之奇荒也。次年麦熟，饥民得食，又多死者。又疫。——康熙《荣河县志》卷八灾祥,万荣县：大饥，草根水皮俱尽，人相食，死者十之六七。僵尸横野，皆取而食之。斗栗值一两余，六畜绝种，从来未有之奇荒也。次年麦熟，饥民得食，又多死者。又疫。——康熙《荣河县志》卷八灾祥,万荣县：大饥，草根水皮俱尽，人相食，死者十之六七。僵尸横野，皆取而食之。斗栗值一两余，六畜绝种，从来未有之奇荒也。次年麦熟，饥民得食，又多死者。又疫。——康熙《荣河县志》卷八灾祥,
1640,山东,聊城市,莘县,1640|山东|聊城|莘,明思宗崇祯十三年,无,《莘县志》,无,保留,"v1,v2,v4,v5","v1,v2,v4,v5",4,0.5714,是,,莘县：春夏大旱，每日风霾，大无禾。斗米银壹两二钱，民间食尽草子树皮。至有父子、兄弟、夫妇相食。惨状难悉。饥民为盗，蜂起焚掠。四境萧然。——光绪《莘县志》卷四饥异,莘县：春夏大旱，每日风霾，大无禾。斗米银壹两二钱，民间食尽草子树皮。至有父子、兄弟、夫妇相食。惨状难悉。饥民为盗，蜂起焚掠。四境萧然。——光绪《莘县志》卷四饥异,,莘县：春夏大旱，每日风霾，大无禾。斗米银壹两二钱，民间食尽草子树皮。至有父子、兄弟、夫妇相食。惨状难悉。饥民为盗，蜂起焚掠。四境萧然。——光绪《莘县志》卷四饥异,莘县：春夏大旱，每日风霾，大无禾。斗米银壹两二钱，民间食尽草子树皮。至有父子、兄弟、夫妇相食。惨状难悉。饥民为盗，蜂起焚掠。四境萧然。——光绪《莘县志》卷四饥异,,
1640,山东,济南市,莱芜县,1640|山东|济南|莱芜,明思宗崇祯十三年,无,《莱芜县志》,无,保留,"v1,v2,v5,v6","v1,v2,v5,v6",4,0.5714,是,,莱芜县：大饥，斗栗数斤，人相食。——光绪《莱芜县志》卷二灾祥,莱芜县：大饥，斗栗数斤，人相食。——光绪《莱芜县志》卷二灾祥,,,莱芜县：大饥，斗栗数斤，人相食。——光绪《莱芜县志》卷二灾祥,莱芜县：大饥，斗栗数斤，人相食。——光绪《莱芜县志》卷二灾祥,
1640,山东,,菏泽市,1640|山东|菏泽,明思宗崇祯十三年,无,《菏泽县志》,无,保留,"v2,v6","v2,v6",2,0.2857,是,,,菏泽市：春夏不雨，…十月，斗米钱二千，民大饥。…十二月，人相食，初食已死，继食未死；初食道路之殍，继食闾巷之亲，甚至父子、祖孙、兄弟、夫妇互相杀食，官不能禁，异变也。——光绪《菏泽县志》卷十九灾祥,,,,菏泽市：春夏不雨，…十月，斗米钱二千，民大饥。…十二月，人相食，初食已死，继食未死；初食道路之殍，继食闾巷之亲，甚至父子、祖孙、兄弟、夫妇互相杀食，官不能禁，异变也。——光绪《菏泽县志》卷十九灾祥,
1640,山东,菏泽市,,1640|山东|菏泽,明思宗崇祯十三年,无,《菏泽县志》,无,保留,"v1,v5","v1,v5",2,0.2857,是,,菏泽市：春夏不雨，…十月，斗米钱二千，民大饥。…十二月，人相食，初食已死，继食未死；初食道路之殍，继食闾巷之亲，甚至父子、祖孙、兄弟，夫妇互相杀食，官不能禁，异变也。——光绪《菏泽县志》卷十九灾祥,,,,菏泽市：春夏不雨，…十月，斗米钱二千，民大饥。…十二月，人相食，初食已死，继食未死；初食道路之殍，继食闾巷之亲，甚至父子、祖孙、兄弟，夫妇互相杀食，官不能禁，异变也。——光绪《菏泽县志》卷十九灾祥,,
1640,安徽,宿州市,萧县,1640|安徽|宿|萧,明思宗崇祯十三年,无,《萧县志》,无,保留,"v1,v2,v4,v5","v1,v2,v4,v5",4,0.5714,是,,萧县：大旱，虫生。二月初四日，黑风冻来，人莫能立。二十一日未时风沙迷天。秋蝗，无遗禾。民大饥，斗米三钱。人相食，骸骨饥籍，死者不胜纪，所在流亡，妇子易米三升，无复与者。——顺治《萧县志》卷五灾异,萧县：大旱，虫生。二月初四日，黑风冻来，人莫能立。二十一日未时风沙迷天。秋蝗，无遗禾。民大饥，斗米三钱。人相食，骸骨饥籍，死者不胜纪，所在流亡，妇子易米三升，无复与者。——顺治《萧县志》卷五灾异,,萧县：大旱，虫生。二月初四日，黑风冻来，人莫能立。二十一日未时风沙迷天。秋蝗，无遗禾。民大饥，斗米三钱。人相食，骸骨饥籍，死者不胜纪，所在流亡，妇子易米三升，无复与者。——顺治《萧县志》卷五灾异,萧县：大旱，虫生。二月初四日，黑风冻来，人莫能立。二十一日未时风沙迷天。秋蝗，无遗禾。民大饥，斗米三钱。人相食，骸骨饥籍，死者不胜纪，所在流亡，妇子易米三升，无复与者。——顺治《萧县志》卷五灾异,,
1640,陕西,渭南市,蒲城县,1640|陕西|渭南|蒲城,明思宗崇祯十三年,无,《蒲城县续志》,无,保留,"v4,v6","v4,v6",2,0.2857,是,,,,,蒲城县：岁奇荒，斗栗千钱，夫啖妻尸，父食子脍。——康熙《蒲城县续志》卷四艺文,,蒲城县：岁奇荒，斗栗千钱，夫啖妻尸，父食子脍。——康熙《蒲城县续志》卷四艺文,
1640,河南,商丘市,虞城县,1640|河南|商丘|虞城,明思宗崇祯十三年,无,《虞城县志》,无,保留,"v1,v2,v3,v4,v5,v6,v7","v1,v2,v3,v4,v5,v6,v7",7,1.0,是,,虞城县：八月，陨霜杀禾，流寇至，大饥。冬十月，斗麦价四金，蜀秫三金余。人相食，饿殍盈野，须臾皮肉俱尽，后有父母子女互相杀啖者，官法不能禁。——顺治《虞城县志》卷八灾祥,虞城县：八月，陨霜杀禾，流寇至，大饥。冬十月，斗麦价四金，蜀秫三金余。人相食，饿殍盈野，须臾皮肉俱尽，后有父母子女互相杀啖者，官法不能禁。——顺治《虞城县志》卷八灾祥,虞城县：八月，陨霜杀禾，流寇至，大饥。冬十月，斗麦价四金，蜀秫三金余。人相食，饿殍盈野，须臾皮肉俱尽，后有父母子女互相杀啖者，官法不能禁。——顺治《虞城县志》卷八灾祥,虞城县：八月，陨霜杀禾，流寇至，大饥。冬十月，斗麦价四金，蜀秫三金余。人相食，饿殍盈野，须臾皮肉俱尽，后有父母子女互相杀啖者，官法不能禁。——顺治《虞城县志》卷八灾祥,虞城县：八月，陨霜杀禾，流寇至，大饥。冬十月，斗麦价四金，蜀秫三金余。人相食，饿殍盈野，须臾皮肉俱尽，后有父母子女互相杀啖者，官法不能禁。——顺治《虞城县志》卷八灾祥,虞城县：八月，陨霜杀禾，流寇至，大饥。冬十月，斗麦价四金，蜀秫三金余。人相食，饿殍盈野，须臾皮肉俱尽，后有父母子女互相杀啖者，官法不能禁。——顺治《虞城县志》卷八灾祥,虞城县：八月，陨霜杀禾，流寇至，大饥。冬十月，斗麦价四金，蜀秫三金余。人相食，饿殍盈野，须臾皮肉俱尽，后有父母子女互相杀啖者，官法不能禁。——顺治《虞城县志》卷八灾祥
1640,河南,许昌市,襄城县,1640|河南|许昌|襄城,明思宗崇祯十三年,无,《襄城县志》,无,保留,"v1,v2,v3,v4,v5,v6,v7","v1,v2,v3,v4,v5,v6,v7",7,1.0,是,,襄城县：大旱，大蝗，秋禾尽伤，…人相食，饿死者过半。——顺治《襄城县志》卷七灾祥,襄城县：大旱，大蝗，秋禾尽伤，…人相食，饿死者过半。——顺治《襄城县志》卷七灾祥,襄城县：大旱，大蝗，秋禾尽伤，…人相食，饿死者过半。——顺治《襄城县志》卷七灾祥,襄城县：大旱，大蝗，秋禾尽伤，…人相食，饿死者过半。——顺治《襄城县志》卷七灾祥,襄城县：大旱，大蝗，秋禾尽伤，…人相食，饿死者过半。——顺治《襄城县志》卷七灾祥,襄城县：大旱，大蝗，秋禾尽伤，…人相食，饿死者过半。——顺治《襄城县志》卷七灾祥,襄城县：大旱，大蝗，秋禾尽伤，…人相食，饿死者过半。——顺治《襄城县志》卷七灾祥
1640,山西,,襄汾县,1640|山西|襄汾,明思宗崇祯十三年,无,《襄陵县志》,无,需进一步分析,v7,v7,1,0.1429,否,"同类 record 存在于 v1,v2,v3,v4,v5,v6,v7；本条仅存在于 v7；占比 14.3%",,,,,,,襄汾县：荐焉饥。旱魃奇虐，米麦斗八钱，民食树皮草根，死者枕藉道理，人相食。知县李用质躬履各乡劝谕，设厂赈粥，饥民多赖以全活。
1640,山西,临汾市,襄汾县,1640|山西|临汾|襄汾,明思宗崇祯十三年,无,《襄陵县志》,无,保留,"v1,v2,v3,v4,v5,v6","v1,v2,v3,v4,v5,v6",6,0.8571,是,,襄汾县：荐焉饥。旱魃奇虐，米麦斗八钱，民食树皮草根，死者枕藉道理，人相食。知县李用质躬履各乡劝谕，设厂赈粥，饥民多赖以全活。——康熙《襄陵县志》卷七祥异,襄汾县：荐焉饥。旱魃奇虐，米麦斗八钱，民食树皮草根，死者枕藉道理，人相食。知县李用质躬履各乡劝谕，设厂赈粥，饥民多赖以全活。——康熙《襄陵县志》卷七祥异,襄汾县：荐焉饥。旱魃奇虐，米麦斗八钱，民食树皮草根，死者枕藉道理，人相食。知县李用质躬履各乡劝谕，设厂赈粥，饥民多赖以全活。——康熙《襄陵县志》卷七祥异,襄汾县：荐焉饥。旱魃奇虐，米麦斗八钱，民食树皮草根，死者枕藉道理，人相食。知县李用质躬履各乡劝谕，设厂赈粥，饥民多赖以全活。——康熙《襄陵县志》卷七祥异,襄汾县：荐焉饥。旱魃奇虐，米麦斗八钱，民食树皮草根，死者枕藉道理，人相食。知县李用质躬履各乡劝谕，设厂赈粥，饥民多赖以全活。——康熙《襄陵县志》卷七祥异,襄汾县：荐焉饥。旱魃奇虐，米麦斗八钱，民食树皮草根，死者枕藉道理，人相食。知县李用质躬履各乡劝谕，设厂赈粥，饥民多赖以全活。——康熙《襄陵县志》卷七祥异,
1640,河南,周口市,西华县,1640|河南|周口|西华,明思宗崇祯十三年,无,《西华县志》,无,保留,"v1,v2,v3,v4,v5,v6,v7","v1,v2,v3,v4,v5,v6,v7",7,1.0,是,,西华县：赤黑风自北来，凡三阅月。大饥，父子夫妻多相食，城市之中公然有鬻人肉者。——顺治《西华县志》卷七灾异,西华县：赤黑风自北来，凡三阅月。大饥，父子夫妻多相食，城市之中公然有鬻人肉者。——顺治《西华县志》卷七灾异,西华县：赤黑风自北来，凡三阅月。大饥，父子夫妻多相食，城市之中公然有鬻人肉者。——顺治《西华县志》卷七灾异,西华县：赤黑风自北来，凡三阅月。大饥，父子夫妻多相食，城市之中公然有鬻人肉者。——顺治《西华县志》卷七灾异,西华县：赤黑风自北来，凡三阅月。大饥，父子夫妻多相食，城市之中公然有鬻人肉者。——顺治《西华县志》卷七灾异,西华县：赤黑风自北来，凡三阅月。大饥，父子夫妻多相食，城市之中公然有鬻人肉者。——顺治《西华县志》卷七灾异,西华县：赤黑风自北来，凡三阅月。大饥，父子夫妻多相食，城市之中公然有鬻人肉者。——顺治《西华县志》卷七灾异
1640,河南,驻马店市,西平县,1640|河南|驻马店|西平,明思宗崇祯十三年,无,《西平县志》,无,保留,"v1,v2,v3,v4,v5,v6,v7","v1,v2,v3,v4,v5,v6,v7",7,1.0,是,,西平县：…田禾食尽，野无青草。父子夫妻相食，尸体载道。——康熙《西平县志》卷十外志,西平县：…田禾食尽，野无青草。父子夫妻相食，尸体载道。——康熙《西平县志》卷十外志,西平县：…田禾食尽，野无青草。父子夫妻相食，尸体载道。——康熙《西平县志》卷十外志,西平县：…田禾食尽，野无青草。父子夫妻相食，尸体载道。——康熙《西平县志》卷十外志,西平县：…田禾食尽，野无青草。父子夫妻相食，尸体载道。——康熙《西平县志》卷十外志,西平县：…田禾食尽，野无青草。父子夫妻相食，尸体载道。——康熙《西平县志》卷十外志,西平县：…田禾食尽，野无青草。父子夫妻相食，尸体载道。——康熙《西平县志》卷十外志
1640,山西,运城,,1640|山西|运城,明思宗崇祯十三年,解州,《解州志》,无,需进一步分析,v7,v7,1,0.1429,否,"同类 record 存在于 v1,v2,v3,v4,v5,v6,v7；本条仅存在于 v7；占比 14.3%",,,,,,,运城市：二月，陨霜杀桑，麦秋成，多无禾。斗粟一两三钱，草根木皮搜食无余，人相食，至十四年骨肉相食，千古罕闻。十二年九月不雨，至十三年七月。
1640,山西,运城市,运城,1640|山西|运城|运城,明思宗崇祯十三年,无,《解州志》,无,保留,"v1,v2,v3,v4,v5,v6","v1,v2,v3,v4,v5,v6",6,0.8571,是,,运城市：二月，陨霜杀桑，麦秋成，多无禾。斗粟一两三钱，草根木皮搜食无余，人相食，至十四年骨肉相食，千古罕闻。十二年九月不雨，至十三年七月。——康熙十二年《解州志》卷九灾祥,运城市：二月，陨霜杀桑，麦秋成，多无禾。斗粟一两三钱，草根木皮搜食无余，人相食，至十四年骨肉相食，千古罕闻。十二年九月不雨，至十三年七月。——康熙十二年《解州志》卷九灾祥,运城市：二月，陨霜杀桑，麦秋成，多无禾。斗粟一两三钱，草根木皮搜食无余，人相食，至十四年骨肉相食，千古罕闻。十二年九月不雨，至十三年七月。——康熙十二年《解州志》卷九灾祥,运城市：二月，陨霜杀桑，麦秋成，多无禾。斗粟一两三钱，草根木皮搜食无余，人相食，至十四年骨肉相食，千古罕闻。十二年九月不雨，至十三年七月。——康熙十二年《解州志》卷九灾祥,运城市：二月，陨霜杀桑，麦秋成，多无禾。斗粟一两三钱，草根木皮搜食无余，人相食，至十四年骨肉相食，千古罕闻。十二年九月不雨，至十三年七月。——康熙十二年《解州志》卷九灾祥,运城市：二月，陨霜杀桑，麦秋成，多无禾。斗粟一两三钱，草根木皮搜食无余，人相食，至十四年骨肉相食，千古罕闻。十二年九月不雨，至十三年七月。——康熙十二年《解州志》卷九灾祥,
1640,河南,许昌市,许昌市,1640|河南|许昌|许昌,明思宗崇祯十三年,许州,《许州志》,许州为推测，原文为古代地名许州,保留,"v1,v2,v3,v4,v5,v6,v7","v1,v2,v3,v4,v5,v6,v7",7,1.0,是,,许昌县：大旱，蝗，秋禾尽伤，青草皆枯。斗米易钱二千文，人相食，饿死者大半，时民争采桑槐芋叶为食。是冬及次岁春，妇女自鬻于市，无有收者，有夫妻相食者。甚有易于而食者，有全家饿死者十分之七，逃亡者无算。是岁，土贼蜂起。——康熙《许州志》卷九祥异,许昌县：大旱，蝗，秋禾尽伤，青草皆枯。斗米易钱二千文，人相食，饿死者大半，时民争采桑槐芋叶为食。是冬及次岁春，妇女自鬻于市，无有收者，有夫妻相食者。甚有易于而食者，有全家饿死者十分之七，逃亡者无算。是岁，土贼蜂起。——康熙《许州志》卷九祥异,许昌县：大旱，蝗，秋禾尽伤，青草皆枯。斗米易钱二千文，人相食，饿死者大半，时民争采桑槐芋叶为食。是冬及次岁春，妇女自鬻于市，无有收者，有夫妻相食者。甚有易于而食者，有全家饿死者十分之七，逃亡者无算。是岁，土贼蜂起。——康熙《许州志》卷九祥异,许昌县：大旱，蝗，秋禾尽伤，青草皆枯。斗米易钱二千文，人相食，饿死者大半，时民争采桑槐芋叶为食。是冬及次岁春，妇女自鬻于市，无有收者，有夫妻相食者。甚有易于而食者，有全家饿死者十分之七，逃亡者无算。是岁，土贼蜂起。——康熙《许州志》卷九祥异,许昌县：大旱，蝗，秋禾尽伤，青草皆枯。斗米易钱二千文，人相食，饿死者大半，时民争采桑槐芋叶为食。是冬及次岁春，妇女自鬻于市，无有收者，有夫妻相食者。甚有易于而食者，有全家饿死者十分之七，逃亡者无算。是岁，土贼蜂起。——康熙《许州志》卷九祥异,许昌县：大旱，蝗，秋禾尽伤，青草皆枯。斗米易钱二千文，人相食，饿死者大半，时民争采桑槐芋叶为食。是冬及次岁春，妇女自鬻于市，无有收者，有夫妻相食者。甚有易于而食者，有全家饿死者十分之七，逃亡者无算。是岁，土贼蜂起。——康熙《许州志》卷九祥异,许昌县：大旱，蝗，秋禾尽伤，青草皆枯。斗米易钱二千文，人相食，饿死者大半，时民争采桑槐芋叶为食。是冬及次岁春，妇女自鬻于市，无有收者，有夫妻相食者。甚有易于而食者，有全家饿死者十分之七，逃亡者无算。是岁，土贼蜂起。——康熙《许州志》卷九祥异
1640,山东,潍坊市,诸城县,1640|山东|潍坊|诸城,明思宗崇祯十三年,无,《诸城县志》,无,保留,"v1,v2,v5,v6","v1,v2,v5,v6",4,0.5714,是,,诸城县：春正月，赈济。是年，旱蝗，人相食。——乾隆《诸城县志》卷二总纪,诸城县：春正月，赈济。是年，旱蝗，人相食。——乾隆《诸城县志》卷二总纪,,,诸城县：春正月，赈济。是年，旱蝗，人相食。——乾隆《诸城县志》卷二总纪,诸城县：春正月，赈济。是年，旱蝗，人相食。——乾隆《诸城县志》卷二总纪,
1640,山东,临沂市,费县,1640|山东|临沂|费,明思宗崇祯十三年,无,《费县志》,无,保留,"v1,v2,v5,v6","v1,v2,v5,v6",4,0.5714,是,,费县：大旱。飞蝗蔽天，害稼。饥馑，人相食。——光绪《费县志》卷十六祥异,费县：大旱。飞蝗蔽天，害稼。饥馑，人相食。——光绪《费县志》卷十六祥异,,,费县：大旱。飞蝗蔽天，害稼。饥馑，人相食。——光绪《费县志》卷十六祥异,费县：大旱。飞蝗蔽天，害稼。饥馑，人相食。——光绪《费县志》卷十六祥异,
1640,河南,新乡市,辉县,1640|河南|新乡|辉,明思宗崇祯十三年,无,《辉县志》,无,保留,"v1,v2,v4,v5","v1,v2,v4,v5",4,0.5714,是,,辉县：大蝗，秋盗起。十月，人相食，斗米千钱，市鬻人肉。——康熙《辉县志》卷十八灾祥,辉县：大蝗，秋盗起。十月，人相食，斗米千钱，市鬻人肉。——康熙《辉县志》卷十八灾祥,,辉县：大蝗，秋盗起。十月，人相食，斗米千钱，市鬻人肉。——康熙《辉县志》卷十八灾祥,辉县：大蝗，秋盗起。十月，人相食，斗米千钱，市鬻人肉。——康熙《辉县志》卷十八灾祥,,
1640,河北,,迁安县,1640|河北|迁安,明思宗崇祯十三年,无,《迁安县志》,无,保留,"v1,v2,v3","v1,v2,v3",3,0.4286,是,,迁安县：夏五月，飞蝗遍野，大伤禾稼。大饥，斗米一两二钱，人相食，男妇剥树皮，榆柳俱尽。——康熙十八年《迁安县志》卷七灾祥,迁安县：夏五月，飞蝗遍野，大伤禾稼。大饥，斗米一两二钱，人相食，男妇剥树皮，榆柳俱尽。——康熙十八年《迁安县志》卷七灾祥,迁安县：夏五月，飞蝗遍野，大伤禾稼。大饥，斗米一两二钱，人相食，男妇剥树皮，榆柳俱尽。——康熙十八年《迁安县志》卷七灾祥,,,,
1640,甘肃,,通渭县,1640|甘肃|通渭,明思宗崇祯十三年,无,《通渭县志》转引《西北灾荒史》,无,需进一步分析,"v5,v6","v5,v6",2,0.2857,否,"同类 record 存在于 v1,v2,v3,v4,v5,v6,v7；本条仅存在于 v5,v6；占比 28.6%",,,,,通渭县：大旱，岁饥，人相食。——《重修通渭县志》（光绪十九年），转引自《西北灾荒史》第437页。,通渭县：大旱，岁饥，人相食。——《重修通渭县志》（光绪十九年），转引自《西北灾荒史》第437页。,
1640,河南,开封市,通许县,1640|河南|开封|通许,明思宗崇祯十三年,无,《通许县志》,无,保留,"v1,v2,v4,v5","v1,v2,v4,v5",4,0.5714,是,,通许县：大早，人相食。夏四月，蝗，无麦。秋八月，大霜杀禾。大饥，民相食。——康熙《通许县志》卷十灾祥,通许县：大早，人相食。夏四月，蝗，无麦。秋八月，大霜杀禾。大饥，民相食。——康熙《通许县志》卷十灾祥,,通许县：大早，人相食。夏四月，蝗，无麦。秋八月，大霜杀禾。大饥，民相食。——康熙《通许县志》卷十灾祥,通许县：大早，人相食。夏四月，蝗，无麦。秋八月，大霜杀禾。大饥，民相食。——康熙《通许县志》卷十灾祥,,
1640,河北,,遵化县,1640|河北|遵化,明思宗崇祯十三年,无,《遵化州志》,无,保留,"v1,v2,v3","v1,v2,v3",3,0.4286,是,,遵化县：蝗蝻遍野。秋冬大饥，人相食，冻饿死者枕藉道路。——康熙《遵化州志》卷二灾异,遵化县：蝗蝻遍野。秋冬大饥，人相食，冻饿死者枕藉道路。——康熙《遵化州志》卷二灾异,遵化县：蝗蝻遍野。秋冬大饥，人相食，冻饿死者枕藉道路。——康熙《遵化州志》卷二灾异,,,,
1640,山东,济宁市,邹县,1640|山东|济宁|邹,明思宗崇祯十三年,无,《邹县志》,无,保留,"v1,v2,v5,v6","v1,v2,v5,v6",4,0.5714,是,,邹县：八月降霜，九月水冻。米麦一斗价三两五钱，人食人肉，饥死十有九，居民相劫为食。官役捕之，群人山为盗。从此四境啸聚，岁岁不宁矣。——康熙十二年《邹县志》卷二灾乱,邹县：八月降霜，九月水冻。米麦一斗价三两五钱，人食人肉，饥死十有九，居民相劫为食。官役捕之，群人山为盗。从此四境啸聚，岁岁不宁矣。——康熙十二年《邹县志》卷二灾乱,,,邹县：八月降霜，九月水冻。米麦一斗价三两五钱，人食人肉，饥死十有九，居民相劫为食。官役捕之，群人山为盗。从此四境啸聚，岁岁不宁矣。——康熙十二年《邹县志》卷二灾乱,邹县：八月降霜，九月水冻。米麦一斗价三两五钱，人食人肉，饥死十有九，居民相劫为食。官役捕之，群人山为盗。从此四境啸聚，岁岁不宁矣。——康熙十二年《邹县志》卷二灾乱,
1640,河南,平顶山市,郏县,1640|河南|平顶山|郏,明思宗崇祯十三年,无,《郏县志》,无,保留,"v1,v2,v3,v4,v5,v6,v7","v1,v2,v3,v4,v5,v6,v7",7,1.0,是,,郏县：大饥，至父子相食。武刚土贼自此起。——顺治《郏县志》卷一灾祥,郏县：大饥，至父子相食。武刚土贼自此起。——顺治《郏县志》卷一灾祥,郏县：大饥，至父子相食。武刚土贼自此起。——顺治《郏县志》卷一灾祥,郏县：大饥，至父子相食。武刚土贼自此起。——顺治《郏县志》卷一灾祥,郏县：大饥，至父子相食。武刚土贼自此起。——顺治《郏县志》卷一灾祥,郏县：大饥，至父子相食。武刚土贼自此起。——顺治《郏县志》卷一灾祥,郏县：大饥，至父子相食。武刚土贼自此起。——顺治《郏县志》卷一灾祥
1640,山东,临沂市,郯城县,1640|山东|临沂|郯城,明思宗崇祯十三年,无,《郯城县志》,无,保留,"v1,v2,v5,v6","v1,v2,v5,v6",4,0.5714,是,,郯城县：春夏大旱，飞蝗蔽野，害禾一空。…冬春数月活人相食，父食其子，兄食其弟，夫食其妻，村疃亲朋不敢往来。此实遇之非常奇灾也。——康熙《郯城县志》卷九灾祥,郯城县：春夏大旱，飞蝗蔽野，害禾一空。…冬春数月活人相食，父食其子，兄食其弟，夫食其妻，村疃亲朋不敢往来。此实遇之非常奇灾也。——康熙《郯城县志》卷九灾祥,,,郯城县：春夏大旱，飞蝗蔽野，害禾一空。…冬春数月活人相食，父食其子，兄食其弟，夫食其妻，村疃亲朋不敢往来。此实遇之非常奇灾也。——康熙《郯城县志》卷九灾祥,郯城县：春夏大旱，飞蝗蔽野，害禾一空。…冬春数月活人相食，父食其子，兄食其弟，夫食其妻，村疃亲朋不敢往来。此实遇之非常奇灾也。——康熙《郯城县志》卷九灾祥,
1640,陕西,,户县,1640|陕西|户,明思宗崇祯十三年,鄂县,《鄂县志》,无,需进一步分析,v7,v7,1,0.1429,否,"同类 record 存在于 v1,v2,v3,v4,v5,v6,v7；本条仅存在于 v7；占比 14.3%",,,,,,,户县：蝻生，食禾殆尽。大饥，人相食。
1640,陕西,西安市,鄠邑区,1640|陕西|西安|鄠邑,明思宗崇祯十三年,无,《鄂县志》,无,保留,"v1,v2,v3,v5,v6","v1,v2,v3,v5,v6",5,0.7143,是,,户县：蝻生，食禾殆尽。大饥，人相食。——康熙《鄂县志》卷八灾异,户县：蝻生，食禾殆尽。大饥，人相食。——康熙《鄂县志》卷八灾异,户县：蝻生，食禾殆尽。大饥，人相食。——康熙《鄂县志》卷八灾异,,户县：蝻生，食禾殆尽。大饥，人相食。——康熙《鄂县志》卷八灾异,户县：蝻生，食禾殆尽。大饥，人相食。——康熙《鄂县志》卷八灾异,
1640,陕西,,鄠县,1640|陕西|鄠,明思宗崇祯十三年,无,《鄠县志》,无,保留,v4,v4,1,0.1429,是,,,,,户县：蝻生，食禾殆尽。大饥，人相食。——康熙《鄠县志》卷八灾异,,,
1640,河南,许昌市,鄢陵县,1640|河南|许昌|鄢陵,明思宗崇祯十三年,无,《鄢陵县志》,无,保留,"v1,v2,v3,v4,v5,v6,v7","v1,v2,v3,v4,v5,v6,v7",7,1.0,是,,鄢陵县：白正月不雨至于五、六月，禾尽槁。秋冬大饥，斗米一千余钱，饿殍载道，土寇蜂起。母食其子，妻烹其夫，…白骨如莽，城守戒严，道遂阻。——顺治《鄢陵县志》卷九祥异,鄢陵县：白正月不雨至于五、六月，禾尽槁。秋冬大饥，斗米一千余钱，饿殍载道，土寇蜂起。母食其子，妻烹其夫，…白骨如莽，城守戒严，道遂阻。——顺治《鄢陵县志》卷九祥异,鄢陵县：白正月不雨至于五、六月，禾尽槁。秋冬大饥，斗米一千余钱，饿殍载道，土寇蜂起。母食其子，妻烹其夫，…白骨如莽，城守戒严，道遂阻。——顺治《鄢陵县志》卷九祥异,鄢陵县：白正月不雨至于五、六月，禾尽槁。秋冬大饥，斗米一千余钱，饿殍载道，土寇蜂起。母食其子，妻烹其夫，…白骨如莽，城守戒严，道遂阻。——顺治《鄢陵县志》卷九祥异,鄢陵县：白正月不雨至于五、六月，禾尽槁。秋冬大饥，斗米一千余钱，饿殍载道，土寇蜂起。母食其子，妻烹其夫，…白骨如莽，城守戒严，道遂阻。——顺治《鄢陵县志》卷九祥异,鄢陵县：白正月不雨至于五、六月，禾尽槁。秋冬大饥，斗米一千余钱，饿殍载道，土寇蜂起。母食其子，妻烹其夫，…白骨如莽，城守戒严，道遂阻。——顺治《鄢陵县志》卷九祥异,鄢陵县：白正月不雨至于五、六月，禾尽槁。秋冬大饥，斗米一千余钱，饿殍载道，土寇蜂起。母食其子，妻烹其夫，…白骨如莽，城守戒严，道遂阻。——顺治《鄢陵县志》卷九祥异
1640,陕西,,礼泉县,1640|陕西|礼泉,明思宗崇祯十三年,醴泉县,《醴泉县志》,无,需进一步分析,v7,v7,1,0.1429,否,"同类 record 存在于 v1,v2,v3,v4,v5,v6,v7；本条仅存在于 v7；占比 14.3%",,,,,,,礼泉县：秋大旱。十月，栗价腾贵，日贵一日，斗米三钱。至次年春十倍其值，绝枭罢市，木皮石面皆食尽，父子夫妇相刘啖，道瘞重积，十死八九。
1640,陕西,咸阳市,礼泉县,1640|陕西|咸阳|礼泉,明思宗崇祯十三年,无,《醴泉县志》,无,保留,"v1,v2,v3,v4,v5,v6","v1,v2,v3,v4,v5,v6",6,0.8571,是,,礼泉县：秋大旱。十月，栗价腾贵，日贵一日，斗米三钱。至次年春十倍其值，绝枭罢市，木皮石面皆食尽，父子夫妇相刘啖，道瘞重积，十死八九。——康熙《醴泉县志》卷四杂志,礼泉县：秋大旱。十月，栗价腾贵，日贵一日，斗米三钱。至次年春十倍其值，绝枭罢市，木皮石面皆食尽，父子夫妇相刘啖，道瘞重积，十死八九。——康熙《醴泉县志》卷四杂志,礼泉县：秋大旱。十月，栗价腾贵，日贵一日，斗米三钱。至次年春十倍其值，绝枭罢市，木皮石面皆食尽，父子夫妇相刘啖，道瘞重积，十死八九。——康熙《醴泉县志》卷四杂志,礼泉县：秋大旱。十月，栗价腾贵，日贵一日，斗米三钱。至次年春十倍其值，绝枭罢市，木皮石面皆食尽，父子夫妇相刘啖，道瘞重积，十死八九。——康熙《醴泉县志》卷四杂志,礼泉县：秋大旱。十月，栗价腾贵，日贵一日，斗米三钱。至次年春十倍其值，绝枭罢市，木皮石面皆食尽，父子夫妇相刘啖，道瘞重积，十死八九。——康熙《醴泉县志》卷四杂志,礼泉县：秋大旱。十月，栗价腾贵，日贵一日，斗米三钱。至次年春十倍其值，绝枭罢市，木皮石面皆食尽，父子夫妇相刘啖，道瘞重积，十死八九。——康熙《醴泉县志》卷四杂志,
1640,安徽,六安市,六安县,1640|安徽|六安|六安,明思宗崇祯十三年,六安州,《重修六安州志》,无,保留,"v1,v2,v4,v5","v1,v2,v4,v5",4,0.5714,是,,六安县：夏大旱，飞蝗蔽天。人相食。——康熙《重修六安州志》卷十祥异,六安县：夏大旱，飞蝗蔽天。人相食。——康熙《重修六安州志》卷十祥异,,六安县：夏大旱，飞蝗蔽天。人相食。——康熙《重修六安州志》卷十祥异,六安县：夏大旱，飞蝗蔽天。人相食。——康熙《重修六安州志》卷十祥异,,
1640,山东,青岛市,平度县,1640|山东|青岛|平度,明思宗崇祯十三年,无,《重修平度州志》,无,保留,"v1,v2,v5,v6","v1,v2,v5,v6",4,0.5714,是,,平度县：沙鸡满天。旱，蝗。饥，至人相食。——道光《重修平度州志》卷二十六大事,平度县：沙鸡满天。旱，蝗。饥，至人相食。——道光《重修平度州志》卷二十六大事,,,平度县：沙鸡满天。旱，蝗。饥，至人相食。——道光《重修平度州志》卷二十六大事,平度县：沙鸡满天。旱，蝗。饥，至人相食。——道光《重修平度州志》卷二十六大事,
1640,山西,,襄垣县,1640|山西|襄垣,明思宗崇祯十三年,无,《重修襄垣县志》,无,需进一步分析,v7,v7,1,0.1429,否,"同类 record 存在于 v1,v2,v3,v4,v5,v6,v7；本条仅存在于 v7；占比 14.3%",,,,,,,襄垣县：春不雨，至四月不雨，六月不雨。岁大饥，人相食。
1640,山西,长治市,襄垣县,1640|山西|长治|襄垣,明思宗崇祯十三年,无,《重修襄垣县志》,无,保留,"v1,v2,v3,v4,v5,v6","v1,v2,v3,v4,v5,v6",6,0.8571,是,,襄垣县：春不雨，至四月不雨，六月不雨。岁大饥，人相食。——康熙《重修襄垣县志》卷九外纪,襄垣县：春不雨，至四月不雨，六月不雨。岁大饥，人相食。——康熙《重修襄垣县志》卷九外纪,襄垣县：春不雨，至四月不雨，六月不雨。岁大饥，人相食。——康熙《重修襄垣县志》卷九外纪,襄垣县：春不雨，至四月不雨，六月不雨。岁大饥，人相食。——康熙《重修襄垣县志》卷九外纪,襄垣县：春不雨，至四月不雨，六月不雨。岁大饥，人相食。——康熙《重修襄垣县志》卷九外纪,襄垣县：春不雨，至四月不雨，六月不雨。岁大饥，人相食。——康熙《重修襄垣县志》卷九外纪,
1640,甘肃,定西市,通渭县,1640|甘肃|定西|通渭,明思宗崇祯十三年,无,《重修通渭县志》,转引自《西北灾荒史》,保留,v1,v1,1,0.1429,是,,通渭县：大旱，岁饥，人相食。——《重修通渭县志》（光绪十九年），转引自《西北灾荒史》第437页。,,,,,,
1640,甘肃,,通渭县,1640|甘肃|通渭,明思宗崇祯十三年,无,《重修通渭县志》转引《西北灾荒史》,无,需进一步分析,v2,v2,1,0.1429,否,"同类 record 存在于 v1,v2,v3,v4,v5,v6,v7；本条仅存在于 v2；占比 14.3%",,通渭县：大旱，岁饥，人相食。——《重修通渭县志》（光绪十九年），转引自《西北灾荒史》第437页。,,,,,
1640,陕西,,合阳县,1640|陕西|合阳,明思宗崇祯十三年,无,《重修邵阳县志》,无,需进一步分析,v7,v7,1,0.1429,否,"同类 record 存在于 v1,v2,v3,v4,v5,v6,v7；本条仅存在于 v7；占比 14.3%",,,,,,,合阳县：六年，斗米千钱，十三年至四千钱，先后饿死真以沙量，人相食者比比为然。
1640,陕西,渭南市,合阳县,1640|陕西|渭南|合阳,明思宗崇祯十三年,无,《重修邵阳县志》,无,保留,"v1,v2,v3,v4,v5,v6","v1,v2,v3,v4,v5,v6",6,0.8571,是,,合阳县：六年，斗米千钱，十三年至四千钱，先后饿死真以沙量，人相食者比比为然。——顺治《重修邵阳县志》卷七杂志,合阳县：六年，斗米千钱，十三年至四千钱，先后饿死真以沙量，人相食者比比为然。——顺治《重修邵阳县志》卷七杂志,合阳县：六年，斗米千钱，十三年至四千钱，先后饿死真以沙量，人相食者比比为然。——顺治《重修邵阳县志》卷七杂志,合阳县：六年，斗米千钱，十三年至四千钱，先后饿死真以沙量，人相食者比比为然。——顺治《重修邵阳县志》卷七杂志,合阳县：六年，斗米千钱，十三年至四千钱，先后饿死真以沙量，人相食者比比为然。——顺治《重修邵阳县志》卷七杂志,合阳县：六年，斗米千钱，十三年至四千钱，先后饿死真以沙量，人相食者比比为然。——顺治《重修邵阳县志》卷七杂志,
1640,河北,,阜城县,1640|河北|阜城,明思宗崇祯十三年,无,《重修阜志》,无,保留,"v1,v2,v3","v1,v2,v3",3,0.4286,是,,阜城县：大旱，蝗。斗米价银两余，人相食，只身不敢路行，至父子夫妇相食。——康熙《重修阜志》卷下祥异,阜城县：大旱，蝗。斗米价银两余，人相食，只身不敢路行，至父子夫妇相食。——康熙《重修阜志》卷下祥异,阜城县：大旱，蝗。斗米价银两余，人相食，只身不敢路行，至父子夫妇相食。——康熙《重修阜志》卷下祥异,,,,
1640,甘肃,白银市,靖远县,1640|甘肃|白银|靖远,明思宗崇祯十三年,无,《重篆靖远卫志》,无,保留,"v1,v2,v5,v6","v1,v2,v5,v6",4,0.5714,是,,靖远县：奇荒，人相食。——康熙《重篆靖远卫志》卷一祥异,靖远县：奇荒，人相食。——康熙《重篆靖远卫志》卷一祥异,,,靖远县：奇荒，人相食。——康熙《重篆靖远卫志》卷一祥异,靖远县：奇荒，人相食。——康熙《重篆靖远卫志》卷一祥异,
1640,河北,,巨鹿县,1640|河北|巨鹿,明思宗崇祯十三年,无,《钜鹿县志》,无,保留,"v1,v2,v3","v1,v2,v3",3,0.4286,是,,巨鹿县：奇荒，人相食。——顺治《钜鹿县志》卷八灾异,巨鹿县：奇荒，人相食。——顺治《钜鹿县志》卷八灾异,巨鹿县：奇荒，人相食。——顺治《钜鹿县志》卷八灾异,,,,
1640,安徽,铜陵市,铜陵县,1640|安徽|铜陵|铜陵,明思宗崇祯十三年,无,《铜陵县志》,无,保留,"v1,v2,v4,v5","v1,v2,v4,v5",4,0.5714,是,,铜陵县：大水没圩。飞蝗蔽天。殍遍野，有剖肉以食者。——顺治《铜陵县志》卷七祥异,铜陵县：大水没圩。飞蝗蔽天。殍遍野，有剖肉以食者。——顺治《铜陵县志》卷七祥异,,铜陵县：大水没圩。飞蝗蔽天。殍遍野，有剖肉以食者。——顺治《铜陵县志》卷七祥异,铜陵县：大水没圩。飞蝗蔽天。殍遍野，有剖肉以食者。——顺治《铜陵县志》卷七祥异,,
1640,甘肃,庆阳市,镇原县,1640|甘肃|庆阳|镇原,明思宗崇祯十三年,无,《镇原县志》,无,保留,"v1,v2,v5,v6","v1,v2,v5,v6",4,0.5714,是,,镇原县：奇荒，斗米值银三两，人相食。——康熙《镇原县志》卷下灾异,镇原县：奇荒，斗米值银三两，人相食。——康熙《镇原县志》卷下灾异,,,镇原县：奇荒，斗米值银三两，人相食。——康熙《镇原县志》卷下灾异,镇原县：奇荒，斗米值银三两，人相食。——康熙《镇原县志》卷下灾异,
1640,江苏,镇江市,镇江市,1640|江苏|镇江|镇江,明思宗崇祯十三年,无,《镇江府志》,无,保留,"v1,v2,v4,v5","v1,v2,v4,v5",4,0.5714,是,,镇江市：是年旱蝗，民多疫，果有人相食之事。——康熙《镇江府志》卷四十三祥异,镇江市：是年旱蝗，民多疫，果有人相食之事。——康熙《镇江府志》卷四十三祥异,,镇江市：是年旱蝗，民多疫，果有人相食之事。——康熙《镇江府志》卷四十三祥异,镇江市：是年旱蝗，民多疫，果有人相食之事。——康熙《镇江府志》卷四十三祥异,,
1640,山西,,长子县,1640|山西|长子,明思宗崇祯十三年,无,《长子县志》,无,保留,"v1,v2,v3","v1,v2,v3",3,0.4286,是,,长子县：漳河竭。大饥，人相食。——康熙《长子县志》卷一灾异,长子县：漳河竭。大饥，人相食。——康熙《长子县志》卷一灾异,长子县：漳河竭。大饥，人相食。——康熙《长子县志》卷一灾异,,,,
1640,山东,滨州市,邹平县,1640|山东|滨|邹平,明思宗崇祯十三年,无,《长山县志》,无,保留,"v1,v2,v5,v6","v1,v2,v5,v6",4,0.5714,是,,邹平县：闰正月元日，雷电，雨雪盈尺。二月，日出如血，大风霾。六月，日出人时赤如血。连岁旱饥，人相食。——康熙五十五年《长山县志》卷七灾祥,邹平县：闰正月元日，雷电，雨雪盈尺。二月，日出如血，大风霾。六月，日出人时赤如血。连岁旱饥，人相食。——康熙五十五年《长山县志》卷七灾祥,,,邹平县：闰正月元日，雷电，雨雪盈尺。二月，日出如血，大风霾。六月，日出人时赤如血。连岁旱饥，人相食。——康熙五十五年《长山县志》卷七灾祥,邹平县：闰正月元日，雷电，雨雪盈尺。二月，日出如血，大风霾。六月，日出人时赤如血。连岁旱饥，人相食。——康熙五十五年《长山县志》卷七灾祥,
1640,山西,,长治县,1640|山西|长治,明思宗崇祯十三年,无,《长治县志》,无,保留,"v1,v2,v3","v1,v2,v3",3,0.4286,是,,长治县：春不雨，四月不雨，六月不雨。岁大饥，斗米银七钱，人相残食，僻巷荒郊无敢独行者。漳河竭。——乾隆《长治县志》卷二十一祥异,长治县：春不雨，四月不雨，六月不雨。岁大饥，斗米银七钱，人相残食，僻巷荒郊无敢独行者。漳河竭。——乾隆《长治县志》卷二十一祥异,长治县：春不雨，四月不雨，六月不雨。岁大饥，斗米银七钱，人相残食，僻巷荒郊无敢独行者。漳河竭。——乾隆《长治县志》卷二十一祥异,,,,
1640,山东,济南市,长清县,1640|山东|济南|长清,明思宗崇祯十三年,无,《长清县志》,无,保留,"v1,v2,v5,v6","v1,v2,v5,v6",4,0.5714,是,,长清县：大旱，人相食。——康熙《长清县志》卷十四灾祥,长清县：大旱，人相食。——康熙《长清县志》卷十四灾祥,,,长清县：大旱，人相食。——康熙《长清县志》卷十四灾祥,长清县：大旱，人相食。——康熙《长清县志》卷十四灾祥,
1640,山西,,闻喜县,1640|山西|闻喜,明思宗崇祯十三年,无,《闻喜县志》,无,需进一步分析,v7,v7,1,0.1429,否,"同类 record 存在于 v1,v2,v3,v4,v5,v6,v7；本条仅存在于 v7；占比 14.3%",,,,,,,闻喜县：大饥，邑境斗米银八钱，人相食，城中居民黄昏不敢独出。知县李严申禁令，日毙数人于市，食人者稍息。次年，麦秋乃安。
1640,山西,运城市,闻喜县,1640|山西|运城|闻喜,明思宗崇祯十三年,无,《闻喜县志》,无,保留,"v1,v2,v3,v4,v5","v1,v2,v3,v4,v5",5,0.7143,是,,闻喜县：大饥，邑境斗米银八钱，人相食，城中居民黄昏不敢独出。知县李严申禁令，日毙数人于市，食人者稍息。次年，麦秋乃安。——民国《闻喜县志》卷二十四旧闻（1591）,闻喜县：大饥，邑境斗米银八钱，人相食，城中居民黄昏不敢独出。知县李严申禁令，日毙数人于市，食人者稍息。次年，麦秋乃安。——民国《闻喜县志》卷二十四旧闻（1591）,闻喜县：大饥，邑境斗米银八钱，人相食，城中居民黄昏不敢独出。知县李严申禁令，日毙数人于市，食人者稍息。次年，麦秋乃安。——民国《闻喜县志》卷二十四旧闻（1591）,闻喜县：大饥，邑境斗米银八钱，人相食，城中居民黄昏不敢独出。知县李严申禁令，日毙数人于市，食人者稍息。次年，麦秋乃安。——民国《闻喜县志》卷二十四旧闻（1591）,闻喜县：大饥，邑境斗米银八钱，人相食，城中居民黄昏不敢独出。知县李严申禁令，日毙数人于市，食人者稍息。次年，麦秋乃安。——民国《闻喜县志》卷二十四旧闻（1591）,,
1640,河南,三门峡市,灵宝市,1640|河南|三门峡|灵宝,明思宗崇祯十三年,阌乡,《阌乡县志》,阌乡为推测，原文为古代地名阌乡,保留,"v1,v2,v3,v4,v5,v6,v7","v1,v2,v3,v4,v5,v6,v7",7,1.0,是,,灵宝县：夏旱，蝗蛹生，食禾殆尽。斗米二两五钱，人相食。冬无雪。——顺治《阌乡县志》卷一灾祥,灵宝县：夏旱，蝗蛹生，食禾殆尽。斗米二两五钱，人相食。冬无雪。——顺治《阌乡县志》卷一灾祥,灵宝县：夏旱，蝗蛹生，食禾殆尽。斗米二两五钱，人相食。冬无雪。——顺治《阌乡县志》卷一灾祥,灵宝县：夏旱，蝗蛹生，食禾殆尽。斗米二两五钱，人相食。冬无雪。——顺治《阌乡县志》卷一灾祥,灵宝县：夏旱，蝗蛹生，食禾殆尽。斗米二两五钱，人相食。冬无雪。——顺治《阌乡县志》卷一灾祥,灵宝县：夏旱，蝗蛹生，食禾殆尽。斗米二两五钱，人相食。冬无雪。——顺治《阌乡县志》卷一灾祥,灵宝县：夏旱，蝗蛹生，食禾殆尽。斗米二两五钱，人相食。冬无雪。——顺治《阌乡县志》卷一灾祥
1640,山西,,阳城县,1640|山西|阳城,明思宗崇祯十三年,无,《阳城县志》,无,保留,"v1,v2,v3","v1,v2,v3",3,0.4286,是,,阳城县：夏无麦，秋无禾，人相食，骸骨遍地。——顺治《阳城县志》卷七祥异,阳城县：夏无麦，秋无禾，人相食，骸骨遍地。——顺治《阳城县志》卷七祥异,阳城县：夏无麦，秋无禾，人相食，骸骨遍地。——顺治《阳城县志》卷七祥异,,,,
1640,山东,聊城市,阳谷县,1640|山东|聊城|阳谷,明思宗崇祯十三年,无,《阳谷县志》,无,保留,"v1,v2,v4,v5","v1,v2,v4,v5",4,0.5714,是,,阳谷县：大饥，人相食。甚有食死尸，至于父子夫妇生烹而食者。——康熙十二年《阳谷县志》卷四灾异,阳谷县：大饥，人相食。甚有食死尸，至于父子夫妇生烹而食者。——康熙十二年《阳谷县志》卷四灾异,,阳谷县：大饥，人相食。甚有食死尸，至于父子夫妇生烹而食者。——康熙十二年《阳谷县志》卷四灾异,阳谷县：大饥，人相食。甚有食死尸，至于父子夫妇生烹而食者。——康熙十二年《阳谷县志》卷四灾异,,
1640,甘肃,陇南市,武都县,1640|甘肃|陇南|武都,明思宗崇祯十三年,无,《阶州志》,无,保留,"v1,v2,v5,v6","v1,v2,v5,v6",4,0.5714,是,,武都县：岁大饥，百姓死亡无算，西门城外掘万人坑，甚至人相食。太守王询申请赈济，全活甚众。——康熙《阶州志》灾祥,武都县：岁大饥，百姓死亡无算，西门城外掘万人坑，甚至人相食。太守王询申请赈济，全活甚众。——康熙《阶州志》灾祥,,,武都县：岁大饥，百姓死亡无算，西门城外掘万人坑，甚至人相食。太守王询申请赈济，全活甚众。——康熙《阶州志》灾祥,武都县：岁大饥，百姓死亡无算，西门城外掘万人坑，甚至人相食。太守王询申请赈济，全活甚众。——康熙《阶州志》灾祥,
1640,甘肃,,陇西县,1640|甘肃|陇西,明思宗崇祯十三年,无,《陇西县志》,无,需进一步分析,v7,v7,1,0.1429,否,"同类 record 存在于 v1,v2,v3,v4,v5,v6,v7；本条仅存在于 v7；占比 14.3%",,,,,,,陇西县：秋大旱，饥。十月，栗价腾贵，斗米三百钱。次年春，价至十倍，绝籴罢市。木皮石面皆食尽，父子夫妇相割啖，十死八九，道瘞相望。
1640,甘肃,定西市,陇西县,1640|甘肃|定西|陇西,明思宗崇祯十三年,无,《陇西县志》,无,保留,"v1,v2,v3,v4,v5,v6","v1,v2,v3,v4,v5,v6",6,0.8571,是,,陇西县：秋大旱，饥。十月，栗价腾贵，斗米三百钱。次年春，价至十倍，绝籴罢市。木皮石面皆食尽，父子夫妇相割啖，十死八九，道瘞相望。——乾隆《陇西县志》卷十二祥异,陇西县：秋大旱，饥。十月，栗价腾贵，斗米三百钱。次年春，价至十倍，绝籴罢市。木皮石面皆食尽，父子夫妇相割啖，十死八九，道瘞相望。——乾隆《陇西县志》卷十二祥异,陇西县：秋大旱，饥。十月，栗价腾贵，斗米三百钱。次年春，价至十倍，绝籴罢市。木皮石面皆食尽，父子夫妇相割啖，十死八九，道瘞相望。——乾隆《陇西县志》卷十二祥异,陇西县：秋大旱，饥。十月，栗价腾贵，斗米三百钱。次年春，价至十倍，绝籴罢市。木皮石面皆食尽，父子夫妇相割啖，十死八九，道瘞相望。——乾隆《陇西县志》卷十二祥异,陇西县：秋大旱，饥。十月，栗价腾贵，斗米三百钱。次年春，价至十倍，绝籴罢市。木皮石面皆食尽，父子夫妇相割啖，十死八九，道瘞相望。——乾隆《陇西县志》卷十二祥异,陇西县：秋大旱，饥。十月，栗价腾贵，斗米三百钱。次年春，价至十倍，绝籴罢市。木皮石面皆食尽，父子夫妇相割啖，十死八九，道瘞相望。——乾隆《陇西县志》卷十二祥异,
1640,河南,周口市,淮阳县,1640|河南|周口|淮阳,明思宗崇祯十三年,无,《陈州府志》,无,保留,"v1,v2,v3,v4,v5,v6,v7","v1,v2,v3,v4,v5,v6,v7",7,1.0,是,,淮阳县：人相食。——乾隆《陈州府志》卷三十杂志,淮阳县：人相食。——乾隆《陈州府志》卷三十杂志,淮阳县：人相食。——乾隆《陈州府志》卷三十杂志,淮阳县：人相食。——乾隆《陈州府志》卷三十杂志,淮阳县：人相食。——乾隆《陈州府志》卷三十杂志,淮阳县：人相食。——乾隆《陈州府志》卷三十杂志,淮阳县：人相食。——乾隆《陈州府志》卷三十杂志
1640,河南,周口市,扶沟县,1640|河南|周口|扶沟,明思宗崇祯十三年,无,《陈州府志》,无,保留,"v1,v2,v3,v4,v5,v6,v7","v1,v2,v3,v4,v5,v6,v7",7,1.0,是,,扶沟县：自六月不雨至十二月，禾尽槁。八月二十三日，严霜杀物。是年，秋冬大饥，斗米三千余钱，饿殍载道，土寇蜂起，母食其子、妻烹其夫，于是树皮尽白，野菜草根继之，白骨如莽，城守戒严，道路遂阻。——乾隆《陈州府志》卷三十杂志,扶沟县：自六月不雨至十二月，禾尽槁。八月二十三日，严霜杀物。是年，秋冬大饥，斗米三千余钱，饿殍载道，土寇蜂起，母食其子、妻烹其夫，于是树皮尽白，野菜草根继之，白骨如莽，城守戒严，道路遂阻。——乾隆《陈州府志》卷三十杂志,扶沟县：自六月不雨至十二月，禾尽槁。八月二十三日，严霜杀物。是年，秋冬大饥，斗米三千余钱，饿殍载道，土寇蜂起，母食其子、妻烹其夫，于是树皮尽白，野菜草根继之，白骨如莽，城守戒严，道路遂阻。——乾隆《陈州府志》卷三十杂志,扶沟县：自六月不雨至十二月，禾尽槁。八月二十三日，严霜杀物。是年，秋冬大饥，斗米三千余钱，饿殍载道，土寇蜂起，母食其子、妻烹其夫，于是树皮尽白，野菜草根继之，白骨如莽，城守戒严，道路遂阻。——乾隆《陈州府志》卷三十杂志,扶沟县：自六月不雨至十二月，禾尽槁。八月二十三日，严霜杀物。是年，秋冬大饥，斗米三千余钱，饿殍载道，土寇蜂起，母食其子、妻烹其夫，于是树皮尽白，野菜草根继之，白骨如莽，城守戒严，道路遂阻。——乾隆《陈州府志》卷三十杂志,扶沟县：自六月不雨至十二月，禾尽槁。八月二十三日，严霜杀物。是年，秋冬大饥，斗米三千余钱，饿殍载道，土寇蜂起，母食其子、妻烹其夫，于是树皮尽白，野菜草根继之，白骨如莽，城守戒严，道路遂阻。——乾隆《陈州府志》卷三十杂志,扶沟县：自六月不雨至十二月，禾尽槁。八月二十三日，严霜杀物。是年，秋冬大饥，斗米三千余钱，饿殍载道，土寇蜂起，母食其子、妻烹其夫，于是树皮尽白，野菜草根继之，白骨如莽，城守戒严，道路遂阻。——乾隆《陈州府志》卷三十杂志
1640,河南,三门峡市,,1640|河南|三门峡,明思宗崇祯十三年,无,《陕州志》,无,保留,v7,v7,1,0.1429,是,,,,,,,,三门峡市：自春至秋不雨，野无青草，米麦斗值钱五千，次年春又倍。父子、兄弟、夫妇相食，亘古罕闻。夏又大疫，存者百无一二。——顺治《陕州志》卷四灾样
1640,河南,三门峡市,,1640|河南|三门峡,明思宗崇祯十三年,陕州,《陕州志》,无,保留,"v1,v2,v3,v4,v5,v6","v1,v2,v3,v4,v5,v6",6,0.8571,是,,三门峡市：自春至秋不雨，野无青草，米麦斗值钱五千，次年春又倍。父子、兄弟、夫妇相食，亘古罕闻。夏又大疫，存者百无一二。——顺治《陕州志》卷四灾样,三门峡市：自春至秋不雨，野无青草，米麦斗值钱五千，次年春又倍。父子、兄弟、夫妇相食，亘古罕闻。夏又大疫，存者百无一二。——顺治《陕州志》卷四灾样,三门峡市：自春至秋不雨，野无青草，米麦斗值钱五千，次年春又倍。父子、兄弟、夫妇相食，亘古罕闻。夏又大疫，存者百无一二。——顺治《陕州志》卷四灾样,三门峡市：自春至秋不雨，野无青草，米麦斗值钱五千，次年春又倍。父子、兄弟、夫妇相食，亘古罕闻。夏又大疫，存者百无一二。——顺治《陕州志》卷四灾样,三门峡市：自春至秋不雨，野无青草，米麦斗值钱五千，次年春又倍。父子、兄弟、夫妇相食，亘古罕闻。夏又大疫，存者百无一二。——顺治《陕州志》卷四灾样,三门峡市：自春至秋不雨，野无青草，米麦斗值钱五千，次年春又倍。父子、兄弟、夫妇相食，亘古罕闻。夏又大疫，存者百无一二。——顺治《陕州志》卷四灾样,
1640,陕西,,,1640|陕西,明思宗崇祯十三年,无,《陕西通志》,全陕泛指，多省泛指，原文无具体县名，按规则不提取,保留,"v1,v3","v1,v3",2,0.2857,是,,五月至七月，每晨天红如赭。秋，全陕大旱，饥。十月，栗价腾涌，日贵一日，斗米三钱，至次年春十倍其值。绝枭罢市，木皮石面皆食尽，父子夫妇相割啖，道殛重积，十死八九。——康熙六年《陕西通志》卷三十祥异,,五月至七月，每晨天红如赭。秋，全陕大旱，饥。十月，栗价腾涌，日贵一日，斗米三钱，至次年春十倍其值。绝枭罢市，木皮石面皆食尽，父子夫妇相割啖，道殛重积，十死八九。——康熙六年《陕西通志》卷三十祥异,,,,
1640,山西,,陵川县,1640|山西|陵川,明思宗崇祯十三年,无,《陵川县志》,无,需进一步分析,v7,v7,1,0.1429,否,"同类 record 存在于 v1,v2,v3,v4,v5,v6,v7；本条仅存在于 v7；占比 14.3%",,,,,,,陵川县：旱祲，斗米一千钱。士民相食，尸骸遍野。
1640,山西,晋城市,陵川县,1640|山西|晋城|陵川,明思宗崇祯十三年,无,《陵川县志》,无,保留,"v1,v2,v3,v4,v5,v6","v1,v2,v3,v4,v5,v6",6,0.8571,是,,陵川县：旱祲，斗米一千钱。士民相食，尸骸遍野。——康熙《陵川县志》卷六祥异,陵川县：旱祲，斗米一千钱。士民相食，尸骸遍野。——康熙《陵川县志》卷六祥异,陵川县：旱祲，斗米一千钱。士民相食，尸骸遍野。——康熙《陵川县志》卷六祥异,陵川县：旱祲，斗米一千钱。士民相食，尸骸遍野。——康熙《陵川县志》卷六祥异,陵川县：旱祲，斗米一千钱。士民相食，尸骸遍野。——康熙《陵川县志》卷六祥异,陵川县：旱祲，斗米一千钱。士民相食，尸骸遍野。——康熙《陵川县志》卷六祥异,
1640,宁夏,,隆德县,1640|宁夏|隆德,明思宗崇祯十三年,无,《隆德县志》,无,保留,"v2,v5,v6","v2,v5,v6",3,0.4286,是,,,隆德县：不雨，自四月至秋八月。飞蝗蔽天，大饥，父子相食。——康熙《隆德县志》卷下,,,隆德县：不雨，自四月至秋八月。飞蝗蔽天，大饥，父子相食。——康熙《隆德县志》卷下,隆德县：不雨，自四月至秋八月。飞蝗蔽天，大饥，父子相食。——康熙《隆德县志》卷下,
1640,河北,,雄县,1640|河北|雄,明思宗崇祯十三年,无,《雄乘》,无,保留,"v1,v2,v3","v1,v2,v3",3,0.4286,是,,雄县：夏秋大旱，荒歉，斗粟一两，道瘞相望，人相食。——康熙《雄乘》卷中祥异,雄县：夏秋大旱，荒歉，斗粟一两，道瘞相望，人相食。——康熙《雄乘》卷中祥异,雄县：夏秋大旱，荒歉，斗粟一两，道瘞相望，人相食。——康熙《雄乘》卷中祥异,,,,
1640,陕西,商洛市,洛南县,1640|陕西|商洛|洛南,明思宗崇祯十三年,无,《雍南县志》,无,保留,"v1,v2,v3,v5,v6","v1,v2,v3,v5,v6",5,0.7143,是,,洛南县：十三、四年连饥，斗米二金，人相食。——康熙《雍南县志》卷七灾祥,洛南县：十三、四年连饥，斗米二金，人相食。——康熙《雍南县志》卷七灾祥,洛南县：十三、四年连饥，斗米二金，人相食。——康熙《雍南县志》卷七灾祥,,洛南县：十三、四年连饥，斗米二金，人相食。——康熙《雍南县志》卷七灾祥,洛南县：十三、四年连饥，斗米二金，人相食。——康熙《雍南县志》卷七灾祥,
1640,安徽,阜阳市,霍邱县,1640|安徽|阜阳|霍邱,明思宗崇祯十三年,无,《霍邱县志》,无,保留,"v1,v2,v4,v5","v1,v2,v4,v5",4,0.5714,是,,霍邱县：旱，蝗。大饥，斗米千钱，人至相食。——康熙《霍邱县志》卷二十灾祥,霍邱县：旱，蝗。大饥，斗米千钱，人至相食。——康熙《霍邱县志》卷二十灾祥,,霍邱县：旱，蝗。大饥，斗米千钱，人至相食。——康熙《霍邱县志》卷二十灾祥,霍邱县：旱，蝗。大饥，斗米千钱，人至相食。——康熙《霍邱县志》卷二十灾祥,,
1640,河北,,青县,1640|河北|青,明思宗崇祯十三年,无,《青县志》,无,保留,"v1,v2,v3","v1,v2,v3",3,0.4286,是,,青县：自春不雨，至七月初二日始雨。旱，蝗。斗米值银一两五钱，人相食。——嘉庆《青县志》卷六祥异,青县：自春不雨，至七月初二日始雨。旱，蝗。斗米值银一两五钱，人相食。——嘉庆《青县志》卷六祥异,青县：自春不雨，至七月初二日始雨。旱，蝗。斗米值银一两五钱，人相食。——嘉庆《青县志》卷六祥异,,,,
1640,陕西,,韩城市,1640|陕西|韩城,明思宗崇祯十三年,无,《韩城县续志》,无,需进一步分析,v7,v7,1,0.1429,否,"同类 record 存在于 v1,v2,v3,v4,v5,v6,v7；本条仅存在于 v7；占比 14.3%",,,,,,,韩城市：大旱，斗米一两三钱，人相食。
1640,陕西,渭南市,韩城市,1640|陕西|渭南|韩城,明思宗崇祯十三年,无,《韩城县续志》,无,保留,"v1,v2,v3,v4,v5,v6","v1,v2,v3,v4,v5,v6",6,0.8571,是,,韩城市：大旱，斗米一两三钱，人相食。——康熙《韩城县续志》卷七祥异,韩城市：大旱，斗米一两三钱，人相食。——康熙《韩城县续志》卷七祥异,韩城市：大旱，斗米一两三钱，人相食。——康熙《韩城县续志》卷七祥异,韩城市：大旱，斗米一两三钱，人相食。——康熙《韩城县续志》卷七祥异,韩城市：大旱，斗米一两三钱，人相食。——康熙《韩城县续志》卷七祥异,韩城市：大旱，斗米一两三钱，人相食。——康熙《韩城县续志》卷七祥异,
1640,河南,周口市,项城市,1640|河南|周口|项城,明思宗崇祯十三年,项城县,《项城县志》,项城县为推测，原文为古代地名项城县,保留,"v1,v2,v3,v4,v5,v6,v7","v1,v2,v3,v4,v5,v6,v7",7,1.0,是,,项城县：大饥，道馑相望，人相食。——顺治《项城县志》卷八灾祥,项城县：大饥，道馑相望，人相食。——顺治《项城县志》卷八灾祥,项城县：大饥，道馑相望，人相食。——顺治《项城县志》卷八灾祥,项城县：大饥，道馑相望，人相食。——顺治《项城县志》卷八灾祥,项城县：大饥，道馑相望，人相食。——顺治《项城县志》卷八灾祥,项城县：大饥，道馑相望，人相食。——顺治《项城县志》卷八灾祥,项城县：大饥，道馑相望，人相食。——顺治《项城县志》卷八灾祥
1640,安徽,阜阳市,颍上县,1640|安徽|阜阳|颍上,明思宗崇祯十三年,无,《颍上县志》,无,保留,"v1,v2,v4,v5","v1,v2,v4,v5",4,0.5714,是,,颍上县：大饥，禾稼不登斗米千文，人多相食。——顺治《颍上县志》卷十一灾祥,颍上县：大饥，禾稼不登斗米千文，人多相食。——顺治《颍上县志》卷十一灾祥,,颍上县：大饥，禾稼不登斗米千文，人多相食。——顺治《颍上县志》卷十一灾祥,颍上县：大饥，禾稼不登斗米千文，人多相食。——顺治《颍上县志》卷十一灾祥,,
1640,河北,,馆陶县,1640|河北|馆陶,明思宗崇祯十三年,无,《馆陶县志》,无,保留,"v1,v2,v3","v1,v2,v3",3,0.4286,是,,馆陶县：岁大饥，人相食。——康熙《馆陶县志》卷十二灾祥,馆陶县：岁大饥，人相食。——康熙《馆陶县志》卷十二灾祥,馆陶县：岁大饥，人相食。——康熙《馆陶县志》卷十二灾祥,,,,
1640,山东,聊城市,高唐县,1640|山东|聊城|高唐,明思宗崇祯十三年,无,《高唐州志》,无,保留,"v1,v2,v4,v5","v1,v2,v4,v5",4,0.5714,是,,高唐县：春微雨，夏至秋亢旱不雨，禾黍尽干，一粒弗获。斗米千钱，草根树皮一望皆尽，至父子相食，妻孥不保，死者相枕藉，鸡犬无声，真亘古奇荒也。大率阖州百姓饥死者十之七八，病瘟及流亡在外者十之一二。——康熙十二年《高唐州志》卷九灾异,高唐县：春微雨，夏至秋亢旱不雨，禾黍尽干，一粒弗获。斗米千钱，草根树皮一望皆尽，至父子相食，妻孥不保，死者相枕藉，鸡犬无声，真亘古奇荒也。大率阖州百姓饥死者十之七八，病瘟及流亡在外者十之一二。——康熙十二年《高唐州志》卷九灾异,,高唐县：春微雨，夏至秋亢旱不雨，禾黍尽干，一粒弗获。斗米千钱，草根树皮一望皆尽，至父子相食，妻孥不保，死者相枕藉，鸡犬无声，真亘古奇荒也。大率阖州百姓饥死者十之七八，病瘟及流亡在外者十之一二。——康熙十二年《高唐州志》卷九灾异,高唐县：春微雨，夏至秋亢旱不雨，禾黍尽干，一粒弗获。斗米千钱，草根树皮一望皆尽，至父子相食，妻孥不保，死者相枕藉，鸡犬无声，真亘古奇荒也。大率阖州百姓饥死者十之七八，病瘟及流亡在外者十之一二。——康熙十二年《高唐州志》卷九灾异,,
1640,山东,潍坊市,高密县,1640|山东|潍坊|高密,明思宗崇祯十三年,无,《高密县志》,无,保留,"v1,v2,v5,v6","v1,v2,v5,v6",4,0.5714,是,,高密县：旱，蝗。大饥，人相食。——康熙《高密县志》卷九祥异,高密县：旱，蝗。大饥，人相食。——康熙《高密县志》卷九祥异,,,高密县：旱，蝗。大饥，人相食。——康熙《高密县志》卷九祥异,高密县：旱，蝗。大饥，人相食。——康熙《高密县志》卷九祥异,
1640,山西,,高平县,1640|山西|高平,明思宗崇祯十三年,无,《高平县志》,无,保留,"v1,v2,v3","v1,v2,v3",3,0.4286,是,,高平县：旱，蝗。大饥，人相食。夏旱甚，秋无禾稼，飞蝗蔽野，食树叶几尽。——冬至，喙生不绝，入人家，与民争熟食。越明年春，析骸炊子，惨不忍闻。——顺治《高平县志》卷九祥异,高平县：旱，蝗。大饥，人相食。夏旱甚，秋无禾稼，飞蝗蔽野，食树叶几尽。——冬至，喙生不绝，入人家，与民争熟食。越明年春，析骸炊子，惨不忍闻。——顺治《高平县志》卷九祥异,高平县：旱，蝗。大饥，人相食。夏旱甚，秋无禾稼，飞蝗蔽野，食树叶几尽。——冬至，喙生不绝，入人家，与民争熟食。越明年春，析骸炊子，惨不忍闻。——顺治《高平县志》卷九祥异,,,,
1640,河北,,高邑县,1640|河北|高邑,明思宗崇祯十三年,无,《高邑县志》,无,保留,"v1,v2,v3","v1,v2,v3",3,0.4286,是,,高邑县：岁大饥，民剥树皮，掘草根以食，至有人相食者。——康熙《高邑县志》卷中灾异,高邑县：岁大饥，民剥树皮，掘草根以食，至有人相食者。——康熙《高邑县志》卷中灾异,高邑县：岁大饥，民剥树皮，掘草根以食，至有人相食者。——康熙《高邑县志》卷中灾异,,,,
1640,陕西,,高陵县,1640|陕西|高陵,明思宗崇祯十三年,无,《高陵县志》,无,需进一步分析,v7,v7,1,0.1429,否,"同类 record 存在于 v1,v2,v3,v4,v5,v6,v7；本条仅存在于 v7；占比 14.3%",,,,,,,高陵县：大旱，饥。十月，斗米三钱，至次年春十倍其值，木皮皆尽，父子夫妇相刈啖。
1640,陕西,西安市,高陵县,1640|陕西|西安|高陵,明思宗崇祯十三年,无,《高陵县志》,无,保留,"v1,v2,v3,v4,v5,v6","v1,v2,v3,v4,v5,v6",6,0.8571,是,,高陵县：大旱，饥。十月，斗米三钱，至次年春十倍其值，木皮皆尽，父子夫妇相刈啖。——雍正《高陵县志》卷四祥异,高陵县：大旱，饥。十月，斗米三钱，至次年春十倍其值，木皮皆尽，父子夫妇相刈啖。——雍正《高陵县志》卷四祥异,高陵县：大旱，饥。十月，斗米三钱，至次年春十倍其值，木皮皆尽，父子夫妇相刈啖。——雍正《高陵县志》卷四祥异,高陵县：大旱，饥。十月，斗米三钱，至次年春十倍其值，木皮皆尽，父子夫妇相刈啖。——雍正《高陵县志》卷四祥异,高陵县：大旱，饥。十月，斗米三钱，至次年春十倍其值，木皮皆尽，父子夫妇相刈啖。——雍正《高陵县志》卷四祥异,高陵县：大旱，饥。十月，斗米三钱，至次年春十倍其值，木皮皆尽，父子夫妇相刈啖。——雍正《高陵县志》卷四祥异,
1640,河南,平顶山市,鲁山县,1640|河南|平顶山|鲁山,明思宗崇祯十三年,无,《鲁山县全志》,无,保留,"v1,v2,v3,v4,v5,v6,v7","v1,v2,v3,v4,v5,v6,v7",7,1.0,是,,鲁山县：大旱，蝗。米价金余一斗，父子相食，土贼蜂起。——乾隆《鲁山县全志》卷九祥异,鲁山县：大旱，蝗。米价金余一斗，父子相食，土贼蜂起。——乾隆《鲁山县全志》卷九祥异,鲁山县：大旱，蝗。米价金余一斗，父子相食，土贼蜂起。——乾隆《鲁山县全志》卷九祥异,鲁山县：大旱，蝗。米价金余一斗，父子相食，土贼蜂起。——乾隆《鲁山县全志》卷九祥异,鲁山县：大旱，蝗。米价金余一斗，父子相食，土贼蜂起。——乾隆《鲁山县全志》卷九祥异,鲁山县：大旱，蝗。米价金余一斗，父子相食，土贼蜂起。——乾隆《鲁山县全志》卷九祥异,鲁山县：大旱，蝗。米价金余一斗，父子相食，土贼蜂起。——乾隆《鲁山县全志》卷九祥异
1640,河南,周口市,鹿邑县,1640|河南|周口|鹿邑,明思宗崇祯十三年,无,《鹿邑县志》,无,保留,"v1,v2,v3,v4,v5,v6,v7","v1,v2,v3,v4,v5,v6,v7",7,1.0,是,,鹿邑县：春大饥，人相食。——康熙《鹿邑县志》卷八灾祥,鹿邑县：春大饥，人相食。——康熙《鹿邑县志》卷八灾祥,鹿邑县：春大饥，人相食。——康熙《鹿邑县志》卷八灾祥,鹿邑县：春大饥，人相食。——康熙《鹿邑县志》卷八灾祥,鹿邑县：春大饥，人相食。——康熙《鹿邑县志》卷八灾祥,鹿邑县：春大饥，人相食。——康熙《鹿邑县志》卷八灾祥,鹿邑县：春大饥，人相食。——康熙《鹿邑县志》卷八灾祥
1640,陕西,,麟游县,1640|陕西|麟游,明思宗崇祯十三年,无,《麟游县志》,无,需进一步分析,v7,v7,1,0.1429,否,"同类 record 存在于 v1,v2,v3,v4,v5,v6,v7；本条仅存在于 v7；占比 14.3%",,,,,,,麟游县：复大旱，蝗。岁大歉，比冬人相食。
1640,陕西,宝鸡市,麟游县,1640|陕西|宝鸡|麟游,明思宗崇祯十三年,无,《麟游县志》,无,保留,"v1,v2,v3,v4,v5,v6","v1,v2,v3,v4,v5,v6",6,0.8571,是,,麟游县：复大旱，蝗。岁大歉，比冬人相食。——顺治《麟游县志》卷一灾祥,麟游县：复大旱，蝗。岁大歉，比冬人相食。——顺治《麟游县志》卷一灾祥,麟游县：复大旱，蝗。岁大歉，比冬人相食。——顺治《麟游县志》卷一灾祥,麟游县：复大旱，蝗。岁大歉，比冬人相食。——顺治《麟游县志》卷一灾祥,麟游县：复大旱，蝗。岁大歉，比冬人相食。——顺治《麟游县志》卷一灾祥,麟游县：复大旱，蝗。岁大歉，比冬人相食。——顺治《麟游县志》卷一灾祥,
1640,湖北,麻城市,麻城市,1640|湖北|麻城|麻城,明思宗崇祯十三年,无,《麻城县志》,无,保留,"v1,v2,v3,v4,v5,v6,v7","v1,v2,v3,v4,v5,v6,v7",7,1.0,是,,麻城市：十三、十四年旱，蝗飞，疫游臻。米价腾涌，饥，人相食。——康熙《麻城县志》卷三灾异,麻城市：十三、十四年旱，蝗飞，疫游臻。米价腾涌，饥，人相食。——康熙《麻城县志》卷三灾异,麻城市：十三、十四年旱，蝗飞，疫游臻。米价腾涌，饥，人相食。——康熙《麻城县志》卷三灾异,麻城市：十三、十四年旱，蝗飞，疫游臻。米价腾涌，饥，人相食。——康熙《麻城县志》卷三灾异,麻城市：十三、十四年旱，蝗飞，疫游臻。米价腾涌，饥，人相食。——康熙《麻城县志》卷三灾异,麻城市：十三、十四年旱，蝗飞，疫游臻。米价腾涌，饥，人相食。——康熙《麻城县志》卷三灾异,麻城市：十三、十四年旱，蝗飞，疫游臻。米价腾涌，饥，人相食。——康熙《麻城县志》卷三灾异
1640,山西,,黎城县,1640|山西|黎城,明思宗崇祯十三年,无,《黎城县志》,无,保留,"v1,v2,v3","v1,v2,v3",3,0.4286,是,,黎城县：自春徂夏，不雨。岁大饥，人相食，时斗米银五钱，虽父子兄弟夫妇互相杀食，僻径荒郊无敢独行者。——康熙《黎城县志》卷二纪事,黎城县：自春徂夏，不雨。岁大饥，人相食，时斗米银五钱，虽父子兄弟夫妇互相杀食，僻径荒郊无敢独行者。——康熙《黎城县志》卷二纪事,黎城县：自春徂夏，不雨。岁大饥，人相食，时斗米银五钱，虽父子兄弟夫妇互相杀食，僻径荒郊无敢独行者。——康熙《黎城县志》卷二纪事,,,,
1640,山东,,齐河县,1640|山东|齐河,明思宗崇祯十三年,无,《齐河县志》,无,保留,v5,v5,1,0.1429,是,,,,,,齐河县：蝗，旱，绵虫。大饥，人相食。土地荒芜，村落丘墟，斗米银一两余。——康熙《齐河县志》卷六灾异,,
1640,山东,德州市,齐河县,1640|山东|德|齐河,明思宗崇祯十三年,无,《齐河县志》,无,保留,"v1,v2,v6","v1,v2,v6",3,0.4286,是,,齐河县：蝗，旱，绵虫。大饥，人相食。土地荒芜，村落丘墟，斗米银一两余。——康熙《齐河县志》卷六灾祥,齐河县：蝗，旱，绵虫。大饥，人相食。土地荒芜，村落丘墟，斗米银一两余。——康熙《齐河县志》卷六灾祥,,,,齐河县：蝗，旱，绵虫。大饥，人相食。土地荒芜，村落丘墟，斗米银一两余。——康熙《齐河县志》卷六灾祥,
1640,河北,,赤城县,1640|河北|赤城,明思宗崇祯十三年,无,《龙门县志》,无,保留,"v1,v2,v3","v1,v2,v3",3,0.4286,是,,赤城县：夏大旱。六月，陨霜，禾稼尽死。大饥，人相食。——康熙《龙门县志》卷二灾祥,赤城县：夏大旱。六月，陨霜，禾稼尽死。大饥，人相食。——康熙《龙门县志》卷二灾祥,赤城县：夏大旱。六月，陨霜，禾稼尽死。大饥，人相食。——康熙《龙门县志》卷二灾祥,,,,
1640,河北,,东光县,1640|河北|东光,明思宗崇祯十三年,无,东光县志,无,保留,v6,v6,1,0.1429,是,,,,,,,东光县：旱，蝗。斗米价银两余，人相食，只身不敢路行。——康熙《东光县志》卷一礫祥,
1640,江苏,盐城,东台县,1640|江苏|盐城|东台,明思宗崇祯十三年,无,东台县志,无,保留,"v3,v6,v7","v3,v6,v7",3,0.4286,是,,,,东台县：四月至七月不雨，蝗复至，飞盈衢市，屋草靡遗。民大饥，人相食。——嘉庆《东台县志》卷七祥异,,,东台县：四月至七月不雨，蝗复至，飞盈衢市，屋草靡遗。民大饥，人相食。——嘉庆《东台县志》卷七祥异,东台县：四月至七月不雨，蝗复至，飞盈衢市，屋草靡遗。民大饥，人相食。——嘉庆《东台县志》卷七祥异
1640,江苏,徐州,丰县,1640|江苏|徐|丰,明思宗崇祯十三年,无,丰县志,无,需进一步分析,"v6,v7","v6,v7",2,0.2857,否,"同类 record 存在于 v1,v2,v3,v4,v5,v6,v7；本条仅存在于 v6,v7；占比 28.6%",,,,,,丰县：大旱。…民大饥，斗米一金。人相食，所在流亡，或以妇子易钱百文，饭一餐，去不复顾。——顺治《新修丰县志》卷九灾祥,丰县：大旱。…民大饥，斗米一金。人相食，所在流亡，或以妇子易钱百文，饭一餐，去不复顾。——顺治《新修丰县志》卷九灾祥
1640,河北,,临城县,1640|河北|临城,明思宗崇祯十三年,无,临城县志,无,保留,v6,v6,1,0.1429,是,,,,,,,临城县：大旱，虫蝗。时斗米千钱，民剥树皮以食，祖孙父子夫妻俱有相食者。——康熙三十年《临城县志》卷八禨祥,
1640,浙江,杭州,临安县,1640|浙江|杭|临安,明思宗崇祯十三年,无,临安县志,无,保留,"v3,v6,v7","v3,v6,v7",3,0.4286,是,,,,临安县：大饥。人相食，流离载道，罗雀掘鼠，草根树皮俱尽，死者枕藉。庆云枭民陈廿八杀人以食，事露，死于法。——宣统《临安县志》卷一祥异,,,临安县：大饥。人相食，流离载道，罗雀掘鼠，草根树皮俱尽，死者枕藉。庆云枭民陈廿八杀人以食，事露，死于法。——宣统《临安县志》卷一祥异,临安县：大饥。人相食，流离载道，罗雀掘鼠，草根树皮俱尽，死者枕藉。庆云枭民陈廿八杀人以食，事露，死于法。——宣统《临安县志》卷一祥异
1640,山东,聊城,临清市,1640|山东|聊城|临清,明思宗崇祯十三年,无,临清直隶州志,无,保留,"v3,v6,v7","v3,v6,v7",3,0.4286,是,,,,临清市：疫甚，死者无算。是岁，自春徂秋无语，大饥，人相食。——乾隆《临清直隶州志》卷十一祥祲,,,临清市：疫甚，死者无算。是岁，自春徂秋无语，大饥，人相食。——乾隆《临清直隶州志》卷十一祥祲,临清市：疫甚，死者无算。是岁，自春徂秋无语，大饥，人相食。——乾隆《临清直隶州志》卷十一祥祲
1640,河北,,临漳县,1640|河北|临漳,明思宗崇祯十三年,无,临漳县志,无,保留,v6,v6,1,0.1429,是,,,,,,,临漳县：大饥，斗米一两二钱。人相食，瘟疫盛行，民仅存一二。——光绪《临漳县志》卷一纪事,
1640,江苏,镇江,丹阳县,1640|江苏|镇江|丹阳,明思宗崇祯十三年,无,丹徒县志,无,保留,"v3,v6,v7","v3,v6,v7",3,0.4286,是,,,,丹阳县：有食人之谣，上元日民间为米粉人食之，应。是年旱蝗，民多疫，人过相食。——光绪《丹徒县志》卷五十八祥异,,,丹阳县：有食人之谣，上元日民间为米粉人食之，应。是年旱蝗，民多疫，人过相食。——光绪《丹徒县志》卷五十八祥异,丹阳县：有食人之谣，上元日民间为米粉人食之，应。是年旱蝗，民多疫，人过相食。——光绪《丹徒县志》卷五十八祥异
1640,江苏,镇江,丹徒县,1640|江苏|镇江|丹徒,明思宗崇祯十三年,无,丹徒县志,无,保留,"v3,v6,v7","v3,v6,v7",3,0.4286,是,,,,丹徒县：三吴皆饥，树皮食尽，至发瘞以食。年旱蝗，民多疫。——嘉庆《丹徒县志》卷四十六祥异,,,丹徒县：三吴皆饥，树皮食尽，至发瘞以食。年旱蝗，民多疫。——嘉庆《丹徒县志》卷四十六祥异,丹徒县：三吴皆饥，树皮食尽，至发瘞以食。年旱蝗，民多疫。——嘉庆《丹徒县志》卷四十六祥异
1640,山西,,昔阳县,1640|山西|昔阳,明思宗崇祯十三年,乐平县,乐平县志,根据古地名推定,保留,v6,v6,1,0.1429,是,,,,,,,昔阳县：十二月，饥，人相食。——乾隆《乐平县志》卷二祥异,
1640,河北,,泊头市,1640|河北|泊头,明思宗崇祯十三年,无,交河县志,无,保留,v6,v6,1,0.1429,是,,,,,,,泊头市：大饥，民相食，甚至父母食子，妻妾食夫。大疫。——康熙《交河县志》卷七灾祥,
1640,安徽,亳州,亳州市,1640|安徽|亳|亳,明思宗崇祯十三年,无,亳州志,无,保留,"v3,v6,v7","v3,v6,v7",3,0.4286,是,,,,亳州市：大疫殆尽，人相食。——崇祯《亳州志》卷一灾祥,,,亳州市：大疫殆尽，人相食。——崇祯《亳州志》卷一灾祥,亳州市：大疫殆尽，人相食。——崇祯《亳州志》卷一灾祥
1640,河南,开封,兰考县,1640|河南|开封|兰考,明思宗崇祯十三年,仪封县,仪封县志,古地名识别说明,保留,"v3,v6,v7","v3,v6,v7",3,0.4286,是,,,,兰考县：兵凶岁荒。三月不雨，六月小雨仅播豆种，又不雨，禾尽槁。八月即大霜。树叶尽脱。十月粮腾贵，麦石十五金，杂粮石十二金。人相食，市鬻人肉。集有人市，妇女一口，百钱可易。——顺治《仪封县志》卷七禨祥,,,兰考县：兵凶岁荒。三月不雨，六月小雨仅播豆种，又不雨，禾尽槁。八月即大霜。树叶尽脱。十月粮腾贵，麦石十五金，杂粮石十二金。人相食，市鬻人肉。集有人市，妇女一口，百钱可易。——顺治《仪封县志》卷七禨祥,兰考县：兵凶岁荒。三月不雨，六月小雨仅播豆种，又不雨，禾尽槁。八月即大霜。树叶尽脱。十月粮腾贵，麦石十五金，杂粮石十二金。人相食，市鬻人肉。集有人市，妇女一口，百钱可易。——顺治《仪封县志》卷七禨祥
1640,河北,,任县,1640|河北|任,明思宗崇祯十三年,无,任县志,无,保留,v6,v6,1,0.1429,是,,,,,,,任县：大饥，人相食。——康熙《任县志》卷一灾祥,
1640,甘肃,天水,甘谷县,1640|甘肃|天水|甘谷,明思宗崇祯十三年,无,伏羌县志,无,保留,"v3,v4,v7","v3,v4,v7",3,0.4286,是,,,,甘谷县：自春至夏不雨。民饥，人相食，死者塞道。——康熙《伏羌县志》灾祥,甘谷县：自春至夏不雨。民饥，人相食，死者塞道。——康熙《伏羌县志》灾祥,,,甘谷县：自春至夏不雨。民饥，人相食，死者塞道。——康熙《伏羌县志》灾祥
1640,江苏,南京,六合县,1640|江苏|南京|六合,明思宗崇祯十三年,无,六合县志,无,保留,"v3,v6,v7","v3,v6,v7",3,0.4286,是,,,,六合县：大灾旱，人互相食，时治山、灵岩俱出石面，争取者日数千人，调为饼，燝食之，不易饥，然小腹胀，多有死者。后有用野草芽及树叶蔬梗杂以蒸食，遂不至死。——康熙《六合县志》卷八灾祥,,,六合县：大灾旱，人互相食，时治山、灵岩俱出石面，争取者日数千人，调为饼，燝食之，不易饥，然小腹胀，多有死者。后有用野草芽及树叶蔬梗杂以蒸食，遂不至死。——康熙《六合县志》卷八灾祥,六合县：大灾旱，人互相食，时治山、灵岩俱出石面，争取者日数千人，调为饼，燝食之，不易饥，然小腹胀，多有死者。后有用野草芽及树叶蔬梗杂以蒸食，遂不至死。——康熙《六合县志》卷八灾祥
1640,山东,聊城,冠县,1640|山东|聊城|冠,明思宗崇祯十三年,无,冠县志,无,保留,"v3,v6,v7","v3,v6,v7",3,0.4286,是,,,,冠县：春，风霾日起，蝗蝻复生。粮食一石值银十两，草根树叶计斤易银。瘟疫盛行，死者相枕。有自食儿女者，有买死人而食者，有掘新尸而食者，有杀活人而卖者，行人路绝，一村之中不相往来。——康熙《冠县志》卷五禩祥,,,冠县：春，风霾日起，蝗蝻复生。粮食一石值银十两，草根树叶计斤易银。瘟疫盛行，死者相枕。有自食儿女者，有买死人而食者，有掘新尸而食者，有杀活人而卖者，行人路绝，一村之中不相往来。——康熙《冠县志》卷五禩祥,冠县：春，风霾日起，蝗蝻复生。粮食一石值银十两，草根树叶计斤易银。瘟疫盛行，死者相枕。有自食儿女者，有买死人而食者，有掘新尸而食者，有杀活人而卖者，行人路绝，一村之中不相往来。——康熙《冠县志》卷五禩祥
1640,山东,东营,利津县,1640|山东|东营|利津,明思宗崇祯十三年,无,利津县新志,无,保留,"v3,v4,v7","v3,v4,v7",3,0.4286,是,,,,利津县：大饥，人相食。小蝗伤麦。——康熙《利津县新志》卷九祥异,利津县：大饥，人相食。小蝗伤麦。——康熙《利津县新志》卷九祥异,,,利津县：大饥，人相食。小蝗伤麦。——康熙《利津县新志》卷九祥异
1640,安徽,六安,霍山县,1640|安徽|六安|霍山,明思宗崇祯十三年,无,华东地区近五百年气候历史资料,无,保留,"v3,v6,v7","v3,v6,v7",3,0.4286,是,,,,霍山县：夏大旱，飞蝗蔽天，人相食。——《华东地区近五百年气候历史资料》第三分册，第90页,,,霍山县：夏大旱，飞蝗蔽天，人相食。——《华东地区近五百年气候历史资料》第三分册，第90页。,霍山县：夏大旱，飞蝗蔽天，人相食。——《华东地区近五百年气候历史资料》第三分册，第90页。
1640,河南,,泌阳县,1640|河南|泌阳,明思宗崇祯十三年,无,华北、东北近五百年旱涝史料,无,保留,v3,v3,1,0.1429,是,,,,泌阳县：自去年七月至是年八月始雨，五谷种不入土，大饥…人相食。——《华北、东北近五百年旱涝史料》第四分册，第68页。,,,,
1640,河南,,嵩县,1640|河南|嵩,明思宗崇祯十三年,无,华北、东北近五百年旱涝史料,无,保留,v3,v3,1,0.1429,是,,,,嵩县：旱蝗，大饥，人相食。——《华北、东北近五百年旱涝史料》第四分册，第52页。,,,,
1640,山东,济南市,济南府,1640|山东|济南|济南府,明思宗崇祯十三年,无,华北、东北近五百年旱涝史料,无,保留,"v3,v4,v7","v3,v4,v7",3,0.4286,是,,,,济南府：连岁旱，天下大饥…，诸州连岁旱饥，五月大旱饥，树皮皆尽，发瘞肉以食。连岁旱，天下大饥，人相食。——《华北、东北近五百年旱涝史料》第三分册，第8页。,济南府：连岁旱，天下大饥…，诸州连岁旱饥，五月大旱饥，树皮皆尽，发瘞肉以食。连岁旱，天下大饥，人相食。——《华北、东北近五百年旱涝史料》第三分册，第8页。,,,济南府：连岁旱，天下大饥…，诸州连岁旱饥，五月大旱饥，树皮皆尽，发瘞肉以食。连岁旱，天下大饥，人相食。——《华北、东北近五百年旱涝史料》第三分册，第8页。
1640,山西,运城市,临猗县,1640|山西|运城|临猗,明思宗崇祯十三年,无,华北、东北近五百年旱涝史料,无,保留,"v3,v5","v3,v5",2,0.2857,是,,,,临猗县：春不雨至六月。秋无禾，木皮草根尽，人相食。——《华北、东北近五百年旱涝史料》第五分册，第44页。,,临猗县：春不雨至六月。秋无禾，木皮草根尽，人相食。——《华北、东北近五百年旱涝史料》第五分册，第44页。,,
1640,河北,,盐山县,1640|河北|盐山,明思宗崇祯十三年,无,华北、东北近五百年旱涝史料,无,保留,v6,v6,1,0.1429,是,,,,,,,盐山县：三月至秋不雨，禾苗尽枯，…人相食。——《华北、东北近五百年旱涝史料》第二分册，第30页,
1640,山西,,壶关县,1640|山西|壶关,明思宗崇祯十三年,无,华北、东北近五百年旱涝史料,无,保留,"v3,v5","v3,v5",2,0.2857,是,,,,壶关县：夏大旱，秋无禾，…民多饿死，人相食。——《华北、东北近五百年旱涝史料》第五分册，第66页。,,壶关县：夏大旱，秋无禾，…民多饿死，人相食。——《华北、东北近五百年旱涝史料》第五分册，第66页。,,
1640,河北,,肃宁县,1640|河北|肃宁,明思宗崇祯十三年,无,华北、东北近五百年旱涝史料,无,保留,v6,v6,1,0.1429,是,,,,,,,肃宁县：大旱…人相食。尸骸遍野。——《华北、东北近五百年旱涝史料》第二分册，第30页,
1640,山西,运城市,夏县,1640|山西|运城|夏,明思宗崇祯十三年,无,华北、东北近五百年旱涝史料,无,保留,"v3,v5","v3,v5",2,0.2857,是,,,,夏县：连遭大旱，蝗蝻食苗，岁大饥，人相食。——《华北、东北近五百年旱涝史料》第五分册，第44页。,,夏县：连遭大旱，蝗蝻食苗，岁大饥，人相食。——《华北、东北近五百年旱涝史料》第五分册，第44页。,,
1640,河南,,密县,1640|河南|密,明思宗崇祯十三年,无,华北、东北近五百年旱涝史料,无,保留,v3,v3,1,0.1429,是,,,,密县：大旱蝗，道瘞枕藉，人相食。——《华北、东北近五百年旱涝史料》第四分册，第29页。,,,,
1640,河北,,元氏县,1640|河北|元氏,明思宗崇祯十三年,无,华北、东北近五百年旱涝史料,无,保留,v6,v6,1,0.1429,是,,,,,,,元氏县：大旱，麦无秋，民食树皮、草子，煮靴皮嚼，且食人。——《华北、东北近五百年旱涝史料》第二分册，第80页。,
1640,山东,菏泽,单县,1640|山东|菏泽|单,明思宗崇祯十三年,无,单县志,无,保留,"v3,v4,v7","v3,v4,v7",3,0.4286,是,,,,单县：蝗，旱。大饥，斗米价银三两，瘟疫盛行，人相食。——康熙《单县志》卷一祥异,单县：蝗，旱。大饥，斗米价银三两，瘟疫盛行，人相食。——康熙《单县志》卷一祥异,,,单县：蝗，旱。大饥，斗米价银三两，瘟疫盛行，人相食。——康熙《单县志》卷一祥异
1640,河北,,南皮县,1640|河北|南皮,明思宗崇祯十三年,无,南皮县志,无,保留,v6,v6,1,0.1429,是,,,,,,,南皮县：大饥，人自相食。村落几绝人迹。——康熙《南皮县志》卷二灾异,
1640,山东,青岛,即墨县,1640|山东|青岛|即墨,明思宗崇祯十三年,无,即墨县志,无,保留,"v3,v4,v7","v3,v4,v7",3,0.4286,是,,,,即墨县：沙鸡遍野。大饥，人相食。——同治《即墨县志》卷十一灾祥,即墨县：沙鸡遍野。大饥，人相食。——同治《即墨县志》卷十一灾祥,,,即墨县：沙鸡遍野。大饥，人相食。——同治《即墨县志》卷十一灾祥
1640,河北,,吴桥县,1640|河北|吴桥,明思宗崇祯十三年,无,吴桥县志,无,保留,v6,v6,1,0.1429,是,,,,,,,吴桥县：旱甚。斗米银二两，人相食。——光绪《吴桥县志》卷十杂记,
1640,山东,青岛,胶县,1640|山东|青岛|胶,明思宗崇祯十三年,无,增修胶志,无,保留,"v3,v4,v7","v3,v4,v7",3,0.4286,是,,,,胶县：夏五月，大旱，蝗。冬十二月，大饥，人相食。——民国《增修胶志》卷五十三祥异,胶县：夏五月，大旱，蝗。冬十二月，大饥，人相食。——民国《增修胶志》卷五十三祥异,,,胶县：夏五月，大旱，蝗。冬十二月，大饥，人相食。——民国《增修胶志》卷五十三祥异
1640,山东,德州,夏津县,1640|山东|德|夏津,明思宗崇祯十三年,无,夏津县志,无,保留,"v3,v4,v7","v3,v4,v7",3,0.4286,是,,,,夏津县：大饥，斗米两银，人相食。——乾隆《夏津县志》卷九灾祥,夏津县：大饥，斗米两银，人相食。——乾隆《夏津县志》卷九灾祥,,,夏津县：大饥，斗米两银，人相食。——乾隆《夏津县志》卷九灾祥
1640,河北,,大名县,1640|河北|大名,明思宗崇祯十三年,无,大名府志,无,保留,v6,v6,1,0.1429,是,,,,,,,大名县：夏四月，旱，麦尽枯。大疫。五月，蝗。时斗米千钱，人相食，命官赈济。秋八月，陨霜。——咸丰《大名府志》卷四年纪,
1640,天津,,天津,1640|天津|天津,明思宗崇祯十三年,天津卫,天津卫志,无,保留,v6,v6,1,0.1429,是,,,,,,,天津市：春，人民相食，尸骸遍野。——康熙《天津卫志》卷三灾变,
1640,安徽,滁州,天长县,1640|安徽|滁|天长,明思宗崇祯十三年,无,天长县志,古地名识别说明,保留,"v3,v6,v7","v3,v6,v7",3,0.4286,是,,,,天长县：十三年、十四年大旱，人民相食。——康熙《天长县志》卷一祥异附,,,天长县：十三年、十四年大旱，人民相食。——康熙《天长县志》卷一祥异附,天长县：十三年、十四年大旱，人民相食。——康熙《天长县志》卷一祥异附
1640,江苏,南通,如皋县,1640|江苏|南通|如皋,明思宗崇祯十三年,无,如皋县志,无,保留,"v3,v6,v7","v3,v6,v7",3,0.4286,是,,,,如皋县：大旱。大饥，大疫，民相食。——康熙《如皋县志》卷一祥异,,,如皋县：大旱。大饥，大疫，民相食。——康熙《如皋县志》卷一祥异,如皋县：大旱。大饥，大疫，民相食。——康熙《如皋县志》卷一祥异
1640,河北,,威县,1640|河北|威,明思宗崇祯十三年,无,威县续志,无,保留,v6,v6,1,0.1429,是,,,,,,,威县：无麦，大祲。斗米值银一两二钱，至有父子夫妇相食者，亘古未闻。——顺治《威县续志》卷九祥异,
1640,河北,,宁晋县,1640|河北|宁晋,明思宗崇祯十三年,无,宁晋县志,无,保留,v6,v6,1,0.1429,是,,,,,,,宁晋县：大旱，蝗。川泽竭，井涸。人相食。——康熙《宁晋县志》卷一灾祥,
1640,甘肃,天水,武山县,1640|甘肃|天水|武山,明思宗崇祯十三年,无,宁远县志,无,保留,v4,v4,1,0.1429,是,,,,,武山县：大旱，秋禾无苗，谷极贵，民大相食，饿殍遍野，有田不治。——《宁远县志》（康熙四十八年），转引自《西北灾荒史》第437页。,,,
1640,甘肃,天水市,武山县,1640|甘肃|天水|武山,明思宗崇祯十三年,无,宁远县志转引西北灾荒史,无,需进一步分析,"v3,v7","v3,v7",2,0.2857,否,"同类 record 存在于 v1,v2,v3,v4,v5,v6,v7；本条仅存在于 v3,v7；占比 28.6%",,,武山县：大旱，秋禾无苗，谷极贵，民大相食，饿殍遍野，有田不治。——《宁远县志》（康熙四十八年），转引自《西北灾荒史》第437页。,,,,武山县：大旱，秋禾无苗，谷极贵，民大相食，饿殍遍野，有田不治。——《宁远县志》（康熙四十八年），转引自《西北灾荒史》第437页。
1640,山东,泰安,宁阳县,1640|山东|泰安|宁阳,明思宗崇祯十三年,无,宁阳县志,无,保留,"v3,v4,v7","v3,v4,v7",3,0.4286,是,,,,宁阳县：斗米三两，父子相食，土寇日炽，民饥而死者十之八九。——康熙十一年《宁阳县志》,宁阳县：斗米三两，父子相食，土寇日炽，民饥而死者十之八九。——康熙十一年《宁阳县志》,,,宁阳县：斗米三两，父子相食，土寇日炽，民饥而死者十之八九。——康熙十一年《宁阳县志》
1640,河北,,定兴县,1640|河北|定兴,明思宗崇祯十三年,无,定兴县志,无,保留,v6,v6,1,0.1429,是,,,,,,,定兴县：大旱，无麦。冬及次年春，米大贵，石银六两，流民至相食。——康熙《定兴县志》卷一《禨祥,
1640,江苏,宿迁,宿迁县,1640|江苏|宿迁|宿迁,明思宗崇祯十三年,无,宿迁县志,无,保留,"v3,v6,v7","v3,v6,v7",3,0.4286,是,,,,宿迁县：大饥，人相食。山东流民死者尤众，有聚埋于城东地藏庵后者，遂名之为万人坑。——嘉庆《宿迁县志》卷六祥异,,,宿迁县：大饥，人相食。山东流民死者尤众，有聚埋于城东地藏庵后者，遂名之为万人坑。——嘉庆《宿迁县志》卷六祥异,宿迁县：大饥，人相食。山东流民死者尤众，有聚埋于城东地藏庵后者，遂名之为万人坑。——嘉庆《宿迁县志》卷六祥异
1640,河南,开封,尉氏县,1640|河南|开封|尉氏,明思宗崇祯十三年,无,尉氏县志,无,保留,"v6,v7","v6,v7",2,0.2857,是,,,,,,,尉氏县：闰正月朔，日食，暴风扬沙，色赤如火。二月，日光如血者数日。四月，蝗食禾，既。七月大旱，蝗，禾草俱枯。八月，陨霜杀菽。大饥，斗粟银二两，人相食，盗贼蜂起。——道光《尉氏县志》卷一祥异,尉氏县：闰正月朔，日食，暴风扬沙，色赤如火。二月，日光如血者数日。四月，蝗食禾，既。七月大旱，蝗，禾草俱枯。八月，陨霜杀菽。大饥，斗粟银二两，人相食，盗贼蜂起。——道光《尉氏县志》卷一祥异
1640,山东,枣庄市,枣庄市,1640|山东|枣庄|枣庄,明思宗崇祯十三年,无,峄县志,无,保留,"v3,v4,v7","v3,v4,v7",3,0.4286,是,,,,枣庄市：大饥。前此旱蝗频年，至是赤地，民掘草根、剥木皮皆尽，父子相食，白骨纵横。——康熙《峄县志》卷二灾祥,枣庄市：大饥。前此旱蝗频年，至是赤地，民掘草根、剥木皮皆尽，父子相食，白骨纵横。——康熙《峄县志》卷二灾祥,,,枣庄市：大饥。前此旱蝗频年，至是赤地，民掘草根、剥木皮皆尽，父子相食，白骨纵横。——康熙《峄县志》卷二灾祥
1640,甘肃,平凉,崇信县,1640|甘肃|平凉|崇信,明思宗崇祯十三年,无,崇信县志,无,保留,"v3,v4,v7","v3,v4,v7",3,0.4286,是,,,,崇信县：大旱，斗粟二两，米倍之。父子夫妇相食，遍地盗生，人死十八九。——顺治《崇信县志》卷下灾异,崇信县：大旱，斗粟二两，米倍之。父子夫妇相食，遍地盗生，人死十八九。——顺治《崇信县志》卷下灾异,,,崇信县：大旱，斗粟二两，米倍之。父子夫妇相食，遍地盗生，人死十八九。——顺治《崇信县志》卷下灾异
1640,河南,郑州,巩县,1640|河南|郑|巩,明思宗崇祯十三年,无,巩县志,无,保留,"v3,v6,v7","v3,v6,v7",3,0.4286,是,,,,巩县：大旱，大饥，人相食。——乾隆十年《巩县志》卷二灾祥,,,巩县：大旱，大饥，人相食。——乾隆十年《巩县志》卷二灾祥,巩县：大旱，大饥，人相食。——乾隆十年《巩县志》卷二灾祥
1640,河北,,平乡县,1640|河北|平乡,明思宗崇祯十三年,无,平乡县志,无,保留,v6,v6,1,0.1429,是,,,,,,,平乡县：大旱数月，民相食。——乾隆《平乡县志》卷一灾祥,
1640,山东,德州,平原县,1640|山东|德|平原,明思宗崇祯十三年,无,平原县志,无,保留,"v3,v4,v7","v3,v4,v7",3,0.4286,是,,,,平原县：闰正月，赈饥。夏，复大旱，蝗。斗谷千钱无籴处，人相食，痤尽发。——乾隆《平原县志》卷九灾祥,平原县：闰正月，赈饥。夏，复大旱，蝗。斗谷千钱无籴处，人相食，痤尽发。——乾隆《平原县志》卷九灾祥,,,平原县：闰正月，赈饥。夏，复大旱，蝗。斗谷千钱无籴处，人相食，痤尽发。——乾隆《平原县志》卷九灾祥
1640,河北,,广宗县,1640|河北|广宗,明思宗崇祯十三年,无,广宗县志,无,保留,v6,v6,1,0.1429,是,,,,,,,广宗县：大歉，斗米贯钱，继以瘟疫流行，人相食，死者过半。——康熙《广宗县志》卷十一祯祥,
1640,浙江,湖州,湖州市,1640|浙江|湖|湖,明思宗崇祯十三年,无,归安县志,无,保留,"v3,v6,v7","v3,v6,v7",3,0.4286,是,,,,湖州市：大水溢街市，田禾尽淹。民大饥，草根树皮俱尽，人相食。——康熙《归安县志》卷六灾祥,,,湖州市：大水溢街市，田禾尽淹。民大饥，草根树皮俱尽，人相食。——康熙《归安县志》卷六灾祥,湖州市：大水溢街市，田禾尽淹。民大饥，草根树皮俱尽，人相食。——康熙《归安县志》卷六灾祥
1640,江苏,徐州,徐州市,1640|江苏|徐|徐,明思宗崇祯十三年,无,徐州志,无,保留,"v3,v6,v7","v3,v6,v7",3,0.4286,是,,,,徐州市：大旱。…民饥甚，斗米千钱，棉菜及诸草种亦斗数百，人相食，流亡载道。非多徒众持挺不敢昼行，或以妇子易钱百文，米数升即去，不复顾。诸县皆然。——康熙《徐州志》卷二祥异,,,徐州市：大旱。…民饥甚，斗米千钱，棉菜及诸草种亦斗数百，人相食，流亡载道。非多徒众持挺不敢昼行，或以妇子易钱百文，米数升即去，不复顾。诸县皆然。——康熙《徐州志》卷二祥异,徐州市：大旱。…民饥甚，斗米千钱，棉菜及诸草种亦斗数百，人相食，流亡载道。非多徒众持挺不敢昼行，或以妇子易钱百文，米数升即去，不复顾。诸县皆然。——康熙《徐州志》卷二祥异
1640,山东,德州,临邑县,1640|山东|德|临邑,明思宗崇祯十三年,无,德平县志,无,保留,"v3,v4,v7","v3,v4,v7",3,0.4286,是,,,,临邑县：大旱，禾稼全空。入食木皮草根，至骨肉相食，民死大半，村疃为墟。——康熙《德平县志》卷三灾祥,临邑县：大旱，禾稼全空。入食木皮草根，至骨肉相食，民死大半，村疃为墟。——康熙《德平县志》卷三灾祥,,,临邑县：大旱，禾稼全空。入食木皮草根，至骨肉相食，民死大半，村疃为墟。——康熙《德平县志》卷三灾祥
1640,甘肃,陇南,徽县,1640|甘肃|陇南|徽,明思宗崇祯十三年,无,徽州志,无,保留,"v3,v4,v7","v3,v4,v7",3,0.4286,是,,,,徽县：大饥，人相食。——康熙《徽州志》灾祥,徽县：大饥，人相食。——康熙《徽州志》灾祥,,,徽县：大饥，人相食。——康熙《徽州志》灾祥
1640,安徽,蚌埠,怀远县,1640|安徽|蚌埠|怀远,明思宗崇祯十三年,无,怀远县志,无,保留,"v3,v6,v7","v3,v6,v7",3,0.4286,是,,,,怀远县：十三、四年大荒，大疫，人相食。——雍正《怀远县志》卷八灾异,,,怀远县：十三、四年大荒，大疫，人相食。——雍正《怀远县志》卷八灾异,怀远县：十三、四年大荒，大疫，人相食。——雍正《怀远县志》卷八灾异
1640,山东,菏泽,成武县,1640|山东|菏泽|成武,明思宗崇祯十三年,无,成武县志,无,保留,"v3,v4,v7","v3,v4,v7",3,0.4286,是,,,,成武县：二月，黄风蔽天天日，屋瓦墙垣皆作重金色，相连两月。夏大旱。岁饥，斗米钱数千人，人相食，盗贼蜂起。——康熙九年《成武县志》卷三灾禄,成武县：二月，黄风蔽天天日，屋瓦墙垣皆作重金色，相连两月。夏大旱。岁饥，斗米钱数千人，人相食，盗贼蜂起。——康熙九年《成武县志》卷三灾禄,,,成武县：二月，黄风蔽天天日，屋瓦墙垣皆作重金色，相连两月。夏大旱。岁饥，斗米钱数千人，人相食，盗贼蜂起。——康熙九年《成武县志》卷三灾禄
1640,山东,烟台,掖县,1640|山东|烟台|掖,明思宗崇祯十三年,无,掖县志,无,保留,"v3,v4,v7","v3,v4,v7",3,0.4286,是,,,,掖县：旱，蝗。大饥，人相食。——乾隆《掖县志》卷五祥异,掖县：旱，蝗。大饥，人相食。——乾隆《掖县志》卷五祥异,,,掖县：旱，蝗。大饥，人相食。——乾隆《掖县志》卷五祥异
1640,河南,新乡,新乡县,1640|河南|新乡|新乡,明思宗崇祯十三年,无,新乡县续志,无,保留,"v3,v6,v7","v3,v6,v7",3,0.4286,是,,,,新乡县：春夏不雨，大风沙霾，昼晦。蝗蟄大作，人相食，瘟疫。发帑赈饥。死者枕藉，就食他乡者亦毙于道。张缙彦陈请发帑金二万赈邺与卫。——康熙《新乡县续志》卷二灾异,,,新乡县：春夏不雨，大风沙霾，昼晦。蝗蟄大作，人相食，瘟疫。发帑赈饥。死者枕藉，就食他乡者亦毙于道。张缙彦陈请发帑金二万赈邺与卫。——康熙《新乡县续志》卷二灾异,新乡县：春夏不雨，大风沙霾，昼晦。蝗蟄大作，人相食，瘟疫。发帑赈饥。死者枕藉，就食他乡者亦毙于道。张缙彦陈请发帑金二万赈邺与卫。——康熙《新乡县续志》卷二灾异
1640,江苏,徐州,丰县,1640|江苏|徐|丰,明思宗崇祯十三年,无,新修丰县志,无,保留,v3,v3,1,0.1429,是,,,,丰县：大旱。…民大饥，斗米一金。人相食，所在流亡，或以妇子易钱百文，饭一餐，去不复顾。——顺治《新修丰县志》卷九灾祥,,,,
1640,河北,,新城县,1640|河北|新城,明思宗崇祯十三年,无,新城县志,无,保留,v6,v6,1,0.1429,是,,,,,,,新城县：大旱，无麦。米大贵，民相食。——民国二十四年《新城县志》卷二十二灾祸,
1640,河北,,安新县,1640|河北|安新,明思宗崇祯十三年,无,新安县志,无,保留,v6,v6,1,0.1429,是,,,,,,,安新县：旱，九河俱干。斗栗钱一两五钱，人相食。——乾隆《新安县志》禨祥,
1640,河南,郑州,新郑县,1640|河南|郑|新郑,明思宗崇祯十三年,无,新郑县志,无,保留,"v3,v7","v3,v7",2,0.2857,是,,,,新郑县：春夏全无雨，二麦微收。秋禾继以蝗蝻食尽。七月始而。八月二十四日，大霜，荞麦尽枯。九月后，人相食。——顺治《新郑县志》卷五祥异,,,,新郑县：春夏全无雨，二麦微收。秋禾继以蝗蝻食尽。七月始而。八月二十四日，大霜，荞麦尽枯。九月后，人相食。——顺治《新郑县志》卷五祥异
1640,河南,郑州,新郑县,1640|河南|郑|新郑,明思宗崇祯十三年,无,新郑县志,无,保留,v6,v6,1,0.1429,是,,,,,,,新郑县：春夏全无雨，二麦微收。秋禾继以蝗蝻食尽。七月始而。八月二十四日，大霜，荞麦尽枯。九月后，人相食。——顺治《新郑县志》卷五祥祥,
1640,山东,日照市,日照市,1640|山东|日照|日照,明思宗崇祯十三年,无,日照县志,无,保留,"v3,v4,v7","v3,v4,v7",3,0.4286,是,,,,日照市：旱，蝗，大饥，人相食。——康熙《日照县志》卷一纪异,日照市：旱，蝗，大饥，人相食。——康熙《日照县志》卷一纪异,,,日照市：旱，蝗，大饥，人相食。——康熙《日照县志》卷一纪异
1640,河北,,晋县,1640|河北|晋,明思宗崇祯十三年,无,晋县志,无,保留,v6,v6,1,0.1429,是,,,,,,,晋县：大饥，人相食。——民国《晋县志》卷五灾祥,
1640,河北,,景县,1640|河北|景,明思宗崇祯十三年,无,景县志,无,保留,v6,v6,1,0.1429,是,,,,,,,景县：十三年大旱，十四年又大旱，斗米钱千余者，值银二两，人相食。先是，每见狗猫食青草，牛食砖瓦，已兆大旱矣。——民国《景县志》卷十四史事,
1640,河北,,曲周县,1640|河北|曲周,明思宗崇祯十三年,无,曲周县志,无,保留,v6,v6,1,0.1429,是,,,,,,,曲周县：春，风霾。夏旱，至秋不雨，无麦禾。大饥，草根木皮皆尽，人相食，盗起。——顺治《曲周县志》卷二灾祥,
1640,山东,曲阜市,曲阜市,1640|山东|曲阜|曲阜,明思宗崇祯十三年,无,曲阜县志,无,保留,"v3,v4,v7","v3,v4,v7",3,0.4286,是,,,,曲阜市：春闰正月，赈饥。夏旱，蝗，疫。冬十二月，大饥，人相食。——乾隆《曲阜县志》卷三十通编,曲阜市：春闰正月，赈饥。夏旱，蝗，疫。冬十二月，大饥，人相食。——乾隆《曲阜县志》卷三十通编,,,曲阜市：春闰正月，赈饥。夏旱，蝗，疫。冬十二月，大饥，人相食。——乾隆《曲阜县志》卷三十通编
1640,河南,开封,杞县,1640|河南|开封|杞,明思宗崇祯十三年,无,杞县志,无,保留,"v6,v7","v6,v7",2,0.2857,是,,,,,,,杞县：春二月，赤风尽晦，其色如血。夏早。秋八月陨霜。是岁大饥，斗粟千钱，人相食，市肆卖人内者。——乾隆十一年《杞县志》卷二灾祥,杞县：春二月，赤风尽晦，其色如血。夏早。秋八月陨霜。是岁大饥，斗粟千钱，人相食，市肆卖人内者。——乾隆十一年《杞县志》卷二灾祥
1640,河北,,枣强县,1640|河北|枣强,明思宗崇祯十三年,无,枣强县志,无,保留,v6,v6,1,0.1429,是,,,,,,,枣强县：大旱，斗米银一两，父子兄弟妻子离散，老弱展转沟壑，树皮食尽，人将相食，死者七八。二百年来未见之奇荒也。——康熙增刻万历《枣强县志》卷一灾祥,
1640,山东,烟台,栖霞县,1640|山东|烟台|栖霞,明思宗崇祯十三年,无,栖霞县续志,无,保留,"v3,v4,v7","v3,v4,v7",3,0.4286,是,,,,栖霞县：大旱。飞蝗蔽天，伤稼，无秋。大饥，人相食。——光绪《栖霞县续志》卷八祥异,栖霞县：大旱。飞蝗蔽天，伤稼，无秋。大饥，人相食。——光绪《栖霞县续志》卷八祥异,,,栖霞县：大旱。飞蝗蔽天，伤稼，无秋。大饥，人相食。——光绪《栖霞县续志》卷八祥异
1640,天津,,武清县,1640|天津|武清,明思宗崇祯十三年,无,武清县志,无,保留,v6,v6,1,0.1429,是,,,,,,,武清县：大饥，斗米千钱，树皮草根食之殆尽，人相食。——康熙《武清县志》卷一禨祥,
1640,河北,,永年县,1640|河北|永年,明思宗崇祯十三年,无,永年县志,无,保留,v6,v6,1,0.1429,是,,,,,,,永年县：旱甚，岁大饥，人相食。——康熙《永年县志》卷十八灾祥,
1640,河北,,永清县,1640|河北|永清,明思宗崇祯十三年,无,永清县志,无,保留,v6,v6,1,0.1429,是,,,,,,,永清县：大饥，斗米千钱。树皮草根食之尽，人皆相食。——康熙《永清县志》卷一灾祥,
1640,河南,郑州,荥阳县,1640|河南|郑|荥阳,明思宗崇祯十三年,无,汜志,无,保留,"v3,v6,v7","v3,v6,v7",3,0.4286,是,,,,荥阳县：大旱，野断青。飞蝗食木叶，蝗过蛹生，室之内外皆蛹。栗钱二两，蓬子、榆皮，兰根为市，牛马（）为食，肆人相食，冻饿死者无算。——顺治《汜志》卷四祥异,,,荥阳县：大旱，野断青。飞蝗食木叶，蝗过蛹生，室之内外皆蛹。栗钱二两，蓬子、榆皮，兰根为市，牛马（）为食，肆人相食，冻饿死者无算。——顺治《汜志》卷四祥异,荥阳县：大旱，野断青。飞蝗食木叶，蝗过蛹生，室之内外皆蛹。栗钱二两，蓬子、榆皮，兰根为市，牛马（）为食，肆人相食，冻饿死者无算。——顺治《汜志》卷四祥异
1640,江苏,南京,江宁市,1640|江苏|南京|江宁,明思宗崇祯十三年,无,江宁县志,无,保留,"v3,v6,v7","v3,v6,v7",3,0.4286,是,,,,南京市：大疫，大饥。江宁市流殍枕藉，饥人相食。——康熙《江宁县志》卷十二灾祥,,,南京市：大疫，大饥。江宁市流殍枕藉，饥人相食。——康熙《江宁县志》卷十二灾祥,南京市：大疫，大饥。江宁市流殍枕藉，饥人相食。——康熙《江宁县志》卷十二灾祥
1640,河南,新乡,汲县,1640|河南|新乡|汲,明思宗崇祯十三年,无,汲县志,无,保留,"v3,v6,v7","v3,v6,v7",3,0.4286,是,,,,汲县：大饥，人相食，城内杀人，乡村盗起，人死十之八九。——康熙《汲县志》卷十,,,汲县：大饥，人相食，城内杀人，乡村盗起，人死十之八九。——康熙《汲县志》卷十,汲县：大饥，人相食，城内杀人，乡村盗起，人死十之八九。——康熙《汲县志》卷十
1640,山西,,武乡县,1640|山西|武乡,明思宗崇祯十三年,无,沁州志,无,保留,v6,v6,1,0.1429,是,,,,,,,武乡县：大饥，斗米千钱以上，人相食。——乾隆《沁州志》卷九灾异,
1640,山西,,沁县,1640|山西|沁,明思宗崇祯十三年,无,沁州志,无,保留,v6,v6,1,0.1429,是,,,,,,,沁县：大饥，斗米千钱以上，树皮草根剥掘既尽，人相食。——雍正《沁州志》卷九灾异,
1640,山东,临沂市,临沂市,1640|山东|临沂|临沂,明思宗崇祯十三年,无,沂州志,无,保留,"v3,v4,v7","v3,v4,v7",3,0.4286,是,,,,临沂市：蝗遍野盈尺，百树无叶，赤地千里。斗麦二千，民掘草根，剥树皮，父子相食，骸骨纵横。婴儿捐弃满道，人多自竖草标求售，转沟壑者无算。次年春，复疫坊继起，死亡过半。灾变之异，从未甚于此者。——康熙《沂州志》卷一灾异,临沂市：蝗遍野盈尺，百树无叶，赤地千里。斗麦二千，民掘草根，剥树皮，父子相食，骸骨纵横。婴儿捐弃满道，人多自竖草标求售，转沟壑者无算。次年春，复疫坊继起，死亡过半。灾变之异，从未甚于此者。——康熙《沂州志》卷一灾异,,,临沂市：蝗遍野盈尺，百树无叶，赤地千里。斗麦二千，民掘草根，剥树皮，父子相食，骸骨纵横。婴儿捐弃满道，人多自竖草标求售，转沟壑者无算。次年春，复疫坊继起，死亡过半。灾变之异，从未甚于此者。——康熙《沂州志》卷一灾异
1640,山东,临沂,沂水县,1640|山东|临沂|沂水,明思宗崇祯十三年,无,沂水县志,无,保留,"v3,v4,v7","v3,v4,v7",3,0.4286,是,,,,沂水县：大饥，人相食。——康熙《沂水县志》卷五灾祥,沂水县：大饥，人相食。——康熙《沂水县志》卷五灾祥,,,沂水县：大饥，人相食。——康熙《沂水县志》卷五灾祥
1640,江苏,宿迁,沐阳县,1640|江苏|宿迁|沐阳,明思宗崇祯十三年,无,沐阳县志,无,保留,"v3,v6,v7","v3,v6,v7",3,0.4286,是,,,,沐阳县：岁饥馑，斗谷三钱，民多流离，人相食。——康熙《沐阳县志》卷一灾异,,,沐阳县：岁饥馑，斗谷三钱，民多流离，人相食。——康熙《沐阳县志》卷一灾异,沐阳县：岁饥馑，斗谷三钱，民多流离，人相食。——康熙《沐阳县志》卷一灾异
1640,河北,,沙河县,1640|河北|沙河,明思宗崇祯十三年,无,沙河县志,无,保留,v6,v6,1,0.1429,是,,,,,,,沙河县：大饥，人相食。——乾隆《沙河县志》卷一祥异,
1640,江苏,徐州,沛县,1640|江苏|徐|沛,明思宗崇祯十三年,无,沛县志,无,保留,"v3,v6,v7","v3,v6,v7",3,0.4286,是,,,,沛县：夏大蝗。冬饥，人相食。——乾隆《沛县志》卷一水旱,,,沛县：夏大蝗。冬饥，人相食。——乾隆《沛县志》卷一水旱,沛县：夏大蝗。冬饥，人相食。——乾隆《沛县志》卷一水旱
1640,甘肃,临夏,临夏县,1640|甘肃|临夏|临夏,明思宗崇祯十三年,无,河州志,无,保留,"v3,v4,v7","v3,v4,v7",3,0.4286,是,,,,临夏县：大旱，自正月至六月不雨。夏苗尽枯，秋种未播，股价腾踊，斗栗白金一两。城门外痤尸，掘大坑七八处，深三四尺，每日车拽尸骨无算，人相食。——康熙四十六年《河州志》卷四灾异,临夏县：大旱，自正月至六月不雨。夏苗尽枯，秋种未播，股价腾踊，斗栗白金一两。城门外痤尸，掘大坑七八处，深三四尺，每日车拽尸骨无算，人相食。——康熙四十六年《河州志》卷四灾异,,,临夏县：大旱，自正月至六月不雨。夏苗尽枯，秋种未播，股价腾踊，斗栗白金一两。城门外痤尸，掘大坑七八处，深三四尺，每日车拽尸骨无算，人相食。——康熙四十六年《河州志》卷四灾异
1640,河北,,河间县,1640|河北|河间,明思宗崇祯十三年,无,河间县志,无,保留,v6,v6,1,0.1429,是,,,,,,,河间县：大旱，斗米银二两。蝗飞蔽天。人相食。——康熙《河间县志》卷十一祥异,
1640,山东,滨州,沽化县,1640|山东|滨|沽化,明思宗崇祯十三年,无,沽化县志,无,保留,"v3,v4,v7","v3,v4,v7",3,0.4286,是,,,,沽化县：闰正月元日，雷电大作，雨雪盈尺。二月，日出如血，大风霾。夏秋大旱，蝗，野无寸草。道槿相望，寇贼蜂起，人相食。——民国《沽化县志》卷七大事纪,沽化县：闰正月元日，雷电大作，雨雪盈尺。二月，日出如血，大风霾。夏秋大旱，蝗，野无寸草。道槿相望，寇贼蜂起，人相食。——民国《沽化县志》卷七大事纪,,,沽化县：闰正月元日，雷电大作，雨雪盈尺。二月，日出如血，大风霾。夏秋大旱，蝗，野无寸草。道槿相望，寇贼蜂起，人相食。——民国《沽化县志》卷七大事纪
1640,江苏,泰州,泰县,1640|江苏|泰|泰,明思宗崇祯十三年,无,泰州志,无,保留,"v3,v6,v7","v3,v6,v7",3,0.4286,是,,,,泰县：大旱，蝗。四月至七月不雨，河流竭，无禾。民饥流亡，人相食。——崇祯《泰州志》卷七灾祥,,,泰县：大旱，蝗。四月至七月不雨，河流竭，无禾。民饥流亡，人相食。——崇祯《泰州志》卷七灾祥,泰县：大旱，蝗。四月至七月不雨，河流竭，无禾。民饥流亡，人相食。——崇祯《泰州志》卷七灾祥
1640,山东,济南市,济南市,1640|山东|济南|济南,明思宗崇祯十三年,无,济南府志,无,保留,"v3,v4,v7","v3,v4,v7",3,0.4286,是,,,,济南市：闰月正朔，雷电，雨雪盈尺。五月，大旱。饥，树皮皆尽，发瘞肉以食。——道光《济南府志》卷二十灾祥,济南市：闰月正朔，雷电，雨雪盈尺。五月，大旱。饥，树皮皆尽，发瘞肉以食。——道光《济南府志》卷二十灾祥,,,济南市：闰月正朔，雷电，雨雪盈尺。五月，大旱。饥，树皮皆尽，发瘞肉以食。——道光《济南府志》卷二十灾祥
1640,河南,济源,济源县,1640|河南|济源|济源,明思宗崇祯十三年,无,济源县志,无,保留,"v3,v6,v7","v3,v6,v7",3,0.4286,是,,,,济源县：早饥，斗粟二千钱，父子兄弟自相食，中产以下多死绝。——乾隆《济源县志》卷一祥异,,,济源县：早饥，斗粟二千钱，父子兄弟自相食，中产以下多死绝。——乾隆《济源县志》卷一祥异,济源县：早饥，斗粟二千钱，父子兄弟自相食，中产以下多死绝。——乾隆《济源县志》卷一祥异
1640,山东,济南,济阳县,1640|山东|济南|济阳,明思宗崇祯十三年,无,济阳县志,无,保留,"v3,v4,v7","v3,v4,v7",3,0.4286,是,,,,济阳县：自五月至秋无雨，大饥，人相食。——顺治《济阳县志》灾,济阳县：自五月至秋无雨，大饥，人相食。——顺治《济阳县志》灾,,,济阳县：自五月至秋无雨，大饥，人相食。——顺治《济阳县志》灾
1640,河北,,涉县,1640|河北|涉,明思宗崇祯十三年,无,涉县志,无,保留,v6,v6,1,0.1429,是,,,,,,,涉县：大饥，民死七分，父食子。——顺治《涉县志》卷七灾变,
1640,山东,淄博市,淄博市,1640|山东|淄博|淄博,明思宗崇祯十三年,无,淄博县志,无,保留,"v3,v4,v7","v3,v4,v7",3,0.4286,是,,,,淄博市：大饥，人相食。——乾隆四十一年《淄博县志》卷三灾祥,淄博市：大饥，人相食。——乾隆四十一年《淄博县志》卷三灾祥,,,淄博市：大饥，人相食。——乾隆四十一年《淄博县志》卷三灾祥
1640,河北,,清河县,1640|河北|清河,明思宗崇祯十三年,无,清河县志,无,保留,v6,v6,1,0.1429,是,,,,,,,清河县：四月至七月，不雨。六月，清河涸。冬大饥，人且相食。——康熙《清河县志》卷十七灾祥,
1640,河南,焦作,温县,1640|河南|焦作|温,明思宗崇祯十三年,无,温县志,无,保留,"v3,v6,v7","v3,v6,v7",3,0.4286,是,,,,温县：大荒，人相食。——乾隆十一年《温县志》卷一灾祥,,,温县：大荒，人相食。——乾隆十一年《温县志》卷一灾祥,温县：大荒，人相食。——乾隆十一年《温县志》卷一灾祥
1640,山东,兖州市,兖州市,1640|山东|兖|兖,明思宗崇祯十三年,无,滋阳县志,无,保留,"v3,v4,v7","v3,v4,v7",3,0.4286,是,,,,兖州市：蝗，旱，奇荒。斗麦二两，瘟疫盛行，盗贼窃发，父子相食，人死过半。——康熙《滋阳县志》卷二灾异,兖州市：蝗，旱，奇荒。斗麦二两，瘟疫盛行，盗贼窃发，父子相食，人死过半。——康熙《滋阳县志》卷二灾异,,,兖州市：蝗，旱，奇荒。斗麦二两，瘟疫盛行，盗贼窃发，父子相食，人死过半。——康熙《滋阳县志》卷二灾异
1640,山东,枣庄,滕县,1640|山东|枣庄|滕,明思宗崇祯十三年,无,滕县志,无,保留,"v3,v4,v7","v3,v4,v7",3,0.4286,是,,,,滕县：大饥，人相食。——康熙《滕县志》卷二灾异,滕县：大饥，人相食。——康熙《滕县志》卷二灾异,,,滕县：大饥，人相食。——康熙《滕县志》卷二灾异
1640,山东,潍坊市,潍坊市,1640|山东|潍坊|潍坊,明思宗崇祯十三年,无,潍县志稿,无,保留,"v3,v4,v7","v3,v4,v7",3,0.4286,是,,,,潍坊市：岁大饥，斗粟千钱。冬尤甚，至人相食。——民国《潍县志稿》卷二通纪,潍坊市：岁大饥，斗粟千钱。冬尤甚，至人相食。——民国《潍县志稿》卷二通纪,,,潍坊市：岁大饥，斗粟千钱。冬尤甚，至人相食。——民国《潍县志稿》卷二通纪
1640,河北,,献县,1640|河北|献,明思宗崇祯十三年,无,献县志,无,保留,v6,v6,1,0.1429,是,,,,,,,献县：大旱，岁凶。民异姓者相食，骨肉相残者有之。——康熙《献县志》卷八祥异,
1640,河南,郑州,登封县,1640|河南|郑|登封,明思宗崇祯十三年,无,登封县志,无,保留,"v3,v6,v7","v3,v6,v7",3,0.4286,是,,,,登封县：大早，蝗蟄为灾。斗米价至二两，饿殍盈野，父子相食。——康熙《登封县志》卷九灾祥,,,登封县：大早，蝗蟄为灾。斗米价至二两，饿殍盈野，父子相食。——康熙《登封县志》卷九灾祥,登封县：大早，蝗蟄为灾。斗米价至二两，饿殍盈野，父子相食。——康熙《登封县志》卷九灾祥
1640,山东,青州市,青州市,1640|山东|青|青,明思宗崇祯十三年,无,益都县志,无,保留,"v3,v4,v7","v3,v4,v7",3,0.4286,是,,,,青州市：自六月不雨至八月，大蝗。十月，麦米菽斗谷二千有奇，群盗起，人父子相食，草木皮俱尽。——康熙《益都县志》卷十祥异,青州市：自六月不雨至八月，大蝗。十月，麦米菽斗谷二千有奇，群盗起，人父子相食，草木皮俱尽。——康熙《益都县志》卷十祥异,,,青州市：自六月不雨至八月，大蝗。十月，麦米菽斗谷二千有奇，群盗起，人父子相食，草木皮俱尽。——康熙《益都县志》卷十祥异
1640,河北,,盐山县,1640|河北|盐山,明思宗崇祯十三年,无,盐山县志,无,保留,v6,v6,1,0.1429,是,,,,,,,盐山县：三月十六日微雨，历夏秋不雨，禾苗尽枯，飞蝗遍野。斗米银四金，木皮草根剥掘俱尽，人民相食。——康熙《盐山县志》卷九灾祥,
1640,江苏,徐州,睢宁县,1640|江苏|徐|睢宁,明思宗崇祯十三年,无,睢宁县志,无,保留,"v3,v6,v7","v3,v6,v7",3,0.4286,是,,,,睢宁县：天下大旱，黄河水涸，斗票价至四钱，流亡载道，人相食。——康熙《睢宁县志》卷一祥异,,,睢宁县：天下大旱，黄河水涸，斗票价至四钱，流亡载道，人相食。——康熙《睢宁县志》卷一祥异,睢宁县：天下大旱，黄河水涸，斗票价至四钱，流亡载道，人相食。——康熙《睢宁县志》卷一祥异
1640,河南,开封,开封县,1640|河南|开封|开封,明思宗崇祯十三年,祥符,祥符县志,无,保留,"v6,v7","v6,v7",2,0.2857,是,,,,,,,开封县：蝗生四月以啮麦，霜生八月而杀禾，致使斗米两金。百姓之死于饿者不知凡几。死于相食者不知凡几。向之林林总总者十仅存四五矣。——顺治《祥符县志》卷六艺文,开封县：蝗生四月以啮麦，霜生八月而杀禾，致使斗米两金。百姓之死于饿者不知凡几。死于相食者不知凡几。向之林林总总者十仅存四五矣。——顺治《祥符县志》卷六艺文
1640,山东,烟台市,烟台市,1640|山东|烟台|烟台,明思宗崇祯十三年,无,福山县志,无,保留,"v3,v4,v7","v3,v4,v7",3,0.4286,是,,,,烟台市：自春徂秋无雨，蝗杀稼殆尽，人相食。——康熙《福山县志》卷一灾祥,烟台市：自春徂秋无雨，蝗杀稼殆尽，人相食。——康熙《福山县志》卷一灾祥,,,烟台市：自春徂秋无雨，蝗杀稼殆尽，人相食。——康熙《福山县志》卷一灾祥
1640,河南,商丘,虞城县,1640|河南|商丘|虞城,明思宗崇祯十三年,无,禹城县志,无,保留,"v3,v4,v7","v3,v4,v7",3,0.4286,是,,,,虞城县：天降奇荒，赤地千里，骨肉相食，饿莩遍野，民仪子遗。——康熙《禹城县志》卷六灾祥,虞城县：天降奇荒，赤地千里，骨肉相食，饿莩遍野，民仪子遗。——康熙《禹城县志》卷六灾祥,,,虞城县：天降奇荒，赤地千里，骨肉相食，饿莩遍野，民仪子遗。——康熙《禹城县志》卷六灾祥
1640,山东,济南,章丘县,1640|山东|济南|章丘,明思宗崇祯十三年,无,章邱县志,无,保留,"v3,v4,v7","v3,v4,v7",3,0.4286,是,,,,章丘县：大饥，斗米千钱，父子相食，人死大半。——康熙《章邱县志》卷一灾祥,章丘县：大饥，斗米千钱，父子相食，人死大半。——康熙《章邱县志》卷一灾祥,,,章丘县：大饥，斗米千钱，父子相食，人死大半。——康熙《章邱县志》卷一灾祥
1640,山东,济宁,汶上县,1640|山东|济宁|汶上,明思宗崇祯十三年,无,续修汶上县志,无,保留,"v3,v4,v7","v3,v4,v7",3,0.4286,是,,,,汶上县：大旱，蝗。斗米三金，父子兄弟互相食，土寇蜂起，民饥而死者十之八九。——康熙《续修汶上县志》卷五灾祥,汶上县：大旱，蝗。斗米三金，父子兄弟互相食，土寇蜂起，民饥而死者十之八九。——康熙《续修汶上县志》卷五灾祥,,,汶上县：大旱，蝗。斗米三金，父子兄弟互相食，土寇蜂起，民饥而死者十之八九。——康熙《续修汶上县志》卷五灾祥
1640,河北,,肃宁县,1640|河北|肃宁,明思宗崇祯十三年,无,肃宁县志,无,保留,v6,v6,1,0.1429,是,,,,,,,肃宁县：大旱，斗米银二两。人民相食，尸骸遍野。——乾隆《肃宁县志》卷一祥异,
1640,河北,,肥乡县,1640|河北|肥乡,明思宗崇祯十三年,无,肥乡县志,无,保留,v6,v6,1,0.1429,是,,,,,,,肥乡县：大疫，岁饥。树皮草粒皆尽，人相食，村无烟火。——雍正《肥乡县志》卷二灾祥,
1640,山东,泰安,肥城县,1640|山东|泰安|肥城,明思宗崇祯十三年,无,肥城县志书,无,保留,"v3,v4,v7","v3,v4,v7",3,0.4286,是,,,,肥城县：旱蝗相集，禾稼尽伤。甚而母子、兄弟、夫妇相食，惨不忍言，人民死者以亿万计。——康熙《肥城县志书》卷下灾祥,肥城县：旱蝗相集，禾稼尽伤。甚而母子、兄弟、夫妇相食，惨不忍言，人民死者以亿万计。——康熙《肥城县志书》卷下灾祥,,,肥城县：旱蝗相集，禾稼尽伤。甚而母子、兄弟、夫妇相食，惨不忍言，人民死者以亿万计。——康熙《肥城县志书》卷下灾祥
1640,山东,聊城,莘县,1640|山东|聊城|莘,明思宗崇祯十三年,无,莘县志,无,保留,"v3,v6,v7","v3,v6,v7",3,0.4286,是,,,,莘县：春夏大旱，每日风霾，大无禾。斗米银壹两二钱，民间食尽草子树皮。至有父子、兄弟、夫妇相食。惨状难悉。饥民为盗，蜂起焚掠。四境萧然。——光绪《莘县志》卷四饥异,,,莘县：春夏大旱，每日风霾，大无禾。斗米银壹两二钱，民间食尽草子树皮。至有父子、兄弟、夫妇相食。惨状难悉。饥民为盗，蜂起焚掠。四境萧然。——光绪《莘县志》卷四饥异,莘县：春夏大旱，每日风霾，大无禾。斗米银壹两二钱，民间食尽草子树皮。至有父子、兄弟、夫妇相食。惨状难悉。饥民为盗，蜂起焚掠。四境萧然。——光绪《莘县志》卷四饥异
1640,山东,莱芜,莱芜县,1640|山东|莱芜|莱芜,明思宗崇祯十三年,无,莱芜县志,无,保留,"v3,v4,v7","v3,v4,v7",3,0.4286,是,,,,莱芜县：大饥，斗栗数斤，人相食。——光绪《莱芜县志》卷二灾祥,莱芜县：大饥，斗栗数斤，人相食。——光绪《莱芜县志》卷二灾祥,,,莱芜县：大饥，斗栗数斤，人相食。——光绪《莱芜县志》卷二灾祥
1640,山东,菏泽市,菏泽市,1640|山东|菏泽|菏泽,明思宗崇祯十三年,无,菏泽县志,无,保留,"v3,v7","v3,v7",2,0.2857,是,,,,菏泽市：春夏不雨，…十月，斗米钱二千，民大饥。…十二月，人相食，初食已死，继食未死；初食道路之殍，继食闾巷之亲，甚至父子、祖孙、兄弟、夫妇互相杀食，官不能禁，异变也。——光绪《菏泽县志》卷十九灾祥,,,,菏泽市：春夏不雨，…十月，斗米钱二千，民大饥。…十二月，人相食，初食已死，继食未死；初食道路之殍，继食闾巷之亲，甚至父子、祖孙、兄弟、夫妇互相杀食，官不能禁，异变也。——光绪《菏泽县志》卷十九灾祥
1640,山东,菏泽,菏泽市,1640|山东|菏泽|菏泽,明思宗崇祯十三年,无,菏泽县志,无,保留,v4,v4,1,0.1429,是,,,,,菏泽市：春夏不雨，…十月，斗米钱二千，民大饥。…十二月，人相食，初食已死，继食未死；初食道路之殍，继食闾巷之亲，甚至父子、祖孙、兄弟，夫妇互相杀食，官不能禁，异变也。——光绪《菏泽县志》卷十九灾祥,,,
1640,安徽,宿州,萧县,1640|安徽|宿|萧,明思宗崇祯十三年,无,萧县志,无,保留,"v3,v6,v7","v3,v6,v7",3,0.4286,是,,,,萧县：大旱，虫生。二月初四日，黑风冻来，人莫能立。二十一日未时风沙迷天。秋蝗，无遗禾。民大饥，斗米三钱。人相食，骸骨饥籍，死者不胜纪，所在流亡，妇子易米三升，无复与者。——顺治《萧县志》卷五灾异,,,萧县：大旱，虫生。二月初四日，黑风冻来，人莫能立。二十一日未时风沙迷天。秋蝗，无遗禾。民大饥，斗米三钱。人相食，骸骨饥籍，死者不胜纪，所在流亡，妇子易米三升，无复与者。——顺治《萧县志》卷五灾异,萧县：大旱，虫生。二月初四日，黑风冻来，人莫能立。二十一日未时风沙迷天。秋蝗，无遗禾。民大饥，斗米三钱。人相食，骸骨饥籍，死者不胜纪，所在流亡，妇子易米三升，无复与者。——顺治《萧县志》卷五灾异
1640,山东,潍坊,诸城县,1640|山东|潍坊|诸城,明思宗崇祯十三年,无,诸城县志,无,保留,"v3,v4,v7","v3,v4,v7",3,0.4286,是,,,,诸城县：春正月，赈济。是年，旱蝗，人相食。——乾隆《诸城县志》卷二总纪,诸城县：春正月，赈济。是年，旱蝗，人相食。——乾隆《诸城县志》卷二总纪,,,诸城县：春正月，赈济。是年，旱蝗，人相食。——乾隆《诸城县志》卷二总纪
1640,山东,临沂,费县,1640|山东|临沂|费,明思宗崇祯十三年,无,费县志,无,保留,"v3,v4,v7","v3,v4,v7",3,0.4286,是,,,,费县：大旱。飞蝗蔽天，害稼。饥馑，人相食。——光绪《费县志》卷十六祥异,费县：大旱。飞蝗蔽天，害稼。饥馑，人相食。——光绪《费县志》卷十六祥异,,,费县：大旱。飞蝗蔽天，害稼。饥馑，人相食。——光绪《费县志》卷十六祥异
1640,河南,新乡,辉县,1640|河南|新乡|辉,明思宗崇祯十三年,无,辉县志,无,保留,"v3,v6,v7","v3,v6,v7",3,0.4286,是,,,,辉县：大蝗，秋盗起。十月，人相食，斗米千钱，市鬻人肉。——康熙《辉县志》卷十八灾祥,,,辉县：大蝗，秋盗起。十月，人相食，斗米千钱，市鬻人肉。——康熙《辉县志》卷十八灾祥,辉县：大蝗，秋盗起。十月，人相食，斗米千钱，市鬻人肉。——康熙《辉县志》卷十八灾祥
1640,河北,,迁安县,1640|河北|迁安,明思宗崇祯十三年,无,迁安县志,无,保留,v6,v6,1,0.1429,是,,,,,,,迁安县：夏五月，飞蝗遍野，大伤禾稼。大饥，斗米一两二钱，人相食，男妇剥树皮，榆柳俱尽。——康熙十八年《迁安县志》卷七灾祥,
1640,河南,开封,通许县,1640|河南|开封|通许,明思宗崇祯十三年,无,通许县志,无,保留,"v3,v6,v7","v3,v6,v7",3,0.4286,是,,,,通许县：大早，人相食。夏四月，蝗，无麦。秋八月，大霜杀禾。大饥，民相食。——康熙《通许县志》卷十灾祥,,,通许县：大早，人相食。夏四月，蝗，无麦。秋八月，大霜杀禾。大饥，民相食。——康熙《通许县志》卷十灾祥,通许县：大早，人相食。夏四月，蝗，无麦。秋八月，大霜杀禾。大饥，民相食。——康熙《通许县志》卷十灾祥
1640,河北,,遵化县,1640|河北|遵化,明思宗崇祯十三年,无,遵化州志,无,保留,v6,v6,1,0.1429,是,,,,,,,遵化县：蝗蝻遍野。秋冬大饥，人相食，冻饿死者枕藉道路。——康熙《遵化州志》卷二灾异,
1640,山东,济宁,邹县,1640|山东|济宁|邹,明思宗崇祯十三年,无,邹县志,无,保留,"v3,v4,v7","v3,v4,v7",3,0.4286,是,,,,邹县：八月降霜，九月水冻。米麦一斗价三两五钱，人食人肉，饥死十有九，居民相劫为食。官役捕之，群人山为盗。从此四境啸聚，岁岁不宁矣。——康熙十二年《邹县志》卷二灾乱,邹县：八月降霜，九月水冻。米麦一斗价三两五钱，人食人肉，饥死十有九，居民相劫为食。官役捕之，群人山为盗。从此四境啸聚，岁岁不宁矣。——康熙十二年《邹县志》卷二灾乱,,,邹县：八月降霜，九月水冻。米麦一斗价三两五钱，人食人肉，饥死十有九，居民相劫为食。官役捕之，群人山为盗。从此四境啸聚，岁岁不宁矣。——康熙十二年《邹县志》卷二灾乱
1640,山东,临沂,郯城县,1640|山东|临沂|郯城,明思宗崇祯十三年,无,郯城县志,无,保留,"v3,v4,v7","v3,v4,v7",3,0.4286,是,,,,郯城县：春夏大旱，飞蝗蔽野，害禾一空。…冬春数月活人相食，父食其子，兄食其弟，夫食其妻，村疃亲朋不敢往来。此实遇之非常奇灾也。——康熙《郯城县志》卷九灾祥,郯城县：春夏大旱，飞蝗蔽野，害禾一空。…冬春数月活人相食，父食其子，兄食其弟，夫食其妻，村疃亲朋不敢往来。此实遇之非常奇灾也。——康熙《郯城县志》卷九灾祥,,,郯城县：春夏大旱，飞蝗蔽野，害禾一空。…冬春数月活人相食，父食其子，兄食其弟，夫食其妻，村疃亲朋不敢往来。此实遇之非常奇灾也。——康熙《郯城县志》卷九灾祥
1640,安徽,六安,六安县,1640|安徽|六安|六安,明思宗崇祯十三年,六安州,重修六安州志,古地名识别说明,保留,"v3,v6,v7","v3,v6,v7",3,0.4286,是,,,,六安县：夏大旱，飞蝗蔽天。人相食。——康熙《重修六安州志》卷十祥异,,,六安县：夏大旱，飞蝗蔽天。人相食。——康熙《重修六安州志》卷十祥异,六安县：夏大旱，飞蝗蔽天。人相食。——康熙《重修六安州志》卷十祥异
1640,山东,青岛,平度县,1640|山东|青岛|平度,明思宗崇祯十三年,无,重修平度州志,无,保留,"v3,v4,v7","v3,v4,v7",3,0.4286,是,,,,平度县：沙鸡满天。旱，蝗。饥，至人相食。——道光《重修平度州志》卷二十六大事,平度县：沙鸡满天。旱，蝗。饥，至人相食。——道光《重修平度州志》卷二十六大事,,,平度县：沙鸡满天。旱，蝗。饥，至人相食。——道光《重修平度州志》卷二十六大事
1640,甘肃,定西,通渭县,1640|甘肃|定西|通渭,明思宗崇祯十三年,无,重修通渭县志,无,保留,v4,v4,1,0.1429,是,,,,,通渭县：大旱，岁饥，人相食。——《重修通渭县志》（光绪十九年），转引自《西北灾荒史》第437页。,,,
1640,甘肃,定西市,通渭县,1640|甘肃|定西|通渭,明思宗崇祯十三年,无,重修通渭县志转引西北灾荒史,无,需进一步分析,"v3,v7","v3,v7",2,0.2857,否,"同类 record 存在于 v1,v2,v3,v4,v5,v6,v7；本条仅存在于 v3,v7；占比 28.6%",,,通渭县：大旱，岁饥，人相食。——《重修通渭县志》（光绪十九年），转引自《西北灾荒史》第437页。,,,,通渭县：大旱，岁饥，人相食。——《重修通渭县志》（光绪十九年），转引自《西北灾荒史》第437页。
1640,河北,,阜城县,1640|河北|阜城,明思宗崇祯十三年,无,重修阜志,无,保留,v6,v6,1,0.1429,是,,,,,,,阜城县：大旱，蝗。斗米价银两余，人相食，只身不敢路行，至父子夫妇相食。——康熙《重修阜志》卷下祥异,
1640,甘肃,白银,靖远县,1640|甘肃|白银|靖远,明思宗崇祯十三年,无,重篆靖远卫志,无,保留,"v3,v4,v7","v3,v4,v7",3,0.4286,是,,,,靖远县：奇荒，人相食。——康熙《重篆靖远卫志》卷一祥异,靖远县：奇荒，人相食。——康熙《重篆靖远卫志》卷一祥异,,,靖远县：奇荒，人相食。——康熙《重篆靖远卫志》卷一祥异
1640,河北,,巨鹿县,1640|河北|巨鹿,明思宗崇祯十三年,无,钜鹿县志,无,保留,v6,v6,1,0.1429,是,,,,,,,巨鹿县：奇荒，人相食。——顺治《钜鹿县志》卷八灾异,
1640,安徽,铜陵,铜陵县,1640|安徽|铜陵|铜陵,明思宗崇祯十三年,无,铜陵县志,无,保留,"v3,v6,v7","v3,v6,v7",3,0.4286,是,,,,铜陵县：大水没圩。飞蝗蔽天。殍遍野，有剖肉以食者。——顺治《铜陵县志》卷七祥异,,,铜陵县：大水没圩。飞蝗蔽天。殍遍野，有剖肉以食者。——顺治《铜陵县志》卷七祥异,铜陵县：大水没圩。飞蝗蔽天。殍遍野，有剖肉以食者。——顺治《铜陵县志》卷七祥异
1640,甘肃,庆阳,镇原县,1640|甘肃|庆阳|镇原,明思宗崇祯十三年,无,镇原县志,无,保留,"v3,v4,v7","v3,v4,v7",3,0.4286,是,,,,镇原县：奇荒，斗米值银三两，人相食。——康熙《镇原县志》卷下灾异,镇原县：奇荒，斗米值银三两，人相食。——康熙《镇原县志》卷下灾异,,,镇原县：奇荒，斗米值银三两，人相食。——康熙《镇原县志》卷下灾异
1640,江苏,镇江,镇江市,1640|江苏|镇江|镇江,明思宗崇祯十三年,无,镇江府志,无,保留,"v3,v6,v7","v3,v6,v7",3,0.4286,是,,,,镇江市：是年旱蝗，民多疫，果有人相食之事。——康熙《镇江府志》卷四十三祥异,,,镇江市：是年旱蝗，民多疫，果有人相食之事。——康熙《镇江府志》卷四十三祥异,镇江市：是年旱蝗，民多疫，果有人相食之事。——康熙《镇江府志》卷四十三祥异
1640,山西,,长子县,1640|山西|长子,明思宗崇祯十三年,无,长子县志,无,保留,v6,v6,1,0.1429,是,,,,,,,长子县：漳河竭。大饥，人相食。——康熙《长子县志》卷一灾异,
1640,山东,滨州,邹平县,1640|山东|滨|邹平,明思宗崇祯十三年,无,长山县志,无,保留,"v3,v4,v7","v3,v4,v7",3,0.4286,是,,,,邹平县：闰正月元日，雷电，雨雪盈尺。二月，日出如血，大风霾。六月，日出人时赤如血。连岁旱饥，人相食。——康熙五十五年《长山县志》卷七灾祥,邹平县：闰正月元日，雷电，雨雪盈尺。二月，日出如血，大风霾。六月，日出人时赤如血。连岁旱饥，人相食。——康熙五十五年《长山县志》卷七灾祥,,,邹平县：闰正月元日，雷电，雨雪盈尺。二月，日出如血，大风霾。六月，日出人时赤如血。连岁旱饥，人相食。——康熙五十五年《长山县志》卷七灾祥
1640,山西,,长治县,1640|山西|长治,明思宗崇祯十三年,无,长治县志,无,保留,v6,v6,1,0.1429,是,,,,,,,长治县：春不雨，四月不雨，六月不雨。岁大饥，斗米银七钱，人相残食，僻巷荒郊无敢独行者。漳河竭。——乾隆《长治县志》卷二十一祥异,
1640,山东,济南,长清县,1640|山东|济南|长清,明思宗崇祯十三年,无,长清县志,无,保留,"v3,v4,v7","v3,v4,v7",3,0.4286,是,,,,长清县：大旱，人相食。——康熙《长清县志》卷十四灾祥,长清县：大旱，人相食。——康熙《长清县志》卷十四灾祥,,,长清县：大旱，人相食。——康熙《长清县志》卷十四灾祥
1640,山西,,阳城县,1640|山西|阳城,明思宗崇祯十三年,无,阳城县志,无,保留,v6,v6,1,0.1429,是,,,,,,,阳城县：夏无麦，秋无禾，人相食，骸骨遍地。——顺治《阳城县志》卷七祥异,
1640,山东,聊城,阳谷县,1640|山东|聊城|阳谷,明思宗崇祯十三年,无,阳谷县志,无,保留,"v3,v6,v7","v3,v6,v7",3,0.4286,是,,,,阳谷县：大饥，人相食。甚有食死尸，至于父子夫妇生烹而食者。——康熙十二年《阳谷县志》卷四灾异,,,阳谷县：大饥，人相食。甚有食死尸，至于父子夫妇生烹而食者。——康熙十二年《阳谷县志》卷四灾异,阳谷县：大饥，人相食。甚有食死尸，至于父子夫妇生烹而食者。——康熙十二年《阳谷县志》卷四灾异
1640,甘肃,陇南,武都县,1640|甘肃|陇南|武都,明思宗崇祯十三年,无,阶州志,无,保留,"v3,v4,v7","v3,v4,v7",3,0.4286,是,,,,武都县：岁大饥，百姓死亡无算，西门城外掘万人坑，甚至人相食。太守王询申请赈济，全活甚众。——康熙《阶州志》灾祥,武都县：岁大饥，百姓死亡无算，西门城外掘万人坑，甚至人相食。太守王询申请赈济，全活甚众。——康熙《阶州志》灾祥,,,武都县：岁大饥，百姓死亡无算，西门城外掘万人坑，甚至人相食。太守王询申请赈济，全活甚众。——康熙《阶州志》灾祥
1640,宁夏,固原,隆德县,1640|宁夏|固原|隆德,明思宗崇祯十三年,无,隆德县志,无,保留,"v3,v4,v7","v3,v4,v7",3,0.4286,是,,,,隆德县：不雨，自四月至秋八月。飞蝗蔽天，大饥，父子相食。——康熙《隆德县志》卷下,隆德县：不雨，自四月至秋八月。飞蝗蔽天，大饥，父子相食。——康熙《隆德县志》卷下,,,隆德县：不雨，自四月至秋八月。飞蝗蔽天，大饥，父子相食。——康熙《隆德县志》卷下
1640,河北,,雄县,1640|河北|雄,明思宗崇祯十三年,无,雄乘,无,保留,v6,v6,1,0.1429,是,,,,,,,雄县：夏秋大旱，荒歉，斗粟一两，道瘞相望，人相食。——康熙《雄乘》卷中祥异,
1640,安徽,阜阳,霍邱县,1640|安徽|阜阳|霍邱,明思宗崇祯十三年,无,霍邱县志,无,保留,"v3,v6,v7","v3,v6,v7",3,0.4286,是,,,,霍邱县：旱，蝗。大饥，斗米千钱，人至相食。——康熙《霍邱县志》卷二十灾祥,,,霍邱县：旱，蝗。大饥，斗米千钱，人至相食。——康熙《霍邱县志》卷二十灾祥,霍邱县：旱，蝗。大饥，斗米千钱，人至相食。——康熙《霍邱县志》卷二十灾祥
1640,河北,,青县,1640|河北|青,明思宗崇祯十三年,无,青县志,无,保留,v6,v6,1,0.1429,是,,,,,,,青县：自春不雨，至七月初二日始雨。旱，蝗。斗米值银一两五钱，人相食。——嘉庆《青县志》卷六祥异,
1640,安徽,阜阳,颍上县,1640|安徽|阜阳|颍上,明思宗崇祯十三年,无,颍上县志,无,保留,"v3,v6,v7","v3,v6,v7",3,0.4286,是,,,,颍上县：大饥，禾稼不登斗米千文，人多相食。——顺治《颍上县志》卷十一灾祥,,,颍上县：大饥，禾稼不登斗米千文，人多相食。——顺治《颍上县志》卷十一灾祥,颍上县：大饥，禾稼不登斗米千文，人多相食。——顺治《颍上县志》卷十一灾祥
1640,河北,,馆陶县,1640|河北|馆陶,明思宗崇祯十三年,无,馆陶县志,无,保留,v6,v6,1,0.1429,是,,,,,,,馆陶县：岁大饥，人相食。——康熙《馆陶县志》卷十二灾祥,
1640,山东,聊城,高唐县,1640|山东|聊城|高唐,明思宗崇祯十三年,高唐州,高唐州志,古地名识别说明,保留,"v3,v6,v7","v3,v6,v7",3,0.4286,是,,,,高唐县：春微雨，夏至秋亢旱不雨，禾黍尽干，一粒弗获。斗米千钱，草根树皮一望皆尽，至父子相食，妻孥不保，死者相枕藉，鸡犬无声，真亘古奇荒也。大率阖州百姓饥死者十之七八，病瘟及流亡在外者十之一二。——康熙十二年《高唐州志》卷九灾异,,,高唐县：春微雨，夏至秋亢旱不雨，禾黍尽干，一粒弗获。斗米千钱，草根树皮一望皆尽，至父子相食，妻孥不保，死者相枕藉，鸡犬无声，真亘古奇荒也。大率阖州百姓饥死者十之七八，病瘟及流亡在外者十之一二。——康熙十二年《高唐州志》卷九灾异,高唐县：春微雨，夏至秋亢旱不雨，禾黍尽干，一粒弗获。斗米千钱，草根树皮一望皆尽，至父子相食，妻孥不保，死者相枕藉，鸡犬无声，真亘古奇荒也。大率阖州百姓饥死者十之七八，病瘟及流亡在外者十之一二。——康熙十二年《高唐州志》卷九灾异
1640,山东,潍坊,高密县,1640|山东|潍坊|高密,明思宗崇祯十三年,无,高密县志,无,保留,"v3,v4,v7","v3,v4,v7",3,0.4286,是,,,,高密县：旱，蝗。大饥，人相食。——康熙《高密县志》卷九祥异,高密县：旱，蝗。大饥，人相食。——康熙《高密县志》卷九祥异,,,高密县：旱，蝗。大饥，人相食。——康熙《高密县志》卷九祥异
1640,山西,,高平县,1640|山西|高平,明思宗崇祯十三年,无,高平县志,无,保留,v6,v6,1,0.1429,是,,,,,,,高平县：旱，蝗。大饥，人相食。夏旱甚，秋无禾稼，飞蝗蔽野，食树叶几尽。——冬至，喙生不绝，入人家，与民争熟食。越明年春，析骸炊子，惨不忍闻。——顺治《高平县志》卷九祥异,
1640,河北,,高邑县,1640|河北|高邑,明思宗崇祯十三年,无,高邑县志,无,保留,v6,v6,1,0.1429,是,,,,,,,高邑县：岁大饥，民剥树皮，掘草根以食，至有人相食者。——康熙《高邑县志》卷中灾异,
1640,山西,,黎城县,1640|山西|黎城,明思宗崇祯十三年,无,黎城县志,无,保留,v6,v6,1,0.1429,是,,,,,,,黎城县：自春徂夏，不雨。岁大饥，人相食，时斗米银五钱，虽父子兄弟夫妇互相杀食，僻径荒郊无敢独行者。——康熙《黎城县志》卷二纪事,
1640,山东,济南,齐河县,1640|山东|济南|齐河,明思宗崇祯十三年,无,齐河县志,无,保留,"v3,v4,v7","v3,v4,v7",3,0.4286,是,,,,齐河县：蝗，旱，绵虫。大饥，人相食。土地荒芜，村落丘墟，斗米银一两余。——康熙《齐河县志》卷六灾祥,齐河县：蝗，旱，绵虫。大饥，人相食。土地荒芜，村落丘墟，斗米银一两余。——康熙《齐河县志》卷六灾祥,,,齐河县：蝗，旱，绵虫。大饥，人相食。土地荒芜，村落丘墟，斗米银一两余。——康熙《齐河县志》卷六灾祥
1640,河北,,赤城县,1640|河北|赤城,明思宗崇祯十三年,无,龙门县志,无,保留,v6,v6,1,0.1429,是,,,,,,,赤城县：夏大旱。六月，陨霜，禾稼尽死。大饥，人相食。——康熙《龙门县志》卷二灾祥,
1641,山西,运城,万荣县,1641|山西|运城|万荣,明思宗崇祯十四年,无,《万泉县志》,无,保留,"v1,v2,v3,v4,v5,v7","v1,v2,v3,v4,v5,v7",6,0.8571,是,,万荣县：复大旱，骨肉相食，人亡大半。——康熙《万泉县志》卷七祥异,万荣县：复大旱，骨肉相食，人亡大半。——康熙《万泉县志》卷七祥异,万荣县：复大旱，骨肉相食，人亡大半。——康熙《万泉县志》卷七祥异,万荣县：复大旱，骨肉相食，人亡大半。——康熙《万泉县志》卷七祥异,万荣县：复大旱，骨肉相食，人亡大半。——康熙《万泉县志》卷七祥异,,万荣县：复大旱，骨肉相食，人亡大半。——康熙《万泉县志》卷七祥异
1641,上海,上海,上海市,1641|上海|上海|上海,明思宗崇祯十四年,无,《上海县志》,无,保留,"v1,v2,v3,v4,v5,v7","v1,v2,v3,v4,v5,v7",6,0.8571,是,,上海市：夏大旱，蝗，米粟涌贵，饿殍载道。…是岁春大饥，斗米至三四钱，民食草木根皮俱尽，抛妻子，死者相枕。卖婆某氏抱人子女，至家杀之供饱啖，邻人闻所烹肉甚香，启锅视之，手足宛然，鸣官获之，立毙。——乾隆四十九年《上海县志》卷十二祥异,上海市：夏大旱，蝗，米粟涌贵，饿殍载道。…是岁春大饥，斗米至三四钱，民食草木根皮俱尽，抛妻子，死者相枕。卖婆某氏抱人子女，至家杀之供饱啖，邻人闻所烹肉甚香，启锅视之，手足宛然，鸣官获之，立毙。——乾隆四十九年《上海县志》卷十二祥异,上海市：夏大旱，蝗，米粟涌贵，饿殍载道。…是岁春大饥，斗米至三四钱，民食草木根皮俱尽，抛妻子，死者相枕。卖婆某氏抱人子女，至家杀之供饱啖，邻人闻所烹肉甚香，启锅视之，手足宛然，鸣官获之，立毙。——乾隆四十九年《上海县志》卷十二祥异,上海市：夏大旱，蝗，米粟涌贵，饿殍载道。…是岁春大饥，斗米至三四钱，民食草木根皮俱尽，抛妻子，死者相枕。卖婆某氏抱人子女，至家杀之供饱啖，邻人闻所烹肉甚香，启锅视之，手足宛然，鸣官获之，立毙。——乾隆四十九年《上海县志》卷十二祥异,上海市：夏大旱，蝗，米粟涌贵，饿殍载道。…是岁春大饥，斗米至三四钱，民食草木根皮俱尽，抛妻子，死者相枕。卖婆某氏抱人子女，至家杀之供饱啖，邻人闻所烹肉甚香，启锅视之，手足宛然，鸣官获之，立毙。——乾隆四十九年《上海县志》卷十二祥异,,上海市：夏大旱，蝗，米粟涌贵，饿殍载道。…是岁春大饥，斗米至三四钱，民食草木根皮俱尽，抛妻子，死者相枕。卖婆某氏抱人子女，至家杀之供饱啖，邻人闻所烹肉甚香，启锅视之，手足宛然，鸣官获之，立毙。——乾隆四十九年《上海县志》卷十二祥异
1641,河南,驻马店市,上蔡县,1641|河南|驻马店|上蔡,明思宗崇祯十四年,无,《上蔡县志》,无,保留,"v1,v2,v5,v6","v1,v2,v5,v6",4,0.5714,是,,上蔡县：是岁大饥，人相食。——康熙《上蔡县志》卷十二编年,上蔡县：是岁大饥，人相食。——康熙《上蔡县志》卷十二编年,,,上蔡县：是岁大饥，人相食。——康熙《上蔡县志》卷十二编年,上蔡县：是岁大饥，人相食。——康熙《上蔡县志》卷十二编年,
1641,河北,,东光县,1641|河北|东光,明思宗崇祯十四年,无,《东光县志》,无,保留,"v2,v3","v2,v3",2,0.2857,是,,,东光县：春大饥，或至父子夫妇相食。秋，稍熟。——康熙《东光县志》卷一機祥,东光县：春大饥，或至父子夫妇相食。秋，稍熟。——康熙《东光县志》卷一機祥,,,,
1641,山东,聊城,东阿县,1641|山东|聊城|东阿,明思宗崇祯十四年,无,《东阿县志》,无,保留,"v1,v2,v3,v4,v5,v7","v1,v2,v3,v4,v5,v7",6,0.8571,是,,东阿县：大旱，饥，人相食。——道光《东阿县志》卷二十二祥异,东阿县：大旱，饥，人相食。——道光《东阿县志》卷二十二祥异,东阿县：大旱，饥，人相食。——道光《东阿县志》卷二十二祥异,东阿县：大旱，饥，人相食。——道光《东阿县志》卷二十二祥异,东阿县：大旱，饥，人相食。——道光《东阿县志》卷二十二祥异,,东阿县：大旱，饥，人相食。——道光《东阿县志》卷二十二祥异
1641,甘肃,陇南,两当县,1641|甘肃|陇南|两当,明思宗崇祯十四年,无,《两当县志》,无,保留,"v1,v2,v3,v4,v5,v7","v1,v2,v3,v4,v5,v7",6,0.8571,是,,两当县：凶荒，茹草根，寻食木皮，甚至有食人肉者，尸骸满野，哭声震地。——康熙《两当县志》灾异,两当县：凶荒，茹草根，寻食木皮，甚至有食人肉者，尸骸满野，哭声震地。——康熙《两当县志》灾异,两当县：凶荒，茹草根，寻食木皮，甚至有食人肉者，尸骸满野，哭声震地。——康熙《两当县志》灾异,两当县：凶荒，茹草根，寻食木皮，甚至有食人肉者，尸骸满野，哭声震地。——康熙《两当县志》灾异,两当县：凶荒，茹草根，寻食木皮，甚至有食人肉者，尸骸满野，哭声震地。——康熙《两当县志》灾异,,两当县：凶荒，茹草根，寻食木皮，甚至有食人肉者，尸骸满野，哭声震地。——康熙《两当县志》灾异
1641,河南,郑州市,中牟县,1641|河南|郑|中牟,明思宗崇祯十四年,无,《中牟县志》,无,保留,"v1,v2,v5,v6","v1,v2,v5,v6",4,0.5714,是,,中牟县：大饥，人相食。——康熙《中牟县志》卷六祥异,中牟县：大饥，人相食。——康熙《中牟县志》卷六祥异,,,中牟县：大饥，人相食。——康熙《中牟县志》卷六祥异,中牟县：大饥，人相食。——康熙《中牟县志》卷六祥异,
1641,河北,,丰润县,1641|河北|丰润,明思宗崇祯十四年,无,《丰润县志》,无,保留,"v2,v3","v2,v3",2,0.2857,是,,,丰润县：大饥，人相食。——康熙《丰润县志》卷二灾祥,丰润县：大饥，人相食。——康熙《丰润县志》卷二灾祥,,,,
1641,山西,运城,临猗县,1641|山西|运城|临猗,明思宗崇祯十四年,无,《临晋县志》,无,保留,"v1,v2,v3,v4,v5,v7","v1,v2,v3,v4,v5,v7",6,0.8571,是,,临猗县：春，斗麦银一两三钱，木皮草根剥掘殆尽。人相食，僻巷无敢独行者，甚至父子夫妇互相杀食。——康熙《临晋县志》卷六灾祥,临猗县：春，斗麦银一两三钱，木皮草根剥掘殆尽。人相食，僻巷无敢独行者，甚至父子夫妇互相杀食。——康熙《临晋县志》卷六灾祥,临猗县：春，斗麦银一两三钱，木皮草根剥掘殆尽。人相食，僻巷无敢独行者，甚至父子夫妇互相杀食。——康熙《临晋县志》卷六灾祥,临猗县：春，斗麦银一两三钱，木皮草根剥掘殆尽。人相食，僻巷无敢独行者，甚至父子夫妇互相杀食。——康熙《临晋县志》卷六灾祥,临猗县：春，斗麦银一两三钱，木皮草根剥掘殆尽。人相食，僻巷无敢独行者，甚至父子夫妇互相杀食。——康熙《临晋县志》卷六灾祥,,临猗县：春，斗麦银一两三钱，木皮草根剥掘殆尽。人相食，僻巷无敢独行者，甚至父子夫妇互相杀食。——康熙《临晋县志》卷六灾祥
1641,山西,临汾市,临汾市,1641|山西|临汾|临汾,明思宗崇祯十四年,无,《临汾县志》,无,保留,"v2,v3","v2,v3",2,0.2857,是,,,临汾市：春大饥。自十三年大饥，到处木皮草根剥既尽，复食人，至有父子、夫妇、兄弟相食者。至是午春，斗米麦自八九钱至一两二钱、一两五六钱者。黄昏不敢行。——康熙五十七年《临汾县志》卷五祥异,临汾市：春大饥。自十三年大饥，到处木皮草根剥既尽，复食人，至有父子、夫妇、兄弟相食者。至是午春，斗米麦自八九钱至一两二钱、一两五六钱者。黄昏不敢行。——康熙五十七年《临汾县志》卷五祥异,,,,
1641,陕西,西安,临潼县,1641|陕西|西安|临潼,明思宗崇祯十四年,无,《临潼县志》,无,保留,"v1,v2,v3,v4,v7","v1,v2,v3,v4,v7",5,0.7143,是,,临潼县：（十三年）粟价腾贵，斗米二钱。至次年春十倍其值，罢市，木皮石面皆尽，父子夫妇相割啖，道殛充积，十亡八九。——康熙《临潼县志》卷六祥异,临潼县：（十三年）粟价腾贵，斗米二钱。至次年春十倍其值，罢市，木皮石面皆尽，父子夫妇相割啖，道殛充积，十亡八九。——康熙《临潼县志》卷六祥异,临潼县：（十三年）粟价腾贵，斗米二钱。至次年春十倍其值，罢市，木皮石面皆尽，父子夫妇相割啖，道殛充积，十亡八九。——康熙《临潼县志》卷六祥异,临潼县：（十三年）粟价腾贵，斗米二钱。至次年春十倍其值，罢市，木皮石面皆尽，父子夫妇相割啖，道殛充积，十亡八九。——康熙《临潼县志》卷六祥异,,,临潼县：（十三年）粟价腾贵，斗米二钱。至次年春十倍其值，罢市，木皮石面皆尽，父子夫妇相割啖，道殛充积，十亡八九。——康熙《临潼县志》卷六祥异
1641,陕西,,临潼县,1641|陕西|临潼,明思宗崇祯十四年,无,《临潼县志》,无,保留,v5,v5,1,0.1429,是,,,,,,临潼县：（十三年）粟价腾贵，斗米二钱。至次年春十倍其值，罢市，木皮石面皆尽，父子夫妇相割啖，道殣充积，十亡八九。——康熙《临潼县志》卷六祥异,,
1641,山东,德州,临邑县,1641|山东|德|临邑,明思宗崇祯十四年,无,《临邑县志》,无,保留,"v1,v2,v3,v4,v5,v7","v1,v2,v3,v4,v5,v7",6,0.8571,是,,临邑县：旱，饥，人相食。——道光《临邑县志》卷十六纪祥,临邑县：旱，饥，人相食。——道光《临邑县志》卷十六纪祥,临邑县：旱，饥，人相食。——道光《临邑县志》卷十六纪祥,临邑县：旱，饥，人相食。——道光《临邑县志》卷十六纪祥,临邑县：旱，饥，人相食。——道光《临邑县志》卷十六纪祥,,临邑县：旱，饥，人相食。——道光《临邑县志》卷十六纪祥
1641,河南,漯河市,临颍县,1641|河南|漯河|临颍,明思宗崇祯十四年,无,《临颍县续志》,无,保留,"v1,v2,v5,v6","v1,v2,v5,v6",4,0.5714,是,,临颍县：春正月，斗米二千，麦钱一千八百，人相食。四月大疫。——乾隆《临颍县续志》卷七灾祥,临颍县：春正月，斗米二千，麦钱一千八百，人相食。四月大疫。——乾隆《临颍县续志》卷七灾祥,,,临颍县：春正月，斗米二千，麦钱一千八百，人相食。四月大疫。——乾隆《临颍县续志》卷七灾祥,临颍县：春正月，斗米二千，麦钱一千八百，人相食。四月大疫。——乾隆《临颍县续志》卷七灾祥,
1641,山东,德州,乐陵县,1641|山东|德|乐陵,明思宗崇祯十四年,无,《乐陵县志》,无,保留,"v1,v2,v3,v4,v5,v7","v1,v2,v3,v4,v5,v7",6,0.8571,是,,乐陵县：旱，饥，人相食。——乾隆《乐陵县志》卷三祥异,乐陵县：旱，饥，人相食。——乾隆《乐陵县志》卷三祥异,乐陵县：旱，饥，人相食。——乾隆《乐陵县志》卷三祥异,乐陵县：旱，饥，人相食。——乾隆《乐陵县志》卷三祥异,乐陵县：旱，饥，人相食。——乾隆《乐陵县志》卷三祥异,,乐陵县：旱，饥，人相食。——乾隆《乐陵县志》卷三祥异
1641,山西,,乡宁县,1641|山西|乡宁,明思宗崇祯十四年,无,《乡宁县志》,无,保留,"v2,v3","v2,v3",2,0.2857,是,,,乡宁县：奇荒，人相食。——民国《乡宁县志》卷八大事记,乡宁县：奇荒，人相食。——民国《乡宁县志》卷八大事记,,,,
1641,河北,,清苑县,1641|河北|清苑,明思宗崇祯十四年,无,《保定府志》,无,保留,"v2,v3","v2,v3",2,0.2857,是,,,清苑县：春二月，黄雾四塞。大饥，人相食。——康熙《保定府志》卷二十六祥异,清苑县：春二月，黄雾四塞。大饥，人相食。——康熙《保定府志》卷二十六祥异,,,,
1641,山西,,偏关县,1641|山西|偏关,明思宗崇祯十四年,无,《偏关志》,无,保留,"v2,v3","v2,v3",2,0.2857,是,,,偏关县：夏大饥，斗米银八钱，死者山积，人相食。——道光增修《偏关志》志余,偏关县：夏大饥，斗米银八钱，死者山积，人相食。——道光增修《偏关志》志余,,,,
1641,河北,,大名县,1641|河北|大名,明思宗崇祯十四年,无,《元城县志》,无,保留,"v2,v3","v2,v3",2,0.2857,是,,,大名县：大旱，飞蝗食麦。瘟疫，人死大半，互相杀食。——康熙《元城县志》卷一年纪,大名县：大旱，飞蝗食麦。瘟疫，人死大半，互相杀食。——康熙《元城县志》卷一年纪,,,,
1641,安徽,六安市,霍山县,1641|安徽|六安|霍山,明思宗崇祯十四年,无,《六安州志》,无,保留,"v1,v2,v5,v6","v1,v2,v5,v6",4,0.5714,是,,霍山县：春，霍山大饥，人相食。——乾隆《六安州志》卷二十四祥异,霍山县：春，霍山大饥，人相食。——乾隆《六安州志》卷二十四祥异,,,霍山县：春，霍山大饥，人相食。——乾隆《六安州志》卷二十四祥异,霍山县：春，霍山大饥，人相食。——乾隆《六安州志》卷二十四祥异,
1641,河北,,冀县,1641|河北|冀,明思宗崇祯十四年,无,《冀州志》,无,保留,"v2,v3","v2,v3",2,0.2857,是,,,冀县：大饥，小米一斗钱八百。初食死人，继食生人，甚有食子女，将人肉市卖无忌。——康熙《冀州志》卷一祥异,冀县：大饥，小米一斗钱八百。初食死人，继食生人，甚有食子女，将人肉市卖无忌。——康熙《冀州志》卷一祥异,,,,
1641,陕西,渭南,潼关县,1641|陕西|渭南|潼关,明思宗崇祯十四年,无,《凤翔县志》,无,保留,"v1,v3,v4,v7","v1,v3,v4,v7",4,0.5714,是,,潼关县：春饥，斗米二两八钱，人相食，死者以亿万计。是年大疫。——乾隆《凤翔县志》卷十祥异,,潼关县：春饥，斗米二两八钱，人相食，死者以亿万计。是年大疫。——乾隆《凤翔县志》卷十祥异,潼关县：春饥，斗米二两八钱，人相食，死者以亿万计。是年大疫。——乾隆《凤翔县志》卷十祥异,,,潼关县：春饥，斗米二两八钱，人相食，死者以亿万计。是年大疫。——乾隆《凤翔县志》卷十祥异
1641,安徽,池州市,东至县,1641|安徽|池|东至,明思宗崇祯十四年,建德,《华东地区近五百年气候历史资料》,无,保留,"v1,v2,v5,v6","v1,v2,v5,v6",4,0.5714,是,,东至县：建德冬月，民大饥，有惊人而食者。——《华东地区近五百年气候历史资料》第三分册，第152页。,东至县：建德冬月，民大饥，有惊人而食者。——《华东地区近五百年气候历史资料》第三分册，第152页。,,,东至县：建德冬月，民大饥，有惊人而食者。——《华东地区近五百年气候历史资料》第三分册，第152页。,东至县：建德冬月，民大饥，有惊人而食者。——《华东地区近五百年气候历史资料》第三分册，第152页。,
1641,安徽,安庆市,怀宁县,1641|安徽|安庆|怀宁,明思宗崇祯十四年,无,《华东地区近五百年气候历史资料》,无,保留,"v1,v2,v5,v6","v1,v2,v5,v6",4,0.5714,是,,怀宁、宿松、望江、潜山、桐城：大旱，瘟疫。怀宁人相食，死者枕藉。宿松饥。潜山人死者枕藉，饥者刈人为食，无敢独行道路者。——《华东地区近五百年气候历史资料》第三分册，第131页。,怀宁、宿松、望江、潜山、桐城：大旱，瘟疫。怀宁人相食，死者枕藉。宿松饥。潜山人死者枕藉，饥者刈人为食，无敢独行道路者。——《华东地区近五百年气候历史资料》第三分册，第131页。,,,怀宁、宿松、望江、潜山、桐城：大旱，瘟疫。怀宁人相食，死者枕藉。宿松饥。潜山人死者枕藉，饥者刈人为食，无敢独行道路者。——《华东地区近五百年气候历史资料》第三分册，第131页。,怀宁、宿松、望江、潜山、桐城：大旱，瘟疫。怀宁人相食，死者枕藉。宿松饥。潜山人死者枕藉，饥者刈人为食，无敢独行道路者。——《华东地区近五百年气候历史资料》第三分册，第131页。,
1641,安徽,安庆市,潜山县,1641|安徽|安庆|潜山,明思宗崇祯十四年,无,《华东地区近五百年气候历史资料》,无,保留,"v1,v2,v5,v6","v1,v2,v5,v6",4,0.5714,是,,怀宁、宿松、望江、潜山、桐城：大旱，瘟疫。怀宁人相食，死者枕藉。宿松饥。潜山人死者枕藉，饥者刈人为食，无敢独行道路者。——《华东地区近五百年气候历史资料》第三分册，第131页。,怀宁、宿松、望江、潜山、桐城：大旱，瘟疫。怀宁人相食，死者枕藉。宿松饥。潜山人死者枕藉，饥者刈人为食，无敢独行道路者。——《华东地区近五百年气候历史资料》第三分册，第131页。,,,怀宁、宿松、望江、潜山、桐城：大旱，瘟疫。怀宁人相食，死者枕藉。宿松饥。潜山人死者枕藉，饥者刈人为食，无敢独行道路者。——《华东地区近五百年气候历史资料》第三分册，第131页。,怀宁、宿松、望江、潜山、桐城：大旱，瘟疫。怀宁人相食，死者枕藉。宿松饥。潜山人死者枕藉，饥者刈人为食，无敢独行道路者。——《华东地区近五百年气候历史资料》第三分册，第131页。,
1641,河北,,安新县,1641|河北|安新,明思宗崇祯十四年,无,《华北、东北近五百年旱涝史料》,无,保留,v2,v2,1,0.1429,是,,,安新县：大饥，人相食。——《华北、东北近五百年旱涝史料》第二分册，第57页,,,,,
1641,河南,开封市,开封县,1641|河南|开封|开封,明思宗崇祯十四年,无,《华北、东北近五百年旱涝史料》,无,保留,"v1,v2,v5,v6","v1,v2,v5,v6",4,0.5714,是,,开封县：夏大疫，人相食。——《华北、东北近五百年旱涝史料》第四分册，第29页。,开封县：夏大疫，人相食。——《华北、东北近五百年旱涝史料》第四分册，第29页。,,,开封县：夏大疫，人相食。——《华北、东北近五百年旱涝史料》第四分册，第29页。,开封县：夏大疫，人相食。——《华北、东北近五百年旱涝史料》第四分册，第29页。,
1641,河北,,河间县,1641|河北|河间,明思宗崇祯十四年,无,《华北、东北近五百年旱涝史料》,无,保留,v2,v2,1,0.1429,是,,,河间县：旱如故，死徒流亡载道，蝗飞满天，人相食。——《华北、东北近五百年旱涝史料》第二分册，第30页,,,,,
1641,河北,,正定县,1641|河北|正定,明思宗崇祯十四年,无,《华北、东北近五百年旱涝史料》,无,保留,v2,v2,1,0.1429,是,,,正定县：大旱，民饥。夏大疫…人相食，死亡塞道。——《华北、东北近五百年旱涝史料》第二分册，第80页,,,,,
1641,河南,濮阳市,南乐县,1641|河南|濮阳|南乐,明思宗崇祯十四年,无,《南乐县志》,无,保留,"v1,v2,v5,v6","v1,v2,v5,v6",4,0.5714,是,,南乐县：疫大行，死者十之七。…，岁大歉。斗粟千钱，人相食。——康熙《南乐县志》卷九纪年,南乐县：疫大行，死者十之七。…，岁大歉。斗粟千钱，人相食。——康熙《南乐县志》卷九纪年,,,南乐县：疫大行，死者十之七。…，岁大歉。斗粟千钱，人相食。——康熙《南乐县志》卷九纪年,南乐县：疫大行，死者十之七。…，岁大歉。斗粟千钱，人相食。——康熙《南乐县志》卷九纪年,
1641,河北,,南和县,1641|河北|南和,明思宗崇祯十四年,无,《南和县志》,无,保留,"v2,v3","v2,v3",2,0.2857,是,,,南和县：大早，人相食。瘟疫大行，死者枕藉。——康熙《南和县志》卷一灾祥,南和县：大早，人相食。瘟疫大行，死者枕藉。——康熙《南和县志》卷一灾祥,,,,
1641,河北,,南宫县,1641|河北|南宫,明思宗崇祯十四年,无,《南宫县志》,原文写作'南宫市'，应为'南宫县',保留,"v2,v3","v2,v3",2,0.2857,是,,,南宫市：亢杭，人民饥馁，至有父兄弟相残食者。——康熙《南宫县志》卷五事异,南宫市：亢杭，人民饥馁，至有父兄弟相残食者。——康熙《南宫县志》卷五事异,,,,
1641,山东,淄博市,博山区,1641|山东|淄博|博山,明思宗崇祯十四年,无,《博山县志》,无,保留,"v4,v5","v4,v5",2,0.2857,是,,,,,淄博市：岁荐饥，斗米值一两八钱，人相食。龙泉、范泉尽涸，孝妇河十里下亦绝流。——乾隆《博山县志》卷四灾祥,淄博市：岁荐饥，斗米值一两八钱，人相食。龙泉、范泉尽涸，孝妇河十里下亦绝流。——乾隆《博山县志》卷四灾祥,,
1641,山东,淄博,淄博市,1641|山东|淄博|淄博,明思宗崇祯十四年,无,《博山县志》,无,保留,"v1,v2,v3,v7","v1,v2,v3,v7",4,0.5714,是,,淄博市：岁荐饥，斗米值一两八钱，人相食。龙泉、范泉尽涸，孝妇河十里下亦绝流。——乾隆《博山县志》卷四灾祥,淄博市：岁荐饥，斗米值一两八钱，人相食。龙泉、范泉尽涸，孝妇河十里下亦绝流。——乾隆《博山县志》卷四灾祥,淄博市：岁荐饥，斗米值一两八钱，人相食。龙泉、范泉尽涸，孝妇河十里下亦绝流。——乾隆《博山县志》卷四灾祥,,,,淄博市：岁荐饥，斗米值一两八钱，人相食。龙泉、范泉尽涸，孝妇河十里下亦绝流。——乾隆《博山县志》卷四灾祥
1641,河北,,博野县,1641|河北|博野,明思宗崇祯十四年,无,《博野县志》,无,保留,"v2,v3","v2,v3",2,0.2857,是,,,博野县：大旱，人食人。——康熙《博野县志》卷四祥异,博野县：大旱，人食人。——康熙《博野县志》卷四祥异,,,,
1641,陕西,西安,长安县,1641|陕西|西安|长安,明思宗崇祯十四年,无,《咸宁县志》,无,保留,"v1,v2,v3,v4,v5,v7","v1,v2,v3,v4,v5,v7",6,0.8571,是,,长安县：春，斗米值银二两，市罢枭。道瘞蚁集，至人相食。——康熙《咸宁县志》卷七祥异,长安县：春，斗米值银二两，市罢枭。道瘞蚁集，至人相食。——康熙《咸宁县志》卷七祥异,长安县：春，斗米值银二两，市罢枭。道瘞蚁集，至人相食。——康熙《咸宁县志》卷七祥异,长安县：春，斗米值银二两，市罢枭。道瘞蚁集，至人相食。——康熙《咸宁县志》卷七祥异,长安县：春，斗米值银二两，市罢枭。道瘞蚁集，至人相食。——康熙《咸宁县志》卷七祥异,,长安县：春，斗米值银二两，市罢枭。道瘞蚁集，至人相食。——康熙《咸宁县志》卷七祥异
1641,河北,,隆尧县,1641|河北|隆尧,明思宗崇祯十四年,无,《唐山县志》,无,保留,"v2,v3","v2,v3",2,0.2857,是,,,隆尧县：饥甚，骨肉相食，儿无子遗。——康熙《唐山县志》卷一祥异,隆尧县：饥甚，骨肉相食，儿无子遗。——康熙《唐山县志》卷一祥异,,,,
1641,河南,信阳市,商城县,1641|河南|信阳|商城,明思宗崇祯十四年,无,《商城县志》,无,保留,"v1,v2,v5,v6","v1,v2,v5,v6",4,0.5714,是,,商城县：城破。升米千钱，田荒，人相食，大疫。——康熙《商城县志》卷八灾祥,商城县：城破。升米千钱，田荒，人相食，大疫。——康熙《商城县志》卷八灾祥,,,商城县：城破。升米千钱，田荒，人相食，大疫。——康熙《商城县志》卷八灾祥,商城县：城破。升米千钱，田荒，人相食，大疫。——康熙《商城县志》卷八灾祥,
1641,山东,德州,商河县,1641|山东|德|商河,明思宗崇祯十四年,无,《商河县志》,无,保留,"v1,v2,v3,v4,v5,v7","v1,v2,v3,v4,v5,v7",6,0.8571,是,,商河县：旱，饥，人相食。——道光《商河县志》卷三祥异,商河县：旱，饥，人相食。——道光《商河县志》卷三祥异,商河县：旱，饥，人相食。——道光《商河县志》卷三祥异,商河县：旱，饥，人相食。——道光《商河县志》卷三祥异,商河县：旱，饥，人相食。——道光《商河县志》卷三祥异,,商河县：旱，饥，人相食。——道光《商河县志》卷三祥异
1641,浙江,嘉兴,嘉兴市,1641|浙江|嘉兴|嘉兴,明思宗崇祯十四年,无,《嘉兴县志》,无,保留,"v1,v2,v3,v4,v5,v7","v1,v2,v3,v4,v5,v7",6,0.8571,是,,嘉兴市：米价腾贵，石至四两，饿民子西城上剔人肉以充食。——康熙《嘉兴县志》卷八外纪,嘉兴市：米价腾贵，石至四两，饿民子西城上剔人肉以充食。——康熙《嘉兴县志》卷八外纪,嘉兴市：米价腾贵，石至四两，饿民子西城上剔人肉以充食。——康熙《嘉兴县志》卷八外纪,嘉兴市：米价腾贵，石至四两，饿民子西城上剔人肉以充食。——康熙《嘉兴县志》卷八外纪,嘉兴市：米价腾贵，石至四两，饿民子西城上剔人肉以充食。——康熙《嘉兴县志》卷八外纪,,嘉兴市：米价腾贵，石至四两，饿民子西城上剔人肉以充食。——康熙《嘉兴县志》卷八外纪
1641,河南,信阳市,固始县,1641|河南|信阳|固始,明思宗崇祯十四年,无,《固始县志》,无,保留,"v1,v2,v5,v6","v1,v2,v5,v6",4,0.5714,是,,固始县：春大饥，夏大疫。人相食，疫死者五六。——顺治《固始县志》卷九灾异,固始县：春大饥，夏大疫。人相食，疫死者五六。——顺治《固始县志》卷九灾异,,,固始县：春大饥，夏大疫。人相食，疫死者五六。——顺治《固始县志》卷九灾异,固始县：春大饥，夏大疫。人相食，疫死者五六。——顺治《固始县志》卷九灾异,
1641,山东,聊城,冠县,1641|山东|聊城|冠,明思宗崇祯十四年,无,《堂邑县志》,无,保留,"v1,v2,v3,v4,v5,v7","v1,v2,v3,v4,v5,v7",6,0.8571,是,,冠县：春又不雨，千钱斗米，即谷糠亦斗值百钱。母食其子，妇食其夫，即葬埋逾旬者，犹盗掘而分尸之。夏初，瘟疫大行，家无幸免。至秋飞蝗蔽天，即由寸草亦蚕食无遗。人死于瘟，死于饿，死于贼十有八九，乡村落空，地荒屋毁，几无人迹。此亘古未见之奇荒。——顺治《堂邑县志》卷三灾祥,冠县：春又不雨，千钱斗米，即谷糠亦斗值百钱。母食其子，妇食其夫，即葬埋逾旬者，犹盗掘而分尸之。夏初，瘟疫大行，家无幸免。至秋飞蝗蔽天，即由寸草亦蚕食无遗。人死于瘟，死于饿，死于贼十有八九，乡村落空，地荒屋毁，几无人迹。此亘古未见之奇荒。——顺治《堂邑县志》卷三灾祥,冠县：春又不雨，千钱斗米，即谷糠亦斗值百钱。母食其子，妇食其夫，即葬埋逾旬者，犹盗掘而分尸之。夏初，瘟疫大行，家无幸免。至秋飞蝗蔽天，即由寸草亦蚕食无遗。人死于瘟，死于饿，死于贼十有八九，乡村落空，地荒屋毁，几无人迹。此亘古未见之奇荒。——顺治《堂邑县志》卷三灾祥,冠县：春又不雨，千钱斗米，即谷糠亦斗值百钱。母食其子，妇食其夫，即葬埋逾旬者，犹盗掘而分尸之。夏初，瘟疫大行，家无幸免。至秋飞蝗蔽天，即由寸草亦蚕食无遗。人死于瘟，死于饿，死于贼十有八九，乡村落空，地荒屋毁，几无人迹。此亘古未见之奇荒。——顺治《堂邑县志》卷三灾祥,冠县：春又不雨，千钱斗米，即谷糠亦斗值百钱。母食其子，妇食其夫，即葬埋逾旬者，犹盗掘而分尸之。夏初，瘟疫大行，家无幸免。至秋飞蝗蔽天，即由寸草亦蚕食无遗。人死于瘟，死于饿，死于贼十有八九，乡村落空，地荒屋毁，几无人迹。此亘古未见之奇荒。——顺治《堂邑县志》卷三灾祥,,冠县：春又不雨，千钱斗米，即谷糠亦斗值百钱。母食其子，妇食其夫，即葬埋逾旬者，犹盗掘而分尸之。夏初，瘟疫大行，家无幸免。至秋飞蝗蔽天，即由寸草亦蚕食无遗。人死于瘟，死于饿，死于贼十有八九，乡村落空，地荒屋毁，几无人迹。此亘古未见之奇荒。——顺治《堂邑县志》卷三灾祥
1641,山西,,壶关县,1641|山西|壶关,明思宗崇祯十四年,无,《壶关县志》,无,保留,"v2,v3","v2,v3",2,0.2857,是,,,壶关县：春，斗米银七钱。民掘草根、剥树皮以食，死者不计其数。尤可惨者，生者食死之肉。更有父子兄弟相食者。——康熙《壶关县志》卷一灾祥,壶关县：春，斗米银七钱。民掘草根、剥树皮以食，死者不计其数。尤可惨者，生者食死之肉。更有父子兄弟相食者。——康熙《壶关县志》卷一灾祥,,,,
1641,山东,德州,夏津县,1641|山东|德|夏津,明思宗崇祯十四年,无,《夏津县志》,无,保留,"v1,v2,v3,v4,v5,v7","v1,v2,v3,v4,v5,v7",6,0.8571,是,,夏津县：大饥，斗米两银，人相食。——康熙《夏津县志》卷五灾异,夏津县：大饥，斗米两银，人相食。——康熙《夏津县志》卷五灾异,夏津县：大饥，斗米两银，人相食。——康熙《夏津县志》卷五灾异,夏津县：大饥，斗米两银，人相食。——康熙《夏津县志》卷五灾异,夏津县：大饥，斗米两银，人相食。——康熙《夏津县志》卷五灾异,,夏津县：大饥，斗米两银，人相食。——康熙《夏津县志》卷五灾异
1641,上海,上海,嘉定县,1641|上海|上海|嘉定,明思宗崇祯十四年,无,《外冈志》,无,保留,"v1,v2,v3,v4,v5,v7","v1,v2,v3,v4,v5,v7",6,0.8571,是,,嘉定县：旱魃为虐，自三月不雨，至七月河底迸裂，赤地千里。斗米千钱，饥馑载道，易子而食。——崇祯《外冈志》卷二祥异,嘉定县：旱魃为虐，自三月不雨，至七月河底迸裂，赤地千里。斗米千钱，饥馑载道，易子而食。——崇祯《外冈志》卷二祥异,嘉定县：旱魃为虐，自三月不雨，至七月河底迸裂，赤地千里。斗米千钱，饥馑载道，易子而食。——崇祯《外冈志》卷二祥异,嘉定县：旱魃为虐，自三月不雨，至七月河底迸裂，赤地千里。斗米千钱，饥馑载道，易子而食。——崇祯《外冈志》卷二祥异,嘉定县：旱魃为虐，自三月不雨，至七月河底迸裂，赤地千里。斗米千钱，饥馑载道，易子而食。——崇祯《外冈志》卷二祥异,,嘉定县：旱魃为虐，自三月不雨，至七月河底迸裂，赤地千里。斗米千钱，饥馑载道，易子而食。——崇祯《外冈志》卷二祥异
1641,河北,,大城县,1641|河北|大城,明思宗崇祯十四年,无,《大城县志》,无,保留,"v2,v3","v2,v3",2,0.2857,是,,,大城县：春，大饥。人相食。道雍相望。——康熙《大城县志》卷八灾异,大城县：春，大饥。人相食。道雍相望。——康熙《大城县志》卷八灾异,,,,
1641,陕西,渭南,大荔县,1641|陕西|渭南|大荔,明思宗崇祯十四年,无,《大荔县志》,无,保留,"v1,v2,v3,v4,v5,v7","v1,v2,v3,v4,v5,v7",6,0.8571,是,,大荔县：岁大荒，斗栗值钱三千，人相食。——乾隆五十一年《大荔县志》卷十三贤能,大荔县：岁大荒，斗栗值钱三千，人相食。——乾隆五十一年《大荔县志》卷十三贤能,大荔县：岁大荒，斗栗值钱三千，人相食。——乾隆五十一年《大荔县志》卷十三贤能,大荔县：岁大荒，斗栗值钱三千，人相食。——乾隆五十一年《大荔县志》卷十三贤能,大荔县：岁大荒，斗栗值钱三千，人相食。——乾隆五十一年《大荔县志》卷十三贤能,,大荔县：岁大荒，斗栗值钱三千，人相食。——乾隆五十一年《大荔县志》卷十三贤能
1641,安徽,,天长县,1641|安徽|天长,明思宗崇祯十四年,无,《天长县志》,无,保留,v6,v6,1,0.1429,是,,,,,,,天长县：大旱，人民相食，忽流言山出石面，饥民取面和榆屑食之，后皆肿死。——康熙《天长县志》卷一灾异附,
1641,安徽,滁州市,天长县,1641|安徽|滁|天长,明思宗崇祯十四年,无,《天长县志》,无,保留,"v1,v2,v5","v1,v2,v5",3,0.4286,是,,天长县：大旱，人民相食，忽流言山出石面，饥民取面和榆屑食之，后皆肿死。——康熙《天长县志》卷一祥异附,天长县：大旱，人民相食，忽流言山出石面，饥民取面和榆屑食之，后皆肿死。——康熙《天长县志》卷一祥异附,,,天长县：大旱，人民相食，忽流言山出石面，饥民取面和榆屑食之，后皆肿死。——康熙《天长县志》卷一祥异附,,
1641,山西,,襄汾县,1641|山西|襄汾,明思宗崇祯十四年,无,《太平县志》,无,保留,"v2,v3","v2,v3",2,0.2857,是,,,襄汾县：大荒，斗麦银一两、米八钱，城中罢市，人相食。——乾隆《太平县志》卷八祥异,襄汾县：大荒，斗麦银一两、米八钱，城中罢市，人相食。——乾隆《太平县志》卷八祥异,,,,
1641,安徽,,太湖县,1641|安徽|太湖,明思宗崇祯十四年,无,《太湖县志》,无,需进一步分析,v6,v6,1,0.1667,否,"同类 record 存在于 v1,v2,v4,v5,v6,v7；本条仅存在于 v6；占比 16.7%",,,,,,太湖县：八月，飞蝗蔽天。民大饥，疫。斗米千钱，死者日以数百计，人相残食，日晡不敢独行。——康熙十四年《安庆府太湖县志》卷二灾祥,
1641,山东,威海,威海市,1641|山东|威海|威海,明思宗崇祯十四年,无,《威海卫志》,无,保留,"v1,v2,v3,v4,v5,v7","v1,v2,v3,v4,v5,v7",6,0.8571,是,,威海市：大饥，人相食。——乾隆《威海卫志》卷一灾祥,威海市：大饥，人相食。——乾隆《威海卫志》卷一灾祥,威海市：大饥，人相食。——乾隆《威海卫志》卷一灾祥,威海市：大饥，人相食。——乾隆《威海卫志》卷一灾祥,威海市：大饥，人相食。——乾隆《威海卫志》卷一灾祥,,威海市：大饥，人相食。——乾隆《威海卫志》卷一灾祥
1641,甘肃,天水,武山县,1641|甘肃|天水|武山,明思宗崇祯十四年,无,《宁远县志》,无,保留,"v1,v2,v3,v4,v5,v7","v1,v2,v3,v4,v5,v7",6,0.8571,是,,武山县：东郊有嘉禾，一茎九穗，是年大有。奈河贼蹂踊，人有不得食者。谷极贵，民大相食，饿殍遍野，有田不治。——康熙《宁远县志》卷三灾祥,武山县：东郊有嘉禾，一茎九穗，是年大有。奈河贼蹂踊，人有不得食者。谷极贵，民大相食，饿殍遍野，有田不治。——康熙《宁远县志》卷三灾祥,武山县：东郊有嘉禾，一茎九穗，是年大有。奈河贼蹂踊，人有不得食者。谷极贵，民大相食，饿殍遍野，有田不治。——康熙《宁远县志》卷三灾祥,武山县：东郊有嘉禾，一茎九穗，是年大有。奈河贼蹂踊，人有不得食者。谷极贵，民大相食，饿殍遍野，有田不治。——康熙《宁远县志》卷三灾祥,武山县：东郊有嘉禾，一茎九穗，是年大有。奈河贼蹂踊，人有不得食者。谷极贵，民大相食，饿殍遍野，有田不治。——康熙《宁远县志》卷三灾祥,,武山县：东郊有嘉禾，一茎九穗，是年大有。奈河贼蹂踊，人有不得食者。谷极贵，民大相食，饿殍遍野，有田不治。——康熙《宁远县志》卷三灾祥
1641,河北,,安平县,1641|河北|安平,明思宗崇祯十四年,无,《安平县志》,无,保留,"v2,v3","v2,v3",2,0.2857,是,,,安平县：大旱，瘟疫大作，人相食，盗贼充斥。——康熙《安平县志》卷十灾祥,安平县：大旱，瘟疫大作，人相食，盗贼充斥。——康熙《安平县志》卷十灾祥,,,,
1641,安徽,安庆市,太湖县,1641|安徽|安庆|太湖,明思宗崇祯十四年,无,《安庆府太湖县志》,无,保留,"v1,v2,v5","v1,v2,v5",3,0.4286,是,,太湖县：八月，飞蝗蔽天。民大饥，疫。斗米千钱，死者日以数百计，人相残食，日晡不敢独行。——康熙十四年《安庆府太湖县志》卷二灾祥,太湖县：八月，飞蝗蔽天。民大饥，疫。斗米千钱，死者日以数百计，人相残食，日晡不敢独行。——康熙十四年《安庆府太湖县志》卷二灾祥,,,太湖县：八月，飞蝗蔽天。民大饥，疫。斗米千钱，死者日以数百计，人相残食，日晡不敢独行。——康熙十四年《安庆府太湖县志》卷二灾祥,,
1641,安徽,安庆,安庆市,1641|安徽|安庆|安庆,明思宗崇祯十四年,无,《安庆府志》,无,保留,"v1,v2,v3,v4,v5,v7","v1,v2,v3,v4,v5,v7",6,0.8571,是,,安庆市：大旱，蠡，疫。人相食，死者枕藉。——康熙二十二年《安庆府志》卷十四祥异,安庆市：大旱，蠡，疫。人相食，死者枕藉。——康熙二十二年《安庆府志》卷十四祥异,安庆市：大旱，蠡，疫。人相食，死者枕藉。——康熙二十二年《安庆府志》卷十四祥异,安庆市：大旱，蠡，疫。人相食，死者枕藉。——康熙二十二年《安庆府志》卷十四祥异,安庆市：大旱，蠡，疫。人相食，死者枕藉。——康熙二十二年《安庆府志》卷十四祥异,,安庆市：大旱，蠡，疫。人相食，死者枕藉。——康熙二十二年《安庆府志》卷十四祥异
1641,河南,郑州市,密县,1641|河南|郑|密,明思宗崇祯十四年,无,《密县志》,无,保留,"v1,v2,v5,v6","v1,v2,v5,v6",4,0.5714,是,,密县：大旱，蝗。数年荒歉异常，道殣枕籍，人至相食，即父子夫妇，亦有忍啖不忌者。——《密县志》卷一灾祥。,密县：大旱，蝗。数年荒歉异常，道殣枕籍，人至相食，即父子夫妇，亦有忍啖不忌者。——《密县志》卷一灾祥。,,,密县：大旱，蝗。数年荒歉异常，道殣枕籍，人至相食，即父子夫妇，亦有忍啖不忌者。——《密县志》卷一灾祥。,密县：大旱，蝗。数年荒歉异常，道殣枕籍，人至相食，即父子夫妇，亦有忍啖不忌者。——《密县志》卷一灾祥。,
1641,河南,新乡市,封丘县,1641|河南|新乡|封丘,明思宗崇祯十四年,无,《封丘县志》,无,保留,"v1,v2,v5,v6","v1,v2,v5,v6",4,0.5714,是,,封丘县：春，瘟疫大作，死十存一二，蝗蝻遍野，至有父子相食。——顺治《封丘县志》卷三灾祥,封丘县：春，瘟疫大作，死十存一二，蝗蝻遍野，至有父子相食。——顺治《封丘县志》卷三灾祥,,,封丘县：春，瘟疫大作，死十存一二，蝗蝻遍野，至有父子相食。——顺治《封丘县志》卷三灾祥,封丘县：春，瘟疫大作，死十存一二，蝗蝻遍野，至有父子相食。——顺治《封丘县志》卷三灾祥,
1641,山西,,,1641|山西,明思宗崇祯十四年,无,《山西通志》,无,保留,v2,v2,1,0.1429,是,,,春大饥。自十三年大饥，到处木皮草根剥掘既尽，复食人，至有父子、夫妇、兄弟相食者。至是年春，斗米麦自八九钱至一两二钱、一两五六钱者。黄昏人无有敢行。——康熙《山西通志》卷三十祥异,,,,,
1641,北京,北京,,1641|北京|北京,明思宗崇祯十四年,无,《崇祯遗录》,无,保留,v2,v2,1,0.1429,是,,,都下大饥，斗米钱五百，麦七百，鸡羊豕不赀，人相食。——明·王世德《崇祯遗录》,,,,,
1641,山东,德州,平原县,1641|山东|德|平原,明思宗崇祯十四年,无,《平原县志》,无,保留,"v1,v2,v3,v4,v5,v7","v1,v2,v3,v4,v5,v7",6,0.8571,是,,平原县：夏旱，蝗。父子夫妇相食，村落问杳无人烟。——乾隆《平原县志》卷九灾祥,平原县：夏旱，蝗。父子夫妇相食，村落问杳无人烟。——乾隆《平原县志》卷九灾祥,平原县：夏旱，蝗。父子夫妇相食，村落问杳无人烟。——乾隆《平原县志》卷九灾祥,平原县：夏旱，蝗。父子夫妇相食，村落问杳无人烟。——乾隆《平原县志》卷九灾祥,平原县：夏旱，蝗。父子夫妇相食，村落问杳无人烟。——乾隆《平原县志》卷九灾祥,,平原县：夏旱，蝗。父子夫妇相食，村落问杳无人烟。——乾隆《平原县志》卷九灾祥
1641,山东,,,1641|山东,明思宗崇祯十四年,无,《平寇志》,无,保留,v2,v2,1,0.1429,是,,,崇祯十四年二月，时山东荒旱，寇盗益炽，徐德（南端到北端）数千里白骨纵横，父子相食，人迹断绝。——彭贻孙《平寇志》卷四,,,,,
1641,河北,,平山县,1641|河北|平山,明思宗崇祯十四年,无,《平山县志》,无,保留,"v2,v3","v2,v3",2,0.2857,是,,,平山县：岁凶，人相食。——康熙《平山县志》卷一事纪,平山县：岁凶，人相食。——康熙《平山县志》卷一事纪,,,,
1641,湖北,黄冈市,广济县,1641|湖北|黄冈|广济,明思宗崇祯十四年,无,《广济县志》,无,保留,"v1,v2,v5,v6","v1,v2,v5,v6",4,0.5714,是,,广济县：大疫，大饥，人至相食。——康熙《广济县志》卷二灾异,广济县：大疫，大饥，人至相食。——康熙《广济县志》卷二灾异,,,广济县：大疫，大饥，人至相食。——康熙《广济县志》卷二灾异,广济县：大疫，大饥，人至相食。——康熙《广济县志》卷二灾异,
1641,山东,德州,庆云县,1641|山东|德|庆云,明思宗崇祯十四年,无,《庆云县志》,无,保留,"v1,v2,v3,v4,v7","v1,v2,v3,v4,v7",5,0.7143,是,,庆云县：大饥，人相食，有骨肉相残者。…人多疫，死者枕藉。——康熙《庆云县志》卷十一灾祥,庆云县：大饥，人相食，有骨肉相残者。…人多疫，死者枕藉。——康熙《庆云县志》卷十一灾祥,庆云县：大饥，人相食，有骨肉相残者。…人多疫，死者枕藉。——康熙《庆云县志》卷十一灾祥,庆云县：大饥，人相食，有骨肉相残者。…人多疫，死者枕藉。——康熙《庆云县志》卷十一灾祥,,,庆云县：大饥，人相食，有骨肉相残者。…人多疫，死者枕藉。——康熙《庆云县志》卷十一灾祥
1641,山东,,庆云县,1641|山东|庆云,明思宗崇祯十四年,无,《庆云县志》,无,保留,v5,v5,1,0.1429,是,,,,,,庆云县：大饥，人相食，有骨肉相残者。…人多疫，死者枕藉。——康熙《庆云县志》卷十一祥异,,
1641,河南,濮阳市,濮阳县,1641|河南|濮阳|濮阳,明思宗崇祯十四年,无,《开州志》,无,保留,"v1,v2,v5,v6","v1,v2,v5,v6",4,0.5714,是,,濮阳县：大旱，瘟疫大作，人死强半，互相杀食，连接数村不见人迹。——康熙《开州志》卷四灾祥,濮阳县：大旱，瘟疫大作，人死强半，互相杀食，连接数村不见人迹。——康熙《开州志》卷四灾祥,,,濮阳县：大旱，瘟疫大作，人死强半，互相杀食，连接数村不见人迹。——康熙《开州志》卷四灾祥,濮阳县：大旱，瘟疫大作，人死强半，互相杀食，连接数村不见人迹。——康熙《开州志》卷四灾祥,
1641,江苏,徐州,徐州市,1641|江苏|徐|徐,明思宗崇祯十四年,无,《徐州府志》,无,保留,"v1,v2,v3,v4,v5,v7","v1,v2,v3,v4,v5,v7",6,0.8571,是,,徐州市：大旱，蝗。人相食，道无行人。夏大疫。死无棺验者不可数计。——康熙《徐州府志》卷二祥异,徐州市：大旱，蝗。人相食，道无行人。夏大疫。死无棺验者不可数计。——康熙《徐州府志》卷二祥异,徐州市：大旱，蝗。人相食，道无行人。夏大疫。死无棺验者不可数计。——康熙《徐州府志》卷二祥异,徐州市：大旱，蝗。人相食，道无行人。夏大疫。死无棺验者不可数计。——康熙《徐州府志》卷二祥异,徐州市：大旱，蝗。人相食，道无行人。夏大疫。死无棺验者不可数计。——康熙《徐州府志》卷二祥异,,徐州市：大旱，蝗。人相食，道无行人。夏大疫。死无棺验者不可数计。——康熙《徐州府志》卷二祥异
1641,山东,德州,德州市,1641|山东|德|德,明思宗崇祯十四年,无,《德州志》,无,保留,"v1,v2,v3,v4,v5,v7","v1,v2,v3,v4,v5,v7",6,0.8571,是,,德州市：春疫，斗米银一两。饥，人相食。——康熙《德州志》卷十纪事,德州市：春疫，斗米银一两。饥，人相食。——康熙《德州志》卷十纪事,德州市：春疫，斗米银一两。饥，人相食。——康熙《德州志》卷十纪事,德州市：春疫，斗米银一两。饥，人相食。——康熙《德州志》卷十纪事,德州市：春疫，斗米银一两。饥，人相食。——康熙《德州志》卷十纪事,,德州市：春疫，斗米银一两。饥，人相食。——康熙《德州志》卷十纪事
1641,安徽,蚌埠市,怀远县,1641|安徽|蚌埠|怀远,明思宗崇祯十四年,无,《怀远县志》,无,保留,"v1,v2,v5,v6","v1,v2,v5,v6",4,0.5714,是,,怀远县：大荒大疫，人相食。——道光《怀远县志》卷四,怀远县：大荒大疫，人相食。——道光《怀远县志》卷四,,,怀远县：大荒大疫，人相食。——道光《怀远县志》卷四,怀远县：大荒大疫，人相食。——道光《怀远县志》卷四,
1641,山东,德州,武城县,1641|山东|德|武城,明思宗崇祯十四年,无,《恩县续志》,无,保留,"v1,v2,v3,v4,v5,v7","v1,v2,v3,v4,v5,v7",6,0.8571,是,,武城县：春，民多饥死，人相食，道途行人几绝。——雍正《恩县续志》卷四灾祥,武城县：春，民多饥死，人相食，道途行人几绝。——雍正《恩县续志》卷四灾祥,武城县：春，民多饥死，人相食，道途行人几绝。——雍正《恩县续志》卷四灾祥,武城县：春，民多饥死，人相食，道途行人几绝。——雍正《恩县续志》卷四灾祥,武城县：春，民多饥死，人相食，道途行人几绝。——雍正《恩县续志》卷四灾祥,,武城县：春，民多饥死，人相食，道途行人几绝。——雍正《恩县续志》卷四灾祥
1641,河南,信阳市,息县,1641|河南|信阳|息,明思宗崇祯十四年,无,《息县志》,无,保留,"v1,v2,v5,v6","v1,v2,v5,v6",4,0.5714,是,,息县：春大饥，夏大疫。人相食，疫死者十之五六。——顺治《息县志》卷十灾异,息县：春大饥，夏大疫。人相食，疫死者十之五六。——顺治《息县志》卷十灾异,,,息县：春大饥，夏大疫。人相食，疫死者十之五六。——顺治《息县志》卷十灾异,息县：春大饥，夏大疫。人相食，疫死者十之五六。——顺治《息县志》卷十灾异,
1641,山东,滨州,惠民县,1641|山东|滨|惠民,明思宗崇祯十四年,无,《惠民县志》,无,保留,"v1,v2,v3,v4,v5,v7","v1,v2,v3,v4,v5,v7",6,0.8571,是,,惠民县：旱，饥，人相食。——乾隆《惠民县志》卷四祥异,惠民县：旱，饥，人相食。——乾隆《惠民县志》卷四祥异,惠民县：旱，饥，人相食。——乾隆《惠民县志》卷四祥异,惠民县：旱，饥，人相食。——乾隆《惠民县志》卷四祥异,惠民县：旱，饥，人相食。——乾隆《惠民县志》卷四祥异,,惠民县：旱，饥，人相食。——乾隆《惠民县志》卷四祥异
1641,河北,,成安县,1641|河北|成安,明思宗崇祯十四年,无,《成安县志》,无,保留,"v2,v3","v2,v3",2,0.2857,是,,,成安县：大疫，大饥，斗米钱千三百文，人相食。——康熙《成安县志》卷四灾异,成安县：大疫，大饥，斗米钱千三百文，人相食。——康熙《成安县志》卷四灾异,,,,
1641,河北,,文安县,1641|河北|文安,明思宗崇祯十四年,无,《文安县志》,无,保留,"v2,v3","v2,v3",2,0.2857,是,,,文安县：粗粮九两一石，人相食。——康熙四十二年《文安县志》卷八事异,文安县：粗粮九两一石，人相食。——康熙四十二年《文安县志》卷八事异,,,,
1641,山西,,文水县,1641|山西|文水,明思宗崇祯十四年,无,《文水县志》,无,保留,"v2,v3","v2,v3",2,0.2857,是,,,文水县：岁大饥，人相食。（公甫下车）雨大降，旋令民种晚田，复设法赈济。——光绪《文水县志》卷九人物,文水县：岁大饥，人相食。（公甫下车）雨大降，旋令民种晚田，复设法赈济。——光绪《文水县志》卷九人物,,,,
1641,山东,威海,文登县,1641|山东|威海|文登,明思宗崇祯十四年,无,《文登县志》,无,保留,v3,v3,1,0.1429,是,,,,文登县：大饥，斗粟二千余钱，民死大半，有杀人而死者。——雍正《文登县志》卷一灾祥,,,,
1641,江苏,徐州,丰县,1641|江苏|徐|丰,明思宗崇祯十四年,无,《新修丰县志》,无,保留,"v1,v2,v3,v4,v5,v7","v1,v2,v3,v4,v5,v7",6,0.8571,是,,丰县：大旱，蝗，父子夫妻相食，大疫流行，死无棺殓者不可悉数。——顺治《新修丰县志》卷九灾祥,丰县：大旱，蝗，父子夫妻相食，大疫流行，死无棺殓者不可悉数。——顺治《新修丰县志》卷九灾祥,丰县：大旱，蝗，父子夫妻相食，大疫流行，死无棺殓者不可悉数。——顺治《新修丰县志》卷九灾祥,丰县：大旱，蝗，父子夫妻相食，大疫流行，死无棺殓者不可悉数。——顺治《新修丰县志》卷九灾祥,丰县：大旱，蝗，父子夫妻相食，大疫流行，死无棺殓者不可悉数。——顺治《新修丰县志》卷九灾祥,,丰县：大旱，蝗，父子夫妻相食，大疫流行，死无棺殓者不可悉数。——顺治《新修丰县志》卷九灾祥
1641,安徽,安庆,望江县,1641|安徽|安庆|望江,明思宗崇祯十四年,无,《新修望江县志》,无,保留,"v1,v2,v3,v4,v5,v7","v1,v2,v3,v4,v5,v7",6,0.8571,是,,望江县：大旱，自三月十八日雨，至六月初八日乃雨，地赤土焦，河湖亦枯圻。秋七月，蠡飞蔽天。大疫，道殍无算。十二月，人相食。——顺治《新修望江县志》卷九灾异,望江县：大旱，自三月十八日雨，至六月初八日乃雨，地赤土焦，河湖亦枯圻。秋七月，蠡飞蔽天。大疫，道殍无算。十二月，人相食。——顺治《新修望江县志》卷九灾异,望江县：大旱，自三月十八日雨，至六月初八日乃雨，地赤土焦，河湖亦枯圻。秋七月，蠡飞蔽天。大疫，道殍无算。十二月，人相食。——顺治《新修望江县志》卷九灾异,望江县：大旱，自三月十八日雨，至六月初八日乃雨，地赤土焦，河湖亦枯圻。秋七月，蠡飞蔽天。大疫，道殍无算。十二月，人相食。——顺治《新修望江县志》卷九灾异,望江县：大旱，自三月十八日雨，至六月初八日乃雨，地赤土焦，河湖亦枯圻。秋七月，蠡飞蔽天。大疫，道殍无算。十二月，人相食。——顺治《新修望江县志》卷九灾异,,望江县：大旱，自三月十八日雨，至六月初八日乃雨，地赤土焦，河湖亦枯圻。秋七月，蠡飞蔽天。大疫，道殍无算。十二月，人相食。——顺治《新修望江县志》卷九灾异
1641,河北,,新城县,1641|河北|新城,明思宗崇祯十四年,无,《新城县志》,无,保留,v3,v3,1,0.1429,是,,,,新城县：旱，大饥，人相食。——康熙《新城县志》卷一祥,,,,
1641,河北,,新城县,1641|河北|新城,明思宗崇祯十四年,无,《新城县志》,无,保留,v2,v2,1,0.1429,是,,,新城县：旱，大饥，人相食。——康熙《新城县志》卷一祥异,,,,,
1641,河北,,昌平县,1641|河北|昌平,明思宗崇祯十四年,无,《昌平州志》,无,保留,"v2,v3","v2,v3",2,0.2857,是,,,昌平县：大饥，斗米一两，人至相食。——康熙《昌平州志》卷二十六纪事,昌平县：大饥，斗米一两，人至相食。——康熙《昌平州志》卷二十六纪事,,,,
1641,山东,,德州,1641|山东|德,明思宗崇祯十四年,无,《明史》,无,保留,v2,v2,1,0.1429,是,,,是岁，畿南、山东游饥。德州斗米千钱，父子相食，行人断绝，大盗滋矣。”——《明史》卷三0《五行志》,,,,,
1641,河北,,景县,1641|河北|景,明思宗崇祯十四年,无,《景州志》,无,保留,v2,v2,1,0.1429,是,,,景县：又人旱，斗米钱千余者，值银二两。人相食。——康熙《景州志》卷四灾变,,,,,
1641,湖北,襄阳市,枣阳县,1641|湖北|襄阳|枣阳,明思宗崇祯十四年,无,《枣阳县志》,无,保留,"v1,v2,v5,v6","v1,v2,v5,v6",4,0.5714,是,,枣阳县：又大饥，人相食。——乾隆《枣阳县志》卷十七灾祥,枣阳县：又大饥，人相食。——乾隆《枣阳县志》卷十七灾祥,,,枣阳县：又大饥，人相食。——乾隆《枣阳县志》卷十七灾祥,枣阳县：又大饥，人相食。——乾隆《枣阳县志》卷十七灾祥,
1641,河北,,柏乡县,1641|河北|柏乡,明思宗崇祯十四年,无,《柏乡县志》,无,保留,"v2,v3","v2,v3",2,0.2857,是,,,柏乡县：大饥，人相食。——康熙《柏乡县志》卷一灾祥,柏乡县：大饥，人相食。——康熙《柏乡县志》卷一灾祥,,,,
1641,山东,烟台,栖霞县,1641|山东|烟台|栖霞,明思宗崇祯十四年,无,《栖霞县续志》,无,保留,"v1,v2,v3,v4,v5,v7","v1,v2,v3,v4,v5,v7",6,0.8571,是,,栖霞县：是年大饥，斗米二千余钱，死者大半，人相食。——光绪《栖霞县续志》卷八祥异,栖霞县：是年大饥，斗米二千余钱，死者大半，人相食。——光绪《栖霞县续志》卷八祥异,栖霞县：是年大饥，斗米二千余钱，死者大半，人相食。——光绪《栖霞县续志》卷八祥异,栖霞县：是年大饥，斗米二千余钱，死者大半，人相食。——光绪《栖霞县续志》卷八祥异,栖霞县：是年大饥，斗米二千余钱，死者大半，人相食。——光绪《栖霞县续志》卷八祥异,,栖霞县：是年大饥，斗米二千余钱，死者大半，人相食。——光绪《栖霞县续志》卷八祥异
1641,浙江,嘉兴市,桐乡市,1641|浙江|嘉兴|桐乡,明思宗崇祯十四年,无,《桐乡县志》,无,保留,"v1,v2,v4,v5,v7","v1,v2,v4,v5,v7",5,0.7143,是,,桐乡县：夏大旱，飞蝗满地。米一石价四两五钱，有割人肉货卖者。——康熙《桐乡县志》卷二灾祥,桐乡县：夏大旱，飞蝗满地。米一石价四两五钱，有割人肉货卖者。——康熙《桐乡县志》卷二灾祥,,桐乡县：夏大旱，飞蝗满地。米一石价四两五钱，有割人肉货卖者。——康熙《桐乡县志》卷二灾祥,桐乡县：夏大旱，飞蝗满地。米一石价四两五钱，有割人肉货卖者。——康熙《桐乡县志》卷二灾祥,,桐乡县：夏大旱，飞蝗满地。米一石价四两五钱，有割人肉货卖者。——康熙《桐乡县志》卷二灾祥
1641,浙江,嘉兴,桐乡县,1641|浙江|嘉兴|桐乡,明思宗崇祯十四年,无,《桐乡县志》,无,保留,v3,v3,1,0.1429,是,,,,桐乡县：夏大旱，飞蝗满地。米一石价四两五钱，有割人肉货卖者。——康熙《桐乡县志》卷二祥祥,,,,
1641,山西,榆次市,榆次市,1641|山西|榆次|榆次,明思宗崇祯十四年,无,《榆次县志》,原文写作'榆次市'，应为'榆次县',保留,"v2,v3","v2,v3",2,0.2857,是,,,榆次市：六月，飞蝗蔽日，食禾至尽。民大饥，相食。——乾隆《榆次县志》卷七祥异,榆次市：六月，飞蝗蔽日，食禾至尽。民大饥，相食。——乾隆《榆次县志》卷七祥异,,,,
1641,安徽,黄山市,歙县,1641|安徽|黄山|歙,明思宗崇祯十四年,无,《歙县志》,无,保留,"v1,v2,v5,v6","v1,v2,v5,v6",4,0.5714,是,,歙县：岁大饥。斗米五钱，人相食。——顺治《歙县志》卷十四灾祥,歙县：岁大饥。斗米五钱，人相食。——顺治《歙县志》卷十四灾祥,,,歙县：岁大饥。斗米五钱，人相食。——顺治《歙县志》卷十四灾祥,歙县：岁大饥。斗米五钱，人相食。——顺治《歙县志》卷十四灾祥,
1641,陕西,咸阳,武功县,1641|陕西|咸阳|武功,明思宗崇祯十四年,无,《武功县后志》,无,保留,"v1,v2,v3,v4,v5,v7","v1,v2,v3,v4,v5,v7",6,0.8571,是,,武功县：陕西大饥。春，禾皮皆尽，人相食。——雍正《武功县后志》卷三灾祥,武功县：陕西大饥。春，禾皮皆尽，人相食。——雍正《武功县后志》卷三灾祥,武功县：陕西大饥。春，禾皮皆尽，人相食。——雍正《武功县后志》卷三灾祥,武功县：陕西大饥。春，禾皮皆尽，人相食。——雍正《武功县后志》卷三灾祥,武功县：陕西大饥。春，禾皮皆尽，人相食。——雍正《武功县后志》卷三灾祥,,武功县：陕西大饥。春，禾皮皆尽，人相食。——雍正《武功县后志》卷三灾祥
1641,河北,,武邑县,1641|河北|武邑,明思宗崇祯十四年,无,《武邑县志》,无,保留,"v2,v3","v2,v3",2,0.2857,是,,,武邑县：大饥，斗米千钱。初食死人，继食生人，甚有食子女，卖人肉无忌。幸有稷，不种自生，先谷成熟，人赖以生。——康熙《武邑县志》卷一祥异,武邑县：大饥，斗米千钱。初食死人，继食生人，甚有食子女，卖人肉无忌。幸有稷，不种自生，先谷成熟，人赖以生。——康熙《武邑县志》卷一祥异,,,,
1641,河南,焦作市,武陟县,1641|河南|焦作|武陟,明思宗崇祯十四年,无,《武陟县志》,无,保留,"v1,v2,v5,v6","v1,v2,v5,v6",4,0.5714,是,,武陟县：蝗食麦，人相食。瘟疫大作，死者甚众。田多荒芜。——康熙《武陟县志》卷一灾祥,武陟县：蝗食麦，人相食。瘟疫大作，死者甚众。田多荒芜。——康熙《武陟县志》卷一灾祥,,,武陟县：蝗食麦，人相食。瘟疫大作，死者甚众。田多荒芜。——康熙《武陟县志》卷一灾祥,武陟县：蝗食麦，人相食。瘟疫大作，死者甚众。田多荒芜。——康熙《武陟县志》卷一灾祥,
1641,河南,商丘市,永城县,1641|河南|商丘|永城,明思宗崇祯十四年,无,《永城县志》,无,保留,"v1,v2,v5,v6","v1,v2,v5,v6",4,0.5714,是,,永城县：饥，人相食，斗粟四千余。盗贼蜂起，杀人以食，至有父食其子，及盗发新冢食之者。——康熙《永城县志》卷八灾异,永城县：饥，人相食，斗粟四千余。盗贼蜂起，杀人以食，至有父食其子，及盗发新冢食之者。——康熙《永城县志》卷八灾异,,,永城县：饥，人相食，斗粟四千余。盗贼蜂起，杀人以食，至有父食其子，及盗发新冢食之者。——康熙《永城县志》卷八灾异,永城县：饥，人相食，斗粟四千余。盗贼蜂起，杀人以食，至有父食其子，及盗发新冢食之者。——康熙《永城县志》卷八灾异,
1641,河北,,永年县,1641|河北|永年,明思宗崇祯十四年,无,《永年县志》,无,保留,"v2,v3","v2,v3",2,0.2857,是,,,永年县：大饥，疫。人相食。——光绪《永年县志》卷十九祥异,永年县：大饥，疫。人相食。——光绪《永年县志》卷十九祥异,,,,
1641,安徽,池州市,贵池县,1641|安徽|池|贵池,明思宗崇祯十四年,无,《池州府志》,无,保留,"v1,v2,v5,v6","v1,v2,v5,v6",4,0.5714,是,,贵池县：春大饥，夏秋大疫，人食人。——康熙五十年《池州府志》卷二十九灾祥,贵池县：春大饥，夏秋大疫，人食人。——康熙五十年《池州府志》卷二十九灾祥,,,贵池县：春大饥，夏秋大疫，人食人。——康熙五十年《池州府志》卷二十九灾祥,贵池县：春大饥，夏秋大疫，人食人。——康熙五十年《池州府志》卷二十九灾祥,
1641,山西,,汾阳县,1641|山西|汾阳,明思宗崇祯十四年,无,《汾阳县志》,无,保留,"v2,v3","v2,v3",2,0.2857,是,,,汾阳县：春大饥，复大旱。自十三年饥，到处水皮草根剥掘既尽，复食人，至有父子、兄弟、夫妇相食者。至是年春，斗米麦自八九钱至一两二钱、一两六七钱者，黄昏人不敢行。——康熙《汾阳县志》卷七灾祥,汾阳县：春大饥，复大旱。自十三年饥，到处水皮草根剥掘既尽，复食人，至有父子、兄弟、夫妇相食者。至是年春，斗米麦自八九钱至一两二钱、一两六七钱者，黄昏人不敢行。——康熙《汾阳县志》卷七灾祥,,,,
1641,山西,运城,河津县,1641|山西|运城|河津,明思宗崇祯十四年,无,《河津县志》,无,保留,"v1,v2,v3,v5,v7","v1,v2,v3,v5,v7",5,0.7143,是,,河津县：五月，汾河干。八月，大旱，野无青草。斗米至一两有奇，次年人相食。——乾隆《河津县志》卷八祥异,河津县：五月，汾河干。八月，大旱，野无青草。斗米至一两有奇，次年人相食。——乾隆《河津县志》卷八祥异,河津县：五月，汾河干。八月，大旱，野无青草。斗米至一两有奇，次年人相食。——乾隆《河津县志》卷八祥异,,河津县：五月，汾河干。八月，大旱，野无青草。斗米至一两有奇，次年人相食。——乾隆《河津县志》卷八祥异,,河津县：五月，汾河干。八月，大旱，野无青草。斗米至一两有奇，次年人相食。——乾隆《河津县志》卷八祥异
1641,陕西,咸阳,泾阳县,1641|陕西|咸阳|泾阳,明思宗崇祯十四年,无,《泾阳县志》,无,保留,"v1,v2,v3,v4,v5,v7","v1,v2,v3,v4,v5,v7",6,0.8571,是,,泾阳县：春绝峁，木皮草根俱尽，人相食。——康熙《泾阳县志》卷一祥异,泾阳县：春绝峁，木皮草根俱尽，人相食。——康熙《泾阳县志》卷一祥异,泾阳县：春绝峁，木皮草根俱尽，人相食。——康熙《泾阳县志》卷一祥异,泾阳县：春绝峁，木皮草根俱尽，人相食。——康熙《泾阳县志》卷一祥异,泾阳县：春绝峁，木皮草根俱尽，人相食。——康熙《泾阳县志》卷一祥异,,泾阳县：春绝峁，木皮草根俱尽，人相食。——康熙《泾阳县志》卷一祥异
1641,山西,,洪洞县,1641|山西|洪洞,明思宗崇祯十四年,无,《洪洞县志》,无,保留,"v2,v3","v2,v3",2,0.2857,是,,,洪洞县：以岁累旱，栗贵如珠。百姓食糟糠，甚至树皮草根，究且人相食。鬻子女仅易一飨。商旅不敢独行，在襁褓者父母弃道路不顾而去。饿殍盈野，惨不忍目。——雍正《洪洞县志》卷八祥异,洪洞县：以岁累旱，栗贵如珠。百姓食糟糠，甚至树皮草根，究且人相食。鬻子女仅易一飨。商旅不敢独行，在襁褓者父母弃道路不顾而去。饿殍盈野，惨不忍目。——雍正《洪洞县志》卷八祥异,,,,
1641,山东,济宁,济宁县,1641|山东|济宁|济宁,明思宗崇祯十四年,无,《济宁直隶州志》,无,保留,"v1,v2,v3,v4,v5,v7","v1,v2,v3,v4,v5,v7",6,0.8571,是,,济宁县：旱，蝗。大饥，人相食。疫。——乾隆《济宁直隶州志》卷一纪年,济宁县：旱，蝗。大饥，人相食。疫。——乾隆《济宁直隶州志》卷一纪年,济宁县：旱，蝗。大饥，人相食。疫。——乾隆《济宁直隶州志》卷一纪年,济宁县：旱，蝗。大饥，人相食。疫。——乾隆《济宁直隶州志》卷一纪年,济宁县：旱，蝗。大饥，人相食。疫。——乾隆《济宁直隶州志》卷一纪年,,济宁县：旱，蝗。大饥，人相食。疫。——乾隆《济宁直隶州志》卷一纪年
1641,山东,济南,济阳县,1641|山东|济南|济阳,明思宗崇祯十四年,无,《济阳县志》,无,保留,"v1,v2,v3,v4,v5,v7","v1,v2,v3,v4,v5,v7",6,0.8571,是,,济阳县：春夏大旱，斗栗二金。人相食，瘟疫大作，死者枕藉，十村九墟，人烟几绝。——民国《济阳县志》卷二十祥异,济阳县：春夏大旱，斗栗二金。人相食，瘟疫大作，死者枕藉，十村九墟，人烟几绝。——民国《济阳县志》卷二十祥异,济阳县：春夏大旱，斗栗二金。人相食，瘟疫大作，死者枕藉，十村九墟，人烟几绝。——民国《济阳县志》卷二十祥异,济阳县：春夏大旱，斗栗二金。人相食，瘟疫大作，死者枕藉，十村九墟，人烟几绝。——民国《济阳县志》卷二十祥异,济阳县：春夏大旱，斗栗二金。人相食，瘟疫大作，死者枕藉，十村九墟，人烟几绝。——民国《济阳县志》卷二十祥异,,济阳县：春夏大旱，斗栗二金。人相食，瘟疫大作，死者枕藉，十村九墟，人烟几绝。——民国《济阳县志》卷二十祥异
1641,山西,,浮山县,1641|山西|浮山,明思宗崇祯十四年,无,《浮山县志》,无,保留,"v2,v3","v2,v3",2,0.2857,是,,,浮山县：以累岁大旱，潦饥，栗贵如珠。百姓食糟糠，剥树皮，掘草根，甚至人相食。商旅不敢独行，饿殍盈野，惨不忍目。——乾隆《浮山县志》卷三十四祥异,浮山县：以累岁大旱，潦饥，栗贵如珠。百姓食糟糠，剥树皮，掘草根，甚至人相食。商旅不敢独行，饿殍盈野，惨不忍目。——乾隆《浮山县志》卷三十四祥异,,,,
1641,山东,滨州,无棣县,1641|山东|滨|无棣,明思宗崇祯十四年,无,《海丰县志》,无,保留,"v1,v2,v3,v4,v5,v7","v1,v2,v3,v4,v5,v7",6,0.8571,是,,无棣县：海丰春，大饥，斗粟二金，人相食，有骨肉相残者。五月，雨雹，无麦，复大疫，死者枕藉，人市几於无人。——康熙《海丰县志》卷四事纪,无棣县：海丰春，大饥，斗粟二金，人相食，有骨肉相残者。五月，雨雹，无麦，复大疫，死者枕藉，人市几於无人。——康熙《海丰县志》卷四事纪,无棣县：海丰春，大饥，斗粟二金，人相食，有骨肉相残者。五月，雨雹，无麦，复大疫，死者枕藉，人市几於无人。——康熙《海丰县志》卷四事纪,无棣县：海丰春，大饥，斗粟二金，人相食，有骨肉相残者。五月，雨雹，无麦，复大疫，死者枕藉，人市几於无人。——康熙《海丰县志》卷四事纪,无棣县：海丰春，大饥，斗粟二金，人相食，有骨肉相残者。五月，雨雹，无麦，复大疫，死者枕藉，人市几於无人。——康熙《海丰县志》卷四事纪,,无棣县：海丰春，大饥，斗粟二金，人相食，有骨肉相残者。五月，雨雹，无麦，复大疫，死者枕藉，人市几於无人。——康熙《海丰县志》卷四事纪
1641,河北,,涉县,1641|河北|涉,明思宗崇祯十四年,无,《涉县志》,无,保留,"v2,v3","v2,v3",2,0.2857,是,,,涉县：大饥，民死七分，父食子。——顺治《涉县志》卷七灾变,涉县：大饥，民死七分，父食子。——顺治《涉县志》卷七灾变,,,,
1641,河北,,深县,1641|河北|深,明思宗崇祯十四年,无,《深州志》,无,保留,v2,v2,1,0.1429,是,,,深县：岁仍大旱，斗米千钱，人相食。邻舍不敢往来。道路不敢单行。甚至有骨肉相食者，有发新冢食者。又兼瘟疫大作，十死八九。——康熙《深州志》卷七事纪,,,,,
1641,河南,濮阳市,清丰县,1641|河南|濮阳|清丰,明思宗崇祯十四年,无,《清丰县志》,无,保留,"v1,v2,v5,v6","v1,v2,v5,v6",4,0.5714,是,,清丰县：大饥，斗粟千钱。父子相食，兼瘟疫流行，人死十之八九。——康熙《清丰县志》卷二编年,清丰县：大饥，斗粟千钱。父子相食，兼瘟疫流行，人死十之八九。——康熙《清丰县志》卷二编年,,,清丰县：大饥，斗粟千钱。父子相食，兼瘟疫流行，人死十之八九。——康熙《清丰县志》卷二编年,清丰县：大饥，斗粟千钱。父子相食，兼瘟疫流行，人死十之八九。——康熙《清丰县志》卷二编年,
1641,甘肃,天水,清水县,1641|甘肃|天水|清水,明思宗崇祯十四年,无,《清水县志》,无,保留,"v1,v2,v3,v4,v5,v7","v1,v2,v3,v4,v5,v7",6,0.8571,是,,清水县：大饥，人相食。复有大头瘟疫，死者甚重。——康熙《清水县志》卷十灾祥,清水县：大饥，人相食。复有大头瘟疫，死者甚重。——康熙《清水县志》卷十灾祥,清水县：大饥，人相食。复有大头瘟疫，死者甚重。——康熙《清水县志》卷十灾祥,清水县：大饥，人相食。复有大头瘟疫，死者甚重。——康熙《清水县志》卷十灾祥,清水县：大饥，人相食。复有大头瘟疫，死者甚重。——康熙《清水县志》卷十灾祥,,清水县：大饥，人相食。复有大头瘟疫，死者甚重。——康熙《清水县志》卷十灾祥
1641,湖北,黄冈市,麻城市,1641|湖北|黄冈|麻城,明思宗崇祯十四年,无,《湖北通志》,无,保留,"v1,v2,v5,v6","v1,v2,v5,v6",4,0.5714,是,,麻城市：疫，饥，人相食。——嘉庆《湖北通志》卷四十六祥异,麻城市：疫，饥，人相食。——嘉庆《湖北通志》卷四十六祥异,,,麻城市：疫，饥，人相食。——嘉庆《湖北通志》卷四十六祥异,麻城市：疫，饥，人相食。——嘉庆《湖北通志》卷四十六祥异,
1641,安徽,滁州市,滁州市,1641|安徽|滁|滁,明思宗崇祯十四年,无,《滁州志》,无,保留,"v1,v2,v5,v6","v1,v2,v5,v6",4,0.5714,是,,滁州市：疫疠盛行，有食人者。——康熙《滁州志》卷三祥异,滁州市：疫疠盛行，有食人者。——康熙《滁州志》卷三祥异,,,滁州市：疫疠盛行，有食人者。——康熙《滁州志》卷三祥异,滁州市：疫疠盛行，有食人者。——康熙《滁州志》卷三祥异,
1641,河南,安阳市,滑县,1641|河南|安阳|滑,明思宗崇祯十四年,无,《滑县志》,无,保留,"v1,v2,v5,v6","v1,v2,v5,v6",4,0.5714,是,,滑县：春无雨，蝗蝻食麦尽，瘟疫大作，人死十之五六。岁大凶，时斗米钱一千七百文，草木树皮无有村者，人食菜子苟活，旦夕骨肉相食，遍野榛莽，有数村不见一人者。——顺治《滑县志》卷十杂志,滑县：春无雨，蝗蝻食麦尽，瘟疫大作，人死十之五六。岁大凶，时斗米钱一千七百文，草木树皮无有村者，人食菜子苟活，旦夕骨肉相食，遍野榛莽，有数村不见一人者。——顺治《滑县志》卷十杂志,,,滑县：春无雨，蝗蝻食麦尽，瘟疫大作，人死十之五六。岁大凶，时斗米钱一千七百文，草木树皮无有村者，人食菜子苟活，旦夕骨肉相食，遍野榛莽，有数村不见一人者。——顺治《滑县志》卷十杂志,滑县：春无雨，蝗蝻食麦尽，瘟疫大作，人死十之五六。岁大凶，时斗米钱一千七百文，草木树皮无有村者，人食菜子苟活，旦夕骨肉相食，遍野榛莽，有数村不见一人者。——顺治《滑县志》卷十杂志,
1641,河南,濮阳市,范县,1641|河南|濮阳|范,明思宗崇祯十四年,无,《濮州志》,无,保留,"v1,v2,v5,v6","v1,v2,v5,v6",4,0.5714,是,,范县：是年大疫，人多死。斗米银三两，骨肉有相食者。请发内帑四十万赈济通省，濮民沾惠独多。——《濮州志》卷一礼集,范县：是年大疫，人多死。斗米银三两，骨肉有相食者。请发内帑四十万赈济通省，濮民沾惠独多。——《濮州志》卷一礼集,,,范县：是年大疫，人多死。斗米银三两，骨肉有相食者。请发内帑四十万赈济通省，濮民沾惠独多。——《濮州志》卷一礼集,范县：是年大疫，人多死。斗米银三两，骨肉有相食者。请发内帑四十万赈济通省，濮民沾惠独多。——《濮州志》卷一礼集,
1641,甘肃,平凉,灵台县,1641|甘肃|平凉|灵台,明思宗崇祯十四年,无,《灵台志》,无,保留,"v1,v2,v3,v4,v5,v7","v1,v2,v3,v4,v5,v7",6,0.8571,是,,灵台县：春，麦米腾贵，没斗值银一两六钱，四月每斗值银二两。民有父子相食，夫妇相食，十村九空，城外积骨如山。是年，麦秋颇熟。——顺治《灵台志》卷四灾异,灵台县：春，麦米腾贵，没斗值银一两六钱，四月每斗值银二两。民有父子相食，夫妇相食，十村九空，城外积骨如山。是年，麦秋颇熟。——顺治《灵台志》卷四灾异,灵台县：春，麦米腾贵，没斗值银一两六钱，四月每斗值银二两。民有父子相食，夫妇相食，十村九空，城外积骨如山。是年，麦秋颇熟。——顺治《灵台志》卷四灾异,灵台县：春，麦米腾贵，没斗值银一两六钱，四月每斗值银二两。民有父子相食，夫妇相食，十村九空，城外积骨如山。是年，麦秋颇熟。——顺治《灵台志》卷四灾异,灵台县：春，麦米腾贵，没斗值银一两六钱，四月每斗值银二两。民有父子相食，夫妇相食，十村九空，城外积骨如山。是年，麦秋颇熟。——顺治《灵台志》卷四灾异,,灵台县：春，麦米腾贵，没斗值银一两六钱，四月每斗值银二两。民有父子相食，夫妇相食，十村九空，城外积骨如山。是年，麦秋颇熟。——顺治《灵台志》卷四灾异
1641,河北,,灵寿县,1641|河北|灵寿,明思宗崇祯十四年,无,《灵寿县志》,无,保留,"v2,v3","v2,v3",2,0.2857,是,,,灵寿县：岁大饥，斗米千钱，人相食。——康熙《灵寿县志》卷三灾祥,灵寿县：岁大饥，斗米千钱，人相食。——康熙《灵寿县志》卷三灾祥,,,,
1641,甘肃,定西,临洮县,1641|甘肃|定西|临洮,明思宗崇祯十四年,无,《狄道州志》,无,保留,"v1,v2,v3,v4,v5,v7","v1,v2,v3,v4,v5,v7",6,0.8571,是,,临洮县：瘟疫并起，人狗相食。——乾隆《狄道州志》卷十一祥异,临洮县：瘟疫并起，人狗相食。——乾隆《狄道州志》卷十一祥异,临洮县：瘟疫并起，人狗相食。——乾隆《狄道州志》卷十一祥异,临洮县：瘟疫并起，人狗相食。——乾隆《狄道州志》卷十一祥异,临洮县：瘟疫并起，人狗相食。——乾隆《狄道州志》卷十一祥异,,临洮县：瘟疫并起，人狗相食。——乾隆《狄道州志》卷十一祥异
1641,河北,,玉田县,1641|河北|玉田,明思宗崇祯十四年,无,《玉田县志》,无,保留,"v2,v3","v2,v3",2,0.2857,是,,,玉田县：大饥，人相食。——康熙《玉田县志》卷八祥胥,玉田县：大饥，人相食。——康熙《玉田县志》卷八祥胥,,,,
1641,河南,郑州市,登封县,1641|河南|郑|登封,明思宗崇祯十四年,无,《登封县志》,无,保留,"v1,v2,v5,v6","v1,v2,v5,v6",4,0.5714,是,,登封县：大饥，人相食。——康熙《登封县志》卷九灾祥,登封县：大饥，人相食。——康熙《登封县志》卷九灾祥,,,登封县：大饥，人相食。——康熙《登封县志》卷九灾祥,登封县：大饥，人相食。——康熙《登封县志》卷九灾祥,
1641,河南,驻马店市,正阳县,1641|河南|驻马店|正阳,明思宗崇祯十四年,真阳,《真阳县志》,无,保留,"v1,v2,v5,v6","v1,v2,v5,v6",4,0.5714,是,,正阳县：大饥，人相食。——康熙《真阳县志》卷八灾祥,正阳县：大饥，人相食。——康熙《真阳县志》卷八灾祥,,,正阳县：大饥，人相食。——康熙《真阳县志》卷八灾祥,正阳县：大饥，人相食。——康熙《真阳县志》卷八灾祥,
1641,江苏,徐州市,砀山县,1641|江苏|徐|砀山,明思宗崇祯十四年,无,《砀山县志》,无,保留,"v1,v2,v5,v6","v1,v2,v5,v6",4,0.5714,是,,砀山县：春夏大饥，先食树木皮及各草子，渐至食人，初犹避忌，后且公然不为异，甚有父子、兄弟、夫妻相食者。冬，夏大疫，田野荒芜。抚院史可法设法赈贷。——乾隆《砀山县志》卷一祥异,砀山县：春夏大饥，先食树木皮及各草子，渐至食人，初犹避忌，后且公然不为异，甚有父子、兄弟、夫妻相食者。冬，夏大疫，田野荒芜。抚院史可法设法赈贷。——乾隆《砀山县志》卷一祥异,,,砀山县：春夏大饥，先食树木皮及各草子，渐至食人，初犹避忌，后且公然不为异，甚有父子、兄弟、夫妻相食者。冬，夏大疫，田野荒芜。抚院史可法设法赈贷。——乾隆《砀山县志》卷一祥异,砀山县：春夏大饥，先食树木皮及各草子，渐至食人，初犹避忌，后且公然不为异，甚有父子、兄弟、夫妻相食者。冬，夏大疫，田野荒芜。抚院史可法设法赈贷。——乾隆《砀山县志》卷一祥异,
1641,河南,许昌市,禹县,1641|河南|许昌|禹,明思宗崇祯十四年,禹州,《禹州志》,无,保留,"v1,v2,v5,v6","v1,v2,v5,v6",4,0.5714,是,,禹县：春大饥，升麦四百四十余钱，父子相食。六月，大疫。——顺治《禹州志》卷九,禹县：春大饥，升麦四百四十余钱，父子相食。六月，大疫。——顺治《禹州志》卷九,,,禹县：春大饥，升麦四百四十余钱，父子相食。六月，大疫。——顺治《禹州志》卷九,禹县：春大饥，升麦四百四十余钱，父子相食。六月，大疫。——顺治《禹州志》卷九,
1641,山西,运城,绛县,1641|山西|运城|绛,明思宗崇祯十四年,无,《绛县志》,无,保留,"v1,v2,v3,v4,v5,v7","v1,v2,v3,v4,v5,v7",6,0.8571,是,,绛县：春大饥，饿殍枕藉，人相食，米麦斗各千钱。——顺治《绛县志》卷上祥异,绛县：春大饥，饿殍枕藉，人相食，米麦斗各千钱。——顺治《绛县志》卷上祥异,绛县：春大饥，饿殍枕藉，人相食，米麦斗各千钱。——顺治《绛县志》卷上祥异,绛县：春大饥，饿殍枕藉，人相食，米麦斗各千钱。——顺治《绛县志》卷上祥异,绛县：春大饥，饿殍枕藉，人相食，米麦斗各千钱。——顺治《绛县志》卷上祥异,,绛县：春大饥，饿殍枕藉，人相食，米麦斗各千钱。——顺治《绛县志》卷上祥异
1641,山西,运城,新绛县,1641|山西|运城|新绛,明思宗崇祯十四年,无,《绛州志》,无,保留,"v1,v2,v3,v4,v5,v7","v1,v2,v3,v4,v5,v7",6,0.8571,是,,新绛县：大荒，米市绝，饿死者四坑皆满。明季灾祲频仍，自古以来未有若此之甚者也，城内有食人之妇者，有妇人取人孩子，食数十者。…，甚至食粪，遗喟折骨相望于路。——康熙《绛州志》卷三灾异,新绛县：大荒，米市绝，饿死者四坑皆满。明季灾祲频仍，自古以来未有若此之甚者也，城内有食人之妇者，有妇人取人孩子，食数十者。…，甚至食粪，遗喟折骨相望于路。——康熙《绛州志》卷三灾异,新绛县：大荒，米市绝，饿死者四坑皆满。明季灾祲频仍，自古以来未有若此之甚者也，城内有食人之妇者，有妇人取人孩子，食数十者。…，甚至食粪，遗喟折骨相望于路。——康熙《绛州志》卷三灾异,新绛县：大荒，米市绝，饿死者四坑皆满。明季灾祲频仍，自古以来未有若此之甚者也，城内有食人之妇者，有妇人取人孩子，食数十者。…，甚至食粪，遗喟折骨相望于路。——康熙《绛州志》卷三灾异,新绛县：大荒，米市绝，饿死者四坑皆满。明季灾祲频仍，自古以来未有若此之甚者也，城内有食人之妇者，有妇人取人孩子，食数十者。…，甚至食粪，遗喟折骨相望于路。——康熙《绛州志》卷三灾异,,新绛县：大荒，米市绝，饿死者四坑皆满。明季灾祲频仍，自古以来未有若此之甚者也，城内有食人之妇者，有妇人取人孩子，食数十者。…，甚至食粪，遗喟折骨相望于路。——康熙《绛州志》卷三灾异
1641,湖北,黄冈市,罗田县,1641|湖北|黄冈|罗田,明思宗崇祯十四年,无,《罗田县志》,无,保留,"v1,v2,v5,v6","v1,v2,v5,v6",4,0.5714,是,,罗田县：大荒，米价四钱一斗。以十三营兵马驻罗，又复抢掠，致屠子女为飨，强者屠弱者为食，各庙宇公署中人骨堆满，妻女顷刻分离，听其所从。——康熙四年《罗田县志》卷七灾异,罗田县：大荒，米价四钱一斗。以十三营兵马驻罗，又复抢掠，致屠子女为飨，强者屠弱者为食，各庙宇公署中人骨堆满，妻女顷刻分离，听其所从。——康熙四年《罗田县志》卷七灾异,,,罗田县：大荒，米价四钱一斗。以十三营兵马驻罗，又复抢掠，致屠子女为飨，强者屠弱者为食，各庙宇公署中人骨堆满，妻女顷刻分离，听其所从。——康熙四年《罗田县志》卷七灾异,罗田县：大荒，米价四钱一斗。以十三营兵马驻罗，又复抢掠，致屠子女为飨，强者屠弱者为食，各庙宇公署中人骨堆满，妻女顷刻分离，听其所从。——康熙四年《罗田县志》卷七灾异,
1641,山西,,翼城县,1641|山西|翼城,明思宗崇祯十四年,无,《翼城县志》,无,保留,"v2,v3","v2,v3",2,0.2857,是,,,翼城县：米价如珠，树皮草根皆尽，人相食，鬻子女仅易一殖。商旅不敢独行，又大疫。民国《翼城县志》卷十四祥异,翼城县：米价如珠，树皮草根皆尽，人相食，鬻子女仅易一殖。商旅不敢独行，又大疫。民国《翼城县志》卷十四祥异,,,,
1641,河北,,肃宁县,1641|河北|肃宁,明思宗崇祯十四年,无,《肃宁县志》,无,保留,v2,v2,1,0.1429,是,,,肃宁县：大旱，飞蝗蔽天，或夫妇父子相食，死亡略尽。——乾隆《肃宁县志》卷一祥异,,,,,
1641,安徽,六安市,舒城县,1641|安徽|六安|舒城,明思宗崇祯十四年,无,《舒城县志》,无,保留,"v1,v2,v5,v6","v1,v2,v5,v6",4,0.5714,是,,舒城县：蝗，饥，人多相食。——雍正《舒城县志》卷二十四祥异,舒城县：蝗，饥，人多相食。——雍正《舒城县志》卷二十四祥异,,,舒城县：蝗，饥，人多相食。——雍正《舒城县志》卷二十四祥异,舒城县：蝗，饥，人多相食。——雍正《舒城县志》卷二十四祥异,
1641,山西,运城,芮城县,1641|山西|运城|芮城,明思宗崇祯十四年,无,《芮城县志》,无,保留,"v1,v2,v3,v4,v5,v7","v1,v2,v3,v4,v5,v7",6,0.8571,是,,芮城县：是春米麦每斗价至一两五钱，人相食，死亡载道，闾里丘墟。——康熙《芮城县志》卷二灾祥,芮城县：是春米麦每斗价至一两五钱，人相食，死亡载道，闾里丘墟。——康熙《芮城县志》卷二灾祥,芮城县：是春米麦每斗价至一两五钱，人相食，死亡载道，闾里丘墟。——康熙《芮城县志》卷二灾祥,芮城县：是春米麦每斗价至一两五钱，人相食，死亡载道，闾里丘墟。——康熙《芮城县志》卷二灾祥,芮城县：是春米麦每斗价至一两五钱，人相食，死亡载道，闾里丘墟。——康熙《芮城县志》卷二灾祥,,芮城县：是春米麦每斗价至一两五钱，人相食，死亡载道，闾里丘墟。——康熙《芮城县志》卷二灾祥
1641,湖北,黄冈市,英山县,1641|湖北|黄冈|英山,明思宗崇祯十四年,无,《英山县志》,无,保留,"v1,v2,v5,v6","v1,v2,v5,v6",4,0.5714,是,,英山县：春大饥，疫。三年之内旱蝗频仍，疫疠大作，父食其子，夫啖其妻，每饥民在道息犹存，而肌肉已尽。又或行路遇操刀凶人，健者逐不及得脱，弱者即时毙刃下。——乾隆《英山县志》卷二十六祥异,英山县：春大饥，疫。三年之内旱蝗频仍，疫疠大作，父食其子，夫啖其妻，每饥民在道息犹存，而肌肉已尽。又或行路遇操刀凶人，健者逐不及得脱，弱者即时毙刃下。——乾隆《英山县志》卷二十六祥异,,,英山县：春大饥，疫。三年之内旱蝗频仍，疫疠大作，父食其子，夫啖其妻，每饥民在道息犹存，而肌肉已尽。又或行路遇操刀凶人，健者逐不及得脱，弱者即时毙刃下。——乾隆《英山县志》卷二十六祥异,英山县：春大饥，疫。三年之内旱蝗频仍，疫疠大作，父食其子，夫啖其妻，每饥民在道息犹存，而肌肉已尽。又或行路遇操刀凶人，健者逐不及得脱，弱者即时毙刃下。——乾隆《英山县志》卷二十六祥异,
1641,山东,聊城,茌平县,1641|山东|聊城|茌平,明思宗崇祯十四年,无,《茌平县志》,无,保留,"v1,v2,v3,v4,v5,v7","v1,v2,v3,v4,v5,v7",6,0.8571,是,,茌平县：大饥，蝗蝻遍野，瘟疫横生，死者十分之九，赤地千里，人相食。——康熙二年《茌平县志》卷二灾祥,茌平县：大饥，蝗蝻遍野，瘟疫横生，死者十分之九，赤地千里，人相食。——康熙二年《茌平县志》卷二灾祥,茌平县：大饥，蝗蝻遍野，瘟疫横生，死者十分之九，赤地千里，人相食。——康熙二年《茌平县志》卷二灾祥,茌平县：大饥，蝗蝻遍野，瘟疫横生，死者十分之九，赤地千里，人相食。——康熙二年《茌平县志》卷二灾祥,茌平县：大饥，蝗蝻遍野，瘟疫横生，死者十分之九，赤地千里，人相食。——康熙二年《茌平县志》卷二灾祥,,茌平县：大饥，蝗蝻遍野，瘟疫横生，死者十分之九，赤地千里，人相食。——康熙二年《茌平县志》卷二灾祥
1641,山东,威海,荣成县,1641|山东|威海|荣成,明思宗崇祯十四年,无,《荣成县志》,无,保留,v3,v3,1,0.1429,是,,,,荣成县：大饥，斗粟二千余钱，民死大半，有杀人而死者。——道光《荣成县志》卷一灾祥,,,,
1641,江苏,徐州市,萧县,1641|江苏|徐|萧,明思宗崇祯十四年,无,《萧县志》,无,保留,"v1,v2,v5,v6","v1,v2,v5,v6",4,0.5714,是,,萧县：春大饥，人相食，道绝行人。五月，大疫，一家死者十之八九，无殓无棺不可悉数。十月，黄河浅，时暴征秋粮，告急，逃亡一空。——顺治《萧县志》卷五灾异,萧县：春大饥，人相食，道绝行人。五月，大疫，一家死者十之八九，无殓无棺不可悉数。十月，黄河浅，时暴征秋粮，告急，逃亡一空。——顺治《萧县志》卷五灾异,,,萧县：春大饥，人相食，道绝行人。五月，大疫，一家死者十之八九，无殓无棺不可悉数。十月，黄河浅，时暴征秋粮，告急，逃亡一空。——顺治《萧县志》卷五灾异,萧县：春大饥，人相食，道绝行人。五月，大疫，一家死者十之八九，无殓无棺不可悉数。十月，黄河浅，时暴征秋粮，告急，逃亡一空。——顺治《萧县志》卷五灾异,
1641,河北,衡水市,衡水市,1641|河北|衡水|衡水,明思宗崇祯十四年,无,《衡水县志》,无,保留,"v2,v3","v2,v3",2,0.2857,是,,,衡水市：大旱，斗米千文，民益困。妇女之无赖者，插标于市，人莫之顾。炊骨啖肉，民多以速死为幸。衣锦者每饿于荒烟断垣之中。至有因盗正法，群逐如膻，相屠而食者；有暮行饿于街巷，晓视之，则骨者；有诱至于家掩杀而食者；有死而不葬，葬而盗发之烹食者。比邻隐若敌国，甚则妇食其夫，父食其子，人而禽兽，残止矣。——康熙《衡水县志》卷六事纪,衡水市：大旱，斗米千文，民益困。妇女之无赖者，插标于市，人莫之顾。炊骨啖肉，民多以速死为幸。衣锦者每饿于荒烟断垣之中。至有因盗正法，群逐如膻，相屠而食者；有暮行饿于街巷，晓视之，则骨者；有诱至于家掩杀而食者；有死而不葬，葬而盗发之烹食者。比邻隐若敌国，甚则妇食其夫，父食其子，人而禽兽，残止矣。——康熙《衡水县志》卷六事纪,,,,
1641,甘肃,定西,通渭县,1641|甘肃|定西|通渭,明思宗崇祯十四年,无,《西北灾荒史》,原出处《重修通渭县志》（光绪十九年），转引自《西北灾荒史》,保留,v3,v3,1,0.1429,是,,,,通渭县：大旱，岁饥，人相食。——《重修通渭县志》（光绪十九年），转引自《西北灾荒史》第437页。,,,,
1641,河北,,赵县,1641|河北|赵,明思宗崇祯十四年,无,《赵州志》,无,保留,"v2,v3","v2,v3",2,0.2857,是,,,赵县：大旱，人相食。瘟疫大行，死者枕藉。——康熙《赵州志》灾祥,赵县：大旱，人相食。瘟疫大行，死者枕藉。——康熙《赵州志》灾祥,,,,
1641,甘肃,,通渭县,1641|甘肃|通渭,明思宗崇祯十四年,无,《通渭县志》转引《西北灾荒史》,无,需进一步分析,v2,v2,1,0.1429,否,"同类 record 存在于 v1,v2,v3,v4,v5,v6,v7；本条仅存在于 v2；占比 14.3%",,通渭县：大旱，岁饥，人相食。——《重修通渭县志》（光绪十九年），转引自《西北灾荒史》第437页。,,,,,
1641,河北,,邯郸县,1641|河北|邯郸,明思宗崇祯十四年,无,《邯郸县志》,无,保留,"v2,v3","v2,v3",2,0.2857,是,,,邯郸县：旱，蝗。大疫，病亡者相枕于道，人相食。——康熙《邯郸县志》卷十灾异,邯郸县：旱，蝗。大疫，病亡者相枕于道，人相食。——康熙《邯郸县志》卷十灾异,,,,
1641,河南,漯河市,郾城县,1641|河南|漯河|郾城,明思宗崇祯十四年,无,《郾城县志》,无,保留,"v1,v2,v5,v6","v1,v2,v5,v6",4,0.5714,是,,郾城县：春正月，斗米二千文，人相食，道无行人。三、四月，瘟疫大行。是年，土贼至数十万众。——顺治《郾城县志》卷八祥异,郾城县：春正月，斗米二千文，人相食，道无行人。三、四月，瘟疫大行。是年，土贼至数十万众。——顺治《郾城县志》卷八祥异,,,郾城县：春正月，斗米二千文，人相食，道无行人。三、四月，瘟疫大行。是年，土贼至数十万众。——顺治《郾城县志》卷八祥异,郾城县：春正月，斗米二千文，人相食，道无行人。三、四月，瘟疫大行。是年，土贼至数十万众。——顺治《郾城县志》卷八祥异,
1641,陕西,西安,户县,1641|陕西|西安|户,明思宗崇祯十四年,无,《鄂县志》,无,保留,"v1,v2,v3,v4,v5,v7","v1,v2,v3,v4,v5,v7",6,0.8571,是,,户县：春大饥，人相食。——康熙《鄂县志》卷八灾异,户县：春大饥，人相食。——康熙《鄂县志》卷八灾异,户县：春大饥，人相食。——康熙《鄂县志》卷八灾异,户县：春大饥，人相食。——康熙《鄂县志》卷八灾异,户县：春大饥，人相食。——康熙《鄂县志》卷八灾异,,户县：春大饥，人相食。——康熙《鄂县志》卷八灾异
1641,河北,,任丘县,1641|河北|任丘,明思宗崇祯十四年,无,《重修任丘县志》,原文写作'任丘市'，应为'任丘县',保留,"v2,v3","v2,v3",2,0.2857,是,,,任丘市：大旱，蝗飞蔽天，人相食。——康熙《重修任丘县志》卷四祥异,任丘市：大旱，蝗飞蔽天，人相食。——康熙《重修任丘县志》卷四祥异,,,,
1641,陕西,西安,周至县,1641|陕西|西安|周至,明思宗崇祯十四年,无,《重修盩厔县志》,无,保留,"v1,v2,v3,v4,v5,v7","v1,v2,v3,v4,v5,v7",6,0.8571,是,,周至县：春大饥，米二升白银一两，人民相食，死者枕藉。是年，夏有年，有绝其家而无人收者。——乾隆《重修盩厔县志》卷十三祥异,周至县：春大饥，米二升白银一两，人民相食，死者枕藉。是年，夏有年，有绝其家而无人收者。——乾隆《重修盩厔县志》卷十三祥异,周至县：春大饥，米二升白银一两，人民相食，死者枕藉。是年，夏有年，有绝其家而无人收者。——乾隆《重修盩厔县志》卷十三祥异,周至县：春大饥，米二升白银一两，人民相食，死者枕藉。是年，夏有年，有绝其家而无人收者。——乾隆《重修盩厔县志》卷十三祥异,周至县：春大饥，米二升白银一两，人民相食，死者枕藉。是年，夏有年，有绝其家而无人收者。——乾隆《重修盩厔县志》卷十三祥异,,周至县：春大饥，米二升白银一两，人民相食，死者枕藉。是年，夏有年，有绝其家而无人收者。——乾隆《重修盩厔县志》卷十三祥异
1641,甘肃,,通渭县,1641|甘肃|通渭,明思宗崇祯十四年,无,《重修通渭县志》转引《西北灾荒史》,无,需进一步分析,"v1,v4,v5,v7","v1,v4,v5,v7",4,0.5714,否,"同类 record 存在于 v1,v2,v3,v4,v5,v6,v7；本条仅存在于 v1,v4,v5,v7；占比 57.1%",通渭县：大旱，岁饥，人相食。——《重修通渭县志》（光绪十九年），转引自《西北灾荒史》第437页。,,,通渭县：大旱，岁饥，人相食。——《重修通渭县志》（光绪十九年），转引自《西北灾荒史》第437页。,通渭县：大旱，岁饥，人相食。——《重修通渭县志》（光绪十九年），转引自《西北灾荒史》第437页。,,通渭县：大旱，岁饥，人相食。——《重修通渭县志》（光绪十九年），转引自《西北灾荒史》第437页。
1641,河南,新乡市,长垣县,1641|河南|新乡|长垣,明思宗崇祯十四年,无,《长垣县志》,无,保留,"v1,v2,v5,v6","v1,v2,v5,v6",4,0.5714,是,,长垣县：大旱，飞蝗食麦。瘟疫饿殍，人死七八，互相杀食。——康熙《长垣县志》卷二灾异,长垣县：大旱，飞蝗食麦。瘟疫饿殍，人死七八，互相杀食。——康熙《长垣县志》卷二灾异,,,长垣县：大旱，飞蝗食麦。瘟疫饿殍，人死七八，互相杀食。——康熙《长垣县志》卷二灾异,长垣县：大旱，飞蝗食麦。瘟疫饿殍，人死七八，互相杀食。——康熙《长垣县志》卷二灾异,
1641,山东,滨州市,阳信县,1641|山东|滨|阳信,明思宗崇祯十四年,无,《阳信县志》,无,保留,"v1,v2,v4","v1,v2,v4",3,0.4286,是,,阳信县：春夏大旱，斗栗二金。人相食，瘟疫大作，死者枕藉，十村九墟，人烟几绝。——康熙《阳信县志》卷三灾异,阳信县：春夏大旱，斗栗二金。人相食，瘟疫大作，死者枕藉，十村九墟，人烟几绝。——康熙《阳信县志》卷三灾异,,阳信县：春夏大旱，斗栗二金。人相食，瘟疫大作，死者枕藉，十村九墟，人烟几绝。——康熙《阳信县志》卷三灾异,,,
1641,山东,滨州,阳信县,1641|山东|滨|阳信,明思宗崇祯十四年,无,《阳信县志》,无,保留,v3,v3,1,0.1429,是,,,,阳信县：春夏大旱，斗栗二金。人相食，瘟疫大作，死者枕藉，十村九墟，人烟几绝。——康熙《阳信县志》卷三灾祥,,,,
1641,山东,,阳信县,1641|山东|阳信,明思宗崇祯十四年,无,《阳信县志》,无,保留,"v5,v7","v5,v7",2,0.2857,是,,,,,,阳信县：春夏大旱，斗栗二金。人相食，瘟疫大作，死者枕藉，十村九墟，人烟几绝。——康熙《阳信县志》卷三祥异,,阳信县：春夏大旱，斗栗二金。人相食，瘟疫大作，死者枕藉，十村九墟，人烟几绝。——康熙《阳信县志》卷三祥异
1641,安徽,阜阳市,阜阳县,1641|安徽|阜阳|阜阳,明思宗崇祯十四年,无,《颍州志》,无,保留,"v1,v2,v5,v6","v1,v2,v5,v6",4,0.5714,是,,阜阳县：春大饥，人相食。夏瘟，至秋末方止。淝河水溢，坏民庐舍。——顺治《颍州志》卷一郡纪,阜阳县：春大饥，人相食。夏瘟，至秋末方止。淝河水溢，坏民庐舍。——顺治《颍州志》卷一郡纪,,,阜阳县：春大饥，人相食。夏瘟，至秋末方止。淝河水溢，坏民庐舍。——顺治《颍州志》卷一郡纪,阜阳县：春大饥，人相食。夏瘟，至秋末方止。淝河水溢，坏民庐舍。——顺治《颍州志》卷一郡纪,
1641,河北,,饶阳县,1641|河北|饶阳,明思宗崇祯十四年,无,《饶阳县后志》,无,保留,"v2,v3","v2,v3",2,0.2857,是,,,饶阳县：春夏旱，斗米千钱。人食草根木皮，道馑相望，人相食，间有杀人而食者。——顺治《饶阳县后志》卷五事纪,饶阳县：春夏旱，斗米千钱。人食草根木皮，道馑相望，人相食，间有杀人而食者。——顺治《饶阳县后志》卷五事纪,,,,
1641,河北,,高阳县,1641|河北|高阳,明思宗崇祯十四年,无,《高阳县志》,无,保留,"v2,v3","v2,v3",2,0.2857,是,,,高阳县：大饥，人相食。斗麦一两二钱银，蠲逋赋。——雍正《高阳县志》卷六禨祥,高阳县：大饥，人相食。斗麦一两二钱银，蠲逋赋。——雍正《高阳县志》卷六禨祥,,,,
1641,陕西,西安,高陵县,1641|陕西|西安|高陵,明思宗崇祯十四年,无,《高陵县续志》,无,保留,"v1,v2,v3,v4,v5,v7","v1,v2,v3,v4,v5,v7",6,0.8571,是,,高陵县：春，斗麦二两、斗米三两，谷皮升百钱，麦麸斤百钱。人相食，饿殍盈野。——光绪《高陵县续志》卷八缀录,高陵县：春，斗麦二两、斗米三两，谷皮升百钱，麦麸斤百钱。人相食，饿殍盈野。——光绪《高陵县续志》卷八缀录,高陵县：春，斗麦二两、斗米三两，谷皮升百钱，麦麸斤百钱。人相食，饿殍盈野。——光绪《高陵县续志》卷八缀录,高陵县：春，斗麦二两、斗米三两，谷皮升百钱，麦麸斤百钱。人相食，饿殍盈野。——光绪《高陵县续志》卷八缀录,高陵县：春，斗麦二两、斗米三两，谷皮升百钱，麦麸斤百钱。人相食，饿殍盈野。——光绪《高陵县续志》卷八缀录,,高陵县：春，斗麦二两、斗米三两，谷皮升百钱，麦麸斤百钱。人相食，饿殍盈野。——光绪《高陵县续志》卷八缀录
1641,河北,,鸡泽县,1641|河北|鸡泽,明思宗崇祯十四年,无,《鸡泽县志》,无,保留,"v2,v3","v2,v3",2,0.2857,是,,,鸡泽县：荞麦种一斗钱三千六百，米一斗钱一千四百。人相食，儿稚独行要杀食之，尸弃道旁，一时争割立尽。疫大作，死者十损六七，村落几绝烟火。——民国《鸡泽县志》卷二十四灾祥,鸡泽县：荞麦种一斗钱三千六百，米一斗钱一千四百。人相食，儿稚独行要杀食之，尸弃道旁，一时争割立尽。疫大作，死者十损六七，村落几绝烟火。——民国《鸡泽县志》卷二十四灾祥,,,,
1641,山西,,霍县,1641|山西|霍,明思宗崇祯十四年,无,《鼎修霍州志》,无,保留,"v2,v3","v2,v3",2,0.2857,是,,,霍县：大饥，杀人而食。——康熙《鼎修霍州志》卷八祥异,霍县：大饥，杀人而食。——康熙《鼎修霍州志》卷八祥异,,,,
1641,山西,运城,万荣县,1641|山西|运城|万荣,明思宗崇祯十四年,无,万泉县志,无,保留,v6,v6,1,0.1429,是,,,,,,,万荣县：复大旱，骨肉相食，人亡大半。——康熙《万泉县志》卷七祥异,
1641,江苏,上海,上海县,1641|江苏|上海|上海,明思宗崇祯十四年,无,上海县志,无,保留,v6,v6,1,0.1429,是,,,,,,,上海市：夏大旱，蝗，米粟涌贵，饿殍载道。…是岁春大饥，斗米至三四钱，民食草木根皮俱尽，抛妻子，死者相枕。卖婆某氏抱人子女，至家杀之供饱啖，邻人闻所烹肉甚香，启锅视之，手足宛然，鸣官获之，立毙。——乾隆四十九年《上海县志》卷十二祥异,
1641,河南,驻马店,上蔡县,1641|河南|驻马店|上蔡,明思宗崇祯十四年,无,上蔡县志,无,保留,"v4,v7","v4,v7",2,0.2857,是,,,,,上蔡县：是岁大饥，人相食。——康熙《上蔡县志》卷十二编年,,,上蔡县：是岁大饥，人相食。——康熙《上蔡县志》卷十二编年
1641,河北,,东光县,1641|河北|东光,明思宗崇祯十四年,无,东光县志,无,保留,v1,v1,1,0.1429,是,,东光县：春大饥，或至父子夫妇相食。秋，稍熟。——康熙《东光县志》,,,,,,
1641,河北,,东光县,1641|河北|东光,明思宗崇祯十四年,无,东光县志,无,保留,"v4,v5,v7","v4,v5,v7",3,0.4286,是,,,,,东光县：春大饥，或至父子夫妇相食。秋，稍熟。——康熙《东光县志》卷一機祥,东光县：春大饥，或至父子夫妇相食。秋，稍熟。——康熙《东光县志》卷一機祥,,东光县：春大饥，或至父子夫妇相食。秋，稍熟。——康熙《东光县志》卷一機祥
1641,山东,聊城,东阿县,1641|山东|聊城|东阿,明思宗崇祯十四年,无,东阿县志,无,保留,v6,v6,1,0.1429,是,,,,,,,东阿县：大旱，饥，人相食。——道光《东阿县志》卷二十二祥异,
1641,甘肃,陇南,两当县,1641|甘肃|陇南|两当,明思宗崇祯十四年,无,两当县志,无,保留,v6,v6,1,0.1429,是,,,,,,,两当县：凶荒，茹草根，寻食木皮，甚至有食人肉者，尸骸满野，哭声震地。——康熙《两当县志》灾异,
1641,河南,郑州,中牟县,1641|河南|郑|中牟,明思宗崇祯十四年,无,中牟县志,无,保留,"v4,v7","v4,v7",2,0.2857,是,,,,,中牟县：大饥，人相食。——康熙《中牟县志》卷六祥异,,,中牟县：大饥，人相食。——康熙《中牟县志》卷六祥异
1641,河北,,丰润县,1641|河北|丰润,明思宗崇祯十四年,无,丰润县志,无,保留,v1,v1,1,0.1429,是,,丰润县：大饥，人相食。——康熙《丰润县志》,,,,,,
1641,河北,,丰润县,1641|河北|丰润,明思宗崇祯十四年,无,丰润县志,无,保留,"v4,v5,v7","v4,v5,v7",3,0.4286,是,,,,,丰润县：大饥，人相食。——康熙《丰润县志》卷二灾祥,丰润县：大饥，人相食。——康熙《丰润县志》卷二灾祥,,丰润县：大饥，人相食。——康熙《丰润县志》卷二灾祥
1641,山西,运城,临猗县,1641|山西|运城|临猗,明思宗崇祯十四年,无,临晋县志,无,保留,v6,v6,1,0.1429,是,,,,,,,临猗县：春，斗麦银一两三钱，木皮草根剥掘殆尽。人相食，僻巷无敢独行者，甚至父子夫妇互相杀食。——康熙《临晋县志》卷六灾祥,
1641,山西,临汾市,临汾市,1641|山西|临汾|临汾,明思宗崇祯十四年,无,临汾县志,无,保留,v1,v1,1,0.1429,是,,临汾市：春大饥。自十三年大饥，到处木皮草根剥既尽，复食人，至有父子、夫妇、兄弟相食者。至是午春，斗米麦自八九钱至一两二钱、一两五六钱者。黄昏不敢行。——康熙五十七年《临汾县志》,,,,,,
1641,山西,,临汾县,1641|山西|临汾,明思宗崇祯十四年,无,临汾县志,无,保留,"v4,v5,v7","v4,v5,v7",3,0.4286,是,,,,,临汾市：春大饥。自十三年大饥，到处木皮草根剥既尽，复食人，至有父子、夫妇、兄弟相食者。至是午春，斗米麦自八九钱至一两二钱、一两五六钱者。黄昏不敢行。——康熙五十七年《临汾县志》卷五祥异,临汾市：春大饥。自十三年大饥，到处木皮草根剥既尽，复食人，至有父子、夫妇、兄弟相食者。至是午春，斗米麦自八九钱至一两二钱、一两五六钱者。黄昏不敢行。——康熙五十七年《临汾县志》卷五祥异,,临汾市：春大饥。自十三年大饥，到处木皮草根剥既尽，复食人，至有父子、夫妇、兄弟相食者。至是午春，斗米麦自八九钱至一两二钱、一两五六钱者。黄昏不敢行。——康熙五十七年《临汾县志》卷五祥异
1641,陕西,西安,临潼县,1641|陕西|西安|临潼,明思宗崇祯十四年,无,临潼县志,无,保留,v6,v6,1,0.1429,是,,,,,,,临潼县：（十三年）粟价腾贵，斗米二钱。至次年春十倍其值，罢市，木皮石面皆尽，父子夫妇相割啖，道殣充积，十亡八九。——康熙《临潼县志》卷六祥异,
1641,山东,德州,临邑县,1641|山东|德|临邑,明思宗崇祯十四年,无,临邑县志,无,保留,v6,v6,1,0.1429,是,,,,,,,临邑县：旱，饥，人相食。——道光《临邑县志》卷十六纪祥,
1641,河南,漯河,临颍县,1641|河南|漯河|临颍,明思宗崇祯十四年,无,临颍县续志,无,保留,"v4,v7","v4,v7",2,0.2857,是,,,,,临颍县：春正月，斗米二千，麦钱一千八百，人相食。四月大疫。——乾隆《临颍县续志》卷七灾祥,,,临颍县：春正月，斗米二千，麦钱一千八百，人相食。四月大疫。——乾隆《临颍县续志》卷七灾祥
1641,山东,德州,乐陵县,1641|山东|德|乐陵,明思宗崇祯十四年,无,乐陵县志,无,保留,v6,v6,1,0.1429,是,,,,,,,乐陵县：旱，饥，人相食。——乾隆《乐陵县志》卷三祥异,
1641,山西,,乡宁县,1641|山西|乡宁,明思宗崇祯十四年,无,乡宁县志,无,保留,v1,v1,1,0.1429,是,,乡宁县：奇荒，人相食。——民国《乡宁县志》,,,,,,
1641,山西,,乡宁县,1641|山西|乡宁,明思宗崇祯十四年,无,乡宁县志,无,保留,"v4,v7","v4,v7",2,0.2857,是,,,,,乡宁县：奇荒，人相食。——民国《乡宁县志》卷八大事记,,,乡宁县：奇荒，人相食。——民国《乡宁县志》卷八大事记
1641,山西,,乡宁县,1641|山西|乡宁,明思宗崇祯十四年,无,乡宁县志,无,保留,v5,v5,1,0.1429,是,,,,,,乡宁县：奇荒，人相食。民国《乡宁县志》卷八大事记,,
1641,河北,,清苑县,1641|河北|清苑,明思宗崇祯十四年,无,保定府志,无,保留,v1,v1,1,0.1429,是,,清苑县：春二月，黄雾四塞。大饥，人相食。——康熙《保定府志》,,,,,,
1641,河北,,清苑县,1641|河北|清苑,明思宗崇祯十四年,无,保定府志,无,保留,"v4,v5,v7","v4,v5,v7",3,0.4286,是,,,,,清苑县：春二月，黄雾四塞。大饥，人相食。——康熙《保定府志》卷二十六祥异,清苑县：春二月，黄雾四塞。大饥，人相食。——康熙《保定府志》卷二十六祥异,,清苑县：春二月，黄雾四塞。大饥，人相食。——康熙《保定府志》卷二十六祥异
1641,山西,,偏关县,1641|山西|偏关,明思宗崇祯十四年,无,偏关志,无,保留,v1,v1,1,0.1429,是,,偏关县：夏大饥，斗米银八钱，死者山积，人相食。——道光增修《偏关志》,,,,,,
1641,山西,,偏关县,1641|山西|偏关,明思宗崇祯十四年,无,偏关志,无,保留,"v4,v5,v7","v4,v5,v7",3,0.4286,是,,,,,偏关县：夏大饥，斗米银八钱，死者山积，人相食。——道光增修《偏关志》志余,偏关县：夏大饥，斗米银八钱，死者山积，人相食。——道光增修《偏关志》志余,,偏关县：夏大饥，斗米银八钱，死者山积，人相食。——道光增修《偏关志》志余
1641,河北,,大名县,1641|河北|大名,明思宗崇祯十四年,无,元城县志,无,保留,v1,v1,1,0.1429,是,,大名县：大旱，飞蝗食麦。瘟疫，人死大半，互相杀食。——康熙《元城县志》,,,,,,
1641,河北,,元城县,1641|河北|元城,明思宗崇祯十四年,无,元城县志,无,保留,"v4,v5,v7","v4,v5,v7",3,0.4286,是,,,,,大名县：大旱，飞蝗食麦。瘟疫，人死大半，互相杀食。——康熙《元城县志》卷一年纪,大名县：大旱，飞蝗食麦。瘟疫，人死大半，互相杀食。——康熙《元城县志》卷一年纪,,大名县：大旱，飞蝗食麦。瘟疫，人死大半，互相杀食。——康熙《元城县志》卷一年纪
1641,安徽,六安,霍山县,1641|安徽|六安|霍山,明思宗崇祯十四年,无,六安州志,无,保留,"v4,v7","v4,v7",2,0.2857,是,,,,,霍山县：春，霍山大饥，人相食。——乾隆《六安州志》卷二十四祥异,,,霍山县：春，霍山大饥，人相食。——乾隆《六安州志》卷二十四祥异
1641,河北,,冀县,1641|河北|冀,明思宗崇祯十四年,无,冀州志,无,保留,v1,v1,1,0.1429,是,,冀县：大饥，小米一斗钱八百。初食死人，继食生人，甚有食子女，将人肉市卖无忌。——康熙《冀州志》,,,,,,
1641,河北,,冀县,1641|河北|冀,明思宗崇祯十四年,无,冀州志,无,保留,"v4,v5,v7","v4,v5,v7",3,0.4286,是,,,,,冀县：大饥，小米一斗钱八百。初食死人，继食生人，甚有食子女，将人肉市卖无忌。——康熙《冀州志》卷一祥异,冀县：大饥，小米一斗钱八百。初食死人，继食生人，甚有食子女，将人肉市卖无忌。——康熙《冀州志》卷一祥异,,冀县：大饥，小米一斗钱八百。初食死人，继食生人，甚有食子女，将人肉市卖无忌。——康熙《冀州志》卷一祥异
1641,陕西,渭南,潼关县,1641|陕西|渭南|潼关,明思宗崇祯十四年,无,凤翔县志,无,保留,v6,v6,1,0.1429,是,,,,,,,潼关县：春饥，斗米二两八钱，人相食，死者以亿万计。是年大疫。——乾隆《凤翔县志》卷十祥异,
1641,安徽,池州,东至县,1641|安徽|池|东至,明思宗崇祯十四年,无,华东地区近五百年气候历史资料,无,保留,"v4,v7","v4,v7",2,0.2857,是,,,,,东至县：建德冬月，民大饥，有惊人而食者。——《华东地区近五百年气候历史资料》第三分册，第152页。,,,东至县：建德冬月，民大饥，有惊人而食者。——《华东地区近五百年气候历史资料》第三分册，第152页。
1641,安徽,安庆,怀宁县,1641|安徽|安庆|怀宁,明思宗崇祯十四年,无,华东地区近五百年气候历史资料,无,保留,"v4,v7","v4,v7",2,0.2857,是,,,,,怀宁、宿松、望江、潜山、桐城：大旱，瘟疫。怀宁人相食，死者枕藉。宿松饥。潜山人死者枕藉，饥者刈人为食，无敢独行道路者。——《华东地区近五百年气候历史资料》第三分册，第131页。,,,怀宁、宿松、望江、潜山、桐城：大旱，瘟疫。怀宁人相食，死者枕藉。宿松饥。潜山人死者枕藉，饥者刈人为食，无敢独行道路者。——《华东地区近五百年气候历史资料》第三分册，第131页。
1641,安徽,安庆,潜山县,1641|安徽|安庆|潜山,明思宗崇祯十四年,无,华东地区近五百年气候历史资料,无,保留,"v4,v7","v4,v7",2,0.2857,是,,,,,怀宁、宿松、望江、潜山、桐城：大旱，瘟疫。怀宁人相食，死者枕藉。宿松饥。潜山人死者枕藉，饥者刈人为食，无敢独行道路者。——《华东地区近五百年气候历史资料》第三分册，第131页。,,,怀宁、宿松、望江、潜山、桐城：大旱，瘟疫。怀宁人相食，死者枕藉。宿松饥。潜山人死者枕藉，饥者刈人为食，无敢独行道路者。——《华东地区近五百年气候历史资料》第三分册，第131页。
1641,河北,,安新县,1641|河北|安新,明思宗崇祯十四年,无,华北、东北近五百年旱涝史料,无,保留,v1,v1,1,0.1429,是,,安新县：大饥，人相食。——《华北、东北近五百年旱涝史料》,,,,,,
1641,河北,,安新县,1641|河北|安新,明思宗崇祯十四年,无,华北、东北近五百年旱涝史料,无,保留,"v3,v4,v5,v7","v3,v4,v5,v7",4,0.5714,是,,,,安新县：大饥，人相食。——《华北、东北近五百年旱涝史料》第二分册，第57页。,安新县：大饥，人相食。——《华北、东北近五百年旱涝史料》第二分册，第57页,安新县：大饥，人相食。——《华北、东北近五百年旱涝史料》第二分册，第57页。,,安新县：大饥，人相食。——《华北、东北近五百年旱涝史料》第二分册，第57页。
1641,河南,开封,开封县,1641|河南|开封|开封,明思宗崇祯十四年,无,华北、东北近五百年旱涝史料,无,保留,"v4,v7","v4,v7",2,0.2857,是,,,,,开封县：夏大疫，人相食。——《华北、东北近五百年旱涝史料》第四分册，第29页。,,,开封县：夏大疫，人相食。——《华北、东北近五百年旱涝史料》第四分册，第29页。
1641,河北,,河间县,1641|河北|河间,明思宗崇祯十四年,无,华北、东北近五百年旱涝史料,无,保留,v1,v1,1,0.1429,是,,河间县：旱如故，死徒流亡载道，蝗飞满天，人相食。——《华北、东北近五百年旱涝史料》,,,,,,
1641,河北,,河间县,1641|河北|河间,明思宗崇祯十四年,无,华北、东北近五百年旱涝史料,无,保留,"v3,v4,v5,v7","v3,v4,v5,v7",4,0.5714,是,,,,河间县：旱如故，死徒流亡载道，蝗飞满天，人相食。——《华北、东北近五百年旱涝史料》第二分册，第30页。,河间县：旱如故，死徒流亡载道，蝗飞满天，人相食。——《华北、东北近五百年旱涝史料》第二分册，第30页,河间县：旱如故，死徒流亡载道，蝗飞满天，人相食。——《华北、东北近五百年旱涝史料》第二分册，第30页。,,河间县：旱如故，死徒流亡载道，蝗飞满天，人相食。——《华北、东北近五百年旱涝史料》第二分册，第30页。
1641,河北,,正定县,1641|河北|正定,明思宗崇祯十四年,无,华北、东北近五百年旱涝史料,无,保留,v1,v1,1,0.1429,是,,正定县：大旱，民饥。夏大疫…人相食，死亡塞道。——《华北、东北近五百年旱涝史料》,,,,,,
1641,河北,,正定县,1641|河北|正定,明思宗崇祯十四年,无,华北、东北近五百年旱涝史料,无,保留,"v3,v4,v5,v7","v3,v4,v5,v7",4,0.5714,是,,,,正定县：大旱，民饥。夏大疫…人相食，死亡塞道。——《华北、东北近五百年旱涝史料》第二分册，第80页。,正定县：大旱，民饥。夏大疫…人相食，死亡塞道。——《华北、东北近五百年旱涝史料》第二分册，第80页,正定县：大旱，民饥。夏大疫…人相食，死亡塞道。——《华北、东北近五百年旱涝史料》第二分册，第80页。,,正定县：大旱，民饥。夏大疫…人相食，死亡塞道。——《华北、东北近五百年旱涝史料》第二分册，第80页。
1641,河南,濮阳,南乐县,1641|河南|濮阳|南乐,明思宗崇祯十四年,无,南乐县志,无,保留,"v4,v7","v4,v7",2,0.2857,是,,,,,南乐县：疫大行，死者十之七。…，岁大歉。斗粟千钱，人相食。——康熙《南乐县志》卷九纪年,,,南乐县：疫大行，死者十之七。…，岁大歉。斗粟千钱，人相食。——康熙《南乐县志》卷九纪年
1641,河北,,南和县,1641|河北|南和,明思宗崇祯十四年,无,南和县志,无,保留,v1,v1,1,0.1429,是,,南和县：大早，人相食。瘟疫大行，死者枕藉。——康熙《南和县志》,,,,,,
1641,河北,,南和县,1641|河北|南和,明思宗崇祯十四年,无,南和县志,无,保留,"v4,v5,v7","v4,v5,v7",3,0.4286,是,,,,,南和县：大早，人相食。瘟疫大行，死者枕藉。——康熙《南和县志》卷一灾祥,南和县：大早，人相食。瘟疫大行，死者枕藉。——康熙《南和县志》卷一灾祥,,南和县：大早，人相食。瘟疫大行，死者枕藉。——康熙《南和县志》卷一灾祥
1641,河北,南宫市,南宫市,1641|河北|南宫|南宫,明思宗崇祯十四年,无,南宫县志,无,保留,v1,v1,1,0.1429,是,,南宫市：亢杭，人民饥馁，至有父兄弟相残食者。——康熙《南宫县志》,,,,,,
1641,河北,,南宫县,1641|河北|南宫,明思宗崇祯十四年,无,南宫县志,无,保留,"v4,v5,v7","v4,v5,v7",3,0.4286,是,,,,,南宫市：亢杭，人民饥馁，至有父兄弟相残食者。——康熙《南宫县志》卷五事异,南宫市：亢杭，人民饥馁，至有父兄弟相残食者。——康熙《南宫县志》卷五事异,,南宫市：亢杭，人民饥馁，至有父兄弟相残食者。——康熙《南宫县志》卷五事异
1641,山东,淄博,淄博市,1641|山东|淄博|淄博,明思宗崇祯十四年,无,博山县志,无,保留,v6,v6,1,0.1429,是,,,,,,,淄博市：岁荐饥，斗米值一两八钱，人相食。龙泉、范泉尽涸，孝妇河十里下亦绝流。——乾隆《博山县志》卷四灾祥,
1641,河北,,博野县,1641|河北|博野,明思宗崇祯十四年,无,博野县志,无,保留,v1,v1,1,0.1429,是,,博野县：大旱，人食人。——康熙《博野县志》,,,,,,
1641,河北,,博野县,1641|河北|博野,明思宗崇祯十四年,无,博野县志,无,保留,"v4,v5,v7","v4,v5,v7",3,0.4286,是,,,,,博野县：大旱，人食人。——康熙《博野县志》卷四祥异,博野县：大旱，人食人。——康熙《博野县志》卷四祥异,,博野县：大旱，人食人。——康熙《博野县志》卷四祥异
1641,陕西,西安,长安县,1641|陕西|西安|长安,明思宗崇祯十四年,无,咸宁县志,无,保留,v6,v6,1,0.1429,是,,,,,,,长安县：春，斗米值银二两，市罢枭。道瘞蚁集，至人相食。——康熙《咸宁县志》卷七祥异,
1641,河北,,隆尧县,1641|河北|隆尧,明思宗崇祯十四年,无,唐山县志,无,保留,v1,v1,1,0.1429,是,,隆尧县：饥甚，骨肉相食，儿无子遗。——康熙《唐山县志》,,,,,,
1641,河北,,隆尧县,1641|河北|隆尧,明思宗崇祯十四年,无,唐山县志,无,保留,"v4,v5,v7","v4,v5,v7",3,0.4286,是,,,,,隆尧县：饥甚，骨肉相食，儿无子遗。——康熙《唐山县志》卷一祥异,隆尧县：饥甚，骨肉相食，儿无子遗。——康熙《唐山县志》卷一祥异,,隆尧县：饥甚，骨肉相食，儿无子遗。——康熙《唐山县志》卷一祥异
1641,河南,信阳,商城县,1641|河南|信阳|商城,明思宗崇祯十四年,无,商城县志,无,保留,"v4,v7","v4,v7",2,0.2857,是,,,,,商城县：城破。升米千钱，田荒，人相食，大疫。——康熙《商城县志》卷八灾祥,,,商城县：城破。升米千钱，田荒，人相食，大疫。——康熙《商城县志》卷八灾祥
1641,山东,德州,商河县,1641|山东|德|商河,明思宗崇祯十四年,无,商河县志,无,保留,v6,v6,1,0.1429,是,,,,,,,商河县：旱，饥，人相食。——道光《商河县志》卷三祥异,
1641,浙江,嘉兴,嘉兴市,1641|浙江|嘉兴|嘉兴,明思宗崇祯十四年,无,嘉兴县志,无,保留,v6,v6,1,0.1429,是,,,,,,,嘉兴市：米价腾贵，石至四两，饿民子西城上剔人肉以充食。——康熙《嘉兴县志》卷八外纪,
1641,河南,信阳,固始县,1641|河南|信阳|固始,明思宗崇祯十四年,无,固始县志,无,保留,"v4,v7","v4,v7",2,0.2857,是,,,,,固始县：春大饥，夏大疫。人相食，疫死者五六。——顺治《固始县志》卷九灾异,,,固始县：春大饥，夏大疫。人相食，疫死者五六。——顺治《固始县志》卷九灾异
1641,山东,聊城,冠县,1641|山东|聊城|冠,明思宗崇祯十四年,无,堂邑县志,无,保留,v6,v6,1,0.1429,是,,,,,,,冠县：春又不雨，千钱斗米，即谷糠亦斗值百钱。母食其子，妇食其夫，即葬埋逾旬者，犹盗掘而分尸之。夏初，瘟疫大行，家无幸免。至秋飞蝗蔽天，即由寸草亦蚕食无遗。人死于瘟，死于饿，死于贼十有八九，乡村落空，地荒屋毁，几无人迹。此亘古未见之奇荒。——顺治《堂邑县志》卷三灾祥,
1641,山西,,壶关县,1641|山西|壶关,明思宗崇祯十四年,无,壶关县志,无,保留,v1,v1,1,0.1429,是,,壶关县：春，斗米银七钱。民掘草根、剥树皮以食，死者不计其数。尤可惨者，生者食死之肉。更有父子兄弟相食者。——康熙《壶关县志》,,,,,,
1641,山西,,壶关县,1641|山西|壶关,明思宗崇祯十四年,无,壶关县志,无,保留,"v4,v5,v7","v4,v5,v7",3,0.4286,是,,,,,壶关县：春，斗米银七钱。民掘草根、剥树皮以食，死者不计其数。尤可惨者，生者食死之肉。更有父子兄弟相食者。——康熙《壶关县志》卷一灾祥,壶关县：春，斗米银七钱。民掘草根、剥树皮以食，死者不计其数。尤可惨者，生者食死之肉。更有父子兄弟相食者。——康熙《壶关县志》卷一灾祥,,壶关县：春，斗米银七钱。民掘草根、剥树皮以食，死者不计其数。尤可惨者，生者食死之肉。更有父子兄弟相食者。——康熙《壶关县志》卷一灾祥
1641,山东,德州,夏津县,1641|山东|德|夏津,明思宗崇祯十四年,无,夏津县志,无,保留,v6,v6,1,0.1429,是,,,,,,,夏津县：大饥，斗米两银，人相食。——康熙《夏津县志》卷五灾异,
1641,江苏,上海,嘉定县,1641|江苏|上海|嘉定,明思宗崇祯十四年,无,外冈志,无,保留,v6,v6,1,0.1429,是,,,,,,,嘉定县：旱魃为虐，自三月不雨，至七月河底迸裂，赤地千里。斗米千钱，饥馑载道，易子而食。——崇祯《外冈志》卷二祥异,
1641,河北,,大城县,1641|河北|大城,明思宗崇祯十四年,无,大城县志,无,保留,v1,v1,1,0.1429,是,,大城县：春，大饥。人相食。道雍相望。——康熙《大城县志》,,,,,,
1641,河北,,大城县,1641|河北|大城,明思宗崇祯十四年,无,大城县志,无,保留,"v4,v5,v7","v4,v5,v7",3,0.4286,是,,,,,大城县：春，大饥。人相食。道雍相望。——康熙《大城县志》卷八灾异,大城县：春，大饥。人相食。道雍相望。——康熙《大城县志》卷八灾异,,大城县：春，大饥。人相食。道雍相望。——康熙《大城县志》卷八灾异
1641,陕西,渭南,大荔县,1641|陕西|渭南|大荔,明思宗崇祯十四年,无,大荔县志,无,保留,v6,v6,1,0.1429,是,,,,,,,大荔县：岁大荒，斗栗值钱三千，人相食。——乾隆五十一年《大荔县志》卷十三贤能,
1641,安徽,滁州,天长县,1641|安徽|滁|天长,明思宗崇祯十四年,无,天长县志,无,保留,"v4,v7","v4,v7",2,0.2857,是,,,,,天长县：大旱，人民相食，忽流言山出石面，饥民取面和榆屑食之，后皆肿死。——康熙《天长县志》卷一祥异附,,,天长县：大旱，人民相食，忽流言山出石面，饥民取面和榆屑食之，后皆肿死。——康熙《天长县志》卷一祥异附
1641,山西,,襄汾县,1641|山西|襄汾,明思宗崇祯十四年,无,太平县志,无,保留,v1,v1,1,0.1429,是,,襄汾县：大荒，斗麦银一两、米八钱，城中罢市，人相食。——乾隆《太平县志》,,,,,,
1641,山西,,太平县,1641|山西|太平,明思宗崇祯十四年,无,太平县志,无,保留,"v4,v7","v4,v7",2,0.2857,是,,,,,襄汾县：大荒，斗麦银一两、米八钱，城中罢市，人相食。——乾隆《太平县志》卷八祥异,,,襄汾县：大荒，斗麦银一两、米八钱，城中罢市，人相食。——乾隆《太平县志》卷八祥异
1641,山西,,襄汾县,1641|山西|襄汾,明思宗崇祯十四年,无,太平县志,无,保留,v5,v5,1,0.1429,是,,,,,,襄汾县：大荒，斗麦银一两、米八钱，城中罢市，人相食。——乾隆《太平县志》卷八祥异,,
1641,山东,威海,威海市,1641|山东|威海|威海,明思宗崇祯十四年,无,威海卫志,无,保留,v6,v6,1,0.1429,是,,,,,,,威海市：大饥，人相食。——乾隆《威海卫志》卷一灾祥,
1641,甘肃,天水,武山县,1641|甘肃|天水|武山,明思宗崇祯十四年,宁远,宁远县志,无,保留,v6,v6,1,0.1429,是,,,,,,,武山县：东郊有嘉禾，一茎九穗，是年大有。奈河贼蹂踊，人有不得食者。谷极贵，民大相食，饿殍遍野，有田不治。——康熙《宁远县志》卷三灾祥,
1641,河北,,安平县,1641|河北|安平,明思宗崇祯十四年,无,安平县志,无,保留,v1,v1,1,0.1429,是,,安平县：大旱，瘟疫大作，人相食，盗贼充斥。——康熙《安平县志》,,,,,,
1641,河北,,安平县,1641|河北|安平,明思宗崇祯十四年,无,安平县志,无,保留,"v4,v5,v7","v4,v5,v7",3,0.4286,是,,,,,安平县：大旱，瘟疫大作，人相食，盗贼充斥。——康熙《安平县志》卷十灾祥,安平县：大旱，瘟疫大作，人相食，盗贼充斥。——康熙《安平县志》卷十灾祥,,安平县：大旱，瘟疫大作，人相食，盗贼充斥。——康熙《安平县志》卷十灾祥
1641,安徽,安庆,太湖县,1641|安徽|安庆|太湖,明思宗崇祯十四年,无,安庆府太湖县志,无,保留,"v4,v7","v4,v7",2,0.2857,是,,,,,太湖县：八月，飞蝗蔽天。民大饥，疫。斗米千钱，死者日以数百计，人相残食，日晡不敢独行。——康熙十四年《安庆府太湖县志》卷二灾祥,,,太湖县：八月，飞蝗蔽天。民大饥，疫。斗米千钱，死者日以数百计，人相残食，日晡不敢独行。——康熙十四年《安庆府太湖县志》卷二灾祥
1641,安徽,安庆,安庆市,1641|安徽|安庆|安庆,明思宗崇祯十四年,无,安庆府志,无,保留,v6,v6,1,0.1429,是,,,,,,,安庆市：大旱，蠡，疫。人相食，死者枕藉。——康熙二十二年《安庆府志》卷十四祥异,
1641,河南,郑州,密县,1641|河南|郑|密,明思宗崇祯十四年,无,密县志,无,保留,"v4,v7","v4,v7",2,0.2857,是,,,,,密县：大旱，蝗。数年荒歉异常，道殣枕籍，人至相食，即父子夫妇，亦有忍啖不忌者。——《密县志》卷一灾祥。,,,密县：大旱，蝗。数年荒歉异常，道殣枕籍，人至相食，即父子夫妇，亦有忍啖不忌者。——《密县志》卷一灾祥。
1641,河南,新乡,封丘县,1641|河南|新乡|封丘,明思宗崇祯十四年,无,封丘县志,无,保留,"v4,v7","v4,v7",2,0.2857,是,,,,,封丘县：春，瘟疫大作，死十存一二，蝗蝻遍野，至有父子相食。——顺治《封丘县志》卷三灾祥,,,封丘县：春，瘟疫大作，死十存一二，蝗蝻遍野，至有父子相食。——顺治《封丘县志》卷三灾祥
1641,山西,,,1641|山西,明思宗崇祯十四年,无,山西通志,无,需校验地区信息,v4,v4,1,0.1429,是,同年同省同来源记录可对应同一事件，但地区层级存在泛指与具体定位并存，需校验地区信息,,,,春大饥。自十三年大饥，到处木皮草根剥掘既尽，复食人，至有父子、夫妇、兄弟相食者。至是年春，斗米麦自八九钱至一两二钱、一两五六钱者。黄昏人无有敢行。——康熙《山西通志》卷三十祥异,,,
1641,山西,,山西,1641|山西|山西,明思宗崇祯十四年,无,山西通志,无,需校验地区信息,v7,v7,1,0.1429,是,同年同省同来源记录可对应同一事件，但地区层级存在泛指与具体定位并存，需校验地区信息,,,,,,,春大饥。自十三年大饥，到处木皮草根剥掘既尽，复食人，至有父子、夫妇、兄弟相食者。至是年春，斗米麦自八九钱至一两二钱、一两五六钱者。黄昏人无有敢行。——康熙《山西通志》卷三十祥异
1641,北京,,都下,1641|北京|都下,明思宗崇祯十四年,无,崇祯遗录,无,保留,"v1,v4,v5,v7","v1,v4,v5,v7",4,0.5714,是,,都下大饥，斗米钱五百，麦七百，鸡羊豕不赀，人相食。——明·王世德《崇祯遗录》,,,都下大饥，斗米钱五百，麦七百，鸡羊豕不赀，人相食。——明·王世德《崇祯遗录》,都下大饥，斗米钱五百，麦七百，鸡羊豕不赀，人相食。——明·王世德《崇祯遗录》,,都下大饥，斗米钱五百，麦七百，鸡羊豕不赀，人相食。——明·王世德《崇祯遗录》
1641,山东,德州,平原县,1641|山东|德|平原,明思宗崇祯十四年,无,平原县志,无,保留,v6,v6,1,0.1429,是,,,,,,,平原县：夏旱，蝗。父子夫妇相食，村落问杳无人烟。——乾隆《平原县志》卷九灾祥,
1641,山东,,山东,1641|山东|山东,明思宗崇祯十四年,无,平寇志,"""徐德""疑似OCR错误或地名有误",保留,"v4,v7","v4,v7",2,0.2857,是,,,,,崇祯十四年二月，时山东荒旱，寇盗益炽，徐德（南端到北端）数千里白骨纵横，父子相食，人迹断绝。——彭贻孙《平寇志》卷四,,,崇祯十四年二月，时山东荒旱，寇盗益炽，徐德（南端到北端）数千里白骨纵横，父子相食，人迹断绝。——彭贻孙《平寇志》卷四
1641,河北,,平山县,1641|河北|平山,明思宗崇祯十四年,无,平山县志,无,保留,v1,v1,1,0.1429,是,,平山县：岁凶，人相食。——康熙《平山县志》,,,,,,
1641,河北,,平山县,1641|河北|平山,明思宗崇祯十四年,无,平山县志,无,保留,"v4,v5,v7","v4,v5,v7",3,0.4286,是,,,,,平山县：岁凶，人相食。——康熙《平山县志》卷一事纪,平山县：岁凶，人相食。——康熙《平山县志》卷一事纪,,平山县：岁凶，人相食。——康熙《平山县志》卷一事纪
1641,湖北,黄冈,广济县,1641|湖北|黄冈|广济,明思宗崇祯十四年,无,广济县志,无,保留,"v4,v7","v4,v7",2,0.2857,是,,,,,广济县：大疫，大饥，人至相食。——康熙《广济县志》卷二灾异,,,广济县：大疫，大饥，人至相食。——康熙《广济县志》卷二灾异
1641,山东,滨州,庆云县,1641|山东|滨|庆云,明思宗崇祯十四年,无,庆云县志,无,保留,v6,v6,1,0.1429,是,,,,,,,庆云县：大饥，人相食，有骨肉相残者。…人多疫，死者枕藉。——康熙《庆云县志》卷十一祥异,
1641,河南,濮阳,濮阳县,1641|河南|濮阳|濮阳,明思宗崇祯十四年,无,开州志,无,保留,"v4,v7","v4,v7",2,0.2857,是,,,,,濮阳县：大旱，瘟疫大作，人死强半，互相杀食，连接数村不见人迹。——康熙《开州志》卷四灾祥,,,濮阳县：大旱，瘟疫大作，人死强半，互相杀食，连接数村不见人迹。——康熙《开州志》卷四灾祥
1641,江苏,徐州,徐州市,1641|江苏|徐|徐,明思宗崇祯十四年,无,徐州府志,无,保留,v6,v6,1,0.1429,是,,,,,,,徐州市：大旱，蝗。人相食，道无行人。夏大疫。死无棺验者不可数计。——康熙《徐州府志》卷二祥异,
1641,山东,德州,德州市,1641|山东|德|德,明思宗崇祯十四年,无,德州志,无,保留,v6,v6,1,0.1429,是,,,,,,,德州市：春疫，斗米银一两。饥，人相食。——康熙《德州志》卷十纪事,
1641,安徽,蚌埠,怀远县,1641|安徽|蚌埠|怀远,明思宗崇祯十四年,无,怀远县志,无,保留,"v4,v7","v4,v7",2,0.2857,是,,,,,怀远县：大荒大疫，人相食。——道光《怀远县志》卷四,,,怀远县：大荒大疫，人相食。——道光《怀远县志》卷四
1641,山东,德州,武城县,1641|山东|德|武城,明思宗崇祯十四年,无,恩县续志,无,保留,v6,v6,1,0.1429,是,,,,,,,武城县：春，民多饥死，人相食，道途行人几绝。——雍正《恩县续志》卷四灾祥,
1641,河南,信阳,息县,1641|河南|信阳|息,明思宗崇祯十四年,无,息县志,无,保留,"v4,v7","v4,v7",2,0.2857,是,,,,,息县：春大饥，夏大疫。人相食，疫死者十之五六。——顺治《息县志》卷十灾异,,,息县：春大饥，夏大疫。人相食，疫死者十之五六。——顺治《息县志》卷十灾异
1641,山东,滨州,惠民县,1641|山东|滨|惠民,明思宗崇祯十四年,无,惠民县志,无,保留,v6,v6,1,0.1429,是,,,,,,,惠民县：旱，饥，人相食。——乾隆《惠民县志》卷四祥异,
1641,河北,,成安县,1641|河北|成安,明思宗崇祯十四年,无,成安县志,无,保留,v1,v1,1,0.1429,是,,成安县：大疫，大饥，斗米钱千三百文，人相食。——康熙《成安县志》,,,,,,
1641,河北,,成安县,1641|河北|成安,明思宗崇祯十四年,无,成安县志,无,保留,"v4,v5,v7","v4,v5,v7",3,0.4286,是,,,,,成安县：大疫，大饥，斗米钱千三百文，人相食。——康熙《成安县志》卷四灾异,成安县：大疫，大饥，斗米钱千三百文，人相食。——康熙《成安县志》卷四灾异,,成安县：大疫，大饥，斗米钱千三百文，人相食。——康熙《成安县志》卷四灾异
1641,河北,,文安县,1641|河北|文安,明思宗崇祯十四年,无,文安县志,无,保留,v1,v1,1,0.1429,是,,文安县：粗粮九两一石，人相食。——康熙四十二年《文安县志》,,,,,,
1641,河北,,文安县,1641|河北|文安,明思宗崇祯十四年,无,文安县志,无,保留,"v4,v5,v7","v4,v5,v7",3,0.4286,是,,,,,文安县：粗粮九两一石，人相食。——康熙四十二年《文安县志》卷八事异,文安县：粗粮九两一石，人相食。——康熙四十二年《文安县志》卷八事异,,文安县：粗粮九两一石，人相食。——康熙四十二年《文安县志》卷八事异
1641,山西,,文水县,1641|山西|文水,明思宗崇祯十四年,无,文水县志,无,保留,v1,v1,1,0.1429,是,,文水县：岁大饥，人相食。（公甫下车）雨大降，旋令民种晚田，复设法赈济。——光绪《文水县志》,,,,,,
1641,山西,,文水县,1641|山西|文水,明思宗崇祯十四年,无,文水县志,无,保留,"v4,v5,v7","v4,v5,v7",3,0.4286,是,,,,,文水县：岁大饥，人相食。（公甫下车）雨大降，旋令民种晚田，复设法赈济。——光绪《文水县志》卷九人物,文水县：岁大饥，人相食。（公甫下车）雨大降，旋令民种晚田，复设法赈济。——光绪《文水县志》卷九人物,,文水县：岁大饥，人相食。（公甫下车）雨大降，旋令民种晚田，复设法赈济。——光绪《文水县志》卷九人物
1641,山东,威海,文登县,1641|山东|威海|文登,明思宗崇祯十四年,无,文登县志,无,保留,v6,v6,1,0.1429,是,,,,,,,文登县：大饥，斗粟二千余钱，民死大半，有杀人而死者。——雍正《文登县志》卷一灾祥,
1641,江苏,徐州,丰县,1641|江苏|徐|丰,明思宗崇祯十四年,无,新修丰县志,无,保留,v6,v6,1,0.1429,是,,,,,,,丰县：大旱，蝗，父子夫妻相食，大疫流行，死无棺殓者不可悉数。——顺治《新修丰县志》卷九灾祥,
1641,安徽,安庆,望江县,1641|安徽|安庆|望江,明思宗崇祯十四年,无,新修望江县志,无,保留,v6,v6,1,0.1429,是,,,,,,,望江县：大旱，自三月十八日雨，至六月初八日乃雨，地赤土焦，河湖亦枯圻。秋七月，蠡飞蔽天。大疫，道殍无算。十二月，人相食。——顺治《新修望江县志》卷九灾异,
1641,河北,,新城县,1641|河北|新城,明思宗崇祯十四年,无,新城县志,无,保留,v1,v1,1,0.1429,是,,新城县：旱，大饥，人相食。——康熙《新城县志》,,,,,,
1641,河北,,新城县,1641|河北|新城,明思宗崇祯十四年,无,新城县志,无,保留,"v4,v5,v7","v4,v5,v7",3,0.4286,是,,,,,新城县：旱，大饥，人相食。——康熙《新城县志》卷一祥,新城县：旱，大饥，人相食。——康熙《新城县志》卷一祥,,新城县：旱，大饥，人相食。——康熙《新城县志》卷一祥
1641,河北,,昌平县,1641|河北|昌平,明思宗崇祯十四年,无,昌平州志,无,保留,v1,v1,1,0.1429,是,,昌平县：大饥，斗米一两，人至相食。——康熙《昌平州志》,,,,,,
1641,河北,,昌平县,1641|河北|昌平,明思宗崇祯十四年,无,昌平州志,无,保留,"v4,v5,v7","v4,v5,v7",3,0.4286,是,,,,,昌平县：大饥，斗米一两，人至相食。——康熙《昌平州志》卷二十六纪事,昌平县：大饥，斗米一两，人至相食。——康熙《昌平州志》卷二十六纪事,,昌平县：大饥，斗米一两，人至相食。——康熙《昌平州志》卷二十六纪事
1641,山东,,德州,1641|山东|德,明思宗崇祯十四年,无,明史,无,保留,"v1,v4,v5,v7","v1,v4,v5,v7",4,0.5714,是,,是岁，畿南、山东游饥。德州斗米千钱，父子相食，行人断绝，大盗滋矣。”——《明史》卷三0《五行志》,,,是岁，畿南、山东游饥。德州斗米千钱，父子相食，行人断绝，大盗滋矣。'——《明史》卷三0《五行志》,是岁，畿南、山东游饥。德州斗米千钱，父子相食，行人断绝，大盗滋矣。'——《明史》卷三0《五行志》,,是岁，畿南、山东游饥。德州斗米千钱，父子相食，行人断绝，大盗滋矣。'——《明史》卷三0《五行志》
1641,河北,,景县,1641|河北|景,明思宗崇祯十四年,无,景州志,无,保留,v1,v1,1,0.1429,是,,景县：又人旱，斗米钱千余者，值银二两。人相食。——康熙《景州志》,,,,,,
1641,河北,,景县,1641|河北|景,明思宗崇祯十四年,无,景州志,无,保留,"v4,v5,v7","v4,v5,v7",3,0.4286,是,,,,,景县：又人旱，斗米钱千余者，值银二两。人相食。——康熙《景州志》卷四灾变,景县：又人旱，斗米钱千余者，值银二两。人相食。——康熙《景州志》卷四灾变,,景县：又人旱，斗米钱千余者，值银二两。人相食。——康熙《景州志》卷四灾变
1641,湖北,襄阳,枣阳县,1641|湖北|襄阳|枣阳,明思宗崇祯十四年,无,枣阳县志,无,保留,"v4,v7","v4,v7",2,0.2857,是,,,,,枣阳县：又大饥，人相食。——乾隆《枣阳县志》卷十七灾祥,,,枣阳县：又大饥，人相食。——乾隆《枣阳县志》卷十七灾祥
1641,河北,,柏乡县,1641|河北|柏乡,明思宗崇祯十四年,无,柏乡县志,无,保留,v1,v1,1,0.1429,是,,柏乡县：大饥，人相食。——康熙《柏乡县志》,,,,,,
1641,河北,,柏乡县,1641|河北|柏乡,明思宗崇祯十四年,无,柏乡县志,无,保留,"v4,v5,v7","v4,v5,v7",3,0.4286,是,,,,,柏乡县：大饥，人相食。——康熙《柏乡县志》卷一灾祥,柏乡县：大饥，人相食。——康熙《柏乡县志》卷一灾祥,,柏乡县：大饥，人相食。——康熙《柏乡县志》卷一灾祥
1641,山东,烟台,栖霞县,1641|山东|烟台|栖霞,明思宗崇祯十四年,无,栖霞县续志,无,保留,v6,v6,1,0.1429,是,,,,,,,栖霞县：是年大饥，斗米二千余钱，死者大半，人相食。——光绪《栖霞县续志》卷八祥异,
1641,浙江,嘉兴,桐乡县,1641|浙江|嘉兴|桐乡,明思宗崇祯十四年,无,桐乡县志,无,保留,v6,v6,1,0.1429,是,,,,,,,桐乡县：夏大旱，飞蝗满地。米一石价四两五钱，有割人肉货卖者。——康熙《桐乡县志》卷二灾祥,
1641,山西,榆次市,榆次市,1641|山西|榆次|榆次,明思宗崇祯十四年,无,榆次县志,无,保留,v1,v1,1,0.1429,是,,榆次市：六月，飞蝗蔽日，食禾至尽。民大饥，相食。——乾隆《榆次县志》,,,,,,
1641,山西,,榆次县,1641|山西|榆次,明思宗崇祯十四年,无,榆次县志,无,保留,"v4,v5,v7","v4,v5,v7",3,0.4286,是,,,,,榆次市：六月，飞蝗蔽日，食禾至尽。民大饥，相食。——乾隆《榆次县志》卷七祥异,榆次市：六月，飞蝗蔽日，食禾至尽。民大饥，相食。——乾隆《榆次县志》卷七祥异,,榆次市：六月，飞蝗蔽日，食禾至尽。民大饥，相食。——乾隆《榆次县志》卷七祥异
1641,安徽,黄山,歙县,1641|安徽|黄山|歙,明思宗崇祯十四年,无,歙县志,无,保留,"v4,v7","v4,v7",2,0.2857,是,,,,,歙县：岁大饥。斗米五钱，人相食。——顺治《歙县志》卷十四灾祥,,,歙县：岁大饥。斗米五钱，人相食。——顺治《歙县志》卷十四灾祥
1641,陕西,咸阳,武功县,1641|陕西|咸阳|武功,明思宗崇祯十四年,无,武功县后志,无,保留,v6,v6,1,0.1429,是,,,,,,,武功县：陕西大饥。春，禾皮皆尽，人相食。——雍正《武功县后志》卷三灾祥,
1641,河北,,武邑县,1641|河北|武邑,明思宗崇祯十四年,无,武邑县志,无,保留,v1,v1,1,0.1429,是,,武邑县：大饥，斗米千钱。初食死人，继食生人，甚有食子女，卖人肉无忌。幸有稷，不种自生，先谷成熟，人赖以生。——康熙《武邑县志》,,,,,,
1641,河北,,武邑县,1641|河北|武邑,明思宗崇祯十四年,无,武邑县志,无,保留,"v4,v5,v7","v4,v5,v7",3,0.4286,是,,,,,武邑县：大饥，斗米千钱。初食死人，继食生人，甚有食子女，卖人肉无忌。幸有稷，不种自生，先谷成熟，人赖以生。——康熙《武邑县志》卷一祥异,武邑县：大饥，斗米千钱。初食死人，继食生人，甚有食子女，卖人肉无忌。幸有稷，不种自生，先谷成熟，人赖以生。——康熙《武邑县志》卷一祥异,,武邑县：大饥，斗米千钱。初食死人，继食生人，甚有食子女，卖人肉无忌。幸有稷，不种自生，先谷成熟，人赖以生。——康熙《武邑县志》卷一祥异
1641,河南,焦作,武陟县,1641|河南|焦作|武陟,明思宗崇祯十四年,无,武陟县志,无,保留,"v4,v7","v4,v7",2,0.2857,是,,,,,武陟县：蝗食麦，人相食。瘟疫大作，死者甚众。田多荒芜。——康熙《武陟县志》卷一灾祥,,,武陟县：蝗食麦，人相食。瘟疫大作，死者甚众。田多荒芜。——康熙《武陟县志》卷一灾祥
1641,河南,商丘,永城县,1641|河南|商丘|永城,明思宗崇祯十四年,无,永城县志,无,保留,"v4,v7","v4,v7",2,0.2857,是,,,,,永城县：饥，人相食，斗粟四千余。盗贼蜂起，杀人以食，至有父食其子，及盗发新冢食之者。——康熙《永城县志》卷八灾异,,,永城县：饥，人相食，斗粟四千余。盗贼蜂起，杀人以食，至有父食其子，及盗发新冢食之者。——康熙《永城县志》卷八灾异
1641,河北,,永年县,1641|河北|永年,明思宗崇祯十四年,无,永年县志,无,保留,v1,v1,1,0.1429,是,,永年县：大饥，疫。人相食。——光绪《永年县志》,,,,,,
1641,河北,,永年县,1641|河北|永年,明思宗崇祯十四年,无,永年县志,无,保留,"v4,v5,v7","v4,v5,v7",3,0.4286,是,,,,,永年县：大饥，疫。人相食。——光绪《永年县志》卷十九祥异,永年县：大饥，疫。人相食。——光绪《永年县志》卷十九祥异,,永年县：大饥，疫。人相食。——光绪《永年县志》卷十九祥异
1641,安徽,池州,贵池县,1641|安徽|池|贵池,明思宗崇祯十四年,无,池州府志,无,保留,"v4,v7","v4,v7",2,0.2857,是,,,,,贵池县：春大饥，夏秋大疫，人食人。——康熙五十年《池州府志》卷二十九灾祥,,,贵池县：春大饥，夏秋大疫，人食人。——康熙五十年《池州府志》卷二十九灾祥
1641,山西,,汾阳县,1641|山西|汾阳,明思宗崇祯十四年,无,汾阳县志,无,保留,v1,v1,1,0.1429,是,,汾阳县：春大饥，复大旱。自十三年饥，到处水皮草根剥掘既尽，复食人，至有父子、兄弟、夫妇相食者。至是年春，斗米麦自八九钱至一两二钱、一两六七钱者，黄昏人不敢行。——康熙《汾阳县志》,,,,,,
1641,山西,,汾阳县,1641|山西|汾阳,明思宗崇祯十四年,无,汾阳县志,无,保留,"v4,v5,v7","v4,v5,v7",3,0.4286,是,,,,,汾阳县：春大饥，复大旱。自十三年饥，到处水皮草根剥掘既尽，复食人，至有父子、兄弟、夫妇相食者。至是年春，斗米麦自八九钱至一两二钱、一两六七钱者，黄昏人不敢行。——康熙《汾阳县志》卷七灾祥,汾阳县：春大饥，复大旱。自十三年饥，到处水皮草根剥掘既尽，复食人，至有父子、兄弟、夫妇相食者。至是年春，斗米麦自八九钱至一两二钱、一两六七钱者，黄昏人不敢行。——康熙《汾阳县志》卷七灾祥,,汾阳县：春大饥，复大旱。自十三年饥，到处水皮草根剥掘既尽，复食人，至有父子、兄弟、夫妇相食者。至是年春，斗米麦自八九钱至一两二钱、一两六七钱者，黄昏人不敢行。——康熙《汾阳县志》卷七灾祥
1641,山西,运城,河津县,1641|山西|运城|河津,明思宗崇祯十四年,无,河津县志,无,保留,v6,v6,1,0.1429,是,,,,,,,河津县：五月，汾河干。八月，大旱，野无青草。斗米至一两有奇，次年人相食。——乾隆《河津县志》卷八祥异,
1641,陕西,咸阳,泾阳县,1641|陕西|咸阳|泾阳,明思宗崇祯十四年,无,泾阳县志,无,保留,v6,v6,1,0.1429,是,,,,,,,泾阳县：春绝峁，木皮草根俱尽，人相食。——康熙《泾阳县志》卷一祥异,
1641,山西,,洪洞县,1641|山西|洪洞,明思宗崇祯十四年,无,洪洞县志,无,保留,v1,v1,1,0.1429,是,,洪洞县：以岁累旱，栗贵如珠。百姓食糟糠，甚至树皮草根，究且人相食。鬻子女仅易一飨。商旅不敢独行，在襁褓者父母弃道路不顾而去。饿殍盈野，惨不忍目。——雍正《洪洞县志》,,,,,,
1641,山西,,洪洞县,1641|山西|洪洞,明思宗崇祯十四年,无,洪洞县志,无,保留,"v4,v5,v7","v4,v5,v7",3,0.4286,是,,,,,洪洞县：以岁累旱，栗贵如珠。百姓食糟糠，甚至树皮草根，究且人相食。鬻子女仅易一飨。商旅不敢独行，在襁褓者父母弃道路不顾而去。饿殍盈野，惨不忍目。——雍正《洪洞县志》卷八祥异,洪洞县：以岁累旱，栗贵如珠。百姓食糟糠，甚至树皮草根，究且人相食。鬻子女仅易一飨。商旅不敢独行，在襁褓者父母弃道路不顾而去。饿殍盈野，惨不忍目。——雍正《洪洞县志》卷八祥异,,洪洞县：以岁累旱，栗贵如珠。百姓食糟糠，甚至树皮草根，究且人相食。鬻子女仅易一飨。商旅不敢独行，在襁褓者父母弃道路不顾而去。饿殍盈野，惨不忍目。——雍正《洪洞县志》卷八祥异
1641,山东,济宁,济宁县,1641|山东|济宁|济宁,明思宗崇祯十四年,无,济宁直隶州志,无,保留,v6,v6,1,0.1429,是,,,,,,,济宁县：旱，蝗。大饥，人相食。疫。——乾隆《济宁直隶州志》卷一纪年,
1641,山东,济南,济阳县,1641|山东|济南|济阳,明思宗崇祯十四年,无,济阳县志,无,保留,v6,v6,1,0.1429,是,,,,,,,济阳县：春夏大旱，斗栗二金。人相食，瘟疫大作，死者枕藉，十村九墟，人烟几绝。——民国《济阳县志》卷二十祥异,
1641,山西,,浮山县,1641|山西|浮山,明思宗崇祯十四年,无,浮山县志,无,保留,v1,v1,1,0.1429,是,,浮山县：以累岁大旱，潦饥，栗贵如珠。百姓食糟糠，剥树皮，掘草根，甚至人相食。商旅不敢独行，饿殍盈野，惨不忍目。——乾隆《浮山县志》,,,,,,
1641,山西,,浮山县,1641|山西|浮山,明思宗崇祯十四年,无,浮山县志,无,保留,"v4,v5,v7","v4,v5,v7",3,0.4286,是,,,,,浮山县：以累岁大旱，潦饥，栗贵如珠。百姓食糟糠，剥树皮，掘草根，甚至人相食。商旅不敢独行，饿殍盈野，惨不忍目。——乾隆《浮山县志》卷三十四祥异,浮山县：以累岁大旱，潦饥，栗贵如珠。百姓食糟糠，剥树皮，掘草根，甚至人相食。商旅不敢独行，饿殍盈野，惨不忍目。——乾隆《浮山县志》卷三十四祥异,,浮山县：以累岁大旱，潦饥，栗贵如珠。百姓食糟糠，剥树皮，掘草根，甚至人相食。商旅不敢独行，饿殍盈野，惨不忍目。——乾隆《浮山县志》卷三十四祥异
1641,山东,滨州,无棣县,1641|山东|滨|无棣,明思宗崇祯十四年,海丰,海丰县志,无,保留,v6,v6,1,0.1429,是,,,,,,,无棣县：海丰春，大饥，斗粟二金，人相食，有骨肉相残者。五月，雨雹，无麦，复大疫，死者枕藉，人市几於无人。——康熙《海丰县志》卷四事纪,
1641,河北,,涉县,1641|河北|涉,明思宗崇祯十四年,无,涉县志,无,保留,v1,v1,1,0.1429,是,,涉县：大饥，民死七分，父食子。——顺治《涉县志》,,,,,,
1641,河北,,涉县,1641|河北|涉,明思宗崇祯十四年,无,涉县志,无,保留,"v4,v5,v7","v4,v5,v7",3,0.4286,是,,,,,涉县：大饥，民死七分，父食子。——顺治《涉县志》卷七灾变,涉县：大饥，民死七分，父食子。——顺治《涉县志》卷七灾变,,涉县：大饥，民死七分，父食子。——顺治《涉县志》卷七灾变
1641,河北,,深县,1641|河北|深,明思宗崇祯十四年,无,深州志,无,保留,v1,v1,1,0.1429,是,,深县：岁仍大旱，斗米千钱，人相食。邻舍不敢往来。道路不敢单行。甚至有骨肉相食者，有发新冢食者。又兼瘟疫大作，十死八九。——康熙《深州志》,,,,,,
1641,河北,,深县,1641|河北|深,明思宗崇祯十四年,无,深州志,无,保留,"v4,v5,v7","v4,v5,v7",3,0.4286,是,,,,,深县：岁仍大旱，斗米千钱，人相食。邻舍不敢往来。道路不敢单行。甚至有骨肉相食者，有发新冢食者。又兼瘟疫大作，十死八九。——康熙《深州志》卷七事纪,深县：岁仍大旱，斗米千钱，人相食。邻舍不敢往来。道路不敢单行。甚至有骨肉相食者，有发新冢食者。又兼瘟疫大作，十死八九。——康熙《深州志》卷七事纪,,深县：岁仍大旱，斗米千钱，人相食。邻舍不敢往来。道路不敢单行。甚至有骨肉相食者，有发新冢食者。又兼瘟疫大作，十死八九。——康熙《深州志》卷七事纪
1641,河南,濮阳,清丰县,1641|河南|濮阳|清丰,明思宗崇祯十四年,无,清丰县志,无,保留,"v4,v7","v4,v7",2,0.2857,是,,,,,清丰县：大饥，斗粟千钱。父子相食，兼瘟疫流行，人死十之八九。——康熙《清丰县志》卷二编年,,,清丰县：大饥，斗粟千钱。父子相食，兼瘟疫流行，人死十之八九。——康熙《清丰县志》卷二编年
1641,甘肃,天水,清水县,1641|甘肃|天水|清水,明思宗崇祯十四年,无,清水县志,无,保留,v6,v6,1,0.1429,是,,,,,,,清水县：大饥，人相食。复有大头瘟疫，死者甚重。——康熙《清水县志》卷十灾祥,
1641,湖北,黄冈,麻城市,1641|湖北|黄冈|麻城,明思宗崇祯十四年,无,湖北通志,无,保留,"v4,v7","v4,v7",2,0.2857,是,,,,,麻城市：疫，饥，人相食。——嘉庆《湖北通志》卷四十六祥异,,,麻城市：疫，饥，人相食。——嘉庆《湖北通志》卷四十六祥异
1641,安徽,滁州市,滁州市,1641|安徽|滁|滁,明思宗崇祯十四年,无,滁州志,无,保留,"v4,v7","v4,v7",2,0.2857,是,,,,,滁州市：疫疠盛行，有食人者。——康熙《滁州志》卷三祥异,,,滁州市：疫疠盛行，有食人者。——康熙《滁州志》卷三祥异
1641,河南,安阳,滑县,1641|河南|安阳|滑,明思宗崇祯十四年,无,滑县志,无,保留,"v4,v7","v4,v7",2,0.2857,是,,,,,滑县：春无雨，蝗蝻食麦尽，瘟疫大作，人死十之五六。岁大凶，时斗米钱一千七百文，草木树皮无有村者，人食菜子苟活，旦夕骨肉相食，遍野榛莽，有数村不见一人者。——顺治《滑县志》卷十杂志,,,滑县：春无雨，蝗蝻食麦尽，瘟疫大作，人死十之五六。岁大凶，时斗米钱一千七百文，草木树皮无有村者，人食菜子苟活，旦夕骨肉相食，遍野榛莽，有数村不见一人者。——顺治《滑县志》卷十杂志
1641,河南,濮阳,范县,1641|河南|濮阳|范,明思宗崇祯十四年,无,濮州志,无,保留,"v4,v7","v4,v7",2,0.2857,是,,,,,范县：是年大疫，人多死。斗米银三两，骨肉有相食者。请发内帑四十万赈济通省，濮民沾惠独多。——《濮州志》卷一礼集,,,范县：是年大疫，人多死。斗米银三两，骨肉有相食者。请发内帑四十万赈济通省，濮民沾惠独多。——《濮州志》卷一礼集
1641,甘肃,平凉,灵台县,1641|甘肃|平凉|灵台,明思宗崇祯十四年,无,灵台志,无,保留,v6,v6,1,0.1429,是,,,,,,,灵台县：春，麦米腾贵，没斗值银一两六钱，四月每斗值银二两。民有父子相食，夫妇相食，十村九空，城外积骨如山。是年，麦秋颇熟。——顺治《灵台志》卷四灾异,
1641,河北,,灵寿县,1641|河北|灵寿,明思宗崇祯十四年,无,灵寿县志,无,保留,v1,v1,1,0.1429,是,,灵寿县：岁大饥，斗米千钱，人相食。——康熙《灵寿县志》,,,,,,
1641,河北,,灵寿县,1641|河北|灵寿,明思宗崇祯十四年,无,灵寿县志,无,保留,"v4,v5,v7","v4,v5,v7",3,0.4286,是,,,,,灵寿县：岁大饥，斗米千钱，人相食。——康熙《灵寿县志》卷三灾祥,灵寿县：岁大饥，斗米千钱，人相食。——康熙《灵寿县志》卷三灾祥,,灵寿县：岁大饥，斗米千钱，人相食。——康熙《灵寿县志》卷三灾祥
1641,甘肃,定西,临洮县,1641|甘肃|定西|临洮,明思宗崇祯十四年,狄道,狄道州志,疑似OCR错误，原文'人狗相食'应为'人相食',保留,v6,v6,1,0.1429,是,,,,,,,临洮县：瘟疫并起，人狗相食。——乾隆《狄道州志》卷十一祥异,
1641,河北,,玉田县,1641|河北|玉田,明思宗崇祯十四年,无,玉田县志,无,保留,v1,v1,1,0.1429,是,,玉田县：大饥，人相食。——康熙《玉田县志》,,,,,,
1641,河北,,玉田县,1641|河北|玉田,明思宗崇祯十四年,无,玉田县志,无,保留,"v4,v5,v7","v4,v5,v7",3,0.4286,是,,,,,玉田县：大饥，人相食。——康熙《玉田县志》卷八祥胥,玉田县：大饥，人相食。——康熙《玉田县志》卷八祥胥,,玉田县：大饥，人相食。——康熙《玉田县志》卷八祥胥
1641,河南,郑州,登封县,1641|河南|郑|登封,明思宗崇祯十四年,无,登封县志,无,保留,"v4,v7","v4,v7",2,0.2857,是,,,,,登封县：大饥，人相食。——康熙《登封县志》卷九灾祥,,,登封县：大饥，人相食。——康熙《登封县志》卷九灾祥
1641,河南,驻马店,正阳县,1641|河南|驻马店|正阳,明思宗崇祯十四年,无,真阳县志,无,保留,"v4,v7","v4,v7",2,0.2857,是,,,,,正阳县：大饥，人相食。——康熙《真阳县志》卷八灾祥,,,正阳县：大饥，人相食。——康熙《真阳县志》卷八灾祥
1641,江苏,徐州,砀山县,1641|江苏|徐|砀山,明思宗崇祯十四年,无,砀山县志,无,保留,"v4,v7","v4,v7",2,0.2857,是,,,,,砀山县：春夏大饥，先食树木皮及各草子，渐至食人，初犹避忌，后且公然不为异，甚有父子、兄弟、夫妻相食者。冬，夏大疫，田野荒芜。抚院史可法设法赈贷。——乾隆《砀山县志》卷一祥异,,,砀山县：春夏大饥，先食树木皮及各草子，渐至食人，初犹避忌，后且公然不为异，甚有父子、兄弟、夫妻相食者。冬，夏大疫，田野荒芜。抚院史可法设法赈贷。——乾隆《砀山县志》卷一祥异
1641,河南,许昌,禹县,1641|河南|许昌|禹,明思宗崇祯十四年,无,禹州志,无,保留,"v4,v7","v4,v7",2,0.2857,是,,,,,禹县：春大饥，升麦四百四十余钱，父子相食。六月，大疫。——顺治《禹州志》卷九,,,禹县：春大饥，升麦四百四十余钱，父子相食。六月，大疫。——顺治《禹州志》卷九
1641,山西,运城,绛县,1641|山西|运城|绛,明思宗崇祯十四年,无,绛县志,无,保留,v6,v6,1,0.1429,是,,,,,,,绛县：春大饥，饿殍枕藉，人相食，米麦斗各千钱。——顺治《绛县志》卷上祥异,
1641,山西,运城,新绛县,1641|山西|运城|新绛,明思宗崇祯十四年,无,绛州志,无,保留,v6,v6,1,0.1429,是,,,,,,,新绛县：大荒，米市绝，饿死者四坑皆满。明季灾祲频仍，自古以来未有若此之甚者也，城内有食人之妇者，有妇人取人孩子，食数十者。…，甚至食粪，遗喟折骨相望于路。——康熙《绛州志》卷三灾异,
1641,湖北,黄冈,罗田县,1641|湖北|黄冈|罗田,明思宗崇祯十四年,无,罗田县志,无,保留,"v4,v7","v4,v7",2,0.2857,是,,,,,罗田县：大荒，米价四钱一斗。以十三营兵马驻罗，又复抢掠，致屠子女为飨，强者屠弱者为食，各庙宇公署中人骨堆满，妻女顷刻分离，听其所从。——康熙四年《罗田县志》卷七灾异,,,罗田县：大荒，米价四钱一斗。以十三营兵马驻罗，又复抢掠，致屠子女为飨，强者屠弱者为食，各庙宇公署中人骨堆满，妻女顷刻分离，听其所从。——康熙四年《罗田县志》卷七灾异
1641,山西,,翼城县,1641|山西|翼城,明思宗崇祯十四年,无,翼城县志,无,保留,v1,v1,1,0.1429,是,,翼城县：米价如珠，树皮草根皆尽，人相食，鬻子女仅易一殖。商旅不敢独行，又大疫。民国《翼城县志》,,,,,,
1641,山西,,翼城县,1641|山西|翼城,明思宗崇祯十四年,无,翼城县志,无,保留,"v4,v5,v7","v4,v5,v7",3,0.4286,是,,,,,翼城县：米价如珠，树皮草根皆尽，人相食，鬻子女仅易一殖。商旅不敢独行，又大疫。民国《翼城县志》卷十四祥异,翼城县：米价如珠，树皮草根皆尽，人相食，鬻子女仅易一殖。商旅不敢独行，又大疫。民国《翼城县志》卷十四祥异,,翼城县：米价如珠，树皮草根皆尽，人相食，鬻子女仅易一殖。商旅不敢独行，又大疫。民国《翼城县志》卷十四祥异
1641,河北,,肃宁县,1641|河北|肃宁,明思宗崇祯十四年,无,肃宁县志,无,保留,v1,v1,1,0.1429,是,,肃宁县：大旱，飞蝗蔽天，或夫妇父子相食，死亡略尽。——乾隆《肃宁县志》,,,,,,
1641,河北,,肃宁县,1641|河北|肃宁,明思宗崇祯十四年,无,肃宁县志,无,保留,"v4,v5,v7","v4,v5,v7",3,0.4286,是,,,,,肃宁县：大旱，飞蝗蔽天，或夫妇父子相食，死亡略尽。——乾隆《肃宁县志》卷一祥异,肃宁县：大旱，飞蝗蔽天，或夫妇父子相食，死亡略尽。——乾隆《肃宁县志》卷一祥异,,肃宁县：大旱，飞蝗蔽天，或夫妇父子相食，死亡略尽。——乾隆《肃宁县志》卷一祥异
1641,安徽,六安,舒城县,1641|安徽|六安|舒城,明思宗崇祯十四年,无,舒城县志,无,保留,"v4,v7","v4,v7",2,0.2857,是,,,,,舒城县：蝗，饥，人多相食。——雍正《舒城县志》卷二十四祥异,,,舒城县：蝗，饥，人多相食。——雍正《舒城县志》卷二十四祥异
1641,山西,运城,芮城县,1641|山西|运城|芮城,明思宗崇祯十四年,无,芮城县志,无,保留,v6,v6,1,0.1429,是,,,,,,,芮城县：是春米麦每斗价至一两五钱，人相食，死亡载道，闾里丘墟。——康熙《芮城县志》卷二灾祥,
1641,湖北,黄冈,英山县,1641|湖北|黄冈|英山,明思宗崇祯十四年,无,英山县志,无,保留,"v4,v7","v4,v7",2,0.2857,是,,,,,英山县：春大饥，疫。三年之内旱蝗频仍，疫疠大作，父食其子，夫啖其妻，每饥民在道息犹存，而肌肉已尽。又或行路遇操刀凶人，健者逐不及得脱，弱者即时毙刃下。——乾隆《英山县志》卷二十六祥异,,,英山县：春大饥，疫。三年之内旱蝗频仍，疫疠大作，父食其子，夫啖其妻，每饥民在道息犹存，而肌肉已尽。又或行路遇操刀凶人，健者逐不及得脱，弱者即时毙刃下。——乾隆《英山县志》卷二十六祥异
1641,山东,聊城,茌平县,1641|山东|聊城|茌平,明思宗崇祯十四年,无,茌平县志,无,保留,v6,v6,1,0.1429,是,,,,,,,茌平县：大饥，蝗蝻遍野，瘟疫横生，死者十分之九，赤地千里，人相食。——康熙二年《茌平县志》卷二灾祥,
1641,山东,威海,荣成县,1641|山东|威海|荣成,明思宗崇祯十四年,无,荣成县志,无,保留,v6,v6,1,0.1429,是,,,,,,,荣成县：大饥，斗粟二千余钱，民死大半，有杀人而死者。——道光《荣成县志》卷一灾祥,
1641,江苏,徐州,萧县,1641|江苏|徐|萧,明思宗崇祯十四年,无,萧县志,无,保留,"v4,v7","v4,v7",2,0.2857,是,,,,,萧县：春大饥，人相食，道绝行人。五月，大疫，一家死者十之八九，无殓无棺不可悉数。十月，黄河浅，时暴征秋粮，告急，逃亡一空。——顺治《萧县志》卷五灾异,,,萧县：春大饥，人相食，道绝行人。五月，大疫，一家死者十之八九，无殓无棺不可悉数。十月，黄河浅，时暴征秋粮，告急，逃亡一空。——顺治《萧县志》卷五灾异
1641,河北,衡水市,衡水市,1641|河北|衡水|衡水,明思宗崇祯十四年,无,衡水县志,无,保留,v1,v1,1,0.1429,是,,衡水市：大旱，斗米千文，民益困。妇女之无赖者，插标于市，人莫之顾。炊骨啖肉，民多以速死为幸。衣锦者每饿于荒烟断垣之中。至有因盗正法，群逐如膻，相屠而食者；有暮行饿于街巷，晓视之，则骨者；有诱至于家掩杀而食者；有死而不葬，葬而盗发之烹食者。比邻隐若敌国，甚则妇食其夫，父食其子，人而禽兽，残止矣。——康熙《衡水县志》,,,,,,
1641,河北,,衡水县,1641|河北|衡水,明思宗崇祯十四年,无,衡水县志,无,保留,"v4,v5,v7","v4,v5,v7",3,0.4286,是,,,,,衡水市：大旱，斗米千文，民益困。妇女之无赖者，插标于市，人莫之顾。炊骨啖肉，民多以速死为幸。衣锦者每饿于荒烟断垣之中。至有因盗正法，群逐如膻，相屠而食者；有暮行饿于街巷，晓视之，则骨者；有诱至于家掩杀而食者；有死而不葬，葬而盗发之烹食者。比邻隐若敌国，甚则妇食其夫，父食其子，人而禽兽，残止矣。——康熙《衡水县志》卷六事纪,衡水市：大旱，斗米千文，民益困。妇女之无赖者，插标于市，人莫之顾。炊骨啖肉，民多以速死为幸。衣锦者每饿于荒烟断垣之中。至有因盗正法，群逐如膻，相屠而食者；有暮行饿于街巷，晓视之，则骨者；有诱至于家掩杀而食者；有死而不葬，葬而盗发之烹食者。比邻隐若敌国，甚则妇食其夫，父食其子，人而禽兽，残止矣。——康熙《衡水县志》卷六事纪,,衡水市：大旱，斗米千文，民益困。妇女之无赖者，插标于市，人莫之顾。炊骨啖肉，民多以速死为幸。衣锦者每饿于荒烟断垣之中。至有因盗正法，群逐如膻，相屠而食者；有暮行饿于街巷，晓视之，则骨者；有诱至于家掩杀而食者；有死而不葬，葬而盗发之烹食者。比邻隐若敌国，甚则妇食其夫，父食其子，人而禽兽，残止矣。——康熙《衡水县志》卷六事纪
1641,河北,,赵县,1641|河北|赵,明思宗崇祯十四年,无,赵州志,无,保留,v1,v1,1,0.1429,是,,赵县：大旱，人相食。瘟疫大行，死者枕藉。——康熙《赵州志》,,,,,,
1641,河北,,赵县,1641|河北|赵,明思宗崇祯十四年,无,赵州志,无,保留,"v4,v5,v7","v4,v5,v7",3,0.4286,是,,,,,赵县：大旱，人相食。瘟疫大行，死者枕藉。——康熙《赵州志》灾祥,赵县：大旱，人相食。瘟疫大行，死者枕藉。——康熙《赵州志》灾祥,,赵县：大旱，人相食。瘟疫大行，死者枕藉。——康熙《赵州志》灾祥
1641,河北,,邯郸县,1641|河北|邯郸,明思宗崇祯十四年,无,邯郸县志,无,保留,v1,v1,1,0.1429,是,,邯郸县：旱，蝗。大疫，病亡者相枕于道，人相食。——康熙《邯郸县志》,,,,,,
1641,河北,,邯郸县,1641|河北|邯郸,明思宗崇祯十四年,无,邯郸县志,无,保留,"v4,v5,v7","v4,v5,v7",3,0.4286,是,,,,,邯郸县：旱，蝗。大疫，病亡者相枕于道，人相食。——康熙《邯郸县志》卷十灾异,邯郸县：旱，蝗。大疫，病亡者相枕于道，人相食。——康熙《邯郸县志》卷十灾异,,邯郸县：旱，蝗。大疫，病亡者相枕于道，人相食。——康熙《邯郸县志》卷十灾异
1641,河南,漯河,郾城县,1641|河南|漯河|郾城,明思宗崇祯十四年,无,郾城县志,无,保留,"v4,v7","v4,v7",2,0.2857,是,,,,,郾城县：春正月，斗米二千文，人相食，道无行人。三、四月，瘟疫大行。是年，土贼至数十万众。——顺治《郾城县志》卷八祥异,,,郾城县：春正月，斗米二千文，人相食，道无行人。三、四月，瘟疫大行。是年，土贼至数十万众。——顺治《郾城县志》卷八祥异
1641,陕西,西安,户县,1641|陕西|西安|户,明思宗崇祯十四年,无,鄂县志,无,保留,v6,v6,1,0.1429,是,,,,,,,户县：春大饥，人相食。——康熙《鄂县志》卷八灾异,
1641,河北,任丘市,任丘市,1641|河北|任丘|任丘,明思宗崇祯十四年,无,重修任丘县志,无,保留,v1,v1,1,0.1429,是,,任丘市：大旱，蝗飞蔽天，人相食。——康熙《重修任丘县志》,,,,,,
1641,河北,,任丘县,1641|河北|任丘,明思宗崇祯十四年,无,重修任丘县志,无,保留,"v4,v5,v7","v4,v5,v7",3,0.4286,是,,,,,任丘市：大旱，蝗飞蔽天，人相食。——康熙《重修任丘县志》卷四祥异,任丘市：大旱，蝗飞蔽天，人相食。——康熙《重修任丘县志》卷四祥异,,任丘市：大旱，蝗飞蔽天，人相食。——康熙《重修任丘县志》卷四祥异
1641,陕西,西安,周至县,1641|陕西|西安|周至,明思宗崇祯十四年,盩厔,重修盩厔县志,无,保留,v6,v6,1,0.1429,是,,,,,,,周至县：春大饥，米二升白银一两，人民相食，死者枕藉。是年，夏有年，有绝其家而无人收者。——乾隆《重修盩厔县志》卷十三祥异,
1641,甘肃,定西,通渭县,1641|甘肃|定西|通渭,明思宗崇祯十四年,无,重修通渭县志转引西北灾荒史,无,需进一步分析,v6,v6,1,0.1429,否,"同类 record 存在于 v1,v2,v3,v4,v5,v6,v7；本条仅存在于 v6；占比 14.3%",,,,,,通渭县：大旱，岁饥，人相食。——《重修通渭县志》（光绪十九年），转引自《西北灾荒史》第437页。,
1641,河南,安阳,长垣县,1641|河南|安阳|长垣,明思宗崇祯十四年,无,长垣县志,无,保留,"v4,v7","v4,v7",2,0.2857,是,,,,,长垣县：大旱，飞蝗食麦。瘟疫饿殍，人死七八，互相杀食。——康熙《长垣县志》卷二灾异,,,长垣县：大旱，飞蝗食麦。瘟疫饿殍，人死七八，互相杀食。——康熙《长垣县志》卷二灾异
1641,山东,滨州,阳信县,1641|山东|滨|阳信,明思宗崇祯十四年,无,阳信县志,无,保留,v6,v6,1,0.1429,是,,,,,,,阳信县：春夏大旱，斗栗二金。人相食，瘟疫大作，死者枕藉，十村九墟，人烟几绝。——康熙《阳信县志》卷三祥异,
1641,安徽,阜阳,阜阳县,1641|安徽|阜阳|阜阳,明思宗崇祯十四年,无,颍州志,无,保留,"v4,v7","v4,v7",2,0.2857,是,,,,,阜阳县：春大饥，人相食。夏瘟，至秋末方止。淝河水溢，坏民庐舍。——顺治《颍州志》卷一郡纪,,,阜阳县：春大饥，人相食。夏瘟，至秋末方止。淝河水溢，坏民庐舍。——顺治《颍州志》卷一郡纪
1641,河北,,饶阳县,1641|河北|饶阳,明思宗崇祯十四年,无,饶阳县后志,无,保留,v1,v1,1,0.1429,是,,饶阳县：春夏旱，斗米千钱。人食草根木皮，道馑相望，人相食，间有杀人而食者。——顺治《饶阳县后志》,,,,,,
1641,河北,,饶阳县,1641|河北|饶阳,明思宗崇祯十四年,无,饶阳县后志,无,保留,"v4,v5,v7","v4,v5,v7",3,0.4286,是,,,,,饶阳县：春夏旱，斗米千钱。人食草根木皮，道馑相望，人相食，间有杀人而食者。——顺治《饶阳县后志》卷五事纪,饶阳县：春夏旱，斗米千钱。人食草根木皮，道馑相望，人相食，间有杀人而食者。——顺治《饶阳县后志》卷五事纪,,饶阳县：春夏旱，斗米千钱。人食草根木皮，道馑相望，人相食，间有杀人而食者。——顺治《饶阳县后志》卷五事纪
1641,河北,,高阳县,1641|河北|高阳,明思宗崇祯十四年,无,高阳县志,无,保留,v1,v1,1,0.1429,是,,高阳县：大饥，人相食。斗麦一两二钱银，蠲逋赋。——雍正《高阳县志》,,,,,,
1641,河北,,高阳县,1641|河北|高阳,明思宗崇祯十四年,无,高阳县志,无,保留,"v4,v5,v7","v4,v5,v7",3,0.4286,是,,,,,高阳县：大饥，人相食。斗麦一两二钱银，蠲逋赋。——雍正《高阳县志》卷六禨祥,高阳县：大饥，人相食。斗麦一两二钱银，蠲逋赋。——雍正《高阳县志》卷六禨祥,,高阳县：大饥，人相食。斗麦一两二钱银，蠲逋赋。——雍正《高阳县志》卷六禨祥
1641,陕西,西安,高陵县,1641|陕西|西安|高陵,明思宗崇祯十四年,无,高陵县续志,无,保留,v6,v6,1,0.1429,是,,,,,,,高陵县：春，斗麦二两、斗米三两，谷皮升百钱，麦麸斤百钱。人相食，饿殍盈野。——光绪《高陵县续志》卷八缀录,
1641,河北,,鸡泽县,1641|河北|鸡泽,明思宗崇祯十四年,无,鸡泽县志,无,保留,v1,v1,1,0.1429,是,,鸡泽县：荞麦种一斗钱三千六百，米一斗钱一千四百。人相食，儿稚独行要杀食之，尸弃道旁，一时争割立尽。疫大作，死者十损六七，村落几绝烟火。——民国《鸡泽县志》,,,,,,
1641,河北,,鸡泽县,1641|河北|鸡泽,明思宗崇祯十四年,无,鸡泽县志,无,保留,"v4,v5,v7","v4,v5,v7",3,0.4286,是,,,,,鸡泽县：荞麦种一斗钱三千六百，米一斗钱一千四百。人相食，儿稚独行要杀食之，尸弃道旁，一时争割立尽。疫大作，死者十损六七，村落几绝烟火。——民国《鸡泽县志》卷二十四灾祥,鸡泽县：荞麦种一斗钱三千六百，米一斗钱一千四百。人相食，儿稚独行要杀食之，尸弃道旁，一时争割立尽。疫大作，死者十损六七，村落几绝烟火。——民国《鸡泽县志》卷二十四灾祥,,鸡泽县：荞麦种一斗钱三千六百，米一斗钱一千四百。人相食，儿稚独行要杀食之，尸弃道旁，一时争割立尽。疫大作，死者十损六七，村落几绝烟火。——民国《鸡泽县志》卷二十四灾祥
1641,山西,,霍县,1641|山西|霍,明思宗崇祯十四年,无,鼎修霍州志,无,保留,v1,v1,1,0.1429,是,,霍县：大饥，杀人而食。——康熙《鼎修霍州志》,,,,,,
1641,山西,,霍县,1641|山西|霍,明思宗崇祯十四年,无,鼎修霍州志,无,保留,"v4,v5,v7","v4,v5,v7",3,0.4286,是,,,,,霍县：大饥，杀人而食。——康熙《鼎修霍州志》卷八祥异,霍县：大饥，杀人而食。——康熙《鼎修霍州志》卷八祥异,,霍县：大饥，杀人而食。——康熙《鼎修霍州志》卷八祥异
1642,浙江,,桐乡县,1642|浙江|桐乡,明思宗崇祯十五年,无,《乌程县志》,无,保留,"v1,v2,v3,v4,v5,v6,v7","v1,v2,v3,v4,v5,v6,v7",7,1.0,是,,桐乡县：大疫，十至九死。河溢大饥，人相食。——光绪《乌程县志》卷三六,桐乡县：大疫，十至九死。河溢大饥，人相食。——光绪《乌程县志》卷三六,桐乡县：大疫，十至九死。河溢大饥，人相食。——光绪《乌程县志》卷三六,桐乡县：大疫，十至九死。河溢大饥，人相食。——光绪《乌程县志》卷三六,桐乡县：大疫，十至九死。河溢大饥，人相食。——光绪《乌程县志》卷三六,桐乡县：大疫，十至九死。河溢大饥，人相食。——光绪《乌程县志》卷三六,桐乡县：大疫，十至九死。河溢大饥，人相食。——光绪《乌程县志》卷三六
1642,浙江,,湖州市,1642|浙江|湖,明思宗崇祯十五年,无,《乌青镇志》,无,保留,"v1,v2,v3,v4,v5,v6,v7","v1,v2,v3,v4,v5,v6,v7",7,1.0,是,,湖州市：大饥，斗米四饯，人相食，盗贼蜂起。又大疫，十室九死。——民国《乌青镇志》卷二祥异,湖州市：大饥，斗米四饯，人相食，盗贼蜂起。又大疫，十室九死。——民国《乌青镇志》卷二祥异,湖州市：大饥，斗米四饯，人相食，盗贼蜂起。又大疫，十室九死。——民国《乌青镇志》卷二祥异,湖州市：大饥，斗米四饯，人相食，盗贼蜂起。又大疫，十室九死。——民国《乌青镇志》卷二祥异,湖州市：大饥，斗米四饯，人相食，盗贼蜂起。又大疫，十室九死。——民国《乌青镇志》卷二祥异,湖州市：大饥，斗米四饯，人相食，盗贼蜂起。又大疫，十室九死。——民国《乌青镇志》卷二祥异,湖州市：大饥，斗米四饯，人相食，盗贼蜂起。又大疫，十室九死。——民国《乌青镇志》卷二祥异
1642,江苏,,如皋县,1642|江苏|如皋,明思宗崇祯十五年,无,《华东地区近五百年气候历史资料》,无,保留,"v1,v2,v5,v6,v7","v1,v2,v5,v6,v7",5,0.7143,是,,如皋县：闰正月，岁大饥，民相食。——《华东地区近五百年气候历史资料》第二分册，第98页。,如皋县：闰正月，岁大饥，民相食。——《华东地区近五百年气候历史资料》第二分册，第98页。,,,如皋县：闰正月，岁大饥，民相食。——《华东地区近五百年气候历史资料》第二分册，第98页。,如皋县：闰正月，岁大饥，民相食。——《华东地区近五百年气候历史资料》第二分册，第98页。,如皋县：闰正月，岁大饥，民相食。——《华东地区近五百年气候历史资料》第二分册，第98页。
1642,江苏,,嘉定县,1642|江苏|嘉定,明思宗崇祯十五年,无,《嘉定县志》,无,保留,"v1,v2,v3,v4,v5,v6,v7","v1,v2,v3,v4,v5,v6,v7",7,1.0,是,,嘉定县：春大疫，米石银二两，不数日至石五两，麦石二两八钱。人皆食糠枇尽，皆食麸屑尽，食榆皮草根。甚至将死之人割其肉食之，官不能禁也。复大疫，僵尸填沟塞道。——康熙《嘉定县志》卷三祥异,嘉定县：春大疫，米石银二两，不数日至石五两，麦石二两八钱。人皆食糠枇尽，皆食麸屑尽，食榆皮草根。甚至将死之人割其肉食之，官不能禁也。复大疫，僵尸填沟塞道。——康熙《嘉定县志》卷三祥异,嘉定县：春大疫，米石银二两，不数日至石五两，麦石二两八钱。人皆食糠枇尽，皆食麸屑尽，食榆皮草根。甚至将死之人割其肉食之，官不能禁也。复大疫，僵尸填沟塞道。——康熙《嘉定县志》卷三祥异,嘉定县：春大疫，米石银二两，不数日至石五两，麦石二两八钱。人皆食糠枇尽，皆食麸屑尽，食榆皮草根。甚至将死之人割其肉食之，官不能禁也。复大疫，僵尸填沟塞道。——康熙《嘉定县志》卷三祥异,嘉定县：春大疫，米石银二两，不数日至石五两，麦石二两八钱。人皆食糠枇尽，皆食麸屑尽，食榆皮草根。甚至将死之人割其肉食之，官不能禁也。复大疫，僵尸填沟塞道。——康熙《嘉定县志》卷三祥异,嘉定县：春大疫，米石银二两，不数日至石五两，麦石二两八钱。人皆食糠枇尽，皆食麸屑尽，食榆皮草根。甚至将死之人割其肉食之，官不能禁也。复大疫，僵尸填沟塞道。——康熙《嘉定县志》卷三祥异,嘉定县：春大疫，米石银二两，不数日至石五两，麦石二两八钱。人皆食糠枇尽，皆食麸屑尽，食榆皮草根。甚至将死之人割其肉食之，官不能禁也。复大疫，僵尸填沟塞道。——康熙《嘉定县志》卷三祥异
1642,江苏,,太仓县,1642|江苏|太仓,明思宗崇祯十五年,无,《太仓州志》,无,保留,"v1,v2,v3,v4,v5,v6,v7","v1,v2,v3,v4,v5,v6,v7",7,1.0,是,,太仓县：春，米斗钱千一百文，民相食，东乡有食子者。遗惠祠及隆福寺集饥民千余，日死无算。税粮急，幸漕米许三分之一改麦，然折价石一两五钱。——崇祯《太仓州志》卷十五灾祥,太仓县：春，米斗钱千一百文，民相食，东乡有食子者。遗惠祠及隆福寺集饥民千余，日死无算。税粮急，幸漕米许三分之一改麦，然折价石一两五钱。——崇祯《太仓州志》卷十五灾祥,太仓县：春，米斗钱千一百文，民相食，东乡有食子者。遗惠祠及隆福寺集饥民千余，日死无算。税粮急，幸漕米许三分之一改麦，然折价石一两五钱。——崇祯《太仓州志》卷十五灾祥,太仓县：春，米斗钱千一百文，民相食，东乡有食子者。遗惠祠及隆福寺集饥民千余，日死无算。税粮急，幸漕米许三分之一改麦，然折价石一两五钱。——崇祯《太仓州志》卷十五灾祥,太仓县：春，米斗钱千一百文，民相食，东乡有食子者。遗惠祠及隆福寺集饥民千余，日死无算。税粮急，幸漕米许三分之一改麦，然折价石一两五钱。——崇祯《太仓州志》卷十五灾祥,太仓县：春，米斗钱千一百文，民相食，东乡有食子者。遗惠祠及隆福寺集饥民千余，日死无算。税粮急，幸漕米许三分之一改麦，然折价石一两五钱。——崇祯《太仓州志》卷十五灾祥,太仓县：春，米斗钱千一百文，民相食，东乡有食子者。遗惠祠及隆福寺集饥民千余，日死无算。税粮急，幸漕米许三分之一改麦，然折价石一两五钱。——崇祯《太仓州志》卷十五灾祥
1642,安徽,,太湖县,1642|安徽|太湖,明思宗崇祯十五年,无,《安庆府太湖县志》,无,保留,"v1,v2,v3,v4,v5,v6,v7","v1,v2,v3,v4,v5,v6,v7",7,1.0,是,,太湖县：大饥，又大疫。是岁斗米千钱，死者日以百计。道馑相望，人相残食，日晡不敢独行。——顺治《安庆府太湖县志》卷九灾样,太湖县：大饥，又大疫。是岁斗米千钱，死者日以百计。道馑相望，人相残食，日晡不敢独行。——顺治《安庆府太湖县志》卷九灾样,太湖县：大饥，又大疫。是岁斗米千钱，死者日以百计。道馑相望，人相残食，日晡不敢独行。——顺治《安庆府太湖县志》卷九灾样,太湖县：大饥，又大疫。是岁斗米千钱，死者日以百计。道馑相望，人相残食，日晡不敢独行。——顺治《安庆府太湖县志》卷九灾样,太湖县：大饥，又大疫。是岁斗米千钱，死者日以百计。道馑相望，人相残食，日晡不敢独行。——顺治《安庆府太湖县志》卷九灾样,太湖县：大饥，又大疫。是岁斗米千钱，死者日以百计。道馑相望，人相残食，日晡不敢独行。——顺治《安庆府太湖县志》卷九灾样,太湖县：大饥，又大疫。是岁斗米千钱，死者日以百计。道馑相望，人相残食，日晡不敢独行。——顺治《安庆府太湖县志》卷九灾样
1642,安徽,,宿松县,1642|安徽|宿松,明思宗崇祯十五年,无,《安庆府宿松县志》,无,保留,"v1,v2,v3,v4,v5,v6,v7","v1,v2,v3,v4,v5,v6,v7",7,1.0,是,,宿松县：大饥，疫。诏明年以麦代漕，后令折，寻蠲。时连岁旱蝗，寇兵交讧，饥殍之惨，有母啖其亡子者。——康熙《安庆府宿松县志》卷三祥异,宿松县：大饥，疫。诏明年以麦代漕，后令折，寻蠲。时连岁旱蝗，寇兵交讧，饥殍之惨，有母啖其亡子者。——康熙《安庆府宿松县志》卷三祥异,宿松县：大饥，疫。诏明年以麦代漕，后令折，寻蠲。时连岁旱蝗，寇兵交讧，饥殍之惨，有母啖其亡子者。——康熙《安庆府宿松县志》卷三祥异,宿松县：大饥，疫。诏明年以麦代漕，后令折，寻蠲。时连岁旱蝗，寇兵交讧，饥殍之惨，有母啖其亡子者。——康熙《安庆府宿松县志》卷三祥异,宿松县：大饥，疫。诏明年以麦代漕，后令折，寻蠲。时连岁旱蝗，寇兵交讧，饥殍之惨，有母啖其亡子者。——康熙《安庆府宿松县志》卷三祥异,宿松县：大饥，疫。诏明年以麦代漕，后令折，寻蠲。时连岁旱蝗，寇兵交讧，饥殍之惨，有母啖其亡子者。——康熙《安庆府宿松县志》卷三祥异,宿松县：大饥，疫。诏明年以麦代漕，后令折，寻蠲。时连岁旱蝗，寇兵交讧，饥殍之惨，有母啖其亡子者。——康熙《安庆府宿松县志》卷三祥异
1642,湖北,,宜城县,1642|湖北|宜城,明思宗崇祯十五年,无,《宜城县志》,无,保留,"v1,v2,v3,v4,v5,v6,v7","v1,v2,v3,v4,v5,v6,v7",7,1.0,是,,宜城县：斗米十金，人相食。——同治《宜城县志》卷十祥异,宜城县：斗米十金，人相食。——同治《宜城县志》卷十祥异,宜城县：斗米十金，人相食。——同治《宜城县志》卷十祥异,宜城县：斗米十金，人相食。——同治《宜城县志》卷十祥异,宜城县：斗米十金，人相食。——同治《宜城县志》卷十祥异,宜城县：斗米十金，人相食。——同治《宜城县志》卷十祥异,宜城县：斗米十金，人相食。——同治《宜城县志》卷十祥异
1642,江苏,,宝山县,1642|江苏|宝山,明思宗崇祯十五年,无,《宝山县志》,无,保留,"v1,v2,v3,v4,v5,v6,v7","v1,v2,v3,v4,v5,v6,v7",7,1.0,是,,宝山县：春，民大饥，大疫。时米石银五两，麦二两，人食糠麸榆皮草根，至割将死人肉为食。——光绪《宝山县志》卷十四祥异,宝山县：春，民大饥，大疫。时米石银五两，麦二两，人食糠麸榆皮草根，至割将死人肉为食。——光绪《宝山县志》卷十四祥异,宝山县：春，民大饥，大疫。时米石银五两，麦二两，人食糠麸榆皮草根，至割将死人肉为食。——光绪《宝山县志》卷十四祥异,宝山县：春，民大饥，大疫。时米石银五两，麦二两，人食糠麸榆皮草根，至割将死人肉为食。——光绪《宝山县志》卷十四祥异,宝山县：春，民大饥，大疫。时米石银五两，麦二两，人食糠麸榆皮草根，至割将死人肉为食。——光绪《宝山县志》卷十四祥异,宝山县：春，民大饥，大疫。时米石银五两，麦二两，人食糠麸榆皮草根，至割将死人肉为食。——光绪《宝山县志》卷十四祥异,宝山县：春，民大饥，大疫。时米石银五两，麦二两，人食糠麸榆皮草根，至割将死人肉为食。——光绪《宝山县志》卷十四祥异
1642,江苏,,崇明县,1642|江苏|崇明,明思宗崇祯十五年,无,《崇明县志》,无,保留,"v1,v2,v3,v4,v5,v6,v7","v1,v2,v3,v4,v5,v6,v7",7,1.0,是,,崇明县：大饥，茹糟糠、树皮革根俱尽，道死者枕藉相望。堡城一妪名秦痴婆，杀邻稚以食；又有沈安状黄姓者，食己子事觉，妪为众稗殉砸死，黄姓毙狱。——雍正《崇明县志》卷十七祲祥,崇明县：大饥，茹糟糠、树皮革根俱尽，道死者枕藉相望。堡城一妪名秦痴婆，杀邻稚以食；又有沈安状黄姓者，食己子事觉，妪为众稗殉砸死，黄姓毙狱。——雍正《崇明县志》卷十七祲祥,崇明县：大饥，茹糟糠、树皮革根俱尽，道死者枕藉相望。堡城一妪名秦痴婆，杀邻稚以食；又有沈安状黄姓者，食己子事觉，妪为众稗殉砸死，黄姓毙狱。——雍正《崇明县志》卷十七祲祥,崇明县：大饥，茹糟糠、树皮革根俱尽，道死者枕藉相望。堡城一妪名秦痴婆，杀邻稚以食；又有沈安状黄姓者，食己子事觉，妪为众稗殉砸死，黄姓毙狱。——雍正《崇明县志》卷十七祲祥,崇明县：大饥，茹糟糠、树皮革根俱尽，道死者枕藉相望。堡城一妪名秦痴婆，杀邻稚以食；又有沈安状黄姓者，食己子事觉，妪为众稗殉砸死，黄姓毙狱。——雍正《崇明县志》卷十七祲祥,崇明县：大饥，茹糟糠、树皮革根俱尽，道死者枕藉相望。堡城一妪名秦痴婆，杀邻稚以食；又有沈安状黄姓者，食己子事觉，妪为众稗殉砸死，黄姓毙狱。——雍正《崇明县志》卷十七祲祥,崇明县：大饥，茹糟糠、树皮革根俱尽，道死者枕藉相望。堡城一妪名秦痴婆，杀邻稚以食；又有沈安状黄姓者，食己子事觉，妪为众稗殉砸死，黄姓毙狱。——雍正《崇明县志》卷十七祲祥
1642,山东,,平阴县,1642|山东|平阴,明思宗崇祯十五年,无,《平阴县志》,无,保留,"v1,v2,v3,v4,v5,v6,v7","v1,v2,v3,v4,v5,v6,v7",7,1.0,是,,平阴县：岁大饥，人相食，盗起。——顺治《平阴县志》卷八灾祥,平阴县：岁大饥，人相食，盗起。——顺治《平阴县志》卷八灾祥,平阴县：岁大饥，人相食，盗起。——顺治《平阴县志》卷八灾祥,平阴县：岁大饥，人相食，盗起。——顺治《平阴县志》卷八灾祥,平阴县：岁大饥，人相食，盗起。——顺治《平阴县志》卷八灾祥,平阴县：岁大饥，人相食，盗起。——顺治《平阴县志》卷八灾祥,平阴县：岁大饥，人相食，盗起。——顺治《平阴县志》卷八灾祥
1642,湖北,,枣阳县,1642|湖北|枣阳,明思宗崇祯十五年,无,《枣阳县志》,无,保留,"v1,v2,v3,v4,v5,v6,v7","v1,v2,v3,v4,v5,v6,v7",7,1.0,是,,枣阳县：斗米钱八千，人相食。——乾隆《枣阳县志》卷十七灾祥,枣阳县：斗米钱八千，人相食。——乾隆《枣阳县志》卷十七灾祥,枣阳县：斗米钱八千，人相食。——乾隆《枣阳县志》卷十七灾祥,枣阳县：斗米钱八千，人相食。——乾隆《枣阳县志》卷十七灾祥,枣阳县：斗米钱八千，人相食。——乾隆《枣阳县志》卷十七灾祥,枣阳县：斗米钱八千，人相食。——乾隆《枣阳县志》卷十七灾祥,枣阳县：斗米钱八千，人相食。——乾隆《枣阳县志》卷十七灾祥
1642,湖北,,黄冈县,1642|湖北|黄冈,明思宗崇祯十五年,无,《湖广通志》,无,保留,"v1,v2,v3,v4,v5,v6,v7","v1,v2,v3,v4,v5,v6,v7",7,1.0,是,,黄冈县：黄州郡县境大饥，继以疫，人相食。——康熙《湖广通志》卷三祥异,黄冈县：黄州郡县境大饥，继以疫，人相食。——康熙《湖广通志》卷三祥异,黄冈县：黄州郡县境大饥，继以疫，人相食。——康熙《湖广通志》卷三祥异,黄冈县：黄州郡县境大饥，继以疫，人相食。——康熙《湖广通志》卷三祥异,黄冈县：黄州郡县境大饥，继以疫，人相食。——康熙《湖广通志》卷三祥异,黄冈县：黄州郡县境大饥，继以疫，人相食。——康熙《湖广通志》卷三祥异,黄冈县：黄州郡县境大饥，继以疫，人相食。——康熙《湖广通志》卷三祥异
1642,安徽,,霍山县,1642|安徽|霍山,明思宗崇祯十五年,无,《霍山县志》,无,保留,"v1,v2,v3,v4,v5,v6,v7","v1,v2,v3,v4,v5,v6,v7",7,1.0,是,,霍山县：春，斗麦一千四百文，每米一碗六十文。山中树皮皆尽，父鬻子，夫鬻妻，易子以相食。——顺治《霍山县志》卷二灾祥,霍山县：春，斗麦一千四百文，每米一碗六十文。山中树皮皆尽，父鬻子，夫鬻妻，易子以相食。——顺治《霍山县志》卷二灾祥,霍山县：春，斗麦一千四百文，每米一碗六十文。山中树皮皆尽，父鬻子，夫鬻妻，易子以相食。——顺治《霍山县志》卷二灾祥,霍山县：春，斗麦一千四百文，每米一碗六十文。山中树皮皆尽，父鬻子，夫鬻妻，易子以相食。——顺治《霍山县志》卷二灾祥,霍山县：春，斗麦一千四百文，每米一碗六十文。山中树皮皆尽，父鬻子，夫鬻妻，易子以相食。——顺治《霍山县志》卷二灾祥,霍山县：春，斗麦一千四百文，每米一碗六十文。山中树皮皆尽，父鬻子，夫鬻妻，易子以相食。——顺治《霍山县志》卷二灾祥,霍山县：春，斗麦一千四百文，每米一碗六十文。山中树皮皆尽，父鬻子，夫鬻妻，易子以相食。——顺治《霍山县志》卷二灾祥
1642,江苏,,如皋县,1642|江苏|如皋,明思宗崇祯十五年,无,华东地区近五百年气候历史资料,无,保留,"v3,v4","v3,v4",2,0.2857,是,,,,如皋县：闰正月，岁大饥，民相食。——《华东地区近五百年气候历史资料》第二分册，第98页。,如皋县：闰正月，岁大饥，民相食。——《华东地区近五百年气候历史资料》第二分册，第98页。,,,
1643,浙江,湖州,归安县,1643|浙江|湖|归安,明思宗崇祯十六年,无,《归安县志》,无,保留,"v4,v6","v4,v6",2,0.2857,是,,,,,浙江：湖州市：夏大旱，民饥，人相食。斗米四百钱。——康熙《归安县志》卷六灾祥,,浙江：湖州市：夏大旱，民饥，人相食。斗米四百钱。——康熙《归安县志》卷六灾祥,
1643,浙江,湖州,归安,1643|浙江|湖|归安,明思宗崇祯十六年,无,《归安县志》,无,保留,"v1,v2,v3,v5","v1,v2,v3,v5",4,0.5714,是,,湖州市：夏大旱，民饥，人相食。斗米四百钱。——康熙《归安县志》卷六灾祥,湖州市：夏大旱，民饥，人相食。斗米四百钱。——康熙《归安县志》卷六灾祥,湖州市：夏大旱，民饥，人相食。斗米四百钱。——康熙《归安县志》卷六灾祥,,湖州市：夏大旱，民饥，人相食。斗米四百钱。——康熙《归安县志》卷六灾祥,,
1643,河南,,新郑县,1643|河南|新郑,明思宗崇祯十六年,无,《新郑县志》,无,保留,v4,v4,1,0.1429,是,,,,,河南：新郑县：旱，秋全无，荞种斗价六千。岁又大饥，至次年人相食。——顺治《新郑县志》卷五祥异,,,
1643,河南,,新郑县,1643|河南|新郑,明思宗崇祯十六年,无,《新郑县志》,无,保留,"v1,v2,v3,v5,v6","v1,v2,v3,v5,v6",5,0.7143,是,,新郑县：旱，秋全无，荞种斗价六千。岁又大饥，至次年人相食。——顺治《新郑县志》卷五祥异,新郑县：旱，秋全无，荞种斗价六千。岁又大饥，至次年人相食。——顺治《新郑县志》卷五祥异,新郑县：旱，秋全无，荞种斗价六千。岁又大饥，至次年人相食。——顺治《新郑县志》卷五祥异,,新郑县：旱，秋全无，荞种斗价六千。岁又大饥，至次年人相食。——顺治《新郑县志》卷五祥异,新郑县：旱，秋全无，荞种斗价六千。岁又大饥，至次年人相食。——顺治《新郑县志》卷五祥异,
1643,河南,,尉氏县,1643|河南|尉氏,明思宗崇祯十六年,无,《浦川县志》,无,保留,v1,v1,1,0.1429,是,,尉氏县：十六年、十七年饥甚，斗米千余。强食弱肉，民之存者百仅一二。——康熙《浦川县志》卷七祥异,,,,,,
1644,河北,,赤城县,1644|河北|赤城,明思宗崇祯十七年、清世祖顺治元年,无,《龙门县志》,无,保留,"v1,v2,v7","v1,v2,v7",3,0.4286,是,,赤城县：正月朔，大风，日无光，雨土。夏大旱，民饥，人相食。九月，大疫。——康熙《龙门县志》卷二灾祥,赤城县：正月朔，大风，日无光，雨土。夏大旱，民饥，人相食。九月，大疫。——康熙《龙门县志》卷二灾祥,,,,,赤城县：正月朔，大风，日无光，雨土。夏大旱，民饥，人相食。九月，大疫。——康熙《龙门县志》卷二灾祥
1644,河北,,赤城县,1644|河北|赤城,明思宗崇祯十七年、清世祖顺治元年,无,《龙门县志》,无,保留,"v3,v4,v5,v6","v3,v4,v5,v6",4,0.5714,是,,,,河北：赤城县：正月朔，大风，日无光，雨土。夏大旱，民饥，人相食。九月，大疫。——康熙《龙门县志》卷二灾祥,河北：赤城县：正月朔，大风，日无光，雨土。夏大旱，民饥，人相食。九月，大疫。——康熙《龙门县志》卷二灾祥,河北：赤城县：正月朔，大风，日无光，雨土。夏大旱，民饥，人相食。九月，大疫。——康熙《龙门县志》卷二灾祥,河北：赤城县：正月朔，大风，日无光，雨土。夏大旱，民饥，人相食。九月，大疫。——康熙《龙门县志》卷二灾祥,
1645,湖北,,宜城县,1645|湖北|宜城,清世祖顺治二年,无,《宜城县志》,无,保留,"v1,v2,v3,v4,v5,v6,v7","v1,v2,v3,v4,v5,v6,v7",7,1.0,是,,宜城县：春大饥，米大贵，人相食，多疫死。——同治《宜城县志》卷十祥异,宜城县：春大饥，米大贵，人相食，多疫死。——同治《宜城县志》卷十祥异,宜城县：春大饥，米大贵，人相食，多疫死。——同治《宜城县志》卷十祥异,宜城县：春大饥，米大贵，人相食，多疫死。——同治《宜城县志》卷十祥异,宜城县：春大饥，米大贵，人相食，多疫死。——同治《宜城县志》卷十祥异,宜城县：春大饥，米大贵，人相食，多疫死。——同治《宜城县志》卷十祥异,宜城县：春大饥，米大贵，人相食，多疫死。——同治《宜城县志》卷十祥异
1645,湖北,,宜都县,1645|湖北|宜都,清世祖顺治二年,无,《宜都县志》,无,保留,"v1,v2,v3,v4,v5,v6,v7","v1,v2,v3,v4,v5,v6,v7",7,1.0,是,,宜都县：人逃田荒，大饥，饿殍盈壑，人相食。——康熙《宜都县志》卷十一灾祥,宜都县：人逃田荒，大饥，饿殍盈壑，人相食。——康熙《宜都县志》卷十一灾祥,宜都县：人逃田荒，大饥，饿殍盈壑，人相食。——康熙《宜都县志》卷十一灾祥,宜都县：人逃田荒，大饥，饿殍盈壑，人相食。——康熙《宜都县志》卷十一灾祥,宜都县：人逃田荒，大饥，饿殍盈壑，人相食。——康熙《宜都县志》卷十一灾祥,宜都县：人逃田荒，大饥，饿殍盈壑，人相食。——康熙《宜都县志》卷十一灾祥,宜都县：人逃田荒，大饥，饿殍盈壑，人相食。——康熙《宜都县志》卷十一灾祥
1645,湖北,,枣阳县,1645|湖北|枣阳,清世祖顺治二年,无,《枣阳县志》,无,保留,"v1,v2,v3,v4,v5,v6,v7","v1,v2,v3,v4,v5,v6,v7",7,1.0,是,,枣阳县：仲夏大疫，人相食。——同治《枣阳县志》卷十六祥异,枣阳县：仲夏大疫，人相食。——同治《枣阳县志》卷十六祥异,枣阳县：仲夏大疫，人相食。——同治《枣阳县志》卷十六祥异,枣阳县：仲夏大疫，人相食。——同治《枣阳县志》卷十六祥异,枣阳县：仲夏大疫，人相食。——同治《枣阳县志》卷十六祥异,枣阳县：仲夏大疫，人相食。——同治《枣阳县志》卷十六祥异,枣阳县：仲夏大疫，人相食。——同治《枣阳县志》卷十六祥异
1645,湖北,,光化县,1645|湖北|光化,清世祖顺治二年,无,《清史稿》,无,需校验地区信息,"v1,v2,v3,v4,v5,v7","v1,v2,v3,v4,v5,v7",6,0.8571,是,同年同省同来源同 record，但地区名存在近似异写或明显异体，需校验地区信息,（顺治）二年（1645），枣阳、襄阳、光化、宣城大饥，人相食。——《清史稿》卷四四《灾异志五》,（顺治）二年（1645），枣阳、襄阳、光化、宣城大饥，人相食。——《清史稿》卷四四《灾异志五》,（顺治）二年（1645），枣阳、襄阳、光化、宣城大饥，人相食。——《清史稿》卷四四《灾异志五》,（顺治）二年（1645），枣阳、襄阳、光化、宣城大饥，人相食。——《清史稿》卷四四《灾异志五》,（顺治）二年（1645），枣阳、襄阳、光化、宣城大饥，人相食。——《清史稿》卷四四《灾异志五》,,（顺治）二年（1645），枣阳、襄阳、光化、宣城大饥，人相食。——《清史稿》卷四四《灾异志五》
1645,湖北,,宣城县,1645|湖北|宣城,清世祖顺治二年,无,《清史稿》,无,需校验地区信息,"v1,v2,v3,v4,v5,v7","v1,v2,v3,v4,v5,v7",6,0.8571,是,同年同省同来源同 record，但地区名存在近似异写或明显异体，需校验地区信息,（顺治）二年（1645），枣阳、襄阳、光化、宣城大饥，人相食。——《清史稿》卷四四《灾异志五》,（顺治）二年（1645），枣阳、襄阳、光化、宣城大饥，人相食。——《清史稿》卷四四《灾异志五》,（顺治）二年（1645），枣阳、襄阳、光化、宣城大饥，人相食。——《清史稿》卷四四《灾异志五》,（顺治）二年（1645），枣阳、襄阳、光化、宣城大饥，人相食。——《清史稿》卷四四《灾异志五》,（顺治）二年（1645），枣阳、襄阳、光化、宣城大饥，人相食。——《清史稿》卷四四《灾异志五》,,（顺治）二年（1645），枣阳、襄阳、光化、宣城大饥，人相食。——《清史稿》卷四四《灾异志五》
1645,湖北,,枣阳县,1645|湖北|枣阳,清世祖顺治二年,无,《清史稿》,无,需校验地区信息,"v1,v2,v3,v4,v5,v7","v1,v2,v3,v4,v5,v7",6,0.8571,是,同年同省同来源同 record，但地区名存在近似异写或明显异体，需校验地区信息,（顺治）二年（1645），枣阳、襄阳、光化、宣城大饥，人相食。——《清史稿》卷四四《灾异志五》,（顺治）二年（1645），枣阳、襄阳、光化、宣城大饥，人相食。——《清史稿》卷四四《灾异志五》,（顺治）二年（1645），枣阳、襄阳、光化、宣城大饥，人相食。——《清史稿》卷四四《灾异志五》,（顺治）二年（1645），枣阳、襄阳、光化、宣城大饥，人相食。——《清史稿》卷四四《灾异志五》,（顺治）二年（1645），枣阳、襄阳、光化、宣城大饥，人相食。——《清史稿》卷四四《灾异志五》,,（顺治）二年（1645），枣阳、襄阳、光化、宣城大饥，人相食。——《清史稿》卷四四《灾异志五》
1645,湖北,,襄阳县,1645|湖北|襄阳,清世祖顺治二年,无,《清史稿》,无,需校验地区信息,"v1,v2,v3,v4,v5,v7","v1,v2,v3,v4,v5,v7",6,0.8571,是,同年同省同来源同 record，但地区名存在近似异写或明显异体，需校验地区信息,（顺治）二年（1645），枣阳、襄阳、光化、宣城大饥，人相食。——《清史稿》卷四四《灾异志五》,（顺治）二年（1645），枣阳、襄阳、光化、宣城大饥，人相食。——《清史稿》卷四四《灾异志五》,（顺治）二年（1645），枣阳、襄阳、光化、宣城大饥，人相食。——《清史稿》卷四四《灾异志五》,（顺治）二年（1645），枣阳、襄阳、光化、宣城大饥，人相食。——《清史稿》卷四四《灾异志五》,（顺治）二年（1645），枣阳、襄阳、光化、宣城大饥，人相食。——《清史稿》卷四四《灾异志五》,,（顺治）二年（1645），枣阳、襄阳、光化、宣城大饥，人相食。——《清史稿》卷四四《灾异志五》
1645,河南,,正阳县,1645|河南|正阳,清世祖顺治二年,无,《真阳县志》,无,保留,"v1,v2,v3,v4,v5,v6,v7","v1,v2,v3,v4,v5,v6,v7",7,1.0,是,,正阳县：春，积雪深数尺。大饥，人相食。——康熙《真阳县志》卷八灾祥,正阳县：春，积雪深数尺。大饥，人相食。——康熙《真阳县志》卷八灾祥,正阳县：春，积雪深数尺。大饥，人相食。——康熙《真阳县志》卷八灾祥,正阳县：春，积雪深数尺。大饥，人相食。——康熙《真阳县志》卷八灾祥,正阳县：春，积雪深数尺。大饥，人相食。——康熙《真阳县志》卷八灾祥,正阳县：春，积雪深数尺。大饥，人相食。——康熙《真阳县志》卷八灾祥,正阳县：春，积雪深数尺。大饥，人相食。——康熙《真阳县志》卷八灾祥
1645,湖北,,老河口,1645|湖北|老河口,清世祖顺治二年,无,《襄阳府志》,无,保留,"v1,v2,v3,v4,v5,v6,v7","v1,v2,v3,v4,v5,v6,v7",7,1.0,是,,老河口市：春大饥，人相食。——顺治《襄阳府志》卷十九灾祥,老河口市：春大饥，人相食。——顺治《襄阳府志》卷十九灾祥,老河口市：春大饥，人相食。——顺治《襄阳府志》卷十九灾祥,老河口市：春大饥，人相食。——顺治《襄阳府志》卷十九灾祥,老河口市：春大饥，人相食。——顺治《襄阳府志》卷十九灾祥,老河口市：春大饥，人相食。——顺治《襄阳府志》卷十九灾祥,老河口市：春大饥，人相食。——顺治《襄阳府志》卷十九灾祥
1645,湖北,,谷城县,1645|湖北|谷城,清世祖顺治二年,无,《谷城县志》,无,保留,"v1,v2,v3,v4,v5,v6,v7","v1,v2,v3,v4,v5,v6,v7",7,1.0,是,,谷城县：春大饥，人相食。——同治《谷城县志》卷八祥异,谷城县：春大饥，人相食。——同治《谷城县志》卷八祥异,谷城县：春大饥，人相食。——同治《谷城县志》卷八祥异,谷城县：春大饥，人相食。——同治《谷城县志》卷八祥异,谷城县：春大饥，人相食。——同治《谷城县志》卷八祥异,谷城县：春大饥，人相食。——同治《谷城县志》卷八祥异,谷城县：春大饥，人相食。——同治《谷城县志》卷八祥异
1645,湖北,,光化县,1645|湖北|光化,清世祖顺治二年,无,清史稿,无,需校验地区信息,v6,v6,1,0.1429,是,同年同省同来源同 record，但地区名存在近似异写或明显异体，需校验地区信息,,,,,,（顺治）二年（1645），枣阳、襄阳、光化、宣城大饥，人相食。——《清史稿》卷四四《灾异志五》,
1645,湖北,,宣城县,1645|湖北|宣城,清世祖顺治二年,无,清史稿,无,需校验地区信息,v6,v6,1,0.1429,是,同年同省同来源同 record，但地区名存在近似异写或明显异体，需校验地区信息,,,,,,（顺治）二年（1645），枣阳、襄阳、光化、宣城大饥，人相食。——《清史稿》卷四四《灾异志五》,
1645,湖北,,枣阳县,1645|湖北|枣阳,清世祖顺治二年,无,清史稿,无,需校验地区信息,v6,v6,1,0.1429,是,同年同省同来源同 record，但地区名存在近似异写或明显异体，需校验地区信息,,,,,,（顺治）二年（1645），枣阳、襄阳、光化、宣城大饥，人相食。——《清史稿》卷四四《灾异志五》,
1645,湖北,,襄阳县,1645|湖北|襄阳,清世祖顺治二年,无,清史稿,无,需校验地区信息,v6,v6,1,0.1429,是,同年同省同来源同 record，但地区名存在近似异写或明显异体，需校验地区信息,,,,,,（顺治）二年（1645），枣阳、襄阳、光化、宣城大饥，人相食。——《清史稿》卷四四《灾异志五》,
1646,四川,,丹棱县,1646|四川|丹棱,清世祖顺治三年,无,《丹棱县志》,无,保留,"v1,v2,v4,v5,v6,v7","v1,v2,v4,v5,v6,v7",6,0.8571,是,,丹棱县：丙戌、丁亥连岁大旱、斗米三十金，人不得耕，起而相食，骸骨满野。——光緒《丹棱县志》卷七灾祥,丹棱县：丙戌、丁亥连岁大旱、斗米三十金，人不得耕，起而相食，骸骨满野。——光緒《丹棱县志》卷七灾祥,,丹棱县：丙戌、丁亥连岁大旱、斗米三十金，人不得耕，起而相食，骸骨满野。——光緒《丹棱县志》卷七灾祥,丹棱县：丙戌、丁亥连岁大旱、斗米三十金，人不得耕，起而相食，骸骨满野。——光緒《丹棱县志》卷七灾祥,丹棱县：丙戌、丁亥连岁大旱、斗米三十金，人不得耕，起而相食，骸骨满野。——光緒《丹棱县志》卷七灾祥,丹棱县：丙戌、丁亥连岁大旱、斗米三十金，人不得耕，起而相食，骸骨满野。——光緒《丹棱县志》卷七灾祥
1646,四川,,井研县,1646|四川|井研,清世祖顺治三年,无,《井研县志》,无,保留,"v1,v2,v4,v5,v6,v7","v1,v2,v4,v5,v6,v7",6,0.8571,是,,井研县：是岁大饥，人相食，斗米银三两。——光绪《井研县志》卷四十二纪年,井研县：是岁大饥，人相食，斗米银三两。——光绪《井研县志》卷四十二纪年,,井研县：是岁大饥，人相食，斗米银三两。——光绪《井研县志》卷四十二纪年,井研县：是岁大饥，人相食，斗米银三两。——光绪《井研县志》卷四十二纪年,井研县：是岁大饥，人相食，斗米银三两。——光绪《井研县志》卷四十二纪年,井研县：是岁大饥，人相食，斗米银三两。——光绪《井研县志》卷四十二纪年
1646,四川,,名山县,1646|四川|名山,清世祖顺治三年,无,《名山县志》,无,保留,"v1,v2,v4,v5,v6,v7","v1,v2,v4,v5,v6,v7",6,0.8571,是,,名山县：三年、四年大饥，献逆为虐，杀戮盈野，人民相食，道路荆棘成林。——光绪《名山县志》卷九祥异,名山县：三年、四年大饥，献逆为虐，杀戮盈野，人民相食，道路荆棘成林。——光绪《名山县志》卷九祥异,,名山县：三年、四年大饥，献逆为虐，杀戮盈野，人民相食，道路荆棘成林。——光绪《名山县志》卷九祥异,名山县：三年、四年大饥，献逆为虐，杀戮盈野，人民相食，道路荆棘成林。——光绪《名山县志》卷九祥异,名山县：三年、四年大饥，献逆为虐，杀戮盈野，人民相食，道路荆棘成林。——光绪《名山县志》卷九祥异,名山县：三年、四年大饥，献逆为虐，杀戮盈野，人民相食，道路荆棘成林。——光绪《名山县志》卷九祥异
1646,四川,,四川,1646|四川|四川,清世祖顺治三年,无,《四川通志》,无,保留,"v1,v2,v5,v7","v1,v2,v5,v7",4,0.5714,是,,全蜀大饥，省米值钱三钱，人民相食。——嘉庆《四川通志》卷一六三行谊,全蜀大饥，省米值钱三钱，人民相食。——嘉庆《四川通志》卷一六三行谊,,,全蜀大饥，省米值钱三钱，人民相食。——嘉庆《四川通志》卷一六三行谊,,全蜀大饥，省米值钱三钱，人民相食。——嘉庆《四川通志》卷一六三行谊
1646,四川,,彭水县,1646|四川|彭水,清世祖顺治三年,无,《增修酉阳直隶州总志》,无,保留,"v1,v2,v4,v5,v6,v7","v1,v2,v4,v5,v6,v7",6,0.8571,是,,彭水县：彭邑大饥，人相食。彭邑大疫。——同治《增修酉阳直隶州总志》卷末祥异,彭水县：彭邑大饥，人相食。彭邑大疫。——同治《增修酉阳直隶州总志》卷末祥异,,彭水县：彭邑大饥，人相食。彭邑大疫。——同治《增修酉阳直隶州总志》卷末祥异,彭水县：彭邑大饥，人相食。彭邑大疫。——同治《增修酉阳直隶州总志》卷末祥异,彭水县：彭邑大饥，人相食。彭邑大疫。——同治《增修酉阳直隶州总志》卷末祥异,彭水县：彭邑大饥，人相食。彭邑大疫。——同治《增修酉阳直隶州总志》卷末祥异
1646,四川,,丹棱县,1646|四川|丹棱,清世祖顺治三年,无,丹棱县志,无,保留,v3,v3,1,0.1429,是,,,,丹棱县：丙戌、丁亥连岁大旱、斗米三十金，人不得耕，起而相食，骸骨满野。——光緒《丹棱县志》卷七灾祥,,,,
1646,四川,,井研县,1646|四川|井研,清世祖顺治三年,无,井研县志,无,保留,v3,v3,1,0.1429,是,,,,井研县：是岁大饥，人相食，斗米银三两。——光绪《井研县志》卷四十二纪年,,,,
1646,四川,,名山县,1646|四川|名山,清世祖顺治三年,无,名山县志,无,保留,v3,v3,1,0.1429,是,,,,名山县：三年、四年大饥，献逆为虐，杀戮盈野，人民相食，道路荆棘成林。——光绪《名山县志》卷九祥异,,,,
1646,四川,,彭水县,1646|四川|彭水,清世祖顺治三年,无,增修酉阳直隶州总志,无,保留,v3,v3,1,0.1429,是,,,,彭水县：彭邑大饥，人相食。彭邑大疫。——同治《增修酉阳直隶州总志》卷末祥异,,,,
1647,四川,雅安市,名山县,1647|四川|雅安|名山,清世祖顺治四年,无,《名山县新志》,无,保留,"v1,v2,v3,v4,v5,v7","v1,v2,v3,v4,v5,v7",6,0.8571,是,,名山县：疫疠大作。播谷在田，军匪漉食殆尽。岁遂大饥，斗米值银十两，牛一只值百两，人民相食，山川愁惨。——民国《名山县新志》卷六纪事,名山县：疫疠大作。播谷在田，军匪漉食殆尽。岁遂大饥，斗米值银十两，牛一只值百两，人民相食，山川愁惨。——民国《名山县新志》卷六纪事,名山县：疫疠大作。播谷在田，军匪漉食殆尽。岁遂大饥，斗米值银十两，牛一只值百两，人民相食，山川愁惨。——民国《名山县新志》卷六纪事,名山县：疫疠大作。播谷在田，军匪漉食殆尽。岁遂大饥，斗米值银十两，牛一只值百两，人民相食，山川愁惨。——民国《名山县新志》卷六纪事,名山县：疫疠大作。播谷在田，军匪漉食殆尽。岁遂大饥，斗米值银十两，牛一只值百两，人民相食，山川愁惨。——民国《名山县新志》卷六纪事,,名山县：疫疠大作。播谷在田，军匪漉食殆尽。岁遂大饥，斗米值银十两，牛一只值百两，人民相食，山川愁惨。——民国《名山县新志》卷六纪事
1647,四川,,名山县,1647|四川|名山,清世祖顺治四年,无,《名山县新志》,无,保留,v6,v6,1,0.1429,是,,,,,,,四川：名山县：疫疠大作。播谷在田，军匪漉食殆尽。岁遂大饥，斗米值银十两，牛一只值百两，人民相食，山川愁惨。——民国《名山县新志》卷六纪事,
1647,四川,重庆市,彭水县,1647|四川|重庆|彭水,清世祖顺治四年,无,《增修酉阳直隶总志》,无,保留,"v1,v2,v3,v4,v5,v7","v1,v2,v3,v4,v5,v7",6,0.8571,是,,彭水县：彭水大饥，人相食。彭邑斗米八两。是年彭水县六畜无遗种，城野无居民。——同治《增修酉阳直隶总志》卷末祥异,彭水县：彭水大饥，人相食。彭邑斗米八两。是年彭水县六畜无遗种，城野无居民。——同治《增修酉阳直隶总志》卷末祥异,彭水县：彭水大饥，人相食。彭邑斗米八两。是年彭水县六畜无遗种，城野无居民。——同治《增修酉阳直隶总志》卷末祥异,彭水县：彭水大饥，人相食。彭邑斗米八两。是年彭水县六畜无遗种，城野无居民。——同治《增修酉阳直隶总志》卷末祥异,彭水县：彭水大饥，人相食。彭邑斗米八两。是年彭水县六畜无遗种，城野无居民。——同治《增修酉阳直隶总志》卷末祥异,,彭水县：彭水大饥，人相食。彭邑斗米八两。是年彭水县六畜无遗种，城野无居民。——同治《增修酉阳直隶总志》卷末祥异
1647,四川,,彭水县,1647|四川|彭水,清世祖顺治四年,无,《增修酉阳直隶总志》,无,保留,v6,v6,1,0.1429,是,,,,,,,四川：彭水县：彭水大饥，人相食。彭邑斗米八两。是年彭水县六畜无遗种，城野无居民。——同治《增修酉阳直隶总志》卷末祥异,
1647,江西,宜春市,宜春县,1647|江西|宜春|宜春,清世祖顺治四年,无,《宜春县志》,无,保留,v6,v6,1,0.1429,是,,,,,,,江西：宜春市：凡六阅月，饿莩相枕藉，白骨如山，人相食。——民国《宜春县志》,
1647,江西,宜春市,宜春县,1647|江西|宜春|宜春,清世祖顺治四年,无,《宜春县志》,无,保留,"v1,v2,v3,v4,v5,v7","v1,v2,v3,v4,v5,v7",6,0.8571,是,,宜春市：凡六阅月，饿莩相枕藉，白骨如山，人相食。——民国《宜春县志》,宜春市：凡六阅月，饿莩相枕藉，白骨如山，人相食。——民国《宜春县志》,宜春市：凡六阅月，饿莩相枕藉，白骨如山，人相食。——民国《宜春县志》,宜春市：凡六阅月，饿莩相枕藉，白骨如山，人相食。——民国《宜春县志》,宜春市：凡六阅月，饿莩相枕藉，白骨如山，人相食。——民国《宜春县志》,,宜春市：凡六阅月，饿莩相枕藉，白骨如山，人相食。——民国《宜春县志》
1647,四川,,简阳县,1647|四川|简阳,清世祖顺治四年,无,《简阳县志》,无,保留,v6,v6,1,0.1429,是,,,,,,,四川：简阳县：是岁大饥，谷石值银四十两，糙米斗值银七两，人相食。——民国《简阳县志》卷二十三编年,
1647,四川,简阳市,简阳县,1647|四川|简阳|简阳,清世祖顺治四年,无,《简阳县志》,无,保留,"v1,v2,v3,v4,v5,v7","v1,v2,v3,v4,v5,v7",6,0.8571,是,,简阳县：是岁大饥，谷石值银四十两，糙米斗值银七两，人相食。——民国《简阳县志》卷二十三编年,简阳县：是岁大饥，谷石值银四十两，糙米斗值银七两，人相食。——民国《简阳县志》卷二十三编年,简阳县：是岁大饥，谷石值银四十两，糙米斗值银七两，人相食。——民国《简阳县志》卷二十三编年,简阳县：是岁大饥，谷石值银四十两，糙米斗值银七两，人相食。——民国《简阳县志》卷二十三编年,简阳县：是岁大饥，谷石值银四十两，糙米斗值银七两，人相食。——民国《简阳县志》卷二十三编年,,简阳县：是岁大饥，谷石值银四十两，糙米斗值银七两，人相食。——民国《简阳县志》卷二十三编年
1647,四川,,荥经县,1647|四川|荥经,清世祖顺治四年,无,《荥经县志》,无,保留,v6,v6,1,0.1429,是,,,,,,,四川：荥经县：岁大歉，斗米值白锄十两，野菜树皮俱尽，人多相食。——民国《荥经县志》卷十三五行,
1647,四川,雅安市,荥经县,1647|四川|雅安|荥经,清世祖顺治四年,无,《荥经县志》,无,保留,"v1,v2,v3,v4,v5,v7","v1,v2,v3,v4,v5,v7",6,0.8571,是,,荥经县：岁大歉，斗米值白锄十两，野菜树皮俱尽，人多相食。——民国《荥经县志》卷十三五行,荥经县：岁大歉，斗米值白锄十两，野菜树皮俱尽，人多相食。——民国《荥经县志》卷十三五行,荥经县：岁大歉，斗米值白锄十两，野菜树皮俱尽，人多相食。——民国《荥经县志》卷十三五行,荥经县：岁大歉，斗米值白锄十两，野菜树皮俱尽，人多相食。——民国《荥经县志》卷十三五行,荥经县：岁大歉，斗米值白锄十两，野菜树皮俱尽，人多相食。——民国《荥经县志》卷十三五行,,荥经县：岁大歉，斗米值白锄十两，野菜树皮俱尽，人多相食。——民国《荥经县志》卷十三五行
1647,江西,萍乡市,萍乡县,1647|江西|萍乡|萍乡,清世祖顺治四年,无,《萍乡县志》,无,保留,v6,v6,1,0.1429,是,,,,,,,江西：萍乡市：春大水。岁歉，米一石值金十余两，…疫痢交作，饥馑荐臻，食野草，啖糠秕，有杀人卖其肉者。——同治《萍乡县志》卷十,
1647,江西,萍乡市,萍乡县,1647|江西|萍乡|萍乡,清世祖顺治四年,无,《萍乡县志》,无,保留,"v1,v2,v3,v4,v5,v7","v1,v2,v3,v4,v5,v7",6,0.8571,是,,萍乡市：春大水。岁歉，米一石值金十余两，…疫痢交作，饥馑荐臻，食野草，啖糠秕，有杀人卖其肉者。——同治《萍乡县志》卷十,萍乡市：春大水。岁歉，米一石值金十余两，…疫痢交作，饥馑荐臻，食野草，啖糠秕，有杀人卖其肉者。——同治《萍乡县志》卷十,萍乡市：春大水。岁歉，米一石值金十余两，…疫痢交作，饥馑荐臻，食野草，啖糠秕，有杀人卖其肉者。——同治《萍乡县志》卷十,萍乡市：春大水。岁歉，米一石值金十余两，…疫痢交作，饥馑荐臻，食野草，啖糠秕，有杀人卖其肉者。——同治《萍乡县志》卷十,萍乡市：春大水。岁歉，米一石值金十余两，…疫痢交作，饥馑荐臻，食野草，啖糠秕，有杀人卖其肉者。——同治《萍乡县志》卷十,,萍乡市：春大水。岁歉，米一石值金十余两，…疫痢交作，饥馑荐臻，食野草，啖糠秕，有杀人卖其肉者。——同治《萍乡县志》卷十
1647,江西,宜春市,宜春县,1647|江西|宜春|宜春,清世祖顺治四年,袁州府,《袁州府志》,无,保留,"v1,v2,v3,v4,v5,v7","v1,v2,v3,v4,v5,v7",6,0.8571,是,,宜春市：袁州府春大水，奇荒凡六阅月。百姓饿死枕藉，白骨如山，谷每石八九两，米每斗一两八九钱，士民多阖户而死。有漆匠瑞州人侨寓宜之北乡，杀子女食；乐安人父子种蓝，子食父。百姓三分死二，各乡白骨堆积。——康熙《袁州府志》卷十三灾祥,宜春市：袁州府春大水，奇荒凡六阅月。百姓饿死枕藉，白骨如山，谷每石八九两，米每斗一两八九钱，士民多阖户而死。有漆匠瑞州人侨寓宜之北乡，杀子女食；乐安人父子种蓝，子食父。百姓三分死二，各乡白骨堆积。——康熙《袁州府志》卷十三灾祥,宜春市：袁州府春大水，奇荒凡六阅月。百姓饿死枕藉，白骨如山，谷每石八九两，米每斗一两八九钱，士民多阖户而死。有漆匠瑞州人侨寓宜之北乡，杀子女食；乐安人父子种蓝，子食父。百姓三分死二，各乡白骨堆积。——康熙《袁州府志》卷十三灾祥,宜春市：袁州府春大水，奇荒凡六阅月。百姓饿死枕藉，白骨如山，谷每石八九两，米每斗一两八九钱，士民多阖户而死。有漆匠瑞州人侨寓宜之北乡，杀子女食；乐安人父子种蓝，子食父。百姓三分死二，各乡白骨堆积。——康熙《袁州府志》卷十三灾祥,宜春市：袁州府春大水，奇荒凡六阅月。百姓饿死枕藉，白骨如山，谷每石八九两，米每斗一两八九钱，士民多阖户而死。有漆匠瑞州人侨寓宜之北乡，杀子女食；乐安人父子种蓝，子食父。百姓三分死二，各乡白骨堆积。——康熙《袁州府志》卷十三灾祥,,宜春市：袁州府春大水，奇荒凡六阅月。百姓饿死枕藉，白骨如山，谷每石八九两，米每斗一两八九钱，士民多阖户而死。有漆匠瑞州人侨寓宜之北乡，杀子女食；乐安人父子种蓝，子食父。百姓三分死二，各乡白骨堆积。——康熙《袁州府志》卷十三灾祥
1647,江西,宜春市,袁州府,1647|江西|宜春|袁州府,清世祖顺治四年,袁州,《袁州府志》,无,保留,v6,v6,1,0.1429,是,,,,,,,江西：宜春市：袁州府春大水，奇荒凡六阅月。百姓饿死枕藉，白骨如山，谷每石八九两，米每斗一两八九钱，士民多阖户而死。有漆匠瑞州人侨寓宜之北乡，杀子女食；乐安人父子种蓝，子食父。百姓三分死二，各乡白骨堆积。——康熙《袁州府志》卷十三灾祥,
1648,广东,东莞市,东莞市,1648|广东|东莞|东莞,清世祖顺治五年,无,《东莞县志》,无,保留,"v1,v2,v5","v1,v2,v5",3,0.4286,是,,东莞市：三月，大饥，斗米千钱，民有相食者。——雍正《东莞县志》卷十祥异,东莞市：三月，大饥，斗米千钱，民有相食者。——雍正《东莞县志》卷十祥异,,,东莞市：三月，大饥，斗米千钱，民有相食者。——雍正《东莞县志》卷十祥异,,
1648,四川,内江市,内江市,1648|四川|内江|内江,清世祖顺治五年,无,《内江县志》,无,保留,"v1,v2,v5","v1,v2,v5",3,0.4286,是,,内江县：大荒，邑中避难者人相食。是年，瘟疫大作，人皆徙散，百里无姻。——咸丰《内江县志》卷十四祥异,内江县：大荒，邑中避难者人相食。是年，瘟疫大作，人皆徙散，百里无姻。——咸丰《内江县志》卷十四祥异,,,内江县：大荒，邑中避难者人相食。是年，瘟疫大作，人皆徙散，百里无姻。——咸丰《内江县志》卷十四祥异,,
1648,四川,广元市,剑阁县,1648|四川|广元|剑阁,清世祖顺治五年,无,《剑阁县续志》,无,保留,"v1,v2,v5","v1,v2,v5",3,0.4286,是,,剑阁县：大饥，赤地千里，人相食。——民国《剑阁县续志》卷三事纪,剑阁县：大饥，赤地千里，人相食。——民国《剑阁县续志》卷三事纪,,,剑阁县：大饥，赤地千里，人相食。——民国《剑阁县续志》卷三事纪,,
1648,广东,广州市,增城区,1648|广东|广|增城,清世祖顺治五年,无,《增城县志》,无,保留,"v1,v2,v5","v1,v2,v5",3,0.4286,是,,增城县：春大饥，斗栗三十五緇，饿殍盈路，至有人相食者，时枇杷草木殆尽。——康熙十二年《增城县志》卷三事纪,增城县：春大饥，斗栗三十五緇，饿殍盈路，至有人相食者，时枇杷草木殆尽。——康熙十二年《增城县志》卷三事纪,,,增城县：春大饥，斗栗三十五緇，饿殍盈路，至有人相食者，时枇杷草木殆尽。——康熙十二年《增城县志》卷三事纪,,
1648,四川,四川,,1648|四川|四川,清世祖顺治五年,无,《夹江县志》,无,保留,v2,v2,1,0.1429,是,,,蜀大饥，人相食。先是丙戌、丁亥连岁洩饥，至是弥甚，赤地干里。 籽米一斗价二十金，荞麦一斗价七八金，久之，亦无卖者，蒿芹木叶取食殆尽，时有裹珍珠二升易一面不得而殆，有持金数百买一饱不得而死。於是人皆相食，道路饥殍，剥取殆尽，无所得，父子、兄弟、夫妻转相贼杀。其食人之法，亦有如下羹羊、饶把火、和骨烂等名目，《鸡肋编》所载云云。——民国《夹江县志》卷十二祥异,,,,,
1648,四川,,夹江县,1648|四川|夹江,清世祖顺治五年,无,《夹江县志》,无,保留,v1,v1,1,0.1429,是,,蜀大饥，人相食。先是丙戌、丁亥连岁洩饥，至是弥甚，赤地干里。 籽米一斗价二十金，荞麦一斗价七八金，久之，亦无卖者，蒿芹木叶取食殆尽，时有裹珍珠二升易一面不得而殆，有持金数百买一饱不得而死。於是人皆相食，道路饥殍，剥取殆尽，无所得，父子、兄弟、夫妻转相贼杀。其食人之法，亦有如下羹羊、饶把火、和骨烂等名目，《鸡肋编》所载云云。——民国《夹江县志》卷十二祥异,,,,,,
1648,四川,,蜀,1648|四川|蜀,清世祖顺治五年,无,《夹江县志》,无,保留,v5,v5,1,0.1429,是,,,,,,蜀大饥，人相食。先是丙戌、丁亥连岁洩饥，至是弥甚，赤地干里。 籽米一斗价二十金，荞麦一斗价七八金，久之，亦无卖者，蒿芹木叶取食殆尽，时有裹珍珠二升易一面不得而殆，有持金数百买一饱不得而死。於是人皆相食，道路饥殍，剥取殆尽，无所得，父子、兄弟、夫妻转相贼杀。其食人之法，亦有如下羹羊、饶把火、和骨烂等名目，《鸡肋编》所载云云。——民国《夹江县志》卷十二祥异,,
1648,四川,自贡市,富顺县,1648|四川|自贡|富顺,清世祖顺治五年,无,《富顺县志》,无,保留,"v1,v2,v5","v1,v2,v5",3,0.4286,是,,富顺县：大荒，邑中避难者人相食。是年，瘟疫大作，人皆徙散，百里无姻。——乾隆二十五年《富顺县志》卷十七祥异,富顺县：大荒，邑中避难者人相食。是年，瘟疫大作，人皆徙散，百里无姻。——乾隆二十五年《富顺县志》卷十七祥异,,,富顺县：大荒，邑中避难者人相食。是年，瘟疫大作，人皆徙散，百里无姻。——乾隆二十五年《富顺县志》卷十七祥异,,
1648,四川,乐山市,峨眉山市,1648|四川|乐山|峨眉山,清世祖顺治五年,无,《峨眉县志》,无,保留,"v1,v2,v5","v1,v2,v5",3,0.4286,是,,峨眉县：大饥，人相食，大疫。——康熙《峨眉县志》卷八欖祥,峨眉县：大饥，人相食，大疫。——康熙《峨眉县志》卷八欖祥,,,峨眉县：大饥，人相食，大疫。——康熙《峨眉县志》卷八欖祥,,
1648,四川,成都市,崇州市,1648|四川|成都|崇,清世祖顺治五年,无,《崇庆县志》,无,保留,"v1,v2,v5","v1,v2,v5",3,0.4286,是,,崇庆县：再饥，赤地千里，人相食。——民国《崇庆县志》事纪,崇庆县：再饥，赤地千里，人相食。——民国《崇庆县志》事纪,,,崇庆县：再饥，赤地千里，人相食。——民国《崇庆县志》事纪,,
1648,四川,广安市,广安市,1648|四川|广安|广安,清世祖顺治五年,无,《广安州新志》,无,保留,"v1,v2,v5","v1,v2,v5",3,0.4286,是,,广安县：岁旱，大疫，人相食。——光绪《广安州新志》卷三十五祥异,广安县：岁旱，大疫，人相食。——光绪《广安州新志》卷三十五祥异,,,广安县：岁旱，大疫，人相食。——光绪《广安州新志》卷三十五祥异,,
1648,四川,德阳,德阳市,1648|四川|德阳|德阳,清世祖顺治五年,无,《德阳县志》,无,保留,"v1,v2,v5","v1,v2,v5",3,0.4286,是,,德阳市：大饥，人相食。——同治《德阳县志》卷四十二祥异,德阳市：大饥，人相食。——同治《德阳县志》卷四十二祥异,,,德阳市：大饥，人相食。——同治《德阳县志》卷四十二祥异,,
1648,广东,江门市,恩平市,1648|广东|江门|恩平,清世祖顺治五年,无,《恩平县志》,无,保留,"v1,v2,v5","v1,v2,v5",3,0.4286,是,,恩平县：春夏米贵，每斗价银八钱。人相食，饥死者甚众。——康熙《恩平县志》卷一事纪,恩平县：春夏米贵，每斗价银八钱。人相食，饥死者甚众。——康熙《恩平县志》卷一事纪,,,恩平县：春夏米贵，每斗价银八钱。人相食，饥死者甚众。——康熙《恩平县志》卷一事纪,,
1648,广东,,归善县,1648|广东|归善,清世祖顺治五年,无,《惠州府志》,无,需校验地区信息,"v1,v5","v1,v5",2,0.2857,是,同年同省同来源同 record，但地区名存在近似异写或明显异体，需校验地区信息,惠州市等：归善、博罗、海丰、河源、龙川大饥，博罗斗米至八九钱，河源至五六钱，归善有食人者。——光绪《惠州府志》卷十七郡事,,,,惠州市等：归善、博罗、海丰、河源、龙川大饥，博罗斗米至八九钱，河源至五六钱，归善有食人者。——光绪《惠州府志》卷十七郡事,,
1648,广东,惠州市,惠城区,1648|广东|惠|惠城,清世祖顺治五年,无,《惠州府志》,无,需校验地区信息,v2,v2,1,0.1429,是,同年同省同来源同 record，但地区名存在近似异写或明显异体，需校验地区信息,,惠州市等：归善、博罗、海丰、河源、龙川大饥，博罗斗米至八九钱，河源至五六钱，归善有食人者。——光绪《惠州府志》卷十七郡事,,,,,
1648,广东,江门市,新会区,1648|广东|江门|新会,清世祖顺治五年,无,《新会县志》,无,保留,"v1,v2,v5","v1,v2,v5",3,0.4286,是,,新会县：春三月，大饥，时斗米至钱四百，饿殍盈道，人有相食者。——康熙《新会县志》卷三事纪,新会县：春三月，大饥，时斗米至钱四百，饿殍盈道，人有相食者。——康熙《新会县志》卷三事纪,,,新会县：春三月，大饥，时斗米至钱四百，饿殍盈道，人有相食者。——康熙《新会县志》卷三事纪,,
1648,山东,滨州市,邹平县,1648|山东|滨|邹平,清世祖顺治五年,无,《新修齐东县志》,无,保留,"v1,v2,v5","v1,v2,v5",3,0.4286,是,,邹平县：大饥，人相食。——康熙《新修齐东县志》卷一灾祥,邹平县：大饥，人相食。——康熙《新修齐东县志》卷一灾祥,,,邹平县：大饥，人相食。——康熙《新修齐东县志》卷一灾祥,,
1648,山东,淄博市,桓台县,1648|山东|淄博|桓台,清世祖顺治五年,新城,《新城县志》,新城为古代地名，原文为'恒台县：新城大旱，人相食',保留,"v1,v2,v5","v1,v2,v5",3,0.4286,是,,恒台县：新城大旱，人相食。——康熙《新城县志》卷十灾祥,恒台县：新城大旱，人相食。——康熙《新城县志》卷十灾祥,,,恒台县：新城大旱，人相食。——康熙《新城县志》卷十灾祥,,
1648,广东,深圳市,宝安区,1648|广东|深圳|宝安,清世祖顺治五年,新安,《新安县志》,新安为古代地名，原文来源为康熙《新安县志》,保留,"v1,v2,v5","v1,v2,v5",3,0.4286,是,,宝安县：岁大饥，每米一斗价银一两二钱，人多食荔核、海苔、野菜等物，间有割尸充腹，男女妻妾者，斗米易一人。又值大疫，盗贼同时而发，民之死亡过半，有一乡而无一人存者。——康熙《新安县志》卷十一灾异,宝安县：岁大饥，每米一斗价银一两二钱，人多食荔核、海苔、野菜等物，间有割尸充腹，男女妻妾者，斗米易一人。又值大疫，盗贼同时而发，民之死亡过半，有一乡而无一人存者。——康熙《新安县志》卷十一灾异,,,宝安县：岁大饥，每米一斗价银一两二钱，人多食荔核、海苔、野菜等物，间有割尸充腹，男女妻妾者，斗米易一人。又值大疫，盗贼同时而发，民之死亡过半，有一乡而无一人存者。——康熙《新安县志》卷十一灾异,,
1648,云南,,嵩明县,1648|云南|嵩明,清世祖顺治五年,无,《清史稿》,无,需进一步分析,"v1,v5","v1,v5",2,0.3333,否,"同类 record 存在于 v1,v2,v3,v4,v5,v6；本条仅存在于 v1,v5；占比 33.3%",鹤庆县、嵩明县：顺治五年（1648）春，广州、鹤庆（大理，洱海之北）嵩明（昆明市东北）大饥，人相食。,,,,鹤庆县、嵩明县：顺治五年（1648）春，广州、鹤庆（大理，洱海之北）嵩明（昆明市东北）大饥，人相食。,,
1648,云南,,鹤庆县,1648|云南|鹤庆,清世祖顺治五年,无,《清史稿》,无,需进一步分析,"v1,v5","v1,v5",2,0.3333,否,"同类 record 存在于 v1,v2,v3,v4,v5,v6；本条仅存在于 v1,v5；占比 33.3%",鹤庆县、嵩明县：顺治五年（1648）春，广州、鹤庆（大理，洱海之北）嵩明（昆明市东北）大饥，人相食。,,,,鹤庆县、嵩明县：顺治五年（1648）春，广州、鹤庆（大理，洱海之北）嵩明（昆明市东北）大饥，人相食。,,
1648,云南,昆明市,嵩明县,1648|云南|昆明|嵩明,清世祖顺治五年,无,《清史稿》,无,需校验地区信息,v2,v2,1,0.1429,是,同年同省同来源同 record，但地区名存在近似异写或明显异体，需校验地区信息,,鹤庆县、嵩明县：顺治五年（1648）春，广州、鹤庆（大理，洱海之北）嵩明（昆明市东北）大饥，人相食。——《清史稿》卷四四《灾异志五》,,,,,
1648,云南,大理白族自治州,鹤庆县,1648|云南|大理白族自治|鹤庆,清世祖顺治五年,无,《清史稿》,无,需校验地区信息,v2,v2,1,0.1429,是,同年同省同来源同 record，但地区名存在近似异写或明显异体，需校验地区信息,,鹤庆县、嵩明县：顺治五年（1648）春，广州、鹤庆（大理，洱海之北）嵩明（昆明市东北）大饥，人相食。——《清史稿》卷四四《灾异志五》,,,,,
1648,四川,遂宁市,潼南县,1648|四川|遂宁|潼南,清世祖顺治五年,无,《潼南县志》,无,保留,"v1,v2,v5","v1,v2,v5",3,0.4286,是,,潼南县：六月，大饥，人相食。——民国《潼南县志》卷六祥异,潼南县：六月，大饥，人相食。——民国《潼南县志》卷六祥异,,,潼南县：六月，大饥，人相食。——民国《潼南县志》卷六祥异,,
1648,广西,钦州市,灵山县,1648|广西|钦|灵山,清世祖顺治五年,无,《灵山县志》,无,保留,"v1,v2,v5","v1,v2,v5",3,0.4286,是,,灵山县：米价腾涌，斗米七钱，民有易子而食者，公（佟养甲）捐俸赈恤。——雍正《灵山县志》卷九名宦,灵山县：米价腾涌，斗米七钱，民有易子而食者，公（佟养甲）捐俸赈恤。——雍正《灵山县志》卷九名宦,,,灵山县：米价腾涌，斗米七钱，民有易子而食者，公（佟养甲）捐俸赈恤。——雍正《灵山县志》卷九名宦,,
1648,四川,德阳市,绵竹市,1648|四川|德阳|绵竹,清世祖顺治五年,无,《绵竹县志》,无,保留,"v1,v2,v5","v1,v2,v5",3,0.4286,是,,戊子及己丑全蜀大饥，人民相食，逃亡几尽。——康熙《绵竹县志》卷一祥异,戊子及己丑全蜀大饥，人民相食，逃亡几尽。——康熙《绵竹县志》卷一祥异,,,戊子及己丑全蜀大饥，人民相食，逃亡几尽。——康熙《绵竹县志》卷一祥异,,
1648,四川,遂宁市,遂宁市,1648|四川|遂宁|遂宁,清世祖顺治五年,无,《重修四川通志遂宁采访录》,无,保留,"v1,v2,v5","v1,v2,v5",3,0.4286,是,,遂宁县：六月，大饥，人相食。——民国《重修四川通志遂宁采访录》杂纪,遂宁县：六月，大饥，人相食。——民国《重修四川通志遂宁采访录》杂纪,,,遂宁县：六月，大饥，人相食。——民国《重修四川通志遂宁采访录》杂纪,,
1648,四川,成都,成都市,1648|四川|成都|成都,清世祖顺治五年,无,《重修成都县志》,无,保留,"v1,v2,v5","v1,v2,v5",3,0.4286,是,,成都市：大饥，人相食，虎豹形如魁魅，逾雉堞遍谯而下，白昼入城食人。初，丙戌、丁亥，四川以流贼兵起，民间耕种失时，连岁涝饥。至戊子、已丑，荒旱交迫，赤地干里，粟米一斗价金二十两，养麦一斗价七八两，久之，市中并元有枭者。——同治《重修成都县志》卷十六杂类,成都市：大饥，人相食，虎豹形如魁魅，逾雉堞遍谯而下，白昼入城食人。初，丙戌、丁亥，四川以流贼兵起，民间耕种失时，连岁涝饥。至戊子、已丑，荒旱交迫，赤地干里，粟米一斗价金二十两，养麦一斗价七八两，久之，市中并元有枭者。——同治《重修成都县志》卷十六杂类,,,成都市：大饥，人相食，虎豹形如魁魅，逾雉堞遍谯而下，白昼入城食人。初，丙戌、丁亥，四川以流贼兵起，民间耕种失时，连岁涝饥。至戊子、已丑，荒旱交迫，赤地干里，粟米一斗价金二十两，养麦一斗价七八两，久之，市中并元有枭者。——同治《重修成都县志》卷十六杂类,,
1648,山东,滨州市,高青县,1648|山东|滨|高青,清世祖顺治五年,高苑,《高苑县续志》,高苑为古代地名，原文为'高青县：高苑大旱饥，道死人，人相食',保留,"v1,v2,v5","v1,v2,v5",3,0.4286,是,,高青县：高苑大旱饥，道死人，人相食。——康熙《高苑县续志》卷十祥灾,高青县：高苑大旱饥，道死人，人相食。——康熙《高苑县续志》卷十祥灾,,,高青县：高苑大旱饥，道死人，人相食。——康熙《高苑县续志》卷十祥灾,,
1648,广东,,东莞,1648|广东|东莞,清世祖顺治五年,无,东莞县志,无,保留,"v3,v4,v6","v3,v4,v6",3,0.4286,是,,,,东莞市：三月，大饥，斗米千钱，民有相食者。——雍正《东莞县志》卷十祥异,东莞市：三月，大饥，斗米千钱，民有相食者。——雍正《东莞县志》卷十祥异,,东莞市：三月，大饥，斗米千钱，民有相食者。——雍正《东莞县志》卷十祥异,
1648,四川,,内江,1648|四川|内江,清世祖顺治五年,无,内江县志,无,保留,"v3,v4,v6","v3,v4,v6",3,0.4286,是,,,,内江县：大荒，邑中避难者人相食。是年，瘟疫大作，人皆徙散，百里无姻。——咸丰《内江县志》卷十四祥异,内江县：大荒，邑中避难者人相食。是年，瘟疫大作，人皆徙散，百里无姻。——咸丰《内江县志》卷十四祥异,,内江县：大荒，邑中避难者人相食。是年，瘟疫大作，人皆徙散，百里无姻。——咸丰《内江县志》卷十四祥异,
1648,四川,,剑阁,1648|四川|剑阁,清世祖顺治五年,无,剑阁县续志,无,保留,"v3,v4,v6","v3,v4,v6",3,0.4286,是,,,,剑阁县：大饥，赤地千里，人相食。——民国《剑阁县续志》卷三事纪,剑阁县：大饥，赤地千里，人相食。——民国《剑阁县续志》卷三事纪,,剑阁县：大饥，赤地千里，人相食。——民国《剑阁县续志》卷三事纪,
1648,广东,,增城,1648|广东|增城,清世祖顺治五年,无,增城县志,无,保留,"v3,v4,v6","v3,v4,v6",3,0.4286,是,,,,增城县：春大饥，斗栗三十五緇，饿殍盈路，至有人相食者，时枇杷草木殆尽。——康熙十二年《增城县志》卷三事纪,增城县：春大饥，斗栗三十五緇，饿殍盈路，至有人相食者，时枇杷草木殆尽。——康熙十二年《增城县志》卷三事纪,,增城县：春大饥，斗栗三十五緇，饿殍盈路，至有人相食者，时枇杷草木殆尽。——康熙十二年《增城县志》卷三事纪,
1648,四川,,夹江,1648|四川|夹江,清世祖顺治五年,无,夹江县志,无,保留,"v3,v4,v6","v3,v4,v6",3,0.4286,是,,,,蜀大饥，人相食。先是丙戌、丁亥连岁洩饥，至是弥甚，赤地干里。 籽米一斗价二十金，荞麦一斗价七八金，久之，亦无卖者，蒿芹木叶取食殆尽，时有裹珍珠二升易一面不得而殆，有持金数百买一饱不得而死。於是人皆相食，道路饥殍，剥取殆尽，无所得，父子、兄弟、夫妻转相贼杀。其食人之法，亦有如下羹羊、饶把火、和骨烂等名目，《鸡肋编》所载云云。——民国《夹江县志》卷十二祥异,蜀大饥，人相食。先是丙戌、丁亥连岁洩饥，至是弥甚，赤地干里。 籽米一斗价二十金，荞麦一斗价七八金，久之，亦无卖者，蒿芹木叶取食殆尽，时有裹珍珠二升易一面不得而殆，有持金数百买一饱不得而死。於是人皆相食，道路饥殍，剥取殆尽，无所得，父子、兄弟、夫妻转相贼杀。其食人之法，亦有如下羹羊、饶把火、和骨烂等名目，《鸡肋编》所载云云。——民国《夹江县志》卷十二祥异,,蜀大饥，人相食。先是丙戌、丁亥连岁洩饥，至是弥甚，赤地干里。 籽米一斗价二十金，荞麦一斗价七八金，久之，亦无卖者，蒿芹木叶取食殆尽，时有裹珍珠二升易一面不得而殆，有持金数百买一饱不得而死。於是人皆相食，道路饥殍，剥取殆尽，无所得，父子、兄弟、夫妻转相贼杀。其食人之法，亦有如下羹羊、饶把火、和骨烂等名目，《鸡肋编》所载云云。——民国《夹江县志》卷十二祥异,
1648,四川,,富顺,1648|四川|富顺,清世祖顺治五年,无,富顺县志,无,保留,"v3,v4,v6","v3,v4,v6",3,0.4286,是,,,,富顺县：大荒，邑中避难者人相食。是年，瘟疫大作，人皆徙散，百里无姻。——乾隆二十五年《富顺县志》卷十七祥异,富顺县：大荒，邑中避难者人相食。是年，瘟疫大作，人皆徙散，百里无姻。——乾隆二十五年《富顺县志》卷十七祥异,,富顺县：大荒，邑中避难者人相食。是年，瘟疫大作，人皆徙散，百里无姻。——乾隆二十五年《富顺县志》卷十七祥异,
1648,四川,,峨眉,1648|四川|峨眉,清世祖顺治五年,无,峨眉县志,无,保留,"v3,v4,v6","v3,v4,v6",3,0.4286,是,,,,峨眉县：大饥，人相食，大疫。——康熙《峨眉县志》卷八欖祥,峨眉县：大饥，人相食，大疫。——康熙《峨眉县志》卷八欖祥,,峨眉县：大饥，人相食，大疫。——康熙《峨眉县志》卷八欖祥,
1648,四川,,崇庆,1648|四川|崇庆,清世祖顺治五年,无,崇庆县志,无,保留,"v3,v4,v6","v3,v4,v6",3,0.4286,是,,,,崇庆县：再饥，赤地千里，人相食。——民国《崇庆县志》事纪,崇庆县：再饥，赤地千里，人相食。——民国《崇庆县志》事纪,,崇庆县：再饥，赤地千里，人相食。——民国《崇庆县志》事纪,
1648,四川,,广安,1648|四川|广安,清世祖顺治五年,无,广安州新志,无,保留,"v3,v4,v6","v3,v4,v6",3,0.4286,是,,,,广安县：岁旱，大疫，人相食。——光绪《广安州新志》卷三十五祥异,广安县：岁旱，大疫，人相食。——光绪《广安州新志》卷三十五祥异,,广安县：岁旱，大疫，人相食。——光绪《广安州新志》卷三十五祥异,
1648,四川,,德阳,1648|四川|德阳,清世祖顺治五年,无,德阳县志,无,保留,"v3,v4,v6","v3,v4,v6",3,0.4286,是,,,,德阳市：大饥，人相食。——同治《德阳县志》卷四十二祥异,德阳市：大饥，人相食。——同治《德阳县志》卷四十二祥异,,德阳市：大饥，人相食。——同治《德阳县志》卷四十二祥异,
1648,广东,,恩平,1648|广东|恩平,清世祖顺治五年,无,恩平县志,无,保留,"v3,v4,v6","v3,v4,v6",3,0.4286,是,,,,恩平县：春夏米贵，每斗价银八钱。人相食，饥死者甚众。——康熙《恩平县志》卷一事纪,恩平县：春夏米贵，每斗价银八钱。人相食，饥死者甚众。——康熙《恩平县志》卷一事纪,,恩平县：春夏米贵，每斗价银八钱。人相食，饥死者甚众。——康熙《恩平县志》卷一事纪,
1648,广东,,归善,1648|广东|归善,清世祖顺治五年,无,惠州府志,无,保留,"v3,v4,v6","v3,v4,v6",3,0.4286,是,,,,惠州市等：归善、博罗、海丰、河源、龙川大饥，博罗斗米至八九钱，河源至五六钱，归善有食人者。——光绪《惠州府志》卷十七郡事,惠州市等：归善、博罗、海丰、河源、龙川大饥，博罗斗米至八九钱，河源至五六钱，归善有食人者。——光绪《惠州府志》卷十七郡事,,惠州市等：归善、博罗、海丰、河源、龙川大饥，博罗斗米至八九钱，河源至五六钱，归善有食人者。——光绪《惠州府志》卷十七郡事,
1648,广东,,新会,1648|广东|新会,清世祖顺治五年,无,新会县志,无,保留,"v3,v4,v6","v3,v4,v6",3,0.4286,是,,,,新会县：春三月，大饥，时斗米至钱四百，饿殍盈道，人有相食者。——康熙《新会县志》卷三事纪,新会县：春三月，大饥，时斗米至钱四百，饿殍盈道，人有相食者。——康熙《新会县志》卷三事纪,,新会县：春三月，大饥，时斗米至钱四百，饿殍盈道，人有相食者。——康熙《新会县志》卷三事纪,
1648,山东,,邹平,1648|山东|邹平,清世祖顺治五年,无,新修齐东县志,无,保留,"v3,v4,v6","v3,v4,v6",3,0.4286,是,,,,邹平县：大饥，人相食。——康熙《新修齐东县志》卷一灾祥,邹平县：大饥，人相食。——康熙《新修齐东县志》卷一灾祥,,邹平县：大饥，人相食。——康熙《新修齐东县志》卷一灾祥,
1648,山东,,恒台,1648|山东|恒台,清世祖顺治五年,新城,新城县志,无,保留,"v3,v4,v6","v3,v4,v6",3,0.4286,是,,,,恒台县：新城大旱，人相食。——康熙《新城县志》卷十灾祥,恒台县：新城大旱，人相食。——康熙《新城县志》卷十灾祥,,恒台县：新城大旱，人相食。——康熙《新城县志》卷十灾祥,
1648,广东,,宝安,1648|广东|宝安,清世祖顺治五年,新安,新安县志,无,保留,"v3,v4,v6","v3,v4,v6",3,0.4286,是,,,,宝安县：岁大饥，每米一斗价银一两二钱，人多食荔核、海苔、野菜等物，间有割尸充腹，男女妻妾者，斗米易一人。又值大疫，盗贼同时而发，民之死亡过半，有一乡而无一人存者。——康熙《新安县志》卷十一灾异,宝安县：岁大饥，每米一斗价银一两二钱，人多食荔核、海苔、野菜等物，间有割尸充腹，男女妻妾者，斗米易一人。又值大疫，盗贼同时而发，民之死亡过半，有一乡而无一人存者。——康熙《新安县志》卷十一灾异,,宝安县：岁大饥，每米一斗价银一两二钱，人多食荔核、海苔、野菜等物，间有割尸充腹，男女妻妾者，斗米易一人。又值大疫，盗贼同时而发，民之死亡过半，有一乡而无一人存者。——康熙《新安县志》卷十一灾异,
1648,云南,,嵩明,1648|云南|嵩明,清世祖顺治五年,无,清史稿,无,需进一步分析,"v3,v6","v3,v6",2,0.3333,否,"同类 record 存在于 v1,v2,v3,v4,v5,v6；本条仅存在于 v3,v6；占比 33.3%",,,鹤庆县、嵩明县：顺治五年（1648）春，广州、鹤庆（大理，洱海之北）嵩明（昆明市东北）大饥，人相食。,,,鹤庆县、嵩明县：顺治五年（1648）春，广州、鹤庆（大理，洱海之北）嵩明（昆明市东北）大饥，人相食。,
1648,云南,,鹤庆,1648|云南|鹤庆,清世祖顺治五年,无,清史稿,无,需进一步分析,"v3,v6","v3,v6",2,0.3333,否,"同类 record 存在于 v1,v2,v3,v4,v5,v6；本条仅存在于 v3,v6；占比 33.3%",,,鹤庆县、嵩明县：顺治五年（1648）春，广州、鹤庆（大理，洱海之北）嵩明（昆明市东北）大饥，人相食。,,,鹤庆县、嵩明县：顺治五年（1648）春，广州、鹤庆（大理，洱海之北）嵩明（昆明市东北）大饥，人相食。,
1648,云南,,嵩明县,1648|云南|嵩明,清世祖顺治五年,无,清史稿,无,保留,v4,v4,1,0.1429,是,,,,,鹤庆县、嵩明县：顺治五年（1648）春，广州、鹤庆（大理，洱海之北）嵩明（昆明市东北）大饥，人相食。——《清史稿》卷四四《灾异志五》,,,
1648,云南,,鹤庆县,1648|云南|鹤庆,清世祖顺治五年,无,清史稿,无,保留,v4,v4,1,0.1429,是,,,,,鹤庆县、嵩明县：顺治五年（1648）春，广州、鹤庆（大理，洱海之北）嵩明（昆明市东北）大饥，人相食。——《清史稿》卷四四《灾异志五》,,,
1648,四川,,潼南,1648|四川|潼南,清世祖顺治五年,无,潼南县志,无,保留,"v3,v4,v6","v3,v4,v6",3,0.4286,是,,,,潼南县：六月，大饥，人相食。——民国《潼南县志》卷六祥异,潼南县：六月，大饥，人相食。——民国《潼南县志》卷六祥异,,潼南县：六月，大饥，人相食。——民国《潼南县志》卷六祥异,
1648,广西,,灵山,1648|广西|灵山,清世祖顺治五年,无,灵山县志,无,保留,"v3,v4,v6","v3,v4,v6",3,0.4286,是,,,,灵山县：米价腾涌，斗米七钱，民有易子而食者，公（佟养甲）捐俸赈恤。——雍正《灵山县志》卷九名宦,灵山县：米价腾涌，斗米七钱，民有易子而食者，公（佟养甲）捐俸赈恤。——雍正《灵山县志》卷九名宦,,灵山县：米价腾涌，斗米七钱，民有易子而食者，公（佟养甲）捐俸赈恤。——雍正《灵山县志》卷九名宦,
1648,四川,,绵竹,1648|四川|绵竹,清世祖顺治五年,无,绵竹县志,无,保留,"v3,v4,v6","v3,v4,v6",3,0.4286,是,,,,戊子及己丑全蜀大饥，人民相食，逃亡几尽。——康熙《绵竹县志》卷一祥异,戊子及己丑全蜀大饥，人民相食，逃亡几尽。——康熙《绵竹县志》卷一祥异,,戊子及己丑全蜀大饥，人民相食，逃亡几尽。——康熙《绵竹县志》卷一祥异,
1648,四川,,遂宁,1648|四川|遂宁,清世祖顺治五年,无,重修四川通志遂宁采访录,无,保留,"v3,v4,v6","v3,v4,v6",3,0.4286,是,,,,遂宁县：六月，大饥，人相食。——民国《重修四川通志遂宁采访录》杂纪,遂宁县：六月，大饥，人相食。——民国《重修四川通志遂宁采访录》杂纪,,遂宁县：六月，大饥，人相食。——民国《重修四川通志遂宁采访录》杂纪,
1648,四川,,成都,1648|四川|成都,清世祖顺治五年,无,重修成都县志,无,保留,"v3,v4,v6","v3,v4,v6",3,0.4286,是,,,,成都市：大饥，人相食，虎豹形如魁魅，逾雉堞遍谯而下，白昼入城食人。初，丙戌、丁亥，四川以流贼兵起，民间耕种失时，连岁涝饥。至戊子、已丑，荒旱交迫，赤地干里，粟米一斗价金二十两，养麦一斗价七八两，久之，市中并元有枭者。——同治《重修成都县志》卷十六杂类,成都市：大饥，人相食，虎豹形如魁魅，逾雉堞遍谯而下，白昼入城食人。初，丙戌、丁亥，四川以流贼兵起，民间耕种失时，连岁涝饥。至戊子、已丑，荒旱交迫，赤地干里，粟米一斗价金二十两，养麦一斗价七八两，久之，市中并元有枭者。——同治《重修成都县志》卷十六杂类,,成都市：大饥，人相食，虎豹形如魁魅，逾雉堞遍谯而下，白昼入城食人。初，丙戌、丁亥，四川以流贼兵起，民间耕种失时，连岁涝饥。至戊子、已丑，荒旱交迫，赤地干里，粟米一斗价金二十两，养麦一斗价七八两，久之，市中并元有枭者。——同治《重修成都县志》卷十六杂类,
1648,山东,,高青,1648|山东|高青,清世祖顺治五年,高苑,高苑县续志,无,保留,"v3,v4,v6","v3,v4,v6",3,0.4286,是,,,,高青县：高苑大旱饥，道死人，人相食。——康熙《高苑县续志》卷十祥灾,高青县：高苑大旱饥，道死人，人相食。——康熙《高苑县续志》卷十祥灾,,高青县：高苑大旱饥，道死人，人相食。——康熙《高苑县续志》卷十祥灾,
1649,四川,,彭水县,1649|四川|彭水,清世祖顺治六年,无,《彭水县志》,无,保留,"v1,v2,v3,v4,v5,v6,v7","v1,v2,v3,v4,v5,v6,v7",7,1.0,是,,彭水县：戊子、己丑大饥疫，人相食，斗米银八两，六畜皆死。——光绪《彭水县志》卷四祥异,彭水县：戊子、己丑大饥疫，人相食，斗米银八两，六畜皆死。——光绪《彭水县志》卷四祥异,彭水县：戊子、己丑大饥疫，人相食，斗米银八两，六畜皆死。——光绪《彭水县志》卷四祥异,彭水县：戊子、己丑大饥疫，人相食，斗米银八两，六畜皆死。——光绪《彭水县志》卷四祥异,彭水县：戊子、己丑大饥疫，人相食，斗米银八两，六畜皆死。——光绪《彭水县志》卷四祥异,彭水县：戊子、己丑大饥疫，人相食，斗米银八两，六畜皆死。——光绪《彭水县志》卷四祥异,彭水县：戊子、己丑大饥疫，人相食，斗米银八两，六畜皆死。——光绪《彭水县志》卷四祥异
1649,四川,,北川县,1649|四川|北川,清世祖顺治六年,无,《石泉县志》,无,保留,"v1,v2,v3,v4,v5,v6,v7","v1,v2,v3,v4,v5,v6,v7",7,1.0,是,,北川县：大饥，市无米，多持金饿死，人相食。——乾隆《石泉县志》卷四禨祥,北川县：大饥，市无米，多持金饿死，人相食。——乾隆《石泉县志》卷四禨祥,北川县：大饥，市无米，多持金饿死，人相食。——乾隆《石泉县志》卷四禨祥,北川县：大饥，市无米，多持金饿死，人相食。——乾隆《石泉县志》卷四禨祥,北川县：大饥，市无米，多持金饿死，人相食。——乾隆《石泉县志》卷四禨祥,北川县：大饥，市无米，多持金饿死，人相食。——乾隆《石泉县志》卷四禨祥,北川县：大饥，市无米，多持金饿死，人相食。——乾隆《石泉县志》卷四禨祥
1650,湖南,,黔阳县,1650|湖南|黔阳,清世祖顺治七年,无,《黔阳县志》,无,保留,v3,v3,1,0.1429,是,,,,湖南：黔阳县：庚寅、辛卯年连值奇荒，斗米银三两，民间初食草实、槐叶、树皮，继人相食，民几尽。——康熙《黔阳县志》卷一灾异,,,,
1650,湖南,,黔阳县,1650|湖南|黔阳,清世祖顺治七年,无,《黔阳县志》,无,保留,"v2,v4,v5,v6,v7","v2,v4,v5,v6,v7",5,0.7143,是,,,黔阳县：庚寅、辛卯年连值奇荒，斗米银三两，民间初食草实、槐叶、树皮，继人相食，民几尽。——康熙《黔阳县志》卷一灾异,,黔阳县：庚寅、辛卯年连值奇荒，斗米银三两，民间初食草实、槐叶、树皮，继人相食，民几尽。——康熙《黔阳县志》卷一灾异,黔阳县：庚寅、辛卯年连值奇荒，斗米银三两，民间初食草实、槐叶、树皮，继人相食，民几尽。——康熙《黔阳县志》卷一灾异,黔阳县：庚寅、辛卯年连值奇荒，斗米银三两，民间初食草实、槐叶、树皮，继人相食，民几尽。——康熙《黔阳县志》卷一灾异,黔阳县：庚寅、辛卯年连值奇荒，斗米银三两，民间初食草实、槐叶、树皮，继人相食，民几尽。——康熙《黔阳县志》卷一灾异
1650,湖南,,黔阳县,1650|湖南|黔阳,清世祖顺治七年,无,康熙《黔阳县志》,无,需进一步分析,v1,v1,1,0.1429,否,"同类 record 存在于 v1,v2,v3,v4,v5,v6,v7；本条仅存在于 v1；占比 14.3%",黔阳县：庚寅、辛卯年连值奇荒，斗米银三两，民间初食草实、槐叶、树皮，继人相食，民几尽。——康熙《黔阳县志》卷一灾异,,,,,,
1651,山东,,东阿,1651|山东|东阿,清世祖顺治八年,无,《山东通志》,无,需校验地区信息,v2,v2,1,0.1429,是,同年同省同来源同 record，但地区名存在近似异写或明显异体，需校验地区信息,,山东：济南、济宁、郯城、费县、泰安、肥城、曲阜、东阿、阳谷、寿张食人，饿殍遍野——康熙《山东通志》卷六十一灾异,,,,,
1651,山东,,寿张,1651|山东|寿张,清世祖顺治八年,无,《山东通志》,无,需校验地区信息,v2,v2,1,0.1429,是,同年同省同来源同 record，但地区名存在近似异写或明显异体，需校验地区信息,,山东：济南、济宁、郯城、费县、泰安、肥城、曲阜、东阿、阳谷、寿张食人，饿殍遍野——康熙《山东通志》卷六十一灾异,,,,,
1651,山东,,曲阜,1651|山东|曲阜,清世祖顺治八年,无,《山东通志》,无,需校验地区信息,v2,v2,1,0.1429,是,同年同省同来源同 record，但地区名存在近似异写或明显异体，需校验地区信息,,山东：济南、济宁、郯城、费县、泰安、肥城、曲阜、东阿、阳谷、寿张食人，饿殍遍野——康熙《山东通志》卷六十一灾异,,,,,
1651,山东,,泰安,1651|山东|泰安,清世祖顺治八年,无,《山东通志》,无,需校验地区信息,v2,v2,1,0.1429,是,同年同省同来源同 record，但地区名存在近似异写或明显异体，需校验地区信息,,山东：济南、济宁、郯城、费县、泰安、肥城、曲阜、东阿、阳谷、寿张食人，饿殍遍野——康熙《山东通志》卷六十一灾异,,,,,
1651,山东,,济南,1651|山东|济南,清世祖顺治八年,无,《山东通志》,无,需校验地区信息,v2,v2,1,0.1429,是,同年同省同来源同 record，但地区名存在近似异写或明显异体，需校验地区信息,,山东：济南、济宁、郯城、费县、泰安、肥城、曲阜、东阿、阳谷、寿张食人，饿殍遍野——康熙《山东通志》卷六十一灾异,,,,,
1651,山东,,济宁,1651|山东|济宁,清世祖顺治八年,无,《山东通志》,无,需校验地区信息,v2,v2,1,0.1429,是,同年同省同来源同 record，但地区名存在近似异写或明显异体，需校验地区信息,,山东：济南、济宁、郯城、费县、泰安、肥城、曲阜、东阿、阳谷、寿张食人，饿殍遍野——康熙《山东通志》卷六十一灾异,,,,,
1651,山东,,肥城,1651|山东|肥城,清世祖顺治八年,无,《山东通志》,无,需校验地区信息,v2,v2,1,0.1429,是,同年同省同来源同 record，但地区名存在近似异写或明显异体，需校验地区信息,,山东：济南、济宁、郯城、费县、泰安、肥城、曲阜、东阿、阳谷、寿张食人，饿殍遍野——康熙《山东通志》卷六十一灾异,,,,,
1651,山东,,费县,1651|山东|费,清世祖顺治八年,无,《山东通志》,无,需校验地区信息,v2,v2,1,0.1429,是,同年同省同来源同 record，但地区名存在近似异写或明显异体，需校验地区信息,,山东：济南、济宁、郯城、费县、泰安、肥城、曲阜、东阿、阳谷、寿张食人，饿殍遍野——康熙《山东通志》卷六十一灾异,,,,,
1651,山东,,郯城,1651|山东|郯城,清世祖顺治八年,无,《山东通志》,无,需校验地区信息,v2,v2,1,0.1429,是,同年同省同来源同 record，但地区名存在近似异写或明显异体，需校验地区信息,,山东：济南、济宁、郯城、费县、泰安、肥城、曲阜、东阿、阳谷、寿张食人，饿殍遍野——康熙《山东通志》卷六十一灾异,,,,,
1651,山东,,阳谷,1651|山东|阳谷,清世祖顺治八年,无,《山东通志》,无,需校验地区信息,v2,v2,1,0.1429,是,同年同省同来源同 record，但地区名存在近似异写或明显异体，需校验地区信息,,山东：济南、济宁、郯城、费县、泰安、肥城、曲阜、东阿、阳谷、寿张食人，饿殍遍野——康熙《山东通志》卷六十一灾异,,,,,
1651,辽宁,,,1651|辽宁,清世祖顺治八年,无,《清世祖实录》,无,保留,v1,v1,1,0.1429,是,,1651年，清世祖顺治八年，春，正月，辽东：民饥，人相食。——《清世祖实录》卷二十七,,,,,,
1651,山东,,济南府,1651|山东|济南府,清世祖顺治八年,无,中国气象灾害大典·山东卷,无,保留,v7,v7,1,0.1429,是,,,,,,,,济南府，大饥，人相食。（中国气象灾害大典·山东卷，92页）
1651,河南,,临汝,1651|河南|临汝,清世祖顺治八年,无,清史稿,无,需校验地区信息,v6,v6,1,1.0,是,同年同省同来源同 record，但地区名存在近似异写或明显异体，需校验地区信息,,,,,,河南阌乡、灵宝、汜水、洛阳、偃师、临汝、孟县、安阳等处大饥，人相食,
1651,河南,,偃师,1651|河南|偃师,清世祖顺治八年,无,清史稿,无,需校验地区信息,v6,v6,1,1.0,是,同年同省同来源同 record，但地区名存在近似异写或明显异体，需校验地区信息,,,,,,河南阌乡、灵宝、汜水、洛阳、偃师、临汝、孟县、安阳等处大饥，人相食,
1651,江西,,南昌,1651|江西|南昌,清世祖顺治八年,无,清史稿,无,需校验地区信息,v6,v6,1,1.0,是,同年同省同来源同 record，但地区名存在近似异写或明显异体，需校验地区信息,,,,,,江西抚州、广信、南昌、赣州等处大饥，人相食,
1651,河南,,孟县,1651|河南|孟,清世祖顺治八年,无,清史稿,无,需校验地区信息,v6,v6,1,1.0,是,同年同省同来源同 record，但地区名存在近似异写或明显异体，需校验地区信息,,,,,,河南阌乡、灵宝、汜水、洛阳、偃师、临汝、孟县、安阳等处大饥，人相食,
1651,河南,,安阳,1651|河南|安阳,清世祖顺治八年,无,清史稿,无,需校验地区信息,v6,v6,1,1.0,是,同年同省同来源同 record，但地区名存在近似异写或明显异体，需校验地区信息,,,,,,河南阌乡、灵宝、汜水、洛阳、偃师、临汝、孟县、安阳等处大饥，人相食,
1651,江西,,广信,1651|江西|广信,清世祖顺治八年,无,清史稿,无,需校验地区信息,v6,v6,1,1.0,是,同年同省同来源同 record，但地区名存在近似异写或明显异体，需校验地区信息,,,,,,江西抚州、广信、南昌、赣州等处大饥，人相食,
1651,江西,,抚州,1651|江西|抚,清世祖顺治八年,无,清史稿,无,需校验地区信息,v6,v6,1,1.0,是,同年同省同来源同 record，但地区名存在近似异写或明显异体，需校验地区信息,,,,,,江西抚州、广信、南昌、赣州等处大饥，人相食,
1651,河南,,汜水,1651|河南|汜水,清世祖顺治八年,无,清史稿,无,需校验地区信息,v6,v6,1,1.0,是,同年同省同来源同 record，但地区名存在近似异写或明显异体，需校验地区信息,,,,,,河南阌乡、灵宝、汜水、洛阳、偃师、临汝、孟县、安阳等处大饥，人相食,
1651,河南,,洛阳,1651|河南|洛阳,清世祖顺治八年,无,清史稿,无,需校验地区信息,v6,v6,1,1.0,是,同年同省同来源同 record，但地区名存在近似异写或明显异体，需校验地区信息,,,,,,河南阌乡、灵宝、汜水、洛阳、偃师、临汝、孟县、安阳等处大饥，人相食,
1651,河南,,灵宝,1651|河南|灵宝,清世祖顺治八年,无,清史稿,无,需校验地区信息,v6,v6,1,1.0,是,同年同省同来源同 record，但地区名存在近似异写或明显异体，需校验地区信息,,,,,,河南阌乡、灵宝、汜水、洛阳、偃师、临汝、孟县、安阳等处大饥，人相食,
1651,江西,,赣州,1651|江西|赣,清世祖顺治八年,无,清史稿,无,需校验地区信息,v6,v6,1,1.0,是,同年同省同来源同 record，但地区名存在近似异写或明显异体，需校验地区信息,,,,,,江西抚州、广信、南昌、赣州等处大饥，人相食,
1651,河南,,阌乡,1651|河南|阌乡,清世祖顺治八年,无,清史稿,无,需校验地区信息,v6,v6,1,1.0,是,同年同省同来源同 record，但地区名存在近似异写或明显异体，需校验地区信息,,,,,,河南阌乡、灵宝、汜水、洛阳、偃师、临汝、孟县、安阳等处大饥，人相食,
1651,山东,,乐陵,1651|山东|乐陵,清世祖顺治八年,无,清史稿,无,保留,v6,v6,1,1.0,是,,,,,,,山东武定、济阳、茌平、章丘、乐陵人相食,
1651,山东,,武定,1651|山东|武定,清世祖顺治八年,无,清史稿,无,保留,v6,v6,1,1.0,是,,,,,,,山东武定、济阳、茌平、章丘、乐陵人相食,
1651,山东,,济阳,1651|山东|济阳,清世祖顺治八年,无,清史稿,无,保留,v6,v6,1,1.0,是,,,,,,,山东武定、济阳、茌平、章丘、乐陵人相食,
1651,山东,,章丘,1651|山东|章丘,清世祖顺治八年,无,清史稿,无,保留,v6,v6,1,1.0,是,,,,,,,山东武定、济阳、茌平、章丘、乐陵人相食,
1651,山东,,茌平,1651|山东|茌平,清世祖顺治八年,无,清史稿,无,保留,v6,v6,1,1.0,是,,,,,,,山东武定、济阳、茌平、章丘、乐陵人相食,
1651,山西,,临汾,1651|山西|临汾,清世祖顺治八年,无,清史稿,无,需校验地区信息,v6,v6,1,1.0,是,同年同省同来源同 record，但地区名存在近似异写或明显异体，需校验地区信息,,,,,,山西旱、盂县、太原、临汾、蒲州等处人相食,
1651,山西,,太原,1651|山西|太原,清世祖顺治八年,无,清史稿,无,需校验地区信息,v6,v6,1,1.0,是,同年同省同来源同 record，但地区名存在近似异写或明显异体，需校验地区信息,,,,,,山西旱、盂县、太原、临汾、蒲州等处人相食,
1651,山西,,盂县,1651|山西|盂,清世祖顺治八年,无,清史稿,无,需校验地区信息,v6,v6,1,1.0,是,同年同省同来源同 record，但地区名存在近似异写或明显异体，需校验地区信息,,,,,,山西旱、盂县、太原、临汾、蒲州等处人相食,
1651,山西,,蒲州,1651|山西|蒲,清世祖顺治八年,无,清史稿,无,需校验地区信息,v6,v6,1,1.0,是,同年同省同来源同 record，但地区名存在近似异写或明显异体，需校验地区信息,,,,,,山西旱、盂县、太原、临汾、蒲州等处人相食,
1651,河北,,大城,1651|河北|大城,清世祖顺治八年,无,清实录,无,保留,v5,v5,1,1.0,是,,,,,,直隶文安、大城二县，人相食。,,
1651,河北,,文安,1651|河北|文安,清世祖顺治八年,无,清实录,无,保留,v5,v5,1,1.0,是,,,,,,直隶文安、大城二县，人相食。,,
1653,山西,,宁武县,1653|山西|宁武,清世祖顺治十年,无,《宁武府志》,无,保留,"v1,v2,v3,v4,v5,v6,v7","v1,v2,v3,v4,v5,v6,v7",7,1.0,是,,山西宁武县等：大饥。偏关民妇范氏诱杀人而食之。——乾隆《宁武府志》卷十事考,宁武县等：大饥。偏关民妇范氏诱杀人而食之。——乾隆《宁武府志》卷十事考,山西：宁武县等：大饥。偏关民妇范氏诱杀人而食之。——乾隆《宁武府志》卷十事考,宁武县等：大饥。偏关民妇范氏诱杀人而食之。——乾隆《宁武府志》卷十事考,山西：宁武县等：大饥。偏关民妇范氏诱杀人而食之。——乾隆《宁武府志》卷十事考,宁武县等：大饥。偏关民妇范氏诱杀人而食之。——乾隆《宁武府志》卷十事考,山西：宁武县等：大饥。偏关民妇范氏诱杀人而食之。——乾隆《宁武府志》卷十事考
1653,湖南,,溆浦县,1653|湖南|溆浦,清世祖顺治十年,无,《溆浦县志》,无,需进一步分析,v2,v2,1,0.1429,否,"同类 record 存在于 v1,v2,v3,v4,v5,v6,v7；本条仅存在于 v2；占比 14.3%",,溆浦县：大饥，人相食,,,,,
1653,湖南,,溆浦县,1653|湖南|溆浦,清世祖顺治十年,无,《溆浦县志》,无,保留,"v1,v4,v5,v6,v7","v1,v4,v5,v6,v7",5,0.7143,是,,湖南溆浦县：大饥，人相食。——乾隆《溆浦县志》卷九隰祥,,,溆浦县：大饥，人相食。——乾隆《溆浦县志》卷九隰祥,溆浦县：大饥，人相食。——乾隆《溆浦县志》卷九隰祥,溆浦县：大饥，人相食。——乾隆《溆浦县志》卷九隰祥,湖南溆浦县：大饥，人相食。——乾隆《溆浦县志》卷九隰祥
1653,湖南,,溆浦县,1653|湖南|溆浦,清世祖顺治十年,无,《溆浦县志》,无,保留,v3,v3,1,0.1429,是,,,,湖南：溆浦县：大饥，人相食。——乾隆《溆浦县志》卷九隰祥,,,,
1653,湖南,,沅陵县,1653|湖南|沅陵,清世祖顺治十年,无,《辰州府志》,无,保留,v3,v3,1,0.1429,是,,,,湖南：沅陵县：大旱，饥，人相食。——乾隆《辰州府志》卷六禨祥,,,,
1653,湖南,,沅陵县,1653|湖南|沅陵,清世祖顺治十年,无,《辰州府志》,无,需进一步分析,v2,v2,1,0.1429,否,"同类 record 存在于 v1,v2,v3,v4,v5,v6,v7；本条仅存在于 v2；占比 14.3%",,沅陵县：大旱，饥，人相食,,,,,
1653,湖南,,沅陵县,1653|湖南|沅陵,清世祖顺治十年,无,《辰州府志》,无,保留,"v1,v4,v5,v6,v7","v1,v4,v5,v6,v7",5,0.7143,是,,湖南沅陵县：大旱，饥，人相食。——乾隆《辰州府志》卷六禨祥,,,沅陵县：大旱，饥，人相食。——乾隆《辰州府志》卷六禨祥,沅陵县：大旱，饥，人相食。——乾隆《辰州府志》卷六禨祥,沅陵县：大旱，饥，人相食。——乾隆《辰州府志》卷六禨祥,湖南沅陵县：大旱，饥，人相食。——乾隆《辰州府志》卷六禨祥
1657,河北,,玉田县,1657|河北|玉田,清世祖顺治十四年,无,《玉田县志》,无,保留,v4,v4,1,0.1429,是,,,,,玉田县：大饥，人相食。——乾隆《玉田县志》,,,
1657,河北,,玉田县,1657|河北|玉田,清世祖顺治十四年,无,《玉田县志》,无,保留,v2,v2,1,0.1429,是,,,玉田县：大饥，人相食。——乾隆《玉田县志》卷十祥异,,,,,
1657,河北,,玉田县,1657|河北|玉田,清世祖顺治十四年,无,《玉田县志》,无,保留,"v1,v3","v1,v3",2,0.2857,是,,玉田县：大饥，人相食。——乾隆《玉田县志》卷十祥胥,,玉田县：大饥，人相食。——乾隆《玉田县志》卷十祥胥,,,,
1657,河北,,玉田县,1657|河北|玉田,清世祖顺治十四年,无,《玉田县志》,无,保留,"v5,v6,v7","v5,v6,v7",3,0.4286,是,,,,,,河北：玉田县：大饥，人相食。——乾隆《玉田县志》卷十祥胥,河北：玉田县：大饥，人相食。——乾隆《玉田县志》卷十祥胥,河北：玉田县：大饥，人相食。——乾隆《玉田县志》卷十祥胥
1664,陕西,,兴平县,1664|陕西|兴平,清圣祖康熙三年,无,《重纂兴平县志》,无,保留,"v1,v6","v1,v6",2,0.2857,是,,兴平县：关中大旱，人兽相食，死者枕藉于道路，义民积粟以赈里党，计口分给，赖以全活者无算。——民国《重纂兴平县志》卷七艺文,,,,,兴平县：关中大旱，人兽相食，死者枕藉于道路，义民积粟以赈里党，计口分给，赖以全活者无算。——民国《重纂兴平县志》卷七艺文,
1664,陕西,,兴平县,1664|陕西|兴平,清圣祖康熙三年,无,《重纂兴平县志》,无,保留,v2,v2,1,0.1429,是,,,陕西：兴平县：关中大旱，人兽相食，死者枕藉于道路，义民积粟以赈里党，计口分给，赖以全活者无算。——民国《重纂兴平县志》卷七艺文,,,,,
1667,河南,,安平县,1667|河南|安平,清圣祖康熙六年,无,《安平县志》,无,保留,"v1,v2,v3,v5,v7","v1,v2,v3,v5,v7",5,0.7143,是,,安平县：河南旱蝗，斗米二千钱，有父母食子女，子女食父母者。——道光《安平县志》卷四积贮,安平县：河南旱蝗，斗米二千钱，有父母食子女，子女食父母者。——道光《安平县志》卷四积贮,安平县：河南旱蝗，斗米二千钱，有父母食子女，子女食父母者。——道光《安平县志》卷四积贮,,安平县：河南旱蝗，斗米二千钱，有父母食子女，子女食父母者。——道光《安平县志》卷四积贮,,安平县：河南旱蝗，斗米二千钱，有父母食子女，子女食父母者。——道光《安平县志》卷四积贮
1667,河南,,新安县,1667|河南|新安,清圣祖康熙六年,无,《新安县志》,无,保留,"v1,v2,v3,v5,v7","v1,v2,v3,v5,v7",5,0.7143,是,,新安县：饥，人相食。——民国《新安县志》卷十五祥异,新安县：饥，人相食。——民国《新安县志》卷十五祥异,新安县：饥，人相食。——民国《新安县志》卷十五祥异,,新安县：饥，人相食。——民国《新安县志》卷十五祥异,,新安县：饥，人相食。——民国《新安县志》卷十五祥异
1667,河南,,安平县,1667|河南|安平,清圣祖康熙六年,无,安平县志,无,保留,"v4,v6","v4,v6",2,0.2857,是,,,,,安平县：河南旱蝗，斗米二千钱，有父母食子女，子女食父母者。——道光《安平县志》卷四积贮,,安平县：河南旱蝗，斗米二千钱，有父母食子女，子女食父母者。——道光《安平县志》卷四积贮,
1667,河南,,新安县,1667|河南|新安,清圣祖康熙六年,无,新安县志,无,保留,"v4,v6","v4,v6",2,0.2857,是,,,,,新安县：饥，人相食。——民国《新安县志》卷十五祥异,,新安县：饥，人相食。——民国《新安县志》卷十五祥异,
1671,安徽,,天长县,1671|安徽|天长,清圣祖康熙十年,无,《天长县志》,无,保留,"v1,v2,v3,v4,v5,v6,v7","v1,v2,v3,v4,v5,v6,v7",7,1.0,是,,安徽：天长县：赤旱，自三月不雨至九月，飞蝗蔽天。锉草做屑，榆皮铲尽，人民相食，子女尽鬻。——康熙《天长县志》卷一祥异附,安徽：天长县：赤旱，自三月不雨至九月，飞蝗蔽天。锉草做屑，榆皮铲尽，人民相食，子女尽鬻。——康熙《天长县志》卷一祥异附,安徽：天长县：赤旱，自三月不雨至九月，飞蝗蔽天。锉草做屑，榆皮铲尽，人民相食，子女尽鬻。——康熙《天长县志》卷一祥异附,安徽：天长县：赤旱，自三月不雨至九月，飞蝗蔽天。锉草做屑，榆皮铲尽，人民相食，子女尽鬻。——康熙《天长县志》卷一祥异附,安徽：天长县：赤旱，自三月不雨至九月，飞蝗蔽天。锉草做屑，榆皮铲尽，人民相食，子女尽鬻。——康熙《天长县志》卷一祥异附,安徽：天长县：赤旱，自三月不雨至九月，飞蝗蔽天。锉草做屑，榆皮铲尽，人民相食，子女尽鬻。——康熙《天长县志》卷一祥异附,安徽：天长县：赤旱，自三月不雨至九月，飞蝗蔽天。锉草做屑，榆皮铲尽，人民相食，子女尽鬻。——康熙《天长县志》卷一祥异附
1679,安徽,,天长县,1679|安徽|天长,清圣祖康熙十八年,无,《天长县纂辑志稿》,无,保留,"v2,v3","v2,v3",2,0.2857,是,,,安徽：天长县：大旱，湖水皆涸。民大饥，人相食。——同治《天长县纂辑志稿》祥异,安徽：天长县：大旱，湖水皆涸。民大饥，人相食。——同治《天长县纂辑志稿》祥异,,,,
1679,安徽,,天长,1679|安徽|天长,清圣祖康熙十八年,无,《天长县纂辑志稿》,无,保留,"v1,v4,v5,v6,v7","v1,v4,v5,v6,v7",5,0.7143,是,,天长县：大旱，湖水皆涸。民大饥，人相食。——同治《天长县纂辑志稿》祥异,,,天长县：大旱，湖水皆涸。民大饥，人相食。——同治《天长县纂辑志稿》祥异,天长县：大旱，湖水皆涸。民大饥，人相食。——同治《天长县纂辑志稿》祥异,天长县：大旱，湖水皆涸。民大饥，人相食。——同治《天长县纂辑志稿》祥异,天长县：大旱，湖水皆涸。民大饥，人相食。——同治《天长县纂辑志稿》祥异
1679,安徽,,霍丘县,1679|安徽|霍丘,清圣祖康熙十八年,无,《霍邱县志》,无,保留,"v2,v3","v2,v3",2,0.2857,是,,,安徽：霍丘县：大饥，路多饥殍，人民相食。奉旨赈济。——乾隆《霍邱县志》卷十二灾祥,安徽：霍丘县：大饥，路多饥殍，人民相食。奉旨赈济。——乾隆《霍邱县志》卷十二灾祥,,,,
1679,安徽,,霍丘,1679|安徽|霍丘,清圣祖康熙十八年,无,《霍邱县志》,无,保留,"v1,v4,v5,v6,v7","v1,v4,v5,v6,v7",5,0.7143,是,,霍丘县：大饥，路多饥殍，人民相食。奉旨赈济。——乾隆《霍邱县志》卷十二灾祥,,,霍丘县：大饥，路多饥殍，人民相食。奉旨赈济。——乾隆《霍邱县志》卷十二灾祥,霍丘县：大饥，路多饥殍，人民相食。奉旨赈济。——乾隆《霍邱县志》卷十二灾祥,霍丘县：大饥，路多饥殍，人民相食。奉旨赈济。——乾隆《霍邱县志》卷十二灾祥,霍丘县：大饥，路多饥殍，人民相食。奉旨赈济。——乾隆《霍邱县志》卷十二灾祥
1679,山东,,青城,1679|山东|青城,清圣祖康熙十八年,无,《青城县志》,无,保留,"v1,v4,v5,v6,v7","v1,v4,v5,v6,v7",5,0.7143,是,,高青县：青城终年不雨，大饥，人相食。——乾隆《青城县志》卷十祥异,,,高青县：青城终年不雨，大饥，人相食。——乾隆《青城县志》卷十祥异,高青县：青城终年不雨，大饥，人相食。——乾隆《青城县志》卷十祥异,高青县：青城终年不雨，大饥，人相食。——乾隆《青城县志》卷十祥异,高青县：青城终年不雨，大饥，人相食。——乾隆《青城县志》卷十祥异
1679,山东,,高青县,1679|山东|高青,清圣祖康熙十八年,青城,《青城县志》,无,保留,"v2,v3","v2,v3",2,0.2857,是,,,山东：高青县：青城终年不雨，大饥，人相食。——乾隆《青城县志》卷十祥异,山东：高青县：青城终年不雨，大饥，人相食。——乾隆《青城县志》卷十祥异,,,,
1691,陕西,,兴平县,1691|陕西|兴平,清圣祖康熙三十年,无,《兴平县志》,无,保留,"v2,v5","v2,v5",2,0.2857,是,,,兴平县：大旱，人相食。——乾隆四十四年《兴平县志》卷十八传,,,兴平县：大旱，人相食。——乾隆四十四年《兴平县志》卷十八传,,
1691,陕西,,兴平县,1691|陕西|兴平,清圣祖康熙三十年,无,《兴平县志》,无,保留,"v3,v6","v3,v6",2,0.2857,是,,,,陕西：兴平县：大旱，人相食。——乾隆四十四年《兴平县志》卷十八传,,,陕西：兴平县：大旱，人相食。——乾隆四十四年《兴平县志》卷十八传,
1691,陕西,,兴平县,1691|陕西|兴平,清圣祖康熙三十年,无,兴平县志,无,保留,v7,v7,1,0.1429,是,,,,,,,,兴平县：大旱，人相食。——乾隆四十四年《兴平县志》卷十八传
1691,陕西,,兴平县,1691|陕西|兴平,清圣祖康熙三十年,无,兴平县志,无,保留,v4,v4,1,0.1429,是,,,,,陕西：兴平县：大旱，人相食。——乾隆四十四年《兴平县志》卷十八传,,,
1692,甘肃,,武威,1692|甘肃|武威,清圣祖康熙三十一年,无,《武威县志》,无,保留,"v2,v3","v2,v3",2,0.2857,是,,,甘肃：武威市：岁歉，人相食。——乾隆《武威县志》卷二十五祥异,甘肃：武威市：岁歉，人相食。——乾隆《武威县志》卷二十五祥异,,,,
1692,甘肃,武威市,武威,1692|甘肃|武威|武威,清圣祖康熙三十一年,无,武威县志,无,保留,"v4,v5,v6,v7","v4,v5,v6,v7",4,0.5714,是,,,,,甘肃：武威市：岁歉，人相食。——乾隆《武威县志》卷二十五祥异,甘肃：武威市：岁歉，人相食。——乾隆《武威县志》卷二十五祥异,甘肃：武威市：岁歉，人相食。——乾隆《武威县志》卷二十五祥异,甘肃：武威市：岁歉，人相食。——乾隆《武威县志》卷二十五祥异
1693,江苏,徐州,丰县,1693|江苏|徐|丰,清圣祖康熙三十二年,无,《徐州志》,无,需校验地区信息,"v1,v3,v4,v5,v6,v7","v1,v3,v4,v5,v6,v7",6,0.8571,是,同年同省同来源同 record，但地区名存在近似异写或明显异体，需校验地区信息,徐州市等：春，徐、萧、丰、沛俱大饥，人相食，命侍郎吴鹏赈恤。——康熙《徐州志》卷二祥异,,徐州市等：春，徐、萧、丰、沛俱大饥，人相食，命侍郎吴鹏赈恤。——康熙《徐州志》卷二祥异,徐州市等：春，徐、萧、丰、沛俱大饥，人相食，命侍郎吴鹏赈恤。——康熙《徐州志》卷二祥异,徐州市等：春，徐、萧、丰、沛俱大饥，人相食，命侍郎吴鹏赈恤。——康熙《徐州志》卷二祥异,徐州市等：春，徐、萧、丰、沛俱大饥，人相食，命侍郎吴鹏赈恤。——康熙《徐州志》卷二祥异,徐州市等：春，徐、萧、丰、沛俱大饥，人相食，命侍郎吴鹏赈恤。——康熙《徐州志》卷二祥异
1693,江苏,,徐,1693|江苏|徐,清圣祖康熙三十二年,无,《徐州志》,无,需校验地区信息,"v3,v4,v5,v6,v7","v3,v4,v5,v6,v7",5,0.7143,是,同年同省同来源同 record，但地区名存在近似异写或明显异体，需校验地区信息,,,徐州市等：春，徐、萧、丰、沛俱大饥，人相食，命侍郎吴鹏赈恤。——康熙《徐州志》卷二祥异,徐州市等：春，徐、萧、丰、沛俱大饥，人相食，命侍郎吴鹏赈恤。——康熙《徐州志》卷二祥异,徐州市等：春，徐、萧、丰、沛俱大饥，人相食，命侍郎吴鹏赈恤。——康熙《徐州志》卷二祥异,徐州市等：春，徐、萧、丰、沛俱大饥，人相食，命侍郎吴鹏赈恤。——康熙《徐州志》卷二祥异,徐州市等：春，徐、萧、丰、沛俱大饥，人相食，命侍郎吴鹏赈恤。——康熙《徐州志》卷二祥异
1693,江苏,徐州,沛县,1693|江苏|徐|沛,清圣祖康熙三十二年,无,《徐州志》,无,需校验地区信息,"v1,v3,v4,v5,v6,v7","v1,v3,v4,v5,v6,v7",6,0.8571,是,同年同省同来源同 record，但地区名存在近似异写或明显异体，需校验地区信息,徐州市等：春，徐、萧、丰、沛俱大饥，人相食，命侍郎吴鹏赈恤。——康熙《徐州志》卷二祥异,,徐州市等：春，徐、萧、丰、沛俱大饥，人相食，命侍郎吴鹏赈恤。——康熙《徐州志》卷二祥异,徐州市等：春，徐、萧、丰、沛俱大饥，人相食，命侍郎吴鹏赈恤。——康熙《徐州志》卷二祥异,徐州市等：春，徐、萧、丰、沛俱大饥，人相食，命侍郎吴鹏赈恤。——康熙《徐州志》卷二祥异,徐州市等：春，徐、萧、丰、沛俱大饥，人相食，命侍郎吴鹏赈恤。——康熙《徐州志》卷二祥异,徐州市等：春，徐、萧、丰、沛俱大饥，人相食，命侍郎吴鹏赈恤。——康熙《徐州志》卷二祥异
1693,江苏,徐州,萧县,1693|江苏|徐|萧,清圣祖康熙三十二年,无,《徐州志》,无,需校验地区信息,"v1,v3,v4,v5,v6,v7","v1,v3,v4,v5,v6,v7",6,0.8571,是,同年同省同来源同 record，但地区名存在近似异写或明显异体，需校验地区信息,徐州市等：春，徐、萧、丰、沛俱大饥，人相食，命侍郎吴鹏赈恤。——康熙《徐州志》卷二祥异,,徐州市等：春，徐、萧、丰、沛俱大饥，人相食，命侍郎吴鹏赈恤。——康熙《徐州志》卷二祥异,徐州市等：春，徐、萧、丰、沛俱大饥，人相食，命侍郎吴鹏赈恤。——康熙《徐州志》卷二祥异,徐州市等：春，徐、萧、丰、沛俱大饥，人相食，命侍郎吴鹏赈恤。——康熙《徐州志》卷二祥异,徐州市等：春，徐、萧、丰、沛俱大饥，人相食，命侍郎吴鹏赈恤。——康熙《徐州志》卷二祥异,徐州市等：春，徐、萧、丰、沛俱大饥，人相食，命侍郎吴鹏赈恤。——康熙《徐州志》卷二祥异
1693,江苏,徐州,铜山,1693|江苏|徐|铜山,清圣祖康熙三十二年,无,《徐州志》,无,需校验地区信息,v1,v1,1,0.1429,是,同年同省同来源同 record，但地区名存在近似异写或明显异体，需校验地区信息,徐州市等：春，徐、萧、丰、沛俱大饥，人相食，命侍郎吴鹏赈恤。——康熙《徐州志》卷二祥异,,,,,,
1693,江苏,徐州市,丰,1693|江苏|徐|丰,清圣祖康熙三十二年,无,《徐州志》,无,需校验地区信息,v2,v2,1,0.1429,是,同年同省同来源同 record，但地区名存在近似异写或明显异体，需校验地区信息,,江苏：徐州市等：春，徐、萧、丰、沛俱大饥，人相食，命侍郎吴鹏赈恤。——康熙《徐州志》卷二祥异,,,,,
1693,江苏,徐州市,徐,1693|江苏|徐|徐,清圣祖康熙三十二年,无,《徐州志》,无,需校验地区信息,v2,v2,1,0.1429,是,同年同省同来源同 record，但地区名存在近似异写或明显异体，需校验地区信息,,江苏：徐州市等：春，徐、萧、丰、沛俱大饥，人相食，命侍郎吴鹏赈恤。——康熙《徐州志》卷二祥异,,,,,
1693,江苏,徐州市,沛,1693|江苏|徐|沛,清圣祖康熙三十二年,无,《徐州志》,无,需校验地区信息,v2,v2,1,0.1429,是,同年同省同来源同 record，但地区名存在近似异写或明显异体，需校验地区信息,,江苏：徐州市等：春，徐、萧、丰、沛俱大饥，人相食，命侍郎吴鹏赈恤。——康熙《徐州志》卷二祥异,,,,,
1693,江苏,徐州市,萧,1693|江苏|徐|萧,清圣祖康熙三十二年,无,《徐州志》,无,需校验地区信息,v2,v2,1,0.1429,是,同年同省同来源同 record，但地区名存在近似异写或明显异体，需校验地区信息,,江苏：徐州市等：春，徐、萧、丰、沛俱大饥，人相食，命侍郎吴鹏赈恤。——康熙《徐州志》卷二祥异,,,,,
1697,河北,,临县,1697|河北|临,清圣祖康熙三十六年,无,《临县志》,无,保留,v6,v6,1,0.1429,是,,,,,,,河北：临县：大旱，斗米七钱余。民饥相食，南城外掘男女坑，日填饿殍。时瘟疫大作，虎狼啖人。——民国《临县志》卷三大事,
1697,河北,,临县,1697|河北|临,清圣祖康熙三十六年,无,《临县志》,无,保留,v4,v4,1,0.1429,是,,,,,河北：临县：大旱，斗米七钱余。民饥相食，南城外掘男女坑，日填饿殍。时瘟疫大作，虎狼啮人。——民国《临县志》卷三大事,,,
1697,河北,,临县,1697|河北|临,清圣祖康熙三十六年,无,《临县志》,无,保留,"v1,v2","v1,v2",2,0.2857,是,,临县：大旱，斗米七钱余。民饥相食，南城外掘男女坑，日填饿殍。时瘟疫大作，虎狼啖人。——民国《临县志》卷三大事,临县：大旱，斗米七钱余。民饥相食，南城外掘男女坑，日填饿殍。时瘟疫大作，虎狼啖人。——民国《临县志》卷三大事,,,,,
1697,河北,,临县,1697|河北|临,清圣祖康熙三十六年,无,《临县志》,原文标注为河北，但临县现属山西省吕梁市，存在地名不确定性,保留,v3,v3,1,0.1429,是,,,,临县：大旱，斗米七钱余。民饥相食，南城外掘男女坑，日填饿殍。时瘟疫大作，虎狼啮人。——民国《临县志》,,,,
1697,河北,,临县,1697|河北|临,清圣祖康熙三十六年,无,《临县志》,无,保留,"v5,v7","v5,v7",2,0.2857,是,,,,,,临县：大旱，斗米七钱余。民饥相食，南城外掘男女坑，日填饿殍。时瘟疫大作，虎狼啮人。——民国《临县志》卷三大事,,临县：大旱，斗米七钱余。民饥相食，南城外掘男女坑，日填饿殍。时瘟疫大作，虎狼啮人。——民国《临县志》卷三大事
1698,山西,,昔阳县,1698|山西|昔阳,清圣祖康熙三十七年,乐平县,《乐平县志》,无,保留,"v1,v2,v3,v4,v5,v6,v7","v1,v2,v3,v4,v5,v6,v7",7,1.0,是,,昔阳县：春大饥，人相食。蠲免二年地丁钱粮，仍拨谷赈济。——乾隆《乐平县志》卷二祥异,昔阳县：春大饥，人相食。蠲免二年地丁钱粮，仍拨谷赈济。——乾隆《乐平县志》卷二祥异,昔阳县：春大饥，人相食。蠲免二年地丁钱粮，仍拨谷赈济。——乾隆《乐平县志》卷二祥异,昔阳县：春大饥，人相食。蠲免二年地丁钱粮，仍拨谷赈济。——乾隆《乐平县志》卷二祥异,昔阳县：春大饥，人相食。蠲免二年地丁钱粮，仍拨谷赈济。——乾隆《乐平县志》卷二祥异,昔阳县：春大饥，人相食。蠲免二年地丁钱粮，仍拨谷赈济。——乾隆《乐平县志》卷二祥异,昔阳县：春大饥，人相食。蠲免二年地丁钱粮，仍拨谷赈济。——乾隆《乐平县志》卷二祥异
1698,山西,,平定县,1698|山西|平定,清圣祖康熙三十七年,平定州,《平定州志》,无,保留,"v1,v2,v3,v4,v5,v6,v7","v1,v2,v3,v4,v5,v6,v7",7,1.0,是,,平定县：春大饥，人相食。蠲免地丁钱粮，移榆次、徐沟、太古、文水四县仓谷米赈济。——乾隆《平定州志》卷二祥异,平定县：春大饥，人相食。蠲免地丁钱粮，移榆次、徐沟、太古、文水四县仓谷米赈济。——乾隆《平定州志》卷二祥异,平定县：春大饥，人相食。蠲免地丁钱粮，移榆次、徐沟、太古、文水四县仓谷米赈济。——乾隆《平定州志》卷二祥异,平定县：春大饥，人相食。蠲免地丁钱粮，移榆次、徐沟、太古、文水四县仓谷米赈济。——乾隆《平定州志》卷二祥异,平定县：春大饥，人相食。蠲免地丁钱粮，移榆次、徐沟、太古、文水四县仓谷米赈济。——乾隆《平定州志》卷二祥异,平定县：春大饥，人相食。蠲免地丁钱粮，移榆次、徐沟、太古、文水四县仓谷米赈济。——乾隆《平定州志》卷二祥异,平定县：春大饥，人相食。蠲免地丁钱粮，移榆次、徐沟、太古、文水四县仓谷米赈济。——乾隆《平定州志》卷二祥异
1698,山西,,乐平县,1698|山西|乐平,清圣祖康熙三十七年,无,《清史稿》,此处'乐平县'具体地理位置存疑，可能是山西昔阳县的古称，也可能指其他地区,保留,"v4,v6,v7","v4,v6,v7",3,0.4286,是,,,,,康熙'三十七年（1698）春，平定、乐平大饥，人相食。'——《清史稿》卷四四《灾异志五》,,康熙'三十七年（1698）春，平定、乐平大饥，人相食。'——《清史稿》卷四四《灾异志五》,康熙'三十七年（1698）春，平定、乐平大饥，人相食。'——《清史稿》卷四四《灾异志五》
1698,山西,,平定县,1698|山西|平定,清圣祖康熙三十七年,平定州,《清史稿》,无,需校验地区信息,"v1,v4,v6,v7","v1,v4,v6,v7",4,0.5714,是,同年同省同来源同 record，但地区名存在近似异写或明显异体，需校验地区信息,康熙“三十七年（1698）春，平定、乐平大饥，人相食。”——《清史稿》卷四四《灾异志五》,,,康熙'三十七年（1698）春，平定、乐平大饥，人相食。'——《清史稿》卷四四《灾异志五》,,康熙'三十七年（1698）春，平定、乐平大饥，人相食。'——《清史稿》卷四四《灾异志五》,康熙'三十七年（1698）春，平定、乐平大饥，人相食。'——《清史稿》卷四四《灾异志五》
1698,山西,,平定县、乐平县,1698|山西|平定县、乐平,清圣祖康熙三十七年,无,《清史稿》,无,需校验地区信息,v2,v2,1,0.1429,是,同年同省同来源同 record，但地区名存在近似异写或明显异体，需校验地区信息,,康熙“三十七年（1698）春，平定、乐平大饥，人相食。”——《清史稿》卷四四《灾异志五》,,,,,
1698,山西,,昔阳县,1698|山西|昔阳,清圣祖康熙三十七年,乐平县,《清史稿》,无,需校验地区信息,v1,v1,1,0.1429,是,同年同省同来源同 record，但地区名存在近似异写或明显异体，需校验地区信息,康熙“三十七年（1698）春，平定、乐平大饥，人相食。”——《清史稿》卷四四《灾异志五》,,,,,,
1698,山西,,乐平县,1698|山西|乐平,清圣祖康熙三十七年,乐平县,清史稿,无,保留,v3,v3,1,0.1429,是,,,,康熙'三十七年（1698）春，平定、乐平大饥，人相食。'——《清史稿》卷四四《灾异志五》,,,,
1698,山西,,平定县,1698|山西|平定,清圣祖康熙三十七年,无,清史稿,无,保留,"v3,v5","v3,v5",2,0.2857,是,,,,康熙'三十七年（1698）春，平定、乐平大饥，人相食。'——《清史稿》卷四四《灾异志五》,,康熙'三十七年（1698）春，平定、乐平大饥，人相食。'——《清史稿》卷四四《灾异志五》,,
1698,山西,,昔阳,1698|山西|昔阳,清圣祖康熙三十七年,乐平,清史稿,古地名识别说明：此乐平县即今昔阳县，金代至民国期间曾名乐平县，1957年改为昔阳县,保留,v5,v5,1,0.1429,是,,,,,,康熙'三十七年（1698）春，平定、乐平大饥，人相食。'——《清史稿》卷四四《灾异志五》,,
1703,山东,烟台,蓬莱县,1703|山东|烟台|蓬莱,清圣祖康熙四十二年,无,《增修登州府志》,无,保留,"v1,v2,v3,v4,v6,v7","v1,v2,v3,v4,v6,v7",6,0.8571,是,,蓬莱县：春，各属大水，五月大旱，至八月不雨，无禾。大饥，人相食。——光绪《增修登州府志》卷二十三水旱,蓬莱县：春，各属大水，五月大旱，至八月不雨，无禾。大饥，人相食。——光绪《增修登州府志》卷二十三水旱,蓬莱县：春，各属大水，五月大旱，至八月不雨，无禾。大饥，人相食。——光绪《增修登州府志》卷二十三水旱,蓬莱县：春，各属大水，五月大旱，至八月不雨，无禾。大饥，人相食。——光绪《增修登州府志》卷二十三水旱,,蓬莱县：春，各属大水，五月大旱，至八月不雨，无禾。大饥，人相食。——光绪《增修登州府志》卷二十三水旱,蓬莱县：春，各属大水，五月大旱，至八月不雨，无禾。大饥，人相食。——光绪《增修登州府志》卷二十三水旱
1703,山东,威海,文登县,1703|山东|威海|文登,清圣祖康熙四十二年,无,《文登县志》,无,保留,"v1,v2,v3,v4,v6,v7","v1,v2,v3,v4,v6,v7",6,0.8571,是,,文登县：是年通省饥馑，又值钱法更易，行使不便。夏秋复遭瘟疫，民死大半。榆皮柳叶采取一空，食屋草，啖人肉尤惨者。奉诏连免三年田租。——雍正《文登县志》卷一灾祥,文登县：是年通省饥馑，又值钱法更易，行使不便。夏秋复遭瘟疫，民死大半。榆皮柳叶采取一空，食屋草，啖人肉尤惨者。奉诏连免三年田租。——雍正《文登县志》卷一灾祥,文登县：是年通省饥馑，又值钱法更易，行使不便。夏秋复遭瘟疫，民死大半。榆皮柳叶采取一空，食屋草，啖人肉尤惨者。奉诏连免三年田租。——雍正《文登县志》卷一灾祥,文登县：是年通省饥馑，又值钱法更易，行使不便。夏秋复遭瘟疫，民死大半。榆皮柳叶采取一空，食屋草，啖人肉尤惨者。奉诏连免三年田租。——雍正《文登县志》卷一灾祥,,文登县：是年通省饥馑，又值钱法更易，行使不便。夏秋复遭瘟疫，民死大半。榆皮柳叶采取一空，食屋草，啖人肉尤惨者。奉诏连免三年田租。——雍正《文登县志》卷一灾祥,文登县：是年通省饥馑，又值钱法更易，行使不便。夏秋复遭瘟疫，民死大半。榆皮柳叶采取一空，食屋草，啖人肉尤惨者。奉诏连免三年田租。——雍正《文登县志》卷一灾祥
1703,山东,,东昌,1703|山东|东昌,清圣祖康熙四十二年,东昌,《清史稿》,东昌为推测，原文为古代地名东昌,需校验地区信息,"v2,v6,v7","v2,v6,v7",3,0.4286,是,同年同省同来源同 record，但地区名存在近似异写或明显异体，需校验地区信息,,夏，永年（邯郸东北）、东明（大名府之南部，山东曹州西）饥。秋，沛县、亳州、东阿、曲阜、蒲县（属隰州，非蒲城县）、滕县大饥。冬，汶上、沂州、莒州、兖州、东昌、郓城大饥，人相食。——《清史稿》卷四四《灾异志五》,,,,夏，永年（邯郸东北）、东明（大名府之南部，山东曹州西）饥。秋，沛县、亳州、东阿、曲阜、蒲县（属隰州，非蒲城县）、滕县大饥。冬，汶上、沂州、莒州、兖州、东昌、郓城大饥，人相食。——《清史稿》卷四四《灾异志五》,夏，永年（邯郸东北）、东明（大名府之南部，山东曹州西）饥。秋，沛县、亳州、东阿、曲阜、蒲县（属隰州，非蒲城县）、滕县大饥。冬，汶上、沂州、莒州、兖州、东昌、郓城大饥，人相食。——《清史稿》卷四四《灾异志五》
1703,山东,,兖州,1703|山东|兖,清圣祖康熙四十二年,兖州,《清史稿》,兖州为推测，原文为古代地名兖州,需校验地区信息,"v2,v6,v7","v2,v6,v7",3,0.4286,是,同年同省同来源同 record，但地区名存在近似异写或明显异体，需校验地区信息,,夏，永年（邯郸东北）、东明（大名府之南部，山东曹州西）饥。秋，沛县、亳州、东阿、曲阜、蒲县（属隰州，非蒲城县）、滕县大饥。冬，汶上、沂州、莒州、兖州、东昌、郓城大饥，人相食。——《清史稿》卷四四《灾异志五》,,,,夏，永年（邯郸东北）、东明（大名府之南部，山东曹州西）饥。秋，沛县、亳州、东阿、曲阜、蒲县（属隰州，非蒲城县）、滕县大饥。冬，汶上、沂州、莒州、兖州、东昌、郓城大饥，人相食。——《清史稿》卷四四《灾异志五》,夏，永年（邯郸东北）、东明（大名府之南部，山东曹州西）饥。秋，沛县、亳州、东阿、曲阜、蒲县（属隰州，非蒲城县）、滕县大饥。冬，汶上、沂州、莒州、兖州、东昌、郓城大饥，人相食。——《清史稿》卷四四《灾异志五》
1703,山东,,汶上县,1703|山东|汶上,清圣祖康熙四十二年,无,《清史稿》,无,需校验地区信息,"v2,v6,v7","v2,v6,v7",3,0.4286,是,同年同省同来源同 record，但地区名存在近似异写或明显异体，需校验地区信息,,夏，永年（邯郸东北）、东明（大名府之南部，山东曹州西）饥。秋，沛县、亳州、东阿、曲阜、蒲县（属隰州，非蒲城县）、滕县大饥。冬，汶上、沂州、莒州、兖州、东昌、郓城大饥，人相食。——《清史稿》卷四四《灾异志五》,,,,夏，永年（邯郸东北）、东明（大名府之南部，山东曹州西）饥。秋，沛县、亳州、东阿、曲阜、蒲县（属隰州，非蒲城县）、滕县大饥。冬，汶上、沂州、莒州、兖州、东昌、郓城大饥，人相食。——《清史稿》卷四四《灾异志五》,夏，永年（邯郸东北）、东明（大名府之南部，山东曹州西）饥。秋，沛县、亳州、东阿、曲阜、蒲县（属隰州，非蒲城县）、滕县大饥。冬，汶上、沂州、莒州、兖州、东昌、郓城大饥，人相食。——《清史稿》卷四四《灾异志五》
1703,山东,,沂州,1703|山东|沂,清圣祖康熙四十二年,沂州,《清史稿》,沂州为推测，原文为古代地名沂州,需校验地区信息,"v2,v6,v7","v2,v6,v7",3,0.4286,是,同年同省同来源同 record，但地区名存在近似异写或明显异体，需校验地区信息,,夏，永年（邯郸东北）、东明（大名府之南部，山东曹州西）饥。秋，沛县、亳州、东阿、曲阜、蒲县（属隰州，非蒲城县）、滕县大饥。冬，汶上、沂州、莒州、兖州、东昌、郓城大饥，人相食。——《清史稿》卷四四《灾异志五》,,,,夏，永年（邯郸东北）、东明（大名府之南部，山东曹州西）饥。秋，沛县、亳州、东阿、曲阜、蒲县（属隰州，非蒲城县）、滕县大饥。冬，汶上、沂州、莒州、兖州、东昌、郓城大饥，人相食。——《清史稿》卷四四《灾异志五》,夏，永年（邯郸东北）、东明（大名府之南部，山东曹州西）饥。秋，沛县、亳州、东阿、曲阜、蒲县（属隰州，非蒲城县）、滕县大饥。冬，汶上、沂州、莒州、兖州、东昌、郓城大饥，人相食。——《清史稿》卷四四《灾异志五》
1703,山东,,莒州,1703|山东|莒,清圣祖康熙四十二年,莒州,《清史稿》,莒州为推测，原文为古代地名莒州,需校验地区信息,"v2,v6,v7","v2,v6,v7",3,0.4286,是,同年同省同来源同 record，但地区名存在近似异写或明显异体，需校验地区信息,,夏，永年（邯郸东北）、东明（大名府之南部，山东曹州西）饥。秋，沛县、亳州、东阿、曲阜、蒲县（属隰州，非蒲城县）、滕县大饥。冬，汶上、沂州、莒州、兖州、东昌、郓城大饥，人相食。——《清史稿》卷四四《灾异志五》,,,,夏，永年（邯郸东北）、东明（大名府之南部，山东曹州西）饥。秋，沛县、亳州、东阿、曲阜、蒲县（属隰州，非蒲城县）、滕县大饥。冬，汶上、沂州、莒州、兖州、东昌、郓城大饥，人相食。——《清史稿》卷四四《灾异志五》,夏，永年（邯郸东北）、东明（大名府之南部，山东曹州西）饥。秋，沛县、亳州、东阿、曲阜、蒲县（属隰州，非蒲城县）、滕县大饥。冬，汶上、沂州、莒州、兖州、东昌、郓城大饥，人相食。——《清史稿》卷四四《灾异志五》
1703,山东,济宁,郓城县,1703|山东|济宁|郓城,清圣祖康熙四十二年,无,《清史稿》,无,需校验地区信息,"v1,v2,v6,v7","v1,v2,v6,v7",4,0.5714,是,同年同省同来源同 record，但地区名存在近似异写或明显异体，需校验地区信息,夏，永年（邯郸东北）、东明（大名府之南部，山东曹州西）饥。秋，沛县、亳州、东阿、曲阜、蒲县（属隰州，非蒲城县）、滕县大饥。冬，汶上、沂州、莒州、兖州、东昌、郓城大饥，人相食。——《清史稿》卷四四《灾异志五》,夏，永年（邯郸东北）、东明（大名府之南部，山东曹州西）饥。秋，沛县、亳州、东阿、曲阜、蒲县（属隰州，非蒲城县）、滕县大饥。冬，汶上、沂州、莒州、兖州、东昌、郓城大饥，人相食。——《清史稿》卷四四《灾异志五》,,,,夏，永年（邯郸东北）、东明（大名府之南部，山东曹州西）饥。秋，沛县、亳州、东阿、曲阜、蒲县（属隰州，非蒲城县）、滕县大饥。冬，汶上、沂州、莒州、兖州、东昌、郓城大饥，人相食。——《清史稿》卷四四《灾异志五》,夏，永年（邯郸东北）、东明（大名府之南部，山东曹州西）饥。秋，沛县、亳州、东阿、曲阜、蒲县（属隰州，非蒲城县）、滕县大饥。冬，汶上、沂州、莒州、兖州、东昌、郓城大饥，人相食。——《清史稿》卷四四《灾异志五》
1703,山东,济宁,汶上县,1703|山东|济宁|汶上,清圣祖康熙四十二年,无,《续修汶上县志》,无,保留,"v1,v2,v4","v1,v2,v4",3,0.4286,是,,汶上县：大歉。赈饥，蠲免本年钱粮。至四十三年春，有相食者。——康熙《续修汶上县志》卷五灾祥,汶上县：大歉。赈饥，蠲免本年钱粮。至四十三年春，有相食者。——康熙《续修汶上县志》卷五灾祥,,汶上县：大歉。赈饥，蠲免本年钱粮。至四十三年春，有相食者。——康熙《续修汶上县志》卷五灾祥,,,
1703,山东,聊城,聊城县,1703|山东|聊城|聊城,清圣祖康熙四十二年,无,《聊城县志》,无,保留,"v1,v2,v3,v4,v6,v7","v1,v2,v3,v4,v6,v7",6,0.8571,是,,聊城县：夏五月，大雨。饥，人相食。——宣统《聊城县志》卷十一通纪,聊城县：夏五月，大雨。饥，人相食。——宣统《聊城县志》卷十一通纪,聊城县：夏五月，大雨。饥，人相食。——宣统《聊城县志》卷十一通纪,聊城县：夏五月，大雨。饥，人相食。——宣统《聊城县志》卷十一通纪,,聊城县：夏五月，大雨。饥，人相食。——宣统《聊城县志》卷十一通纪,聊城县：夏五月，大雨。饥，人相食。——宣统《聊城县志》卷十一通纪
1703,山东,聊城,茌平县,1703|山东|聊城|茌平,清圣祖康熙四十二年,无,《茌平县志》,无,保留,"v1,v4,v6","v1,v4,v6",3,0.4286,是,,茌平县：夏，河复大决，舟行陆地。一省告饥，多有鬻妻卖子者，人相食。——康熙四十九年《茌平县志》卷一灾祥,,,茌平县：夏，河复大决，舟行陆地。一省告饥，多有鬻妻卖子者，人相食。——康熙四十九年《茌平县志》卷一灾祥,,茌平县：夏，河复大决，舟行陆地。一省告饥，多有鬻妻卖子者，人相食。——康熙四十九年《茌平县志》卷一灾祥,
1703,山东,威海,荣成县,1703|山东|威海|荣成,清圣祖康熙四十二年,无,《荣成县志》,无,保留,"v1,v2,v3,v4,v6,v7","v1,v2,v3,v4,v6,v7",6,0.8571,是,,荣成县：是年通省饥馑，又值钱法更易，行使不便。夏秋复遭瘟疫，民死大半。其惨至食屋草，啖人肉。诏连免三年田租。——道光《荣成县志》卷一灾祥,荣成县：是年通省饥馑，又值钱法更易，行使不便。夏秋复遭瘟疫，民死大半。其惨至食屋草，啖人肉。诏连免三年田租。——道光《荣成县志》卷一灾祥,荣成县：是年通省饥馑，又值钱法更易，行使不便。夏秋复遭瘟疫，民死大半。其惨至食屋草，啖人肉。诏连免三年田租。——道光《荣成县志》卷一灾祥,荣成县：是年通省饥馑，又值钱法更易，行使不便。夏秋复遭瘟疫，民死大半。其惨至食屋草，啖人肉。诏连免三年田租。——道光《荣成县志》卷一灾祥,,荣成县：是年通省饥馑，又值钱法更易，行使不便。夏秋复遭瘟疫，民死大半。其惨至食屋草，啖人肉。诏连免三年田租。——道光《荣成县志》卷一灾祥,荣成县：是年通省饥馑，又值钱法更易，行使不便。夏秋复遭瘟疫，民死大半。其惨至食屋草，啖人肉。诏连免三年田租。——道光《荣成县志》卷一灾祥
1703,山东,聊城,莘县,1703|山东|聊城|莘,清圣祖康熙四十二年,无,《莘县志》,无,保留,"v1,v2,v3,v4,v6,v7","v1,v2,v3,v4,v6,v7",6,0.8571,是,,莘县：翌日大雨，浃旬不止，洪水骤至，禾尽淹。岁饥，人相食。平原广衍中可通舟楫，南至南乐，北至府治，遍成泽国。——光绪《莘县志》卷四饥异,莘县：翌日大雨，浃旬不止，洪水骤至，禾尽淹。岁饥，人相食。平原广衍中可通舟楫，南至南乐，北至府治，遍成泽国。——光绪《莘县志》卷四饥异,莘县：翌日大雨，浃旬不止，洪水骤至，禾尽淹。岁饥，人相食。平原广衍中可通舟楫，南至南乐，北至府治，遍成泽国。——光绪《莘县志》卷四饥异,莘县：翌日大雨，浃旬不止，洪水骤至，禾尽淹。岁饥，人相食。平原广衍中可通舟楫，南至南乐，北至府治，遍成泽国。——光绪《莘县志》卷四饥异,,莘县：翌日大雨，浃旬不止，洪水骤至，禾尽淹。岁饥，人相食。平原广衍中可通舟楫，南至南乐，北至府治，遍成泽国。——光绪《莘县志》卷四饥异,莘县：翌日大雨，浃旬不止，洪水骤至，禾尽淹。岁饥，人相食。平原广衍中可通舟楫，南至南乐，北至府治，遍成泽国。——光绪《莘县志》卷四饥异
1703,山东,济宁,郓城县,1703|山东|济宁|郓城,清圣祖康熙四十二年,无,《郓城县志》,无,保留,"v1,v2,v3,v4,v6,v7","v1,v2,v3,v4,v6,v7",6,0.8571,是,,郓城县：大水。民饥，人相食。——康熙《郓城县志》卷七灾祥,郓城县：大水。民饥，人相食。——康熙《郓城县志》卷七灾祥,郓城县：大水。民饥，人相食。——康熙《郓城县志》卷七灾祥,郓城县：大水。民饥，人相食。——康熙《郓城县志》卷七灾祥,,郓城县：大水。民饥，人相食。——康熙《郓城县志》卷七灾祥,郓城县：大水。民饥，人相食。——康熙《郓城县志》卷七灾祥
1703,河北,邯郸,馆陶县,1703|河北|邯郸|馆陶,清圣祖康熙四十二年,无,《馆陶县志》,无,保留,"v1,v2,v7","v1,v2,v7",3,0.4286,是,,永年县：春大饥，粮价腾贵。是岁，山东荒，人相食，转输者多故至此。——康熙《馆陶县志》卷十二灾祥,永年县：春大饥，粮价腾贵。是岁，山东荒，人相食，转输者多故至此。——康熙《馆陶县志》卷十二灾祥,,,,,永年县：春大饥，粮价腾贵。是岁，山东荒，人相食，转输者多故至此。——康熙《馆陶县志》卷十二灾祥
1703,山东,烟台,蓬莱县,1703|山东|烟台|蓬莱,清圣祖康熙四十二年,登州府,增修登州府志,无,保留,v5,v5,1,0.1429,是,,,,,,蓬莱县：春，各属大水，五月大旱，至八月不雨，无禾。大饥，人相食。——光绪《增修登州府志》卷二十三水旱,,
1703,山东,威海,文登县,1703|山东|威海|文登,清圣祖康熙四十二年,无,文登县志,无,保留,v5,v5,1,0.1429,是,,,,,,文登县：是年通省饥馑，又值钱法更易，行使不便。夏秋复遭瘟疫，民死大半。榆皮柳叶采取一空，食屋草，啖人肉尤惨者。奉诏连免三年田租。——雍正《文登县志》卷一灾祥,,
1703,山东,,东昌,1703|山东|东昌,清圣祖康熙四十二年,东昌,清史稿,无,需校验地区信息,v5,v5,1,0.1429,是,同年同省同来源同 record，但地区名存在近似异写或明显异体，需校验地区信息,,,,,夏，永年（邯郸东北）、东明（大名府之南部，山东曹州西）饥。秋，沛县、亳州、东阿、曲阜、蒲县（属隰州，非蒲城县）、滕县大饥。冬，汶上、沂州、莒州、兖州、东昌、郓城大饥，人相食。——《清史稿》卷四四《灾异志五》,,
1703,山东,,东明县,1703|山东|东明,清圣祖康熙四十二年,无,清史稿,无,需校验地区信息,v5,v5,1,0.1429,是,同年同省同来源同 record，但地区名存在近似异写或明显异体，需校验地区信息,,,,,夏，永年（邯郸东北）、东明（大名府之南部，山东曹州西）饥。秋，沛县、亳州、东阿、曲阜、蒲县（属隰州，非蒲城县）、滕县大饥。冬，汶上、沂州、莒州、兖州、东昌、郓城大饥，人相食。——《清史稿》卷四四《灾异志五》,,
1703,山东,,兖州,1703|山东|兖,清圣祖康熙四十二年,兖州,清史稿,无,需校验地区信息,v5,v5,1,0.1429,是,同年同省同来源同 record，但地区名存在近似异写或明显异体，需校验地区信息,,,,,夏，永年（邯郸东北）、东明（大名府之南部，山东曹州西）饥。秋，沛县、亳州、东阿、曲阜、蒲县（属隰州，非蒲城县）、滕县大饥。冬，汶上、沂州、莒州、兖州、东昌、郓城大饥，人相食。——《清史稿》卷四四《灾异志五》,,
1703,山东,,永年县,1703|山东|永年,清圣祖康熙四十二年,无,清史稿,无,需校验地区信息,v5,v5,1,0.1429,是,同年同省同来源同 record，但地区名存在近似异写或明显异体，需校验地区信息,,,,,夏，永年（邯郸东北）、东明（大名府之南部，山东曹州西）饥。秋，沛县、亳州、东阿、曲阜、蒲县（属隰州，非蒲城县）、滕县大饥。冬，汶上、沂州、莒州、兖州、东昌、郓城大饥，人相食。——《清史稿》卷四四《灾异志五》,,
1703,山东,,汶上,1703|山东|汶上,清圣祖康熙四十二年,无,清史稿,无,需校验地区信息,"v3,v5","v3,v5",2,0.2857,是,同年同省同来源同 record，但地区名存在近似异写或明显异体，需校验地区信息,,,夏，永年（邯郸东北）、东明（大名府之南部，山东曹州西）饥。秋，沛县、亳州、东阿、曲阜、蒲县（属隰州，非蒲城县）、滕县大饥。冬，汶上、沂州、莒州、兖州、东昌、郓城大饥，人相食。——《清史稿》卷四四《灾异志五》,,夏，永年（邯郸东北）、东明（大名府之南部，山东曹州西）饥。秋，沛县、亳州、东阿、曲阜、蒲县（属隰州，非蒲城县）、滕县大饥。冬，汶上、沂州、莒州、兖州、东昌、郓城大饥，人相食。——《清史稿》卷四四《灾异志五》,,
1703,山东,,沂州,1703|山东|沂,清圣祖康熙四十二年,沂州,清史稿,府名,需校验地区信息,"v3,v5","v3,v5",2,0.2857,是,同年同省同来源同 record，但地区名存在近似异写或明显异体，需校验地区信息,,,夏，永年（邯郸东北）、东明（大名府之南部，山东曹州西）饥。秋，沛县、亳州、东阿、曲阜、蒲县（属隰州，非蒲城县）、滕县大饥。冬，汶上、沂州、莒州、兖州、东昌、郓城大饥，人相食。——《清史稿》卷四四《灾异志五》,,夏，永年（邯郸东北）、东明（大名府之南部，山东曹州西）饥。秋，沛县、亳州、东阿、曲阜、蒲县（属隰州，非蒲城县）、滕县大饥。冬，汶上、沂州、莒州、兖州、东昌、郓城大饥，人相食。——《清史稿》卷四四《灾异志五》,,
1703,山东,,莒州,1703|山东|莒,清圣祖康熙四十二年,莒州,清史稿,无,需校验地区信息,v5,v5,1,0.1429,是,同年同省同来源同 record，但地区名存在近似异写或明显异体，需校验地区信息,,,,,夏，永年（邯郸东北）、东明（大名府之南部，山东曹州西）饥。秋，沛县、亳州、东阿、曲阜、蒲县（属隰州，非蒲城县）、滕县大饥。冬，汶上、沂州、莒州、兖州、东昌、郓城大饥，人相食。——《清史稿》卷四四《灾异志五》,,
1703,山东,,郓城,1703|山东|郓城,清圣祖康熙四十二年,无,清史稿,无,需校验地区信息,"v3,v5","v3,v5",2,0.2857,是,同年同省同来源同 record，但地区名存在近似异写或明显异体，需校验地区信息,,,夏，永年（邯郸东北）、东明（大名府之南部，山东曹州西）饥。秋，沛县、亳州、东阿、曲阜、蒲县（属隰州，非蒲城县）、滕县大饥。冬，汶上、沂州、莒州、兖州、东昌、郓城大饥，人相食。——《清史稿》卷四四《灾异志五》,,夏，永年（邯郸东北）、东明（大名府之南部，山东曹州西）饥。秋，沛县、亳州、东阿、曲阜、蒲县（属隰州，非蒲城县）、滕县大饥。冬，汶上、沂州、莒州、兖州、东昌、郓城大饥，人相食。——《清史稿》卷四四《灾异志五》,,
1703,山东,聊城,聊城县,1703|山东|聊城|聊城,清圣祖康熙四十二年,无,聊城县志,无,保留,v5,v5,1,0.1429,是,,,,,,聊城县：夏五月，大雨。饥，人相食。——宣统《聊城县志》卷十一通纪,,
1703,山东,聊城,茌平县,1703|山东|聊城|茌平,清圣祖康熙四十二年,无,茌平县志,县志编纂于康熙四十九年,保留,v5,v5,1,0.1429,是,,,,,,茌平县：夏，河复大决，舟行陆地。一省告饥，多有鬻妻卖子者，人相食。——康熙四十九年《茌平县志》卷一灾祥,,
1703,山东,威海,荣成县,1703|山东|威海|荣成,清圣祖康熙四十二年,无,荣成县志,无,保留,v5,v5,1,0.1429,是,,,,,,荣成县：是年通省饥馑，又值钱法更易，行使不便。夏秋复遭瘟疫，民死大半。其惨至食屋草，啖人肉。诏连免三年田租。——道光《荣成县志》卷一灾祥,,
1703,山东,聊城,莘县,1703|山东|聊城|莘,清圣祖康熙四十二年,无,莘县志,无,保留,v5,v5,1,0.1429,是,,,,,,莘县：翌日大雨，浃旬不止，洪水骤至，禾尽淹。岁饥，人相食。平原广衍中可通舟楫，南至南乐，北至府治，遍成泽国。——光绪《莘县志》卷四饥异,,
1703,山东,,郓城县,1703|山东|郓城,清圣祖康熙四十二年,无,郓城县志,无,保留,v5,v5,1,0.1429,是,,,,,,郓城县：大水。民饥，人相食。——康熙《郓城县志》卷七灾祥,,
1704,山东,泰安,东平,1704|山东|泰安|东平,清圣祖康熙四十三年,无,《东平州志》,无,保留,"v1,v2,v4,v5","v1,v2,v4,v5",4,0.5714,是,,东平县：春饥，人相食。蒙蠲赈。——乾隆《东平州志》卷二十灾祥,东平县：春饥，人相食。蒙蠲赈。——乾隆《东平州志》卷二十灾祥,,东平县：春饥，人相食。蒙蠲赈。——乾隆《东平州志》卷二十灾祥,东平县：春饥，人相食。蒙蠲赈。——乾隆《东平州志》卷二十灾祥,,
1704,山东,潍坊,临朐,1704|山东|潍坊|临朐,清圣祖康熙四十三年,无,《临朐县志》,无,保留,"v1,v2,v4,v5","v1,v2,v4,v5",4,0.5714,是,,临朐县：春夏大旱，人相食。秋七月，蚜鲂为灾。——光绪《临朐县志》卷十大事表,临朐县：春夏大旱，人相食。秋七月，蚜鲂为灾。——光绪《临朐县志》卷十大事表,,临朐县：春夏大旱，人相食。秋七月，蚜鲂为灾。——光绪《临朐县志》卷十大事表,临朐县：春夏大旱，人相食。秋七月，蚜鲂为灾。——光绪《临朐县志》卷十大事表,,
1704,山东,东营,利津,1704|山东|东营|利津,清圣祖康熙四十三年,无,《利津县志续编》,无,保留,"v1,v2,v4,v5","v1,v2,v4,v5",4,0.5714,是,,利津县：大水，岁大饥，人相食。——乾隆《利津县志续编》卷九祥异,利津县：大水，岁大饥，人相食。——乾隆《利津县志续编》卷九祥异,,利津县：大水，岁大饥，人相食。——乾隆《利津县志续编》卷九祥异,利津县：大水，岁大饥，人相食。——乾隆《利津县志续编》卷九祥异,,
1704,山东,淄博,博山,1704|山东|淄博|博山,清圣祖康熙四十三年,无,《博山县志》,无,保留,"v1,v2,v4,v5","v1,v2,v4,v5",4,0.5714,是,,淄博市：大饥，人相食。次年亦如之。——乾隆《博山县志》卷四灾祥,淄博市：大饥，人相食。次年亦如之。——乾隆《博山县志》卷四灾祥,,淄博市：大饥，人相食。次年亦如之。——乾隆《博山县志》卷四灾祥,博山县：大饥，人相食。次年亦如之。——乾隆《博山县志》卷四灾祥,,
1704,山东,青岛,即墨,1704|山东|青岛|即墨,清圣祖康熙四十三年,无,《即墨县志》,无,保留,"v1,v4","v1,v4",2,0.2857,是,,即墨县：春大饥，疫。饿殍相望，草根木皮立尽。蠲本年钱粮。——乾隆《即墨县志》卷十一灾祥,,,即墨县：春大饥，疫。饿殍相望，草根木皮立尽。蠲本年钱粮。——乾隆《即墨县志》卷十一灾祥,,,
1704,山东,威海,威海,1704|山东|威海|威海,清圣祖康熙四十三年,无,《威海卫志》,无,保留,"v1,v2,v4,v5","v1,v2,v4,v5",4,0.5714,是,,威海市：春大饥，饿死者枕藉，或烧死人食之。夏秋瘟疫盛行，民死几半。——乾隆《威海卫志》卷一灾祥,威海市：春大饥，饿死者枕藉，或烧死人食之。夏秋瘟疫盛行，民死几半。——乾隆《威海卫志》卷一灾祥,,威海市：春大饥，饿死者枕藉，或烧死人食之。夏秋瘟疫盛行，民死几半。——乾隆《威海卫志》卷一灾祥,威海市：春大饥，饿死者枕藉，或烧死人食之。夏秋瘟疫盛行，民死几半。——乾隆《威海卫志》卷一灾祥,,
1704,山东,烟台,莱州,1704|山东|烟台|莱,清圣祖康熙四十三年,无,《掖县志》,无,保留,"v1,v2,v4,v5","v1,v2,v4,v5",4,0.5714,是,,掖县：大饥，疫。人相食，道瘞相充塞。——乾隆《掖县志》卷五祥异,掖县：大饥，疫。人相食，道瘞相充塞。——乾隆《掖县志》卷五祥异,,掖县：大饥，疫。人相食，道瘞相充塞。——乾隆《掖县志》卷五祥异,掖县：大饥，疫。人相食，道瘞相充塞。——乾隆《掖县志》卷五祥异,,
1704,山东,潍坊,昌邑,1704|山东|潍坊|昌邑,清圣祖康熙四十三年,无,《昌邑县志》,无,保留,"v1,v2,v4,v5","v1,v2,v4,v5",4,0.5714,是,,昌邑县：春大饥。子女鬻贩，人相食，白骨枕藉。大疫。——乾隆《昌邑县志》卷七祥异,昌邑县：春大饥。子女鬻贩，人相食，白骨枕藉。大疫。——乾隆《昌邑县志》卷七祥异,,昌邑县：春大饥。子女鬻贩，人相食，白骨枕藉。大疫。——乾隆《昌邑县志》卷七祥异,昌邑县：春大饥。子女鬻贩，人相食，白骨枕藉。大疫。——乾隆《昌邑县志》卷七祥异,,
1704,山东,烟台,栖霞,1704|山东|烟台|栖霞,清圣祖康熙四十三年,无,《栖霞县续志》,无,保留,"v1,v2,v4,v5","v1,v2,v4,v5",4,0.5714,是,,栖霞县：通省大水，秋无禾。次年（1704年）春饥，人相食。诏蠲额赋，遣员分道赈济。——光绪《栖霞县续志》卷八祥异,栖霞县：通省大水，秋无禾。次年（1704年）春饥，人相食。诏蠲额赋，遣员分道赈济。——光绪《栖霞县续志》卷八祥异,,栖霞县：通省大水，秋无禾。次年（1704年）春饥，人相食。诏蠲额赋，遣员分道赈济。——光绪《栖霞县续志》卷八祥异,栖霞县：通省大水，秋无禾。次年（1704年）春饥，人相食。诏蠲额赋，遣员分道赈济。——光绪《栖霞县续志》卷八祥异,,
1704,山东,泰安,泰安,1704|山东|泰安|泰安,清圣祖康熙四十三年,无,《泰安县志》,无,保留,"v1,v2,v4,v5","v1,v2,v4,v5",4,0.5714,是,,泰安县：春大饥。人相食，死者枕藉。——乾隆四十七年《泰安县志》卷十四祥异,泰安县：春大饥。人相食，死者枕藉。——乾隆四十七年《泰安县志》卷十四祥异,,泰安县：春大饥。人相食，死者枕藉。——乾隆四十七年《泰安县志》卷十四祥异,泰安县：春大饥。人相食，死者枕藉。——乾隆四十七年《泰安县志》卷十四祥异,,
1704,山东,泰安,东平,1704|山东|泰安|东平,清圣祖康熙四十三年,无,《清史稿》,无,需校验地区信息,"v1,v2","v1,v2",2,0.2857,是,同年同省同来源同 record，但地区名存在近似异写或明显异体，需校验地区信息,泰安大饥，人相食，死者枕藉。肥城，东平大饥，人相食。武定（惠民）、滨州（武定东）、商河（武定西南）、阳信（武定北）、利津、沾化饥；兖州、登州大饥，民死大半，至食屋草；昌邑、即墨、掖县、高密、胶州大饥，人相食。——《清史稿》卷四四《灾异志五》,泰安大饥，人相食，死者枕藉。肥城，东平大饥，人相食。武定（惠民）、滨州（武定东）、商河（武定西南）、阳信（武定北）、利津、沾化饥；兖州、登州大饥，民死大半，至食屋草；昌邑、即墨、掖县、高密、胶州大饥，人相食。——《清史稿》卷四四《灾异志五》,,,,,
1704,山东,青岛,即墨,1704|山东|青岛|即墨,清圣祖康熙四十三年,无,《清史稿》,无,需校验地区信息,"v1,v2","v1,v2",2,0.2857,是,同年同省同来源同 record，但地区名存在近似异写或明显异体，需校验地区信息,泰安大饥，人相食，死者枕藉。肥城，东平大饥，人相食。武定（惠民）、滨州（武定东）、商河（武定西南）、阳信（武定北）、利津、沾化饥；兖州、登州大饥，民死大半，至食屋草；昌邑、即墨、掖县、高密、胶州大饥，人相食。——《清史稿》卷四四《灾异志五》,泰安大饥，人相食，死者枕藉。肥城，东平大饥，人相食。武定（惠民）、滨州（武定东）、商河（武定西南）、阳信（武定北）、利津、沾化饥；兖州、登州大饥，民死大半，至食屋草；昌邑、即墨、掖县、高密、胶州大饥，人相食。——《清史稿》卷四四《灾异志五》,,,,,
1704,山东,,掖县,1704|山东|掖,清圣祖康熙四十三年,无,《清史稿》,无,需校验地区信息,v2,v2,1,0.1429,是,同年同省同来源同 record，但地区名存在近似异写或明显异体，需校验地区信息,,泰安大饥，人相食，死者枕藉。肥城，东平大饥，人相食。武定（惠民）、滨州（武定东）、商河（武定西南）、阳信（武定北）、利津、沾化饥；兖州、登州大饥，民死大半，至食屋草；昌邑、即墨、掖县、高密、胶州大饥，人相食。——《清史稿》卷四四《灾异志五》,,,,,
1704,山东,潍坊,昌邑,1704|山东|潍坊|昌邑,清圣祖康熙四十三年,无,《清史稿》,无,需校验地区信息,"v1,v2","v1,v2",2,0.2857,是,同年同省同来源同 record，但地区名存在近似异写或明显异体，需校验地区信息,泰安大饥，人相食，死者枕藉。肥城，东平大饥，人相食。武定（惠民）、滨州（武定东）、商河（武定西南）、阳信（武定北）、利津、沾化饥；兖州、登州大饥，民死大半，至食屋草；昌邑、即墨、掖县、高密、胶州大饥，人相食。——《清史稿》卷四四《灾异志五》,泰安大饥，人相食，死者枕藉。肥城，东平大饥，人相食。武定（惠民）、滨州（武定东）、商河（武定西南）、阳信（武定北）、利津、沾化饥；兖州、登州大饥，民死大半，至食屋草；昌邑、即墨、掖县、高密、胶州大饥，人相食。——《清史稿》卷四四《灾异志五》,,,,,
1704,山东,泰安,泰安,1704|山东|泰安|泰安,清圣祖康熙四十三年,无,《清史稿》,无,需校验地区信息,"v1,v2","v1,v2",2,0.2857,是,同年同省同来源同 record，但地区名存在近似异写或明显异体，需校验地区信息,泰安大饥，人相食，死者枕藉。肥城，东平大饥，人相食。武定（惠民）、滨州（武定东）、商河（武定西南）、阳信（武定北）、利津、沾化饥；兖州、登州大饥，民死大半，至食屋草；昌邑、即墨、掖县、高密、胶州大饥，人相食。——《清史稿》卷四四《灾异志五》,泰安大饥，人相食，死者枕藉。肥城，东平大饥，人相食。武定（惠民）、滨州（武定东）、商河（武定西南）、阳信（武定北）、利津、沾化饥；兖州、登州大饥，民死大半，至食屋草；昌邑、即墨、掖县、高密、胶州大饥，人相食。——《清史稿》卷四四《灾异志五》,,,,,
1704,山东,泰安,肥城,1704|山东|泰安|肥城,清圣祖康熙四十三年,无,《清史稿》,无,需校验地区信息,"v1,v2","v1,v2",2,0.2857,是,同年同省同来源同 record，但地区名存在近似异写或明显异体，需校验地区信息,泰安大饥，人相食，死者枕藉。肥城，东平大饥，人相食。武定（惠民）、滨州（武定东）、商河（武定西南）、阳信（武定北）、利津、沾化饥；兖州、登州大饥，民死大半，至食屋草；昌邑、即墨、掖县、高密、胶州大饥，人相食。——《清史稿》卷四四《灾异志五》,泰安大饥，人相食，死者枕藉。肥城，东平大饥，人相食。武定（惠民）、滨州（武定东）、商河（武定西南）、阳信（武定北）、利津、沾化饥；兖州、登州大饥，民死大半，至食屋草；昌邑、即墨、掖县、高密、胶州大饥，人相食。——《清史稿》卷四四《灾异志五》,,,,,
1704,山东,青岛,胶州,1704|山东|青岛|胶,清圣祖康熙四十三年,无,《清史稿》,无,需校验地区信息,"v1,v2","v1,v2",2,0.2857,是,同年同省同来源同 record，但地区名存在近似异写或明显异体，需校验地区信息,泰安大饥，人相食，死者枕藉。肥城，东平大饥，人相食。武定（惠民）、滨州（武定东）、商河（武定西南）、阳信（武定北）、利津、沾化饥；兖州、登州大饥，民死大半，至食屋草；昌邑、即墨、掖县、高密、胶州大饥，人相食。——《清史稿》卷四四《灾异志五》,泰安大饥，人相食，死者枕藉。肥城，东平大饥，人相食。武定（惠民）、滨州（武定东）、商河（武定西南）、阳信（武定北）、利津、沾化饥；兖州、登州大饥，民死大半，至食屋草；昌邑、即墨、掖县、高密、胶州大饥，人相食。——《清史稿》卷四四《灾异志五》,,,,,
1704,山东,烟台,莱州,1704|山东|烟台|莱,清圣祖康熙四十三年,无,《清史稿》,无,需校验地区信息,v1,v1,1,0.1429,是,同年同省同来源同 record，但地区名存在近似异写或明显异体，需校验地区信息,泰安大饥，人相食，死者枕藉。肥城，东平大饥，人相食。武定（惠民）、滨州（武定东）、商河（武定西南）、阳信（武定北）、利津、沾化饥；兖州、登州大饥，民死大半，至食屋草；昌邑、即墨、掖县、高密、胶州大饥，人相食。——《清史稿》卷四四《灾异志五》,,,,,,
1704,山东,青岛,高密,1704|山东|青岛|高密,清圣祖康熙四十三年,无,《清史稿》,无,需校验地区信息,"v1,v2","v1,v2",2,0.2857,是,同年同省同来源同 record，但地区名存在近似异写或明显异体，需校验地区信息,泰安大饥，人相食，死者枕藉。肥城，东平大饥，人相食。武定（惠民）、滨州（武定东）、商河（武定西南）、阳信（武定北）、利津、沾化饥；兖州、登州大饥，民死大半，至食屋草；昌邑、即墨、掖县、高密、胶州大饥，人相食。——《清史稿》卷四四《灾异志五》,泰安大饥，人相食，死者枕藉。肥城，东平大饥，人相食。武定（惠民）、滨州（武定东）、商河（武定西南）、阳信（武定北）、利津、沾化饥；兖州、登州大饥，民死大半，至食屋草；昌邑、即墨、掖县、高密、胶州大饥，人相食。——《清史稿》卷四四《灾异志五》,,,,,
1704,山东,潍坊,潍坊,1704|山东|潍坊|潍坊,清圣祖康熙四十三年,无,《潍县志稿》,无,保留,"v1,v2,v4,v5","v1,v2,v4,v5",4,0.5714,是,,潍坊市：旱。大饥，斗粟千钱，人相食。时又新颁大钱，旧钱不行，有怀数緡不得数升米者，贫者多携子女鬻于市。兼以大疫，人死十五六。——民国《潍县志稿》卷三通纪,潍坊市：旱。大饥，斗粟千钱，人相食。时又新颁大钱，旧钱不行，有怀数緡不得数升米者，贫者多携子女鬻于市。兼以大疫，人死十五六。——民国《潍县志稿》卷三通纪,,潍坊市：旱。大饥，斗粟千钱，人相食。时又新颁大钱，旧钱不行，有怀数緡不得数升米者，贫者多携子女鬻于市。兼以大疫，人死十五六。——民国《潍县志稿》卷三通纪,潍坊市：旱。大饥，斗粟千钱，人相食。时又新颁大钱，旧钱不行，有怀数緡不得数升米者，贫者多携子女鬻于市。兼以大疫，人死十五六。——民国《潍县志稿》卷三通纪,,
1704,山东,青岛,胶州,1704|山东|青岛|胶,清圣祖康熙四十三年,无,《胶州志》,无,保留,"v1,v2,v4,v5","v1,v2,v4,v5",4,0.5714,是,,胶县：春大饥，人相食。蠲今明年租税。大疫。——乾隆《胶州志》卷六大事纪,胶县：春大饥，人相食。蠲今明年租税。大疫。——乾隆《胶州志》卷六大事纪,,胶县：春大饥，人相食。蠲今明年租税。大疫。——乾隆《胶州志》卷六大事纪,胶县：春大饥，人相食。蠲今明年租税。大疫。——乾隆《胶州志》卷六大事纪,,
1704,山东,滨州,博兴,1704|山东|滨|博兴,清圣祖康熙四十三年,无,《重修博兴县志》,无,保留,"v1,v2,v4,v5","v1,v2,v4,v5",4,0.5714,是,,博兴县：大饥，斗粟千钱，人相食。免三年租税，遣官赈济。——道光《重修博兴县志》卷十三祥异,博兴县：大饥，斗粟千钱，人相食。免三年租税，遣官赈济。——道光《重修博兴县志》卷十三祥异,,博兴县：大饥，斗粟千钱，人相食。免三年租税，遣官赈济。——道光《重修博兴县志》卷十三祥异,博兴县：大饥，斗粟千钱，人相食。免三年租税，遣官赈济。——道光《重修博兴县志》卷十三祥异,,
1704,山东,青岛,高密,1704|山东|青岛|高密,清圣祖康熙四十三年,无,《高密县志》,无,保留,"v1,v2,v4,v5","v1,v2,v4,v5",4,0.5714,是,,高密县：大饥，人相食。斗粟银一两，民乏食，草根树皮无遗，死者相藉于道。夏大疫，村落尽墟。——康熙《高密县志》卷九祥异,高密县：大饥，人相食。斗粟银一两，民乏食，草根树皮无遗，死者相藉于道。夏大疫，村落尽墟。——康熙《高密县志》卷九祥异,,高密县：大饥，人相食。斗粟银一两，民乏食，草根树皮无遗，死者相藉于道。夏大疫，村落尽墟。——康熙《高密县志》卷九祥异,高密县：大饥，人相食。斗粟银一两，民乏食，草根树皮无遗，死者相藉于道。夏大疫，村落尽墟。——康熙《高密县志》卷九祥异,,
1704,山东,济宁,鱼台,1704|山东|济宁|鱼台,清圣祖康熙四十三年,无,《鱼台县志》,无,保留,"v1,v2,v4,v5","v1,v2,v4,v5",4,0.5714,是,,鱼台县：春大饥，人相食。——乾隆《鱼台县志》卷三灾祥,鱼台县：春大饥，人相食。——乾隆《鱼台县志》卷三灾祥,,鱼台县：春大饥，人相食。——乾隆《鱼台县志》卷三灾祥,鱼台县：春大饥，人相食。——乾隆《鱼台县志》卷三灾祥,,
1704,山东,烟台,龙口,1704|山东|烟台|龙口,清圣祖康熙四十三年,无,《黄县志》,无,保留,"v1,v2,v4,v5","v1,v2,v4,v5",4,0.5714,是,,龙口市：大饥，斗栗银一两六钱，人至相食。——同治《黄县志》卷五祥异,龙口市：大饥，斗栗银一两六钱，人至相食。——同治《黄县志》卷五祥异,,龙口市：大饥，斗栗银一两六钱，人至相食。——同治《黄县志》卷五祥异,龙口市：大饥，斗栗银一两六钱，人至相食。——同治《黄县志》卷五祥异,,
1704,山东,泰安,东平,1704|山东|泰安|东平,清圣祖康熙四十三年,无,东平州志,无,保留,"v3,v6,v7","v3,v6,v7",3,0.4286,是,,,,东平县：春饥，人相食。蒙蠲赈。——乾隆《东平州志》卷二十灾祥,,,东平县：春饥，人相食。蒙蠲赈。——乾隆《东平州志》卷二十灾祥,东平县：春饥，人相食。蒙蠲赈。——乾隆《东平州志》卷二十灾祥
1704,山东,潍坊,临朐,1704|山东|潍坊|临朐,清圣祖康熙四十三年,无,临朐县志,无,保留,"v3,v6,v7","v3,v6,v7",3,0.4286,是,,,,临朐县：春夏大旱，人相食。秋七月，蚜鲂为灾。——光绪《临朐县志》卷十大事表,,,临朐县：春夏大旱，人相食。秋七月，蚜鲂为灾。——光绪《临朐县志》卷十大事表,临朐县：春夏大旱，人相食。秋七月，蚜鲂为灾。——光绪《临朐县志》卷十大事表
1704,山东,东营,利津,1704|山东|东营|利津,清圣祖康熙四十三年,无,利津县志续编,无,保留,"v3,v6,v7","v3,v6,v7",3,0.4286,是,,,,利津县：大水，岁大饥，人相食。——乾隆《利津县志续编》卷九祥异,,,利津县：大水，岁大饥，人相食。——乾隆《利津县志续编》卷九祥异,利津县：大水，岁大饥，人相食。——乾隆《利津县志续编》卷九祥异
1704,山东,淄博,淄博,1704|山东|淄博|淄博,清圣祖康熙四十三年,无,博山县志,无,保留,"v3,v6,v7","v3,v6,v7",3,0.4286,是,,,,淄博市：大饥，人相食。次年亦如之。——乾隆《博山县志》卷四灾祥,,,淄博市：大饥，人相食。次年亦如之。——乾隆《博山县志》卷四灾祥,淄博市：大饥，人相食。次年亦如之。——乾隆《博山县志》卷四灾祥
1704,山东,青岛,即墨,1704|山东|青岛|即墨,清圣祖康熙四十三年,无,即墨县志,无,保留,v6,v6,1,0.1429,是,,,,,,,即墨县：春大饥，疫。饿殍相望，草根木皮立尽。蠲本年钱粮。——乾隆《即墨县志》卷十一灾祥,
1704,山东,威海,威海,1704|山东|威海|威海,清圣祖康熙四十三年,威海卫,威海卫志,无,保留,"v3,v6,v7","v3,v6,v7",3,0.4286,是,,,,威海市：春大饥，饿死者枕藉，或烧死人食之。夏秋瘟疫盛行，民死几半。——乾隆《威海卫志》卷一灾祥,,,威海市：春大饥，饿死者枕藉，或烧死人食之。夏秋瘟疫盛行，民死几半。——乾隆《威海卫志》卷一灾祥,威海市：春大饥，饿死者枕藉，或烧死人食之。夏秋瘟疫盛行，民死几半。——乾隆《威海卫志》卷一灾祥
1704,山东,烟台,掖县,1704|山东|烟台|掖,清圣祖康熙四十三年,无,掖县志,无,保留,"v3,v6,v7","v3,v6,v7",3,0.4286,是,,,,掖县：大饥，疫。人相食，道瘞相充塞。——乾隆《掖县志》卷五祥异,,,掖县：大饥，疫。人相食，道瘞相充塞。——乾隆《掖县志》卷五祥异,掖县：大饥，疫。人相食，道瘞相充塞。——乾隆《掖县志》卷五祥异
1704,山东,潍坊,昌邑,1704|山东|潍坊|昌邑,清圣祖康熙四十三年,无,昌邑县志,无,保留,"v3,v6,v7","v3,v6,v7",3,0.4286,是,,,,昌邑县：春大饥。子女鬻贩，人相食，白骨枕藉。大疫。——乾隆《昌邑县志》卷七祥异,,,昌邑县：春大饥。子女鬻贩，人相食，白骨枕藉。大疫。——乾隆《昌邑县志》卷七祥异,昌邑县：春大饥。子女鬻贩，人相食，白骨枕藉。大疫。——乾隆《昌邑县志》卷七祥异
1704,山东,烟台,栖霞,1704|山东|烟台|栖霞,清圣祖康熙四十三年,无,栖霞县续志,无,保留,"v3,v6,v7","v3,v6,v7",3,0.4286,是,,,,栖霞县：通省大水，秋无禾。次年（1704年）春饥，人相食。诏蠲额赋，遣员分道赈济。——光绪《栖霞县续志》卷八祥异,,,栖霞县：通省大水，秋无禾。次年（1704年）春饥，人相食。诏蠲额赋，遣员分道赈济。——光绪《栖霞县续志》卷八祥异,栖霞县：通省大水，秋无禾。次年（1704年）春饥，人相食。诏蠲额赋，遣员分道赈济。——光绪《栖霞县续志》卷八祥异
1704,山东,泰安,泰安,1704|山东|泰安|泰安,清圣祖康熙四十三年,无,泰安县志,无,保留,"v3,v6,v7","v3,v6,v7",3,0.4286,是,,,,泰安县：春大饥。人相食，死者枕藉。——乾隆四十七年《泰安县志》卷十四祥异,,,泰安县：春大饥。人相食，死者枕藉。——乾隆四十七年《泰安县志》卷十四祥异,泰安县：春大饥。人相食，死者枕藉。——乾隆四十七年《泰安县志》卷十四祥异
1704,山东,泰安,东平,1704|山东|泰安|东平,清圣祖康熙四十三年,无,清史稿,无,需校验地区信息,"v3,v4,v5,v6,v7","v3,v4,v5,v6,v7",5,0.7143,是,同年同省同来源同 record，但地区名存在近似异写或明显异体，需校验地区信息,,,泰安大饥，人相食，死者枕藉。肥城，东平大饥，人相食。武定（惠民）、滨州（武定东）、商河（武定西南）、阳信（武定北）、利津、沾化饥；兖州、登州大饥，民死大半，至食屋草；昌邑、即墨、掖县、高密、胶州大饥，人相食。——《清史稿》卷四四《灾异志五》,泰安大饥，人相食，死者枕藉。肥城，东平大饥，人相食。武定（惠民）、滨州（武定东）、商河（武定西南）、阳信（武定北）、利津、沾化饥；兖州、登州大饥，民死大半，至食屋草；昌邑、即墨、掖县、高密、胶州大饥，人相食。——《清史稿》卷四四《灾异志五》,泰安大饥，人相食，死者枕藉。肥城，东平大饥，人相食。武定（惠民）、滨州（武定东）、商河（武定西南）、阳信（武定北）、利津、沾化饥；兖州、登州大饥，民死大半，至食屋草；昌邑、即墨、掖县、高密、胶州大饥，人相食。——《清史稿》卷四四《灾异志五》,泰安大饥，人相食，死者枕藉。肥城，东平大饥，人相食。武定（惠民）、滨州（武定东）、商河（武定西南）、阳信（武定北）、利津、沾化饥；兖州、登州大饥，民死大半，至食屋草；昌邑、即墨、掖县、高密、胶州大饥，人相食。——《清史稿》卷四四《灾异志五》,泰安大饥，人相食，死者枕藉。肥城，东平大饥，人相食。武定（惠民）、滨州（武定东）、商河（武定西南）、阳信（武定北）、利津、沾化饥；兖州、登州大饥，民死大半，至食屋草；昌邑、即墨、掖县、高密、胶州大饥，人相食。——《清史稿》卷四四《灾异志五》
1704,山东,青岛,即墨,1704|山东|青岛|即墨,清圣祖康熙四十三年,无,清史稿,无,需校验地区信息,"v3,v4,v5,v6,v7","v3,v4,v5,v6,v7",5,0.7143,是,同年同省同来源同 record，但地区名存在近似异写或明显异体，需校验地区信息,,,泰安大饥，人相食，死者枕藉。肥城，东平大饥，人相食。武定（惠民）、滨州（武定东）、商河（武定西南）、阳信（武定北）、利津、沾化饥；兖州、登州大饥，民死大半，至食屋草；昌邑、即墨、掖县、高密、胶州大饥，人相食。——《清史稿》卷四四《灾异志五》,泰安大饥，人相食，死者枕藉。肥城，东平大饥，人相食。武定（惠民）、滨州（武定东）、商河（武定西南）、阳信（武定北）、利津、沾化饥；兖州、登州大饥，民死大半，至食屋草；昌邑、即墨、掖县、高密、胶州大饥，人相食。——《清史稿》卷四四《灾异志五》,泰安大饥，人相食，死者枕藉。肥城，东平大饥，人相食。武定（惠民）、滨州（武定东）、商河（武定西南）、阳信（武定北）、利津、沾化饥；兖州、登州大饥，民死大半，至食屋草；昌邑、即墨、掖县、高密、胶州大饥，人相食。——《清史稿》卷四四《灾异志五》,泰安大饥，人相食，死者枕藉。肥城，东平大饥，人相食。武定（惠民）、滨州（武定东）、商河（武定西南）、阳信（武定北）、利津、沾化饥；兖州、登州大饥，民死大半，至食屋草；昌邑、即墨、掖县、高密、胶州大饥，人相食。——《清史稿》卷四四《灾异志五》,泰安大饥，人相食，死者枕藉。肥城，东平大饥，人相食。武定（惠民）、滨州（武定东）、商河（武定西南）、阳信（武定北）、利津、沾化饥；兖州、登州大饥，民死大半，至食屋草；昌邑、即墨、掖县、高密、胶州大饥，人相食。——《清史稿》卷四四《灾异志五》
1704,山东,烟台,掖县,1704|山东|烟台|掖,清圣祖康熙四十三年,无,清史稿,无,需校验地区信息,"v3,v4,v5,v6,v7","v3,v4,v5,v6,v7",5,0.7143,是,同年同省同来源同 record，但地区名存在近似异写或明显异体，需校验地区信息,,,泰安大饥，人相食，死者枕藉。肥城，东平大饥，人相食。武定（惠民）、滨州（武定东）、商河（武定西南）、阳信（武定北）、利津、沾化饥；兖州、登州大饥，民死大半，至食屋草；昌邑、即墨、掖县、高密、胶州大饥，人相食。——《清史稿》卷四四《灾异志五》,泰安大饥，人相食，死者枕藉。肥城，东平大饥，人相食。武定（惠民）、滨州（武定东）、商河（武定西南）、阳信（武定北）、利津、沾化饥；兖州、登州大饥，民死大半，至食屋草；昌邑、即墨、掖县、高密、胶州大饥，人相食。——《清史稿》卷四四《灾异志五》,泰安大饥，人相食，死者枕藉。肥城，东平大饥，人相食。武定（惠民）、滨州（武定东）、商河（武定西南）、阳信（武定北）、利津、沾化饥；兖州、登州大饥，民死大半，至食屋草；昌邑、即墨、掖县、高密、胶州大饥，人相食。——《清史稿》卷四四《灾异志五》,泰安大饥，人相食，死者枕藉。肥城，东平大饥，人相食。武定（惠民）、滨州（武定东）、商河（武定西南）、阳信（武定北）、利津、沾化饥；兖州、登州大饥，民死大半，至食屋草；昌邑、即墨、掖县、高密、胶州大饥，人相食。——《清史稿》卷四四《灾异志五》,泰安大饥，人相食，死者枕藉。肥城，东平大饥，人相食。武定（惠民）、滨州（武定东）、商河（武定西南）、阳信（武定北）、利津、沾化饥；兖州、登州大饥，民死大半，至食屋草；昌邑、即墨、掖县、高密、胶州大饥，人相食。——《清史稿》卷四四《灾异志五》
1704,山东,青岛,昌邑,1704|山东|青岛|昌邑,清圣祖康熙四十三年,无,清史稿,无,需校验地区信息,"v3,v4,v5,v6,v7","v3,v4,v5,v6,v7",5,0.7143,是,同年同省同来源同 record，但地区名存在近似异写或明显异体，需校验地区信息,,,泰安大饥，人相食，死者枕藉。肥城，东平大饥，人相食。武定（惠民）、滨州（武定东）、商河（武定西南）、阳信（武定北）、利津、沾化饥；兖州、登州大饥，民死大半，至食屋草；昌邑、即墨、掖县、高密、胶州大饥，人相食。——《清史稿》卷四四《灾异志五》,泰安大饥，人相食，死者枕藉。肥城，东平大饥，人相食。武定（惠民）、滨州（武定东）、商河（武定西南）、阳信（武定北）、利津、沾化饥；兖州、登州大饥，民死大半，至食屋草；昌邑、即墨、掖县、高密、胶州大饥，人相食。——《清史稿》卷四四《灾异志五》,泰安大饥，人相食，死者枕藉。肥城，东平大饥，人相食。武定（惠民）、滨州（武定东）、商河（武定西南）、阳信（武定北）、利津、沾化饥；兖州、登州大饥，民死大半，至食屋草；昌邑、即墨、掖县、高密、胶州大饥，人相食。——《清史稿》卷四四《灾异志五》,泰安大饥，人相食，死者枕藉。肥城，东平大饥，人相食。武定（惠民）、滨州（武定东）、商河（武定西南）、阳信（武定北）、利津、沾化饥；兖州、登州大饥，民死大半，至食屋草；昌邑、即墨、掖县、高密、胶州大饥，人相食。——《清史稿》卷四四《灾异志五》,泰安大饥，人相食，死者枕藉。肥城，东平大饥，人相食。武定（惠民）、滨州（武定东）、商河（武定西南）、阳信（武定北）、利津、沾化饥；兖州、登州大饥，民死大半，至食屋草；昌邑、即墨、掖县、高密、胶州大饥，人相食。——《清史稿》卷四四《灾异志五》
1704,山东,泰安,泰安,1704|山东|泰安|泰安,清圣祖康熙四十三年,无,清史稿,无,需校验地区信息,"v3,v4,v5,v6,v7","v3,v4,v5,v6,v7",5,0.7143,是,同年同省同来源同 record，但地区名存在近似异写或明显异体，需校验地区信息,,,泰安大饥，人相食，死者枕藉。肥城，东平大饥，人相食。武定（惠民）、滨州（武定东）、商河（武定西南）、阳信（武定北）、利津、沾化饥；兖州、登州大饥，民死大半，至食屋草；昌邑、即墨、掖县、高密、胶州大饥，人相食。——《清史稿》卷四四《灾异志五》,泰安大饥，人相食，死者枕藉。肥城，东平大饥，人相食。武定（惠民）、滨州（武定东）、商河（武定西南）、阳信（武定北）、利津、沾化饥；兖州、登州大饥，民死大半，至食屋草；昌邑、即墨、掖县、高密、胶州大饥，人相食。——《清史稿》卷四四《灾异志五》,泰安大饥，人相食，死者枕藉。肥城，东平大饥，人相食。武定（惠民）、滨州（武定东）、商河（武定西南）、阳信（武定北）、利津、沾化饥；兖州、登州大饥，民死大半，至食屋草；昌邑、即墨、掖县、高密、胶州大饥，人相食。——《清史稿》卷四四《灾异志五》,泰安大饥，人相食，死者枕藉。肥城，东平大饥，人相食。武定（惠民）、滨州（武定东）、商河（武定西南）、阳信（武定北）、利津、沾化饥；兖州、登州大饥，民死大半，至食屋草；昌邑、即墨、掖县、高密、胶州大饥，人相食。——《清史稿》卷四四《灾异志五》,泰安大饥，人相食，死者枕藉。肥城，东平大饥，人相食。武定（惠民）、滨州（武定东）、商河（武定西南）、阳信（武定北）、利津、沾化饥；兖州、登州大饥，民死大半，至食屋草；昌邑、即墨、掖县、高密、胶州大饥，人相食。——《清史稿》卷四四《灾异志五》
1704,山东,泰安,肥城,1704|山东|泰安|肥城,清圣祖康熙四十三年,无,清史稿,无,需校验地区信息,"v3,v4,v5,v6,v7","v3,v4,v5,v6,v7",5,0.7143,是,同年同省同来源同 record，但地区名存在近似异写或明显异体，需校验地区信息,,,泰安大饥，人相食，死者枕藉。肥城，东平大饥，人相食。武定（惠民）、滨州（武定东）、商河（武定西南）、阳信（武定北）、利津、沾化饥；兖州、登州大饥，民死大半，至食屋草；昌邑、即墨、掖县、高密、胶州大饥，人相食。——《清史稿》卷四四《灾异志五》,泰安大饥，人相食，死者枕藉。肥城，东平大饥，人相食。武定（惠民）、滨州（武定东）、商河（武定西南）、阳信（武定北）、利津、沾化饥；兖州、登州大饥，民死大半，至食屋草；昌邑、即墨、掖县、高密、胶州大饥，人相食。——《清史稿》卷四四《灾异志五》,泰安大饥，人相食，死者枕藉。肥城，东平大饥，人相食。武定（惠民）、滨州（武定东）、商河（武定西南）、阳信（武定北）、利津、沾化饥；兖州、登州大饥，民死大半，至食屋草；昌邑、即墨、掖县、高密、胶州大饥，人相食。——《清史稿》卷四四《灾异志五》,泰安大饥，人相食，死者枕藉。肥城，东平大饥，人相食。武定（惠民）、滨州（武定东）、商河（武定西南）、阳信（武定北）、利津、沾化饥；兖州、登州大饥，民死大半，至食屋草；昌邑、即墨、掖县、高密、胶州大饥，人相食。——《清史稿》卷四四《灾异志五》,泰安大饥，人相食，死者枕藉。肥城，东平大饥，人相食。武定（惠民）、滨州（武定东）、商河（武定西南）、阳信（武定北）、利津、沾化饥；兖州、登州大饥，民死大半，至食屋草；昌邑、即墨、掖县、高密、胶州大饥，人相食。——《清史稿》卷四四《灾异志五》
1704,山东,青岛,胶州,1704|山东|青岛|胶,清圣祖康熙四十三年,无,清史稿,无,需校验地区信息,"v3,v4,v5,v6,v7","v3,v4,v5,v6,v7",5,0.7143,是,同年同省同来源同 record，但地区名存在近似异写或明显异体，需校验地区信息,,,泰安大饥，人相食，死者枕藉。肥城，东平大饥，人相食。武定（惠民）、滨州（武定东）、商河（武定西南）、阳信（武定北）、利津、沾化饥；兖州、登州大饥，民死大半，至食屋草；昌邑、即墨、掖县、高密、胶州大饥，人相食。——《清史稿》卷四四《灾异志五》,泰安大饥，人相食，死者枕藉。肥城，东平大饥，人相食。武定（惠民）、滨州（武定东）、商河（武定西南）、阳信（武定北）、利津、沾化饥；兖州、登州大饥，民死大半，至食屋草；昌邑、即墨、掖县、高密、胶州大饥，人相食。——《清史稿》卷四四《灾异志五》,泰安大饥，人相食，死者枕藉。肥城，东平大饥，人相食。武定（惠民）、滨州（武定东）、商河（武定西南）、阳信（武定北）、利津、沾化饥；兖州、登州大饥，民死大半，至食屋草；昌邑、即墨、掖县、高密、胶州大饥，人相食。——《清史稿》卷四四《灾异志五》,泰安大饥，人相食，死者枕藉。肥城，东平大饥，人相食。武定（惠民）、滨州（武定东）、商河（武定西南）、阳信（武定北）、利津、沾化饥；兖州、登州大饥，民死大半，至食屋草；昌邑、即墨、掖县、高密、胶州大饥，人相食。——《清史稿》卷四四《灾异志五》,泰安大饥，人相食，死者枕藉。肥城，东平大饥，人相食。武定（惠民）、滨州（武定东）、商河（武定西南）、阳信（武定北）、利津、沾化饥；兖州、登州大饥，民死大半，至食屋草；昌邑、即墨、掖县、高密、胶州大饥，人相食。——《清史稿》卷四四《灾异志五》
1704,山东,青岛,高密,1704|山东|青岛|高密,清圣祖康熙四十三年,无,清史稿,无,需校验地区信息,"v3,v4,v5,v6,v7","v3,v4,v5,v6,v7",5,0.7143,是,同年同省同来源同 record，但地区名存在近似异写或明显异体，需校验地区信息,,,泰安大饥，人相食，死者枕藉。肥城，东平大饥，人相食。武定（惠民）、滨州（武定东）、商河（武定西南）、阳信（武定北）、利津、沾化饥；兖州、登州大饥，民死大半，至食屋草；昌邑、即墨、掖县、高密、胶州大饥，人相食。——《清史稿》卷四四《灾异志五》,泰安大饥，人相食，死者枕藉。肥城，东平大饥，人相食。武定（惠民）、滨州（武定东）、商河（武定西南）、阳信（武定北）、利津、沾化饥；兖州、登州大饥，民死大半，至食屋草；昌邑、即墨、掖县、高密、胶州大饥，人相食。——《清史稿》卷四四《灾异志五》,泰安大饥，人相食，死者枕藉。肥城，东平大饥，人相食。武定（惠民）、滨州（武定东）、商河（武定西南）、阳信（武定北）、利津、沾化饥；兖州、登州大饥，民死大半，至食屋草；昌邑、即墨、掖县、高密、胶州大饥，人相食。——《清史稿》卷四四《灾异志五》,泰安大饥，人相食，死者枕藉。肥城，东平大饥，人相食。武定（惠民）、滨州（武定东）、商河（武定西南）、阳信（武定北）、利津、沾化饥；兖州、登州大饥，民死大半，至食屋草；昌邑、即墨、掖县、高密、胶州大饥，人相食。——《清史稿》卷四四《灾异志五》,泰安大饥，人相食，死者枕藉。肥城，东平大饥，人相食。武定（惠民）、滨州（武定东）、商河（武定西南）、阳信（武定北）、利津、沾化饥；兖州、登州大饥，民死大半，至食屋草；昌邑、即墨、掖县、高密、胶州大饥，人相食。——《清史稿》卷四四《灾异志五》
1704,山东,潍坊,潍坊,1704|山东|潍坊|潍坊,清圣祖康熙四十三年,无,潍县志稿,无,保留,"v3,v6,v7","v3,v6,v7",3,0.4286,是,,,,潍坊市：旱。大饥，斗粟千钱，人相食。时又新颁大钱，旧钱不行，有怀数緡不得数升米者，贫者多携子女鬻于市。兼以大疫，人死十五六。——民国《潍县志稿》卷三通纪,,,潍坊市：旱。大饥，斗粟千钱，人相食。时又新颁大钱，旧钱不行，有怀数緡不得数升米者，贫者多携子女鬻于市。兼以大疫，人死十五六。——民国《潍县志稿》卷三通纪,潍坊市：旱。大饥，斗粟千钱，人相食。时又新颁大钱，旧钱不行，有怀数緡不得数升米者，贫者多携子女鬻于市。兼以大疫，人死十五六。——民国《潍县志稿》卷三通纪
1704,山东,青岛,胶州,1704|山东|青岛|胶,清圣祖康熙四十三年,无,胶州志,无,保留,"v3,v6,v7","v3,v6,v7",3,0.4286,是,,,,胶县：春大饥，人相食。蠲今明年租税。大疫。——乾隆《胶州志》卷六大事纪,,,胶县：春大饥，人相食。蠲今明年租税。大疫。——乾隆《胶州志》卷六大事纪,胶县：春大饥，人相食。蠲今明年租税。大疫。——乾隆《胶州志》卷六大事纪
1704,山东,滨州,博兴,1704|山东|滨|博兴,清圣祖康熙四十三年,无,重修博兴县志,无,保留,"v3,v6,v7","v3,v6,v7",3,0.4286,是,,,,博兴县：大饥，斗粟千钱，人相食。免三年租税，遣官赈济。——道光《重修博兴县志》卷十三祥异,,,博兴县：大饥，斗粟千钱，人相食。免三年租税，遣官赈济。——道光《重修博兴县志》卷十三祥异,博兴县：大饥，斗粟千钱，人相食。免三年租税，遣官赈济。——道光《重修博兴县志》卷十三祥异
1704,山东,青岛,高密,1704|山东|青岛|高密,清圣祖康熙四十三年,无,高密县志,无,保留,"v3,v6,v7","v3,v6,v7",3,0.4286,是,,,,高密县：大饥，人相食。斗粟银一两，民乏食，草根树皮无遗，死者相藉于道。夏大疫，村落尽墟。——康熙《高密县志》卷九祥异,,,高密县：大饥，人相食。斗粟银一两，民乏食，草根树皮无遗，死者相藉于道。夏大疫，村落尽墟。——康熙《高密县志》卷九祥异,高密县：大饥，人相食。斗粟银一两，民乏食，草根树皮无遗，死者相藉于道。夏大疫，村落尽墟。——康熙《高密县志》卷九祥异
1704,山东,济宁,鱼台,1704|山东|济宁|鱼台,清圣祖康熙四十三年,无,鱼台县志,无,保留,v6,v6,1,0.1429,是,,,,,,,鱼台县：春大饥，人相食。——乾隆《鱼台县志》卷三灾异,
1704,山东,,鱼台县,1704|山东|鱼台,清圣祖康熙四十三年,无,鱼台县志,无,保留,"v3,v7","v3,v7",2,0.2857,是,,,,鱼台县：春大饥，人相食。——乾隆《鱼台县志》卷三灾祥,,,,鱼台县：春大饥，人相食。——乾隆《鱼台县志》卷三灾祥
1704,山东,龙口,龙口,1704|山东|龙口|龙口,清圣祖康熙四十三年,无,黄县志,无,保留,"v3,v6,v7","v3,v6,v7",3,0.4286,是,,,,龙口市：大饥，斗栗银一两六钱，人至相食。——同治《黄县志》卷五祥异,,,龙口市：大饥，斗栗银一两六钱，人至相食。——同治《黄县志》卷五祥异,龙口市：大饥，斗栗银一两六钱，人至相食。——同治《黄县志》卷五祥异
1709,江苏,,沛县,1709|江苏|沛,清圣祖康熙四十八年,无,《徐州府志》,无,保留,"v1,v2,v3,v5,v7","v1,v2,v3,v5,v7",5,0.7143,是,,沛县：沛大饥，人相食，已大旱疫。——同治《徐州府志》卷二十五,沛县：沛大饥，人相食，已大旱疫。——同治《徐州府志》卷二十五,沛县：沛大饥，人相食，已大旱疫。——同治《徐州府志》卷二十五,,沛县：沛大饥，人相食，已大旱疫。——同治《徐州府志》卷二十五,,沛县：沛大饥，人相食，已大旱疫。——同治《徐州府志》卷二十五
1709,江苏,,沛县,1709|江苏|沛,清圣祖康熙四十八年,无,《徐州府志》,无,保留,"v4,v6","v4,v6",2,0.2857,是,,,,,江苏：沛县：沛大饥，人相食，已大旱疫。——同治《徐州府志》卷二十五,,江苏：沛县：沛大饥，人相食，已大旱疫。——同治《徐州府志》卷二十五,
1710,河南,,开封县,1710|河南|开封,清圣祖康熙四十九年,无,《陈留县志》,无,保留,"v2,v4","v2,v4",2,0.2857,是,,,河南：开封县：岁饥，饿殍载道，人相食。——宣统《陈留县志》卷三十六善人,,河南：开封县：岁饥，饿殍载道，人相食。——宣统《陈留县志》卷三十六善人,,,
1710,河南,开封,开封县,1710|河南|开封|开封,清圣祖康熙四十九年,无,《陈留县志》,无,保留,"v1,v5,v6,v7","v1,v5,v6,v7",4,0.5714,是,,开封县：岁饥，饿殍载道，人相食。——宣统《陈留县志》卷三十六善人,,,,开封县：岁饥，饿殍载道，人相食。——宣统《陈留县志》卷三十六善人,开封县：岁饥，饿殍载道，人相食。——宣统《陈留县志》卷三十六善人,开封县：岁饥，饿殍载道，人相食。——宣统《陈留县志》卷三十六善人
1710,河南,,开封县,1710|河南|开封,清圣祖康熙四十九年,无,陈留县志,无,保留,v3,v3,1,0.1429,是,,,,河南：开封县：岁饥，饿殍载道，人相食。——宣统《陈留县志》卷三十六善人,,,,
1721,河南,,正阳县,1721|河南|正阳,清圣祖康熙六十年,无,《正阳县志》,无,保留,"v1,v2,v3,v4,v5,v6,v7","v1,v2,v3,v4,v5,v6,v7",7,1.0,是,,河南正阳县：春大饥，人相食。——嘉庆《正阳县志》卷九祥异,正阳县：春大饥，人相食。——嘉庆《正阳县志》卷九祥异,正阳县：春大饥，人相食。——嘉庆《正阳县志》卷九祥异,正阳县：春大饥，人相食。——嘉庆《正阳县志》卷九祥异,正阳县：春大饥，人相食。——嘉庆《正阳县志》卷九祥异,正阳县：春大饥，人相食。——嘉庆《正阳县志》卷九祥异,正阳县：春大饥，人相食。——嘉庆《正阳县志》卷九祥异
1730,陕西,,佳县,1730|陕西|佳,清世宗雍正八年,无,《葭州志》,无,保留,"v3,v4,v5,v7","v3,v4,v5,v7",4,0.5714,是,,,,陕西：佳县：大饥，死者积野，人相食，又大疫。——嘉庆《葭州志》卷下灾祥,陕西：佳县：大饥，死者积野，人相食，又大疫。——嘉庆《葭州志》卷下灾祥,陕西：佳县：大饥，死者积野，人相食，又大疫。——嘉庆《葭州志》卷下灾祥,,陕西：佳县：大饥，死者积野，人相食，又大疫。——嘉庆《葭州志》卷下灾祥
1730,陕西,,佳县,1730|陕西|佳,清世宗雍正八年,无,《葭州志》,无,保留,"v1,v2,v6","v1,v2,v6",3,0.4286,是,,佳县：大饥，死者积野，人相食，又大疫。——嘉庆《葭州志》卷下灾祥,佳县：大饥，死者积野，人相食，又大疫。——嘉庆《葭州志》卷下灾祥,,,,佳县：大饥，死者积野，人相食，又大疫。——嘉庆《葭州志》卷下灾祥,
1731,山东,,平度县,1731|山东|平度,清世宗雍正九年,无,《平度县乡土志》,无,保留,"v1,v2,v3,v4,v5,v6,v7","v1,v2,v3,v4,v5,v6,v7",7,1.0,是,,山东平度县：大饥，人相食。——光绪《平度县乡土志》卷四耆旧,山东平度县：大饥，人相食。——光绪《平度县乡土志》卷四耆旧,平度县：大饥，人相食。——光绪《平度县乡土志》卷四耆旧,平度县：大饥，人相食。——光绪《平度县乡土志》卷四耆旧,平度县：大饥，人相食。——光绪《平度县乡土志》卷四耆旧,平度县：大饥，人相食。——光绪《平度县乡土志》卷四耆旧,平度县：大饥，人相食。——光绪《平度县乡土志》卷四耆旧
1731,山东,,滕县,1731|山东|滕,清世宗雍正九年,无,《滕县志》,无,保留,"v1,v2,v3,v4,v5,v6,v7","v1,v2,v3,v4,v5,v6,v7",7,1.0,是,,山东滕县：大水。米价如珠，藻满市，人相食。——道光《滕县志》卷五灾祥,山东滕县：大水。米价如珠，藻满市，人相食。——道光《滕县志》卷五灾祥,滕县：大水。米价如珠，藻满市，人相食。——道光《滕县志》卷五灾祥,滕县：大水。米价如珠，藻满市，人相食。——道光《滕县志》卷五灾祥,滕县：大水。米价如珠，藻满市，人相食。——道光《滕县志》卷五灾祥,滕县：大水。米价如珠，藻满市，人相食。——道光《滕县志》卷五灾祥,滕县：大水。米价如珠，藻满市，人相食。——道光《滕县志》卷五灾祥
1742,安徽,,蒙城县,1742|安徽|蒙城,清高宗乾隆七年,无,《蒙城县志》,无,保留,"v2,v3,v6,v7","v2,v3,v6,v7",4,0.5714,是,,,蒙城县：复大水，人相食。——同治《蒙城县志》卷十二祥异,蒙城县：复大水，人相食。——同治《蒙城县志》卷十二祥异,,,蒙城县：复大水，人相食。——同治《蒙城县志》卷十二祥异,蒙城县：复大水，人相食。——同治《蒙城县志》卷十二祥异
1742,安徽,,蒙城县,1742|安徽|蒙城,清高宗乾隆七年,无,《蒙城县志》,无,保留,"v1,v4,v5","v1,v4,v5",3,0.4286,是,,安徽：蒙城县：复大水，人相食。——同治《蒙城县志》卷十二祥异,,,安徽：蒙城县：复大水，人相食。——同治《蒙城县志》卷十二祥异,安徽：蒙城县：复大水，人相食。——同治《蒙城县志》卷十二祥异,,
1743,湖北,老河口,光化,1743|湖北|老河口|光化,清高宗乾隆八年,无,《光化县志},无,需进一步分析,v6,v6,1,0.1667,否,"同类 record 存在于 v1,v2,v3,v4,v5,v6；本条仅存在于 v6；占比 16.7%",,,,,,老河口市：春饥，人相食。——光绪《光化县志》卷八祥异,
1743,湖北,,老河口市,1743|湖北|老河口,清高宗乾隆八年,无,《光化县志》,无,保留,"v1,v2,v4,v5","v1,v2,v4,v5",4,0.5714,是,,老河口市：春饥，人相食。——光绪《光化县志》卷八祥异,老河口市：春饥，人相食。——光绪《光化县志》卷八祥异,,老河口市：春饥，人相食。——光绪《光化县志》卷八祥异,老河口市：春饥，人相食。——光绪《光化县志》卷八祥异,,
1743,湖北,,光化县,1743|湖北|光化,清高宗乾隆八年,无,《光化县志》,原文作老河口市，光化县为其古称，今仍存,保留,v3,v3,1,0.1429,是,,,,湖北：老河口市：春饥，人相食。——光绪《光化县志》卷八祥异,,,,
1746,山东,潍坊市,,1746|山东|潍坊,清高宗乾隆十一年,无,《潍县志稿》,无,保留,v2,v2,1,0.1429,是,,,山东：潍坊市：丙寅、丁卯年间岁连歉，人相食，斗粟值钱千百。——民国《潍县志稿》卷四十二杂稽,,,,,
1746,山东,潍坊市,,1746|山东|潍坊,清高宗乾隆十一年,无,《潍县志稿》,无,保留,v1,v1,1,0.1429,是,,潍坊市：丙寅、丁卯年间岁连歉，人相食，斗粟值钱千百。——民国《潍县志稿》卷四十二杂稽,,,,,,
1746,山东,潍坊,潍县,1746|山东|潍坊|潍,清高宗乾隆十一年,潍坊市,潍县志稿,无,保留,"v5,v6,v7","v5,v6,v7",3,0.4286,是,,,,,,山东：潍坊市：丙寅、丁卯年间岁连歉，人相食，斗粟值钱千百。——民国《潍县志稿》卷四十二杂稽,山东：潍坊市：丙寅、丁卯年间岁连歉，人相食，斗粟值钱千百。——民国《潍县志稿》卷四十二杂稽,山东：潍坊市：丙寅、丁卯年间岁连歉，人相食，斗粟值钱千百。——民国《潍县志稿》卷四十二杂稽
1746,山东,潍坊市,,1746|山东|潍坊,清高宗乾隆十一年,无,潍县志稿,无,保留,v3,v3,1,0.1429,是,,,,山东：潍坊市：丙寅、丁卯年间岁连歉，人相食，斗粟值钱千百。——民国《潍县志稿》卷四十二杂稽,,,,
1747,山东,,汶上,1747|山东|汶上,清高宗乾隆十二年,无,《四续汶上县志稿》,无,保留,"v1,v2,v3,v4,v5","v1,v2,v3,v4,v5",5,0.7143,是,,汶上县：夏旱，蝗。岁大饥，人相食。——宣统《四续汶上县志稿》灾祥,汶上县：夏旱，蝗。岁大饥，人相食。——宣统《四续汶上县志稿》灾祥,汶上县：夏旱，蝗。岁大饥，人相食。——宣统《四续汶上县志稿》灾祥,汶上县：夏旱，蝗。岁大饥，人相食。——宣统《四续汶上县志稿》灾祥,汶上县：夏旱，蝗。岁大饥，人相食。——宣统《四续汶上县志稿》灾祥,,
1747,山东,临沂市,郯城,1747|山东|临沂|郯城,清高宗乾隆十二年,无,《沂州府志》,无,保留,"v1,v2,v3,v4,v5","v1,v2,v3,v4,v5",5,0.7143,是,,临沂市等：春，蒙阴大雨雪。郯城旱，人相食。夏四月，日照雨雹。五月，兰山、郯城、莒州、蒙阴、日照大水。蒙阴大疫，秋大饥，赈济。——乾隆《沂州府志》卷十六,临沂市等：春，蒙阴大雨雪。郯城旱，人相食。夏四月，日照雨雹。五月，兰山、郯城、莒州、蒙阴、日照大水。蒙阴大疫，秋大饥，赈济。——乾隆《沂州府志》卷十六,临沂市等：春，蒙阴大雨雪。郯城旱，人相食。夏四月，日照雨雹。五月，兰山、郯城、莒州、蒙阴、日照大水。蒙阴大疫，秋大饥，赈济。——乾隆《沂州府志》卷十六,临沂市等：春，蒙阴大雨雪。郯城旱，人相食。夏四月，日照雨雹。五月，兰山、郯城、莒州、蒙阴、日照大水。蒙阴大疫，秋大饥，赈济。——乾隆《沂州府志》卷十六,临沂市等：春，蒙阴大雨雪。郯城旱，人相食。夏四月，日照雨雹。五月，兰山、郯城、莒州、蒙阴、日照大水。蒙阴大疫，秋大饥，赈济。——乾隆《沂州府志》卷十六,,
1747,山东,,泗水,1747|山东|泗水,清高宗乾隆十二年,无,《泗水县志》,无,保留,"v1,v2,v3,v4,v5","v1,v2,v3,v4,v5",5,0.7143,是,,泗水县：岁大减，人相食。——光绪《泗水县志》卷十四灾祥,泗水县：岁大减，人相食。——光绪《泗水县志》卷十四灾祥,泗水县：岁大减，人相食。——光绪《泗水县志》卷十四灾祥,泗水县：岁大减，人相食。——光绪《泗水县志》卷十四灾祥,泗水县：岁大减，人相食。——光绪《泗水县志》卷十四灾祥,,
1747,山东,,汶上县,1747|山东|汶上,清高宗乾隆十二年,无,四续汶上县志稿,无,保留,"v6,v7","v6,v7",2,0.2857,是,,,,,,,汶上县：夏旱，蝗。岁大饥，人相食。——宣统《四续汶上县志稿》灾祥,汶上县：夏旱，蝗。岁大饥，人相食。——宣统《四续汶上县志稿》灾祥
1747,山东,,郯城,1747|山东|郯城,清高宗乾隆十二年,无,沂州府志,无,保留,"v6,v7","v6,v7",2,0.2857,是,,,,,,,临沂市等：春，蒙阴大雨雪。郯城旱，人相食。夏四月，日照雨雹。五月，兰山、郯城、莒州、蒙阴、日照大水。蒙阴大疫，秋大饥，赈济。——乾隆《沂州府志》卷十六,临沂市等：春，蒙阴大雨雪。郯城旱，人相食。夏四月，日照雨雹。五月，兰山、郯城、莒州、蒙阴、日照大水。蒙阴大疫，秋大饥，赈济。——乾隆《沂州府志》卷十六
1747,山东,,泗水县,1747|山东|泗水,清高宗乾隆十二年,无,泗水县志,无,保留,"v6,v7","v6,v7",2,0.2857,是,,,,,,,泗水县：岁大减，人相食。——光绪《泗水县志》卷十四灾祥,泗水县：岁大减，人相食。——光绪《泗水县志》卷十四灾祥
1748,山东,泰安市,泰安县,1748|山东|泰安|泰安,清高宗乾隆十三年,无,《泰安县志》,无,保留,"v2,v6","v2,v6",2,0.2857,是,,,山东泰安市：春大饥，人相食。夏大疫。——乾隆《泰安县志》卷末祥异,,,,泰安市：春大饥，人相食。夏大疫。——乾隆《泰安县志》卷末祥异,
1748,山东,泰安市,泰安,1748|山东|泰安|泰安,清高宗乾隆十三年,无,《泰安县志》,无,保留,v1,v1,1,0.1429,是,,山东：泰安市：春大饥，人相食。夏大疫。——乾隆《泰安县志》卷末祥异,,,,,,
1748,山东,滕县,滕县,1748|山东|滕|滕,清高宗乾隆十三年,无,《滕县志》,无,保留,"v1,v2,v6","v1,v2,v6",3,0.4286,是,,滕县：五月十三日，雨雹，大如臼，民房舍坏损无算。麦被虫害。人相食。——道光《滕县志》卷五灾祥,山东滕县：五月十三日，雨雹，大如臼，民房舍坏损无算。麦被虫害。人相食。——道光《滕县志》卷五灾祥,,,,滕县：五月十三日，雨雹，大如臼，民房舍坏损无算。麦被虫害。人相食。——道光《滕县志》卷五灾祥,
1748,山东,,泰安,1748|山东|泰安,清高宗乾隆十三年,无,泰安县志,无,保留,"v3,v4,v5,v7","v3,v4,v5,v7",4,0.5714,是,,,,泰安市：春大饥，人相食。夏大疫。——乾隆《泰安县志》卷末祥异,泰安市：春大饥，人相食。夏大疫。——乾隆《泰安县志》卷末祥异,泰安市：春大饥，人相食。夏大疫。——乾隆《泰安县志》卷末祥异,,泰安市：春大饥，人相食。夏大疫。——乾隆《泰安县志》卷末祥异
1748,山东,,滕县,1748|山东|滕,清高宗乾隆十三年,无,滕县志,无,保留,"v3,v4,v5,v7","v3,v4,v5,v7",4,0.5714,是,,,,滕县：五月十三日，雨雹，大如臼，民房舍坏损无算。麦被虫害。人相食。——道光《滕县志》卷五灾祥,滕县：五月十三日，雨雹，大如臼，民房舍坏损无算。麦被虫害。人相食。——道光《滕县志》卷五灾祥,滕县：五月十三日，雨雹，大如臼，民房舍坏损无算。麦被虫害。人相食。——道光《滕县志》卷五灾祥,,滕县：五月十三日，雨雹，大如臼，民房舍坏损无算。麦被虫害。人相食。——道光《滕县志》卷五灾祥
1755,河南,,原阳县,1755|河南|原阳,清高宗乾隆二十年,无,《阳武县志》,无,保留,"v1,v2,v3,v4,v5,v6,v7","v1,v2,v3,v4,v5,v6,v7",7,1.0,是,,原阳县：春，烈风昼晦，麦槁。秋旱，大饥，人相食。冬赈。——民国《阳武县志》卷一通纪,原阳县：春，烈风昼晦，麦槁。秋旱，大饥，人相食。冬赈。——民国《阳武县志》卷一通纪,原阳县：春，烈风昼晦，麦槁。秋旱，大饥，人相食。冬赈。——民国《阳武县志》卷一通纪,原阳县：春，烈风昼晦，麦槁。秋旱，大饥，人相食。冬赈。——民国《阳武县志》卷一通纪,原阳县：春，烈风昼晦，麦槁。秋旱，大饥，人相食。冬赈。——民国《阳武县志》卷一通纪,原阳县：春，烈风昼晦，麦槁。秋旱，大饥，人相食。冬赈。——民国《阳武县志》卷一通纪,原阳县：春，烈风昼晦，麦槁。秋旱，大饥，人相食。冬赈。——民国《阳武县志》卷一通纪
1756,河南,,正阳县,1756|河南|正阳,清高宗乾隆二十一年,无,《正阳县志》,无,保留,"v1,v2,v3,v4,v5,v6,v7","v1,v2,v3,v4,v5,v6,v7",7,1.0,是,,正阳县：大饥，人相食。二十二年如之。——嘉庆《正阳县志》卷九祥异,正阳县：大饥，人相食。二十二年如之。——嘉庆《正阳县志》卷九祥异,正阳县：大饥，人相食。二十二年如之。——嘉庆《正阳县志》卷九祥异,正阳县：大饥，人相食。二十二年如之。——嘉庆《正阳县志》卷九祥异,正阳县：大饥，人相食。二十二年如之。——嘉庆《正阳县志》卷九祥异,正阳县：大饥，人相食。二十二年如之。——嘉庆《正阳县志》卷九祥异,正阳县：大饥，人相食。二十二年如之。——嘉庆《正阳县志》卷九祥异
1757,河北,,馆陶县,1757|河北|馆陶,清高宗乾隆二十二年,无,《华北、东北近五百年旱涝史料》,无,保留,"v1,v2,v3,v4,v5,v6,v7","v1,v2,v3,v4,v5,v6,v7",7,1.0,是,,馆陶县：旱蝗为灾，人相食。——《华北、东北近五百年旱涝史料》第三分册，第42页。,馆陶县：旱蝗为灾，人相食。——《华北、东北近五百年旱涝史料》第三分册，第42页。,馆陶县：旱蝗为灾，人相食。——《华北、东北近五百年旱涝史料》第三分册，第42页。,馆陶县：旱蝗为灾，人相食。——《华北、东北近五百年旱涝史料》第三分册，第42页。,馆陶县：旱蝗为灾，人相食。——《华北、东北近五百年旱涝史料》第三分册，第42页。,馆陶县：旱蝗为灾，人相食。——《华北、东北近五百年旱涝史料》第三分册，第42页。,馆陶县：旱蝗为灾，人相食。——《华北、东北近五百年旱涝史料》第三分册，第42页。
1757,河南,,正阳县,1757|河南|正阳,清高宗乾隆二十二年,无,《正阳县志》,无,保留,"v1,v2,v3,v4,v5,v6,v7","v1,v2,v3,v4,v5,v6,v7",7,1.0,是,,正阳县：大饥，人相食。——嘉庆《正阳县志》卷九祥异,正阳县：大饥，人相食。——嘉庆《正阳县志》卷九祥异,正阳县：大饥，人相食。——嘉庆《正阳县志》卷九祥异,正阳县：大饥，人相食。——嘉庆《正阳县志》卷九祥异,正阳县：大饥，人相食。——嘉庆《正阳县志》卷九祥异,正阳县：大饥，人相食。——嘉庆《正阳县志》卷九祥异,正阳县：大饥，人相食。——嘉庆《正阳县志》卷九祥异
1759,山西,,离石县,1759|山西|离石,清高宗乾隆二十四年,无,《永宁州志》,无,保留,"v1,v2,v3,v4,v5,v7","v1,v2,v3,v4,v5,v7",6,0.8571,是,,离石县：大饥，至食泥土，相传人犬相食。——光绪《永宁州志》卷三十一灾祥,离石县：大饥，至食泥土，相传人犬相食。——光绪《永宁州志》卷三十一灾祥,离石县：大饥，至食泥土，相传人犬相食。——光绪《永宁州志》卷三十一灾祥,离石县：大饥，至食泥土，相传人犬相食。——光绪《永宁州志》卷三十一灾祥,离石县：大饥，至食泥土，相传人犬相食。——光绪《永宁州志》卷三十一灾祥,,离石县：大饥，至食泥土，相传人犬相食。——光绪《永宁州志》卷三十一灾祥
1759,河南,,林县,1759|河南|林,清高宗乾隆二十四年,无,《续林县志》,无,保留,"v1,v2,v3,v4,v5","v1,v2,v3,v4,v5",5,0.7143,是,,林县：岁荒，人相食。——咸丰《续林县志》卷一祥异,林县：岁荒，人相食。——咸丰《续林县志》卷一祥异,林县：岁荒，人相食。——咸丰《续林县志》卷一祥异,林县：岁荒，人相食。——咸丰《续林县志》卷一祥异,林县：岁荒，人相食。——咸丰《续林县志》卷一祥异,,
1759,山西,,离石县,1759|山西|离石,清高宗乾隆二十四年,无,永宁州志,无,保留,v6,v6,1,0.1429,是,,,,,,,离石县：大饥，至食泥土，相传人犬相食。——光绪《永宁州志》卷三十一灾祥,
1759,河南,,林县,1759|河南|林,清高宗乾隆二十四年,无,续林县志,无,保留,v6,v6,1,0.1429,是,,,,,,,林县：岁荒，人相食。——咸丰《续林县志》卷一祥异,
1774,山东,青州市,益都,1774|山东|青|益都,清高宗乾隆三十九年,益都,《华北、东北近五百年旱涝史料》,无,保留,v1,v1,1,0.1429,是,,青州市（益都）：大饥，人相食。——《华北、东北近五百年旱涝史料》第三分册，第15页。,,,,,,
1774,山东,青州市,益都,1774|山东|青|益都,清高宗乾隆三十九年,无,《华北、东北近五百年旱涝史料》,无,保留,v2,v2,1,0.1429,是,,,山东：青州市（益都）：大饥，人相食。——《华北、东北近五百年旱涝史料》第三分册，第15页。,,,,,
1774,山东,,青州市,1774|山东|青,清高宗乾隆三十九年,益都,华北、东北近五百年旱涝史料,无,需校验地区信息,v6,v6,1,0.1429,是,同年同省同来源同 record，但地区名存在近似异写或明显异体，需校验地区信息,,,,,,青州市（益都）：大饥，人相食。——《华北、东北近五百年旱涝史料》第三分册，第15页。,
1774,山东,,青州市（益都）,1774|山东|青州市（益都）,清高宗乾隆三十九年,益都,华北、东北近五百年旱涝史料,古地名识别：益都为青州古称,需校验地区信息,v5,v5,1,0.1429,是,同年同省同来源同 record，但地区名存在近似异写或明显异体，需校验地区信息,,,,,青州市（益都）：大饥，人相食。——《华北、东北近五百年旱涝史料》第三分册，第15页。,,
1774,山东,,益都,1774|山东|益都,清高宗乾隆三十九年,无,华北、东北近五百年旱涝史料,无,保留,v3,v3,1,0.1429,是,,,,山东：青州市（益都）：大饥，人相食。——《华北、东北近五百年旱涝史料》第三分册，第15页。,,,,
1774,山东,,青州,1774|山东|青,清高宗乾隆三十九年,益都,华北、东北近五百年旱涝史料,无,保留,"v4,v7","v4,v7",2,0.2857,是,,,,,山东：青州市（益都）：大饥，人相食。——《华北、东北近五百年旱涝史料》第三分册，第15页。,,,山东：青州市（益都）：大饥，人相食。——《华北、东北近五百年旱涝史料》第三分册，第15页
1777,山东,,济阳县,1777|山东|济阳,清高宗乾隆四十二年,无,《济阳县志》,无,保留,v1,v1,1,0.1429,是,,济阳县：大旱。自二月至八月无雨，一粒不收，人将相食。普蠲天下钱粮，仍分三年轮免。——民国《济阳县志》卷二十祥异,,,,,,
1777,山东,,济阳县,1777|山东|济阳,清高宗乾隆四十二年,无,《济阳县志》,无,保留,"v2,v3,v4,v5,v6,v7","v2,v3,v4,v5,v6,v7",6,0.8571,是,,,山东：济阳县：大旱。自二月至八月无雨，一粒不收，人将相食。普蠲天下钱粮，仍分三年轮免。——民国《济阳县志》卷二十祥异,山东：济阳县：大旱。自二月至八月无雨，一粒不收，人将相食。普蠲天下钱粮，仍分三年轮免。——民国《济阳县志》卷二十祥异,山东：济阳县：大旱。自二月至八月无雨，一粒不收，人将相食。普蠲天下钱粮，仍分三年轮免。——民国《济阳县志》卷二十祥异,山东：济阳县：大旱。自二月至八月无雨，一粒不收，人将相食。普蠲天下钱粮，仍分三年轮免。——民国《济阳县志》卷二十祥异,山东：济阳县：大旱。自二月至八月无雨，一粒不收，人将相食。普蠲天下钱粮，仍分三年轮免。——民国《济阳县志》卷二十祥异,山东：济阳县：大旱。自二月至八月无雨，一粒不收，人将相食。普蠲天下钱粮，仍分三年轮免。——民国《济阳县志》卷二十祥异
1779,四川,,忠县,1779|四川|忠,清高宗乾隆四十四年,无,《忠州直隶州志》,无,保留,"v1,v2,v3,v4,v5,v7","v1,v2,v3,v4,v5,v7",6,0.8571,是,,忠县：春，民大饥，斗米一千六百钱，道雍相望，人相食。——道光《忠州直隶州志》卷四祥异,忠县：春，民大饥，斗米一千六百钱，道雍相望，人相食。——道光《忠州直隶州志》卷四祥异,忠县：春，民大饥，斗米一千六百钱，道雍相望，人相食。——道光《忠州直隶州志》卷四祥异,忠县：春，民大饥，斗米一千六百钱，道雍相望，人相食。——道光《忠州直隶州志》卷四祥异,忠县：春，民大饥，斗米一千六百钱，道雍相望，人相食。——道光《忠州直隶州志》卷四祥异,,忠县：春，民大饥，斗米一千六百钱，道雍相望，人相食。——道光《忠州直隶州志》卷四祥异
1779,四川,,忠县,1779|四川|忠,清高宗乾隆四十四年,无,忠州直隶州志,无,保留,v6,v6,1,0.1429,是,,,,,,,忠县：春，民大饥，斗米一千六百钱，道雍相望，人相食。——道光《忠州直隶州志》卷四祥异,
1784,山东,,单县,1784|山东|单,清高宗乾隆四十九年,无,《单县志》,无,保留,"v2,v3,v4,v5,v7","v2,v3,v4,v5,v7",5,0.7143,是,,,单县：甲辰岁春旱，迄丙午春，民饥多疫，人相食。盖百年罕有之荒也。——民国《单县志》卷十八艺文,单县：甲辰岁春旱，迄丙午春，民饥多疫，人相食。盖百年罕有之荒也。——民国《单县志》卷十八艺文,单县：甲辰岁春旱，迄丙午春，民饥多疫，人相食。盖百年罕有之荒也。——民国《单县志》卷十八艺文,单县：甲辰岁春旱，迄丙午春，民饥多疫，人相食。盖百年罕有之荒也。——民国《单县志》卷十八艺文,,单县：甲辰岁春旱，迄丙午春，民饥多疫，人相食。盖百年罕有之荒也。——民国《单县志》卷十八艺文
1784,山东,,单县,1784|山东|单,清高宗乾隆四十九年,无,民国《单县志》,无,需进一步分析,v1,v1,1,0.1667,否,"同类 record 存在于 v1,v2,v3,v4,v5,v7；本条仅存在于 v1；占比 16.7%",单县：甲辰岁春旱，迄丙午春，民饥多疫，人相食。盖百年罕有之荒也。——民国《单县志》卷十八艺文,,,,,,
1785,山东,,临朐,1785|山东|临朐,清高宗乾隆五十年,无,《临朐县志》,无,保留,"v1,v2","v1,v2",2,0.2857,是,,临朐县：大饥，父子相食。——光绪《临朐县志》卷十大事表,临朐县：大饥，父子相食。——光绪《临朐县志》卷十大事表,,,,,
1785,安徽,亳州市,,1785|安徽|亳,清高宗乾隆五十年,无,《亳州志》,无,保留,"v1,v2","v1,v2",2,0.2857,是,,亳州市：秋冬大饥，斗麦千钱，人相食。——道光《亳州志》卷四十祥异,亳州市：秋冬大饥，斗麦千钱，人相食。——道光《亳州志》卷四十祥异,,,,,
1785,山东,,商河,1785|山东|商河,清高宗乾隆五十年,无,《华北、东北近五百年旱涝史料,无,需进一步分析,v4,v4,1,0.1667,否,"同类 record 存在于 v1,v2,v4,v5,v6,v7；本条仅存在于 v4；占比 16.7%",,,,商河县：大旱，人相食。,,,
1785,山东,,临淄,1785|山东|临淄,清高宗乾隆五十年,无,《华北、东北近五百年旱涝史料,原文作'淄博市'，古代属青州府临淄县,需进一步分析,v4,v4,1,0.1667,否,"同类 record 存在于 v1,v2,v4,v5,v6,v7；本条仅存在于 v4；占比 16.7%",,,,淄博市：旱，大饥，人相食。,,,
1785,山东,,商河,1785|山东|商河,清高宗乾隆五十年,无,《华北、东北近五百年旱涝史料》,无,保留,"v1,v2","v1,v2",2,0.2857,是,,商河县：大旱，人相食。——《华北、东北近五百年旱涝史料》第三分册，第43页。,商河县：大旱，人相食。——《华北、东北近五百年旱涝史料》第三分册，第43页。,,,,,
1785,山东,,阳谷,1785|山东|阳谷,清高宗乾隆五十年,无,《华北、东北近五百年旱涝史料》,无,保留,"v1,v2","v1,v2",2,0.2857,是,,阳谷县：大旱，人相食。——《华北、东北近五百年旱涝史料》第三分册，第43页。,阳谷县：大旱，人相食。——《华北、东北近五百年旱涝史料》第三分册，第43页。,,,,,
1785,山东,淄博市,,1785|山东|淄博,清高宗乾隆五十年,无,《华北、东北近五百年旱涝史料》,无,保留,"v1,v2","v1,v2",2,0.2857,是,,淄博市：旱，大饥，人相食。——《华北、东北近五百年旱涝史料》第三分册，第16页。,淄博市：旱，大饥，人相食。——《华北、东北近五百年旱涝史料》第三分册，第16页。,,,,,
1785,河南,,宁陵,1785|河南|宁陵,清高宗乾隆五十年,无,《宁陵县志》,无,保留,"v1,v2","v1,v2",2,0.2857,是,,宁陵县：大旱，赤地千里。宁邑尤甚，民饥相食，死亡流离十去六七，千里萧条。——宣统《宁陵县志》卷终祥异,宁陵县：大旱，赤地千里。宁邑尤甚，民饥相食，死亡流离十去六七，千里萧条。——宣统《宁陵县志》卷终祥异,,,,,
1785,安徽,,怀宁,1785|安徽|怀宁,清高宗乾隆五十年,无,《怀宁县志》,无,保留,"v1,v2","v1,v2",2,0.2857,是,,怀宁县：大饥，人相食。——道光《怀宁县志》卷二祥异,怀宁县：大饥，人相食。——道光《怀宁县志》卷二祥异,,,,,
1785,河南,,息,1785|河南|息,清高宗乾隆五十年,无,《息县志》,无,保留,"v1,v2","v1,v2",2,0.2857,是,,息县：大旱，四月至七月始雨，仅有荞麦。陈、蔡等郡饥民就食者众，斗米千文钱，人相食。——嘉庆《息县志》卷八内纪,息县：大旱，四月至七月始雨，仅有荞麦。陈、蔡等郡饥民就食者众，斗米千文钱，人相食。——嘉庆《息县志》卷八内纪,,,,,
1785,山东,,安丘,1785|山东|安丘,清高宗乾隆五十年,无,《清史稿,无,需进一步分析,v4,v4,1,0.1667,否,"同类 record 存在于 v1,v2,v4,v5,v6,v7；本条仅存在于 v4；占比 16.7%",,,,乾隆五十年（1785年）'春，（湖北）宜城、光化、随州、枝江大饥，人食树皮。''夏，章丘、邹平、临邑、东阿、肥城饥。秋，（山东）寿光、昌乐、安丘、诸城大饥，父子相食。',,,
1785,山东,,寿光,1785|山东|寿光,清高宗乾隆五十年,无,《清史稿,无,需进一步分析,v4,v4,1,0.1667,否,"同类 record 存在于 v1,v2,v4,v5,v6,v7；本条仅存在于 v4；占比 16.7%",,,,乾隆五十年（1785年）'春，（湖北）宜城、光化、随州、枝江大饥，人食树皮。''夏，章丘、邹平、临邑、东阿、肥城饥。秋，（山东）寿光、昌乐、安丘、诸城大饥，父子相食。',,,
1785,山东,,昌乐,1785|山东|昌乐,清高宗乾隆五十年,无,《清史稿,无,需进一步分析,v4,v4,1,0.1667,否,"同类 record 存在于 v1,v2,v4,v5,v6,v7；本条仅存在于 v4；占比 16.7%",,,,乾隆五十年（1785年）'春，（湖北）宜城、光化、随州、枝江大饥，人食树皮。''夏，章丘、邹平、临邑、东阿、肥城饥。秋，（山东）寿光、昌乐、安丘、诸城大饥，父子相食。',,,
1785,山东,,诸城,1785|山东|诸城,清高宗乾隆五十年,无,《清史稿,无,需进一步分析,v4,v4,1,0.1667,否,"同类 record 存在于 v1,v2,v4,v5,v6,v7；本条仅存在于 v4；占比 16.7%",,,,乾隆五十年（1785年）'春，（湖北）宜城、光化、随州、枝江大饥，人食树皮。''夏，章丘、邹平、临邑、东阿、肥城饥。秋，（山东）寿光、昌乐、安丘、诸城大饥，父子相食。',,,
1785,山东,,寿光,1785|山东|寿光,清高宗乾隆五十年,无,《清史稿》,无,保留,v1,v1,1,0.1429,是,,——《清史稿》卷四四《灾异志五》,,,,,,
1785,山东,,安丘,1785|山东|安丘,清高宗乾隆五十年,无,《清史稿》,无,保留,v2,v2,1,0.1429,是,,,"山东：乾隆五十年（1785年）""秋，（山东）寿光、昌乐、安丘、诸城大饥，父子相食。""——《清史稿》卷四四《灾异志五》",,,,,
1785,山东,,寿光,1785|山东|寿光,清高宗乾隆五十年,无,《清史稿》,无,保留,v2,v2,1,0.1429,是,,,"山东：乾隆五十年（1785年）""秋，（山东）寿光、昌乐、安丘、诸城大饥，父子相食。""——《清史稿》卷四四《灾异志五》",,,,,
1785,山东,,昌乐,1785|山东|昌乐,清高宗乾隆五十年,无,《清史稿》,无,保留,v2,v2,1,0.1429,是,,,"山东：乾隆五十年（1785年）""秋，（山东）寿光、昌乐、安丘、诸城大饥，父子相食。""——《清史稿》卷四四《灾异志五》",,,,,
1785,山东,,诸城,1785|山东|诸城,清高宗乾隆五十年,无,《清史稿》,无,保留,v2,v2,1,0.1429,是,,,"山东：乾隆五十年（1785年）""秋，（山东）寿光、昌乐、安丘、诸城大饥，父子相食。""——《清史稿》卷四四《灾异志五》",,,,,
1785,江苏,,阜宁,1785|江苏|阜宁,清高宗乾隆五十年,无,《湖乡分志》,无,保留,"v1,v2","v1,v2",2,0.2857,是,,阜宁县：大旱，蝗。次年春大荒，人相食。——光绪《湖乡分志》卷九灾异,阜宁县：大旱，蝗。次年春大荒，人相食。——光绪《湖乡分志》卷九灾异,,,,,
1785,江苏,盐城市,,1785|江苏|盐城,清高宗乾隆五十年,无,《盐城县志》,无,保留,"v1,v2","v1,v2",2,0.2857,是,,盐城市：大旱，斗米千钱，人相食。——光绪《盐城县志》卷十七祥异,盐城市：大旱，斗米千钱，人相食。——光绪《盐城县志》卷十七祥异,,,,,
1785,山东,济南市,历城,1785|山东|济南|历城,清高宗乾隆五十年,无,《续修历城县志》,无,保留,"v1,v2","v1,v2",2,0.2857,是,,历城县：旱。大饥，人相食。——民国《续修历城县志》卷一总纪,历城县：旱。大饥，人相食。——民国《续修历城县志》卷一总纪,,,,,
1785,安徽,,霍邱,1785|安徽|霍邱,清高宗乾隆五十年,无,《霍邱县志》,无,保留,"v1,v2","v1,v2",2,0.2857,是,,霍邱县：大旱。斗米一千一百有奇。人相食，民死十之四，且有阖家死者。——道光《霍邱县志》卷十二灾异,霍邱县：大旱。斗米一千一百有奇。人相食，民死十之四，且有阖家死者。——道光《霍邱县志》卷十二灾异,,,,,
1785,河南,,鹿邑,1785|河南|鹿邑,清高宗乾隆五十年,无,《鹿邑县志》,无,保留,"v1,v2","v1,v2",2,0.2857,是,,鹿邑县：岁饥，人相食。——光绪《鹿邑县志》卷十四人物,鹿邑县：岁饥，人相食。——光绪《鹿邑县志》卷十四人物,,,,,
1785,山东,,齐河,1785|山东|齐河,清高宗乾隆五十年,无,《齐河县志》,无,保留,"v1,v2","v1,v2",2,0.2857,是,,齐河县：大旱。饥，人相食。——民国《齐河县志》大事记,齐河县：大旱。饥，人相食。——民国《齐河县志》大事记,,,,,
1785,山东,潍坊,临朐,1785|山东|潍坊|临朐,清高宗乾隆五十年,无,临朐县志,无,保留,"v5,v6,v7","v5,v6,v7",3,0.4286,是,,,,,,临朐县：大饥，父子相食。——光绪《临朐县志》卷十大事表,临朐县：大饥，父子相食。——光绪《临朐县志》卷十大事表,临朐县：大饥，父子相食。——光绪《临朐县志》卷十大事表
1785,安徽,亳州市,,1785|安徽|亳,清高宗乾隆五十年,无,亳州志,无,保留,"v5,v6,v7","v5,v6,v7",3,0.4286,是,,,,,,亳州市：秋冬大饥，斗麦千钱，人相食。——道光《亳州志》卷四十祥异,亳州市：秋冬大饥，斗麦千钱，人相食。——道光《亳州志》卷四十祥异,亳州市：秋冬大饥，斗麦千钱，人相食。——道光《亳州志》卷四十祥异
1785,山东,,临朐,1785|山东|临朐,清高宗乾隆五十年,无,光绪《临朐县志,无,需进一步分析,v4,v4,1,0.1667,否,"同类 record 存在于 v1,v2,v4,v5,v6,v7；本条仅存在于 v4；占比 16.7%",,,,临朐县：大饥，父子相食。,,,
1785,江苏,,阜宁,1785|江苏|阜宁,清高宗乾隆五十年,无,光绪《湖乡分志,无,需进一步分析,v4,v4,1,0.1667,否,"同类 record 存在于 v1,v2,v4,v5,v6,v7；本条仅存在于 v4；占比 16.7%",,,,阜宁县：大旱，蝗。次年春大荒，人相食。,,,
1785,江苏,,盐城,1785|江苏|盐城,清高宗乾隆五十年,无,光绪《盐城县志,无,需进一步分析,v4,v4,1,0.1667,否,"同类 record 存在于 v1,v2,v4,v5,v6,v7；本条仅存在于 v4；占比 16.7%",,,,盐城市：大旱，斗米千钱，人相食。,,,
1785,河南,,鹿邑,1785|河南|鹿邑,清高宗乾隆五十年,无,光绪《鹿邑县志,无,需进一步分析,v4,v4,1,0.1667,否,"同类 record 存在于 v1,v2,v4,v5,v6,v7；本条仅存在于 v4；占比 16.7%",,,,鹿邑县：岁饥，人相食。,,,
1785,山东,,商河县,1785|山东|商河,清高宗乾隆五十年,无,华北、东北近五百年旱涝史料,无,保留,"v5,v6,v7","v5,v6,v7",3,0.4286,是,,,,,,商河县：大旱，人相食。——《华北、东北近五百年旱涝史料》第三分册，第43页。,商河县：大旱，人相食。——《华北、东北近五百年旱涝史料》第三分册，第43页。,商河县：大旱，人相食。——《华北、东北近五百年旱涝史料》第三分册，第43页。
1785,山东,聊城,阳谷,1785|山东|聊城|阳谷,清高宗乾隆五十年,无,华北、东北近五百年旱涝史料,无,保留,"v5,v6,v7","v5,v6,v7",3,0.4286,是,,,,,,阳谷县：大旱，人相食。——《华北、东北近五百年旱涝史料》第三分册，第43页。,阳谷县：大旱，人相食。——《华北、东北近五百年旱涝史料》第三分册，第43页。,阳谷县：大旱，人相食。——《华北、东北近五百年旱涝史料》第三分册，第43页。
1785,山东,淄博市,,1785|山东|淄博,清高宗乾隆五十年,无,华北、东北近五百年旱涝史料,无,保留,"v5,v6,v7","v5,v6,v7",3,0.4286,是,,,,,,淄博市：旱，大饥，人相食。——《华北、东北近五百年旱涝史料》第三分册，第16页。,淄博市：旱，大饥，人相食。——《华北、东北近五百年旱涝史料》第三分册，第16页。,淄博市：旱，大饥，人相食。——《华北、东北近五百年旱涝史料》第三分册，第16页。
1785,河南,,息,1785|河南|息,清高宗乾隆五十年,无,嘉庆《息县志,无,需进一步分析,v4,v4,1,0.1667,否,"同类 record 存在于 v1,v2,v4,v5,v6,v7；本条仅存在于 v4；占比 16.7%",,,,息县：大旱，四月至七月始雨，仅有荞麦。陈、蔡等郡饥民就食者众，斗米千文钱，人相食。,,,
1785,河南,商丘,宁陵,1785|河南|商丘|宁陵,清高宗乾隆五十年,无,宁陵县志,无,保留,"v5,v6,v7","v5,v6,v7",3,0.4286,是,,,,,,宁陵县：大旱，赤地千里。宁邑尤甚，民饥相食，死亡流离十去六七，千里萧条。——宣统《宁陵县志》卷终祥异,宁陵县：大旱，赤地千里。宁邑尤甚，民饥相食，死亡流离十去六七，千里萧条。——宣统《宁陵县志》卷终祥异,宁陵县：大旱，赤地千里。宁邑尤甚，民饥相食，死亡流离十去六七，千里萧条。——宣统《宁陵县志》卷终祥异
1785,河南,,宁陵,1785|河南|宁陵,清高宗乾隆五十年,无,宣统《宁陵县志,无,需进一步分析,v4,v4,1,0.1667,否,"同类 record 存在于 v1,v2,v4,v5,v6,v7；本条仅存在于 v4；占比 16.7%",,,,宁陵县：大旱，赤地千里。宁邑尤甚，民饥相食，死亡流离十去六七，千里萧条。,,,
1785,安徽,安庆市,怀宁县,1785|安徽|安庆|怀宁,清高宗乾隆五十年,无,怀宁县志,无,保留,"v5,v6,v7","v5,v6,v7",3,0.4286,是,,,,,,怀宁县：大饥，人相食。——道光《怀宁县志》卷二祥异,怀宁县：大饥，人相食。——道光《怀宁县志》卷二祥异,怀宁县：大饥，人相食。——道光《怀宁县志》卷二祥异
1785,河南,信阳,息,1785|河南|信阳|息,清高宗乾隆五十年,无,息县志,无,保留,"v5,v6,v7","v5,v6,v7",3,0.4286,是,,,,,,息县：大旱，四月至七月始雨，仅有荞麦。陈、蔡等郡饥民就食者众，斗米千文钱，人相食。——嘉庆《息县志》卷八内纪,息县：大旱，四月至七月始雨，仅有荞麦。陈、蔡等郡饥民就食者众，斗米千文钱，人相食。——嘉庆《息县志》卷八内纪,息县：大旱，四月至七月始雨，仅有荞麦。陈、蔡等郡饥民就食者众，斗米千文钱，人相食。——嘉庆《息县志》卷八内纪
1785,山东,济南,历城,1785|山东|济南|历城,清高宗乾隆五十年,无,民国《续修历城县志,无,需进一步分析,v4,v4,1,0.1667,否,"同类 record 存在于 v1,v2,v4,v5,v6,v7；本条仅存在于 v4；占比 16.7%",,,,历城县：旱。大饥，人相食。,,,
1785,山东,,齐河,1785|山东|齐河,清高宗乾隆五十年,无,民国《齐河县志,无,需进一步分析,v4,v4,1,0.1667,否,"同类 record 存在于 v1,v2,v4,v5,v6,v7；本条仅存在于 v4；占比 16.7%",,,,齐河县：大旱。饥，人相食。,,,
1785,山东,,寿光县,1785|山东|寿光,清高宗乾隆五十年,无,清史稿,无,保留,"v5,v7","v5,v7",2,0.2857,是,,,,,,——《清史稿》卷四四《灾异志五》,,——《清史稿》卷四四《灾异志五》
1785,山东,,安丘,1785|山东|安丘,清高宗乾隆五十年,无,清史稿,无,需进一步分析,v6,v6,1,0.1667,否,"同类 record 存在于 v1,v2,v4,v5,v6,v7；本条仅存在于 v6；占比 16.7%",,,,,,乾隆五十年（1785年）'春，（湖北）宜城、光化、随州、枝江大饥，人食树皮。''夏，章丘、邹平、临邑、东阿、肥城饥。秋，（山东）寿光、昌乐、安丘、诸城大饥，父子相食。',
1785,山东,,寿光,1785|山东|寿光,清高宗乾隆五十年,无,清史稿,无,需进一步分析,v6,v6,1,0.1667,否,"同类 record 存在于 v1,v2,v4,v5,v6,v7；本条仅存在于 v6；占比 16.7%",,,,,,乾隆五十年（1785年）'春，（湖北）宜城、光化、随州、枝江大饥，人食树皮。''夏，章丘、邹平、临邑、东阿、肥城饥。秋，（山东）寿光、昌乐、安丘、诸城大饥，父子相食。',
1785,山东,,昌乐,1785|山东|昌乐,清高宗乾隆五十年,无,清史稿,无,需进一步分析,v6,v6,1,0.1667,否,"同类 record 存在于 v1,v2,v4,v5,v6,v7；本条仅存在于 v6；占比 16.7%",,,,,,乾隆五十年（1785年）'春，（湖北）宜城、光化、随州、枝江大饥，人食树皮。''夏，章丘、邹平、临邑、东阿、肥城饥。秋，（山东）寿光、昌乐、安丘、诸城大饥，父子相食。',
1785,山东,,诸城,1785|山东|诸城,清高宗乾隆五十年,无,清史稿,无,需进一步分析,v6,v6,1,0.1667,否,"同类 record 存在于 v1,v2,v4,v5,v6,v7；本条仅存在于 v6；占比 16.7%",,,,,,乾隆五十年（1785年）'春，（湖北）宜城、光化、随州、枝江大饥，人食树皮。''夏，章丘、邹平、临邑、东阿、肥城饥。秋，（山东）寿光、昌乐、安丘、诸城大饥，父子相食。',
1785,江苏,盐城,阜宁,1785|江苏|盐城|阜宁,清高宗乾隆五十年,无,湖乡分志,无,保留,"v5,v6,v7","v5,v6,v7",3,0.4286,是,,,,,,阜宁县：大旱，蝗。次年春大荒，人相食。——光绪《湖乡分志》卷九灾异,阜宁县：大旱，蝗。次年春大荒，人相食。——光绪《湖乡分志》卷九灾异,阜宁县：大旱，蝗。次年春大荒，人相食。——光绪《湖乡分志》卷九灾异
1785,江苏,盐城市,,1785|江苏|盐城,清高宗乾隆五十年,无,盐城县志,无,保留,"v5,v6,v7","v5,v6,v7",3,0.4286,是,,,,,,盐城市：大旱，斗米千钱，人相食。——光绪《盐城县志》卷十七祥异,盐城市：大旱，斗米千钱，人相食。——光绪《盐城县志》卷十七祥异,盐城市：大旱，斗米千钱，人相食。——光绪《盐城县志》卷十七祥异
1785,山东,济南,历城,1785|山东|济南|历城,清高宗乾隆五十年,无,续修历城县志,无,保留,"v5,v6,v7","v5,v6,v7",3,0.4286,是,,,,,,历城县：旱。大饥，人相食。——民国《续修历城县志》卷一总纪,历城县：旱。大饥，人相食。——民国《续修历城县志》卷一总纪,历城县：旱。大饥，人相食。——民国《续修历城县志》卷一总纪
1785,安徽,,亳州,1785|安徽|亳,清高宗乾隆五十年,亳州市,道光《亳州志,原文作'亳州市'，清代为直隶州,需进一步分析,v4,v4,1,0.1667,否,"同类 record 存在于 v1,v2,v4,v5,v6,v7；本条仅存在于 v4；占比 16.7%",,,,亳州市：秋冬大饥，斗麦千钱，人相食。,,,
1785,安徽,,怀宁,1785|安徽|怀宁,清高宗乾隆五十年,无,道光《怀宁县志,无,需进一步分析,v4,v4,1,0.1667,否,"同类 record 存在于 v1,v2,v4,v5,v6,v7；本条仅存在于 v4；占比 16.7%",,,,怀宁县：大饥，人相食。,,,
1785,安徽,,霍邱,1785|安徽|霍邱,清高宗乾隆五十年,无,道光《霍邱县志,无,需进一步分析,v4,v4,1,0.1667,否,"同类 record 存在于 v1,v2,v4,v5,v6,v7；本条仅存在于 v4；占比 16.7%",,,,霍邱县：大旱。斗米一千一百有奇。人相食，民死十之四，且有阖家死者。,,,
1785,安徽,六安,霍邱,1785|安徽|六安|霍邱,清高宗乾隆五十年,无,霍邱县志,无,保留,"v5,v6,v7","v5,v6,v7",3,0.4286,是,,,,,,霍邱县：大旱。斗米一千一百有奇。人相食，民死十之四，且有阖家死者。——道光《霍邱县志》卷十二灾异,霍邱县：大旱。斗米一千一百有奇。人相食，民死十之四，且有阖家死者。——道光《霍邱县志》卷十二灾异,霍邱县：大旱。斗米一千一百有奇。人相食，民死十之四，且有阖家死者。——道光《霍邱县志》卷十二灾异
1785,河南,周口,鹿邑,1785|河南|周口|鹿邑,清高宗乾隆五十年,无,鹿邑县志,无,保留,"v5,v6,v7","v5,v6,v7",3,0.4286,是,,,,,,鹿邑县：岁饥，人相食。——光绪《鹿邑县志》卷十四人物,鹿邑县：岁饥，人相食。——光绪《鹿邑县志》卷十四人物,鹿邑县：岁饥，人相食。——光绪《鹿邑县志》卷十四人物
1785,山东,,齐河县,1785|山东|齐河,清高宗乾隆五十年,无,齐河县志,无,保留,"v5,v6,v7","v5,v6,v7",3,0.4286,是,,,,,,齐河县：大旱。饥，人相食。——民国《齐河县志》大事记,齐河县：大旱。饥，人相食。——民国《齐河县志》大事记,齐河县：大旱。饥，人相食。——民国《齐河县志》大事记
1786,山东,,东阿县,1786|山东|东阿,清高宗乾隆五十一年,无,《东阿县志》,无,保留,"v1,v2,v3,v4,v5,v7","v1,v2,v3,v4,v5,v7",6,0.8571,是,,东阿县：大饥，人相食。——道光《东阿县志》卷二十三祥异,东阿县：大饥，人相食。——道光《东阿县志》卷二十三祥异,东阿县：大饥，人相食。——道光《东阿县志》卷二十三祥异,东阿县：大饥，人相食。——道光《东阿县志》卷二十三祥异,东阿县：大饥，人相食。——道光《东阿县志》卷二十三祥异,,东阿县：大饥，人相食。——道光《东阿县志》卷二十三祥异
1786,江苏,,丰县,1786|江苏|丰,清高宗乾隆五十一年,无,《丰县志》,无,保留,"v1,v2,v3,v4,v5,v7","v1,v2,v3,v4,v5,v7",6,0.8571,是,,丰县：大饥，人相食。——光绪《丰县志》卷十六祥异,丰县：大饥，人相食。——光绪《丰县志》卷十六祥异,丰县：大饥，人相食。——光绪《丰县志》卷十六祥异,丰县：大饥，人相食。——光绪《丰县志》卷十六祥异,丰县：大饥，人相食。——光绪《丰县志》卷十六祥异,,丰县：大饥，人相食。——光绪《丰县志》卷十六祥异
1786,安徽,,六安县,1786|安徽|六安,清高宗乾隆五十一年,无,《六安直隶州志》,无,保留,"v1,v2,v3,v4,v5,v7","v1,v2,v3,v4,v5,v7",6,0.8571,是,,六安县：春大饥，升米百钱，人相食。瘟疫死者无数。——嘉庆《六安直隶州志》卷三十二纪事,六安县：春大饥，升米百钱，人相食。瘟疫死者无数。——嘉庆《六安直隶州志》卷三十二纪事,六安县：春大饥，升米百钱，人相食。瘟疫死者无数。——嘉庆《六安直隶州志》卷三十二纪事,六安县：春大饥，升米百钱，人相食。瘟疫死者无数。——嘉庆《六安直隶州志》卷三十二纪事,六安县：春大饥，升米百钱，人相食。瘟疫死者无数。——嘉庆《六安直隶州志》卷三十二纪事,,六安县：春大饥，升米百钱，人相食。瘟疫死者无数。——嘉庆《六安直隶州志》卷三十二纪事
1786,山东,,单县,1786|山东|单,清高宗乾隆五十一年,无,《单县志》,无,保留,"v1,v2,v3,v4,v5,v7","v1,v2,v3,v4,v5,v7",6,0.8571,是,,单县：大疫。岁凶，人相食。——民国《单县志》卷十四物异,单县：大疫。岁凶，人相食。——民国《单县志》卷十四物异,单县：大疫。岁凶，人相食。——民国《单县志》卷十四物异,单县：大疫。岁凶，人相食。——民国《单县志》卷十四物异,单县：大疫。岁凶，人相食。——民国《单县志》卷十四物异,,单县：大疫。岁凶，人相食。——民国《单县志》卷十四物异
1786,山东,,汶上县,1786|山东|汶上,清高宗乾隆五十一年,无,《四续汶上县志稿》,无,保留,"v1,v2,v3,v4,v5,v7","v1,v2,v3,v4,v5,v7",6,0.8571,是,,汶上县：大饥，人相食。至荞麦花，疫盛行，人死十六七。——宣统《四续汶上县志稿》灾祥,汶上县：大饥，人相食。至荞麦花，疫盛行，人死十六七。——宣统《四续汶上县志稿》灾祥,汶上县：大饥，人相食。至荞麦花，疫盛行，人死十六七。——宣统《四续汶上县志稿》灾祥,汶上县：大饥，人相食。至荞麦花，疫盛行，人死十六七。——宣统《四续汶上县志稿》灾祥,汶上县：大饥，人相食。至荞麦花，疫盛行，人死十六七。——宣统《四续汶上县志稿》灾祥,,汶上县：大饥，人相食。至荞麦花，疫盛行，人死十六七。——宣统《四续汶上县志稿》灾祥
1786,山东,,成武县,1786|山东|成武,清高宗乾隆五十一年,无,《城武县志》,无,保留,"v1,v2,v3,v4,v5,v7","v1,v2,v3,v4,v5,v7",6,0.8571,是,,成武县：春大饥，人相食，死者无算。——道光《城武县志》卷十三祥禄,成武县：春大饥，人相食，死者无算。——道光《城武县志》卷十三祥禄,成武县：春大饥，人相食，死者无算。——道光《城武县志》卷十三祥禄,成武县：春大饥，人相食，死者无算。——道光《城武县志》卷十三祥禄,成武县：春大饥，人相食，死者无算。——道光《城武县志》卷十三祥禄,,成武县：春大饥，人相食，死者无算。——道光《城武县志》卷十三祥禄
1786,山东,,宁阳县,1786|山东|宁阳,清高宗乾隆五十一年,无,《宁阳县志》,无,保留,"v1,v2,v3,v4,v5,v7","v1,v2,v3,v4,v5,v7",6,0.8571,是,,宁阳县：春大饥，斗米万钱，人相食。秋大稔。——咸丰《宁阳县志》卷十灾祥,宁阳县：春大饥，斗米万钱，人相食。秋大稔。——咸丰《宁阳县志》卷十灾祥,宁阳县：春大饥，斗米万钱，人相食。秋大稔。——咸丰《宁阳县志》卷十灾祥,宁阳县：春大饥，斗米万钱，人相食。秋大稔。——咸丰《宁阳县志》卷十灾祥,宁阳县：春大饥，斗米万钱，人相食。秋大稔。——咸丰《宁阳县志》卷十灾祥,,宁阳县：春大饥，斗米万钱，人相食。秋大稔。——咸丰《宁阳县志》卷十灾祥
1786,山东,,定陶县,1786|山东|定陶,清高宗乾隆五十一年,无,《定陶县志》,无,保留,"v1,v2,v3,v4,v5,v7","v1,v2,v3,v4,v5,v7",6,0.8571,是,,定陶县：大饥，人相食，死者无算。——民国《定陶县志》卷九灾异,定陶县：大饥，人相食，死者无算。——民国《定陶县志》卷九灾异,定陶县：大饥，人相食，死者无算。——民国《定陶县志》卷九灾异,定陶县：大饥，人相食，死者无算。——民国《定陶县志》卷九灾异,定陶县：大饥，人相食，死者无算。——民国《定陶县志》卷九灾异,,定陶县：大饥，人相食，死者无算。——民国《定陶县志》卷九灾异
1786,山东,,寿光县,1786|山东|寿光,清高宗乾隆五十一年,无,《寿光县志》,无,保留,"v1,v2,v3,v4,v5,v7","v1,v2,v3,v4,v5,v7",6,0.8571,是,,寿光县：岁大饥，人相食，流亡关外者载道。四月，疫。——民国《寿光县志》卷十五编年,寿光县：岁大饥，人相食，流亡关外者载道。四月，疫。——民国《寿光县志》卷十五编年,寿光县：岁大饥，人相食，流亡关外者载道。四月，疫。——民国《寿光县志》卷十五编年,寿光县：岁大饥，人相食，流亡关外者载道。四月，疫。——民国《寿光县志》卷十五编年,寿光县：岁大饥，人相食，流亡关外者载道。四月，疫。——民国《寿光县志》卷十五编年,,寿光县：岁大饥，人相食，流亡关外者载道。四月，疫。——民国《寿光县志》卷十五编年
1786,山东,枣庄市,峄县,1786|山东|枣庄|峄,清高宗乾隆五十一年,无,《峄县志》,无,保留,"v1,v2,v3,v4,v5,v7","v1,v2,v3,v4,v5,v7",6,0.8571,是,,枣庄市：春雨泥，大饥。夏四月，大疫。秋大熟。是岁因连年失收，斗粟万钱，人相食，至夏疫疾传染，死者无数。——光绪《峄县志》卷十五灾祥,枣庄市：春雨泥，大饥。夏四月，大疫。秋大熟。是岁因连年失收，斗粟万钱，人相食，至夏疫疾传染，死者无数。——光绪《峄县志》卷十五灾祥,枣庄市：春雨泥，大饥。夏四月，大疫。秋大熟。是岁因连年失收，斗粟万钱，人相食，至夏疫疾传染，死者无数。——光绪《峄县志》卷十五灾祥,枣庄市：春雨泥，大饥。夏四月，大疫。秋大熟。是岁因连年失收，斗粟万钱，人相食，至夏疫疾传染，死者无数。——光绪《峄县志》卷十五灾祥,枣庄市：春雨泥，大饥。夏四月，大疫。秋大熟。是岁因连年失收，斗粟万钱，人相食，至夏疫疾传染，死者无数。——光绪《峄县志》卷十五灾祥,,枣庄市：春雨泥，大饥。夏四月，大疫。秋大熟。是岁因连年失收，斗粟万钱，人相食，至夏疫疾传染，死者无数。——光绪《峄县志》卷十五灾祥
1786,山东,日照市,日照县,1786|山东|日照|日照,清高宗乾隆五十一年,无,《日照县志》,无,保留,"v1,v2,v3,v4,v5,v7","v1,v2,v3,v4,v5,v7",6,0.8571,是,,日照市：春大饥，人相食。夏大疫。麦熟，有秋。——光绪《日照县志》卷七祥异,日照市：春大饥，人相食。夏大疫。麦熟，有秋。——光绪《日照县志》卷七祥异,日照市：春大饥，人相食。夏大疫。麦熟，有秋。——光绪《日照县志》卷七祥异,日照市：春大饥，人相食。夏大疫。麦熟，有秋。——光绪《日照县志》卷七祥异,日照市：春大饥，人相食。夏大疫。麦熟，有秋。——光绪《日照县志》卷七祥异,,日照市：春大饥，人相食。夏大疫。麦熟，有秋。——光绪《日照县志》卷七祥异
1786,河南,,柘城县,1786|河南|柘城,清高宗乾隆五十一年,无,《柘城县志》,无,保留,"v1,v2,v3,v4,v5,v7","v1,v2,v3,v4,v5,v7",6,0.8571,是,,柘城县：春，斗米两千，糠秕入市，饿殍相枕藉，人食人。四月，麦大熟，民赖以安。——光绪《柘城县志》卷十灾祥,柘城县：春，斗米两千，糠秕入市，饿殍相枕藉，人食人。四月，麦大熟，民赖以安。——光绪《柘城县志》卷十灾祥,柘城县：春，斗米两千，糠秕入市，饿殍相枕藉，人食人。四月，麦大熟，民赖以安。——光绪《柘城县志》卷十灾祥,柘城县：春，斗米两千，糠秕入市，饿殍相枕藉，人食人。四月，麦大熟，民赖以安。——光绪《柘城县志》卷十灾祥,柘城县：春，斗米两千，糠秕入市，饿殍相枕藉，人食人。四月，麦大熟，民赖以安。——光绪《柘城县志》卷十灾祥,,柘城县：春，斗米两千，糠秕入市，饿殍相枕藉，人食人。四月，麦大熟，民赖以安。——光绪《柘城县志》卷十灾祥
1786,山东,,沂水县,1786|山东|沂水,清高宗乾隆五十一年,无,《沂水县志》,无,保留,"v1,v2,v3,v4,v5,v7","v1,v2,v3,v4,v5,v7",6,0.8571,是,,沂水县：春大饥，人相食。——道光《沂水县志》卷九祥异,沂水县：春大饥，人相食。——道光《沂水县志》卷九祥异,沂水县：春大饥，人相食。——道光《沂水县志》卷九祥异,沂水县：春大饥，人相食。——道光《沂水县志》卷九祥异,沂水县：春大饥，人相食。——道光《沂水县志》卷九祥异,,沂水县：春大饥，人相食。——道光《沂水县志》卷九祥异
1786,山东,,泗水县,1786|山东|泗水,清高宗乾隆五十一年,无,《泗水县志》,无,保留,"v1,v2,v3,v4,v5,v7","v1,v2,v3,v4,v5,v7",6,0.8571,是,,泗水县：大饥，人相食。至秋丰稔。——光绪《泗水县志》卷十四灾祥,泗水县：大饥，人相食。至秋丰稔。——光绪《泗水县志》卷十四灾祥,泗水县：大饥，人相食。至秋丰稔。——光绪《泗水县志》卷十四灾祥,泗水县：大饥，人相食。至秋丰稔。——光绪《泗水县志》卷十四灾祥,泗水县：大饥，人相食。至秋丰稔。——光绪《泗水县志》卷十四灾祥,,泗水县：大饥，人相食。至秋丰稔。——光绪《泗水县志》卷十四灾祥
1786,江苏,,淮安县,1786|江苏|淮安,清高宗乾隆五十一年,无,《淮安府志》,无,保留,"v1,v2,v3,v4,v5,v7","v1,v2,v3,v4,v5,v7",6,0.8571,是,,淮安县：是年大饥，人相食。夏大疫，人死于道路相枕。——光绪《淮安府志》卷四十灾祥,淮安县：是年大饥，人相食。夏大疫，人死于道路相枕。——光绪《淮安府志》卷四十灾祥,淮安县：是年大饥，人相食。夏大疫，人死于道路相枕。——光绪《淮安府志》卷四十灾祥,淮安县：是年大饥，人相食。夏大疫，人死于道路相枕。——光绪《淮安府志》卷四十灾祥,淮安县：是年大饥，人相食。夏大疫，人死于道路相枕。——光绪《淮安府志》卷四十灾祥,,淮安县：是年大饥，人相食。夏大疫，人死于道路相枕。——光绪《淮安府志》卷四十灾祥
1786,山东,,,1786|山东,清高宗乾隆五十一年,无,《清史稿》,无,保留,v1,v1,1,0.1429,是,,乾隆五十一年（1786年）“春，山东各府、州、县大饥，人相食。”——《清史稿》卷四四《灾异志五》,,,,,,
1786,山东,,兖州县,1786|山东|兖,清高宗乾隆五十一年,无,《滋阳县志》,无,保留,"v1,v2,v3,v4,v5,v7","v1,v2,v3,v4,v5,v7",6,0.8571,是,,兖州县：春大饥，人相食。——光绪《滋阳县志》卷六灾祥,兖州县：春大饥，人相食。——光绪《滋阳县志》卷六灾祥,兖州县：春大饥，人相食。——光绪《滋阳县志》卷六灾祥,兖州县：春大饥，人相食。——光绪《滋阳县志》卷六灾祥,兖州县：春大饥，人相食。——光绪《滋阳县志》卷六灾祥,,兖州县：春大饥，人相食。——光绪《滋阳县志》卷六灾祥
1786,山东,,滕县,1786|山东|滕,清高宗乾隆五十一年,无,《滕县志》,无,保留,"v1,v2,v3,v4,v5,v7","v1,v2,v3,v4,v5,v7",6,0.8571,是,,滕县：春大饥，人相食。——道光《滕县志》卷五灾祥,滕县：春大饥，人相食。——道光《滕县志》卷五灾祥,滕县：春大饥，人相食。——道光《滕县志》卷五灾祥,滕县：春大饥，人相食。——道光《滕县志》卷五灾祥,滕县：春大饥，人相食。——道光《滕县志》卷五灾祥,,滕县：春大饥，人相食。——道光《滕县志》卷五灾祥
1786,江苏,,盐城,1786|江苏|盐城,清高宗乾隆五十一年,无,《盐城县志》,无,保留,"v1,v2,v3,v4,v5,v7","v1,v2,v3,v4,v5,v7",6,0.8571,是,,盐城：大饥，人相食。大疫，死者相枕于道。——光绪《盐城县志》卷十七祥异,盐城：大饥，人相食。大疫，死者相枕于道。——光绪《盐城县志》卷十七祥异,盐城：大饥，人相食。大疫，死者相枕于道。——光绪《盐城县志》卷十七祥异,盐城：大饥，人相食。大疫，死者相枕于道。——光绪《盐城县志》卷十七祥异,盐城：大饥，人相食。大疫，死者相枕于道。——光绪《盐城县志》卷十七祥异,,盐城：大饥，人相食。大疫，死者相枕于道。——光绪《盐城县志》卷十七祥异
1786,河南,,禹县,1786|河南|禹,清高宗乾隆五十一年,无,《禹州志》,无,保留,"v1,v2,v3,v4,v5,v7","v1,v2,v3,v4,v5,v7",6,0.8571,是,,禹县：岁荐饥，米麦一斗价至两千二百，人相食。——同治《禹州志》卷十九耆硕,禹县：岁荐饥，米麦一斗价至两千二百，人相食。——同治《禹州志》卷十九耆硕,禹县：岁荐饥，米麦一斗价至两千二百，人相食。——同治《禹州志》卷十九耆硕,禹县：岁荐饥，米麦一斗价至两千二百，人相食。——同治《禹州志》卷十九耆硕,禹县：岁荐饥，米麦一斗价至两千二百，人相食。——同治《禹州志》卷十九耆硕,,禹县：岁荐饥，米麦一斗价至两千二百，人相食。——同治《禹州志》卷十九耆硕
1786,山东,,肥城县,1786|山东|肥城,清高宗乾隆五十一年,无,《肥城县新志》,无,保留,"v1,v2,v3,v4,v5,v7","v1,v2,v3,v4,v5,v7",6,0.8571,是,,肥城县：春大饥，人相食。麦秋皆大熟。——嘉庆《肥城县新志》卷十六祥异,肥城县：春大饥，人相食。麦秋皆大熟。——嘉庆《肥城县新志》卷十六祥异,肥城县：春大饥，人相食。麦秋皆大熟。——嘉庆《肥城县新志》卷十六祥异,肥城县：春大饥，人相食。麦秋皆大熟。——嘉庆《肥城县新志》卷十六祥异,肥城县：春大饥，人相食。麦秋皆大熟。——嘉庆《肥城县新志》卷十六祥异,,肥城县：春大饥，人相食。麦秋皆大熟。——嘉庆《肥城县新志》卷十六祥异
1786,山东,,郓城县,1786|山东|郓城,清高宗乾隆五十一年,无,《郓城县志》,无,保留,"v1,v2,v3,v4,v5,v7","v1,v2,v3,v4,v5,v7",6,0.8571,是,,郓城县：春，人相食。——光绪《郓城县志》卷九灾祥,郓城县：春，人相食。——光绪《郓城县志》卷九灾祥,郓城县：春，人相食。——光绪《郓城县志》卷九灾祥,郓城县：春，人相食。——光绪《郓城县志》卷九灾祥,郓城县：春，人相食。——光绪《郓城县志》卷九灾祥,,郓城县：春，人相食。——光绪《郓城县志》卷九灾祥
1786,河南,,郾城县,1786|河南|郾城,清高宗乾隆五十一年,无,《郾城县记》,无,保留,"v1,v2,v3,v4,v5,v7","v1,v2,v3,v4,v5,v7",6,0.8571,是,,郾城县：旱，大饥，疫。春，斗麦钱一千四百，田地每亩无过千者。人相食，疫死大半。鬻妻女者道路不绝。——民国《郾城县记》卷五大事篇,郾城县：旱，大饥，疫。春，斗麦钱一千四百，田地每亩无过千者。人相食，疫死大半。鬻妻女者道路不绝。——民国《郾城县记》卷五大事篇,郾城县：旱，大饥，疫。春，斗麦钱一千四百，田地每亩无过千者。人相食，疫死大半。鬻妻女者道路不绝。——民国《郾城县记》卷五大事篇,郾城县：旱，大饥，疫。春，斗麦钱一千四百，田地每亩无过千者。人相食，疫死大半。鬻妻女者道路不绝。——民国《郾城县记》卷五大事篇,郾城县：旱，大饥，疫。春，斗麦钱一千四百，田地每亩无过千者。人相食，疫死大半。鬻妻女者道路不绝。——民国《郾城县记》卷五大事篇,,郾城县：旱，大饥，疫。春，斗麦钱一千四百，田地每亩无过千者。人相食，疫死大半。鬻妻女者道路不绝。——民国《郾城县记》卷五大事篇
1786,山东,,莒县,1786|山东|莒,清高宗乾隆五十一年,无,《重修莒志》,无,保留,"v1,v2,v3,v4,v5,v7","v1,v2,v3,v4,v5,v7",6,0.8571,是,,莒县：春大饥，斗粟千钱，人相食。夏大疫，死者不可胜计。——民国《重修莒志》卷二大事记,莒县：春大饥，斗粟千钱，人相食。夏大疫，死者不可胜计。——民国《重修莒志》卷二大事记,莒县：春大饥，斗粟千钱，人相食。夏大疫，死者不可胜计。——民国《重修莒志》卷二大事记,莒县：春大饥，斗粟千钱，人相食。夏大疫，死者不可胜计。——民国《重修莒志》卷二大事记,莒县：春大饥，斗粟千钱，人相食。夏大疫，死者不可胜计。——民国《重修莒志》卷二大事记,,莒县：春大饥，斗粟千钱，人相食。夏大疫，死者不可胜计。——民国《重修莒志》卷二大事记
1786,江苏,,铜山县,1786|江苏|铜山,清高宗乾隆五十一年,无,《铜山县志》,无,保留,"v1,v2,v3,v4,v5,v7","v1,v2,v3,v4,v5,v7",6,0.8571,是,,铜山县：春，地生毛，大饥，斗米千钱，人相食。夏大疫，死亡相继。夏秋麦禾大稔。——道光《铜山县志》卷二十三祥异,铜山县：春，地生毛，大饥，斗米千钱，人相食。夏大疫，死亡相继。夏秋麦禾大稔。——道光《铜山县志》卷二十三祥异,铜山县：春，地生毛，大饥，斗米千钱，人相食。夏大疫，死亡相继。夏秋麦禾大稔。——道光《铜山县志》卷二十三祥异,铜山县：春，地生毛，大饥，斗米千钱，人相食。夏大疫，死亡相继。夏秋麦禾大稔。——道光《铜山县志》卷二十三祥异,铜山县：春，地生毛，大饥，斗米千钱，人相食。夏大疫，死亡相继。夏秋麦禾大稔。——道光《铜山县志》卷二十三祥异,,铜山县：春，地生毛，大饥，斗米千钱，人相食。夏大疫，死亡相继。夏秋麦禾大稔。——道光《铜山县志》卷二十三祥异
1786,江苏,,阜宁,1786|江苏|阜宁,清高宗乾隆五十一年,无,《阜宁县志》,无,保留,"v1,v2,v3,v4,v5,v7","v1,v2,v3,v4,v5,v7",6,0.8571,是,,阜宁：阜后米腾贵，大饥，人相食。夏大疫，秋，湖水泛滥。——光绪《阜宁县志》卷二十一祥禄,阜宁：阜后米腾贵，大饥，人相食。夏大疫，秋，湖水泛滥。——光绪《阜宁县志》卷二十一祥禄,阜宁：阜后米腾贵，大饥，人相食。夏大疫，秋，湖水泛滥。——光绪《阜宁县志》卷二十一祥禄,阜宁：阜后米腾贵，大饥，人相食。夏大疫，秋，湖水泛滥。——光绪《阜宁县志》卷二十一祥禄,阜宁：阜后米腾贵，大饥，人相食。夏大疫，秋，湖水泛滥。——光绪《阜宁县志》卷二十一祥禄,,阜宁：阜后米腾贵，大饥，人相食。夏大疫，秋，湖水泛滥。——光绪《阜宁县志》卷二十一祥禄
1786,山东,,阳谷县,1786|山东|阳谷,清高宗乾隆五十一年,无,《阳谷县志》,无,保留,"v1,v2,v3,v4,v5,v7","v1,v2,v3,v4,v5,v7",6,0.8571,是,,阳谷县：春大饥，人相食。——光绪《阳谷县志》卷九灾异,阳谷县：春大饥，人相食。——光绪《阳谷县志》卷九灾异,阳谷县：春大饥，人相食。——光绪《阳谷县志》卷九灾异,阳谷县：春大饥，人相食。——光绪《阳谷县志》卷九灾异,阳谷县：春大饥，人相食。——光绪《阳谷县志》卷九灾异,,阳谷县：春大饥，人相食。——光绪《阳谷县志》卷九灾异
1786,江苏,,丰县,1786|江苏|丰,清高宗乾隆五十一年,丰县,光绪丰县志,无,需进一步分析,v6,v6,1,0.1429,否,"同类 record 存在于 v1,v2,v3,v4,v5,v6,v7；本条仅存在于 v6；占比 14.3%",,,,,,丰县：大饥，人相食。——光绪《丰县志》卷十六祥异,
1786,山东,枣庄市,峄县,1786|山东|枣庄|峄,清高宗乾隆五十一年,峄县,光绪峄县志,无,需进一步分析,v6,v6,1,0.1429,否,"同类 record 存在于 v1,v2,v3,v4,v5,v6,v7；本条仅存在于 v6；占比 14.3%",,,,,,枣庄市：春雨泥，大饥。夏四月，大疫。秋大熟。是岁因连年失收，斗粟万钱，人相食，至夏疫疾传染，死者无数。——光绪《峄县志》卷十五灾祥,
1786,山东,日照市,日照县,1786|山东|日照|日照,清高宗乾隆五十一年,日照县,光绪日照县志,无,需进一步分析,v6,v6,1,0.1429,否,"同类 record 存在于 v1,v2,v3,v4,v5,v6,v7；本条仅存在于 v6；占比 14.3%",,,,,,日照市：春大饥，人相食。夏大疫。麦熟，有秋。——光绪《日照县志》卷七祥异,
1786,河南,,柘城县,1786|河南|柘城,清高宗乾隆五十一年,柘城县,光绪柘城县志,无,需进一步分析,v6,v6,1,0.1429,否,"同类 record 存在于 v1,v2,v3,v4,v5,v6,v7；本条仅存在于 v6；占比 14.3%",,,,,,柘城县：春，斗米两千，糠秕入市，饿殍相枕藉，人食人。四月，麦大熟，民赖以安。——光绪《柘城县志》卷十灾祥,
1786,山东,,泗水县,1786|山东|泗水,清高宗乾隆五十一年,泗水县,光绪泗水县志,无,需进一步分析,v6,v6,1,0.1429,否,"同类 record 存在于 v1,v2,v3,v4,v5,v6,v7；本条仅存在于 v6；占比 14.3%",,,,,,泗水县：大饥，人相食。至秋丰稔。——光绪《泗水县志》卷十四灾祥,
1786,江苏,,淮安县,1786|江苏|淮安,清高宗乾隆五十一年,淮安县,光绪淮安府志,无,需进一步分析,v6,v6,1,0.1429,否,"同类 record 存在于 v1,v2,v3,v4,v5,v6,v7；本条仅存在于 v6；占比 14.3%",,,,,,淮安县：是年大饥，人相食。夏大疫，人死于道路相枕。——光绪《淮安府志》卷四十灾祥,
1786,山东,,滋阳县,1786|山东|滋阳,清高宗乾隆五十一年,滋阳县,光绪滋阳县志,古地名，已并入兖州,需进一步分析,v6,v6,1,0.1429,否,"同类 record 存在于 v1,v2,v3,v4,v5,v6,v7；本条仅存在于 v6；占比 14.3%",,,,,,兖州县：春大饥，人相食。——光绪《滋阳县志》卷六灾祥,
1786,江苏,,盐城县,1786|江苏|盐城,清高宗乾隆五十一年,盐城县,光绪盐城县志,无,需进一步分析,v6,v6,1,0.1429,否,"同类 record 存在于 v1,v2,v3,v4,v5,v6,v7；本条仅存在于 v6；占比 14.3%",,,,,,盐城：大饥，人相食。大疫，死者相枕于道。——光绪《盐城县志》卷十七祥异,
1786,山东,,郓城县,1786|山东|郓城,清高宗乾隆五十一年,郓城县,光绪郓城县志,无,需进一步分析,v6,v6,1,0.1429,否,"同类 record 存在于 v1,v2,v3,v4,v5,v6,v7；本条仅存在于 v6；占比 14.3%",,,,,,郓城县：春，人相食。——光绪《郓城县志》卷九灾祥,
1786,江苏,,阜宁县,1786|江苏|阜宁,清高宗乾隆五十一年,阜宁县,光绪阜宁县志,无,需进一步分析,v6,v6,1,0.1429,否,"同类 record 存在于 v1,v2,v3,v4,v5,v6,v7；本条仅存在于 v6；占比 14.3%",,,,,,阜宁：阜后米腾贵，大饥，人相食。夏大疫，秋，湖水泛滥。——光绪《阜宁县志》卷二十一祥禄,
1786,山东,,阳谷县,1786|山东|阳谷,清高宗乾隆五十一年,阳谷县,光绪阳谷县志,无,需进一步分析,v6,v6,1,0.1429,否,"同类 record 存在于 v1,v2,v3,v4,v5,v6,v7；本条仅存在于 v6；占比 14.3%",,,,,,阳谷县：春大饥，人相食。——光绪《阳谷县志》卷九灾异,
1786,河南,,禹县,1786|河南|禹,清高宗乾隆五十一年,禹县,同治禹州志,无,需进一步分析,v6,v6,1,0.1429,否,"同类 record 存在于 v1,v2,v3,v4,v5,v6,v7；本条仅存在于 v6；占比 14.3%",,,,,,禹县：岁荐饥，米麦一斗价至两千二百，人相食。——同治《禹州志》卷十九耆硕,
1786,山东,,宁阳县,1786|山东|宁阳,清高宗乾隆五十一年,宁阳县,咸丰宁阳县志,无,需进一步分析,v6,v6,1,0.1429,否,"同类 record 存在于 v1,v2,v3,v4,v5,v6,v7；本条仅存在于 v6；占比 14.3%",,,,,,宁阳县：春大饥，斗米万钱，人相食。秋大稔。——咸丰《宁阳县志》卷十灾祥,
1786,安徽,,六安县,1786|安徽|六安,清高宗乾隆五十一年,六安县,嘉庆六安直隶州志,无,需进一步分析,v6,v6,1,0.1429,否,"同类 record 存在于 v1,v2,v3,v4,v5,v6,v7；本条仅存在于 v6；占比 14.3%",,,,,,六安县：春大饥，升米百钱，人相食。瘟疫死者无数。——嘉庆《六安直隶州志》卷三十二纪事,
1786,山东,,肥城县,1786|山东|肥城,清高宗乾隆五十一年,肥城县,嘉庆肥城县新志,无,需进一步分析,v6,v6,1,0.1429,否,"同类 record 存在于 v1,v2,v3,v4,v5,v6,v7；本条仅存在于 v6；占比 14.3%",,,,,,肥城县：春大饥，人相食。麦秋皆大熟。——嘉庆《肥城县新志》卷十六祥异,
1786,山东,,汶上县,1786|山东|汶上,清高宗乾隆五十一年,汶上县,宣统四续汶上县志稿,无,需进一步分析,v6,v6,1,0.1429,否,"同类 record 存在于 v1,v2,v3,v4,v5,v6,v7；本条仅存在于 v6；占比 14.3%",,,,,,汶上县：大饥，人相食。至荞麦花，疫盛行，人死十六七。——宣统《四续汶上县志稿》灾祥,
1786,山东,,单县,1786|山东|单,清高宗乾隆五十一年,单县,民国单县志,无,需进一步分析,v6,v6,1,0.1429,否,"同类 record 存在于 v1,v2,v3,v4,v5,v6,v7；本条仅存在于 v6；占比 14.3%",,,,,,单县：大疫。岁凶，人相食。——民国《单县志》卷十四物异,
1786,山东,,定陶县,1786|山东|定陶,清高宗乾隆五十一年,定陶县,民国定陶县志,无,需进一步分析,v6,v6,1,0.1429,否,"同类 record 存在于 v1,v2,v3,v4,v5,v6,v7；本条仅存在于 v6；占比 14.3%",,,,,,定陶县：大饥，人相食，死者无算。——民国《定陶县志》卷九灾异,
1786,山东,,寿光县,1786|山东|寿光,清高宗乾隆五十一年,寿光县,民国寿光县志,无,需进一步分析,v6,v6,1,0.1429,否,"同类 record 存在于 v1,v2,v3,v4,v5,v6,v7；本条仅存在于 v6；占比 14.3%",,,,,,寿光县：岁大饥，人相食，流亡关外者载道。四月，疫。——民国《寿光县志》卷十五编年,
1786,河南,,郾城县,1786|河南|郾城,清高宗乾隆五十一年,郾城县,民国郾城县记,无,需进一步分析,v6,v6,1,0.1429,否,"同类 record 存在于 v1,v2,v3,v4,v5,v6,v7；本条仅存在于 v6；占比 14.3%",,,,,,郾城县：旱，大饥，疫。春，斗麦钱一千四百，田地每亩无过千者。人相食，疫死大半。鬻妻女者道路不绝。——民国《郾城县记》卷五大事篇,
1786,山东,,莒县,1786|山东|莒,清高宗乾隆五十一年,莒县,民国重修莒志,无,需进一步分析,v6,v6,1,0.1429,否,"同类 record 存在于 v1,v2,v3,v4,v5,v6,v7；本条仅存在于 v6；占比 14.3%",,,,,,莒县：春大饥，斗粟千钱，人相食。夏大疫，死者不可胜计。——民国《重修莒志》卷二大事记,
1786,山东,,东阿县,1786|山东|东阿,清高宗乾隆五十一年,东阿县,道光东阿县志,无,需进一步分析,v6,v6,1,0.1429,否,"同类 record 存在于 v1,v2,v3,v4,v5,v6,v7；本条仅存在于 v6；占比 14.3%",,,,,,东阿县：大饥，人相食。——道光《东阿县志》卷二十三祥异,
1786,山东,,城武县,1786|山东|城武,清高宗乾隆五十一年,城武县,道光城武县志,无,需进一步分析,v6,v6,1,0.1429,否,"同类 record 存在于 v1,v2,v3,v4,v5,v6,v7；本条仅存在于 v6；占比 14.3%",,,,,,成武县：春大饥，人相食，死者无算。——道光《城武县志》卷十三祥禄,
1786,山东,,沂水县,1786|山东|沂水,清高宗乾隆五十一年,沂水县,道光沂水县志,无,需进一步分析,v6,v6,1,0.1429,否,"同类 record 存在于 v1,v2,v3,v4,v5,v6,v7；本条仅存在于 v6；占比 14.3%",,,,,,沂水县：春大饥，人相食。——道光《沂水县志》卷九祥异,
1786,山东,,滕县,1786|山东|滕,清高宗乾隆五十一年,滕县,道光滕县志,无,需进一步分析,v6,v6,1,0.1429,否,"同类 record 存在于 v1,v2,v3,v4,v5,v6,v7；本条仅存在于 v6；占比 14.3%",,,,,,滕县：春大饥，人相食。——道光《滕县志》卷五灾祥,
1786,江苏,,铜山县,1786|江苏|铜山,清高宗乾隆五十一年,铜山县,道光铜山县志,无,需进一步分析,v6,v6,1,0.1429,否,"同类 record 存在于 v1,v2,v3,v4,v5,v6,v7；本条仅存在于 v6；占比 14.3%",,,,,,铜山县：春，地生毛，大饥，斗米千钱，人相食。夏大疫，死亡相继。夏秋麦禾大稔。——道光《铜山县志》卷二十三祥异,
1787,河北,,怀安县,1787|河北|怀安,清高宗乾隆五十二年,无,《怀安县志》,无,保留,"v1,v2,v3,v5,v6,v7","v1,v2,v3,v5,v6,v7",6,0.8571,是,,怀安县：大旱，人相食。——光绪《怀安县志》卷三灾祥,怀安县：大旱，人相食。——光绪《怀安县志》卷三灾祥,怀安县：大旱，人相食。——光绪《怀安县志》卷三灾祥,,怀安县：大旱，人相食。——光绪《怀安县志》卷三灾祥,怀安县：大旱，人相食。——光绪《怀安县志》卷三灾祥,怀安县：大旱，人相食。——光绪《怀安县志》卷三灾祥
1787,河北,,怀安县,1787|河北|怀安,清高宗乾隆五十二年,无,《怀安县志》,无,保留,v4,v4,1,0.1429,是,,,,,河北：怀安县：大旱，人相食。——光绪《怀安县志》卷三灾祥,,,
1792,山东,,阳信县,1792|山东|阳信,清高宗乾隆五十七年,无,《信邑志稿》,无,保留,"v1,v2,v4,v5,v6","v1,v2,v4,v5,v6",5,0.7143,是,,阳信县：饥，人相食。——同治《信邑志稿》卷三灾异,阳信县：饥，人相食。——同治《信邑志稿》卷三灾异,,山东阳信县：饥，人相食。——同治《信邑志稿》卷三灾异,阳信县：饥，人相食。——同治《信邑志稿》卷三灾异,阳信县：饥，人相食。——同治《信邑志稿》卷三灾异,
1792,山东,,阳信县,1792|山东|阳信,清高宗乾隆五十七年,无,《信邑志稿》,无,保留,"v3,v7","v3,v7",2,0.2857,是,,,,山东：阳信县：饥，人相食。——同治《信邑志稿》卷三灾异,,,,山东：阳信县：饥，人相食。——同治《信邑志稿》卷三灾异
1792,山西,,阳城县,1792|山西|阳城,清高宗乾隆五十七年,无,《阳城县志》,无,保留,"v1,v2,v4,v5,v6","v1,v2,v4,v5,v6",5,0.7143,是,,阳城县：岁大饥，人相食。——同治《阳城县志》卷十八灾祥,阳城县：岁大饥，人相食。——同治《阳城县志》卷十八灾祥,,阳城县：岁大饥，人相食。——同治《阳城县志》卷十八灾祥,阳城县：岁大饥，人相食。——同治《阳城县志》卷十八灾祥,阳城县：岁大饥，人相食。——同治《阳城县志》卷十八灾祥,
1792,山西,,阳城县,1792|山西|阳城,清高宗乾隆五十七年,无,《阳城县志》,无,保留,"v3,v7","v3,v7",2,0.2857,是,,,,山西：阳城县：岁大饥，人相食。——同治《阳城县志》卷十八灾祥,,,,山西：阳城县：岁大饥，人相食。——同治《阳城县志》卷十八灾祥
1805,山西,,凤台县,1805|山西|凤台,清仁宗嘉庆十年,凤台县,《凤台县续志》,无,保留,v6,v6,1,0.1429,是,,,,,,,晋城市：大饥，人相食，斗米千钱。——光绪《凤台县续志》卷四纪事,
1805,山西,晋城市,凤台县,1805|山西|晋城|凤台,清仁宗嘉庆十年,无,《凤台县续志》,无,保留,"v1,v2,v3,v7","v1,v2,v3,v7",4,0.5714,是,,山西：晋城市：大饥，人相食，斗米千钱。——光绪《凤台县续志》卷四纪事,山西：晋城市：大饥，人相食，斗米千钱。——光绪《凤台县续志》卷四纪事,山西：晋城市：大饥，人相食，斗米千钱。——光绪《凤台县续志》卷四纪事,,,,山西：晋城市：大饥，人相食，斗米千钱。——光绪《凤台县续志》卷四纪事
1805,山西,,晋城市,1805|山西|晋城,清仁宗嘉庆十年,凤台县,光绪凤台县续志,原文作晋城市，史料来源为《凤台县续志》,需进一步分析,v5,v5,1,0.1667,否,"同类 record 存在于 v1,v2,v3,v5,v6,v7；本条仅存在于 v5；占比 16.7%",,,,,晋城市：大饥，人相食，斗米千钱。——光绪《凤台县续志》卷四纪事,,
1812,山东,,费县,1812|山东|费,清仁宗嘉庆十七年,无,《华北、东北近五百年旱涝史料》,无,保留,"v2,v3,v6,v7","v2,v3,v6,v7",4,0.5714,是,,,费县：大饥，人相食。——《华北、东北近五百年旱涝史料》第三分册，第100页。,山东费县：大饥，人相食。——《华北、东北近五百年旱涝史料》第三分册，第100页。,,,费县：大饥，人相食。——《华北、东北近五百年旱涝史料》第三分册，第100页。,费县：大饥，人相食。——《华北、东北近五百年旱涝史料》第三分册，第100页。
1812,河南,,林县,1812|河南|林,清仁宗嘉庆十七年,无,《华北、东北近五百年旱涝史料》,无,保留,"v2,v3,v6,v7","v2,v3,v6,v7",4,0.5714,是,,,林县：连年蝗旱，人相食。——《华北、东北近五百年旱涝史料》第四分册，第14页。,河南林县：连年蝗旱，人相食。——《华北、东北近五百年旱涝史料》第四分册，第14页。,,,林县：连年蝗旱，人相食。——《华北、东北近五百年旱涝史料》第四分册，第14页。,林县：连年蝗旱，人相食。——《华北、东北近五百年旱涝史料》第四分册，第14页。
1812,山东,,费县,1812|山东|费,清仁宗嘉庆十七年,无,《华北、东北近五百年旱涝史料》第三分册,无,需进一步分析,v1,v1,1,0.1429,否,"同类 record 存在于 v1,v2,v3,v4,v5,v6,v7；本条仅存在于 v1；占比 14.3%",费县：大饥，人相食。——《华北、东北近五百年旱涝史料》第三分册，第100页。,,,,,,
1812,河南,,林县,1812|河南|林,清仁宗嘉庆十七年,无,《华北、东北近五百年旱涝史料》第四分册,无,需进一步分析,v1,v1,1,0.1429,否,"同类 record 存在于 v1,v2,v3,v4,v5,v6,v7；本条仅存在于 v1；占比 14.3%",林县：连年蝗旱，人相食。——《华北、东北近五百年旱涝史料》第四分册，第14页。,,,,,,
1812,山东,,栖霞县,1812|山东|栖霞,清仁宗嘉庆十七年,无,《栖霞县续志》,无,保留,"v1,v2,v3,v6,v7","v1,v2,v3,v6,v7",5,0.7143,是,,栖霞县：春大饥，人相食。瘟疫盛行，里巷萧然。诏免田赋。——光绪《栖霞县续志》卷八祥异,栖霞县：春大饥，人相食。瘟疫盛行，里巷萧然。诏免田赋。——光绪《栖霞县续志》卷八祥异,山东栖霞县：春大饥，人相食。瘟疫盛行，里巷萧然。诏免田赋。——光绪《栖霞县续志》卷八祥异,,,栖霞县：春大饥，人相食。瘟疫盛行，里巷萧然。诏免田赋。——光绪《栖霞县续志》卷八祥异,栖霞县：春大饥，人相食。瘟疫盛行，里巷萧然。诏免田赋。——光绪《栖霞县续志》卷八祥异
1812,山东,,高密县,1812|山东|高密,清仁宗嘉庆十七年,无,《高密县志》,无,保留,"v1,v2,v3,v6,v7","v1,v2,v3,v6,v7",5,0.7143,是,,高密县：大饥，人相食。免租赋。——光绪《高密县志》卷十纪事,高密县：大饥，人相食。免租赋。——光绪《高密县志》卷十纪事,山东高密县：大饥，人相食。免租赋。——光绪《高密县志》卷十纪事,,,高密县：大饥，人相食。免租赋。——光绪《高密县志》卷十纪事,高密县：大饥，人相食。免租赋。——光绪《高密县志》卷十纪事
1812,山东,,费县,1812|山东|费,清仁宗嘉庆十七年,无,华北、东北近五百年旱涝史料,无,保留,"v4,v5","v4,v5",2,0.2857,是,,,,,费县：大饥，人相食。——《华北、东北近五百年旱涝史料》第三分册，第100页。,费县：大饥，人相食。——《华北、东北近五百年旱涝史料》第三分册，第100页。,,
1812,河南,,林县,1812|河南|林,清仁宗嘉庆十七年,无,华北、东北近五百年旱涝史料,无,保留,"v4,v5","v4,v5",2,0.2857,是,,,,,林县：连年蝗旱，人相食。——《华北、东北近五百年旱涝史料》第四分册，第14页。,林县：连年蝗旱，人相食。——《华北、东北近五百年旱涝史料》第四分册，第14页。,,
1812,山东,,栖霞县,1812|山东|栖霞,清仁宗嘉庆十七年,无,栖霞县续志,无,保留,"v4,v5","v4,v5",2,0.2857,是,,,,,栖霞县：春大饥，人相食。瘟疫盛行，里巷萧然。诏免田赋。——光绪《栖霞县续志》卷八祥异,栖霞县：春大饥，人相食。瘟疫盛行，里巷萧然。诏免田赋。——光绪《栖霞县续志》卷八祥异,,
1812,山东,,高密县,1812|山东|高密,清仁宗嘉庆十七年,无,高密县志,无,保留,"v4,v5","v4,v5",2,0.2857,是,,,,,高密县：大饥，人相食。免租赋。——光绪《高密县志》卷十纪事,高密县：大饥，人相食。免租赋。——光绪《高密县志》卷十纪事,,
1813,河南,平顶山,宝丰县,1813|河南|平顶山|宝丰,清仁宗嘉庆十八年,无,《宝丰县志》,无,保留,"v1,v2,v4,v5,v7","v1,v2,v4,v5,v7",5,0.7143,是,,宝丰县：大旱无禾，人相食。——道光《宝丰县志》卷二十六杂记,宝丰县：大旱无禾，人相食。——道光《宝丰县志》卷二十六杂记,,宝丰县：大旱无禾，人相食。——道光《宝丰县志》卷二十六杂记,宝丰县：大旱无禾，人相食。——道光《宝丰县志》卷二十六杂记,,宝丰县：大旱无禾，人相食。——道光《宝丰县志》卷二十六杂记
1813,河南,郑州,密县,1813|河南|郑|密,清仁宗嘉庆十八年,无,《密县志》,无,保留,"v1,v2,v4,v5,v7","v1,v2,v4,v5,v7",5,0.7143,是,,密县：春大风，昼晦。夏大旱。秋霾雨，陨霜杀荞麦。岁大饥，人相食。——嘉庆《密县志》卷十五祥异,密县：春大风，昼晦。夏大旱。秋霾雨，陨霜杀荞麦。岁大饥，人相食。——嘉庆《密县志》卷十五祥异,,密县：春大风，昼晦。夏大旱。秋霾雨，陨霜杀荞麦。岁大饥，人相食。——嘉庆《密县志》卷十五祥异,密县：春大风，昼晦。夏大旱。秋霾雨，陨霜杀荞麦。岁大饥，人相食。——嘉庆《密县志》卷十五祥异,,密县：春大风，昼晦。夏大旱。秋霾雨，陨霜杀荞麦。岁大饥，人相食。——嘉庆《密县志》卷十五祥异
1813,河南,洛阳,巩县,1813|河南|洛阳|巩,清仁宗嘉庆十八年,无,《巩县志》,无,保留,"v1,v2,v4,v5,v7","v1,v2,v4,v5,v7",5,0.7143,是,,巩县：大饥，人相食。春夏旱，麦歉收。秋禾数种未成，后得雨种荞麦，花实至茂，又遭毒雾枯焦。自嘉庆八、九年来，饥馑荐臻，民鲜盖藏，更遭此灾，流亡载道，甚有人相食者。——民国《巩县志》卷五大事记,巩县：大饥，人相食。春夏旱，麦歉收。秋禾数种未成，后得雨种荞麦，花实至茂，又遭毒雾枯焦。自嘉庆八、九年来，饥馑荐臻，民鲜盖藏，更遭此灾，流亡载道，甚有人相食者。——民国《巩县志》卷五大事记,,巩县：大饥，人相食。春夏旱，麦歉收。秋禾数种未成，后得雨种荞麦，花实至茂，又遭毒雾枯焦。自嘉庆八、九年来，饥馑荐臻，民鲜盖藏，更遭此灾，流亡载道，甚有人相食者。——民国《巩县志》卷五大事记,巩县：大饥，人相食。春夏旱，麦歉收。秋禾数种未成，后得雨种荞麦，花实至茂，又遭毒雾枯焦。自嘉庆八、九年来，饥馑荐臻，民鲜盖藏，更遭此灾，流亡载道，甚有人相食者。——民国《巩县志》卷五大事记,,巩县：大饥，人相食。春夏旱，麦歉收。秋禾数种未成，后得雨种荞麦，花实至茂，又遭毒雾枯焦。自嘉庆八、九年来，饥馑荐臻，民鲜盖藏，更遭此灾，流亡载道，甚有人相食者。——民国《巩县志》卷五大事记
1813,河南,濮阳,濮阳,1813|河南|濮阳|濮阳,清仁宗嘉庆十八年,无,《开州志》,无,保留,"v1,v2,v4,v5,v7","v1,v2,v4,v5,v7",5,0.7143,是,,濮阳市：大饥，人相食。——光绪《开州志》卷一祥异,濮阳市：大饥，人相食。——光绪《开州志》卷一祥异,,濮阳市：大饥，人相食。——光绪《开州志》卷一祥异,濮阳市：大饥，人相食。——光绪《开州志》卷一祥异,,濮阳市：大饥，人相食。——光绪《开州志》卷一祥异
1813,河南,平顶山,临汝县,1813|河南|平顶山|临汝,清仁宗嘉庆十八年,无,《汝州全志》,无,保留,"v1,v2,v4,v5,v7","v1,v2,v4,v5,v7",5,0.7143,是,,临汝县：春，蠡食麦尽。大旱，斗米二千八百钱，民大饥。州守熊祷雨不应，开仓平巢，民稍安。八月陨霜，荞麦尽毁。先是豆谷种未成熟，独荞麦得雨广种，可望丰收，至是乃大饥。民食榆皮草根，逃死甚众。州守熊公设立粥厂，不能救荒，至有人相食者。——道光《汝州全志》卷九灾祥,临汝县：春，蠡食麦尽。大旱，斗米二千八百钱，民大饥。州守熊祷雨不应，开仓平巢，民稍安。八月陨霜，荞麦尽毁。先是豆谷种未成熟，独荞麦得雨广种，可望丰收，至是乃大饥。民食榆皮草根，逃死甚众。州守熊公设立粥厂，不能救荒，至有人相食者。——道光《汝州全志》卷九灾祥,,临汝县：春，蠡食麦尽。大旱，斗米二千八百钱，民大饥。州守熊祷雨不应，开仓平巢，民稍安。八月陨霜，荞麦尽毁。先是豆谷种未成熟，独荞麦得雨广种，可望丰收，至是乃大饥。民食榆皮草根，逃死甚众。州守熊公设立粥厂，不能救荒，至有人相食者。——道光《汝州全志》卷九灾祥,临汝县：春，蠡食麦尽。大旱，斗米二千八百钱，民大饥。州守熊祷雨不应，开仓平巢，民稍安。八月陨霜，荞麦尽毁。先是豆谷种未成熟，独荞麦得雨广种，可望丰收，至是乃大饥。民食榆皮草根，逃死甚众。州守熊公设立粥厂，不能救荒，至有人相食者。——道光《汝州全志》卷九灾祥,,临汝县：春，蠡食麦尽。大旱，斗米二千八百钱，民大饥。州守熊祷雨不应，开仓平巢，民稍安。八月陨霜，荞麦尽毁。先是豆谷种未成熟，独荞麦得雨广种，可望丰收，至是乃大饥。民食榆皮草根，逃死甚众。州守熊公设立粥厂，不能救荒，至有人相食者。——道光《汝州全志》卷九灾祥
1813,河南,洛阳,洛宁县,1813|河南|洛阳|洛宁,清仁宗嘉庆十八年,无,《洛宁县志》,无,保留,"v1,v2,v4,v5,v7","v1,v2,v4,v5,v7",5,0.7143,是,,洛宁县：岁旱，大饥，人相食。——民国《洛宁县志》卷一祥异,洛宁县：岁旱，大饥，人相食。——民国《洛宁县志》卷一祥异,,洛宁县：岁旱，大饥，人相食。——民国《洛宁县志》卷一祥异,洛宁县：岁旱，大饥，人相食。——民国《洛宁县志》卷一祥异,,洛宁县：岁旱，大饥，人相食。——民国《洛宁县志》卷一祥异
1813,河南,开封,开封,1813|河南|开封|开封,清仁宗嘉庆十八年,无,《祥符县志》,无,保留,"v1,v2,v4,v5,v7","v1,v2,v4,v5,v7",5,0.7143,是,,开封县：春旱，白正月至七月始雨。冬饥，人相食。——光绪《祥符县志》卷二十三祥异,开封县：春旱，白正月至七月始雨。冬饥，人相食。——光绪《祥符县志》卷二十三祥异,,开封县：春旱，白正月至七月始雨。冬饥，人相食。——光绪《祥符县志》卷二十三祥异,开封县：春旱，白正月至七月始雨。冬饥，人相食。——光绪《祥符县志》卷二十三祥异,,开封县：春旱，白正月至七月始雨。冬饥，人相食。——光绪《祥符县志》卷二十三祥异
1813,河南,许昌,禹县,1813|河南|许昌|禹,清仁宗嘉庆十八年,无,《禹县志》,无,保留,"v1,v2,v4,v5,v7","v1,v2,v4,v5,v7",5,0.7143,是,,禹县：夏大旱，大饥，人相食。…途多饿殍，肉无幸存，尽为饥民刮食，市有诈称牛马肉售者。——民国《禹县志》卷二十二大事记,禹县：夏大旱，大饥，人相食。…途多饿殍，肉无幸存，尽为饥民刮食，市有诈称牛马肉售者。——民国《禹县志》卷二十二大事记,,禹县：夏大旱，大饥，人相食。…途多饿殍，肉无幸存，尽为饥民刮食，市有诈称牛马肉售者。——民国《禹县志》卷二十二大事记,禹县：夏大旱，大饥，人相食。…途多饿殍，肉无幸存，尽为饥民刮食，市有诈称牛马肉售者。——民国《禹县志》卷二十二大事记,,禹县：夏大旱，大饥，人相食。…途多饿殍，肉无幸存，尽为饥民刮食，市有诈称牛马肉售者。——民国《禹县志》卷二十二大事记
1813,河南,郑州,郑县,1813|河南|郑|郑,清仁宗嘉庆十八年,无,《郑县志》,无,保留,"v1,v2,v4,v5,v7","v1,v2,v4,v5,v7",5,0.7143,是,,郑州市：岁大饥，人相食。——民国《郑县志》卷三祥异,郑州市：岁大饥，人相食。——民国《郑县志》卷三祥异,,郑州市：岁大饥，人相食。——民国《郑县志》卷三祥异,郑州市：岁大饥，人相食。——民国《郑县志》卷三祥异,,郑州市：岁大饥，人相食。——民国《郑县志》卷三祥异
1813,河南,许昌,鄢县,1813|河南|许昌|鄢,清仁宗嘉庆十八年,无,《鄢县志》,无,保留,"v1,v2,v4,v5,v7","v1,v2,v4,v5,v7",5,0.7143,是,,鄢县：正月朔，黄风三日。三月，麦虫生细虫，数日尽枯。大旱，至七月十三日始雨，尽种荞麦。九月二十日大霜，荞麦又尽枯，人相食。——同治《鄢县志》卷十杂事,鄢县：正月朔，黄风三日。三月，麦虫生细虫，数日尽枯。大旱，至七月十三日始雨，尽种荞麦。九月二十日大霜，荞麦又尽枯，人相食。——同治《鄢县志》卷十杂事,,鄢县：正月朔，黄风三日。三月，麦虫生细虫，数日尽枯。大旱，至七月十三日始雨，尽种荞麦。九月二十日大霜，荞麦又尽枯，人相食。——同治《鄢县志》卷十杂事,鄢县：正月朔，黄风三日。三月，麦虫生细虫，数日尽枯。大旱，至七月十三日始雨，尽种荞麦。九月二十日大霜，荞麦又尽枯，人相食。——同治《鄢县志》卷十杂事,,鄢县：正月朔，黄风三日。三月，麦虫生细虫，数日尽枯。大旱，至七月十三日始雨，尽种荞麦。九月二十日大霜，荞麦又尽枯，人相食。——同治《鄢县志》卷十杂事
1813,河南,许昌,鄢陵县,1813|河南|许昌|鄢陵,清仁宗嘉庆十八年,无,《鄢陵县志》,无,保留,"v1,v2,v4,v5,v7","v1,v2,v4,v5,v7",5,0.7143,是,,鄢陵县：春旱，自正月至七月始雨。冬饥，人相食。——道光《鄢陵县志》卷十七杂事,鄢陵县：春旱，自正月至七月始雨。冬饥，人相食。——道光《鄢陵县志》卷十七杂事,,鄢陵县：春旱，自正月至七月始雨。冬饥，人相食。——道光《鄢陵县志》卷十七杂事,鄢陵县：春旱，自正月至七月始雨。冬饥，人相食。——道光《鄢陵县志》卷十七杂事,,鄢陵县：春旱，自正月至七月始雨。冬饥，人相食。——道光《鄢陵县志》卷十七杂事
1813,河南,驻马店,正阳县,1813|河南|驻马店|正阳,清仁宗嘉庆十八年,无,《重修正阳县志》,无,保留,"v1,v2,v4,v5,v7","v1,v2,v4,v5,v7",5,0.7143,是,,正阳县：夏四月旱，至秋八月。邑令张井率绅民浚东关古龙池，虔祷之，不数日雨。惜谷疏枯尽，岁大饥，粮价高平常五倍，人相食。——民国《重修正阳县志》卷三大事记,正阳县：夏四月旱，至秋八月。邑令张井率绅民浚东关古龙池，虔祷之，不数日雨。惜谷疏枯尽，岁大饥，粮价高平常五倍，人相食。——民国《重修正阳县志》卷三大事记,,正阳县：夏四月旱，至秋八月。邑令张井率绅民浚东关古龙池，虔祷之，不数日雨。惜谷疏枯尽，岁大饥，粮价高平常五倍，人相食。——民国《重修正阳县志》卷三大事记,正阳县：夏四月旱，至秋八月。邑令张井率绅民浚东关古龙池，虔祷之，不数日雨。惜谷疏枯尽，岁大饥，粮价高平常五倍，人相食。——民国《重修正阳县志》卷三大事记,,正阳县：夏四月旱，至秋八月。邑令张井率绅民浚东关古龙池，虔祷之，不数日雨。惜谷疏枯尽，岁大饥，粮价高平常五倍，人相食。——民国《重修正阳县志》卷三大事记
1813,河南,平顶山,宝丰县,1813|河南|平顶山|宝丰,清仁宗嘉庆十八年,无,宝丰县志,无,保留,v3,v3,1,0.1429,是,,,,宝丰县：大旱无禾，人相食。——道光《宝丰县志》卷二十六杂记,,,,
1813,河南,郑州,密县,1813|河南|郑|密,清仁宗嘉庆十八年,无,密县志,无,保留,v3,v3,1,0.1429,是,,,,密县：春大风，昼晦。夏大旱。秋霾雨，陨霜杀荞麦。岁大饥，人相食。——嘉庆《密县志》卷十五祥异,,,,
1813,河南,郑州,巩县,1813|河南|郑|巩,清仁宗嘉庆十八年,无,巩县志,无,保留,v3,v3,1,0.1429,是,,,,巩县：大饥，人相食。春夏旱，麦歉收。秋禾数种未成，后得雨种荞麦，花实至茂，又遭毒雾枯焦。自嘉庆八、九年来，饥馑荐臻，民鲜盖藏，更遭此灾，流亡载道，甚有人相食者。——民国《巩县志》卷五大事记,,,,
1813,河南,濮阳,开州,1813|河南|濮阳|开,清仁宗嘉庆十八年,无,开州志,无,保留,v3,v3,1,0.1429,是,,,,濮阳市：大饥，人相食。——光绪《开州志》卷一祥异,,,,
1813,河南,平顶山,汝州,1813|河南|平顶山|汝,清仁宗嘉庆十八年,无,汝州全志,无,保留,v3,v3,1,0.1429,是,,,,临汝县：春，蠡食麦尽。大旱，斗米二千八百钱，民大饥。州守熊祷雨不应，开仓平巢，民稍安。八月陨霜，荞麦尽毁。先是豆谷种未成熟，独荞麦得雨广种，可望丰收，至是乃大饥。民食榆皮草根，逃死甚众。州守熊公设立粥厂，不能救荒，至有人相食者。——道光《汝州全志》卷九灾祥,,,,
1813,河南,洛阳,洛宁县,1813|河南|洛阳|洛宁,清仁宗嘉庆十八年,无,洛宁县志,无,保留,v3,v3,1,0.1429,是,,,,洛宁县：岁旱，大饥，人相食。——民国《洛宁县志》卷一祥异,,,,
1813,河南,开封,祥符县,1813|河南|开封|祥符,清仁宗嘉庆十八年,无,祥符县志,无,保留,v3,v3,1,0.1429,是,,,,开封县：春旱，白正月至七月始雨。冬饥，人相食。——光绪《祥符县志》卷二十三祥异,,,,
1813,河南,许昌,禹县,1813|河南|许昌|禹,清仁宗嘉庆十八年,无,禹县志,无,保留,v3,v3,1,0.1429,是,,,,禹县：夏大旱，大饥，人相食。…途多饿殍，肉无幸存，尽为饥民刮食，市有诈称牛马肉售者。——民国《禹县志》卷二十二大事记,,,,
1813,河南,郑州,郑县,1813|河南|郑|郑,清仁宗嘉庆十八年,无,郑县志,无,保留,v3,v3,1,0.1429,是,,,,郑州市：岁大饥，人相食。——民国《郑县志》卷三祥异,,,,
1813,河南,许昌,鄢县,1813|河南|许昌|鄢,清仁宗嘉庆十八年,无,鄢县志,无,保留,v3,v3,1,0.1429,是,,,,鄢县：正月朔，黄风三日。三月，麦虫生细虫，数日尽枯。大旱，至七月十三日始雨，尽种荞麦。九月二十日大霜，荞麦又尽枯，人相食。——同治《鄢县志》卷十杂事,,,,
1813,河南,许昌,鄢陵县,1813|河南|许昌|鄢陵,清仁宗嘉庆十八年,无,鄢陵县志,无,保留,v3,v3,1,0.1429,是,,,,鄢陵县：春旱，自正月至七月始雨。冬饥，人相食。——道光《鄢陵县志》卷十七杂事,,,,
1813,河南,驻马店,正阳县,1813|河南|驻马店|正阳,清仁宗嘉庆十八年,无,重修正阳县志,无,保留,v3,v3,1,0.1429,是,,,,正阳县：夏四月旱，至秋八月。邑令张井率绅民浚东关古龙池，虔祷之，不数日雨。惜谷疏枯尽，岁大饥，粮价高平常五倍，人相食。——民国《重修正阳县志》卷三大事记,,,,
1814,山东,,汶上县,1814|山东|汶上,清仁宗嘉庆十九年,无,《四续汶上县志稿》,无,保留,"v3,v4,v5,v7","v3,v4,v5,v7",4,0.5714,是,,,,汶上县：大饥，人相食。秋八月大雨，坏庐舍无算。——宣统《四续汶上县志稿》灾祥,汶上县：大饥，人相食。秋八月大雨，坏庐舍无算。——宣统《四续汶上县志稿》灾祥,汶上县：大饥，人相食。秋八月大雨，坏庐舍无算。——宣统《四续汶上县志稿》灾祥,,汶上县：大饥，人相食。秋八月大雨，坏庐舍无算。——宣统《四续汶上县志稿》灾祥
1814,山东,,汶上县,1814|山东|汶上,清仁宗嘉庆十九年,无,《四续汶上县志稿》,无,保留,"v1,v2","v1,v2",2,0.2857,是,,山东：汶上县：大饥，人相食。秋八月大雨，坏庐舍无算。——宣统《四续汶上县志稿》灾祥,山东：汶上县：大饥，人相食。秋八月大雨，坏庐舍无算。——宣统《四续汶上县志稿》灾祥,,,,,
1814,河南,,方城县,1814|河南|方城,清仁宗嘉庆十九年,无,《方城县志》,无,保留,"v3,v4,v5,v7","v3,v4,v5,v7",4,0.5714,是,,,,方城县：春岁饥，人相食。——民国《方城县志》卷五灾异,方城县：春岁饥，人相食。——民国《方城县志》卷五灾异,方城县：春岁饥，人相食。——民国《方城县志》卷五灾异,,方城县：春岁饥，人相食。——民国《方城县志》卷五灾异
1814,河南,,方城县,1814|河南|方城,清仁宗嘉庆十九年,无,《方城县志》,无,保留,"v1,v2","v1,v2",2,0.2857,是,,河南：方城县：春岁饥，人相食。——民国《方城县志》卷五灾异,河南：方城县：春岁饥，人相食。——民国《方城县志》卷五灾异,,,,,
1814,河南,,汝阳县,1814|河南|汝阳,清仁宗嘉庆十九年,无,《重修伊阳县志》,无,保留,"v1,v2","v1,v2",2,0.2857,是,,河南：汝阳县：春，米买斗钱二千二百，人相食。——道光《重修伊阳县志》卷六祥异,河南：汝阳县：春，米买斗钱二千二百，人相食。——道光《重修伊阳县志》卷六祥异,,,,,
1814,河南,,汝阳县,1814|河南|汝阳,清仁宗嘉庆十九年,无,《重修伊阳县志》,无,保留,"v3,v4,v5,v7","v3,v4,v5,v7",4,0.5714,是,,,,汝阳县：春，米买斗钱二千二百，人相食。——道光《重修伊阳县志》卷六祥异,汝阳县：春，米买斗钱二千二百，人相食。——道光《重修伊阳县志》卷六祥异,汝阳县：春，米买斗钱二千二百，人相食。——道光《重修伊阳县志》卷六祥异,,汝阳县：春，米买斗钱二千二百，人相食。——道光《重修伊阳县志》卷六祥异
1814,河南,,原阳县,1814|河南|原阳,清仁宗嘉庆十九年,无,《阳武县志》,无,保留,"v1,v2","v1,v2",2,0.2857,是,,河南：原阳县：春大饥，饿殍遍野，树皮皆尽，人相食，鸡犬无声。赈。秋疟。——民国《阳武县志》卷一通纪,河南：原阳县：春大饥，饿殍遍野，树皮皆尽，人相食，鸡犬无声。赈。秋疟。——民国《阳武县志》卷一通纪,,,,,
1814,河南,,原阳县,1814|河南|原阳,清仁宗嘉庆十九年,无,《阳武县志》,无,保留,v3,v3,1,0.1429,是,,,,原阳县：春大饥，饿殍遍野，树皮皆尽，人相食。赈。秋疟。——民国《阳武县志》卷一通纪,,,,
1814,河南,,原阳县,1814|河南|原阳,清仁宗嘉庆十九年,无,《阳武县志》,无,保留,"v4,v5,v7","v4,v5,v7",3,0.4286,是,,,,,原阳县：春大饥，饿殍遍野，树皮皆尽，人相食，鸡犬无声。赈。秋疟。——民国《阳武县志》卷一通纪,原阳县：春大饥，饿殍遍野，树皮皆尽，人相食，鸡犬无声。赈。秋疟。——民国《阳武县志》卷一通纪,,原阳县：春大饥，饿殍遍野，树皮皆尽，人相食，鸡犬无声。赈。秋疟。——民国《阳武县志》卷一通纪
1814,安徽,,霍邱县,1814|安徽|霍邱,清仁宗嘉庆十九年,无,《霍邱县志》,无,保留,"v1,v2","v1,v2",2,0.2857,是,,安徽：霍邱县：大旱，斗米千钱，人相食。——道光《霍邱县志》卷十二灾异,安徽：霍邱县：大旱，斗米千钱，人相食。——道光《霍邱县志》卷十二灾异,,,,,
1814,安徽,,霍邱县,1814|安徽|霍邱,清仁宗嘉庆十九年,无,《霍邱县志》,无,保留,"v3,v4,v5,v7","v3,v4,v5,v7",4,0.5714,是,,,,霍邱县：大旱，斗米千钱，人相食。——道光《霍邱县志》卷十二灾异,霍邱县：大旱，斗米千钱，人相食。——道光《霍邱县志》卷十二灾异,霍邱县：大旱，斗米千钱，人相食。——道光《霍邱县志》卷十二灾异,,霍邱县：大旱，斗米千钱，人相食。——道光《霍邱县志》卷十二灾异
1814,山东,,汶上县,1814|山东|汶上,清仁宗嘉庆十九年,无,四续汶上县志稿,无,保留,v6,v6,1,0.1429,是,,,,,,,山东：汶上县：大饥，人相食。秋八月大雨，坏庐舍无算。——宣统《四续汶上县志稿》灾祥,
1814,河南,,方城县,1814|河南|方城,清仁宗嘉庆十九年,无,方城县志,无,保留,v6,v6,1,0.1429,是,,,,,,,河南：方城县：春岁饥，人相食。——民国《方城县志》卷五灾异,
1814,河南,,汝阳县,1814|河南|汝阳,清仁宗嘉庆十九年,无,重修伊阳县志,无,保留,v6,v6,1,0.1429,是,,,,,,,河南：汝阳县：春，米买斗钱二千二百，人相食。——道光《重修伊阳县志》卷六祥异,
1814,河南,,原阳县,1814|河南|原阳,清仁宗嘉庆十九年,无,阳武县志,无,保留,v6,v6,1,0.1429,是,,,,,,,河南：原阳县：春大饥，饿殍遍野，树皮皆尽，人相食，鸡犬无声。赈。秋疟。——民国《阳武县志》卷一通纪,
1814,安徽,,霍邱县,1814|安徽|霍邱,清仁宗嘉庆十九年,无,霍邱县志,无,保留,v6,v6,1,0.1429,是,,,,,,,安徽：霍邱县：大旱，斗米千钱，人相食。——道光《霍邱县志》卷十二灾异,
1818,河南,,方城县,1818|河南|方城,清仁宗嘉庆二十三年,无,《方城县志》,无,保留,"v1,v2,v3,v4,v5,v6","v1,v2,v3,v4,v5,v6",6,0.8571,是,,方城县：大饥，人相食。——民国《方城县志》卷五灾异,方城县：大饥，人相食。——民国《方城县志》卷五灾异,方城县：大饥，人相食。——民国《方城县志》卷五灾异,方城县：大饥，人相食。——民国《方城县志》卷五灾异,方城县：大饥，人相食。——民国《方城县志》卷五灾异,方城县：大饥，人相食。——民国《方城县志》卷五灾异,
1818,河南,,方城县,1818|河南|方城,清仁宗嘉庆二十三年,无,《方城县志》,无,保留,v7,v7,1,0.1429,是,,,,,,,,河南：方城县：大饥，人相食。——民国《方城县志》卷五灾异
1825,贵州,,荔波县,1825|贵|荔波,清宣宗道光五年,无,《荔波县志》,无,保留,v2,v2,1,0.1429,是,,,荔波县：大饥，人相食。——光绪《荔波县志》卷一祥异,,,,,
1825,贵州,,荔波县,1825|贵|荔波,清宣宗道光五年,无,《荔波县志》,无,保留,"v1,v3,v4,v5,v6,v7","v1,v3,v4,v5,v6,v7",6,0.8571,是,,贵州：荔波县：大饥，人相食。——光绪《荔波县志》卷一祥异,,贵州：荔波县：大饥，人相食。——光绪《荔波县志》卷一祥异,贵州：荔波县：大饥，人相食。——光绪《荔波县志》卷一祥异,贵州：荔波县：大饥，人相食。——光绪《荔波县志》卷一祥异,贵州：荔波县：大饥，人相食。——光绪《荔波县志》卷一祥异,贵州：荔波县：大饥，人相食。——光绪《荔波县志》卷一祥异
1831,陕西,,平利县,1831|陕西|平利,清宣宗道光十一年,无,《汉江干流及主要支流洪水调查资料汇编》转引《西北灾荒史》,无,需进一步分析,"v1,v2,v7","v1,v2,v7",3,0.4286,否,"同类 record 存在于 v1,v2,v3,v4,v5,v6,v7；本条仅存在于 v1,v2,v7；占比 42.9%",紫阳县、平利县：紫阳、平利之镇坪等处岁大凶，人相食。——《汉江干流及主要支流洪水调查资料汇编》，转引自《西北灾荒史》第1691页。,平利县：紫阳、平利之镇坪等处岁大凶，人相食。——《汉江干流及主要支流洪水调查资料汇编》，转引自《西北灾荒史》第1691页。,,,,,紫阳县、平利县：紫阳、平利之镇坪等处岁大凶，人相食。——《汉江干流及主要支流洪水调查资料汇编》，转引自《西北灾荒史》第1691页
1831,陕西,,紫阳县,1831|陕西|紫阳,清宣宗道光十一年,无,《汉江干流及主要支流洪水调查资料汇编》转引《西北灾荒史》,无,需进一步分析,"v1,v2,v7","v1,v2,v7",3,0.4286,否,"同类 record 存在于 v1,v2,v3,v4,v5,v6,v7；本条仅存在于 v1,v2,v7；占比 42.9%",紫阳县、平利县：紫阳、平利之镇坪等处岁大凶，人相食。——《汉江干流及主要支流洪水调查资料汇编》，转引自《西北灾荒史》第1691页。,紫阳县：紫阳、平利之镇坪等处岁大凶，人相食。——《汉江干流及主要支流洪水调查资料汇编》，转引自《西北灾荒史》第1691页。,,,,,紫阳县、平利县：紫阳、平利之镇坪等处岁大凶，人相食。——《汉江干流及主要支流洪水调查资料汇编》，转引自《西北灾荒史》第1691页
1831,陕西,,平利县,1831|陕西|平利,清宣宗道光十一年,无,《汉江干流及主要支流洪水调查资料汇编》转引《西北灾荒史》,无,需进一步分析,v3,v3,1,0.1429,否,"同类 record 存在于 v1,v2,v3,v4,v5,v6,v7；本条仅存在于 v3；占比 14.3%",,,陕西：紫阳县、平利县：紫阳、平利之镇坪等处岁大凶，人相食。——《汉江干流及主要支流洪水调查资料汇编》，转引自《西北灾荒史》第1691页。,,,,
1831,陕西,,紫阳县,1831|陕西|紫阳,清宣宗道光十一年,无,《汉江干流及主要支流洪水调查资料汇编》转引《西北灾荒史》,无,需进一步分析,v3,v3,1,0.1429,否,"同类 record 存在于 v1,v2,v3,v4,v5,v6,v7；本条仅存在于 v3；占比 14.3%",,,陕西：紫阳县、平利县：紫阳、平利之镇坪等处岁大凶，人相食。——《汉江干流及主要支流洪水调查资料汇编》，转引自《西北灾荒史》第1691页。,,,,
1831,江苏,,盐城县,1831|江苏|盐城,清宣宗道光十一年,无,《盐城县志》,无,保留,v3,v3,1,0.1429,是,,,,江苏：盐城市：夏六月十八日，运堤决马棚湾，县境水深五尺。岁大饥，人相食。——光绪《盐城县志》卷十七祥异,,,,
1831,江苏,盐城市,盐城县,1831|江苏|盐城|盐城,清宣宗道光十一年,无,《盐城县志》,无,保留,"v1,v2,v6,v7","v1,v2,v6,v7",4,0.5714,是,,盐城市：夏六月十八日，运堤决马棚湾，县境水深五尺。岁大饥，人相食。——光绪《盐城县志》卷十七祥异,盐城市：夏六月十八日，运堤决马棚湾，县境水深五尺。岁大饥，人相食。——光绪《盐城县志》卷十七祥异,,,,盐城市：夏六月十八日，运堤决马棚湾，县境水深五尺。岁大饥，人相食。——光绪《盐城县志》卷十七祥异,盐城市：夏六月十八日，运堤决马棚湾，县境水深五尺。岁大饥，人相食。——光绪《盐城县志》卷十七祥异
1831,江苏,盐城,阜宁县,1831|江苏|盐城|阜宁,清宣宗道光十一年,无,《虾沟里乘》,无,保留,"v1,v2,v3,v6,v7","v1,v2,v3,v6,v7",5,0.7143,是,,阜宁县：马棚湾决。次春大荒，人相食，镇西义地为大坑，饥民之死者辄投之，日凡数十人。——光绪《虾沟里乘》五行,阜宁县：马棚湾决。次春大荒，人相食，镇西义地为大坑，饥民之死者辄投之，日凡数十人。——光绪《虾沟里乘》五行,阜宁县：马棚湾决。次春大荒，人相食，镇西义地为大坑，饥民之死者辄投之，日凡数十人。——光绪《虾沟里乘》五行,,,阜宁县：马棚湾决。次春大荒，人相食，镇西义地为大坑，饥民之死者辄投之，日凡数十人。——光绪《虾沟里乘》五行,阜宁县：马棚湾决。次春大荒，人相食，镇西义地为大坑，饥民之死者辄投之，日凡数十人。——光绪《虾沟里乘》五行
1831,陕西,,平利县,1831|陕西|平利,清宣宗道光十一年,无,《西北灾荒史》,转引自《汉江干流及主要支流洪水调查资料汇编》,保留,v6,v6,1,0.1429,是,,,,,,,紫阳县、平利县：紫阳、平利之镇坪等处岁大凶，人相食。——《汉江干流及主要支流洪水调查资料汇编》，转引自《西北灾荒史》第1691页。,
1831,陕西,,紫阳县,1831|陕西|紫阳,清宣宗道光十一年,无,《西北灾荒史》,转引自《汉江干流及主要支流洪水调查资料汇编》,保留,v6,v6,1,0.1429,是,,,,,,,紫阳县、平利县：紫阳、平利之镇坪等处岁大凶，人相食。——《汉江干流及主要支流洪水调查资料汇编》，转引自《西北灾荒史》第1691页。,
1831,陕西,,平利县,1831|陕西|平利,清宣宗道光十一年,无,汉江干流及主要支流洪水调查资料汇编,无,保留,"v4,v5","v4,v5",2,0.2857,是,,,,,紫阳县、平利县：紫阳、平利之镇坪等处岁大凶，人相食。——《汉江干流及主要支流洪水调查资料汇编》，转引自《西北灾荒史》第1691页。,紫阳县、平利县：紫阳、平利之镇坪等处岁大凶，人相食。——《汉江干流及主要支流洪水调查资料汇编》，转引自《西北灾荒史》第1691页。,,
1831,陕西,,紫阳县,1831|陕西|紫阳,清宣宗道光十一年,无,汉江干流及主要支流洪水调查资料汇编,无,保留,"v4,v5","v4,v5",2,0.2857,是,,,,,紫阳县、平利县：紫阳、平利之镇坪等处岁大凶，人相食。——《汉江干流及主要支流洪水调查资料汇编》，转引自《西北灾荒史》第1691页。,紫阳县、平利县：紫阳、平利之镇坪等处岁大凶，人相食。——《汉江干流及主要支流洪水调查资料汇编》，转引自《西北灾荒史》第1691页。,,
1831,江苏,,盐城县,1831|江苏|盐城,清宣宗道光十一年,无,盐城县志,无,保留,"v4,v5","v4,v5",2,0.2857,是,,,,,盐城市：夏六月十八日，运堤决马棚湾，县境水深五尺。岁大饥，人相食。——光绪《盐城县志》卷十七祥异,盐城市：夏六月十八日，运堤决马棚湾，县境水深五尺。岁大饥，人相食。——光绪《盐城县志》卷十七祥异,,
1831,江苏,,阜宁县,1831|江苏|阜宁,清宣宗道光十一年,无,虾沟里乘,无,保留,"v4,v5","v4,v5",2,0.2857,是,,,,,阜宁县：马棚湾决。次春大荒，人相食，镇西义地为大坑，饥民之死者辄投之，日凡数十人。——光绪《虾沟里乘》五行,阜宁县：马棚湾决。次春大荒，人相食，镇西义地为大坑，饥民之死者辄投之，日凡数十人。——光绪《虾沟里乘》五行,,
1832,湖北,,公安县,1832|湖北|公安,清宣宗道光十二年,无,《公安县志》,无,保留,"v3,v4","v3,v4",2,0.2857,是,,,,湖北：公安县：春夏疫。大水，江陵江堤白庙子、松滋江堤朱家埠同决。秋八月十九至二十一日，昼夜风，拔树伐屋，人民溺死无算，…斗米价钱五百余文，人相食。——同治《公安县志》卷三祥异,湖北：公安县：春夏疫。大水，江陵江堤白庙子、松滋江堤朱家埠同决。秋八月十九至二十一日，昼夜风，拔树伐屋，人民溺死无算，…斗米价钱五百余文，人相食。——同治《公安县志》卷三祥异,,,
1832,湖北,,公安县,1832|湖北|公安,清宣宗道光十二年,无,《公安县志》,无,保留,"v1,v2,v5,v6,v7","v1,v2,v5,v6,v7",5,0.7143,是,,公安县：春夏疫。大水，江陵江堤白庙子、松滋江堤朱家埠同决。秋八月十九至二十一日，昼夜风，拔树伐屋，人民溺死无算，…斗米价钱五百余文，人相食。——同治《公安县志》卷三祥异,公安县：春夏疫。大水，江陵江堤白庙子、松滋江堤朱家埠同决。秋八月十九至二十一日，昼夜风，拔树伐屋，人民溺死无算，…斗米价钱五百余文，人相食。——同治《公安县志》卷三祥异,,,公安县：春夏疫。大水，江陵江堤白庙子、松滋江堤朱家埠同决。秋八月十九至二十一日，昼夜风，拔树伐屋，人民溺死无算，…斗米价钱五百余文，人相食。——同治《公安县志》卷三祥异,公安县：春夏疫。大水，江陵江堤白庙子、松滋江堤朱家埠同决。秋八月十九至二十一日，昼夜风，拔树伐屋，人民溺死无算，…斗米价钱五百余文，人相食。——同治《公安县志》卷三祥异,公安县：春夏疫。大水，江陵江堤白庙子、松滋江堤朱家埠同决。秋八月十九至二十一日，昼夜风，拔树伐屋，人民溺死无算，…斗米价钱五百余文，人相食。——同治《公安县志》卷三祥异
1832,江苏,,宿迁市,1832|江苏|宿迁,清宣宗道光十二年,无,《宿迁县志》,无,保留,"v1,v2,v5,v6,v7","v1,v2,v5,v6,v7",5,0.7143,是,,宿迁市：秋大水，冬大饥，人相食。——民国《宿迁县志》卷七旱蠲赈,宿迁市：秋大水，冬大饥，人相食。——民国《宿迁县志》卷七旱蠲赈,,,宿迁市：秋大水，冬大饥，人相食。——民国《宿迁县志》卷七旱蠲赈,宿迁市：秋大水，冬大饥，人相食。——民国《宿迁县志》卷七旱蠲赈,宿迁市：秋大水，冬大饥，人相食。——民国《宿迁县志》卷七旱蠲赈
1832,江苏,宿迁市,宿迁市,1832|江苏|宿迁|宿迁,清宣宗道光十二年,无,《宿迁县志》,无,保留,v4,v4,1,0.1429,是,,,,,江苏：宿迁市：秋大水，冬大饥，人相食。——民国《宿迁县志》卷七旱蠲赈,,,
1832,江苏,,宿迁,1832|江苏|宿迁,清宣宗道光十二年,无,《徐州府志》,无,保留,"v1,v2,v5,v7","v1,v2,v5,v7",4,0.5714,是,,邱县：邳州自二月不雨至于六月。秋，淫雨害稼。宿迁大饥，人相食。——同治《徐州府志》卷二五,邱县：邳州自二月不雨至于六月。秋，淫雨害稼。宿迁大饥，人相食。——同治《徐州府志》卷二五,,,邱县：邳州自二月不雨至于六月。秋，淫雨害稼。宿迁大饥，人相食。——同治《徐州府志》卷二五,,邱县：邳州自二月不雨至于六月。秋，淫雨害稼。宿迁大饥，人相食。——同治《徐州府志》卷二五
1832,江苏,,宿迁,1832|江苏|宿迁,清宣宗道光十二年,无,《徐州府志》,原文开头为邱县，内容涉及宿迁，人相食发生在宿迁。,保留,v4,v4,1,0.1429,是,,,,,江苏：邱县：邳州自二月不雨至于六月。秋，淫雨害稼。宿迁大饥，人相食。——同治《徐州府志》卷二五,,,
1832,陕西,,紫阳县,1832|陕西|紫阳,清宣宗道光十二年,无,《紫阳县志》,无,保留,"v1,v2,v5,v6,v7","v1,v2,v5,v6,v7",5,0.7143,是,,紫阳县：夏秋阴雨过多，伤稼。岁大荒，人相食。——道光《紫阳县志》卷七祥异,紫阳县：夏秋阴雨过多，伤稼。岁大荒，人相食。——道光《紫阳县志》卷七祥异,,,紫阳县：夏秋阴雨过多，伤稼。岁大荒，人相食。——道光《紫阳县志》卷七祥异,紫阳县：夏秋阴雨过多，伤稼。岁大荒，人相食。——道光《紫阳县志》卷七祥异,紫阳县：夏秋阴雨过多，伤稼。岁大荒，人相食。——道光《紫阳县志》卷七祥异
1832,陕西,,紫阳县,1832|陕西|紫阳,清宣宗道光十二年,无,《紫阳县志》,无,保留,"v3,v4","v3,v4",2,0.2857,是,,,,陕西：紫阳县：夏秋阴雨过多，伤稼。岁大荒，人相食。——道光《紫阳县志》卷七祥异,陕西：紫阳县：夏秋阴雨过多，伤稼。岁大荒，人相食。——道光《紫阳县志》卷七祥异,,,
1832,安徽,,五河县,1832|安徽|五河,清宣宗道光十二年,无,《重修五河县志》,无,保留,"v3,v4","v3,v4",2,0.2857,是,,,,安徽：五河县：二月不雨至于六月。立秋后雨雹，大雨伤稼，冬大饥，人相食。——光绪《重修五河县志》卷十九祥异,安徽：五河县：二月不雨至于六月。立秋后雨雹，大雨伤稼，冬大饥，人相食。——光绪《重修五河县志》卷十九祥异,,,
1832,安徽,,五河县,1832|安徽|五河,清宣宗道光十二年,无,《重修五河县志》,无,保留,"v1,v2,v5,v6,v7","v1,v2,v5,v6,v7",5,0.7143,是,,五河县：二月不雨至于六月。立秋后雨雹，大雨伤稼，冬大饥，人相食。——光绪《重修五河县志》卷十九祥异,五河县：二月不雨至于六月。立秋后雨雹，大雨伤稼，冬大饥，人相食。——光绪《重修五河县志》卷十九祥异,,,五河县：二月不雨至于六月。立秋后雨雹，大雨伤稼，冬大饥，人相食。——光绪《重修五河县志》卷十九祥异,五河县：二月不雨至于六月。立秋后雨雹，大雨伤稼，冬大饥，人相食。——光绪《重修五河县志》卷十九祥异,五河县：二月不雨至于六月。立秋后雨雹，大雨伤稼，冬大饥，人相食。——光绪《重修五河县志》卷十九祥异
1833,山东,临沂市,临沂市,1833|山东|临沂|临沂,清宣宗道光十三年,无,《临沂县志》,无,保留,"v1,v2,v3,v4,v5,v6,v7","v1,v2,v3,v4,v5,v6,v7",7,1.0,是,,临沂市：大水，大饥。人相食。——民国《临沂县志》卷一通纪,临沂市：大水，大饥。人相食。——民国《临沂县志》卷一通纪,临沂市：大水，大饥。人相食。——民国《临沂县志》卷一通纪,临沂市：大水，大饥。人相食。——民国《临沂县志》卷一通纪,临沂市：大水，大饥。人相食。——民国《临沂县志》卷一通纪,临沂市：大水，大饥。人相食。——民国《临沂县志》卷一通纪,临沂市：大水，大饥。人相食。——民国《临沂县志》卷一通纪
1833,安徽,亳州市,亳州市,1833|安徽|亳|亳,清宣宗道光十三年,无,《亳州志》,无,保留,"v1,v2,v3,v4,v5,v6,v7","v1,v2,v3,v4,v5,v6,v7",7,1.0,是,,亳州市：大饥，人相食。——光绪《亳州志》卷十九祥异,亳州市：大饥，人相食。——光绪《亳州志》卷十九祥异,亳州市：大饥，人相食。——光绪《亳州志》卷十九祥异,亳州市：大饥，人相食。——光绪《亳州志》卷十九祥异,亳州市：大饥，人相食。——光绪《亳州志》卷十九祥异,亳州市：大饥，人相食。——光绪《亳州志》卷十九祥异,亳州市：大饥，人相食。——光绪《亳州志》卷十九祥异
1833,四川,,巫溪县,1833|四川|巫溪,清宣宗道光十三年,无,《大宁县志》,无,保留,"v1,v2,v3,v4,v5,v6,v7","v1,v2,v3,v4,v5,v6,v7",7,1.0,是,,巫溪县：大旱，绝种粮，人相食。知县张如澎出济仓谷，全数发赈。——光绪《大宁县志》卷二灾异,巫溪县：大旱，绝种粮，人相食。知县张如澎出济仓谷，全数发赈。——光绪《大宁县志》卷二灾异,巫溪县：大旱，绝种粮，人相食。知县张如澎出济仓谷，全数发赈。——光绪《大宁县志》卷二灾异,巫溪县：大旱，绝种粮，人相食。知县张如澎出济仓谷，全数发赈。——光绪《大宁县志》卷二灾异,巫溪县：大旱，绝种粮，人相食。知县张如澎出济仓谷，全数发赈。——光绪《大宁县志》卷二灾异,巫溪县：大旱，绝种粮，人相食。知县张如澎出济仓谷，全数发赈。——光绪《大宁县志》卷二灾异,巫溪县：大旱，绝种粮，人相食。知县张如澎出济仓谷，全数发赈。——光绪《大宁县志》卷二灾异
1833,四川,,万源县,1833|四川|万源,清宣宗道光十三年,无,《太平县志》,无,保留,"v1,v2,v3,v4,v5,v6,v7","v1,v2,v3,v4,v5,v6,v7",7,1.0,是,,万源县：五月大雨，秋严寒，大饥，人相食，牲畜草木俱尽，饿殍甚众。——光绪《太平县志》卷十祥异,万源县：五月大雨，秋严寒，大饥，人相食，牲畜草木俱尽，饿殍甚众。——光绪《太平县志》卷十祥异,万源县：五月大雨，秋严寒，大饥，人相食，牲畜草木俱尽，饿殍甚众。——光绪《太平县志》卷十祥异,万源县：五月大雨，秋严寒，大饥，人相食，牲畜草木俱尽，饿殍甚众。——光绪《太平县志》卷十祥异,万源县：五月大雨，秋严寒，大饥，人相食，牲畜草木俱尽，饿殍甚众。——光绪《太平县志》卷十祥异,万源县：五月大雨，秋严寒，大饥，人相食，牲畜草木俱尽，饿殍甚众。——光绪《太平县志》卷十祥异,万源县：五月大雨，秋严寒，大饥，人相食，牲畜草木俱尽，饿殍甚众。——光绪《太平县志》卷十祥异
1833,江苏,,涟水县,1833|江苏|涟水,清宣宗道光十三年,无,《安东县志》,无,保留,"v1,v2,v3,v4,v5,v6,v7","v1,v2,v3,v4,v5,v6,v7",7,1.0,是,,涟水县：大饥，疾疫流行，道馑相望，居民食树皮草根，不足，至于人相食。父老云自乾隆五十一年以及今年，皆为百年来未见之奇荒。——光绪《安东县志》卷五灾异,涟水县：大饥，疾疫流行，道馑相望，居民食树皮草根，不足，至于人相食。父老云自乾隆五十一年以及今年，皆为百年来未见之奇荒。——光绪《安东县志》卷五灾异,涟水县：大饥，疾疫流行，道馑相望，居民食树皮草根，不足，至于人相食。父老云自乾隆五十一年以及今年，皆为百年来未见之奇荒。——光绪《安东县志》卷五灾异,涟水县：大饥，疾疫流行，道馑相望，居民食树皮草根，不足，至于人相食。父老云自乾隆五十一年以及今年，皆为百年来未见之奇荒。——光绪《安东县志》卷五灾异,涟水县：大饥，疾疫流行，道馑相望，居民食树皮草根，不足，至于人相食。父老云自乾隆五十一年以及今年，皆为百年来未见之奇荒。——光绪《安东县志》卷五灾异,涟水县：大饥，疾疫流行，道馑相望，居民食树皮草根，不足，至于人相食。父老云自乾隆五十一年以及今年，皆为百年来未见之奇荒。——光绪《安东县志》卷五灾异,涟水县：大饥，疾疫流行，道馑相望，居民食树皮草根，不足，至于人相食。父老云自乾隆五十一年以及今年，皆为百年来未见之奇荒。——光绪《安东县志》卷五灾异
1833,湖北,,房县,1833|湖北|房,清宣宗道光十三年,无,《房县志》,无,保留,"v1,v2,v3,v4,v5,v6,v7","v1,v2,v3,v4,v5,v6,v7",7,1.0,是,,房县：春，斗米钱千八百。民相食。——同治《房县志》卷六事纪,房县：春，斗米钱千八百。民相食。——同治《房县志》卷六事纪,房县：春，斗米钱千八百。民相食。——同治《房县志》卷六事纪,房县：春，斗米钱千八百。民相食。——同治《房县志》卷六事纪,房县：春，斗米钱千八百。民相食。——同治《房县志》卷六事纪,房县：春，斗米钱千八百。民相食。——同治《房县志》卷六事纪,房县：春，斗米钱千八百。民相食。——同治《房县志》卷六事纪
1833,安徽,,泗县,1833|安徽|泗,清宣宗道光十三年,无,《泗虹合志》,无,保留,"v1,v2,v3,v4,v5,v6,v7","v1,v2,v3,v4,v5,v6,v7",7,1.0,是,,泗县：夏，霾雾伤麦，岁大饥，人相食。——光绪《泗虹合志》卷十九祥异,泗县：夏，霾雾伤麦，岁大饥，人相食。——光绪《泗虹合志》卷十九祥异,泗县：夏，霾雾伤麦，岁大饥，人相食。——光绪《泗虹合志》卷十九祥异,泗县：夏，霾雾伤麦，岁大饥，人相食。——光绪《泗虹合志》卷十九祥异,泗县：夏，霾雾伤麦，岁大饥，人相食。——光绪《泗虹合志》卷十九祥异,泗县：夏，霾雾伤麦，岁大饥，人相食。——光绪《泗虹合志》卷十九祥异,泗县：夏，霾雾伤麦，岁大饥，人相食。——光绪《泗虹合志》卷十九祥异
1833,湖北,,保康县,1833|湖北|保康,清宣宗道光十三年,无,《清史稿》,无,保留,v3,v3,1,0.1429,是,,,,道光十三年（1833）'春，诸城，日照大饥，民流亡。夏，保康、郧县、房县饥，人相食。'——《清史稿》卷四四《灾异志五》,,,,
1833,湖北,,竹溪县,1833|湖北|竹溪,清宣宗道光十三年,无,《竹谿县志》,无,保留,"v1,v2,v3,v4,v5,v6,v7","v1,v2,v3,v4,v5,v6,v7",7,1.0,是,,竹溪县：春大饥，人相食，死者无算。——同治《竹谿县志》卷十六水旱,竹溪县：春大饥，人相食，死者无算。——同治《竹谿县志》卷十六水旱,竹溪县：春大饥，人相食，死者无算。——同治《竹谿县志》卷十六水旱,竹溪县：春大饥，人相食，死者无算。——同治《竹谿县志》卷十六水旱,竹溪县：春大饥，人相食，死者无算。——同治《竹谿县志》卷十六水旱,竹溪县：春大饥，人相食，死者无算。——同治《竹谿县志》卷十六水旱,竹溪县：春大饥，人相食，死者无算。——同治《竹谿县志》卷十六水旱
1833,陕西,,紫阳县,1833|陕西|紫阳,清宣宗道光十三年,无,《紫阳县志》,无,保留,"v1,v2,v3,v4,v5,v7","v1,v2,v3,v4,v5,v7",6,0.8571,是,,紫阳县：雨甚，自正月至九月共晴三十三日，其余非阴则雨。斗米值大钱一千六百文，贫民儿女典卖几尽，甚至骨肉相食。——道光《紫阳县志》卷七祥异,紫阳县：雨甚，自正月至九月共晴三十三日，其余非阴则雨。斗米值大钱一千六百文，贫民儿女典卖几尽，甚至骨肉相食。——道光《紫阳县志》卷七祥异,紫阳县：雨甚，自正月至九月共晴三十三日，其余非阴则雨。斗米值大钱一千六百文，贫民儿女典卖几尽，甚至骨肉相食。——道光《紫阳县志》卷七祥异,紫阳县：雨甚，自正月至九月共晴三十三日，其余非阴则雨。斗米值大钱一千六百文，贫民儿女典卖几尽，甚至骨肉相食。——道光《紫阳县志》卷七祥异,紫阳县：雨甚，自正月至九月共晴三十三日，其余非阴则雨。斗米值大钱一千六百文，贫民儿女典卖几尽，甚至骨肉相食。——道光《紫阳县志》卷七祥异,,紫阳县：雨甚，自正月至九月共晴三十三日，其余非阴则雨。斗米值大钱一千六百文，贫民儿女典卖几尽，甚至骨肉相食。——道光《紫阳县志》卷七祥异
1833,陕西,,紫阳县,1833|陕西|紫阳,清宣宗道光十三年,无,《紫阳县志》,无,保留,v6,v6,1,0.1429,是,,,,,,,陕西：紫阳县：雨甚，自正月至九月共晴三十三日，其余非阴则雨。斗米值大钱一千六百文，贫民儿女典卖几尽，甚至骨肉相食。——道光《紫阳县志》卷七祥异,
1833,安徽,,萧县,1833|安徽|萧,清宣宗道光十三年,无,《续萧县志》,无,保留,"v1,v2,v3,v4,v5,v6,v7","v1,v2,v3,v4,v5,v6,v7",7,1.0,是,,萧县：大饥，人相食，境内盗贼起。——同治《续萧县志》卷十八祥异,萧县：大饥，人相食，境内盗贼起。——同治《续萧县志》卷十八祥异,萧县：大饥，人相食，境内盗贼起。——同治《续萧县志》卷十八祥异,萧县：大饥，人相食，境内盗贼起。——同治《续萧县志》卷十八祥异,萧县：大饥，人相食，境内盗贼起。——同治《续萧县志》卷十八祥异,萧县：大饥，人相食，境内盗贼起。——同治《续萧县志》卷十八祥异,萧县：大饥，人相食，境内盗贼起。——同治《续萧县志》卷十八祥异
1833,湖北,,郧县,1833|湖北|郧,清宣宗道光十三年,无,《郧阳府志》,无,保留,"v1,v2,v3,v4,v5,v6,v7","v1,v2,v3,v4,v5,v6,v7",7,1.0,是,,郧县：春大饥，人相食。三月雨雹，麦不熟。秋旱，蝗。斗米钱二千四百，死者枕藉于道。——同治《郧阳府志》卷八祥异,郧县：春大饥，人相食。三月雨雹，麦不熟。秋旱，蝗。斗米钱二千四百，死者枕藉于道。——同治《郧阳府志》卷八祥异,郧县：春大饥，人相食。三月雨雹，麦不熟。秋旱，蝗。斗米钱二千四百，死者枕藉于道。——同治《郧阳府志》卷八祥异,郧县：春大饥，人相食。三月雨雹，麦不熟。秋旱，蝗。斗米钱二千四百，死者枕藉于道。——同治《郧阳府志》卷八祥异,郧县：春大饥，人相食。三月雨雹，麦不熟。秋旱，蝗。斗米钱二千四百，死者枕藉于道。——同治《郧阳府志》卷八祥异,郧县：春大饥，人相食。三月雨雹，麦不熟。秋旱，蝗。斗米钱二千四百，死者枕藉于道。——同治《郧阳府志》卷八祥异,郧县：春大饥，人相食。三月雨雹，麦不熟。秋旱，蝗。斗米钱二千四百，死者枕藉于道。——同治《郧阳府志》卷八祥异
1833,安徽,,五河县,1833|安徽|五河,清宣宗道光十三年,无,《重修五河县志》,无,保留,"v1,v2,v3,v4,v5,v6,v7","v1,v2,v3,v4,v5,v6,v7",7,1.0,是,,五河县：春疫。夏霾伤麦。岁大饥，人相食。——光绪《重修五河县志》卷十九祥异,五河县：春疫。夏霾伤麦。岁大饥，人相食。——光绪《重修五河县志》卷十九祥异,五河县：春疫。夏霾伤麦。岁大饥，人相食。——光绪《重修五河县志》卷十九祥异,五河县：春疫。夏霾伤麦。岁大饥，人相食。——光绪《重修五河县志》卷十九祥异,五河县：春疫。夏霾伤麦。岁大饥，人相食。——光绪《重修五河县志》卷十九祥异,五河县：春疫。夏霾伤麦。岁大饥，人相食。——光绪《重修五河县志》卷十九祥异,五河县：春疫。夏霾伤麦。岁大饥，人相食。——光绪《重修五河县志》卷十九祥异
1833,陕西,,岚皋县,1833|陕西|岚皋,清宣宗道光十三年,无,《重续兴安府志》,无,保留,"v1,v2,v3,v4,v5,v6,v7","v1,v2,v3,v4,v5,v6,v7",7,1.0,是,,岚皋县：岁大饥，人相食。诏缓征兴安被灾厅县新旧赋额。——民国《重续兴安府志》卷二十一纪事,岚皋县：岁大饥，人相食。诏缓征兴安被灾厅县新旧赋额。——民国《重续兴安府志》卷二十一纪事,岚皋县：岁大饥，人相食。诏缓征兴安被灾厅县新旧赋额。——民国《重续兴安府志》卷二十一纪事,岚皋县：岁大饥，人相食。诏缓征兴安被灾厅县新旧赋额。——民国《重续兴安府志》卷二十一纪事,岚皋县：岁大饥，人相食。诏缓征兴安被灾厅县新旧赋额。——民国《重续兴安府志》卷二十一纪事,岚皋县：岁大饥，人相食。诏缓征兴安被灾厅县新旧赋额。——民国《重续兴安府志》卷二十一纪事,岚皋县：岁大饥，人相食。诏缓征兴安被灾厅县新旧赋额。——民国《重续兴安府志》卷二十一纪事
1834,湖北,宜昌市,秭归县,1834|湖北|宜昌|秭归,清宣宗道光十四年,无,《归州志》,无,保留,"v1,v2,v4,v5,v6","v1,v2,v4,v5,v6",5,0.7143,是,,秭归县：大饥，人民流离，村落一空，行数十里不能籴斗粮，殍亡遍野，竟有人而食人者。秋大熟。——同治增刻嘉庆《归州志》,秭归县：大饥，人民流离，村落一空，行数十里不能籴斗粮，殍亡遍野，竟有人而食人者。秋大熟。——同治增刻嘉庆《归州志》,,秭归县：大饥，人民流离，村落一空，行数十里不能籴斗粮，殍亡遍野，竟有人而食人者。秋大熟。——同治增刻嘉庆《归州志》,秭归县：大饥，人民流离，村落一空，行数十里不能籴斗粮，殍亡遍野，竟有人而食人者。秋大熟。——同治增刻嘉庆《归州志》,秭归县：大饥，人民流离，村落一空，行数十里不能籴斗粮，殍亡遍野，竟有人而食人者。秋大熟。——同治增刻嘉庆《归州志》,
1834,湖北,宜昌市,兴山县,1834|湖北|宜昌|兴山,清宣宗道光十四年,无,《清史稿》,无,保留,"v1,v2,v4,v5,v6","v1,v2,v4,v5,v6",5,0.7143,是,,"兴山县：""道光十四年（1834）春，归州、兴山大饥，人相食。""——《清史稿》卷四四《灾异志五》",兴山县：'道光十四年（1834）春，归州、兴山大饥，人相食。'——《清史稿》卷四四《灾异志五》,,兴山县：'道光十四年（1834）春，归州、兴山大饥，人相食。'——《清史稿》卷四四《灾异志五》,兴山县：'道光十四年（1834）春，归州、兴山大饥，人相食。'——《清史稿》卷四四《灾异志五》,兴山县：'道光十四年（1834）春，归州、兴山大饥，人相食。'——《清史稿》卷四四《灾异志五》,
1834,河南,安阳市,林县,1834|河南|安阳|林,清宣宗道光十四年,无,《续林县志》,无,保留,"v1,v2,v4,v5,v6","v1,v2,v4,v5,v6",5,0.7143,是,,林县：十四年至十七年，连年岁荒，人相食。——咸丰《续林县志》卷一祥异,林县：十四年至十七年，连年岁荒，人相食。——咸丰《续林县志》卷一祥异,,林县：十四年至十七年，连年岁荒，人相食。——咸丰《续林县志》卷一祥异,林县：十四年至十七年，连年岁荒，人相食。——咸丰《续林县志》卷一祥异,林县：十四年至十七年，连年岁荒，人相食。——咸丰《续林县志》卷一祥异,
1834,湖北,,秭归县,1834|湖北|秭归,清宣宗道光十四年,无,归州志,无,保留,"v3,v7","v3,v7",2,0.2857,是,,,,秭归县：大饥，人民流离，村落一空，行数十里不能籴斗粮，殍亡遍野，竟有人而食人者。秋大熟。——同治增刻嘉庆《归州志》,,,,秭归县：大饥，人民流离，村落一空，行数十里不能籴斗粮，殍亡遍野，竟有人而食人者。秋大熟。——同治增刻嘉庆《归州志》
1834,湖北,,兴山县,1834|湖北|兴山,清宣宗道光十四年,无,清史稿,无,保留,"v3,v7","v3,v7",2,0.2857,是,,,,兴山县：'道光十四年（1834）春，归州、兴山大饥，人相食。'——《清史稿》卷四四《灾异志五》,,,,兴山县：'道光十四年（1834）春，归州、兴山大饥，人相食。'——《清史稿》卷四四《灾异志五》
1834,湖北,,归州,1834|湖北|归,清宣宗道光十四年,归州,清史稿,古地名归州，即今湖北秭归,保留,v7,v7,1,0.1429,是,,,,,,,,兴山县：'道光十四年（1834）春，归州、兴山大饥，人相食。'——《清史稿》卷四四《灾异志五》
1834,河南,,林县,1834|河南|林,清宣宗道光十四年,无,续林县志,无,保留,"v3,v7","v3,v7",2,0.2857,是,,,,林县：十四年至十七年，连年岁荒，人相食。——咸丰《续林县志》卷一祥异,,,,林县：十四年至十七年，连年岁荒，人相食。——咸丰《续林县志》卷一祥异
1835,河南,,林县,1835|河南|林,清宣宗道光十五年,无,《续林县志》,无,保留,v6,v6,1,0.1429,是,,,,,,,河南：林县：十四年至十七年，连年岁荒，人相食。——咸丰《续林县志》卷一祥异,
1835,河南,,林县,1835|河南|林,清宣宗道光十五年,无,《续林县志》,无,保留,"v1,v2,v3,v4,v5,v7","v1,v2,v3,v4,v5,v7",6,0.8571,是,,林县：十四年至十七年，连年岁荒，人相食。——咸丰《续林县志》卷一祥异,林县：十四年至十七年，连年岁荒，人相食。——咸丰《续林县志》卷一祥异,林县：十四年至十七年，连年岁荒，人相食。——咸丰《续林县志》卷一祥异,林县：十四年至十七年，连年岁荒，人相食。——咸丰《续林县志》卷一祥异,林县：十四年至十七年，连年岁荒，人相食。——咸丰《续林县志》卷一祥异,,林县：十四年至十七年，连年岁荒，人相食。——咸丰《续林县志》卷一祥异
1836,山东,,诸城县,1836|山东|诸城,清宣宗道光十六年,无,《增修诸城县续志》,无,保留,"v1,v2,v7","v1,v2,v7",3,0.4286,是,,诸城县：春饥，人相食，大疫。——光绪《增修诸城县续志》志一总纪,诸城县：春饥，人相食，大疫。——光绪《增修诸城县续志》志一总纪,,,,,诸城县：春饥，人相食，大疫。——光绪《增修诸城县续志》志一总纪
1836,山东,,广饶县,1836|山东|广饶,清宣宗道光十六年,无,《续修广饶县志》,无,保留,"v1,v2,v7","v1,v2,v7",3,0.4286,是,,广饶县：岁大饥，人相食。——民国《续修广饶县志》卷二十六杂志,广饶县：岁大饥，人相食。——民国《续修广饶县志》卷二十六杂志,,,,,广饶县：岁大饥，人相食。——民国《续修广饶县志》卷二十六杂志
1836,河南,,林县,1836|河南|林,清宣宗道光十六年,无,《续林县志》,原文为'十四年至十七年'，此处提取道光十六年,保留,"v1,v2,v7","v1,v2,v7",3,0.4286,是,,林县：十四年至十七年，连年岁荒，人相食。——咸丰《续林县志》卷一祥异,林县：十四年至十七年，连年岁荒，人相食。——咸丰《续林县志》卷一祥异,,,,,林县：十四年至十七年，连年岁荒，人相食。——咸丰《续林县志》卷一祥异
1836,山东,,诸城县,1836|山东|诸城,清宣宗道光十六年,无,增修诸城县续志,无,保留,"v3,v4,v5,v6","v3,v4,v5,v6",4,0.5714,是,,,,诸城县：春饥，人相食，大疫。——光绪《增修诸城县续志》志一总纪,诸城县：春饥，人相食，大疫。——光绪《增修诸城县续志》志一总纪,诸城县：春饥，人相食，大疫。——光绪《增修诸城县续志》志一总纪,诸城县：春饥，人相食，大疫。——光绪《增修诸城县续志》志一总纪,
1836,山东,,广饶县,1836|山东|广饶,清宣宗道光十六年,无,续修广饶县志,无,保留,"v3,v4,v5,v6","v3,v4,v5,v6",4,0.5714,是,,,,广饶县：岁大饥，人相食。——民国《续修广饶县志》卷二十六杂志,广饶县：岁大饥，人相食。——民国《续修广饶县志》卷二十六杂志,广饶县：岁大饥，人相食。——民国《续修广饶县志》卷二十六杂志,广饶县：岁大饥，人相食。——民国《续修广饶县志》卷二十六杂志,
1836,河南,,林县,1836|河南|林,清宣宗道光十六年,无,续林县志,无,保留,"v3,v4,v5,v6","v3,v4,v5,v6",4,0.5714,是,,,,林县：十四年至十七年，连年岁荒，人相食。——咸丰《续林县志》卷一祥异,林县：十四年至十七年，连年岁荒，人相食。——咸丰《续林县志》卷一祥异,林县：十四年至十七年，连年岁荒，人相食。——咸丰《续林县志》卷一祥异,林县：十四年至十七年，连年岁荒，人相食。——咸丰《续林县志》卷一祥异,
1837,河南,,商水县,1837|河南|商水,清宣宗道光十七年,无,《商水县志》,无,保留,"v1,v2,v3,v4,v6,v7","v1,v2,v3,v4,v6,v7",6,0.8571,是,,商水县：春大饥，人相食。——民国《商水县志》卷二十四祥异,商水县：春大饥，人相食。——民国《商水县志》卷二十四祥异,商水县：春大饥，人相食。——民国《商水县志》卷二十四祥异,商水县：春大饥，人相食。——民国《商水县志》卷二十四祥异,,商水县：春大饥，人相食。——民国《商水县志》卷二十四祥异,商水县：春大饥，人相食。——民国《商水县志》卷二十四祥异
1837,河南,,淮阳县,1837|河南|淮阳,清宣宗道光十七年,无,《淮阳县志》,无,保留,"v1,v2,v3,v4,v6,v7","v1,v2,v3,v4,v6,v7",6,0.8571,是,,淮阳县：春大饥，人相食。——民国五年《淮阳县志》卷二十祥异,淮阳县：春大饥，人相食。——民国五年《淮阳县志》卷二十祥异,淮阳县：春大饥，人相食。——民国五年《淮阳县志》卷二十祥异,淮阳县：春大饥，人相食。——民国五年《淮阳县志》卷二十祥异,,淮阳县：春大饥，人相食。——民国五年《淮阳县志》卷二十祥异,淮阳县：春大饥，人相食。——民国五年《淮阳县志》卷二十祥异
1837,河南,,林县,1837|河南|林,清宣宗道光十七年,无,《续林县志》,无,保留,"v1,v2,v3,v4,v6,v7","v1,v2,v3,v4,v6,v7",6,0.8571,是,,林县：十四年至十七年，连年岁荒，人相食。——咸丰《续林县志》卷一祥异,林县：十四年至十七年，连年岁荒，人相食。——咸丰《续林县志》卷一祥异,林县：十四年至十七年，连年岁荒，人相食。——咸丰《续林县志》卷一祥异,林县：十四年至十七年，连年岁荒，人相食。——咸丰《续林县志》卷一祥异,,林县：十四年至十七年，连年岁荒，人相食。——咸丰《续林县志》卷一祥异,林县：十四年至十七年，连年岁荒，人相食。——咸丰《续林县志》卷一祥异
1837,河南,,项城县,1837|河南|项城,清宣宗道光十七年,无,《项城县志》,无,保留,"v1,v2,v3,v4,v6,v7","v1,v2,v3,v4,v6,v7",6,0.8571,是,,项城县：春大饥，人相食。——民国《项城县志》卷三十一杂事,项城县：春大饥，人相食。——民国《项城县志》卷三十一杂事,项城县：春大饥，人相食。——民国《项城县志》卷三十一杂事,项城县：春大饥，人相食。——民国《项城县志》卷三十一杂事,,项城县：春大饥，人相食。——民国《项城县志》卷三十一杂事,项城县：春大饥，人相食。——民国《项城县志》卷三十一杂事
1837,河南,,商水县,1837|河南|商水,清宣宗道光十七年,无,商水县志,无,保留,v5,v5,1,0.1429,是,,,,,,商水县：春大饥，人相食。——民国《商水县志》卷二十四祥异,,
1837,河南,,淮阳县,1837|河南|淮阳,清宣宗道光十七年,无,淮阳县志,无,保留,v5,v5,1,0.1429,是,,,,,,淮阳县：春大饥，人相食。——民国五年《淮阳县志》卷二十祥异,,
1837,河南,,林县,1837|河南|林,清宣宗道光十七年,无,续林县志,无,保留,v5,v5,1,0.1429,是,,,,,,林县：十四年至十七年，连年岁荒，人相食。——咸丰《续林县志》卷一祥异,,
1837,河南,,项城县,1837|河南|项城,清宣宗道光十七年,无,项城县志,无,保留,v5,v5,1,0.1429,是,,,,,,项城县：春大饥，人相食。——民国《项城县志》卷三十一杂事,,
1838,山东,,单县,1838|山东|单,清宣宗道光十八年,无,《单县志》,无,保留,"v2,v6,v7","v2,v6,v7",3,0.4286,是,,,单县：岁饥，人相食。——民国《单县志》卷十二乡贤,,,,单县：岁饥，人相食。——民国《单县志》卷十二乡贤,单县：岁饥，人相食。——民国《单县志》卷十二乡贤
1838,山东,,单县,1838|山东|单,清宣宗道光十八年,无,《单县志》,无,保留,"v1,v3,v4,v5","v1,v3,v4,v5",4,0.5714,是,,山东：单县：岁饥，人相食。——民国《单县志》卷十二乡贤,,山东：单县：岁饥，人相食。——民国《单县志》卷十二乡贤,山东：单县：岁饥，人相食。——民国《单县志》卷十二乡贤,山东：单县：岁饥，人相食。——民国《单县志》卷十二乡贤,,
1847,河南,濮阳市,南乐县,1847|河南|濮阳|南乐,清宣宗道光二十七年,无,《南乐县志》,无,保留,"v1,v2,v3,v4,v5,v6,v7","v1,v2,v3,v4,v5,v6,v7",7,1.0,是,,南乐县：旱，大饥。人相食。——光绪《南乐县志》卷七祥异,南乐县：旱，大饥。人相食。——光绪《南乐县志》卷七祥异,南乐县：旱，大饥。人相食。——光绪《南乐县志》卷七祥异,南乐县：旱，大饥。人相食。——光绪《南乐县志》卷七祥异,南乐县：旱，大饥。人相食。——光绪《南乐县志》卷七祥异,南乐县：旱，大饥。人相食。——光绪《南乐县志》卷七祥异,南乐县：旱，大饥。人相食。——光绪《南乐县志》卷七祥异
1847,河北,,东,1847|河北|东,清宣宗道光二十七年,无,《大名县志》,县名均为首字，可能存在OCR误差,需校验地区信息,v6,v6,1,0.1429,是,同年同省同来源同 record，但地区名存在近似异写或明显异体，需校验地区信息,,,,,,大、元、南、清、东、长六县均大饥，人相食，缓征，并借给食谷子种各有差。——民国《大名县志》卷二十六祥异,
1847,河北,邯郸市,东明县,1847|河北|邯郸|东明,清宣宗道光二十七年,无,《大名县志》,无,需校验地区信息,"v1,v4,v5","v1,v4,v5",3,0.4286,是,同年同省同来源同 record，但地区名存在近似异写或明显异体，需校验地区信息,大、元、南、清、东、长六县均大饥，人相食，缓征，并借给食谷子种各有差。——民国《大名县志》卷二十六祥异,,,大、元、南、清、东、长六县均大饥，人相食，缓征，并借给食谷子种各有差。——民国《大名县志》卷二十六祥异,大、元、南、清、东、长六县均大饥，人相食，缓征，并借给食谷子种各有差。——民国《大名县志》卷二十六祥异,,
1847,河北,,元,1847|河北|元,清宣宗道光二十七年,无,《大名县志》,县名均为首字，可能存在OCR误差,需校验地区信息,v6,v6,1,0.1429,是,同年同省同来源同 record，但地区名存在近似异写或明显异体，需校验地区信息,,,,,,大、元、南、清、东、长六县均大饥，人相食，缓征，并借给食谷子种各有差。——民国《大名县志》卷二十六祥异,
1847,河北,邯郸市,元城县,1847|河北|邯郸|元城,清宣宗道光二十七年,无,《大名县志》,无,需校验地区信息,"v1,v4,v5","v1,v4,v5",3,0.4286,是,同年同省同来源同 record，但地区名存在近似异写或明显异体，需校验地区信息,大、元、南、清、东、长六县均大饥，人相食，缓征，并借给食谷子种各有差。——民国《大名县志》卷二十六祥异,,,大、元、南、清、东、长六县均大饥，人相食，缓征，并借给食谷子种各有差。——民国《大名县志》卷二十六祥异,大、元、南、清、东、长六县均大饥，人相食，缓征，并借给食谷子种各有差。——民国《大名县志》卷二十六祥异,,
1847,河北,,南,1847|河北|南,清宣宗道光二十七年,无,《大名县志》,县名均为首字，可能存在OCR误差,需校验地区信息,v6,v6,1,0.1429,是,同年同省同来源同 record，但地区名存在近似异写或明显异体，需校验地区信息,,,,,,大、元、南、清、东、长六县均大饥，人相食，缓征，并借给食谷子种各有差。——民国《大名县志》卷二十六祥异,
1847,河北,濮阳市,南乐县,1847|河北|濮阳|南乐,清宣宗道光二十七年,无,《大名县志》,无,需校验地区信息,"v1,v4,v5","v1,v4,v5",3,0.4286,是,同年同省同来源同 record，但地区名存在近似异写或明显异体，需校验地区信息,大、元、南、清、东、长六县均大饥，人相食，缓征，并借给食谷子种各有差。——民国《大名县志》卷二十六祥异,,,大、元、南、清、东、长六县均大饥，人相食，缓征，并借给食谷子种各有差。——民国《大名县志》卷二十六祥异,大、元、南、清、东、长六县均大饥，人相食，缓征，并借给食谷子种各有差。——民国《大名县志》卷二十六祥异,,
1847,河北,,大,1847|河北|大,清宣宗道光二十七年,无,《大名县志》,县名均为首字，可能存在OCR误差,需校验地区信息,v6,v6,1,0.1429,是,同年同省同来源同 record，但地区名存在近似异写或明显异体，需校验地区信息,,,,,,大、元、南、清、东、长六县均大饥，人相食，缓征，并借给食谷子种各有差。——民国《大名县志》卷二十六祥异,
1847,河北,,大、元、南、清、东、长六县,1847|河北|大、元、南、清、东、长六,清宣宗道光二十七年,无,《大名县志》,无,需校验地区信息,"v3,v7","v3,v7",2,0.2857,是,同年同省同来源同 record，但地区名存在近似异写或明显异体，需校验地区信息,,,大、元、南、清、东、长六县均大饥，人相食，缓征，并借给食谷子种各有差。——民国《大名县志》卷二十六祥异,,,,大、元、南、清、东、长六县均大饥，人相食，缓征，并借给食谷子种各有差。——民国《大名县志》卷二十六祥异
1847,河北,邯郸市,大名县,1847|河北|邯郸|大名,清宣宗道光二十七年,无,《大名县志》,无,需校验地区信息,"v1,v4,v5","v1,v4,v5",3,0.4286,是,同年同省同来源同 record，但地区名存在近似异写或明显异体，需校验地区信息,大、元、南、清、东、长六县均大饥，人相食，缓征，并借给食谷子种各有差。——民国《大名县志》卷二十六祥异,,,大、元、南、清、东、长六县均大饥，人相食，缓征，并借给食谷子种各有差。——民国《大名县志》卷二十六祥异,大、元、南、清、东、长六县均大饥，人相食，缓征，并借给食谷子种各有差。——民国《大名县志》卷二十六祥异,,
1847,河北,,大名县、元城县、南乐县、清丰县、东明县、长垣县,1847|河北|大名县、元城县、南乐县、清丰县、东明县、长垣,清宣宗道光二十七年,无,《大名县志》,无,需校验地区信息,v2,v2,1,0.1429,是,同年同省同来源同 record，但地区名存在近似异写或明显异体，需校验地区信息,,大、元、南、清、东、长六县均大饥，人相食，缓征，并借给食谷子种各有差。——民国《大名县志》卷二十六祥异,,,,,
1847,河北,,清,1847|河北|清,清宣宗道光二十七年,无,《大名县志》,县名均为首字，可能存在OCR误差,需校验地区信息,v6,v6,1,0.1429,是,同年同省同来源同 record，但地区名存在近似异写或明显异体，需校验地区信息,,,,,,大、元、南、清、东、长六县均大饥，人相食，缓征，并借给食谷子种各有差。——民国《大名县志》卷二十六祥异,
1847,河北,濮阳市,清丰县,1847|河北|濮阳|清丰,清宣宗道光二十七年,无,《大名县志》,无,需校验地区信息,"v1,v4","v1,v4",2,0.2857,是,同年同省同来源同 record，但地区名存在近似异写或明显异体，需校验地区信息,大、元、南、清、东、长六县均大饥，人相食，缓征，并借给食谷子种各有差。——民国《大名县志》卷二十六祥异,,,大、元、南、清、东、长六县均大饥，人相食，缓征，并借给食谷子种各有差。——民国《大名县志》卷二十六祥异,,,
1847,河北,,清河,1847|河北|清河,清宣宗道光二十七年,无,《大名县志》,原文为“大、元、南、清、东、长六县”，此为简称,需校验地区信息,v5,v5,1,0.1429,是,同年同省同来源同 record，但地区名存在近似异写或明显异体，需校验地区信息,,,,,大、元、南、清、东、长六县均大饥，人相食，缓征，并借给食谷子种各有差。——民国《大名县志》卷二十六祥异,,
1847,河北,,长,1847|河北|长,清宣宗道光二十七年,无,《大名县志》,县名均为首字，可能存在OCR误差,需校验地区信息,v6,v6,1,0.1429,是,同年同省同来源同 record，但地区名存在近似异写或明显异体，需校验地区信息,,,,,,大、元、南、清、东、长六县均大饥，人相食，缓征，并借给食谷子种各有差。——民国《大名县志》卷二十六祥异,
1847,河南,新乡市,长垣县,1847|河南|新乡|长垣,清宣宗道光二十七年,无,《大名县志》,无,保留,"v1,v4,v5","v1,v4,v5",3,0.4286,是,,大、元、南、清、东、长六县均大饥，人相食，缓征，并借给食谷子种各有差。——民国《大名县志》卷二十六祥异,,,大、元、南、清、东、长六县均大饥，人相食，缓征，并借给食谷子种各有差。——民国《大名县志》卷二十六祥异,大、元、南、清、东、长六县均大饥，人相食，缓征，并借给食谷子种各有差。——民国《大名县志》卷二十六祥异,,
1847,河北,邯郸市,大名县,1847|河北|邯郸|大名,清宣宗道光二十七年,无,《续修元城县志》,无,保留,"v1,v2,v3,v4,v5,v6,v7","v1,v2,v3,v4,v5,v6,v7",7,1.0,是,,大名县：大旱，饥，人相食。——同治《续修元城县志》卷一年纪,大名县：大旱，饥，人相食。——同治《续修元城县志》卷一年纪,大名县：大旱，饥，人相食。——同治《续修元城县志》卷一年纪,大名县：大旱，饥，人相食。——同治《续修元城县志》卷一年纪,大名县：大旱，饥，人相食。——同治《续修元城县志》卷一年纪,大名县：大旱，饥，人相食。——同治《续修元城县志》卷一年纪,大名县：大旱，饥，人相食。——同治《续修元城县志》卷一年纪
1847,河南,郑州市,郑县,1847|河南|郑|郑,清宣宗道光二十七年,无,《郑县志》,无,保留,"v1,v2,v3,v4,v5,v6,v7","v1,v2,v3,v4,v5,v6,v7",7,1.0,是,,郑州市：岁大饥，人相食。——民国《郑县志》卷一祥异,郑州市：岁大饥，人相食。——民国《郑县志》卷一祥异,郑州市：岁大饥，人相食。——民国《郑县志》卷一祥异,郑州市：岁大饥，人相食。——民国《郑县志》卷一祥异,郑州市：岁大饥，人相食。——民国《郑县志》卷一祥异,郑州市：岁大饥，人相食。——民国《郑县志》卷一祥异,郑州市：岁大饥，人相食。——民国《郑县志》卷一祥异
1848,云南,,镇雄县,1848|云南|镇雄,清宣宗道光二十八年,无,《镇雄州志》,无,保留,v6,v6,1,0.1429,是,,,,,,,云南：镇雄县：六月，陨霜杀禾。两年连接大饥，人民相食。——光绪《镇雄州志》卷五祥异,
1848,云南,,镇雄县,1848|云南|镇雄,清宣宗道光二十八年,无,《镇雄州志》,无,保留,"v1,v2,v3,v4,v5,v7","v1,v2,v3,v4,v5,v7",6,0.8571,是,,镇雄县：六月，陨霜杀禾。两年连接大饥，人民相食。——光绪《镇雄州志》卷五祥异,镇雄县：六月，陨霜杀禾。两年连接大饥，人民相食。——光绪《镇雄州志》卷五祥异,镇雄县：六月，陨霜杀禾。两年连接大饥，人民相食。——光绪《镇雄州志》卷五祥异,镇雄县：六月，陨霜杀禾。两年连接大饥，人民相食。——光绪《镇雄州志》卷五祥异,镇雄县：六月，陨霜杀禾。两年连接大饥，人民相食。——光绪《镇雄州志》卷五祥异,,镇雄县：六月，陨霜杀禾。两年连接大饥，人民相食。——光绪《镇雄州志》卷五祥异
1849,湖北,,公安,1849|湖北|公安,清宣宗道光二十九年,无,《湖北省近五百年气候历史资料》,无,保留,"v1,v2,v4,v7","v1,v2,v4,v7",4,0.5714,是,,1849年，湖北，水灾”人相食，死骸枕藉（公安）”——湖北武汉中心气象台编：《湖北省近五百年气候历史资料》，1978年编印，第161页。,1849年，湖北，水灾”人相食，死骸枕藉（公安）”——湖北武汉中心气象台编：《湖北省近五百年气候历史资料》，1978年编印，第161页。,,1849年，湖北，水灾'人相食，死骸枕藉（公安）'——湖北武汉中心气象台编：《湖北省近五百年气候历史资料》，1978年编印，第161页。,,,1849年，湖北，水灾'人相食，死骸枕藉（公安）'——湖北武汉中心气象台编：《湖北省近五百年气候历史资料》，1978年编印，第161页。
1849,湖北,,公安,1849|湖北|公安,清宣宗道光二十九年,无,湖北省近五百年气候历史资料,无,保留,v5,v5,1,0.1429,是,,,,,,1849年，湖北，水灾'人相食，死骸枕藉（公安）'——湖北武汉中心气象台编：《湖北省近五百年气候历史资料》，1978年编印，第161页。,,
1852,江苏,,邳县,1852|江苏|邳,清文宗咸丰二年,无,《邳州补》,无,保留,v2,v2,1,0.1429,是,,,邳县：岁大饥，人相食。——民国《邳州补》卷八灾异,,,,,
1852,江苏,,邳县,1852|江苏|邳,清文宗咸丰二年,无,《邳州补》,无,保留,"v3,v4,v5,v6,v7","v3,v4,v5,v6,v7",5,0.7143,是,,,,江苏：邳县：岁大饥，人相食。——民国《邳州补》卷八灾异,江苏：邳县：岁大饥，人相食。——民国《邳州补》卷八灾异,江苏：邳县：岁大饥，人相食。——民国《邳州补》卷八灾异,江苏：邳县：岁大饥，人相食。——民国《邳州补》卷八灾异,江苏：邳县：岁大饥，人相食。——民国《邳州补》卷八灾异
1853,河北,,完县,1853|河北|完,清文宗咸丰三年,无,《完县新志》,无,保留,"v2,v5,v7","v2,v5,v7",3,0.4286,是,,,完县：大水。饥，人相食。——民国《完县新志》卷九故实,,,完县：大水。饥，人相食。——民国《完县新志》卷九故实,,完县：大水。饥，人相食。——民国《完县新志》卷九故实
1853,河北,,完县,1853|河北|完,清文宗咸丰三年,无,《完县新志》,无,保留,v3,v3,1,0.1429,是,,,,河北：完县：大水。饥，人相食。——民国《完县新志》卷九故实,,,,
1853,山东,枣庄市,枣庄市,1853|山东|枣庄|枣庄,清文宗咸丰三年,无,《峄县志》,无,保留,"v2,v5,v7","v2,v5,v7",3,0.4286,是,,,枣庄市：春正月大饥，人相食，丁卯大风。三月瘟疫大作，人多病死。七月大熟。连岁失收，至是大饥，民多鬻妻子以求生，饿死者无算，至秋大熟。——光绪《峄县志》卷十五灾祥,,,枣庄市：春正月大饥，人相食，丁卯大风。三月瘟疫大作，人多病死。七月大熟。连岁失收，至是大饥，民多鬻妻子以求生，饿死者无算，至秋大熟。——光绪《峄县志》卷十五灾祥,,枣庄市：春正月大饥，人相食，丁卯大风。三月瘟疫大作，人多病死。七月大熟。连岁失收，至是大饥，民多鬻妻子以求生，饿死者无算，至秋大熟。——光绪《峄县志》卷十五灾祥
1853,山东,,峄县,1853|山东|峄,清文宗咸丰三年,无,《峄县志》,无,保留,v3,v3,1,0.1429,是,,,,山东：枣庄市：春正月大饥，人相食，丁卯大风。三月瘟疫大作，人多病死。七月大熟。连岁失收，至是大饥，民多鬻妻子以求生，饿死者无算，至秋大熟。——光绪《峄县志》卷十五灾祥,,,,
1853,江苏,,睢宁县,1853|江苏|睢宁,清文宗咸丰三年,无,《睢宁县志稿》,无,保留,"v2,v5,v7","v2,v5,v7",3,0.4286,是,,,睢宁县：春大饥，人相食。——光绪《睢宁县志稿》卷十五祥异,,,睢宁县：春大饥，人相食。——光绪《睢宁县志稿》卷十五祥异,,睢宁县：春大饥，人相食。——光绪《睢宁县志稿》卷十五祥异
1853,江苏,,睢宁县,1853|江苏|睢宁,清文宗咸丰三年,无,《睢宁县志稿》,无,保留,v3,v3,1,0.1429,是,,,,江苏：睢宁县：春大饥，人相食。——光绪《睢宁县志稿》卷十五祥异,,,,
1853,河北,,完县,1853|河北|完,清文宗咸丰三年,无,完县新志,无,保留,v6,v6,1,0.1429,是,,,,,,,完县：大水。饥，人相食。——民国《完县新志》卷九故实,
1853,山东,,枣庄市,1853|山东|枣庄,清文宗咸丰三年,无,峄县志,无,保留,v6,v6,1,0.1429,是,,,,,,,枣庄市：春正月大饥，人相食，丁卯大风。三月瘟疫大作，人多病死。七月大熟。连岁失收，至是大饥，民多鬻妻子以求生，饿死者无算，至秋大熟。——光绪《峄县志》卷十五灾祥,
1853,江苏,,睢宁县,1853|江苏|睢宁,清文宗咸丰三年,无,睢宁县志稿,无,保留,v6,v6,1,0.1429,是,,,,,,,睢宁县：春大饥，人相食。——光绪《睢宁县志稿》卷十五祥异,
1856,安徽,,宁国县,1856|安徽|宁国,清文宗咸丰六年,无,《宁国县志》,无,保留,"v1,v2,v5,v6","v1,v2,v5,v6",4,0.5714,是,,宁国县：大旱，人相食。——民国《宁国县志》卷十四灾异,宁国县：大旱，人相食。——民国《宁国县志》卷十四灾异,,,宁国县：大旱，人相食。——民国《宁国县志》卷十四灾异,宁国县：大旱，人相食。——民国《宁国县志》卷十四灾异,
1856,安徽,,宁国县,1856|安徽|宁国,清文宗咸丰六年,无,《宁国县志》,无,保留,"v3,v4,v7","v3,v4,v7",3,0.4286,是,,,,安徽：宁国县：大旱，人相食。——民国《宁国县志》卷十四灾异,安徽：宁国县：大旱，人相食。——民国《宁国县志》卷十四灾异,,,安徽：宁国县：大旱，人相食。——民国《宁国县志》卷十四灾异
1857,山东,泰安市,东平县,1857|山东|泰安|东平,清文宗咸丰七年,无,《东平州志》,无,保留,"v1,v2,v3,v6,v7","v1,v2,v3,v6,v7",5,0.7143,是,,东平县：春大饥，人相食。夏麦大熟。——光绪《东平州志》卷二十五 五行,东平县：春大饥，人相食。夏麦大熟。——光绪《东平州志》卷二十五 五行,东平县：春大饥，人相食。夏麦大熟。——光绪《东平州志》卷二十五 五行,,,东平县：春大饥，人相食。夏麦大熟。——光绪《东平州志》卷二十五 五行,东平县：春大饥，人相食。夏麦大熟。——光绪《东平州志》卷二十五 五行
1857,山东,菏泽市,单县,1857|山东|菏泽|单,清文宗咸丰七年,无,《单县志》,无,保留,"v1,v2,v3,v6,v7","v1,v2,v3,v6,v7",5,0.7143,是,,单县：春大饥，人相食。——民国《单县志》卷十四灾祥,单县：春大饥，人相食。——民国《单县志》卷十四灾祥,单县：春大饥，人相食。——民国《单县志》卷十四灾祥,,,单县：春大饥，人相食。——民国《单县志》卷十四灾祥,单县：春大饥，人相食。——民国《单县志》卷十四灾祥
1857,江苏,徐州市,沛县,1857|江苏|徐|沛,清文宗咸丰七年,无,《沛县志》,无,保留,"v1,v2,v3,v6,v7","v1,v2,v3,v6,v7",5,0.7143,是,,沛县：春大饥，人相食，死者无算。——民国《沛县志》卷二灾祥,沛县：春大饥，人相食，死者无算。——民国《沛县志》卷二灾祥,沛县：春大饥，人相食，死者无算。——民国《沛县志》卷二灾祥,,,沛县：春大饥，人相食，死者无算。——民国《沛县志》卷二灾祥,沛县：春大饥，人相食，死者无算。——民国《沛县志》卷二灾祥
1857,山东,济宁市,济宁市,1857|山东|济宁|济宁,清文宗咸丰七年,无,《济宁直隶州续志》,无,保留,"v1,v2,v3,v6,v7","v1,v2,v3,v6,v7",5,0.7143,是,,济宁市：春大饥，人相食。——咸丰《济宁直隶州续志》卷一五行,济宁市：春大饥，人相食。——咸丰《济宁直隶州续志》卷一五行,济宁市：春大饥，人相食。——咸丰《济宁直隶州续志》卷一五行,,,济宁市：春大饥，人相食。——咸丰《济宁直隶州续志》卷一五行,济宁市：春大饥，人相食。——咸丰《济宁直隶州续志》卷一五行
1857,山东,泰安市,东平县,1857|山东|泰安|东平,清文宗咸丰七年,无,《清史稿》,无,保留,"v1,v2,v3,v6,v7","v1,v2,v3,v6,v7",5,0.7143,是,,春，肥城、东平大饥，死者枕藉，鱼台、日照、临朐亦饥，人相食。——《清史稿》卷四四《灾异志五》,春，肥城、东平大饥，死者枕藉，鱼台、日照、临朐亦饥，人相食。——《清史稿》卷四四《灾异志五》,春，肥城、东平大饥，死者枕藉，鱼台、日照、临朐亦饥，人相食。——《清史稿》卷四四《灾异志五》,,,春，肥城、东平大饥，死者枕藉，鱼台、日照、临朐亦饥，人相食。——《清史稿》卷四四《灾异志五》,春，肥城、东平大饥，死者枕藉，鱼台、日照、临朐亦饥，人相食。——《清史稿》卷四四《灾异志五》
1857,山东,潍坊市,临朐县,1857|山东|潍坊|临朐,清文宗咸丰七年,无,《清史稿》,无,保留,"v1,v2,v3,v6,v7","v1,v2,v3,v6,v7",5,0.7143,是,,春，肥城、东平大饥，死者枕藉，鱼台、日照、临朐亦饥，人相食。——《清史稿》卷四四《灾异志五》,春，肥城、东平大饥，死者枕藉，鱼台、日照、临朐亦饥，人相食。——《清史稿》卷四四《灾异志五》,春，肥城、东平大饥，死者枕藉，鱼台、日照、临朐亦饥，人相食。——《清史稿》卷四四《灾异志五》,,,春，肥城、东平大饥，死者枕藉，鱼台、日照、临朐亦饥，人相食。——《清史稿》卷四四《灾异志五》,春，肥城、东平大饥，死者枕藉，鱼台、日照、临朐亦饥，人相食。——《清史稿》卷四四《灾异志五》
1857,山东,,日照,1857|山东|日照,清文宗咸丰七年,无,《清史稿》,无,保留,"v1,v2,v3,v6,v7","v1,v2,v3,v6,v7",5,0.7143,是,,春，肥城、东平大饥，死者枕藉，鱼台、日照、临朐亦饥，人相食。——《清史稿》卷四四《灾异志五》,春，肥城、东平大饥，死者枕藉，鱼台、日照、临朐亦饥，人相食。——《清史稿》卷四四《灾异志五》,春，肥城、东平大饥，死者枕藉，鱼台、日照、临朐亦饥，人相食。——《清史稿》卷四四《灾异志五》,,,春，肥城、东平大饥，死者枕藉，鱼台、日照、临朐亦饥，人相食。——《清史稿》卷四四《灾异志五》,春，肥城、东平大饥，死者枕藉，鱼台、日照、临朐亦饥，人相食。——《清史稿》卷四四《灾异志五》
1857,山东,泰安市,肥城县,1857|山东|泰安|肥城,清文宗咸丰七年,无,《清史稿》,无,保留,"v1,v2,v3,v6,v7","v1,v2,v3,v6,v7",5,0.7143,是,,春，肥城、东平大饥，死者枕藉，鱼台、日照、临朐亦饥，人相食。——《清史稿》卷四四《灾异志五》,春，肥城、东平大饥，死者枕藉，鱼台、日照、临朐亦饥，人相食。——《清史稿》卷四四《灾异志五》,春，肥城、东平大饥，死者枕藉，鱼台、日照、临朐亦饥，人相食。——《清史稿》卷四四《灾异志五》,,,春，肥城、东平大饥，死者枕藉，鱼台、日照、临朐亦饥，人相食。——《清史稿》卷四四《灾异志五》,春，肥城、东平大饥，死者枕藉，鱼台、日照、临朐亦饥，人相食。——《清史稿》卷四四《灾异志五》
1857,山东,济宁市,鱼台县,1857|山东|济宁|鱼台,清文宗咸丰七年,无,《清史稿》,无,保留,"v1,v2,v3,v6,v7","v1,v2,v3,v6,v7",5,0.7143,是,,春，肥城、东平大饥，死者枕藉，鱼台、日照、临朐亦饥，人相食。——《清史稿》卷四四《灾异志五》,春，肥城、东平大饥，死者枕藉，鱼台、日照、临朐亦饥，人相食。——《清史稿》卷四四《灾异志五》,春，肥城、东平大饥，死者枕藉，鱼台、日照、临朐亦饥，人相食。——《清史稿》卷四四《灾异志五》,,,春，肥城、东平大饥，死者枕藉，鱼台、日照、临朐亦饥，人相食。——《清史稿》卷四四《灾异志五》,春，肥城、东平大饥，死者枕藉，鱼台、日照、临朐亦饥，人相食。——《清史稿》卷四四《灾异志五》
1857,山东,曲阜市,曲阜市,1857|山东|曲阜|曲阜,清文宗咸丰七年,无,《续修曲阜县志》,无,保留,"v1,v2,v3,v6,v7","v1,v2,v3,v6,v7",5,0.7143,是,,曲阜市：雹、旱、蝗三灾郡有，五谷不登，人将相食。——民国《续修曲阜县志》卷二灾祥,曲阜市：雹、旱、蝗三灾郡有，五谷不登，人将相食。——民国《续修曲阜县志》卷二灾祥,曲阜市：雹、旱、蝗三灾郡有，五谷不登，人将相食。——民国《续修曲阜县志》卷二灾祥,,,曲阜市：雹、旱、蝗三灾郡有，五谷不登，人将相食。——民国《续修曲阜县志》卷二灾祥,曲阜市：雹、旱、蝗三灾郡有，五谷不登，人将相食。——民国《续修曲阜县志》卷二灾祥
1857,山东,枣庄市,滕县,1857|山东|枣庄|滕,清文宗咸丰七年,无,《续滕县志》,无,保留,"v1,v2,v3,v6,v7","v1,v2,v3,v6,v7",5,0.7143,是,,滕县：春大饥，人相食。五月麦大熟。——民国《续滕县志》卷一通纪,滕县：春大饥，人相食。五月麦大熟。——民国《续滕县志》卷一通纪,滕县：春大饥，人相食。五月麦大熟。——民国《续滕县志》卷一通纪,,,滕县：春大饥，人相食。五月麦大熟。——民国《续滕县志》卷一通纪,滕县：春大饥，人相食。五月麦大熟。——民国《续滕县志》卷一通纪
1857,河北,邯郸市,馆陶县,1857|河北|邯郸|馆陶,清文宗咸丰七年,无,《馆陶县志》,无,保留,"v1,v2,v3,v6,v7","v1,v2,v3,v6,v7",5,0.7143,是,,馆陶县：旱蝗为灾，岁大饥，至有以人肉充粮者。——民国《馆陶县志》大事,馆陶县：旱蝗为灾，岁大饥，至有以人肉充粮者。——民国《馆陶县志》大事,馆陶县：旱蝗为灾，岁大饥，至有以人肉充粮者。——民国《馆陶县志》大事,,,馆陶县：旱蝗为灾，岁大饥，至有以人肉充粮者。——民国《馆陶县志》大事,馆陶县：旱蝗为灾，岁大饥，至有以人肉充粮者。——民国《馆陶县志》大事
1857,山东,,东平县,1857|山东|东平,清文宗咸丰七年,无,东平州志,无,保留,v4,v4,1,0.1429,是,,,,,东平县：春大饥，人相食。夏麦大熟。——光绪《东平州志》卷二十五 五行,,,
1857,山东,,单县,1857|山东|单,清文宗咸丰七年,无,单县志,无,保留,v4,v4,1,0.1429,是,,,,,单县：春大饥，人相食。——民国《单县志》卷十四灾祥,,,
1857,江苏,,沛县,1857|江苏|沛,清文宗咸丰七年,无,沛县志,无,保留,v4,v4,1,0.1429,是,,,,,沛县：春大饥，人相食，死者无算。——民国《沛县志》卷二灾祥,,,
1857,山东,,,1857|山东,清文宗咸丰七年,无,济宁直隶州续志,无,保留,v4,v4,1,0.1429,是,,,,,济宁市：春大饥，人相食。——咸丰《济宁直隶州续志》卷一五行,,,
1857,山东,,东平,1857|山东|东平,清文宗咸丰七年,无,清史稿,无,保留,v4,v4,1,0.1429,是,,,,,春，肥城、东平大饥，死者枕藉，鱼台、日照、临朐亦饥，人相食。——《清史稿》卷四四《灾异志五》,,,
1857,山东,,临朐,1857|山东|临朐,清文宗咸丰七年,无,清史稿,无,保留,v4,v4,1,0.1429,是,,,,,春，肥城、东平大饥，死者枕藉，鱼台、日照、临朐亦饥，人相食。——《清史稿》卷四四《灾异志五》,,,
1857,山东,,日照,1857|山东|日照,清文宗咸丰七年,无,清史稿,无,保留,v4,v4,1,0.1429,是,,,,,春，肥城、东平大饥，死者枕藉，鱼台、日照、临朐亦饥，人相食。——《清史稿》卷四四《灾异志五》,,,
1857,山东,,肥城,1857|山东|肥城,清文宗咸丰七年,无,清史稿,无,保留,v4,v4,1,0.1429,是,,,,,春，肥城、东平大饥，死者枕藉，鱼台、日照、临朐亦饥，人相食。——《清史稿》卷四四《灾异志五》,,,
1857,山东,,鱼台,1857|山东|鱼台,清文宗咸丰七年,无,清史稿,无,保留,v4,v4,1,0.1429,是,,,,,春，肥城、东平大饥，死者枕藉，鱼台、日照、临朐亦饥，人相食。——《清史稿》卷四四《灾异志五》,,,
1857,山东,,曲阜,1857|山东|曲阜,清文宗咸丰七年,无,续修曲阜县志,无,保留,v4,v4,1,0.1429,是,,,,,曲阜市：雹、旱、蝗三灾郡有，五谷不登，人将相食。——民国《续修曲阜县志》卷二灾祥,,,
1857,山东,,滕县,1857|山东|滕,清文宗咸丰七年,无,续滕县志,无,保留,v4,v4,1,0.1429,是,,,,,滕县：春大饥，人相食。五月麦大熟。——民国《续滕县志》卷一通纪,,,
1857,河北,,馆陶县,1857|河北|馆陶,清文宗咸丰七年,无,馆陶县志,无,保留,v4,v4,1,0.1429,是,,,,,馆陶县：旱蝗为灾，岁大饥，至有以人肉充粮者。——民国《馆陶县志》大事,,,
1858,云南,,屏边县,1858|云南|屏边,清文宗咸丰八年,无,《云南天气灾害史料》,无,保留,"v1,v2,v3,v4,v5,v6,v7","v1,v2,v3,v4,v5,v6,v7",7,1.0,是,,屏边县：1858年，云南，饥，'人相食（屏边）'——云南省气象科学研究所：《云南天气灾害史料》，1980年，第375页。,屏边县：1858年，云南，饥，'人相食（屏边）'——云南省气象科学研究所：《云南天气灾害史料》，1980年，第375页,屏边县：1858年，云南，饥，人相食（屏边）——云南省气象科学研究所：《云南天气灾害史料》，1980年，第375页,屏边县：1858年，云南，饥，'人相食（屏边）'——云南省气象科学研究所：《云南天气灾害史料》，1980年，第375页。,屏边县：1858年，云南，饥，'人相食（屏边）'——云南省气象科学研究所：《云南天气灾害史料》，1980年，第375页。,屏边县：1858年，云南，饥，人相食（屏边）——云南省气象科学研究所：《云南天气灾害史料》，1980年，第375页。,屏边县：1858年，云南，饥，'人相食（屏边）'——云南省气象科学研究所：《云南天气灾害史料》，1980年，第375页。
1858,安徽,,广德县,1858|安徽|广德,清文宗咸丰八年,无,《广德县志稿》,无,保留,"v1,v2,v3,v4,v5,v6,v7","v1,v2,v3,v4,v5,v6,v7",7,1.0,是,,广德县：田地荒芜，斗米二千文，人相食，野无青草。——民国《广德县志稿》卷二祥异,广德县：田地荒芜，斗米二千文，人相食，野无青草。——民国《广德县志稿》卷二祥异,广德县：田地荒芜，斗米二千文，人相食，野无青草。——民国《广德县志稿》卷二祥异,广德县：田地荒芜，斗米二千文，人相食，野无青草。——民国《广德县志稿》卷二祥异,广德县：田地荒芜，斗米二千文，人相食，野无青草。——民国《广德县志稿》卷二祥异,广德县：田地荒芜，斗米二千文，人相食，野无青草。——民国《广德县志稿》卷二祥异,广德县：田地荒芜，斗米二千文，人相食，野无青草。——民国《广德县志稿》卷二祥异
1858,安徽,,霍丘县,1858|安徽|霍丘,清文宗咸丰八年,无,《霍丘县志》,无,保留,"v1,v2,v6","v1,v2,v6",3,0.4286,是,,霍丘县：春，人相食，天雨麦豆，人争取食。——同治《霍丘县志》卷十六灾异,霍丘县：春，人相食，天雨麦豆，人争取食。——同治《霍丘县志》卷十六灾异,,,,霍丘县：春，人相食，天雨麦豆，人争取食。——同治《霍丘县志》卷十六灾异,
1858,安徽,,霍丘县,1858|安徽|霍丘,清文宗咸丰八年,无,《霍丘县志》,无,需进一步分析,v7,v7,1,0.25,否,"同类 record 存在于 v3,v4,v5,v7；本条仅存在于 v7；占比 25.0%",,,,,,,霍丘县：春，人相食，天雨麦豆，人争取食。——同治《霍邱县志》卷十六灾异
1858,安徽,,霍丘县,1858|安徽|霍丘,清文宗咸丰八年,无,《霍邱县志》,原文作'霍丘县',保留,"v3,v4,v5","v3,v4,v5",3,0.4286,是,,,,霍丘县：春，人相食，天雨麦豆，人争取食。——同治《霍邱县志》卷十六灾异,霍丘县：春，人相食，天雨麦豆，人争取食。——同治《霍邱县志》卷十六灾异,霍丘县：春，人相食，天雨麦豆，人争取食。——同治《霍邱县志》卷十六灾异,,
1858,安徽,,颍上县,1858|安徽|颍上,清文宗咸丰八年,无,《颍上县志》,无,保留,"v1,v2,v3,v4,v5,v6,v7","v1,v2,v3,v4,v5,v6,v7",7,1.0,是,,颍上县：岁荐饥，人相食，蒿菜遍地，飞蝗蔽天。——同治《颍上县志》卷十二祥异,颍上县：岁荐饥，人相食，蒿菜遍地，飞蝗蔽天。——同治《颍上县志》卷十二祥异,颍上县：岁荐饥，人相食，蒿菜遍地，飞蝗蔽天。——同治《颍上县志》卷十二祥异,颍上县：岁荐饥，人相食，蒿菜遍地，飞蝗蔽天。——同治《颍上县志》卷十二祥异,颍上县：岁荐饥，人相食，蒿菜遍地，飞蝗蔽天。——同治《颍上县志》卷十二祥异,颍上县：岁荐饥，人相食，蒿菜遍地，飞蝗蔽天。——同治《颍上县志》卷十二祥异,颍上县：岁荐饥，人相食，蒿菜遍地，飞蝗蔽天。——同治《颍上县志》卷十二祥异
1860,安徽,,全椒县,1860|安徽|全椒,清文宗咸丰十年,无,《全椒县志》,无,保留,v4,v4,1,0.1429,是,,,,,安徽：全椒县：斗米价一千数百文，物价皆贵，饿死者盈路，人相食。——光绪《全椒县志》卷十祥异,,,
1860,安徽,,全椒县,1860|安徽|全椒,清文宗咸丰十年,无,《全椒县志》,无,保留,"v1,v2,v3,v5,v6,v7","v1,v2,v3,v5,v6,v7",6,0.8571,是,,全椒县：斗米价一千数百文，物价皆贵，饿死者盈路，人相食。——光绪《全椒县志》卷十祥异,全椒县：斗米价一千数百文，物价皆贵，饿死者盈路，人相食。——光绪《全椒县志》卷十祥异,全椒县：斗米价一千数百文，物价皆贵，饿死者盈路，人相食。——光绪《全椒县志》卷十祥异,,全椒县：斗米价一千数百文，物价皆贵，饿死者盈路，人相食。——光绪《全椒县志》卷十祥异,全椒县：斗米价一千数百文，物价皆贵，饿死者盈路，人相食。——光绪《全椒县志》卷十祥异,全椒县：斗米价一千数百文，物价皆贵，饿死者盈路，人相食。——光绪《全椒县志》卷十祥异
1860,安徽,,五河县,1860|安徽|五河,清文宗咸丰十年,无,《重修五河县志》,无,保留,v4,v4,1,0.1429,是,,,,,安徽：五河县：春饥，疫。人相食，饿殍遍野。——光绪《重修五河县志》卷十九祥异,,,
1860,安徽,,五河县,1860|安徽|五河,清文宗咸丰十年,无,《重修五河县志》,无,保留,"v1,v2,v3,v5,v6,v7","v1,v2,v3,v5,v6,v7",6,0.8571,是,,五河县：春饥，疫。人相食，饿殍遍野。——光绪《重修五河县志》卷十九祥异,五河县：春饥，疫。人相食，饿殍遍野。——光绪《重修五河县志》卷十九祥异,五河县：春饥，疫。人相食，饿殍遍野。——光绪《重修五河县志》卷十九祥异,,五河县：春饥，疫。人相食，饿殍遍野。——光绪《重修五河县志》卷十九祥异,五河县：春饥，疫。人相食，饿殍遍野。——光绪《重修五河县志》卷十九祥异,五河县：春饥，疫。人相食，饿殍遍野。——光绪《重修五河县志》卷十九祥异
1861,安徽,,,1861|安徽,清文宗咸丰十一年,无,《近代史资料》,无,保留,"v1,v2","v1,v2",2,0.2857,是,,1861年，皖南，水灾兵祸“乡村粮食已尽，往往掘野菜和土而食，有至于食人者。”——《近代史资料》1963年，第140页。,1861年，皖南，水灾兵祸“乡村粮食已尽，往往掘野菜和土而食，有至于食人者。”——《近代史资料》1963年，第140页。,,,,,
1861,安徽,,,1861|安徽,清文宗咸丰十一年,无,近代史资料,无,保留,"v4,v6,v7","v4,v6,v7",3,0.4286,是,,,,,1861年，皖南，水灾兵祸'乡村粮食已尽，往往掘野菜和土而食，有至于食人者。'——《近代史资料》1963年，第140页。,,1861年，皖南，水灾兵祸'乡村粮食已尽，往往掘野菜和土而食，有至于食人者。'——《近代史资料》1963年，第140页。,1861年，皖南，水灾兵祸'乡村粮食已尽，往往掘野菜和土而食，有至于食人者。'——《近代史资料》1963年，第140页。
1862,云南,曲靖市,古越,1862|云南|曲靖|古越,清穆宗同治元年,无,《古越州志》,无,保留,"v1,v2,v5","v1,v2,v5",3,0.4286,是,,曲靖市：岁饥，人相食。——光绪增订乾隆《古越州志》卷一灾祥,曲靖市：岁饥，人相食。——光绪增订乾隆《古越州志》卷一灾祥,,,曲靖市：岁饥，人相食。——光绪增订乾隆《古越州志》卷一灾祥,,
1862,云南,曲靖,古越州,1862|云南|曲靖|古越,清穆宗同治元年,古越州,《古越州志》,无,保留,"v4,v6","v4,v6",2,0.2857,是,,,,,云南：曲靖市：岁饥，人相食。——光绪增订乾隆《古越州志》卷一灾祥,,云南：曲靖市：岁饥，人相食。——光绪增订乾隆《古越州志》卷一灾祥,
1862,安徽,,皖南,1862|安徽|皖南,清穆宗同治元年,无,《曾国藩全集·家书》,无,保留,"v1,v2,v6","v1,v2,v6",3,0.4286,是,,1862年，皖南，春荒，”口粮急缺，则到处皆然，百姓则皆人食人肉矣。”——邓云生编校：《曾国藩全集·家书》（二），岳麓书社1985年版，第814页。,1862年，皖南，春荒，”口粮急缺，则到处皆然，百姓则皆人食人肉矣。”——邓云生编校：《曾国藩全集·家书》（二），岳麓书社1985年版，第814页。,,,,1862年，皖南，春荒，'口粮急缺，则到处皆然，百姓则皆人食人肉矣。'——邓云生编校：《曾国藩全集·家书》（二），岳麓书社1985年版，第814页。,
1862,贵州,六盘水市,水城,1862|贵|六盘水|水城,清穆宗同治元年,无,《水城厅采访册》,无,保留,"v1,v2,v5","v1,v2,v5",3,0.4286,是,,六盘水市：大饥，人相食。——光绪《水城厅采访册》卷十祥异,六盘水市：大饥，人相食。——光绪《水城厅采访册》卷十祥异,,,六盘水市：大饥，人相食。——光绪《水城厅采访册》卷十祥异,,
1862,贵州,六盘水,水城,1862|贵|六盘水|水城,清穆宗同治元年,水城厅,《水城厅采访册》,无,保留,"v4,v6","v4,v6",2,0.2857,是,,,,,贵州：六盘水市：大饥，人相食。——光绪《水城厅采访册》卷十祥异,,贵州：六盘水市：大饥，人相食。——光绪《水城厅采访册》卷十祥异,
1862,云南,,保山市,1862|云南|保山,清穆宗同治元年,无,《永昌府志》,无,保留,"v1,v2,v5","v1,v2,v5",3,0.4286,是,,保山市：大饥，人相食，野菜、田螺皆尽，死者无算。——光绪《永昌府志》卷三祥异,保山市：大饥，人相食，野菜、田螺皆尽，死者无算。——光绪《永昌府志》卷三祥异,,,保山市：大饥，人相食，野菜、田螺皆尽，死者无算。——光绪《永昌府志》卷三祥异,,
1862,云南,,永昌府,1862|云南|永昌府,清穆宗同治元年,永昌府,《永昌府志》,无,保留,v6,v6,1,0.1429,是,,,,,,,保山市：大饥，人相食，野菜、田螺皆尽，死者无算。——光绪《永昌府志》卷三祥异,
1862,云南,保山,永昌府,1862|云南|保山|永昌府,清穆宗同治元年,永昌府,《永昌府志》,无,保留,v4,v4,1,0.1429,是,,,,,云南：保山市：大饥，人相食，野菜、田螺皆尽，死者无算。——光绪《永昌府志》卷三祥异,,,
1862,云南,,嵩明县,1862|云南|嵩明,清穆宗同治元年,嵩明州,《续修嵩明州志》,无,保留,v4,v4,1,0.1429,是,,,,,云南：嵩明县：五月大饥，人相食。——光绪《续修嵩明州志》卷二灾祥,,,
1862,云南,,嵩明县,1862|云南|嵩明,清穆宗同治元年,无,《续修嵩明州志》,无,保留,"v1,v2,v5,v6","v1,v2,v5,v6",4,0.5714,是,,嵩明县：五月大饥，人相食。——光绪《续修嵩明州志》卷二灾祥,嵩明县：五月大饥，人相食。——光绪《续修嵩明州志》卷二灾祥,,,嵩明县：五月大饥，人相食。——光绪《续修嵩明州志》卷二灾祥,嵩明县：五月大饥，人相食。——光绪《续修嵩明州志》卷二灾祥,
1862,甘肃,,镇原县,1862|甘肃|镇原,清穆宗同治元年,无,《西北灾荒史》,无,保留,v6,v6,1,0.1429,是,,,,,,,1862年，甘肃，连年不登，'斗粟二万钱，人相食。'——《重修镇原县志》，转引自袁林著：《西北灾荒史》，甘肃人民出版社，第1695页。,
1862,甘肃,,镇原县,1862|甘肃|镇原,清穆宗同治元年,无,《西北灾荒史》转引《重修镇原县志》,无,需进一步分析,v2,v2,1,0.1667,否,"同类 record 存在于 v1,v2,v3,v5,v6,v7；本条仅存在于 v2；占比 16.7%",,1862年，甘肃，连年不登，”斗粟二万钱，人相食。”——《重修镇原县志》，转引自袁林著：《西北灾荒史》，甘肃人民出版社，第1695页。,,,,,
1862,甘肃,,镇原,1862|甘肃|镇原,清穆宗同治元年,无,《重修镇原县志》转引《西北灾荒史》,无,需进一步分析,v1,v1,1,0.1667,否,"同类 record 存在于 v1,v2,v3,v5,v6,v7；本条仅存在于 v1；占比 16.7%",1862年，甘肃，连年不登，”斗粟二万钱，人相食。”——《重修镇原县志》，转引自袁林著：《西北灾荒史》，甘肃人民出版社，第1695页。,,,,,,
1862,云南,曲靖市,古越州,1862|云南|曲靖|古越,清穆宗同治元年,古越州,古越州志,无,保留,v3,v3,1,0.1429,是,,,,曲靖市：岁饥，人相食。——光绪增订乾隆《古越州志》卷一灾祥,,,,
1862,云南,,曲靖市,1862|云南|曲靖,清穆宗同治元年,古越州,古越州志,无,保留,v7,v7,1,0.1429,是,,,,,,,,云南：曲靖市：岁饥，人相食。——光绪增订乾隆《古越州志》卷一灾祥
1862,安徽,,皖南,1862|安徽|皖南,清穆宗同治元年,无,曾国藩全集·家书,无,保留,"v3,v5","v3,v5",2,0.2857,是,,,,1862年，皖南，春荒，'口粮急缺，则到处皆然，百姓则皆人食人肉矣。'——邓云生编校：《曾国藩全集·家书》（二），岳麓书社1985年版，第814页。,,1862年，皖南，春荒，'口粮急缺，则到处皆然，百姓则皆人食人肉矣。'——邓云生编校：《曾国藩全集·家书》（二），岳麓书社1985年版，第814页。,,
1862,贵州,六盘水市,水城厅,1862|贵|六盘水|水城厅,清穆宗同治元年,无,水城厅采访册,无,保留,v3,v3,1,0.1429,是,,,,六盘水市：大饥，人相食。——光绪《水城厅采访册》卷十祥异,,,,
1862,贵州,,六盘水市,1862|贵|六盘水,清穆宗同治元年,水城厅,水城厅采访册,无,保留,v7,v7,1,0.1429,是,,,,,,,,贵州：六盘水市：大饥，人相食。——光绪《水城厅采访册》卷十祥异
1862,云南,保山市,永昌府,1862|云南|保山|永昌府,清穆宗同治元年,永昌府,永昌府志,无,保留,v3,v3,1,0.1429,是,,,,保山市：大饥，人相食，野菜、田螺皆尽，死者无算。——光绪《永昌府志》卷三祥异,,,,
1862,云南,,保山市,1862|云南|保山,清穆宗同治元年,永昌府,永昌府志,无,保留,v7,v7,1,0.1429,是,,,,,,,,云南：保山市：大饥，人相食，野菜、田螺皆尽，死者无算。——光绪《永昌府志》卷三祥异
1862,云南,,嵩明县,1862|云南|嵩明,清穆宗同治元年,无,续修嵩明州志,无,保留,v7,v7,1,0.1429,是,,,,,,,,云南：嵩明县：五月大饥，人相食。——光绪《续修嵩明州志》卷二灾祥
1862,云南,,嵩明州,1862|云南|嵩明,清穆宗同治元年,嵩明州,续修嵩明州志,无,保留,v3,v3,1,0.1429,是,,,,嵩明县：五月大饥，人相食。——光绪《续修嵩明州志》卷二灾祥,,,,
1862,甘肃,,镇原县,1862|甘肃|镇原,清穆宗同治元年,无,西北灾荒史,无,保留,v3,v3,1,0.1429,是,,,,1862年，甘肃，连年不登，'斗粟二万钱，人相食。'——《重修镇原县志》，转引自袁林著：《西北灾荒史》，甘肃人民出版社，第1695页。,,,,
1862,甘肃,,镇原县,1862|甘肃|镇原,清穆宗同治元年,无,重修镇原县志,无,保留,v5,v5,1,0.1429,是,,,,,,1862年，甘肃，连年不登，'斗粟二万钱，人相食。'——《重修镇原县志》，转引自袁林著：《西北灾荒史》，甘肃人民出版社，第1695页。,,
1862,甘肃,,镇原县,1862|甘肃|镇原,清穆宗同治元年,无,重修镇原县志转引西北灾荒史,无,需进一步分析,v7,v7,1,0.1667,否,"同类 record 存在于 v1,v2,v3,v5,v6,v7；本条仅存在于 v7；占比 16.7%",,,,,,,甘肃：1862年，甘肃，连年不登，'斗粟二万钱，人相食。'——《重修镇原县志》，转引自袁林著：《西北灾荒史》，甘肃人民出版社，第1695页。
1863,山东,,东阿县,1863|山东|东阿,清穆宗同治二年,无,《东阿县志》,无,保留,"v1,v2,v3,v6","v1,v2,v3,v6",4,0.5714,是,,东阿县：大稔，人相食。——民国《东阿县志》卷十五祥异,东阿县：大稔，人相食。——民国《东阿县志》卷十五祥异,东阿县：大稔，人相食。——民国《东阿县志》卷十五祥异,,,东阿县：大稔，人相食。——民国《东阿县志》卷十五祥异,
1863,山东,,东阿县,1863|山东|东阿,清穆宗同治二年,无,《东阿县志》,无,保留,v5,v5,1,0.1429,是,,,,,,山东：东阿县：大稔，人相食。——民国《东阿县志》卷十五祥异,,
1863,浙江,,建德县,1863|浙江|建德,清穆宗同治二年,无,《建德县志》,无,保留,"v1,v2,v3,v6","v1,v2,v3,v6",4,0.5714,是,,建德县：荒，人相食。是年，爵帅左宗棠给发耕牛籽本，拨款散振，并开设粥厂以济灾民。——民国《建德县志》卷一灾异,建德县：荒，人相食。是年，爵帅左宗棠给发耕牛籽本，拨款散振，并开设粥厂以济灾民。——民国《建德县志》卷一灾异,建德县：荒，人相食。是年，爵帅左宗棠给发耕牛籽本，拨款散振，并开设粥厂以济灾民。——民国《建德县志》卷一灾异,,,建德县：荒，人相食。是年，爵帅左宗棠给发耕牛籽本，拨款散振，并开设粥厂以济灾民。——民国《建德县志》卷一灾异,
1863,浙江,,建德县,1863|浙江|建德,清穆宗同治二年,无,《建德县志》,无,保留,v5,v5,1,0.1429,是,,,,,,浙江：建德县：荒，人相食。是年，爵帅左宗棠给发耕牛籽本，拨款散振，并开设粥厂以济灾民。——民国《建德县志》卷一灾异,,
1863,安徽,,,1863|安徽,清穆宗同治二年,皖南,《曾国藩全集·家书》,无,需进一步分析,v1,v1,1,0.3333,否,"同类 record 存在于 v1,v3,v5；本条仅存在于 v1；占比 33.3%",“李少荃（鸿章）近日军务极为得手，大约苏杭两处必有一克，或全克亦未可知。惟饷项奇缺，米贵而雨多。皖南食人肉，每斤卖百二十文。看来浩劫尚未满，天心尚未转也。”,,,,,,
1863,安徽,,,1863|安徽,清穆宗同治二年,无,《曾国藩全集·家书》,无,保留,v2,v2,1,0.1429,是,,,曾国藩家书（四） 同治二年四月致沅弟（1863年）,,,,,
1863,安徽,,,1863|安徽,清穆宗同治二年,无,《曾国藩全集·日记》,句容、溧水、溧阳属江苏，句容在江宁之南，与皖南接壤,保留,v2,v2,1,0.1429,是,,,同月二十二日《曾国藩日记》云：“皖南到处食人。人肉始卖三十文一斤，近闻增至百二十文一斤。句容二溧（溧水、溧阳、并句容均属江苏，在江宁之南，与皖南接壤）八十文一斤。荒乱如此，今年若再凶歉，苍生将无噍类矣。”——《曾国藩全集。家书》（二），第977页。,,,,,
1863,安徽,,,1863|安徽,清穆宗同治二年,皖南,《曾国藩日记》,无,保留,v1,v1,1,0.1429,是,,同月二十二日《曾国藩日记》云：皖南到处食人。人肉始卖三十文一斤，近闻增至百二十文一斤。句容二溧（溧水、溧阳、并句容均属江苏，在江宁之南，与皖南接壤）八十文一斤。荒乱如此，今年若再凶歉，苍生将无噍类矣。——《曾国藩日记》,,,,,,
1863,贵州,,遵义市,1863|贵|遵义,清穆宗同治二年,无,《续遵义府志》,无,保留,v5,v5,1,0.1429,是,,,,,,贵州：遵义市：秋七月，遵义岁饥，时四境皆贼，民不能耕，东南两乡尤甚，斗米值银二两，至骨肉相残食。——民国《续遵义府志》卷十三祥异,,
1863,贵州,遵义市,遵义市,1863|贵|遵义|遵义,清穆宗同治二年,无,《续遵义府志》,无,保留,"v1,v2,v3,v6","v1,v2,v3,v6",4,0.5714,是,,遵义市：秋七月，遵义岁饥，时四境皆贼，民不能耕，东南两乡尤甚，斗米值银二两，至骨肉相残食。——民国《续遵义府志》卷十三祥异,遵义市：秋七月，遵义岁饥，时四境皆贼，民不能耕，东南两乡尤甚，斗米值银二两，至骨肉相残食。——民国《续遵义府志》卷十三祥异,遵义市：秋七月，遵义岁饥，时四境皆贼，民不能耕，东南两乡尤甚，斗米值银二两，至骨肉相残食。——民国《续遵义府志》卷十三祥异,,,遵义市：秋七月，遵义岁饥，时四境皆贼，民不能耕，东南两乡尤甚，斗米值银二两，至骨肉相残食。——民国《续遵义府志》卷十三祥异,
1863,安徽,,皖南,1863|安徽|皖南,清穆宗同治二年,无,曾国藩全集·家书,无,需进一步分析,v3,v3,1,0.3333,否,"同类 record 存在于 v1,v3,v5；本条仅存在于 v3；占比 33.3%",,,'李少荃（鸿章）近日军务极为得手，大约苏杭两处必有一克，或全克亦未可知。惟饷项奇缺，米贵而雨多。皖南食人肉，每斤卖百二十文。看来浩劫尚未满，天心尚未转也。',,,,
1863,,,句容、溧水、溧阳,1863|句容、溧水、溧阳,清穆宗同治二年,无,曾国藩全集·家书,无,保留,v3,v3,1,0.1429,是,,,,同月二十二日《曾国藩日记》云：'皖南到处食人。人肉始卖三十文一斤，近闻增至百二十文一斤。句容二溧（溧水、溧阳、并句容均属江苏，在江宁之南，与皖南接壤）八十文一斤。荒乱如此，今年若再凶歉，苍生将无噍类矣。'——《曾国藩全集。家书》（二），第977页。,,,,
1863,安徽,,皖南,1863|安徽|皖南,清穆宗同治二年,无,曾国藩家书转引《曾国藩全集·家书》,句容二溧八十文一斤来源于曾国藩日记，非原史料原文,需进一步分析,v5,v5,1,0.3333,否,"同类 record 存在于 v1,v3,v5；本条仅存在于 v5；占比 33.3%",,,,,'李少荃（鸿章）近日军务极为得手，大约苏杭两处必有一克，或全克亦未可知。惟饷项奇缺，米贵而雨多。皖南食人肉，每斤卖百二十文。看来浩劫尚未满，天心尚未转也。',,
1864,云南,,云南,1864|云南|云南,清穆宗同治三年,无,《云南天气灾害史料》,疑似OCR错误，原文为'旦伏于路',保留,"v1,v2,v3,v5,v6,v7","v1,v2,v3,v5,v6,v7",6,0.8571,是,,1864年，云南，大饥馑”旦伏于路，攫人而食。”——《云南天气灾害史料》，第375页。,1864年，云南，大饥馑”旦伏于路，攫人而食。”——《云南天气灾害史料》，第375页。,1864年，云南，大饥馑'旦伏于路，攫人而食。'——《云南天气灾害史料》，第375页。,,1864年，云南，大饥馑'旦伏于路，攫人而食。'——《云南天气灾害史料》，第375页。,1864年，云南，大饥馑'旦伏于路，攫人而食。'——《云南天气灾害史料》，第375页。,1864年，云南，大饥馑'旦伏于路，攫人而食。'——《云南天气灾害史料》，第375页。
1864,江苏,无锡,无锡,1864|江苏|无锡|无锡,清穆宗同治三年,无,《无锡金匮县志》,无,保留,"v1,v2,v3,v4,v5,v6,v7","v1,v2,v3,v4,v5,v6,v7",7,1.0,是,,无锡县：春，西北乡人相食。——光绪《无锡金匮县志》卷三十一祥异,无锡县：春，西北乡人相食。——光绪《无锡金匮县志》卷三十一祥异,无锡县：春，西北乡人相食。——光绪《无锡金匮县志》卷三十一祥异,无锡县：春，西北乡人相食。——光绪《无锡金匮县志》卷三十一祥异,无锡县：春，西北乡人相食。——光绪《无锡金匮县志》卷三十一祥异,无锡县：春，西北乡人相食。——光绪《无锡金匮县志》卷三十一祥异,无锡县：春，西北乡人相食。——光绪《无锡金匮县志》卷三十一祥异
1864,云南,,景东,1864|云南|景东,清穆宗同治三年,无,《景东县志稿》,无,保留,"v1,v2,v3,v4,v5,v6,v7","v1,v2,v3,v4,v5,v6,v7",7,1.0,是,,景东县：大饥馑，狙伏于路，攫人而食。——民国《景东县志稿》卷一灾异,景东县：大饥馑，狙伏于路，攫人而食。——民国《景东县志稿》卷一灾异,景东县：大饥馑，狙伏于路，攫人而食。——民国《景东县志稿》卷一灾异,景东县：大饥馑，狙伏于路，攫人而食。——民国《景东县志稿》卷一灾异,景东县：大饥馑，狙伏于路，攫人而食。——民国《景东县志稿》卷一灾异,景东县：大饥馑，狙伏于路，攫人而食。——民国《景东县志稿》卷一灾异,景东县：大饥馑，狙伏于路，攫人而食。——民国《景东县志稿》卷一灾异
1864,贵州,,桐梓,1864|贵|桐梓,清穆宗同治三年,无,《续遵义府志》,无,保留,"v1,v2,v3,v4,v5,v6,v7","v1,v2,v3,v4,v5,v6,v7",7,1.0,是,,桐梓县：桐梓县斗米值三千钱，饥民相食。——民国《续遵义府志》卷十三祥异,桐梓县：桐梓县斗米值三千钱，饥民相食。——民国《续遵义府志》卷十三祥异,桐梓县：桐梓县斗米值三千钱，饥民相食。——民国《续遵义府志》卷十三祥异,桐梓县：桐梓县斗米值三千钱，饥民相食。——民国《续遵义府志》卷十三祥异,桐梓县：桐梓县斗米值三千钱，饥民相食。——民国《续遵义府志》卷十三祥异,桐梓县：桐梓县斗米值三千钱，饥民相食。——民国《续遵义府志》卷十三祥异,桐梓县：桐梓县斗米值三千钱，饥民相食。——民国《续遵义府志》卷十三祥异
1865,安徽,,,1865|安徽,清穆宗同治四年,无,《清史纪事本末》,无,保留,"v1,v2","v1,v2",2,0.2857,是,,1865年，皖南，大饥，”民相食，人肉一斤，价至百二十文。”——《清史纪事本末》，卷五十，同治中兴,1865年，皖南，大饥，”民相食，人肉一斤，价至百二十文。”——《清史纪事本末》，卷五十，同治中兴,,,,,
1865,安徽,,皖南,1865|安徽|皖南,清穆宗同治四年,皖南,清史纪事本末,无,保留,"v3,v4,v6,v7","v3,v4,v6,v7",4,0.5714,是,,,,1865年，皖南，大饥，'民相食，人肉一斤，价至百二十文。'——《清史纪事本末》，卷五十，同治中兴,1865年，皖南，大饥，'民相食，人肉一斤，价至百二十文。'——《清史纪事本末》，卷五十，同治中兴,,1865年，皖南，大饥，'民相食，人肉一斤，价至百二十文。'——《清史纪事本末》，卷五十，同治中兴,1865年，皖南，大饥，'民相食，人肉一斤，价至百二十文。'——《清史纪事本末》，卷五十，同治中兴
1866,四川,,,1866|四川,清穆宗同治五年,无,《四川省近五百年旱涝史料》,无,保留,"v1,v2,v4,v6","v1,v2,v4,v6",4,0.5714,是,,1866年，四川，大饥，”人相食，逃亡几尽。”——《四川省近五百年旱涝史料》，第7页。,1866年，四川，大饥，”人相食，逃亡几尽。”——《四川省近五百年旱涝史料》，第7页。,,1866年，四川，大饥，'人相食，逃亡几尽。'——《四川省近五百年旱涝史料》，第7页。,,1866年，四川，大饥，'人相食，逃亡几尽。'——《四川省近五百年旱涝史料》，第7页。,
1866,甘肃,,靖远,1866|甘肃|靖远,清穆宗同治五年,无,《甘肃新通志》,无,保留,"v1,v2,v3,v4,v6","v1,v2,v3,v4,v6",5,0.7143,是,,靖远县：春荞饥，人相食。——光绪《甘肃新通志》卷二祥异,靖远县：春荞饥，人相食。——光绪《甘肃新通志》卷二祥异,靖远县：春荞饥，人相食。——光绪《甘肃新通志》卷二祥异,靖远县：春荞饥，人相食。——光绪《甘肃新通志》卷二祥异,,靖远县：春荞饥，人相食。——光绪《甘肃新通志》卷二祥异,
1866,贵州,,荔波,1866|贵|荔波,清穆宗同治五年,无,《荔波县志》,无,保留,"v1,v2,v3,v4,v6","v1,v2,v3,v4,v6",5,0.7143,是,,荔波县：夏四月，黑气起城南，逾时始散。大饥，人相食。——光绪《荔波县志》卷一祥异,荔波县：夏四月，黑气起城南，逾时始散。大饥，人相食。——光绪《荔波县志》卷一祥异,荔波县：夏四月，黑气起城南，逾时始散。大饥，人相食。——光绪《荔波县志》卷一祥异,荔波县：夏四月，黑气起城南，逾时始散。大饥，人相食。——光绪《荔波县志》卷一祥异,,荔波县：夏四月，黑气起城南，逾时始散。大饥，人相食。——光绪《荔波县志》卷一祥异,
1866,甘肃,,兰州市,1866|甘肃|兰,清穆宗同治五年,无,《重修皋兰县志》,无,保留,"v1,v2,v3,v4,v6","v1,v2,v3,v4,v6",5,0.7143,是,,兰州市：春荐饥，斗粟值银三十七八两，人相食，死者无算。案：邑中所出米麦本不足供一邑之用，四五两年逆回滋扰，民多失种，邻县粮道阻绝，遂成千百年未有之灾。——光绪《重修皋兰县志》卷十四灾异,兰州市：春荐饥，斗粟值银三十七八两，人相食，死者无算。案：邑中所出米麦本不足供一邑之用，四五两年逆回滋扰，民多失种，邻县粮道阻绝，遂成千百年未有之灾。——光绪《重修皋兰县志》卷十四灾异,甘肃兰州市：春荐饥，斗粟值银三十七八两，人相食，死者无算。案：邑中所出米麦本不足供一邑之用，四五两年逆回滋扰，民多失种，邻县粮道阻绝，遂成千百年未有之灾。——光绪《重修皋兰县志》卷十四灾异,兰州市：春荐饥，斗粟值银三十七八两，人相食，死者无算。案：邑中所出米麦本不足供一邑之用，四五两年逆回滋扰，民多失种，邻县粮道阻绝，遂成千百年未有之灾。——光绪《重修皋兰县志》卷十四灾异,,兰州市：春荐饥，斗粟值银三十七八两，人相食，死者无算。案：邑中所出米麦本不足供一邑之用，四五两年逆回滋扰，民多失种，邻县粮道阻绝，遂成千百年未有之灾。——光绪《重修皋兰县志》卷十四灾异,
1866,甘肃,,靖远县,1866|甘肃|靖远,清穆宗同治五年,无,甘肃新通志,无,保留,"v5,v7","v5,v7",2,0.2857,是,,,,,,靖远县：春荞饥，人相食。——光绪《甘肃新通志》卷二祥异,,靖远县：春荞饥，人相食。——光绪《甘肃新通志》卷二祥异
1866,贵州,,荔波县,1866|贵|荔波,清穆宗同治五年,无,荔波县志,无,保留,"v5,v7","v5,v7",2,0.2857,是,,,,,,荔波县：夏四月，黑气起城南，逾时始散。大饥，人相食。——光绪《荔波县志》卷一祥异,,荔波县：夏四月，黑气起城南，逾时始散。大饥，人相食。——光绪《荔波县志》卷一祥异
1866,甘肃,,皋兰县,1866|甘肃|皋兰,清穆宗同治五年,无,重修皋兰县志,无,保留,"v5,v7","v5,v7",2,0.2857,是,,,,,,兰州市：春荐饥，斗粟值银三十七八两，人相食，死者无算。案：邑中所出米麦本不足供一邑之用，四五两年逆回滋扰，民多失种，邻县粮道阻绝，遂成千百年未有之灾。——光绪《重修皋兰县志》卷十四灾异,,兰州市：春荐饥，斗粟值银三十七八两，人相食，死者无算。案：邑中所出米麦本不足供一邑之用，四五两年逆回滋扰，民多失种，邻县粮道阻绝，遂成千百年未有之灾。——光绪《重修皋兰县志》卷十四灾异
1867,贵州,,织金县,1867|贵|织金,清穆宗同治六年,无,《平远州续志》,无,保留,"v1,v2","v1,v2",2,0.2857,是,,织金县：岁大饥，往往有食人者。——光绪《平远州续志》卷二大事考,织金县：岁大饥，往往有食人者。——光绪《平远州续志》卷二大事考,,,,,
1867,陕西,,,1867|陕西,清穆宗同治六年,无,《清史稿》,无,保留,"v1,v2","v1,v2",2,0.2857,是,,1867年，陕甘，大饥，”人相食”——《清史稿》卷454《穆图善传》。,1867年，陕甘，大饥，”人相食”——《清史稿》卷454《穆图善传》。,,,,,
1867,贵州,,织金县,1867|贵|织金,清穆宗同治六年,无,平远州续志,无,保留,v4,v4,1,0.1429,是,,,,,贵州：织金县：岁大饥，往往有食人者。——光绪《平远州续志》卷二大事考,,,
1867,贵州,,织金县,1867|贵|织金,清穆宗同治六年,无,平远州续志,无,保留,"v3,v5,v6,v7","v3,v5,v6,v7",4,0.5714,是,,,,织金县：岁大饥，往往有食人者。——光绪《平远州续志》卷二大事考,,织金县：岁大饥，往往有食人者。——光绪《平远州续志》卷二大事考,织金县：岁大饥，往往有食人者。——光绪《平远州续志》卷二大事考,织金县：岁大饥，往往有食人者。——光绪《平远州续志》卷二大事考
1868,甘肃,,古浪县,1868|甘肃|古浪,清穆宗同治七年,无,《古浪县志》,无,保留,"v1,v2,v4,v5","v1,v2,v4,v5",4,0.5714,是,,古浪县：春大饥，人相食。——民国《古浪县志》卷一灾异,古浪县：春大饥，人相食。——民国《古浪县志》卷一灾异,,古浪县：春大饥，人相食。——民国《古浪县志》卷一灾异,古浪县：春大饥，人相食。——民国《古浪县志》卷一灾异,,
1868,贵州,,天柱县,1868|贵|天柱,清穆宗同治七年,无,《天柱县志》,无,保留,"v1,v2,v4,v5","v1,v2,v4,v5",4,0.5714,是,,天柱县：六月米贵，每斗价二千余文，卖妻鬻子，饿死不计其数，甚至有人食人肉者。——光绪《天柱县志》卷一祥异,天柱县：六月米贵，每斗价二千余文，卖妻鬻子，饿死不计其数，甚至有人食人肉者。——光绪《天柱县志》卷一祥异,,天柱县：六月米贵，每斗价二千余文，卖妻鬻子，饿死不计其数，甚至有人食人肉者。——光绪《天柱县志》卷一祥异,天柱县：六月米贵，每斗价二千余文，卖妻鬻子，饿死不计其数，甚至有人食人肉者。——光绪《天柱县志》卷一祥异,,
1868,甘肃,,泾川县,1868|甘肃|泾川,清穆宗同治七年,无,《甘肃新通志》,无,保留,"v1,v2,v4,v5","v1,v2,v4,v5",4,0.5714,是,,泾川县：大饥，人相食，新瘞死尸食之殆尽。——光绪《甘肃新通志》卷二祥异,泾川县：大饥，人相食，新瘞死尸食之殆尽。——光绪《甘肃新通志》卷二祥异,,泾川县：大饥，人相食，新瘞死尸食之殆尽。——光绪《甘肃新通志》卷二祥异,泾川县：大饥，人相食，新瘞死尸食之殆尽。——光绪《甘肃新通志》卷二祥异,,
1868,甘肃,,通渭县,1868|甘肃|通渭,清穆宗同治七年,无,《重修通渭县新志》,无,保留,"v1,v2,v4,v5","v1,v2,v4,v5",4,0.5714,是,,通渭县：春大饥，人相食，斗粟至十千有奇。秋稔。——光绪《重修通渭县新志》卷四灾祥,通渭县：春大饥，人相食，斗粟至十千有奇。秋稔。——光绪《重修通渭县新志》卷四灾祥,,通渭县：春大饥，人相食，斗粟至十千有奇。秋稔。——光绪《重修通渭县新志》卷四灾祥,通渭县：春大饥，人相食，斗粟至十千有奇。秋稔。——光绪《重修通渭县新志》卷四灾祥,,
1868,甘肃,,镇原县,1868|甘肃|镇原,清穆宗同治七年,无,《重修镇原县志》,无,保留,"v1,v2,v4,v5","v1,v2,v4,v5",4,0.5714,是,,镇原县：岁大饥，人相食，斗麦价三十余串。——民国《重修镇原县志》卷十八变异,镇原县：岁大饥，人相食，斗麦价三十余串。——民国《重修镇原县志》卷十八变异,,镇原县：岁大饥，人相食，斗麦价三十余串。——民国《重修镇原县志》卷十八变异,镇原县：岁大饥，人相食，斗麦价三十余串。——民国《重修镇原县志》卷十八变异,,
1868,宁夏,,隆德县,1868|宁夏|隆德,清穆宗同治七年,无,《重修隆德县志》,无,保留,"v1,v2,v4,v5","v1,v2,v4,v5",4,0.5714,是,,隆德县：岁大歉，斗米二十五、六千文不等。人相食，死者塞路。——民国《重修隆德县志》卷四祥异,隆德县：岁大歉，斗米二十五、六千文不等。人相食，死者塞路。——民国《重修隆德县志》卷四祥异,,隆德县：岁大歉，斗米二十五、六千文不等。人相食，死者塞路。——民国《重修隆德县志》卷四祥异,隆德县：岁大歉，斗米二十五、六千文不等。人相食，死者塞路。——民国《重修隆德县志》卷四祥异,,
1868,甘肃,天水市,,1868|甘肃|天水,清穆宗同治七年,秦州,《重纂秦州直隶州新志》,秦州为推测，原文为古代地名秦州,保留,"v1,v2,v4,v5","v1,v2,v4,v5",4,0.5714,是,,天水市：州属大饥，麦斗至五千余，人相食。——光绪《重纂秦州直隶州新志》卷二十四禨祥,秦州：州属大饥，麦斗至五千余，人相食。——光绪《重纂秦州直隶州新志》卷二十四禨祥,,天水市：州属大饥，麦斗至五千余，人相食。——光绪《重纂秦州直隶州新志》卷二十四禨祥,天水市：州属大饥，麦斗至五千余，人相食。——光绪《重纂秦州直隶州新志》卷二十四禨祥,,
1868,贵州,,天柱县,1868|贵|天柱,清穆宗同治七年,无,光绪天柱县志,无,需进一步分析,v6,v6,1,0.1429,否,"同类 record 存在于 v1,v2,v3,v4,v5,v6,v7；本条仅存在于 v6；占比 14.3%",,,,,,天柱县：六月米贵，每斗价二千余文，卖妻鬻子，饿死不计其数，甚至有人食人肉者。——光绪《天柱县志》卷一祥异,
1868,甘肃,,泾川县,1868|甘肃|泾川,清穆宗同治七年,无,光绪甘肃新通志,无,需进一步分析,v6,v6,1,0.1429,否,"同类 record 存在于 v1,v2,v3,v4,v5,v6,v7；本条仅存在于 v6；占比 14.3%",,,,,,泾川县：大饥，人相食，新瘞死尸食之殆尽。——光绪《甘肃新通志》卷二祥异,
1868,甘肃,,通渭县,1868|甘肃|通渭,清穆宗同治七年,无,光绪重修通渭县新志,无,需进一步分析,v6,v6,1,0.1429,否,"同类 record 存在于 v1,v2,v3,v4,v5,v6,v7；本条仅存在于 v6；占比 14.3%",,,,,,通渭县：春大饥，人相食，斗粟至十千有奇。秋稔。——光绪《重修通渭县新志》卷四灾祥,
1868,甘肃,,秦州,1868|甘肃|秦,清穆宗同治七年,无,光绪重纂秦州直隶州新志,无,需进一步分析,v6,v6,1,0.1429,否,"同类 record 存在于 v1,v2,v3,v4,v5,v6,v7；本条仅存在于 v6；占比 14.3%",,,,,,天水市：州属大饥，麦斗至五千余，人相食。——光绪《重纂秦州直隶州新志》卷二十四禨祥,
1868,甘肃,,古浪县,1868|甘肃|古浪,清穆宗同治七年,无,古浪县志,无,保留,"v3,v7","v3,v7",2,0.2857,是,,,,古浪县：春大饥，人相食。——民国《古浪县志》卷一灾异,,,,古浪县：春大饥，人相食。——民国《古浪县志》卷一灾异
1868,贵州,,天柱县,1868|贵|天柱,清穆宗同治七年,无,天柱县志,无,保留,"v3,v7","v3,v7",2,0.2857,是,,,,天柱县：六月米贵，每斗价二千余文，卖妻鬻子，饿死不计其数，甚至有人食人肉者。——光绪《天柱县志》卷一祥异,,,,天柱县：六月米贵，每斗价二千余文，卖妻鬻子，饿死不计其数，甚至有人食人肉者。——光绪《天柱县志》卷一祥异
1868,甘肃,,古浪县,1868|甘肃|古浪,清穆宗同治七年,无,民国古浪县志,无,需进一步分析,v6,v6,1,0.1429,否,"同类 record 存在于 v1,v2,v3,v4,v5,v6,v7；本条仅存在于 v6；占比 14.3%",,,,,,古浪县：春大饥，人相食。——民国《古浪县志》卷一灾异,
1868,甘肃,,镇原县,1868|甘肃|镇原,清穆宗同治七年,无,民国重修镇原县志,无,需进一步分析,v6,v6,1,0.1429,否,"同类 record 存在于 v1,v2,v3,v4,v5,v6,v7；本条仅存在于 v6；占比 14.3%",,,,,,镇原县：岁大饥，人相食，斗麦价三十余串。——民国《重修镇原县志》卷十八变异,
1868,宁夏,,隆德县,1868|宁夏|隆德,清穆宗同治七年,无,民国重修隆德县志,无,需进一步分析,v6,v6,1,0.1429,否,"同类 record 存在于 v1,v2,v3,v4,v5,v6,v7；本条仅存在于 v6；占比 14.3%",,,,,,隆德县：岁大歉，斗米二十五、六千文不等。人相食，死者塞路。——民国《重修隆德县志》卷四祥异,
1868,甘肃,,泾川县,1868|甘肃|泾川,清穆宗同治七年,无,甘肃新通志,无,保留,"v3,v7","v3,v7",2,0.2857,是,,,,泾川县：大饥，人相食，新瘞死尸食之殆尽。——光绪《甘肃新通志》卷二祥异,,,,泾川县：大饥，人相食，新瘞死尸食之殆尽。——光绪《甘肃新通志》卷二祥异
1868,甘肃,,通渭县,1868|甘肃|通渭,清穆宗同治七年,无,重修通渭县新志,无,保留,"v3,v7","v3,v7",2,0.2857,是,,,,通渭县：春大饥，人相食，斗粟至十千有奇。秋稔。——光绪《重修通渭县新志》卷四灾祥,,,,通渭县：春大饥，人相食，斗粟至十千有奇。秋稔。——光绪《重修通渭县新志》卷四灾祥
1868,甘肃,,镇原县,1868|甘肃|镇原,清穆宗同治七年,无,重修镇原县志,无,保留,"v3,v7","v3,v7",2,0.2857,是,,,,镇原县：岁大饥，人相食，斗麦价三十余串。——民国《重修镇原县志》卷十八变异,,,,镇原县：岁大饥，人相食，斗麦价三十余串。——民国《重修镇原县志》卷十八变异
1868,宁夏,,隆德县,1868|宁夏|隆德,清穆宗同治七年,无,重修隆德县志,无,保留,"v3,v7","v3,v7",2,0.2857,是,,,,隆德县：岁大歉，斗米二十五、六千文不等。人相食，死者塞路。——民国《重修隆德县志》卷四祥异,,,,隆德县：岁大歉，斗米二十五、六千文不等。人相食，死者塞路。——民国《重修隆德县志》卷四祥异
1868,甘肃,,秦州,1868|甘肃|秦,清穆宗同治七年,秦州,重纂秦州直隶州新志,秦州为古地名，现为天水市,保留,"v3,v7","v3,v7",2,0.2857,是,,,,天水市：州属大饥，麦斗至五千余，人相食。——光绪《重纂秦州直隶州新志》卷二十四禨祥,,,,天水市：州属大饥，麦斗至五千余，人相食。——光绪《重纂秦州直隶州新志》卷二十四禨祥
1871,四川,,,1871|四川,清穆宗同治十年,无,《四川省近五百年旱涝史料》,无,保留,"v1,v2","v1,v2",2,0.2857,是,,1871年，四川，旱灾，”人相食”——《四川省近五百年旱涝史料》，第7页。,1871年，四川，旱灾，”人相食”——《四川省近五百年旱涝史料》，第7页。,,,,,
1871,河北,,大城县,1871|河北|大城,清穆宗同治十年,无,《大城县志》,无,保留,"v1,v2,v3,v5","v1,v2,v3,v5",4,0.5714,是,,大城县：大水。无麦无禾，人将相食。——光绪《大城县志》卷九人物,大城县：大水。无麦无禾，人将相食。——光绪《大城县志》卷九人物,大城县：大水。无麦无禾，人将相食。——光绪《大城县志》卷九人物,,大城县：大水。无麦无禾，人将相食。——光绪《大城县志》卷九人物,,
1871,四川,,,1871|四川,清穆宗同治十年,无,四川省近五百年旱涝史料,无,保留,"v3,v5,v6,v7","v3,v5,v6,v7",4,0.5714,是,,,,1871年，四川，旱灾，'人相食'——《四川省近五百年旱涝史料》，第7页。,,1871年，四川，旱灾，'人相食'——《四川省近五百年旱涝史料》，第7页。,1871年，四川，旱灾，'人相食'——《四川省近五百年旱涝史料》，第7页。,1871年，四川，旱灾，'人相食'——《四川省近五百年旱涝史料》，第7页。
1871,河北,,大城县,1871|河北|大城,清穆宗同治十年,无,大城县志,无,保留,"v4,v6","v4,v6",2,0.2857,是,,,,,大城县：大水。无麦无禾，人将相食。——光绪《大城县志》卷九人物,,大城县：大水。无麦无禾，人将相食。——光绪《大城县志》卷九人物,
1871,河北,,大城县,1871|河北|大城,清穆宗同治十年,无,大城县志,无,保留,v7,v7,1,0.1429,是,,,,,,,,河北：大城县：大水。无麦无禾，人将相食。——光绪《大城县志》卷九人物
1875,山东,,利津县,1875|山东|利津,清德宗光绪元年,无,《利津县志》,无,保留,"v3,v5,v6,v7","v3,v5,v6,v7",4,0.5714,是,,,,利津县：岁饥，人相食，民苦无力。——民国《利津县志》卷九杂志,,利津县：岁饥，人相食，民苦无力。——民国《利津县志》卷九杂志,利津县：岁饥，人相食，民苦无力。——民国《利津县志》卷九杂志,利津县：岁饥，人相食，民苦无力。——民国《利津县志》卷九杂志
1875,山东,,利津县,1875|山东|利津,清德宗光绪元年,无,《利津县志》,无,保留,"v1,v2,v4","v1,v2,v4",3,0.4286,是,,山东：利津县：岁饥，人相食，民苦无力。——民国《利津县志》卷九杂志,山东：利津县：岁饥，人相食，民苦无力。——民国《利津县志》卷九杂志,,山东：利津县：岁饥，人相食，民苦无力。——民国《利津县志》卷九杂志,,,
1876,河南,,灵宝县,1876|河南|灵宝,清德宗光绪二年,无,《华北、东北近五百年旱涝史料》,无,保留,"v1,v2","v1,v2",2,0.2857,是,,灵宝县：两载无雨，赤地千里，人相食，灵邑户口损三分之二。——《华北、东北近五百年旱涝史料》第四分册，第59页,灵宝县：两载无雨，赤地千里，人相食，灵邑户口损三分之二。——《华北、东北近五百年旱涝史料》第四分册，第59页。,,,,,
1876,江苏,,徐,1876|江苏|徐,清德宗光绪二年,无,《清朝碑传全集》,无,需校验地区信息,v2,v2,1,0.5,是,同年同省同来源同 record，但地区名存在近似异写或明显异体，需校验地区信息,,1876年，苏北，旱蝗，”淮、徐、海、沐大饥，民气刚劲，饥则惊人食，旅行者往往失踪。”——清朝碑传全集，补编，卷19《李金镛传》,,,,,
1876,江苏,,沐,1876|江苏|沐,清德宗光绪二年,无,《清朝碑传全集》,无,需校验地区信息,v2,v2,1,0.5,是,同年同省同来源同 record，但地区名存在近似异写或明显异体，需校验地区信息,,1876年，苏北，旱蝗，”淮、徐、海、沐大饥，民气刚劲，饥则惊人食，旅行者往往失踪。”——清朝碑传全集，补编，卷19《李金镛传》,,,,,
1876,江苏,,海,1876|江苏|海,清德宗光绪二年,无,《清朝碑传全集》,无,需校验地区信息,v2,v2,1,0.5,是,同年同省同来源同 record，但地区名存在近似异写或明显异体，需校验地区信息,,1876年，苏北，旱蝗，”淮、徐、海、沐大饥，民气刚劲，饥则惊人食，旅行者往往失踪。”——清朝碑传全集，补编，卷19《李金镛传》,,,,,
1876,江苏,,淮,1876|江苏|淮,清德宗光绪二年,无,《清朝碑传全集》,无,需校验地区信息,v2,v2,1,0.5,是,同年同省同来源同 record，但地区名存在近似异写或明显异体，需校验地区信息,,1876年，苏北，旱蝗，”淮、徐、海、沐大饥，民气刚劲，饥则惊人食，旅行者往往失踪。”——清朝碑传全集，补编，卷19《李金镛传》,,,,,
1876,河南,,灵宝县,1876|河南|灵宝,清德宗光绪二年,无,华北、东北近五百年旱涝史料,无,保留,"v4,v5,v6,v7","v4,v5,v6,v7",4,0.5714,是,,,,,灵宝县：两载无雨，赤地千里，人相食，灵邑户口损三分之二。——《华北、东北近五百年旱涝史料》第四分册，第59页。,灵宝县：两载无雨，赤地千里，人相食，灵邑户口损三分之二。——《华北、东北近五百年旱涝史料》第四分册，第59页。,灵宝县：两载无雨，赤地千里，人相食，灵邑户口损三分之二。——《华北、东北近五百年旱涝史料》第四分册，第59页。,灵宝县：两载无雨，赤地千里，人相食，灵邑户口损三分之二。——《华北、东北近五百年旱涝史料》第四分册，第59页。
1876,江苏,,徐州,1876|江苏|徐,清德宗光绪二年,无,清朝碑传全集,无,需校验地区信息,v4,v4,1,0.5,是,同年同省同来源同 record，但地区名存在近似异写或明显异体，需校验地区信息,,,,1876年，苏北，旱蝗，'淮、徐、海、沐大饥，民气刚劲，饥则惊人食，旅行者往往失踪。'——清朝碑传全集，补编，卷19《李金镛传》,,,
1876,江苏,,沐阳,1876|江苏|沐阳,清德宗光绪二年,无,清朝碑传全集,无,需校验地区信息,v4,v4,1,0.5,是,同年同省同来源同 record，但地区名存在近似异写或明显异体，需校验地区信息,,,,1876年，苏北，旱蝗，'淮、徐、海、沐大饥，民气刚劲，饥则惊人食，旅行者往往失踪。'——清朝碑传全集，补编，卷19《李金镛传》,,,
1876,江苏,,海州,1876|江苏|海,清德宗光绪二年,无,清朝碑传全集,无,需校验地区信息,v4,v4,1,0.5,是,同年同省同来源同 record，但地区名存在近似异写或明显异体，需校验地区信息,,,,1876年，苏北，旱蝗，'淮、徐、海、沐大饥，民气刚劲，饥则惊人食，旅行者往往失踪。'——清朝碑传全集，补编，卷19《李金镛传》,,,
1876,江苏,,淮安,1876|江苏|淮安,清德宗光绪二年,无,清朝碑传全集,无,需校验地区信息,v4,v4,1,0.5,是,同年同省同来源同 record，但地区名存在近似异写或明显异体，需校验地区信息,,,,1876年，苏北，旱蝗，'淮、徐、海、沐大饥，民气刚劲，饥则惊人食，旅行者往往失踪。'——清朝碑传全集，补编，卷19《李金镛传》,,,
1877,山西,,临县,1877|山西|临,清德宗光绪三年,无,《临县志》,无,保留,v5,v5,1,0.1429,是,,,,,,临县：春，斗米不过五百钱，而麦苗尚称丰茂，农民忍饥缩食，冀有秋。嗷嗷待哺者已不知几千万家，尸骸枕藉，有杀人而食，剃肉而卖者。——民国《临县志》,,
1877,山西,吕梁市,临县,1877|山西|吕梁|临,清德宗光绪三年,无,《临县志》,无,保留,"v1,v2,v6","v1,v2,v6",3,0.4286,是,,临县：春，斗米不过五百钱，而麦苗尚称丰茂，农民忍饥缩食，冀有秋。嗷嗷待哺者已不知几千万家，尸骸枕藉，有杀人而食，剃肉而卖者。——民国《临县志》卷十七著述,临县：春，斗米不过五百钱，而麦苗尚称丰茂，农民忍饥缩食，冀有秋。嗷嗷待哺者已不知几千万家，尸骸枕藉，有杀人而食，剃肉而卖者。——民国《临县志》卷十七著述,,,,临县：春，斗米不过五百钱，而麦苗尚称丰茂，农民忍饥缩食，冀有秋。嗷嗷待哺者已不知几千万家，尸骸枕藉，有杀人而食，剃肉而卖者。——民国《临县志》卷十七著述,
1877,山西,,乡宁县,1877|山西|乡宁,清德宗光绪三年,无,《乡宁县志》,无,保留,v5,v5,1,0.1429,是,,,,,,乡宁县：三、四年大旱，饿死人民无数，人相食。——民国《乡宁县志》,,
1877,山西,临汾市,乡宁县,1877|山西|临汾|乡宁,清德宗光绪三年,无,《乡宁县志》,无,保留,"v1,v2,v6","v1,v2,v6",3,0.4286,是,,乡宁县：三、四年大旱，饿死人民无数，人相食。——民国《乡宁县志》卷八大事记,乡宁县：三、四年大旱，饿死人民无数，人相食。——民国《乡宁县志》卷八大事记,,,,乡宁县：三、四年大旱，饿死人民无数，人相食。——民国《乡宁县志》卷八大事记,
1877,河南,,修武县,1877|河南|修武,清德宗光绪三年,无,《修武县志》,无,保留,"v1,v2,v5,v6","v1,v2,v5,v6",4,0.5714,是,,修武县：岁大旱。自四月朔得雨三寸，既而点滴不入土，二麦歉收，秋禾未种。岁大荒，人相食。奏闻，粮缓征，漕免。——民国《修武县志》卷十六祥异,修武县：岁大旱。自四月朔得雨三寸，既而点滴不入土，二麦歉收，秋禾未种。岁大荒，人相食。奏闻，粮缓征，漕免。——民国《修武县志》卷十六祥异,,,修武县：岁大旱。自四月朔得雨三寸，既而点滴不入土，二麦歉收，秋禾未种。岁大荒，人相食。奏闻，粮缓征，漕免。——民国《修武县志》卷十六祥异,修武县：岁大旱。自四月朔得雨三寸，既而点滴不入土，二麦歉收，秋禾未种。岁大荒，人相食。奏闻，粮缓征，漕免。——民国《修武县志》卷十六祥异,
1877,河北,石家庄,元氏县,1877|河北|石家庄|元氏,清德宗光绪三年,无,《元氏县志》,无,保留,"v1,v2,v5,v6","v1,v2,v5,v6",4,0.5714,是,,元氏县：荒旱，大饥，人相食，县令请款赈济。——民国《元氏县志》灾祥,元氏县：荒旱，大饥，人相食，县令请款赈济。——民国《元氏县志》灾祥,,,元氏县：荒旱，大饥，人相食，县令请款赈济。——民国《元氏县志》灾祥,元氏县：荒旱，大饥，人相食，县令请款赈济。——民国《元氏县志》灾祥,
1877,山西,,晋城市,1877|山西|晋城,清德宗光绪三年,无,《凤台县续志》,无,保留,v5,v5,1,0.1429,是,,,,,,晋城市：大旱，野无青草，人食树皮草根，牛马鸡犬皆尽，继食人肉，斗米值钱二千五百文。有全室俱毙者，有阖村同尽者。——光绪《凤台县续志》,,
1877,山西,晋城市,晋城市,1877|山西|晋城|晋城,清德宗光绪三年,凤台县,《凤台县续志》,凤台县为古代地名，今晋城市；原文为凤台县,保留,"v1,v2,v6","v1,v2,v6",3,0.4286,是,,晋城市：大旱，野无青草，人食树皮草根，牛马鸡犬皆尽，继食人肉，斗米值钱二千五百文。有全室俱毙者，有阖村同尽者。——光绪《凤台县续志》卷四纪事,晋城市：大旱，野无青草，人食树皮草根，牛马鸡犬皆尽，继食人肉，斗米值钱二千五百文。有全室俱毙者，有阖村同尽者。——光绪《凤台县续志》卷四纪事,,,,晋城市：大旱，野无青草，人食树皮草根，牛马鸡犬皆尽，继食人肉，斗米值钱二千五百文。有全室俱毙者，有阖村同尽者。——光绪《凤台县续志》卷四纪事,
1877,山西,,万荣县,1877|山西|万荣,清德宗光绪三年,无,《华北、东北近五百年旱涝史料》,无,保留,v5,v5,1,0.1429,是,,,,,,万荣县：大旱，人相食。——《华北、东北近五百年旱涝史料》,,
1877,山西,,临汾市,1877|山西|临汾,清德宗光绪三年,无,《华北、东北近五百年旱涝史料》,无,保留,v5,v5,1,0.1429,是,,,,,,临汾市：大旱荒，人相食。——《华北、东北近五百年旱涝史料》,,
1877,山西,,太谷县,1877|山西|太谷,清德宗光绪三年,无,《华北、东北近五百年旱涝史料》,无,保留,v5,v5,1,0.1429,是,,,,,,太谷县：大饥，人相食。——《华北、东北近五百年旱涝史料》,,
1877,山西,,左权县,1877|山西|左权,清德宗光绪三年,无,《华北、东北近五百年旱涝史料》,无,保留,v5,v5,1,0.1429,是,,,,,,左权县：（辽州）自夏五月不雨至次年四月始雨，人相食。——《华北、东北近五百年旱涝史料》,,
1877,山西,,霍县,1877|山西|霍,清德宗光绪三年,无,《华北、东北近五百年旱涝史料》,无,保留,v5,v5,1,0.1429,是,,,,,,霍县：大旱。春旱。夏无麦。六月份浣几竭，人相食。——《华北、东北近五百年旱涝史料》,,
1877,山西,晋中市,太谷县,1877|山西|晋中|太谷,清德宗光绪三年,无,《华北、东北近五百年旱涝史料》,无,保留,"v1,v2","v1,v2",2,0.2857,是,,太谷县：大饥，人相食。——《华北、东北近五百年旱涝史料》第五分册，第32页。,太谷县：大饥，人相食。——《华北、东北近五百年旱涝史料》第五分册，第32页。,,,,,
1877,山西,晋中市,左权县,1877|山西|晋中|左权,清德宗光绪三年,辽州,《华北、东北近五百年旱涝史料》,原文为辽州，今左权县；晋中市为推测，原文无,保留,"v1,v2","v1,v2",2,0.2857,是,,左权县：（辽州）自夏五月不雨至次年四月始雨，人相食。——《华北、东北近五百年旱涝史料》第五分册，第32页。,左权县：（辽州）自夏五月不雨至次年四月始雨，人相食。——《华北、东北近五百年旱涝史料》第五分册，第32页。,,,,,
1877,山西,运城市,万荣县,1877|山西|运城|万荣,清德宗光绪三年,无,《华北、东北近五百年旱涝史料》,无,保留,"v1,v2","v1,v2",2,0.2857,是,,万荣县：大旱，人相食。——《华北、东北近五百年旱涝史料》第五分册，第54页。,万荣县：大旱，人相食。——《华北、东北近五百年旱涝史料》第五分册，第54页。,,,,,
1877,山西,临汾市,临汾市,1877|山西|临汾|临汾,清德宗光绪三年,无,《华北、东北近五百年旱涝史料》,无,保留,"v1,v2","v1,v2",2,0.2857,是,,临汾市：大旱荒，人相食。——《华北、东北近五百年旱涝史料》第五分册，第54页。,临汾市：大旱荒，人相食。——《华北、东北近五百年旱涝史料》第五分册，第54页。,,,,,
1877,山西,临汾市,霍州市,1877|山西|临汾|霍,清德宗光绪三年,霍县,《华北、东北近五百年旱涝史料》,原文为霍县，今霍州市；临汾市为推测，原文无,保留,"v1,v2","v1,v2",2,0.2857,是,,霍县：大旱。春旱。夏无麦。六月份浣几竭，人相食。——《华北、东北近五百年旱涝史料》第五分册，第54页。,霍县：大旱。春旱。夏无麦。六月份浣几竭，人相食。——《华北、东北近五百年旱涝史料》第五分册，第54页。,,,,,
1877,山西,,新绛县,1877|山西|新绛,清德宗光绪三年,无,《华北、东北近五百年旱涝史料》,无,保留,v5,v5,1,0.1429,是,,,,,,新绛县：岁大祲，人相食，九月十六连雨十有八日。——《华北、东北近五百年旱涝史料》,,
1877,山西,运城市,新绛县,1877|山西|运城|新绛,清德宗光绪三年,无,《华北、东北近五百年旱涝史料》,运城市为推测，原文无,保留,"v1,v2","v1,v2",2,0.2857,是,,新绛县：岁大祲，人相食，九月十六连雨十有八日。——《华北、东北近五百年旱涝史料》第五分册，第54页。,新绛县：岁大祲，人相食，九月十六连雨十有八日。——《华北、东北近五百年旱涝史料》第五分册，第54页。,,,,,
1877,山西,,左云县,1877|山西|左云,清德宗光绪三年,无,《华北、东北近五百年旱涝史料》,无,保留,v5,v5,1,0.1429,是,,,,,,左云县：秋大旱，人相食，道路饿殍盈途。——《华北、东北近五百年旱涝史料》,,
1877,山西,大同市,左云县,1877|山西|大同|左云,清德宗光绪三年,无,《华北、东北近五百年旱涝史料》,无,保留,"v1,v2","v1,v2",2,0.2857,是,,左云县：秋大旱，人相食，道路饿殍盈途。——《华北、东北近五百年旱涝史料》第六分册，第129页。,左云县：秋大旱，人相食，道路饿殍盈途。——《华北、东北近五百年旱涝史料》第六分册，第129页。,,,,,
1877,内蒙古,,乌盟,1877|内蒙古|乌盟,清德宗光绪三年,无,《华北、东北近五百年旱涝史料》,地名存在不确定性,保留,v5,v5,1,0.1429,是,,,,,,乌盟、呼和浩特、包头、清水河县：大旱，以屡成饥，粟贵如珠，百性食糟糠、剥树皮、掘草根，甚至人相食，鬻子女仅得一二食，在襁褓者父母弃之道路不顾而去。商旅不敢独行。饿殍盈野，惨不忍目，其口外各厅亦均亢旱。——《华北、东北近五百年旱涝史料》,,
1877,内蒙古,,包头,1877|内蒙古|包头,清德宗光绪三年,无,《华北、东北近五百年旱涝史料》,地名存在不确定性,保留,v5,v5,1,0.1429,是,,,,,,乌盟、呼和浩特、包头、清水河县：大旱，以屡成饥，粟贵如珠，百性食糟糠、剥树皮、掘草根，甚至人相食，鬻子女仅得一二食，在襁褓者父母弃之道路不顾而去。商旅不敢独行。饿殍盈野，惨不忍目，其口外各厅亦均亢旱。——《华北、东北近五百年旱涝史料》,,
1877,内蒙古,,呼和浩特,1877|内蒙古|呼和浩特,清德宗光绪三年,无,《华北、东北近五百年旱涝史料》,地名存在不确定性,保留,v5,v5,1,0.1429,是,,,,,,乌盟、呼和浩特、包头、清水河县：大旱，以屡成饥，粟贵如珠，百性食糟糠、剥树皮、掘草根，甚至人相食，鬻子女仅得一二食，在襁褓者父母弃之道路不顾而去。商旅不敢独行。饿殍盈野，惨不忍目，其口外各厅亦均亢旱。——《华北、东北近五百年旱涝史料》,,
1877,内蒙古,,清水河县,1877|内蒙古|清水河,清德宗光绪三年,无,《华北、东北近五百年旱涝史料》,地名存在不确定性,保留,v5,v5,1,0.1429,是,,,,,,乌盟、呼和浩特、包头、清水河县：大旱，以屡成饥，粟贵如珠，百性食糟糠、剥树皮、掘草根，甚至人相食，鬻子女仅得一二食，在襁褓者父母弃之道路不顾而去。商旅不敢独行。饿殍盈野，惨不忍目，其口外各厅亦均亢旱。——《华北、东北近五百年旱涝史料》,,
1877,内蒙古,,乌盟,1877|内蒙古|乌盟,清德宗光绪三年,乌盟,《华北、东北近五百年旱涝史料》,无,保留,"v1,v2","v1,v2",2,0.2857,是,,乌盟、呼和浩特、包头、清水河县：大旱，以屡成饥，粟贵如珠，百性食糟糠、剥树皮、掘草根，甚至人相食，鬻子女仅得一二食，在襁褓者父母弃之道路不顾而去。商旅不敢独行。饿殍盈野，惨不忍目，其口外各厅亦均亢旱。——《华北、东北近五百年旱涝史料》第六分册，第129页。,乌盟、呼和浩特、包头、清水河县：大旱，以屡成饥，粟贵如珠，百性食糟糠、剥树皮、掘草根，甚至人相食，鬻子女仅得一二食，在襁褓者父母弃之道路不顾而去。商旅不敢独行。饿殍盈野，惨不忍目，其口外各厅亦均亢旱。——《华北、东北近五百年旱涝史料》第六分册，第129页。,,,,,
1877,内蒙古,包头市,包头市,1877|内蒙古|包头|包头,清德宗光绪三年,无,《华北、东北近五百年旱涝史料》,无,保留,"v1,v2","v1,v2",2,0.2857,是,,乌盟、呼和浩特、包头、清水河县：大旱，以屡成饥，粟贵如珠，百性食糟糠、剥树皮、掘草根，甚至人相食，鬻子女仅得一二食，在襁褓者父母弃之道路不顾而去。商旅不敢独行。饿殍盈野，惨不忍目，其口外各厅亦均亢旱。——《华北、东北近五百年旱涝史料》第六分册，第129页。,乌盟、呼和浩特、包头、清水河县：大旱，以屡成饥，粟贵如珠，百性食糟糠、剥树皮、掘草根，甚至人相食，鬻子女仅得一二食，在襁褓者父母弃之道路不顾而去。商旅不敢独行。饿殍盈野，惨不忍目，其口外各厅亦均亢旱。——《华北、东北近五百年旱涝史料》第六分册，第129页。,,,,,
1877,内蒙古,呼和浩特市,呼和浩特市,1877|内蒙古|呼和浩特|呼和浩特,清德宗光绪三年,无,《华北、东北近五百年旱涝史料》,无,保留,"v1,v2","v1,v2",2,0.2857,是,,乌盟、呼和浩特、包头、清水河县：大旱，以屡成饥，粟贵如珠，百性食糟糠、剥树皮、掘草根，甚至人相食，鬻子女仅得一二食，在襁褓者父母弃之道路不顾而去。商旅不敢独行。饿殍盈野，惨不忍目，其口外各厅亦均亢旱。——《华北、东北近五百年旱涝史料》第六分册，第129页。,乌盟、呼和浩特、包头、清水河县：大旱，以屡成饥，粟贵如珠，百性食糟糠、剥树皮、掘草根，甚至人相食，鬻子女仅得一二食，在襁褓者父母弃之道路不顾而去。商旅不敢独行。饿殍盈野，惨不忍目，其口外各厅亦均亢旱。——《华北、东北近五百年旱涝史料》第六分册，第129页。,,,,,
1877,内蒙古,呼和浩特市,清水河县,1877|内蒙古|呼和浩特|清水河,清德宗光绪三年,无,《华北、东北近五百年旱涝史料》,无,保留,"v1,v2","v1,v2",2,0.2857,是,,乌盟、呼和浩特、包头、清水河县：大旱，以屡成饥，粟贵如珠，百性食糟糠、剥树皮、掘草根，甚至人相食，鬻子女仅得一二食，在襁褓者父母弃之道路不顾而去。商旅不敢独行。饿殍盈野，惨不忍目，其口外各厅亦均亢旱。——《华北、东北近五百年旱涝史料》第六分册，第129页。,乌盟、呼和浩特、包头、清水河县：大旱，以屡成饥，粟贵如珠，百性食糟糠、剥树皮、掘草根，甚至人相食，鬻子女仅得一二食，在襁褓者父母弃之道路不顾而去。商旅不敢独行。饿殍盈野，惨不忍目，其口外各厅亦均亢旱。——《华北、东北近五百年旱涝史料》第六分册，第129页。,,,,,
1877,山西,,垣曲县,1877|山西|垣曲,清德宗光绪三年,无,《华北、东北近五百年旱涝史料》,无,保留,v5,v5,1,0.1429,是,,,,,,垣曲县：大旱，夏无麦，秋无禾，冬月人相食。——《华北、东北近五百年旱涝史料》,,
1877,山西,运城市,垣曲县,1877|山西|运城|垣曲,清德宗光绪三年,无,《华北、东北近五百年旱涝史料》,无,保留,"v1,v2","v1,v2",2,0.2857,是,,垣曲县：大旱，夏无麦，秋无禾，冬月人相食。——《华北、东北近五百年旱涝史料》第五分册，第54页。,垣曲县：大旱，夏无麦，秋无禾，冬月人相食。——《华北、东北近五百年旱涝史料》第五分册，第54页。,,,,,
1877,山西,,大同市,1877|山西|大同,清德宗光绪三年,无,《华北、东北近五百年旱涝史料》,无,保留,v5,v5,1,0.1429,是,,,,,,怀仁县、左云县、大同市：大旱。人相食。——《华北、东北近五百年旱涝史料》,,
1877,山西,,左云县,1877|山西|左云,清德宗光绪三年,无,《华北、东北近五百年旱涝史料》,无,保留,v5,v5,1,0.1429,是,,,,,,怀仁县、左云县、大同市：大旱。人相食。——《华北、东北近五百年旱涝史料》,,
1877,山西,,怀仁县,1877|山西|怀仁,清德宗光绪三年,无,《华北、东北近五百年旱涝史料》,无,保留,v5,v5,1,0.1429,是,,,,,,怀仁县、左云县、大同市：大旱。人相食。——《华北、东北近五百年旱涝史料》,,
1877,河北,,井陉县,1877|河北|井陉,清德宗光绪三年,无,《华北、东北近五百年旱涝史料》,无,保留,v5,v5,1,0.1429,是,,,,,,井陉县：大旱，岁大荒，人相食。——《华北、东北近五百年旱涝史料》,,
1877,河北,,井陉县,1877|河北|井陉,清德宗光绪三年,无,《华北、东北近五百年旱涝史料》,无,保留,"v1,v2","v1,v2",2,0.2857,是,,井陉县：大旱，岁大荒，人相食。——《华北、东北近五百年旱涝史料》第二分册，第96页。,井陉县：大旱，岁大荒，人相食。——《华北、东北近五百年旱涝史料》第二分册，第96页。,,,,,
1877,山西,,岳阳县,1877|山西|岳阳,清德宗光绪三年,无,《华北、东北近五百年旱涝史料》,无,保留,v5,v5,1,0.1429,是,,,,,,岳阳县：大祲，旱，人相食，死无数。——《华北、东北近五百年旱涝史料》,,
1877,山西,临汾市,古县,1877|山西|临汾|古,清德宗光绪三年,岳阳县,《华北、东北近五百年旱涝史料》,原文为岳阳县，今古县；临汾市为推测，原文无,保留,v1,v1,1,0.1429,是,,岳阳县：大祲，旱，人相食，死无数。——《华北、东北近五百年旱涝史料》第五分册，第54页。,,,,,,
1877,山西,临汾市,岳阳县,1877|山西|临汾|岳阳,清德宗光绪三年,无,《华北、东北近五百年旱涝史料》,无,保留,v2,v2,1,0.1429,是,,,岳阳县：大祲，旱，人相食，死无数。——《华北、东北近五百年旱涝史料》第五分册，第54页。,,,,,
1877,山西,大同市,大同市,1877|山西|大同|大同,清德宗光绪三年,无,《华北、东北近五百年旱涝史料》,无,保留,"v1,v2","v1,v2",2,0.2857,是,,怀仁县、左云县、大同市：大旱。人相食。——《华北、东北近五百年旱涝史料》第五分册，第13页。,怀仁县、左云县、大同市：大旱。人相食。——《华北、东北近五百年旱涝史料》第五分册，第13页。,,,,,
1877,山西,大同市,左云县,1877|山西|大同|左云,清德宗光绪三年,无,《华北、东北近五百年旱涝史料》,无,保留,"v1,v2","v1,v2",2,0.2857,是,,怀仁县、左云县、大同市：大旱。人相食。——《华北、东北近五百年旱涝史料》第五分册，第13页。,怀仁县、左云县、大同市：大旱。人相食。——《华北、东北近五百年旱涝史料》第五分册，第13页。,,,,,
1877,山西,大同市,怀仁县,1877|山西|大同|怀仁,清德宗光绪三年,无,《华北、东北近五百年旱涝史料》,无,保留,"v1,v2","v1,v2",2,0.2857,是,,怀仁县、左云县、大同市：大旱。人相食。——《华北、东北近五百年旱涝史料》第五分册，第13页。,怀仁县、左云县、大同市：大旱。人相食。——《华北、东北近五百年旱涝史料》第五分册，第13页。,,,,,
1877,陕西,,华县,1877|陕西|华,清德宗光绪三年,无,《华县县志稿》,无,保留,v5,v5,1,0.1429,是,,,,,,华县：大旱，白崖湖竭。大饥，民失种，人相食，十月开赈。四年，斗粟四千余钱，道雍相望，逃亡者半。——民国《华县县志稿》,,
1877,陕西,渭南市,华县,1877|陕西|渭南|华,清德宗光绪三年,无,《华县县志稿》,无,保留,"v1,v2,v6","v1,v2,v6",3,0.4286,是,,华县：大旱，白崖湖竭。大饥，民失种，人相食，十月开赈。四年，斗粟四千余钱，道雍相望，逃亡者半。——民国《华县县志稿》卷九天灾,华县：大旱，白崖湖竭。大饥，民失种，人相食，十月开赈。四年，斗粟四千余钱，道雍相望，逃亡者半。——民国《华县县志稿》卷九天灾,,,,华县：大旱，白崖湖竭。大饥，民失种，人相食，十月开赈。四年，斗粟四千余钱，道雍相望，逃亡者半。——民国《华县县志稿》卷九天灾,
1877,陕西,,华阴县,1877|陕西|华阴,清德宗光绪三年,无,《华阴县续志》,无,保留,v5,v5,1,0.1429,是,,,,,,华阴县：大饥，人相食，饿毙人民无数。四月秋禾初登，人民因食而死者又居十之四、五，迄今五十余载，人口犹未复元。——民国《华阴县续志》,,
1877,陕西,渭南市,华阴县,1877|陕西|渭南|华阴,清德宗光绪三年,无,《华阴县续志》,无,保留,"v1,v2,v6","v1,v2,v6",3,0.4286,是,,华阴县：大饥，人相食，饿毙人民无数。四月秋禾初登，人民因食而死者又居十之四、五，迄今五十余载，人口犹未复元。——民国《华阴县续志》卷八杂事,华阴县：大饥，人相食，饿毙人民无数。四月秋禾初登，人民因食而死者又居十之四、五，迄今五十余载，人口犹未复元。——民国《华阴县续志》卷八杂事,,,,华阴县：大饥，人相食，饿毙人民无数。四月秋禾初登，人民因食而死者又居十之四、五，迄今五十余载，人口犹未复元。——民国《华阴县续志》卷八杂事,
1877,四川,,巴中,1877|四川|巴中,清德宗光绪三年,无,《南江县志》,无,保留,"v2,v5,v6","v2,v5,v6",3,0.4286,是,,,巴中：'丁丑岁，川之北亦旱，而巴（巴中）南（南江）通（通江）三州县尤甚。……蔬糠既竭，继以草木，……树皮掘剥殆尽，红籽（某种草之籽）一斗价至一缁，更复啖谷中泥土，俗曰神仙面，……比户萧条，炊烟断缕，鸡犬无声。服鸠投环，堕岩赴洞，轻视其身者日闻于野。父弃其子，夫弃其妻，号哭于路途，转徙于沟壑者，耳目不忍闻睹。……是冬（1877）及次年春，或举家悄毙，或人相残食，饿殍不下数万。' —— 《南江县志》,,,巴中：'丁丑岁，川之北亦旱，而巴（巴中）南（南江）通（通江）三州县尤甚。……蔬糠既竭，继以草木，……树皮掘剥殆尽，红籽（某种草之籽）一斗价至一缁，更复啖谷中泥土，俗曰神仙面，……比户萧条，炊烟断缕，鸡犬无声。服鸠投环，堕岩赴洞，轻视其身者日闻于野。父弃其子，夫弃其妻，号哭于路途，转徙于沟壑者，耳目不忍闻睹。……是冬（1877）及次年春，或举家悄毙，或人相残食，饿殍不下数万。' —— 《南江县志》。,巴中：'丁丑岁，川之北亦旱，而巴（巴中）南（南江）通（通江）三州县尤甚。……蔬糠既竭，继以草木，……树皮掘剥殆尽，红籽（某种草之籽）一斗价至一缁，更复啖谷中泥土，俗曰神仙面，……比户萧条，炊烟断缕，鸡犬无声。服鸠投环，堕岩赴洞，轻视其身者日闻于野。父弃其子，夫弃其妻，号哭于路途，转徙于沟壑者，耳目不忍闻睹。……是冬（1877）及次年春，或举家悄毙，或人相残食，饿殍不下数万。' —— 《南江县志》。,
1877,四川,,巴中,1877|四川|巴中,清德宗光绪三年,无,《南江县志》转引《西北灾荒史》,无,需进一步分析,v1,v1,1,0.1667,否,"同类 record 存在于 v1,v2,v4,v5,v6,v7；本条仅存在于 v1；占比 16.7%",巴中：'丁丑岁，川之北亦旱，而巴（巴中）南（南江）通（通江）三州县尤甚。……蔬糠既竭，继以草木，……树皮掘剥殆尽，红籽（某种草之籽）一斗价至一缁，更复啖谷中泥土，俗曰神仙面，……比户萧条，炊烟断缕，鸡犬无声。服鸠投环，堕岩赴洞，轻视其身者日闻于野。父弃其子，夫弃其妻，号哭于路途，转徙于沟壑者，耳目不忍闻睹。……是冬（1877）及次年春，或举家悄毙，或人相残食，饿殍不下数万。' —— 《南江县志》,,,,,,
1877,陕西,,铜川市,1877|陕西|铜川,清德宗光绪三年,无,《同官县志》,无,保留,v5,v5,1,0.1429,是,,,,,,铜川市：大饥，人相食，卖妻鬻子，逃甘肃者无数。——民国《同官县志》,,
1877,陕西,铜川市,铜川市,1877|陕西|铜川|铜川,清德宗光绪三年,同官县,《同官县志》,原文为同官县，今铜川市,保留,"v1,v2,v6","v1,v2,v6",3,0.4286,是,,铜川市：大饥，人相食，卖妻鬻子，逃甘肃者无数。——民国《同官县志》卷十四合作救济,铜川市：大饥，人相食，卖妻鬻子，逃甘肃者无数。——民国《同官县志》卷十四合作救济,,,,铜川市：大饥，人相食，卖妻鬻子，逃甘肃者无数。——民国《同官县志》卷十四合作救济,
1877,陕西,,大荔县,1877|陕西|大荔,清德宗光绪三年,无,《大荔县续志》,无,保留,v5,v5,1,0.1429,是,,,,,,大荔县：是年大旱，…。粮价奇贵，斤面钱百十余文，大饥。…十二月有食人者，厉禁之。——光绪《大荔县续志》,,
1877,陕西,渭南市,大荔县,1877|陕西|渭南|大荔,清德宗光绪三年,无,《大荔县续志》,无,保留,"v1,v2,v6","v1,v2,v6",3,0.4286,是,,大荔县：是年大旱，…。粮价奇贵，斤面钱百十余文，大饥。…十二月有食人者，厉禁之。——光绪《大荔县续志》卷一事征,大荔县：是年大旱，…。粮价奇贵，斤面钱百十余文，大饥。…十二月有食人者，厉禁之。——光绪《大荔县续志》卷一事征,,,,大荔县：是年大旱，…。粮价奇贵，斤面钱百十余文，大饥。…十二月有食人者，厉禁之。——光绪《大荔县续志》卷一事征,
1877,陕西,延安市,安塞县,1877|陕西|延安|安塞,清德宗光绪三年,无,《安塞县志》,无,保留,"v1,v2,v5,v6","v1,v2,v5,v6",4,0.5714,是,,安塞县：饥，人相食。饿毙者十室九空。——民国《安塞县志》卷十祥异,安塞县：饥，人相食。饿毙者十室九空。——民国《安塞县志》卷十祥异,,,安塞县：饥，人相食。饿毙者十室九空。——民国《安塞县志》卷十祥异,安塞县：饥，人相食。饿毙者十室九空。——民国《安塞县志》卷十祥异,
1877,河北,,定州市,1877|河北|定,清德宗光绪三年,无,《定县志》,无,保留,v5,v5,1,0.1429,是,,,,,,定州市：大旱，岁饥，有人相食者，饿殍满路。——民国《定县志》,,
1877,河北,保定,定州市,1877|河北|保定|定,清德宗光绪三年,无,《定县志》,无,保留,"v1,v2,v6","v1,v2,v6",3,0.4286,是,,定州市：大旱，岁饥，有人相食者，饿殍满路。——民国《定县志》卷二十二祥异,定州市：大旱，岁饥，有人相食者，饿殍满路。——民国《定县志》卷二十二祥异,,,,定州市：大旱，岁饥，有人相食者，饿殍满路。——民国《定县志》卷二十二祥异,
1877,河南,,密县,1877|河南|密,清德宗光绪三年,无,《密县志》,无,保留,"v1,v2,v5,v6","v1,v2,v5,v6",4,0.5714,是,,密县：大饥，道雍相望，人相食。——民国《密县志》卷十九祥异,密县：大饥，道雍相望，人相食。——民国《密县志》卷十九祥异,,,密县：大饥，道雍相望，人相食。——民国《密县志》卷十九祥异,密县：大饥，道雍相望，人相食。——民国《密县志》卷十九祥异,
1877,陕西,,富平县,1877|陕西|富平,清德宗光绪三年,无,《富平县志稿》,无,保留,v5,v5,1,0.1429,是,,,,,,富平县：大饥，人相食。——光绪《富平县志稿》,,
1877,陕西,渭南市,富平县,1877|陕西|渭南|富平,清德宗光绪三年,无,《富平县志稿》,无,保留,"v1,v2,v6","v1,v2,v6",3,0.4286,是,,富平县：大饥，人相食。——光绪《富平县志稿》卷十祥异,富平县：大饥，人相食。——光绪《富平县志稿》卷十祥异,,,,富平县：大饥，人相食。——光绪《富平县志稿》卷十祥异,
1877,河南,,封丘县,1877|河南|封丘,清德宗光绪三年,无,《封丘县续志》,无,保留,"v1,v2,v5,v6","v1,v2,v5,v6",4,0.5714,是,,封丘县：大饥，人相食，赈济。——民国《封丘县续志》卷一通纪,封丘县：大饥，人相食，赈济。——民国《封丘县续志》卷一通纪,,,封丘县：大饥，人相食，赈济。——民国《封丘县续志》卷一通纪,封丘县：大饥，人相食，赈济。——民国《封丘县续志》卷一通纪,
1877,河南,,嵩县,1877|河南|嵩,清德宗光绪三年,无,《嵩县志》,无,保留,"v1,v2,v5,v6","v1,v2,v5,v6",4,0.5714,是,,嵩县：丁丑，戊寅之年岁大祲，半西北天下连年抗旱，赤地千里。河南斗谷二千钱有奇，秦晋三倍之。父子兄弟骨肉相食者，不可以数计。以吾嵩论，死者十之四五，山谷居民十室而九空，乡村妇女贩卖略尽，饥民流亡，弃男抛女者伤心惨目。——光绪《嵩县志》卷六祥异,嵩县：丁丑，戊寅之年岁大祲，半西北天下连年抗旱，赤地千里。河南斗谷二千钱有奇，秦晋三倍之。父子兄弟骨肉相食者，不可以数计。以吾嵩论，死者十之四五，山谷居民十室而九空，乡村妇女贩卖略尽，饥民流亡，弃男抛女者伤心惨目。——光绪《嵩县志》卷六祥异,,,嵩县：丁丑，戊寅之年岁大祲，半西北天下连年抗旱，赤地千里。河南斗谷二千钱有奇，秦晋三倍之。父子兄弟骨肉相食者，不可以数计。以吾嵩论，死者十之四五，山谷居民十室而九空，乡村妇女贩卖略尽，饥民流亡，弃男抛女者伤心惨目。——光绪《嵩县志》卷六祥异,嵩县：丁丑，戊寅之年岁大祲，半西北天下连年抗旱，赤地千里。河南斗谷二千钱有奇，秦晋三倍之。父子兄弟骨肉相食者，不可以数计。以吾嵩论，死者十之四五，山谷居民十室而九空，乡村妇女贩卖略尽，饥民流亡，弃男抛女者伤心惨目。——光绪《嵩县志》卷六祥异,
1877,河南,,巩县,1877|河南|巩,清德宗光绪三年,无,《巩县志》,无,保留,"v1,v2,v5,v6","v1,v2,v5,v6",4,0.5714,是,,巩县：大旱，中原赤地千里，黔黎走死无所，秋冬大饥，人相食。自去冬至是春，民间以麦苗、榆皮无不食，渐及树叶、蒺藜。秋冬后多常鬻妻弃子，杀戮牛马六畜，甚有食及同类者，饿殍横野，流亡载道，村落为墟。——民国《巩县志》卷五大事记,巩县：大旱，中原赤地千里，黔黎走死无所，秋冬大饥，人相食。自去冬至是春，民间以麦苗、榆皮无不食，渐及树叶、蒺藜。秋冬后多常鬻妻弃子，杀戮牛马六畜，甚有食及同类者，饿殍横野，流亡载道，村落为墟。——民国《巩县志》卷五大事记,,,巩县：大旱，中原赤地千里，黔黎走死无所，秋冬大饥，人相食。自去冬至是春，民间以麦苗、榆皮无不食，渐及树叶、蒺藜。秋冬后多常鬻妻弃子，杀戮牛马六畜，甚有食及同类者，饿殍横野，流亡载道，村落为墟。——民国《巩县志》卷五大事记,巩县：大旱，中原赤地千里，黔黎走死无所，秋冬大饥，人相食。自去冬至是春，民间以麦苗、榆皮无不食，渐及树叶、蒺藜。秋冬后多常鬻妻弃子，杀戮牛马六畜，甚有食及同类者，饿殍横野，流亡载道，村落为墟。——民国《巩县志》卷五大事记,
1877,山西,,平陆县,1877|山西|平陆,清德宗光绪三年,无,《平陆县续志》,无,保留,v5,v5,1,0.1429,是,,,,,,平陆县：自春徂冬二百余日无雨，秋夏不收，宿麦未种。斗米五两零，草根树皮尽，父子相食，人死十之八、九。十月大风，奇冷，井冰。——光绪《平陆县续志》,,
1877,山西,运城市,平陆县,1877|山西|运城|平陆,清德宗光绪三年,无,《平陆县续志》,无,保留,"v1,v2,v6","v1,v2,v6",3,0.4286,是,,平陆县：自春徂冬二百余日无雨，秋夏不收，宿麦未种。斗米五两零，草根树皮尽，父子相食，人死十之八、九。十月大风，奇冷，井冰。——光绪《平陆县续志》卷下杂志,平陆县：自春徂冬二百余日无雨，秋夏不收，宿麦未种。斗米五两零，草根树皮尽，父子相食，人死十之八、九。十月大风，奇冷，井冰。——光绪《平陆县续志》卷下杂志,,,,平陆县：自春徂冬二百余日无雨，秋夏不收，宿麦未种。斗米五两零，草根树皮尽，父子相食，人死十之八、九。十月大风，奇冷，井冰。——光绪《平陆县续志》卷下杂志,
1877,山西,,文水县,1877|山西|文水,清德宗光绪三年,无,《文水县志》,无,保留,v5,v5,1,0.1429,是,,,,,,文水县：大饥。冬，人相食，开仓赈济。——光绪《文水县志》,,
1877,山西,吕梁,文水县,1877|山西|吕梁|文水,清德宗光绪三年,无,《文水县志》,无,保留,"v1,v2,v6","v1,v2,v6",3,0.4286,是,,文水县：大饥。冬，人相食，开仓赈济。——光绪《文水县志》卷一祥异,文水县：大饥。冬，人相食，开仓赈济。——光绪《文水县志》卷一祥异,,,,文水县：大饥。冬，人相食，开仓赈济。——光绪《文水县志》卷一祥异,
1877,河南,新乡市,新乡县,1877|河南|新乡|新乡,清德宗光绪三年,无,《新乡县续志》,无,保留,"v1,v2,v5,v6","v1,v2,v5,v6",4,0.5714,是,,新乡县：大旱，麦秋全无，赤地千里，流亡载道，饿殍塞途，人相食。——民国《新乡县续志》卷四祥异,新乡县：大旱，麦秋全无，赤地千里，流亡载道，饿殍塞途，人相食。——民国《新乡县续志》卷四祥异,,,新乡县：大旱，麦秋全无，赤地千里，流亡载道，饿殍塞途，人相食。——民国《新乡县续志》卷四祥异,新乡县：大旱，麦秋全无，赤地千里，流亡载道，饿殍塞途，人相食。——民国《新乡县续志》卷四祥异,
1877,山西,,曲沃县,1877|山西|曲沃,清德宗光绪三年,无,《新修曲沃县志》,无,保留,v5,v5,1,0.1429,是,,,,,,曲沃县：春旱，夏无麦。六月份、浣几竭。秋八月雨雹。冬大饥，人相食，米麦石二十余金。——民国《新修曲沃县志》,,
1877,山西,临汾市,曲沃县,1877|山西|临汾|曲沃,清德宗光绪三年,无,《新修曲沃县志》,无,保留,"v1,v2,v6","v1,v2,v6",3,0.4286,是,,曲沃县：春旱，夏无麦。六月份、浣几竭。秋八月雨雹。冬大饥，人相食，米麦石二十余金。——民国《新修曲沃县志》卷三十灾祥,曲沃县：春旱，夏无麦。六月份、浣几竭。秋八月雨雹。冬大饥，人相食，米麦石二十余金。——民国《新修曲沃县志》卷三十灾祥,,,,曲沃县：春旱，夏无麦。六月份、浣几竭。秋八月雨雹。冬大饥，人相食，米麦石二十余金。——民国《新修曲沃县志》卷三十灾祥,
1877,河南,,新安县,1877|河南|新安,清德宗光绪三年,无,《新安县志》,无,保留,"v1,v2,v5,v6","v1,v2,v5,v6",4,0.5714,是,,新安县：二月初六日，西北风吹折吕氏科第石坊。是年大祲，父子相食，儿子村落为墟。——民国《新安县志》卷十五祥异,新安县：二月初六日，西北风吹折吕氏科第石坊。是年大祲，父子相食，儿子村落为墟。——民国《新安县志》卷十五祥异,,,新安县：二月初六日，西北风吹折吕氏科第石坊。是年大祲，父子相食，儿子村落为墟。——民国《新安县志》卷十五祥异,新安县：二月初六日，西北风吹折吕氏科第石坊。是年大祲，父子相食，儿子村落为墟。——民国《新安县志》卷十五祥异,
1877,陕西,,渭南市,1877|陕西|渭南,清德宗光绪三年,无,《新续渭南县志》,无,保留,v5,v5,1,0.1429,是,,,,,,渭南市：三、四年大旱，无麦禾。斗麦四五千钱，道雍相望，人相食，剥榆皮屑而啖之，人多黄瘦死，有坐守空屋待毙者。——光绪《新续渭南县志》,,
1877,陕西,渭南市,渭南市,1877|陕西|渭南|渭南,清德宗光绪三年,无,《新续渭南县志》,无,保留,"v1,v2,v6","v1,v2,v6",3,0.4286,是,,渭南市：三、四年大旱，无麦禾。斗麦四五千钱，道雍相望，人相食，剥榆皮屑而啖之，人多黄瘦死，有坐守空屋待毙者。——光绪《新续渭南县志》卷十一禩祥,渭南市：三、四年大旱，无麦禾。斗麦四五千钱，道雍相望，人相食，剥榆皮屑而啖之，人多黄瘦死，有坐守空屋待毙者。——光绪《新续渭南县志》卷十一禩祥,,,,渭南市：三、四年大旱，无麦禾。斗麦四五千钱，道雍相望，人相食，剥榆皮屑而啖之，人多黄瘦死，有坐守空屋待毙者。——光绪《新续渭南县志》卷十一禩祥,
1877,河南,,方城县,1877|河南|方城,清德宗光绪三年,无,《方城县志》,无,保留,"v1,v2,v5,v6","v1,v2,v5,v6",4,0.5714,是,,方城县：大旱，赤地千里，裕北数郡皆灾，人相食，道馑相望，未闻赈恤。是年五月不雨，至次年三月始雨。——民国《方城县志》卷五灾异,方城县：大旱，赤地千里，裕北数郡皆灾，人相食，道馑相望，未闻赈恤。是年五月不雨，至次年三月始雨。——民国《方城县志》卷五灾异,,,方城县：大旱，赤地千里，裕北数郡皆灾，人相食，道馑相望，未闻赈恤。是年五月不雨，至次年三月始雨。——民国《方城县志》卷五灾异,方城县：大旱，赤地千里，裕北数郡皆灾，人相食，道馑相望，未闻赈恤。是年五月不雨，至次年三月始雨。——民国《方城县志》卷五灾异,
1877,河南,,林县,1877|河南|林,清德宗光绪三年,无,《林县志》,无,保留,"v1,v2,v5,v6","v1,v2,v5,v6",4,0.5714,是,,林县：大饥，斗米一千三百文，人相食。蠲免钱粮，发栗赈济。——民国《林县志》卷十四大事表,林县：大饥，斗米一千三百文，人相食。蠲免钱粮，发栗赈济。——民国《林县志》卷十四大事表,,,林县：大饥，斗米一千三百文，人相食。蠲免钱粮，发栗赈济。——民国《林县志》卷十四大事表,林县：大饥，斗米一千三百文，人相食。蠲免钱粮，发栗赈济。——民国《林县志》卷十四大事表,
1877,陕西,,榆林县,1877|陕西|榆林,清德宗光绪三年,无,《榆林县志》,无,保留,v5,v5,1,0.1429,是,,,,,,榆林县：大旱，人相食。饥民多疫死。总兵官谭仁芳捐廉五万两大赈，兵备道童兆蓉请款办赈，全活无算。——民国《榆林县志》,,
1877,陕西,榆林市,榆林县,1877|陕西|榆林|榆林,清德宗光绪三年,无,《榆林县志》,无,保留,"v1,v2,v6","v1,v2,v6",3,0.4286,是,,榆林县：大旱，人相食。饥民多疫死。总兵官谭仁芳捐廉五万两大赈，兵备道童兆蓉请款办赈，全活无算。——民国《榆林县志》卷十祥异,榆林县：大旱，人相食。饥民多疫死。总兵官谭仁芳捐廉五万两大赈，兵备道童兆蓉请款办赈，全活无算。——民国《榆林县志》卷十祥异,,,,榆林县：大旱，人相食。饥民多疫死。总兵官谭仁芳捐廉五万两大赈，兵备道童兆蓉请款办赈，全活无算。——民国《榆林县志》卷十祥异,
1877,河北,,武安县,1877|河北|武安,清德宗光绪三年,无,《武安县志》,无,保留,v5,v5,1,0.1429,是,,,,,,武安县：岁大饥，人相食。春夏亢旱，地未播种，斗米千钱，人相食，街市行人倒地即毙，饿殍满目，死亡载道，卖妻鬻子，流离四方者，指不胜计。一家数口同时饿毙者所在多有，可谓未有之浩劫。——民国《武安县志》,,
1877,河北,邯郸,武安县,1877|河北|邯郸|武安,清德宗光绪三年,无,《武安县志》,无,保留,"v1,v2,v6","v1,v2,v6",3,0.4286,是,,武安县：岁大饥，人相食。春夏亢旱，地未播种，斗米千钱，人相食，街市行人倒地即毙，饿殍满目，死亡载道，卖妻鬻子，流离四方者，指不胜计。一家数口同时饿毙者所在多有，可谓未有之浩劫。——民国《武安县志》卷一大事记,武安县：岁大饥，人相食。春夏亢旱，地未播种，斗米千钱，人相食，街市行人倒地即毙，饿殍满目，死亡载道，卖妻鬻子，流离四方者，指不胜计。一家数口同时饿毙者所在多有，可谓未有之浩劫。——民国《武安县志》卷一大事记,,,,武安县：岁大饥，人相食。春夏亢旱，地未播种，斗米千钱，人相食，街市行人倒地即毙，饿殍满目，死亡载道，卖妻鬻子，流离四方者，指不胜计。一家数口同时饿毙者所在多有，可谓未有之浩劫。——民国《武安县志》卷一大事记,
1877,河南,,武陟县,1877|河南|武陟,清德宗光绪三年,无,《武陟县志》,无,保留,"v1,v2,v5,v6","v1,v2,v5,v6",4,0.5714,是,,武陟县：大饥，人相食。——民国《武陟县志》卷二沿革,武陟县：大饥，人相食。——民国《武陟县志》卷二沿革,,,武陟县：大饥，人相食。——民国《武陟县志》卷二沿革,武陟县：大饥，人相食。——民国《武陟县志》卷二沿革,
1877,陕西,延安市,洛川县,1877|陕西|延安|洛川,清德宗光绪三年,无,《洛川县志》,无,保留,"v1,v2,v5,v6","v1,v2,v5,v6",4,0.5714,是,,洛川县：大饥，草木俱尽，人相食，十亡八、九。是后连年旱灾兵荒，迭奉蠲免。——民国《洛川县志》卷十三,洛川县：大饥，草木俱尽，人相食，十亡八、九。是后连年旱灾兵荒，迭奉蠲免。——民国《洛川县志》卷十三,,,洛川县：大饥，草木俱尽，人相食，十亡八、九。是后连年旱灾兵荒，迭奉蠲免。——民国《洛川县志》卷十三,洛川县：大饥，草木俱尽，人相食，十亡八、九。是后连年旱灾兵荒，迭奉蠲免。——民国《洛川县志》卷十三,
1877,山西,,洪洞县,1877|山西|洪洞,清德宗光绪三年,无,《洪洞县志稿》,无,保留,v5,v5,1,0.1429,是,,,,,,洪洞县：岁大祲，斗米卖银三两余，树皮革根剥掘殆尽，人相食，饿殍盈途，目不忍睹，诚古今罕见。——光绪《洪洞县志稿》,,
1877,山西,临汾市,洪洞县,1877|山西|临汾|洪洞,清德宗光绪三年,无,《洪洞县志稿》,临汾市为推测，原文无,保留,"v1,v2,v6","v1,v2,v6",3,0.4286,是,,洪洞县：岁大祲，斗米卖银三两余，树皮革根剥掘殆尽，人相食，饿殍盈途，目不忍睹，诚古今罕见。——光绪《洪洞县志稿》卷十六杂记,洪洞县：岁大祲，斗米卖银三两余，树皮革根剥掘殆尽，人相食，饿殍盈途，目不忍睹，诚古今罕见。——光绪《洪洞县志稿》卷十六杂记,,,,洪洞县：岁大祲，斗米卖银三两余，树皮革根剥掘殆尽，人相食，饿殍盈途，目不忍睹，诚古今罕见。——光绪《洪洞县志稿》卷十六杂记,
1877,陕西,安康市,旬阳县,1877|陕西|安康|旬阳,清德宗光绪三年,无,《洵阳县志》,无,保留,"v1,v2,v5,v6","v1,v2,v5,v6",4,0.5714,是,,旬阳县：春，鼠食禾苗。大旱，金河竭，秋禾萎。冬，果木开花，竹笋成林。岁大荒，人相食。——光绪《洵阳县志》卷十四杂志,旬阳县：春，鼠食禾苗。大旱，金河竭，秋禾萎。冬，果木开花，竹笋成林。岁大荒，人相食。——光绪《洵阳县志》卷十四杂志,,,旬阳县：春，鼠食禾苗。大旱，金河竭，秋禾萎。冬，果木开花，竹笋成林。岁大荒，人相食。——光绪《洵阳县志》卷十四杂志,旬阳县：春，鼠食禾苗。大旱，金河竭，秋禾萎。冬，果木开花，竹笋成林。岁大荒，人相食。——光绪《洵阳县志》卷十四杂志,
1877,陕西,,浦城县,1877|陕西|浦城,清德宗光绪三年,无,《浦城县县新志》,无,保留,v5,v5,1,0.1429,是,,,,,,浦城县：大饥，人相食。至四年夏饿毙者三之二。——光绪《浦城县县新志》,,
1877,河南,,渑池县,1877|河南|渑池,清德宗光绪三年,无,《渑池县志》,无,保留,"v1,v2,v5,v6","v1,v2,v5,v6",4,0.5714,是,,渑池县：春不雨，至四年三月始雨。…斗米五千钱，父子相食。——民国《渑池县志》卷十九祥异,渑池县：春不雨，至四年三月始雨。…斗米五千钱，父子相食。——民国《渑池县志》卷十九祥异,,,渑池县：春不雨，至四年三月始雨。…斗米五千钱，父子相食。——民国《渑池县志》卷十九祥异,渑池县：春不雨，至四年三月始雨。…斗米五千钱，父子相食。——民国《渑池县志》卷十九祥异,
1877,陕西,,澄城县,1877|陕西|澄城,清德宗光绪三年,无,《澄城县附志》,无,保留,v5,v5,1,0.1429,是,,,,,,澄城县：大饥，人相食。死者十之六、七。——民国《澄城县附志》,,
1877,陕西,渭南市,澄城县,1877|陕西|渭南|澄城,清德宗光绪三年,无,《澄城县附志》,无,保留,"v1,v2,v6","v1,v2,v6",3,0.4286,是,,澄城县：大饥，人相食。死者十之六、七。——民国《澄城县附志》卷十一大事记,澄城县：大饥，人相食。死者十之六、七。——民国《澄城县附志》卷十一大事记,,,,澄城县：大饥，人相食。死者十之六、七。——民国《澄城县附志》卷十一大事记,
1877,河南,,禹县,1877|河南|禹,清德宗光绪三年,无,《禹县志》,无,保留,"v1,v2,v5,v6","v1,v2,v5,v6",4,0.5714,是,,禹县：大旱，夏无麦，秋无禾。冬大饥，人相食。——民国《禹县志》卷二大事纪,禹县：大旱，夏无麦，秋无禾。冬大饥，人相食。——民国《禹县志》卷二大事纪,,,禹县：大旱，夏无麦，秋无禾。冬大饥，人相食。——民国《禹县志》卷二大事纪,禹县：大旱，夏无麦，秋无禾。冬大饥，人相食。——民国《禹县志》卷二大事纪,
1877,山西,,绛县,1877|山西|绛,清德宗光绪三年,无,《绛县志》,无,保留,v5,v5,1,0.1429,是,,,,,,绛县：大旱。夏麦薄收，秋苗焦死，草尽枯。…先犹宰食牲畜，继而树皮、草根、薪蒸、土石等类杂充饥肠，甚至剥遗尸，刨掩骸，残骨肉，食生人，饥死十之四五。——光绪《绛县志》,,
1877,山西,运城市,绛县,1877|山西|运城|绛,清德宗光绪三年,无,《绛县志》,无,保留,"v1,v2,v6","v1,v2,v6",3,0.4286,是,,绛县：大旱。夏麦薄收，秋苗焦死，草尽枯。…先犹宰食牲畜，继而树皮、草根、薪蒸、土石等类杂充饥肠，甚至剥遗尸，刨掩骸，残骨肉，食生人，饥死十之四五。——光绪六年《绛县志》卷十二祥异,绛县：大旱。夏麦薄收，秋苗焦死，草尽枯。…先犹宰食牲畜，继而树皮、草根、薪蒸、土石等类杂充饥肠，甚至剥遗尸，刨掩骸，残骨肉，食生人，饥死十之四五。——光绪六年《绛县志》卷十二祥异,,,,绛县：大旱。夏麦薄收，秋苗焦死，草尽枯。…先犹宰食牲畜，继而树皮、草根、薪蒸、土石等类杂充饥肠，甚至剥遗尸，刨掩骸，残骨肉，食生人，饥死十之四五。——光绪六年《绛县志》卷十二祥异,
1877,陕西,榆林市,绥德县,1877|陕西|榆林|绥德,清德宗光绪三年,无,《绥德直隶州志》,无,保留,"v1,v2,v5,v6","v1,v2,v5,v6",4,0.5714,是,,绥德县：岁大饥，人相食，饿殍载道。设赈粥饥年余。——光绪《绥德直隶州志》卷三祥异,绥德县：岁大饥，人相食，饿殍载道。设赈粥饥年余。——光绪《绥德直隶州志》卷三祥异,,,绥德县：岁大饥，人相食，饿殍载道。设赈粥饥年余。——光绪《绥德直隶州志》卷三祥异,绥德县：岁大饥，人相食，饿殍载道。设赈粥饥年余。——光绪《绥德直隶州志》卷三祥异,
1877,山西,,稷山县,1877|山西|稷山,清德宗光绪三年,无,《续修稷山县志》,无,保留,v5,v5,1,0.1429,是,,,,,,稷山县：秋大祲，赤地千里，…。冬，盗发冢，祖孙父子母女夫妇兄弟相食，道馑相望。闾左枯骨成丘，庐舍拆毁无数，县北附山村落有尽数饿毙或十之七八。——光绪《续修稷山县志》,,
1877,山西,运城市,稷山县,1877|山西|运城|稷山,清德宗光绪三年,无,《续修稷山县志》,无,保留,"v1,v2,v6","v1,v2,v6",3,0.4286,是,,稷山县：秋大祲，赤地千里，…。冬，盗发冢，祖孙父子母女夫妇兄弟相食，道馑相望。闾左枯骨成丘，庐舍拆毁无数，县北附山村落有尽数饿毙或十之七八。——光绪《续修稷山县志》卷一祥异,稷山县：秋大祲，赤地千里，…。冬，盗发冢，祖孙父子母女夫妇兄弟相食，道馑相望。闾左枯骨成丘，庐舍拆毁无数，县北附山村落有尽数饿毙或十之七八。——光绪《续修稷山县志》卷一祥异,,,,稷山县：秋大祲，赤地千里，…。冬，盗发冢，祖孙父子母女夫妇兄弟相食，道馑相望。闾左枯骨成丘，庐舍拆毁无数，县北附山村落有尽数饿毙或十之七八。——光绪《续修稷山县志》卷一祥异,
1877,陕西,,蓝田县,1877|陕西|蓝田,清德宗光绪三年,无,《续修蓝田县志》,无,保留,v5,v5,1,0.1429,是,,,,,,蓝田县：岁大祲，斗米值银二两，民饥甚，榆皮草根剥食殆尽。三里镇有食其子及人相食者。——民国《续修蓝田县志》,,
1877,陕西,西安市,蓝田县,1877|陕西|西安|蓝田,清德宗光绪三年,无,《续修蓝田县志》,无,保留,"v1,v2,v6","v1,v2,v6",3,0.4286,是,,蓝田县：岁大祲，斗米值银二两，民饥甚，榆皮草根剥食殆尽。三里镇有食其子及人相食者。——民国《续修蓝田县志》卷三纪事,蓝田县：岁大祲，斗米值银二两，民饥甚，榆皮草根剥食殆尽。三里镇有食其子及人相食者。——民国《续修蓝田县志》卷三纪事,,,,蓝田县：岁大祲，斗米值银二两，民饥甚，榆皮草根剥食殆尽。三里镇有食其子及人相食者。——民国《续修蓝田县志》卷三纪事,
1877,山西,,隰县,1877|山西|隰,清德宗光绪三年,无,《续修隰州志》,无,保留,v5,v5,1,0.1429,是,,,,,,隰县：夏秋无雨，禾苗槁，寸草皆枯，斗米价银三两，树皮干泥争购于市，死者以万计。冬严寒异常，人相食，至有骨肉相残者。——光绪《续修隰州志》,,
1877,山西,临汾市,隰县,1877|山西|临汾|隰,清德宗光绪三年,隰州,《续修隰州志》,原文为隰州，今隰县；临汾市为推测，原文无,保留,"v1,v2,v6","v1,v2,v6",3,0.4286,是,,隰县：夏秋无雨，禾苗槁，寸草皆枯，斗米价银三两，树皮干泥争购于市，死者以万计。冬严寒异常，人相食，至有骨肉相残者。——光绪《续修隰州志》卷四祥异,隰县：夏秋无雨，禾苗槁，寸草皆枯，斗米价银三两，树皮干泥争购于市，死者以万计。冬严寒异常，人相食，至有骨肉相残者。——光绪《续修隰州志》卷四祥异,,,,隰县：夏秋无雨，禾苗槁，寸草皆枯，斗米价银三两，树皮干泥争购于市，死者以万计。冬严寒异常，人相食，至有骨肉相残者。——光绪《续修隰州志》卷四祥异,
1877,河南,,获嘉县,1877|河南|获嘉,清德宗光绪三年,无,《获嘉县志》,无,保留,"v1,v2,v5,v6","v1,v2,v5,v6",4,0.5714,是,,获嘉县：久旱不雨，岁大饥，人相食。漕粮缓征。——民国《获嘉县志》卷十七祥异,获嘉县：久旱不雨，岁大饥，人相食。漕粮缓征。——民国《获嘉县志》卷十七祥异,,,获嘉县：久旱不雨，岁大饥，人相食。漕粮缓征。——民国《获嘉县志》卷十七祥异,获嘉县：久旱不雨，岁大饥，人相食。漕粮缓征。——民国《获嘉县志》卷十七祥异,
1877,陕西,,佳县,1877|陕西|佳,清德宗光绪三年,无,《葭州志》,无,保留,v5,v5,1,0.1429,是,,,,,,佳县：岁大饥，人相食。——光绪《葭州志》,,
1877,陕西,榆林市,佳县,1877|陕西|榆林|佳,清德宗光绪三年,葭州,《葭州志》,原文为葭州，今佳县,保留,"v1,v2,v6","v1,v2,v6",3,0.4286,是,,佳县：岁大饥，人相食。——光绪《葭州志》灾祥,佳县：岁大饥，人相食。——光绪《葭州志》灾祥,,,,佳县：岁大饥，人相食。——光绪《葭州志》灾祥,
1877,陕西,渭南,蒲城县,1877|陕西|渭南|蒲城,清德宗光绪三年,无,《蒲城县县新志》,疑似OCR错误，原文重复'县',保留,"v1,v6","v1,v6",2,0.2857,是,,蒲城县：大饥，人相食。至四年夏饿毙者三之二。——光绪《蒲城县县新志》卷十三祥异,,,,,蒲城县：大饥，人相食。至四年夏饿毙者三之二。——光绪《蒲城县县新志》卷十三祥异,
1877,陕西,渭南市,蒲城县,1877|陕西|渭南|蒲城,清德宗光绪三年,无,《蒲城县新志》,无,需进一步分析,v2,v2,1,0.3333,否,"同类 record 存在于 v2,v5,v7；本条仅存在于 v2；占比 33.3%",,浦城县：大饥，人相食。至四年夏饿毙者三之二。——光绪《浦城县县新志》卷十三祥异,,,,,
1877,山西,,永济县,1877|山西|永济,清德宗光绪三年,无,《虞乡县志》,无,保留,v5,v5,1,0.1429,是,,,,,,永济县：春疫。夏无麦。…大祲，斗米数金，田亩鬻钱百余文，民屋拆毁殆尽，食树皮草根。…时饿殍枕藉，人相食，冬初发帑栽漕赈之，诏免地丁银。——光绪《虞乡县志》,,
1877,山西,运城市,永济市,1877|山西|运城|永济,清德宗光绪三年,虞乡县,《虞乡县志》,原文为虞乡县，今永济市；原文无city,保留,"v1,v2,v6","v1,v2,v6",3,0.4286,是,,永济县：春疫。夏无麦。…大祲，斗米数金，田亩鬻钱百余文，民屋拆毁殆尽，食树皮草根。…时饿殍枕藉，人相食，冬初发帑栽漕赈之，诏免地丁银。——光绪《虞乡县志》卷一祥异,永济县：春疫。夏无麦。…大祲，斗米数金，田亩鬻钱百余文，民屋拆毁殆尽，食树皮草根。…时饿殍枕藉，人相食，冬初发帑栽漕赈之，诏免地丁银。——光绪《虞乡县志》卷一祥异,,,,永济县：春疫。夏无麦。…大祲，斗米数金，田亩鬻钱百余文，民屋拆毁殆尽，食树皮草根。…时饿殍枕藉，人相食，冬初发帑栽漕赈之，诏免地丁银。——光绪《虞乡县志》卷一祥异,
1877,陕西,汉中市,西乡县,1877|陕西|汉中|西乡,清德宗光绪三年,无,《西乡县志》,无,保留,"v1,v2,v5,v6","v1,v2,v5,v6",4,0.5714,是,,西乡县：荒旱奇重，人相食，饿殍载道。——民国《西乡县志》灾禦,西乡县：荒旱奇重，人相食，饿殍载道。——民国《西乡县志》灾禦,,,西乡县：荒旱奇重，人相食，饿殍载道。——民国《西乡县志》灾禦,西乡县：荒旱奇重，人相食，饿殍载道。——民国《西乡县志》灾禦,
1877,河南,,许昌县,1877|河南|许昌,清德宗光绪三年,无,《许昌县志》,无,保留,"v2,v5","v2,v5",2,0.2857,是,,,许昌县：大旱。秋无禾、大饥，饿死逃亡，道瘞相望。各镇立卖人市。——民国十二年《许昌县志》卷十九祥异,,,许昌县：大旱。秋无禾、大饥，饿死逃亡，道瘞相望。各镇立卖人市。——民国十二年《许昌县志》卷十九祥异,,
1877,陕西,,合阳县,1877|陕西|合阳,清德宗光绪三年,无,《郃阳县乡土志》,无,保留,v5,v5,1,0.1429,是,,,,,,合阳县：岁饥，人相食，北乡饥民纠伙劫粮，啸聚渐众。——光绪《郃阳县乡土志》,,
1877,陕西,渭南市,合阳县,1877|陕西|渭南|合阳,清德宗光绪三年,郃阳县,《郃阳县乡土志》,疑似OCR错误，原文为'郃',保留,"v1,v2,v6","v1,v2,v6",3,0.4286,是,,合阳县：岁饥，人相食，北乡饥民纠伙劫粮，啸聚渐众。——光绪《郃阳县乡土志》兵事,合阳县：岁饥，人相食，北乡饥民纠伙劫粮，啸聚渐众。——光绪《郃阳县乡土志》兵事,,,,合阳县：岁饥，人相食，北乡饥民纠伙劫粮，啸聚渐众。——光绪《郃阳县乡土志》兵事,
1877,河南,郑州,郑州市,1877|河南|郑|郑,清德宗光绪三年,无,《郑州志》,无,保留,"v1,v2,v5,v6","v1,v2,v5,v6",4,0.5714,是,,郑州市：春无雨，…本年大饥，人相食，逃亡饿毙，十室九空。——民国《郑州志》卷一祥异,郑州市：春无雨，…本年大饥，人相食，逃亡饿毙，十室九空。——民国《郑州志》卷一祥异,,,郑州市：春无雨，…本年大饥，人相食，逃亡饿毙，十室九空。——民国《郑州志》卷一祥异,郑州市：春无雨，…本年大饥，人相食，逃亡饿毙，十室九空。——民国《郑州志》卷一祥异,
1877,河南,,卢氏县,1877|河南|卢氏,清德宗光绪三年,无,《重修卢氏县志》,无,保留,"v1,v2,v5,v6","v1,v2,v5,v6",4,0.5714,是,,卢氏县：旱，大饥，父子相食，死者不可胜计。——光绪《重修卢氏县志》卷十二祥异,卢氏县：旱，大饥，父子相食，死者不可胜计。——光绪《重修卢氏县志》卷十二祥异,,,卢氏县：旱，大饥，父子相食，死者不可胜计。——光绪《重修卢氏县志》卷十二祥异,卢氏县：旱，大饥，父子相食，死者不可胜计。——光绪《重修卢氏县志》卷十二祥异,
1877,陕西,安康市,紫阳县,1877|陕西|安康|紫阳,清德宗光绪三年,无,《重修紫阳县志》,无,保留,"v1,v2,v5,v6","v1,v2,v5,v6",4,0.5714,是,,紫阳县：旱，草木皆槁，大饥，人相食，道馑相望。——民国《重修紫阳县志》卷五纪事,紫阳县：旱，草木皆槁，大饥，人相食，道馑相望。——民国《重修紫阳县志》卷五纪事,,,紫阳县：旱，草木皆槁，大饥，人相食，道馑相望。——民国《重修紫阳县志》卷五纪事,紫阳县：旱，草木皆槁，大饥，人相食，道馑相望。——民国《重修紫阳县志》卷五纪事,
1877,陕西,,户县,1877|陕西|户,清德宗光绪三年,无,《重修鄂县志》,无,保留,v5,v5,1,0.1429,是,,,,,,户县：大饥，人相食。——民国《重修鄂县志》,,
1877,陕西,西安市,户县,1877|陕西|西安|户,清德宗光绪三年,鄠县,《重修鄂县志》,原文为鄠县，今鄠邑区；疑似OCR错误，原文为'鄠',保留,"v1,v2,v6","v1,v2,v6",3,0.4286,是,,户县：大饥，人相食。——民国《重修鄂县志》卷十杂记,户县：大饥，人相食。——民国《重修鄂县志》卷十杂记,,,,户县：大饥，人相食。——民国《重修鄂县志》卷十杂记,
1877,陕西,,兴平县,1877|陕西|兴平,清德宗光绪三年,无,《重纂兴平县志》,无,保留,v5,v5,1,0.1429,是,,,,,,兴平县：大饥，道馑相望，人几相食。南山之石岁久成灰，形似面粉，饥民襁负归，号曰'神面'，和榆皮制饼曰'神饼'，食之多死。——民国《重纂兴平县志》,,
1877,陕西,咸阳市,兴平县,1877|陕西|咸阳|兴平,清德宗光绪三年,无,《重纂兴平县志》,无,保留,"v1,v2,v6","v1,v2,v6",3,0.4286,是,,兴平县：大饥，道馑相望，人几相食。南山之石岁久成灰，形似面粉，饥民襁负归，号曰'神面'，和榆皮制饼曰'神饼'，食之多死。——民国《重纂兴平县志》卷八祥异,兴平县：大饥，道馑相望，人几相食。南山之石岁久成灰，形似面粉，饥民襁负归，号曰'神面'，和榆皮制饼曰'神饼'，食之多死。——民国《重纂兴平县志》卷八祥异,,,,兴平县：大饥，道馑相望，人几相食。南山之石岁久成灰，形似面粉，饥民襁负归，号曰'神面'，和榆皮制饼曰'神饼'，食之多死。——民国《重纂兴平县志》卷八祥异,
1877,陕西,,靖边县,1877|陕西|靖边,清德宗光绪三年,无,《靖边志稿》,无,保留,v5,v5,1,0.1429,是,,,,,,靖边县：大旱。越明年，荒甚，民啮草根，继食树皮叶，俱尽，又济之以斑白土。土柔无沙，掘地得之，老稚毙于胀，壮者苟免。黠者又往往割饥殍臀以延残喘，甚有屠生人以供餐者。官请发赈，又掘大坑以掩殛骨。每日晡时，饥犬饿狼叫号相闻，掘食残骸，弥散原野间。——光绪《靖边志稿》,,
1877,陕西,榆林,靖边县,1877|陕西|榆林|靖边,清德宗光绪三年,无,《靖边志稿》,无,保留,"v1,v6","v1,v6",2,0.2857,是,,靖边县：大旱。越明年，荒甚，民啮草根，继食树皮叶，俱尽，又济之以斑白土。土柔无沙，掘地得之，老稚毙于胀，壮者苟免。黠者又往往割饥殍臀以延残喘，甚有屠生人以供餐者。官请发赈，又掘大坑以掩殛骨。每日晡时，饥犬饿狼叫号相闻，掘食残骸，弥散原野间。——光绪《靖边志稿》卷四灾劫,,,,,靖边县：大旱。越明年，荒甚，民啮草根，继食树皮叶，俱尽，又济之以斑白土。土柔无沙，掘地得之，老稚毙于胀，壮者苟免。黠者又往往割饥殍臀以延残喘，甚有屠生人以供餐者。官请发赈，又掘大坑以掩殛骨。每日晡时，饥犬饿狼叫号相闻，掘食残骸，弥散原野间。——光绪《靖边志稿》卷四灾劫,
1877,陕西,榆林市,靖边县,1877|陕西|榆林|靖边,清德宗光绪三年,无,《靖边志稿》,无,保留,v2,v2,1,0.1429,是,,,靖边县：大旱。越明年，荒甚，民啮草根，继食树皮叶，俱尽，又济之以斑白土。土柔无沙，掘地得之，老稚毙于胀，壮者苟免。黠者又往往割饥殍臀以延残喘，甚有屠生人以供餐者。官请发赈，又掘大坑以掩殹骨。每日晡时，饥犬饿狼叫号相闻，掘食残骸，弥散原野间。——光绪《靖边志稿》卷四灾劫,,,,,
1877,陕西,延安市,黄陵县,1877|陕西|延安|黄陵,清德宗光绪三年,无,《黄陵县志》,无,保留,"v1,v2,v5,v6","v1,v2,v5,v6",4,0.5714,是,,黄陵县：大饥，旱。草木树皮被食净尽，人相食。——民国《黄陵县志》卷九社会救济,黄陵县：大饥，旱。草木树皮被食净尽，人相食。——民国《黄陵县志》卷九社会救济,,,黄陵县：大饥，旱。草木树皮被食净尽，人相食。——民国《黄陵县志》卷九社会救济,黄陵县：大饥，旱。草木树皮被食净尽，人相食。——民国《黄陵县志》卷九社会救济,
1877,山西,,临县,1877|山西|临,清德宗光绪三年,无,临县志,无,保留,v7,v7,1,0.1429,是,,,,,,,,临县：春，斗米不过五百钱，而麦苗尚称丰茂，农民忍饥缩食，冀有秋。嗷嗷待哺者已不知几千万家，尸骸枕藉，有杀人而食，剃肉而卖者。——民国《临县志》卷十七著述
1877,山西,,乡宁县,1877|山西|乡宁,清德宗光绪三年,无,乡宁县志,无,保留,v7,v7,1,0.1429,是,,,,,,,,乡宁县：三、四年大旱，饿死人民无数，人相食。——民国《乡宁县志》卷八大事记
1877,河南,,修武县,1877|河南|修武,清德宗光绪三年,无,修武县志,无,保留,"v4,v7","v4,v7",2,0.2857,是,,,,,修武县：岁大旱。自四月朔得雨三寸，既而点滴不入土，二麦歉收，秋禾未种。岁大荒，人相食。奏闻，粮缓征，漕免。——民国《修武县志》卷十六祥异,,,修武县：岁大旱。自四月朔得雨三寸，既而点滴不入土，二麦歉收，秋禾未种。岁大荒，人相食。奏闻，粮缓征，漕免。——民国《修武县志》卷十六祥异
1877,河北,,元氏县,1877|河北|元氏,清德宗光绪三年,无,元氏县志,无,保留,v7,v7,1,0.1429,是,,,,,,,,元氏县：荒旱，大饥，人相食，县令请款赈济。——民国《元氏县志》灾祥
1877,山西,,晋城市,1877|山西|晋城,清德宗光绪三年,凤台县,凤台县续志,无,保留,v7,v7,1,0.1429,是,,,,,,,,晋城市：大旱，野无青草，人食树皮草根，牛马鸡犬皆尽，继食人肉，斗米值钱二千五百文。有全室俱毙者，有阖村同尽者。——光绪《凤台县续志》卷四纪事
1877,山西,晋中,太谷县,1877|山西|晋中|太谷,清德宗光绪三年,无,华北、东北近五百年旱涝史料,无,保留,"v6,v7","v6,v7",2,0.2857,是,,,,,,,太谷县：大饥，人相食。——《华北、东北近五百年旱涝史料》第五分册，第32页。,太谷县：大饥，人相食。——《华北、东北近五百年旱涝史料》第五分册，第32页。
1877,山西,晋中,左权县,1877|山西|晋中|左权,清德宗光绪三年,辽州,华北、东北近五百年旱涝史料,无,保留,"v6,v7","v6,v7",2,0.2857,是,,,,,,,左权县：（辽州）自夏五月不雨至次年四月始雨，人相食。——《华北、东北近五百年旱涝史料》第五分册，第32页。,左权县：（辽州）自夏五月不雨至次年四月始雨，人相食。——《华北、东北近五百年旱涝史料》第五分册，第32页。
1877,山西,运城,万荣县,1877|山西|运城|万荣,清德宗光绪三年,无,华北、东北近五百年旱涝史料,无,保留,"v6,v7","v6,v7",2,0.2857,是,,,,,,,万荣县：大旱，人相食。——《华北、东北近五百年旱涝史料》第五分册，第54页。,万荣县：大旱，人相食。——《华北、东北近五百年旱涝史料》第五分册，第54页。
1877,山西,临汾,临汾市,1877|山西|临汾|临汾,清德宗光绪三年,无,华北、东北近五百年旱涝史料,无,保留,"v6,v7","v6,v7",2,0.2857,是,,,,,,,临汾市：大旱荒，人相食。——《华北、东北近五百年旱涝史料》第五分册，第54页。,临汾市：大旱荒，人相食。——《华北、东北近五百年旱涝史料》第五分册，第54页。
1877,山西,临汾,霍县,1877|山西|临汾|霍,清德宗光绪三年,无,华北、东北近五百年旱涝史料,无,保留,"v6,v7","v6,v7",2,0.2857,是,,,,,,,霍县：大旱。春旱。夏无麦。六月份浣几竭，人相食。——《华北、东北近五百年旱涝史料》第五分册，第54页。,霍县：大旱。春旱。夏无麦。六月份浣几竭，人相食。——《华北、东北近五百年旱涝史料》第五分册，第54页。
1877,山西,运城,新绛县,1877|山西|运城|新绛,清德宗光绪三年,无,华北、东北近五百年旱涝史料,无,保留,"v6,v7","v6,v7",2,0.2857,是,,,,,,,新绛县：岁大祲，人相食，九月十六连雨十有八日。——《华北、东北近五百年旱涝史料》第五分册，第54页。,新绛县：岁大祲，人相食，九月十六连雨十有八日。——《华北、东北近五百年旱涝史料》第五分册，第54页。
1877,山西,大同,左云县,1877|山西|大同|左云,清德宗光绪三年,无,华北、东北近五百年旱涝史料,无,保留,"v6,v7","v6,v7",2,0.2857,是,,,,,,,左云县：秋大旱，人相食，道路饿殍盈途。——《华北、东北近五百年旱涝史料》第六分册，第129页。,左云县：秋大旱，人相食，道路饿殍盈途。——《华北、东北近五百年旱涝史料》第六分册，第129页。
1877,内蒙古,,乌盟,1877|内蒙古|乌盟,清德宗光绪三年,无,华北、东北近五百年旱涝史料,原文四个地名并列，已拆分,保留,v7,v7,1,0.1429,是,,,,,,,,乌盟、呼和浩特、包头、清水河县：大旱，以屡成饥，粟贵如珠，百性食糟糠、剥树皮、掘草根，甚至人相食，鬻子女仅得一二食，在襁褓者父母弃之道路不顾而去。商旅不敢独行。饿殍盈野，惨不忍目，其口外各厅亦均亢旱。——《华北、东北近五百年旱涝史料》第六分册，第129页。
1877,内蒙古,,包头,1877|内蒙古|包头,清德宗光绪三年,无,华北、东北近五百年旱涝史料,原文四个地名并列，已拆分,保留,v7,v7,1,0.1429,是,,,,,,,,乌盟、呼和浩特、包头、清水河县：大旱，以屡成饥，粟贵如珠，百性食糟糠、剥树皮、掘草根，甚至人相食，鬻子女仅得一二食，在襁褓者父母弃之道路不顾而去。商旅不敢独行。饿殍盈野，惨不忍目，其口外各厅亦均亢旱。——《华北、东北近五百年旱涝史料》第六分册，第129页。
1877,内蒙古,呼和浩特,呼和浩特,1877|内蒙古|呼和浩特|呼和浩特,清德宗光绪三年,无,华北、东北近五百年旱涝史料,无,保留,"v6,v7","v6,v7",2,0.2857,是,,,,,,,乌盟、呼和浩特、包头、清水河县：大旱，以屡成饥，粟贵如珠，百性食糟糠、剥树皮、掘草根，甚至人相食，鬻子女仅得一二食，在襁褓者父母弃之道路不顾而去。商旅不敢独行。饿殍盈野，惨不忍目，其口外各厅亦均亢旱。——《华北、东北近五百年旱涝史料》第六分册，第129页。,乌盟、呼和浩特、包头、清水河县：大旱，以屡成饥，粟贵如珠，百性食糟糠、剥树皮、掘草根，甚至人相食，鬻子女仅得一二食，在襁褓者父母弃之道路不顾而去。商旅不敢独行。饿殍盈野，惨不忍目，其口外各厅亦均亢旱。——《华北、东北近五百年旱涝史料》第六分册，第129页。
1877,内蒙古,呼和浩特,清水河县,1877|内蒙古|呼和浩特|清水河,清德宗光绪三年,无,华北、东北近五百年旱涝史料,无,保留,"v6,v7","v6,v7",2,0.2857,是,,,,,,,乌盟、呼和浩特、包头、清水河县：大旱，以屡成饥，粟贵如珠，百性食糟糠、剥树皮、掘草根，甚至人相食，鬻子女仅得一二食，在襁褓者父母弃之道路不顾而去。商旅不敢独行。饿殍盈野，惨不忍目，其口外各厅亦均亢旱。——《华北、东北近五百年旱涝史料》第六分册，第129页。,乌盟、呼和浩特、包头、清水河县：大旱，以屡成饥，粟贵如珠，百性食糟糠、剥树皮、掘草根，甚至人相食，鬻子女仅得一二食，在襁褓者父母弃之道路不顾而去。商旅不敢独行。饿殍盈野，惨不忍目，其口外各厅亦均亢旱。——《华北、东北近五百年旱涝史料》第六分册，第129页。
1877,山西,运城,垣曲县,1877|山西|运城|垣曲,清德宗光绪三年,无,华北、东北近五百年旱涝史料,无,保留,"v6,v7","v6,v7",2,0.2857,是,,,,,,,垣曲县：大旱，夏无麦，秋无禾，冬月人相食。——《华北、东北近五百年旱涝史料》第五分册，第54页。,垣曲县：大旱，夏无麦，秋无禾，冬月人相食。——《华北、东北近五百年旱涝史料》第五分册，第54页。
1877,河北,石家庄,井陉县,1877|河北|石家庄|井陉,清德宗光绪三年,无,华北、东北近五百年旱涝史料,无,保留,"v6,v7","v6,v7",2,0.2857,是,,,,,,,井陉县：大旱，岁大荒，人相食。——《华北、东北近五百年旱涝史料》第二分册，第96页。,井陉县：大旱，岁大荒，人相食。——《华北、东北近五百年旱涝史料》第二分册，第96页。
1877,山西,临汾,岳阳县,1877|山西|临汾|岳阳,清德宗光绪三年,无,华北、东北近五百年旱涝史料,无,保留,"v6,v7","v6,v7",2,0.2857,是,,,,,,,岳阳县：大祲，旱，人相食，死无数。——《华北、东北近五百年旱涝史料》第五分册，第54页。,岳阳县：大祲，旱，人相食，死无数。——《华北、东北近五百年旱涝史料》第五分册，第54页。
1877,山西,大同,大同市,1877|山西|大同|大同,清德宗光绪三年,无,华北、东北近五百年旱涝史料,无,保留,"v6,v7","v6,v7",2,0.2857,是,,,,,,,怀仁县、左云县、大同市：大旱。人相食。——《华北、东北近五百年旱涝史料》第五分册，第13页。,怀仁县、左云县、大同市：大旱。人相食。——《华北、东北近五百年旱涝史料》第五分册，第13页。
1877,山西,大同,左云县,1877|山西|大同|左云,清德宗光绪三年,无,华北、东北近五百年旱涝史料,无,保留,"v6,v7","v6,v7",2,0.2857,是,,,,,,,怀仁县、左云县、大同市：大旱。人相食。——《华北、东北近五百年旱涝史料》第五分册，第13页。,怀仁县、左云县、大同市：大旱。人相食。——《华北、东北近五百年旱涝史料》第五分册，第13页。
1877,山西,朔州,怀仁县,1877|山西|朔|怀仁,清德宗光绪三年,无,华北、东北近五百年旱涝史料,无,保留,"v6,v7","v6,v7",2,0.2857,是,,,,,,,怀仁县、左云县、大同市：大旱。人相食。——《华北、东北近五百年旱涝史料》第五分册，第13页。,怀仁县、左云县、大同市：大旱。人相食。——《华北、东北近五百年旱涝史料》第五分册，第13页。
1877,陕西,,华县,1877|陕西|华,清德宗光绪三年,无,华县县志稿,无,保留,v7,v7,1,0.1429,是,,,,,,,,华县：大旱，白崖湖竭。大饥，民失种，人相食，十月开赈。四年，斗粟四千余钱，道雍相望，逃亡者半。——民国《华县县志稿》卷九天灾
1877,陕西,,华阴县,1877|陕西|华阴,清德宗光绪三年,无,华阴县续志,无,保留,v7,v7,1,0.1429,是,,,,,,,,华阴县：大饥，人相食，饿毙人民无数。四月秋禾初登，人民因食而死者又居十之四、五，迄今五十余载，人口犹未复元。——民国《华阴县续志》卷八杂事
1877,四川,,巴中,1877|四川|巴中,清德宗光绪三年,无,南江县志,无,保留,"v4,v7","v4,v7",2,0.2857,是,,,,,巴中：'丁丑岁，川之北亦旱，而巴（巴中）南（南江）通（通江）三州县尤甚。……蔬糠既竭，继以草木，……树皮掘剥殆尽，红籽（某种草之籽）一斗价至一缁，更复啖谷中泥土，俗曰神仙面，……比户萧条，炊烟断缕，鸡犬无声。服鸠投环，堕岩赴洞，轻视其身者日闻于野。父弃其子，夫弃其妻，号哭于路途，转徙于沟壑者，耳目不忍闻睹。……是冬（1877）及次年春，或举家悄毙，或人相残食，饿殍不下数万。' —— 《南江县志》。,,,巴中：'丁丑岁，川之北亦旱，而巴（巴中）南（南江）通（通江）三州县尤甚。……蔬糠既竭，继以草木，……树皮掘剥殆尽，红籽（某种草之籽）一斗价至一缁，更复啖谷中泥土，俗曰神仙面，……比户萧条，炊烟断缕，鸡犬无声。服鸠投环，堕岩赴洞，轻视其身者日闻于野。父弃其子，夫弃其妻，号哭于路途，转徙于沟壑者，耳目不忍闻睹。……是冬（1877）及次年春，或举家悄毙，或人相残食，饿殍不下数万。' —— 《南江县志》。
1877,陕西,,铜川市,1877|陕西|铜川,清德宗光绪三年,同官县,同官县志,无,保留,v7,v7,1,0.1429,是,,,,,,,,铜川市：大饥，人相食，卖妻鬻子，逃甘肃者无数。——民国《同官县志》卷十四合作救济
1877,陕西,,大荔县,1877|陕西|大荔,清德宗光绪三年,无,大荔县续志,无,保留,v7,v7,1,0.1429,是,,,,,,,,大荔县：是年大旱，…。粮价奇贵，斤面钱百十余文，大饥。…十二月有食人者，厉禁之。——光绪《大荔县续志》卷一事征
1877,陕西,,安塞县,1877|陕西|安塞,清德宗光绪三年,无,安塞县志,无,保留,"v4,v7","v4,v7",2,0.2857,是,,,,,安塞县：饥，人相食。饿毙者十室九空。——民国《安塞县志》卷十祥异,,,安塞县：饥，人相食。饿毙者十室九空。——民国《安塞县志》卷十祥异
1877,河北,,定州市,1877|河北|定,清德宗光绪三年,无,定县志,无,保留,v7,v7,1,0.1429,是,,,,,,,,定州市：大旱，岁饥，有人相食者，饿殍满路。——民国《定县志》卷二十二祥异
1877,河南,,密县,1877|河南|密,清德宗光绪三年,无,密县志,无,保留,"v4,v7","v4,v7",2,0.2857,是,,,,,密县：大饥，道雍相望，人相食。——民国《密县志》卷十九祥异,,,密县：大饥，道雍相望，人相食。——民国《密县志》卷十九祥异
1877,陕西,,富平县,1877|陕西|富平,清德宗光绪三年,无,富平县志稿,无,保留,v7,v7,1,0.1429,是,,,,,,,,富平县：大饥，人相食。——光绪《富平县志稿》卷十祥异
1877,河南,,封丘县,1877|河南|封丘,清德宗光绪三年,无,封丘县续志,无,保留,"v4,v7","v4,v7",2,0.2857,是,,,,,封丘县：大饥，人相食，赈济。——民国《封丘县续志》卷一通纪,,,封丘县：大饥，人相食，赈济。——民国《封丘县续志》卷一通纪
1877,河南,,嵩县,1877|河南|嵩,清德宗光绪三年,无,嵩县志,无,保留,"v4,v7","v4,v7",2,0.2857,是,,,,,嵩县：丁丑，戊寅之年岁大祲，半西北天下连年抗旱，赤地千里。河南斗谷二千钱有奇，秦晋三倍之。父子兄弟骨肉相食者，不可以数计。以吾嵩论，死者十之四五，山谷居民十室而九空，乡村妇女贩卖略尽，饥民流亡，弃男抛女者伤心惨目。——光绪《嵩县志》卷六祥异,,,嵩县：丁丑，戊寅之年岁大祲，半西北天下连年抗旱，赤地千里。河南斗谷二千钱有奇，秦晋三倍之。父子兄弟骨肉相食者，不可以数计。以吾嵩论，死者十之四五，山谷居民十室而九空，乡村妇女贩卖略尽，饥民流亡，弃男抛女者伤心惨目。——光绪《嵩县志》卷六祥异
1877,河南,,巩县,1877|河南|巩,清德宗光绪三年,无,巩县志,无,保留,"v4,v7","v4,v7",2,0.2857,是,,,,,巩县：大旱，中原赤地千里，黔黎走死无所，秋冬大饥，人相食。自去冬至是春，民间以麦苗、榆皮无不食，渐及树叶、蒺藜。秋冬后多常鬻妻弃子，杀戮牛马六畜，甚有食及同类者，饿殍横野，流亡载道，村落为墟。——民国《巩县志》卷五大事记,,,巩县：大旱，中原赤地千里，黔黎走死无所，秋冬大饥，人相食。自去冬至是春，民间以麦苗、榆皮无不食，渐及树叶、蒺藜。秋冬后多常鬻妻弃子，杀戮牛马六畜，甚有食及同类者，饿殍横野，流亡载道，村落为墟。——民国《巩县志》卷五大事记
1877,山西,,平陆县,1877|山西|平陆,清德宗光绪三年,无,平陆县续志,无,保留,v7,v7,1,0.1429,是,,,,,,,,平陆县：自春徂冬二百余日无雨，秋夏不收，宿麦未种。斗米五两零，草根树皮尽，父子相食，人死十之八、九。十月大风，奇冷，井冰。——光绪《平陆县续志》卷下杂志
1877,山西,,文水县,1877|山西|文水,清德宗光绪三年,无,文水县志,无,保留,v7,v7,1,0.1429,是,,,,,,,,文水县：大饥。冬，人相食，开仓赈济。——光绪《文水县志》卷一祥异
1877,河南,,新乡县,1877|河南|新乡,清德宗光绪三年,无,新乡县续志,无,保留,"v4,v7","v4,v7",2,0.2857,是,,,,,新乡县：大旱，麦秋全无，赤地千里，流亡载道，饿殍塞途，人相食。——民国《新乡县续志》卷四祥异,,,新乡县：大旱，麦秋全无，赤地千里，流亡载道，饿殍塞途，人相食。——民国《新乡县续志》卷四祥异
1877,山西,,曲沃县,1877|山西|曲沃,清德宗光绪三年,无,新修曲沃县志,无,保留,v7,v7,1,0.1429,是,,,,,,,,曲沃县：春旱，夏无麦。六月份、浣几竭。秋八月雨雹。冬大饥，人相食，米麦石二十余金。——民国《新修曲沃县志》卷三十灾祥
1877,河南,,新安县,1877|河南|新安,清德宗光绪三年,无,新安县志,无,保留,"v4,v7","v4,v7",2,0.2857,是,,,,,新安县：二月初六日，西北风吹折吕氏科第石坊。是年大祲，父子相食，儿子村落为墟。——民国《新安县志》卷十五祥异,,,新安县：二月初六日，西北风吹折吕氏科第石坊。是年大祲，父子相食，儿子村落为墟。——民国《新安县志》卷十五祥异
1877,陕西,,渭南市,1877|陕西|渭南,清德宗光绪三年,无,新续渭南县志,无,保留,v7,v7,1,0.1429,是,,,,,,,,渭南市：三、四年大旱，无麦禾。斗麦四五千钱，道雍相望，人相食，剥榆皮屑而啖之，人多黄瘦死，有坐守空屋待毙者。——光绪《新续渭南县志》卷十一禩祥
1877,河南,,方城县,1877|河南|方城,清德宗光绪三年,无,方城县志,无,保留,"v4,v7","v4,v7",2,0.2857,是,,,,,方城县：大旱，赤地千里，裕北数郡皆灾，人相食，道馑相望，未闻赈恤。是年五月不雨，至次年三月始雨。——民国《方城县志》卷五灾异,,,方城县：大旱，赤地千里，裕北数郡皆灾，人相食，道馑相望，未闻赈恤。是年五月不雨，至次年三月始雨。——民国《方城县志》卷五灾异
1877,河南,,林县,1877|河南|林,清德宗光绪三年,无,林县志,无,保留,"v4,v7","v4,v7",2,0.2857,是,,,,,林县：大饥，斗米一千三百文，人相食。蠲免钱粮，发栗赈济。——民国《林县志》卷十四大事表,,,林县：大饥，斗米一千三百文，人相食。蠲免钱粮，发栗赈济。——民国《林县志》卷十四大事表
1877,陕西,,榆林县,1877|陕西|榆林,清德宗光绪三年,无,榆林县志,无,保留,v7,v7,1,0.1429,是,,,,,,,,榆林县：大旱，人相食。饥民多疫死。总兵官谭仁芳捐廉五万两大赈，兵备道童兆蓉请款办赈，全活无算。——民国《榆林县志》卷十祥异
1877,河北,,武安县,1877|河北|武安,清德宗光绪三年,无,武安县志,无,保留,v7,v7,1,0.1429,是,,,,,,,,武安县：岁大饥，人相食。春夏亢旱，地未播种，斗米千钱，人相食，街市行人倒地即毙，饿殍满目，死亡载道，卖妻鬻子，流离四方者，指不胜计。一家数口同时饿毙者所在多有，可谓未有之浩劫。——民国《武安县志》卷一大事记
1877,河南,,武陟县,1877|河南|武陟,清德宗光绪三年,无,武陟县志,无,保留,"v4,v7","v4,v7",2,0.2857,是,,,,,武陟县：大饥，人相食。——民国《武陟县志》卷二沿革,,,武陟县：大饥，人相食。——民国《武陟县志》卷二沿革
1877,陕西,,洛川县,1877|陕西|洛川,清德宗光绪三年,无,洛川县志,无,保留,"v4,v7","v4,v7",2,0.2857,是,,,,,洛川县：大饥，草木俱尽，人相食，十亡八、九。是后连年旱灾兵荒，迭奉蠲免。——民国《洛川县志》卷十三,,,洛川县：大饥，草木俱尽，人相食，十亡八、九。是后连年旱灾兵荒，迭奉蠲免。——民国《洛川县志》卷十三
1877,山西,,洪洞县,1877|山西|洪洞,清德宗光绪三年,无,洪洞县志稿,无,保留,v7,v7,1,0.1429,是,,,,,,,,洪洞县：岁大祲，斗米卖银三两余，树皮革根剥掘殆尽，人相食，饿殍盈途，目不忍睹，诚古今罕见。——光绪《洪洞县志稿》卷十六杂记
1877,陕西,,旬阳县,1877|陕西|旬阳,清德宗光绪三年,洵阳县,洵阳县志,无,保留,"v4,v7","v4,v7",2,0.2857,是,,,,,旬阳县：春，鼠食禾苗。大旱，金河竭，秋禾萎。冬，果木开花，竹笋成林。岁大荒，人相食。——光绪《洵阳县志》卷十四杂志,,,旬阳县：春，鼠食禾苗。大旱，金河竭，秋禾萎。冬，果木开花，竹笋成林。岁大荒，人相食。——光绪《洵阳县志》卷十四杂志
1877,陕西,,浦城县,1877|陕西|浦城,清德宗光绪三年,无,浦城县县新志,无,保留,v7,v7,1,0.1429,是,,,,,,,,浦城县：大饥，人相食。至四年夏饿毙者三之二。——光绪《浦城县县新志》卷十三祥异
1877,河南,,渑池县,1877|河南|渑池,清德宗光绪三年,无,渑池县志,无,保留,"v4,v7","v4,v7",2,0.2857,是,,,,,渑池县：春不雨，至四年三月始雨。…斗米五千钱，父子相食。——民国《渑池县志》卷十九祥异,,,渑池县：春不雨，至四年三月始雨。…斗米五千钱，父子相食。——民国《渑池县志》卷十九祥异
1877,陕西,,澄城县,1877|陕西|澄城,清德宗光绪三年,无,澄城县附志,无,保留,v7,v7,1,0.1429,是,,,,,,,,澄城县：大饥，人相食。死者十之六、七。——民国《澄城县附志》卷十一大事记
1877,河南,,禹县,1877|河南|禹,清德宗光绪三年,无,禹县志,无,保留,"v4,v7","v4,v7",2,0.2857,是,,,,,禹县：大旱，夏无麦，秋无禾。冬大饥，人相食。——民国《禹县志》卷二大事纪,,,禹县：大旱，夏无麦，秋无禾。冬大饥，人相食。——民国《禹县志》卷二大事纪
1877,山西,,绛县,1877|山西|绛,清德宗光绪三年,无,绛县志,无,保留,v7,v7,1,0.1429,是,,,,,,,,绛县：大旱。夏麦薄收，秋苗焦死，草尽枯。…先犹宰食牲畜，继而树皮、草根、薪蒸、土石等类杂充饥肠，甚至剥遗尸，刨掩骸，残骨肉，食生人，饥死十之四五。——光绪六年《绛县志》卷十二祥异
1877,陕西,,绥德县,1877|陕西|绥德,清德宗光绪三年,绥德直隶州,绥德直隶州志,无,保留,"v4,v7","v4,v7",2,0.2857,是,,,,,绥德县：岁大饥，人相食，饿殍载道。设赈粥饥年余。——光绪《绥德直隶州志》卷三祥异,,,绥德县：岁大饥，人相食，饿殍载道。设赈粥饥年余。——光绪《绥德直隶州志》卷三祥异
1877,山西,,稷山县,1877|山西|稷山,清德宗光绪三年,无,续修稷山县志,无,保留,v7,v7,1,0.1429,是,,,,,,,,稷山县：秋大祲，赤地千里，…。冬，盗发冢，祖孙父子母女夫妇兄弟相食，道馑相望。闾左枯骨成丘，庐舍拆毁无数，县北附山村落有尽数饿毙或十之七八。——光绪《续修稷山县志》卷一祥异
1877,陕西,,蓝田县,1877|陕西|蓝田,清德宗光绪三年,无,续修蓝田县志,无,保留,v7,v7,1,0.1429,是,,,,,,,,蓝田县：岁大祲，斗米值银二两，民饥甚，榆皮草根剥食殆尽。三里镇有食其子及人相食者。——民国《续修蓝田县志》卷三纪事
1877,山西,,隰县,1877|山西|隰,清德宗光绪三年,隰州,续修隰州志,无,保留,v7,v7,1,0.1429,是,,,,,,,,隰县：夏秋无雨，禾苗槁，寸草皆枯，斗米价银三两，树皮干泥争购于市，死者以万计。冬严寒异常，人相食，至有骨肉相残者。——光绪《续修隰州志》卷四祥异
1877,河南,,获嘉县,1877|河南|获嘉,清德宗光绪三年,无,获嘉县志,无,保留,"v4,v7","v4,v7",2,0.2857,是,,,,,获嘉县：久旱不雨，岁大饥，人相食。漕粮缓征。——民国《获嘉县志》卷十七祥异,,,获嘉县：久旱不雨，岁大饥，人相食。漕粮缓征。——民国《获嘉县志》卷十七祥异
1877,陕西,,佳县,1877|陕西|佳,清德宗光绪三年,葭州,葭州志,无,保留,v7,v7,1,0.1429,是,,,,,,,,佳县：岁大饥，人相食。——光绪《葭州志》灾祥
1877,山西,,永济县,1877|山西|永济,清德宗光绪三年,虞乡县,虞乡县志,无,保留,v7,v7,1,0.1429,是,,,,,,,,永济县：春疫。夏无麦。…大祲，斗米数金，田亩鬻钱百余文，民屋拆毁殆尽，食树皮草根。…时饿殍枕藉，人相食，冬初发帑栽漕赈之，诏免地丁银。——光绪《虞乡县志》卷一祥异
1877,陕西,,西乡县,1877|陕西|西乡,清德宗光绪三年,无,西乡县志,无,保留,"v4,v7","v4,v7",2,0.2857,是,,,,,西乡县：荒旱奇重，人相食，饿殍载道。——民国《西乡县志》灾禦,,,西乡县：荒旱奇重，人相食，饿殍载道。——民国《西乡县志》灾禦
1877,河南,,许昌县,1877|河南|许昌,清德宗光绪三年,无,许昌县志,无,保留,v4,v4,1,0.1429,是,,,,,许昌县：大旱。秋无禾、大饥，饿死逃亡，道瘞相望。各镇立卖人市。——民国十二年《许昌县志》卷十九祥异,,,
1877,陕西,,合阳县,1877|陕西|合阳,清德宗光绪三年,郃阳县,郃阳县乡土志,无,保留,v7,v7,1,0.1429,是,,,,,,,,合阳县：岁饥，人相食，北乡饥民纠伙劫粮，啸聚渐众。——光绪《郃阳县乡土志》兵事
1877,河南,郑州,郑州,1877|河南|郑|郑,清德宗光绪三年,无,郑州志,无,保留,"v4,v7","v4,v7",2,0.2857,是,,,,,郑州市：春无雨，…本年大饥，人相食，逃亡饿毙，十室九空。——民国《郑州志》卷一祥异,,,郑州市：春无雨，…本年大饥，人相食，逃亡饿毙，十室九空。——民国《郑州志》卷一祥异
1877,河南,,卢氏县,1877|河南|卢氏,清德宗光绪三年,无,重修卢氏县志,无,保留,"v4,v7","v4,v7",2,0.2857,是,,,,,卢氏县：旱，大饥，父子相食，死者不可胜计。——光绪《重修卢氏县志》卷十二祥异,,,卢氏县：旱，大饥，父子相食，死者不可胜计。——光绪《重修卢氏县志》卷十二祥异
1877,陕西,,紫阳县,1877|陕西|紫阳,清德宗光绪三年,无,重修紫阳县志,无,保留,"v4,v7","v4,v7",2,0.2857,是,,,,,紫阳县：旱，草木皆槁，大饥，人相食，道馑相望。——民国《重修紫阳县志》卷五纪事,,,紫阳县：旱，草木皆槁，大饥，人相食，道馑相望。——民国《重修紫阳县志》卷五纪事
1877,陕西,,户县,1877|陕西|户,清德宗光绪三年,鄂县,重修鄂县志,无,保留,v7,v7,1,0.1429,是,,,,,,,,户县：大饥，人相食。——民国《重修鄂县志》卷十杂记
1877,陕西,,兴平县,1877|陕西|兴平,清德宗光绪三年,无,重纂兴平县志,无,保留,v7,v7,1,0.1429,是,,,,,,,,兴平县：大饥，道馑相望，人几相食。南山之石岁久成灰，形似面粉，饥民襁负归，号曰'神面'，和榆皮制饼曰'神饼'，食之多死。——民国《重纂兴平县志》卷八祥异
1877,陕西,,靖边县,1877|陕西|靖边,清德宗光绪三年,无,靖边志稿,无,保留,v7,v7,1,0.1429,是,,,,,,,,靖边县：大旱。越明年，荒甚，民啮草根，继食树皮叶，俱尽，又济之以斑白土。土柔无沙，掘地得之，老稚毙于胀，壮者苟免。黠者又往往割饥殍臀以延残喘，甚有屠生人以供餐者。官请发赈，又掘大坑以掩殛骨。每日晡时，饥犬饿狼叫号相闻，掘食残骸，弥散原野间。——光绪《靖边志稿》卷四灾劫
1877,陕西,,黄陵县,1877|陕西|黄陵,清德宗光绪三年,无,黄陵县志,无,保留,"v4,v7","v4,v7",2,0.2857,是,,,,,黄陵县：大饥，旱。草木树皮被食净尽，人相食。——民国《黄陵县志》卷九社会救济,,,黄陵县：大饥，旱。草木树皮被食净尽，人相食。——民国《黄陵县志》卷九社会救济
1878,山西,临汾市,临汾县,1878|山西|临汾|临汾,清德宗光绪四年,无,《临汾县志》,无,保留,"v1,v2,v3,v4,v5,v6","v1,v2,v3,v4,v5,v6",6,0.8571,是,,临汾市：大祲，人相食，赤地千里，饿殍盈野，瘟疫盛行，死亡过半。——民国《临汾县志》卷六杂记,临汾市：大祲，人相食，赤地千里，饿殍盈野，瘟疫盛行，死亡过半。——民国《临汾县志》卷六杂记,临汾市：大祲，人相食，赤地千里，饿殍盈野，瘟疫盛行，死亡过半。——民国《临汾县志》卷六杂记,临汾市：大祲，人相食，赤地千里，饿殍盈野，瘟疫盛行，死亡过半。——民国《临汾县志》卷六杂记,临汾市：大祲，人相食，赤地千里，饿殍盈野，瘟疫盛行，死亡过半。——民国《临汾县志》卷六杂记,临汾市：大祲，人相食，赤地千里，饿殍盈野，瘟疫盛行，死亡过半。——民国《临汾县志》卷六杂记,
1878,山西,临汾市,乡宁县,1878|山西|临汾|乡宁,清德宗光绪四年,无,《乡宁县志》,无,保留,"v1,v2,v3,v4,v5,v6","v1,v2,v3,v4,v5,v6",6,0.8571,是,,乡宁县：三、四年大旱，饿死人民无数，人相食。——民国《乡宁县志》卷八大事记,乡宁县：三、四年大旱，饿死人民无数，人相食。——民国《乡宁县志》卷八大事记,乡宁县：三、四年大旱，饿死人民无数，人相食。——民国《乡宁县志》卷八大事记,乡宁县：三、四年大旱，饿死人民无数，人相食。——民国《乡宁县志》卷八大事记,乡宁县：三、四年大旱，饿死人民无数，人相食。——民国《乡宁县志》卷八大事记,乡宁县：三、四年大旱，饿死人民无数，人相食。——民国《乡宁县志》卷八大事记,
1878,陕西,咸阳市,乾县,1878|陕西|咸阳|乾,清德宗光绪四年,无,《乾州志稿》,无,保留,"v1,v2,v4,v5,v6","v1,v2,v4,v5,v6",5,0.7143,是,,乾县：粮价奇昂，饿殍盈路，人相食。四月始秒雨。——光绪《乾州志稿》卷一事录,乾县：粮价奇昂，饿殍盈路，人相食。四月始秒雨。——光绪《乾州志稿》卷一事录,,乾县：粮价奇昂，饿殍盈路，人相食。四月始秒雨。——光绪《乾州志稿》卷一事录,乾县：粮价奇昂，饿殍盈路，人相食。四月始秒雨。——光绪《乾州志稿》卷一事录,乾县：粮价奇昂，饿殍盈路，人相食。四月始秒雨。——光绪《乾州志稿》卷一事录,
1878,山西,临汾市,吉县,1878|山西|临汾|吉,清德宗光绪四年,无,《吉州全志》,无,保留,"v1,v2,v3,v4,v5,v6","v1,v2,v3,v4,v5,v6",6,0.8571,是,,吉县：大祲，夏无麦。人食树皮草根，食人肉，死者数万。——光绪《吉州全志》卷七祥异,吉县：大祲，夏无麦。人食树皮草根，食人肉，死者数万。——光绪《吉州全志》卷七祥异,吉县：大祲，夏无麦。人食树皮草根，食人肉，死者数万。——光绪《吉州全志》卷七祥异,吉县：大祲，夏无麦。人食树皮草根，食人肉，死者数万。——光绪《吉州全志》卷七祥异,吉县：大祲，夏无麦。人食树皮草根，食人肉，死者数万。——光绪《吉州全志》卷七祥异,吉县：大祲，夏无麦。人食树皮草根，食人肉，死者数万。——光绪《吉州全志》卷七祥异,
1878,山西,长治市,壶关县,1878|山西|长治|壶关,清德宗光绪四年,无,《壶关县续志》,无,保留,v1,v1,1,0.1429,是,,壶关县：夏无麦，斗米一千六百，大饥，人相食。——光绪《壶关县续志》上纪事,,,,,,
1878,山西,,壶关县,1878|山西|壶关,清德宗光绪四年,无,《壶关县续志》,无,保留,"v2,v3,v4,v5,v6","v2,v3,v4,v5,v6",5,0.7143,是,,,壶关县：夏无麦，斗米一千六百，大饥，人相食。——光绪《壶关县续志》卷上纪事,壶关县：夏无麦，斗米一千六百，大饥，人相食。——光绪《壶关县续志》卷上纪事,壶关县：夏无麦，斗米一千六百，大饥，人相食。——光绪《壶关县续志》卷上纪事,壶关县：夏无麦，斗米一千六百，大饥，人相食。——光绪《壶关县续志》卷上纪事,壶关县：夏无麦，斗米一千六百，大饥，人相食。——光绪《壶关县续志》卷上纪事,
1878,山西,临汾市,大宁县,1878|山西|临汾|大宁,清德宗光绪四年,无,《大宁县志》,无,保留,"v1,v2,v3,v4,v5,v6","v1,v2,v3,v4,v5,v6",6,0.8571,是,,大宁县：岁荐饥，斗米三两，饿殍盈野，人相食。——光绪《大宁县志》卷七灾异,大宁县：岁荐饥，斗米三两，饿殍盈野，人相食。——光绪《大宁县志》卷七灾异,大宁县：岁荐饥，斗米三两，饿殍盈野，人相食。——光绪《大宁县志》卷七灾异,大宁县：岁荐饥，斗米三两，饿殍盈野，人相食。——光绪《大宁县志》卷七灾异,大宁县：岁荐饥，斗米三两，饿殍盈野，人相食。——光绪《大宁县志》卷七灾异,大宁县：岁荐饥，斗米三两，饿殍盈野，人相食。——光绪《大宁县志》卷七灾异,
1878,陕西,商洛市,柞水县,1878|陕西|商洛|柞水,清德宗光绪四年,无,《孝义厅志》,无,保留,"v1,v2,v4,v5,v6","v1,v2,v4,v5,v6",5,0.7143,是,,柞水县：大饥，人相食，斗栗价银一两余。——光绪《孝义厅志》卷十二灾异,柞水县：大饥，人相食，斗栗价银一两余。——光绪《孝义厅志》卷十二灾异,,柞水县：大饥，人相食，斗栗价银一两余。——光绪《孝义厅志》卷十二灾异,柞水县：大饥，人相食，斗栗价银一两余。——光绪《孝义厅志》卷十二灾异,柞水县：大饥，人相食，斗栗价银一两余。——光绪《孝义厅志》卷十二灾异,
1878,山西,吕梁市,孝义县,1878|山西|吕梁|孝义,清德宗光绪四年,无,《孝义县续志》,无,保留,"v1,v2,v3,v4,v5,v6","v1,v2,v3,v4,v5,v6",6,0.8571,是,,孝义县：困益甚，旱亦益甚。阖邑赤地无青草，斗粟钱三千，四野哀鸿嗷嗷，草根树皮挂掘殆尽，渐乃道馑相望，人相食。——光绪《孝义县续志》卷一祥异,孝义县：困益甚，旱亦益甚。阖邑赤地无青草，斗粟钱三千，四野哀鸿嗷嗷，草根树皮挂掘殆尽，渐乃道馑相望，人相食。——光绪《孝义县续志》卷一祥异,孝义县：困益甚，旱亦益甚。阖邑赤地无青草，斗粟钱三千，四野哀鸿嗷嗷，草根树皮挂掘殆尽，渐乃道馑相望，人相食。——光绪《孝义县续志》卷一祥异,孝义县：困益甚，旱亦益甚。阖邑赤地无青草，斗粟钱三千，四野哀鸿嗷嗷，草根树皮挂掘殆尽，渐乃道馑相望，人相食。——光绪《孝义县续志》卷一祥异,孝义县：困益甚，旱亦益甚。阖邑赤地无青草，斗粟钱三千，四野哀鸿嗷嗷，草根树皮挂掘殆尽，渐乃道馑相望，人相食。——光绪《孝义县续志》卷一祥异,孝义县：困益甚，旱亦益甚。阖邑赤地无青草，斗粟钱三千，四野哀鸿嗷嗷，草根树皮挂掘殆尽，渐乃道馑相望，人相食。——光绪《孝义县续志》卷一祥异,
1878,山西,阳泉市,孟县,1878|山西|阳泉|孟,清德宗光绪四年,无,《孟县志》,无,保留,"v1,v2,v3,v4,v5,v6","v1,v2,v3,v4,v5,v6",6,0.8571,是,,孟县：大荒旱，人相食，道雍相望。九月霖雨，谷尽黑，味亦变。——光绪《孟县志》卷五灾异,孟县：大荒旱，人相食，道雍相望。九月霖雨，谷尽黑，味亦变。——光绪《孟县志》卷五灾异,孟县：大荒旱，人相食，道雍相望。九月霖雨，谷尽黑，味亦变。——光绪《孟县志》卷五灾异,孟县：大荒旱，人相食，道雍相望。九月霖雨，谷尽黑，味亦变。——光绪《孟县志》卷五灾异,孟县：大荒旱，人相食，道雍相望。九月霖雨，谷尽黑，味亦变。——光绪《孟县志》卷五灾异,孟县：大荒旱，人相食，道雍相望。九月霖雨，谷尽黑，味亦变。——光绪《孟县志》卷五灾异,
1878,河南,洛阳市,宜阳县,1878|河南|洛阳|宜阳,清德宗光绪四年,无,《宜阳县志》,无,保留,"v1,v2,v3,v4,v5,v6","v1,v2,v3,v4,v5,v6",6,0.8571,是,,宜阳县：春，斛谷万钱，人相食，甚至母食子肉，弟口兄骨，先死者一家聚食，继死者以次吞啖，虽有情不忍食者，亦不敢野葬，穴圹于家，暂掩其尸。——光绪《宜阳县志》卷二祥异,宜阳县：春，斛谷万钱，人相食，甚至母食子肉，弟口兄骨，先死者一家聚食，继死者以次吞啖，虽有情不忍食者，亦不敢野葬，穴圹于家，暂掩其尸。——光绪《宜阳县志》卷二祥异,宜阳县：春，斛谷万钱，人相食，甚至母食子肉，弟口兄骨，先死者一家聚食，继死者以次吞啖，虽有情不忍食者，亦不敢野葬，穴圹于家，暂掩其尸。——光绪《宜阳县志》卷二祥异,宜阳县：春，斛谷万钱，人相食，甚至母食子肉，弟口兄骨，先死者一家聚食，继死者以次吞啖，虽有情不忍食者，亦不敢野葬，穴圹于家，暂掩其尸。——光绪《宜阳县志》卷二祥异,宜阳县：春，斛谷万钱，人相食，甚至母食子肉，弟口兄骨，先死者一家聚食，继死者以次吞啖，虽有情不忍食者，亦不敢野葬，穴圹于家，暂掩其尸。——光绪《宜阳县志》卷二祥异,宜阳县：春，斛谷万钱，人相食，甚至母食子肉，弟口兄骨，先死者一家聚食，继死者以次吞啖，虽有情不忍食者，亦不敢野葬，穴圹于家，暂掩其尸。——光绪《宜阳县志》卷二祥异,
1878,陕西,渭南市,富平县,1878|陕西|渭南|富平,清德宗光绪四年,无,《富平县志稿》,无,保留,"v1,v2,v4,v5,v6","v1,v2,v4,v5,v6",5,0.7143,是,,富平县：大饥，人相食。——光绪《富平县志稿》卷十祥异,富平县：大饥，人相食。——光绪《富平县志稿》卷十祥异,,富平县：大饥，人相食。——光绪《富平县志稿》卷十祥异,富平县：大饥，人相食。——光绪《富平县志稿》卷十祥异,富平县：大饥，人相食。——光绪《富平县志稿》卷十祥异,
1878,山西,长治市,屯留县,1878|山西|长治|屯留,清德宗光绪四年,无,《屯留县志》,无,保留,"v1,v2,v3,v4,v5,v6","v1,v2,v3,v4,v5,v6",6,0.8571,是,,屯留县：春不雨，夏无麦，斗米钱一千四百有奇。人相食，疫大作，自夏及秋死者甚众。——光绪《屯留县志》卷一祥异,屯留县：春不雨，夏无麦，斗米钱一千四百有奇。人相食，疫大作，自夏及秋死者甚众。——光绪《屯留县志》卷一祥异,屯留县：春不雨，夏无麦，斗米钱一千四百有奇。人相食，疫大作，自夏及秋死者甚众。——光绪《屯留县志》卷一祥异,屯留县：春不雨，夏无麦，斗米钱一千四百有奇。人相食，疫大作，自夏及秋死者甚众。——光绪《屯留县志》卷一祥异,屯留县：春不雨，夏无麦，斗米钱一千四百有奇。人相食，疫大作，自夏及秋死者甚众。——光绪《屯留县志》卷一祥异,屯留县：春不雨，夏无麦，斗米钱一千四百有奇。人相食，疫大作，自夏及秋死者甚众。——光绪《屯留县志》卷一祥异,
1878,陕西,榆林市,府谷县,1878|陕西|榆林|府谷,清德宗光绪四年,无,《府谷县志》,无,保留,"v1,v2,v3,v4,v5,v6","v1,v2,v3,v4,v5,v6",6,0.8571,是,,府谷县：春大疫。斗米钱二千四百文，人相食，死亡载道。是年大稔，子遗赖以全活。——民国《府谷县志》卷八大事记,府谷县：春大疫。斗米钱二千四百文，人相食，死亡载道。是年大稔，子遗赖以全活。——民国《府谷县志》卷八大事记,府谷县：春大疫。斗米钱二千四百文，人相食，死亡载道。是年大稔，子遗赖以全活。——民国《府谷县志》卷八大事记,府谷县：春大疫。斗米钱二千四百文，人相食，死亡载道。是年大稔，子遗赖以全活。——民国《府谷县志》卷八大事记,府谷县：春大疫。斗米钱二千四百文，人相食，死亡载道。是年大稔，子遗赖以全活。——民国《府谷县志》卷八大事记,府谷县：春大疫。斗米钱二千四百文，人相食，死亡载道。是年大稔，子遗赖以全活。——民国《府谷县志》卷八大事记,
1878,河南,周口市,扶沟县,1878|河南|周口|扶沟,清德宗光绪四年,无,《扶沟县志》,无,保留,"v1,v2,v3,v4,v5,v6","v1,v2,v3,v4,v5,v6",6,0.8571,是,,扶沟县：春大饥，人相食。先是二年即忧旱，麦禾皆歉收。三年旱益甚。四年春大饥，山西及河南北尤甚，流亡络绎于道，斗米千余钱，继之以疫死者甚众。——光绪《扶沟县志》卷十五灾祥,扶沟县：春大饥，人相食。先是二年即忧旱，麦禾皆歉收。三年旱益甚。四年春大饥，山西及河南北尤甚，流亡络绎于道，斗米千余钱，继之以疫死者甚众。——光绪《扶沟县志》卷十五灾祥,扶沟县：春大饥，人相食。先是二年即忧旱，麦禾皆歉收。三年旱益甚。四年春大饥，山西及河南北尤甚，流亡络绎于道，斗米千余钱，继之以疫死者甚众。——光绪《扶沟县志》卷十五灾祥,扶沟县：春大饥，人相食。先是二年即忧旱，麦禾皆歉收。三年旱益甚。四年春大饥，山西及河南北尤甚，流亡络绎于道，斗米千余钱，继之以疫死者甚众。——光绪《扶沟县志》卷十五灾祥,扶沟县：春大饥，人相食。先是二年即忧旱，麦禾皆歉收。三年旱益甚。四年春大饥，山西及河南北尤甚，流亡络绎于道，斗米千余钱，继之以疫死者甚众。——光绪《扶沟县志》卷十五灾祥,扶沟县：春大饥，人相食。先是二年即忧旱，麦禾皆歉收。三年旱益甚。四年春大饥，山西及河南北尤甚，流亡络绎于道，斗米千余钱，继之以疫死者甚众。——光绪《扶沟县志》卷十五灾祥,
1878,山西,吕梁市,文水县,1878|山西|吕梁|文水,清德宗光绪四年,无,《文水县志》,无,保留,"v1,v2,v3,v4,v5,v6","v1,v2,v3,v4,v5,v6",6,0.8571,是,,文水县：旱，大疫。三月二十八日大风霾。自三年四月至四年夏尽不雨，大地无禾，斗米三千五百文，人相食，途无敢独行者。——光绪《文水县志》卷一祥异,文水县：旱，大疫。三月二十八日大风霾。自三年四月至四年夏尽不雨，大地无禾，斗米三千五百文，人相食，途无敢独行者。——光绪《文水县志》卷一祥异,文水县：旱，大疫。三月二十八日大风霾。自三年四月至四年夏尽不雨，大地无禾，斗米三千五百文，人相食，途无敢独行者。——光绪《文水县志》卷一祥异,文水县：旱，大疫。三月二十八日大风霾。自三年四月至四年夏尽不雨，大地无禾，斗米三千五百文，人相食，途无敢独行者。——光绪《文水县志》卷一祥异,文水县：旱，大疫。三月二十八日大风霾。自三年四月至四年夏尽不雨，大地无禾，斗米三千五百文，人相食，途无敢独行者。——光绪《文水县志》卷一祥异,文水县：旱，大疫。三月二十八日大风霾。自三年四月至四年夏尽不雨，大地无禾，斗米三千五百文，人相食，途无敢独行者。——光绪《文水县志》卷一祥异,
1878,山西,运城市,新绛县,1878|山西|运城|新绛,清德宗光绪四年,无,《新绛县志》,无,保留,"v1,v2,v3,v4,v5,v6","v1,v2,v3,v4,v5,v6",6,0.8571,是,,新绛县：大祲，人相食。——民国《新绛县志》卷十旧闻,新绛县：大祲，人相食。——民国《新绛县志》卷十旧闻,新绛县：大祲，人相食。——民国《新绛县志》卷十旧闻,新绛县：大祲，人相食。——民国《新绛县志》卷十旧闻,新绛县：大祲，人相食。——民国《新绛县志》卷十旧闻,新绛县：大祲，人相食。——民国《新绛县志》卷十旧闻,
1878,陕西,咸阳市,永寿县,1878|陕西|咸阳|永寿,清德宗光绪四年,无,《永寿县重修新志》,无,保留,"v1,v2,v4,v5,v6","v1,v2,v4,v5,v6",5,0.7143,是,,永寿县：粮价奇昂，饿殍盈路，人相食。四月始秒雨。——光绪《永寿县重修新志》卷十述异,永寿县：粮价奇昂，饿殍盈路，人相食。四月始秒雨。——光绪《永寿县重修新志》卷十述异,,永寿县：粮价奇昂，饿殍盈路，人相食。四月始秒雨。——光绪《永寿县重修新志》卷十述异,永寿县：粮价奇昂，饿殍盈路，人相食。四月始秒雨。——光绪《永寿县重修新志》卷十述异,永寿县：粮价奇昂，饿殍盈路，人相食。四月始秒雨。——光绪《永寿县重修新志》卷十述异,
1878,山西,临汾市,汾西县,1878|山西|临汾|汾西,清德宗光绪四年,无,《汾西县志》,无,保留,"v1,v2,v3,v4,v5,v6","v1,v2,v3,v4,v5,v6",6,0.8571,是,,汾西县：大祲，加赈之。道馑枕藉，六畜无遗，人相食，村落为墟。——光绪《汾西县志》卷七祥异,汾西县：大祲，加赈之。道馑枕藉，六畜无遗，人相食，村落为墟。——光绪《汾西县志》卷七祥异,汾西县：大祲，加赈之。道馑枕藉，六畜无遗，人相食，村落为墟。——光绪《汾西县志》卷七祥异,汾西县：大祲，加赈之。道馑枕藉，六畜无遗，人相食，村落为墟。——光绪《汾西县志》卷七祥异,汾西县：大祲，加赈之。道馑枕藉，六畜无遗，人相食，村落为墟。——光绪《汾西县志》卷七祥异,汾西县：大祲，加赈之。道馑枕藉，六畜无遗，人相食，村落为墟。——光绪《汾西县志》卷七祥异,
1878,山西,吕梁市,汾阳县,1878|山西|吕梁|汾阳,清德宗光绪四年,无,《汾阳县志》,无,保留,"v1,v2,v3,v4,v5,v6","v1,v2,v3,v4,v5,v6",6,0.8571,是,,汾阳县：大饥，死者枕藉。得拨给江、鄂、山东漕粮有差。秋有五色蠹虫食谷心，高粱不食，穗尽黑。狼遍野食人，饥民亦有剥尸食者。——光绪《汾阳县志》卷十事考,汾阳县：大饥，死者枕藉。得拨给江、鄂、山东漕粮有差。秋有五色蠹虫食谷心，高粱不食，穗尽黑。狼遍野食人，饥民亦有剥尸食者。——光绪《汾阳县志》卷十事考,汾阳县：大饥，死者枕藉。得拨给江、鄂、山东漕粮有差。秋有五色蠹虫食谷心，高粱不食，穗尽黑。狼遍野食人，饥民亦有剥尸食者。——光绪《汾阳县志》卷十事考,汾阳县：大饥，死者枕藉。得拨给江、鄂、山东漕粮有差。秋有五色蠹虫食谷心，高粱不食，穗尽黑。狼遍野食人，饥民亦有剥尸食者。——光绪《汾阳县志》卷十事考,汾阳县：大饥，死者枕藉。得拨给江、鄂、山东漕粮有差。秋有五色蠹虫食谷心，高粱不食，穗尽黑。狼遍野食人，饥民亦有剥尸食者。——光绪《汾阳县志》卷十事考,汾阳县：大饥，死者枕藉。得拨给江、鄂、山东漕粮有差。秋有五色蠹虫食谷心，高粱不食，穗尽黑。狼遍野食人，饥民亦有剥尸食者。——光绪《汾阳县志》卷十事考,
1878,河南,洛阳市,洛宁县,1878|河南|洛阳|洛宁,清德宗光绪四年,无,《洛宁县志》,无,保留,"v1,v2,v3,v4,v5,v6","v1,v2,v3,v4,v5,v6",6,0.8571,是,,洛宁县：五月初一口，天鼓鸣。是年二月，麦米每斗价五千文，人相食，有父食其子，母食女，夫食其妻者，人死十之七八。——民国《洛宁县志》卷一祥异,洛宁县：五月初一口，天鼓鸣。是年二月，麦米每斗价五千文，人相食，有父食其子，母食女，夫食其妻者，人死十之七八。——民国《洛宁县志》卷一祥异,洛宁县：五月初一口，天鼓鸣。是年二月，麦米每斗价五千文，人相食，有父食其子，母食女，夫食其妻者，人死十之七八。——民国《洛宁县志》卷一祥异,洛宁县：五月初一口，天鼓鸣。是年二月，麦米每斗价五千文，人相食，有父食其子，母食女，夫食其妻者，人死十之七八。——民国《洛宁县志》卷一祥异,洛宁县：五月初一口，天鼓鸣。是年二月，麦米每斗价五千文，人相食，有父食其子，母食女，夫食其妻者，人死十之七八。——民国《洛宁县志》卷一祥异,洛宁县：五月初一口，天鼓鸣。是年二月，麦米每斗价五千文，人相食，有父食其子，母食女，夫食其妻者，人死十之七八。——民国《洛宁县志》卷一祥异,
1878,山西,临汾市,洪洞县,1878|山西|临汾|洪洞,清德宗光绪四年,无,《洪洞县志》,无,保留,"v1,v2,v3,v4,v5,v6","v1,v2,v3,v4,v5,v6",6,0.8571,是,,洪洞县：岁大祲。斗米麦制钱三千六百七文不等，树皮草根剥掘殆尽，人相食，饿莩盈途，目不忍睹。——民国《洪洞县志》卷十八祥异,洪洞县：岁大祲。斗米麦制钱三千六百七文不等，树皮草根剥掘殆尽，人相食，饿莩盈途，目不忍睹。——民国《洪洞县志》卷十八祥异,洪洞县：岁大祲。斗米麦制钱三千六百七文不等，树皮草根剥掘殆尽，人相食，饿莩盈途，目不忍睹。——民国《洪洞县志》卷十八祥异,洪洞县：岁大祲。斗米麦制钱三千六百七文不等，树皮草根剥掘殆尽，人相食，饿莩盈途，目不忍睹。——民国《洪洞县志》卷十八祥异,洪洞县：岁大祲。斗米麦制钱三千六百七文不等，树皮草根剥掘殆尽，人相食，饿莩盈途，目不忍睹。——民国《洪洞县志》卷十八祥异,洪洞县：岁大祲。斗米麦制钱三千六百七文不等，树皮草根剥掘殆尽，人相食，饿莩盈途，目不忍睹。——民国《洪洞县志》卷十八祥异,
1878,陕西,咸阳市,礼泉县,1878|陕西|咸阳|礼泉,清德宗光绪四年,无,《续修醴泉县志稿》,无,保留,"v1,v2,v4,v5,v6","v1,v2,v4,v5,v6",5,0.7143,是,,礼泉县：粮价奇昂，饿殍盈路，人相食。——民国《续修醴泉县志稿》卷十四杂记,礼泉县：粮价奇昂，饿殍盈路，人相食。——民国《续修醴泉县志稿》卷十四杂记,,礼泉县：粮价奇昂，饿殍盈路，人相食。——民国《续修醴泉县志稿》卷十四杂记,礼泉县：粮价奇昂，饿殍盈路，人相食。——民国《续修醴泉县志稿》卷十四杂记,礼泉县：粮价奇昂，饿殍盈路，人相食。——民国《续修醴泉县志稿》卷十四杂记,
1878,河南,安阳市,安阳县,1878|河南|安阳|安阳,清德宗光绪四年,无,《续安阳县志》,无,保留,"v1,v2,v3,v4,v5,v6","v1,v2,v3,v4,v5,v6",6,0.8571,是,,安阳县：春犹不雨，饿莩满野，人相食。——民国《续安阳县志》卷一大事纪,安阳县：春犹不雨，饿莩满野，人相食。——民国《续安阳县志》卷一大事纪,安阳县：春犹不雨，饿莩满野，人相食。——民国《续安阳县志》卷一大事纪,安阳县：春犹不雨，饿莩满野，人相食。——民国《续安阳县志》卷一大事纪,安阳县：春犹不雨，饿莩满野，人相食。——民国《续安阳县志》卷一大事纪,安阳县：春犹不雨，饿莩满野，人相食。——民国《续安阳县志》卷一大事纪,
1878,山西,运城市,临猗县,1878|山西|运城|临猗,清德宗光绪四年,无,《续猗氏县志》,无,保留,"v1,v2,v3,v4,v5,v6","v1,v2,v3,v4,v5,v6",6,0.8571,是,,临猗县：无麦，自正月至四月麦价腾涌，每石至五十二两。民掘草根，剥木皮以为食，面目肿痛，偶仆于地，一蹶莫起。苜蓿面一斤贵至六七钱。时陕西米粟不通，河南铁谢所运赈粮，又以脚价贵不能即至，故民困莫苏，至有人相食者。——光绪《续猗氏县志》卷下祥异,临猗县：无麦，自正月至四月麦价腾涌，每石至五十二两。民掘草根，剥木皮以为食，面目肿痛，偶仆于地，一蹶莫起。苜蓿面一斤贵至六七钱。时陕西米粟不通，河南铁谢所运赈粮，又以脚价贵不能即至，故民困莫苏，至有人相食者。——光绪《续猗氏县志》卷下祥异,临猗县：无麦，自正月至四月麦价腾涌，每石至五十二两。民掘草根，剥木皮以为食，面目肿痛，偶仆于地，一蹶莫起。苜蓿面一斤贵至六七钱。时陕西米粟不通，河南铁谢所运赈粮，又以脚价贵不能即至，故民困莫苏，至有人相食者。——光绪《续猗氏县志》卷下祥异,临猗县：无麦，自正月至四月麦价腾涌，每石至五十二两。民掘草根，剥木皮以为食，面目肿痛，偶仆于地，一蹶莫起。苜蓿面一斤贵至六七钱。时陕西米粟不通，河南铁谢所运赈粮，又以脚价贵不能即至，故民困莫苏，至有人相食者。——光绪《续猗氏县志》卷下祥异,临猗县：无麦，自正月至四月麦价腾涌，每石至五十二两。民掘草根，剥木皮以为食，面目肿痛，偶仆于地，一蹶莫起。苜蓿面一斤贵至六七钱。时陕西米粟不通，河南铁谢所运赈粮，又以脚价贵不能即至，故民困莫苏，至有人相食者。——光绪《续猗氏县志》卷下祥异,临猗县：无麦，自正月至四月麦价腾涌，每石至五十二两。民掘草根，剥木皮以为食，面目肿痛，偶仆于地，一蹶莫起。苜蓿面一斤贵至六七钱。时陕西米粟不通，河南铁谢所运赈粮，又以脚价贵不能即至，故民困莫苏，至有人相食者。——光绪《续猗氏县志》卷下祥异,
1878,山西,晋城市,阳城县,1878|山西|晋城|阳城,清德宗光绪四年,无,《续阳原县志》,无,保留,"v1,v2,v3,v4,v5,v6","v1,v2,v3,v4,v5,v6",6,0.8571,是,,阳城县：春，斗米值钱三千六百文，人相食。夏又无麦，兼之瘟疫盛行，人民死者不可胜计，诚数百年仅见之灾也。——光绪《续阳原县志》灾祥,阳城县：春，斗米值钱三千六百文，人相食。夏又无麦，兼之瘟疫盛行，人民死者不可胜计，诚数百年仅见之灾也。——光绪《续阳原县志》灾祥,阳城县：春，斗米值钱三千六百文，人相食。夏又无麦，兼之瘟疫盛行，人民死者不可胜计，诚数百年仅见之灾也。——光绪《续阳原县志》灾祥,阳城县：春，斗米值钱三千六百文，人相食。夏又无麦，兼之瘟疫盛行，人民死者不可胜计，诚数百年仅见之灾也。——光绪《续阳原县志》灾祥,阳城县：春，斗米值钱三千六百文，人相食。夏又无麦，兼之瘟疫盛行，人民死者不可胜计，诚数百年仅见之灾也。——光绪《续阳原县志》灾祥,阳城县：春，斗米值钱三千六百文，人相食。夏又无麦，兼之瘟疫盛行，人民死者不可胜计，诚数百年仅见之灾也。——光绪《续阳原县志》灾祥,
1878,山西,晋城市,高平县,1878|山西|晋城|高平,清德宗光绪四年,无,《续高平县志》,无,保留,"v1,v2,v3,v4,v5,v6","v1,v2,v3,v4,v5,v6",6,0.8571,是,,高平县：夏无麦，人相食更甚，市斗米钱七百余文。——光绪《续高平县志》卷十二祥异,高平县：夏无麦，人相食更甚，市斗米钱七百余文。——光绪《续高平县志》卷十二祥异,高平县：夏无麦，人相食更甚，市斗米钱七百余文。——光绪《续高平县志》卷十二祥异,高平县：夏无麦，人相食更甚，市斗米钱七百余文。——光绪《续高平县志》卷十二祥异,高平县：夏无麦，人相食更甚，市斗米钱七百余文。——光绪《续高平县志》卷十二祥异,高平县：夏无麦，人相食更甚，市斗米钱七百余文。——光绪《续高平县志》卷十二祥异,
1878,山西,临汾市,翼城县,1878|山西|临汾|翼城,清德宗光绪四年,无,《翼城县志》,无,保留,"v1,v2,v3,v4,v5,v6","v1,v2,v3,v4,v5,v6",6,0.8571,是,,翼城县：夏无麦，人相食，全县人民饿死过半。是岁秋大熟。——民国《翼城县志》卷十四祥异,翼城县：夏无麦，人相食，全县人民饿死过半。是岁秋大熟。——民国《翼城县志》卷十四祥异,翼城县：夏无麦，人相食，全县人民饿死过半。是岁秋大熟。——民国《翼城县志》卷十四祥异,翼城县：夏无麦，人相食，全县人民饿死过半。是岁秋大熟。——民国《翼城县志》卷十四祥异,翼城县：夏无麦，人相食，全县人民饿死过半。是岁秋大熟。——民国《翼城县志》卷十四祥异,翼城县：夏无麦，人相食，全县人民饿死过半。是岁秋大熟。——民国《翼城县志》卷十四祥异,
1878,山西,长治市,襄垣县,1878|山西|长治|襄垣,清德宗光绪四年,无,《襄垣县续志》,无,保留,"v1,v2,v3,v4,v5,v6","v1,v2,v3,v4,v5,v6",6,0.8571,是,,襄垣县：春微雪，夏秋不雨。无麦无禾，斗米钱至一千五百文，民大饥，人相食。连年荒旱，本年尤甚，糠秕草根全无，人民倒毙，道馑相望，至互相杀食，荒郊僻巷人不敢独行。——光绪《襄垣县续志》卷九祥异,襄垣县：春微雪，夏秋不雨。无麦无禾，斗米钱至一千五百文，民大饥，人相食。连年荒旱，本年尤甚，糠秕草根全无，人民倒毙，道馑相望，至互相杀食，荒郊僻巷人不敢独行。——光绪《襄垣县续志》卷九祥异,襄垣县：春微雪，夏秋不雨。无麦无禾，斗米钱至一千五百文，民大饥，人相食。连年荒旱，本年尤甚，糠秕草根全无，人民倒毙，道馑相望，至互相杀食，荒郊僻巷人不敢独行。——光绪《襄垣县续志》卷九祥异,襄垣县：春微雪，夏秋不雨。无麦无禾，斗米钱至一千五百文，民大饥，人相食。连年荒旱，本年尤甚，糠秕草根全无，人民倒毙，道馑相望，至互相杀食，荒郊僻巷人不敢独行。——光绪《襄垣县续志》卷九祥异,襄垣县：春微雪，夏秋不雨。无麦无禾，斗米钱至一千五百文，民大饥，人相食。连年荒旱，本年尤甚，糠秕草根全无，人民倒毙，道馑相望，至互相杀食，荒郊僻巷人不敢独行。——光绪《襄垣县续志》卷九祥异,襄垣县：春微雪，夏秋不雨。无麦无禾，斗米钱至一千五百文，民大饥，人相食。连年荒旱，本年尤甚，糠秕草根全无，人民倒毙，道馑相望，至互相杀食，荒郊僻巷人不敢独行。——光绪《襄垣县续志》卷九祥异,
1878,陕西,咸阳市,泾阳县,1878|陕西|咸阳|泾阳,清德宗光绪四年,无,《重修泾阳县志》,无,保留,"v1,v2,v3,v4,v5,v6","v1,v2,v3,v4,v5,v6",6,0.8571,是,,泾阳县：大旱，民饥。斗麦易钱二子有奇，人食树皮槐叶殆尽，饿殍盈野，人至相食。——宣统《重修泾阳县志》卷二祥异,泾阳县：大旱，民饥。斗麦易钱二子有奇，人食树皮槐叶殆尽，饿殍盈野，人至相食。——宣统《重修泾阳县志》卷二祥异,泾阳县：大旱，民饥。斗麦易钱二子有奇，人食树皮槐叶殆尽，饿殍盈野，人至相食。——宣统《重修泾阳县志》卷二祥异,泾阳县：大旱，民饥。斗麦易钱二子有奇，人食树皮槐叶殆尽，饿殍盈野，人至相食。——宣统《重修泾阳县志》卷二祥异,泾阳县：大旱，民饥。斗麦易钱二子有奇，人食树皮槐叶殆尽，饿殍盈野，人至相食。——宣统《重修泾阳县志》卷二祥异,泾阳县：大旱，民饥。斗麦易钱二子有奇，人食树皮槐叶殆尽，饿殍盈野，人至相食。——宣统《重修泾阳县志》卷二祥异,
1878,安徽,亳州市,蒙城县,1878|安徽|亳|蒙城,清德宗光绪四年,无,《重修蒙城县志》,无,保留,"v1,v2,v4,v6","v1,v2,v4,v6",4,0.5714,是,,蒙城县：大疫，是时河南、山、陕三年大饥，人相食。人民流入蒙境者遍地皆是，瘟疫到处传染。——民国《重修蒙城县志》卷十二祥异,蒙城县：大疫，是时河南、山、陕三年大饥，人相食。人民流入蒙境者遍地皆是，瘟疫到处传染。——民国《重修蒙城县志》卷十二祥异,,蒙城县：大疫，是时河南、山、陕三年大饥，人相食。人民流入蒙境者遍地皆是，瘟疫到处传染。——民国《重修蒙城县志》卷十二祥异,,蒙城县：大疫，是时河南、山、陕三年大饥，人相食。人民流入蒙境者遍地皆是，瘟疫到处传染。——民国《重修蒙城县志》卷十二祥异,
1878,河南,新乡市,原阳县,1878|河南|新乡|原阳,清德宗光绪四年,无,《阳武县志》,无,保留,"v1,v2,v3,v4,v5,v6","v1,v2,v3,v4,v5,v6",6,0.8571,是,,原阳县：春大饥，人相食。——民国《阳武县志》卷一通纪,原阳县：春大饥，人相食。——民国《阳武县志》卷一通纪,原阳县：春大饥，人相食。——民国《阳武县志》卷一通纪,原阳县：春大饥，人相食。——民国《阳武县志》卷一通纪,原阳县：春大饥，人相食。——民国《阳武县志》卷一通纪,原阳县：春大饥，人相食。——民国《阳武县志》卷一通纪,
1878,河南,三门峡市,三门峡市,1878|河南|三门峡|三门峡,清德宗光绪四年,陕州,《陕州直隶州志》,三门峡市为推测，原文为陕州直隶州,保留,"v1,v2,v3,v4,v5,v6","v1,v2,v3,v4,v5,v6",6,0.8571,是,,三门峡市：大早，夏天麦。饥甚，斗米白金五两余，人相食，死亡过半。秋乃雨，谷大熟，民居多鼠。——光绪《陕州直隶州志》卷一祥异,三门峡市：大早，夏天麦。饥甚，斗米白金五两余，人相食，死亡过半。秋乃雨，谷大熟，民居多鼠。——光绪《陕州直隶州志》卷一祥异,三门峡市：大早，夏天麦。饥甚，斗米白金五两余，人相食，死亡过半。秋乃雨，谷大熟，民居多鼠。——光绪《陕州直隶州志》卷一祥异,三门峡市：大早，夏天麦。饥甚，斗米白金五两余，人相食，死亡过半。秋乃雨，谷大熟，民居多鼠。——光绪《陕州直隶州志》卷一祥异,三门峡市：大早，夏天麦。饥甚，斗米白金五两余，人相食，死亡过半。秋乃雨，谷大熟，民居多鼠。——光绪《陕州直隶州志》卷一祥异,三门峡市：大早，夏天麦。饥甚，斗米白金五两余，人相食，死亡过半。秋乃雨，谷大熟，民居多鼠。——光绪《陕州直隶州志》卷一祥异,
1878,山西,,临汾县,1878|山西|临汾,清德宗光绪四年,无,临汾县志,原文为临汾市，但临汾市为现代地名，应为临汾县,保留,v7,v7,1,0.1429,是,,,,,,,,临汾市：大祲，人相食，赤地千里，饿殍盈野，瘟疫盛行，死亡过半。——民国《临汾县志》卷六杂记
1878,山西,,乡宁县,1878|山西|乡宁,清德宗光绪四年,无,乡宁县志,无,保留,v7,v7,1,0.1429,是,,,,,,,,乡宁县：三、四年大旱，饿死人民无数，人相食。——民国《乡宁县志》卷八大事记
1878,陕西,,乾县,1878|陕西|乾,清德宗光绪四年,乾州,乾州志稿,无,保留,v7,v7,1,0.1429,是,,,,,,,,乾县：粮价奇昂，饿殍盈路，人相食。四月始秒雨。——光绪《乾州志稿》卷一事录
1878,山西,,吉县,1878|山西|吉,清德宗光绪四年,吉州,吉州全志,无,保留,v7,v7,1,0.1429,是,,,,,,,,吉县：大祲，夏无麦。人食树皮草根，食人肉，死者数万。——光绪《吉州全志》卷七祥异
1878,山西,,壶关县,1878|山西|壶关,清德宗光绪四年,无,壶关县续志,无,保留,v7,v7,1,0.1429,是,,,,,,,,壶关县：夏无麦，斗米一千六百，大饥，人相食。——光绪《壶关县续志》卷上纪事
1878,山西,,大宁县,1878|山西|大宁,清德宗光绪四年,无,大宁县志,无,保留,v7,v7,1,0.1429,是,,,,,,,,大宁县：岁荐饥，斗米三两，饿殍盈野，人相食。——光绪《大宁县志》卷七灾异
1878,陕西,,柞水县,1878|陕西|柞水,清德宗光绪四年,孝义厅,孝义厅志,无,保留,v7,v7,1,0.1429,是,,,,,,,,柞水县：大饥，人相食，斗栗价银一两余。——光绪《孝义厅志》卷十二灾异
1878,山西,,孝义县,1878|山西|孝义,清德宗光绪四年,无,孝义县续志,无,保留,v7,v7,1,0.1429,是,,,,,,,,孝义县：困益甚，旱亦益甚。阖邑赤地无青草，斗粟钱三千，四野哀鸿嗷嗷，草根树皮挂掘殆尽，渐乃道馑相望，人相食。——光绪《孝义县续志》卷一祥异
1878,山西,,孟县,1878|山西|孟,清德宗光绪四年,无,孟县志,无,保留,v7,v7,1,0.1429,是,,,,,,,,孟县：大荒旱，人相食，道雍相望。九月霖雨，谷尽黑，味亦变。——光绪《孟县志》卷五灾异
1878,河南,,宜阳县,1878|河南|宜阳,清德宗光绪四年,无,宜阳县志,无,保留,v7,v7,1,0.1429,是,,,,,,,,宜阳县：春，斛谷万钱，人相食，甚至母食子肉，弟口兄骨，先死者一家聚食，继死者以次吞啖，虽有情不忍食者，亦不敢野葬，穴圹于家，暂掩其尸。——光绪《宜阳县志》卷二祥异
1878,陕西,,富平县,1878|陕西|富平,清德宗光绪四年,无,富平县志稿,无,保留,v7,v7,1,0.1429,是,,,,,,,,富平县：大饥，人相食。——光绪《富平县志稿》卷十祥异
1878,山西,,屯留县,1878|山西|屯留,清德宗光绪四年,无,屯留县志,无,保留,v7,v7,1,0.1429,是,,,,,,,,屯留县：春不雨，夏无麦，斗米钱一千四百有奇。人相食，疫大作，自夏及秋死者甚众。——光绪《屯留县志》卷一祥异
1878,陕西,,府谷县,1878|陕西|府谷,清德宗光绪四年,无,府谷县志,无,保留,v7,v7,1,0.1429,是,,,,,,,,府谷县：春大疫。斗米钱二千四百文，人相食，死亡载道。是年大稔，子遗赖以全活。——民国《府谷县志》卷八大事记
1878,河南,,扶沟县,1878|河南|扶沟,清德宗光绪四年,无,扶沟县志,无,保留,v7,v7,1,0.1429,是,,,,,,,,扶沟县：春大饥，人相食。先是二年即忧旱，麦禾皆歉收。三年旱益甚。四年春大饥，山西及河南北尤甚，流亡络绎于道，斗米千余钱，继之以疫死者甚众。——光绪《扶沟县志》卷十五灾祥
1878,山西,,文水县,1878|山西|文水,清德宗光绪四年,无,文水县志,无,保留,v7,v7,1,0.1429,是,,,,,,,,文水县：旱，大疫。三月二十八日大风霾。自三年四月至四年夏尽不雨，大地无禾，斗米三千五百文，人相食，途无敢独行者。——光绪《文水县志》卷一祥异
1878,山西,,新绛县,1878|山西|新绛,清德宗光绪四年,无,新绛县志,无,保留,v7,v7,1,0.1429,是,,,,,,,,新绛县：大祲，人相食。——民国《新绛县志》卷十旧闻
1878,陕西,,永寿县,1878|陕西|永寿,清德宗光绪四年,无,永寿县重修新志,无,保留,v7,v7,1,0.1429,是,,,,,,,,永寿县：粮价奇昂，饿殍盈路，人相食。四月始秒雨。——光绪《永寿县重修新志》卷十述异
1878,山西,,汾西县,1878|山西|汾西,清德宗光绪四年,无,汾西县志,无,保留,v7,v7,1,0.1429,是,,,,,,,,汾西县：大祲，加赈之。道馑枕藉，六畜无遗，人相食，村落为墟。——光绪《汾西县志》卷七祥异
1878,山西,,汾阳县,1878|山西|汾阳,清德宗光绪四年,无,汾阳县志,无,保留,v7,v7,1,0.1429,是,,,,,,,,汾阳县：大饥，死者枕藉。得拨给江、鄂、山东漕粮有差。秋有五色蠹虫食谷心，高粱不食，穗尽黑。狼遍野食人，饥民亦有剥尸食者。——光绪《汾阳县志》卷十事考
1878,河南,,洛宁县,1878|河南|洛宁,清德宗光绪四年,永宁,洛宁县志,无,保留,v7,v7,1,0.1429,是,,,,,,,,洛宁县：五月初一口，天鼓鸣。是年二月，麦米每斗价五千文，人相食，有父食其子，母食女，夫食其妻者，人死十之七八。——民国《洛宁县志》卷一祥异
1878,山西,,洪洞县,1878|山西|洪洞,清德宗光绪四年,无,洪洞县志,无,保留,v7,v7,1,0.1429,是,,,,,,,,洪洞县：岁大祲。斗米麦制钱三千六百七文不等，树皮草根剥掘殆尽，人相食，饿莩盈途，目不忍睹。——民国《洪洞县志》卷十八祥异
1878,陕西,,礼泉县,1878|陕西|礼泉,清德宗光绪四年,醴泉,续修醴泉县志稿,无,保留,v7,v7,1,0.1429,是,,,,,,,,礼泉县：粮价奇昂，饿殍盈路，人相食。——民国《续修醴泉县志稿》卷十四杂记
1878,河南,,安阳县,1878|河南|安阳,清德宗光绪四年,无,续安阳县志,无,保留,v7,v7,1,0.1429,是,,,,,,,,安阳县：春犹不雨，饿莩满野，人相食。——民国《续安阳县志》卷一大事纪
1878,山西,,临猗县,1878|山西|临猗,清德宗光绪四年,猗氏,续猗氏县志,无,保留,v7,v7,1,0.1429,是,,,,,,,,临猗县：无麦，自正月至四月麦价腾涌，每石至五十二两。民掘草根，剥木皮以为食，面目肿痛，偶仆于地，一蹶莫起。苜蓿面一斤贵至六七钱。时陕西米粟不通，河南铁谢所运赈粮，又以脚价贵不能即至，故民困莫苏，至有人相食者。——光绪《续猗氏县志》卷下祥异
1878,山西,,阳城县,1878|山西|阳城,清德宗光绪四年,无,续阳原县志,原文作阳原县志，但上下文为阳城县,保留,v7,v7,1,0.1429,是,,,,,,,,阳城县：春，斗米值钱三千六百文，人相食。夏又无麦，兼之瘟疫盛行，人民死者不可胜计，诚数百年仅见之灾也。——光绪《续阳原县志》灾祥
1878,山西,,高平县,1878|山西|高平,清德宗光绪四年,无,续高平县志,无,保留,v7,v7,1,0.1429,是,,,,,,,,高平县：夏无麦，人相食更甚，市斗米钱七百余文。——光绪《续高平县志》卷十二祥异
1878,山西,,翼城县,1878|山西|翼城,清德宗光绪四年,无,翼城县志,无,保留,v7,v7,1,0.1429,是,,,,,,,,翼城县：夏无麦，人相食，全县人民饿死过半。是岁秋大熟。——民国《翼城县志》卷十四祥异
1878,山西,,襄垣县,1878|山西|襄垣,清德宗光绪四年,无,襄垣县续志,无,保留,v7,v7,1,0.1429,是,,,,,,,,襄垣县：春微雪，夏秋不雨。无麦无禾，斗米钱至一千五百文，民大饥，人相食。连年荒旱，本年尤甚，糠秕草根全无，人民倒毙，道馑相望，至互相杀食，荒郊僻巷人不敢独行。——光绪《襄垣县续志》卷九祥异
1878,陕西,,泾阳县,1878|陕西|泾阳,清德宗光绪四年,无,重修泾阳县志,无,保留,v7,v7,1,0.1429,是,,,,,,,,泾阳县：大旱，民饥。斗麦易钱二子有奇，人食树皮槐叶殆尽，饿殍盈野，人至相食。——宣统《重修泾阳县志》卷二祥异
1878,河南,,原阳县,1878|河南|原阳,清德宗光绪四年,阳武,阳武县志,无,保留,v7,v7,1,0.1429,是,,,,,,,,原阳县：春大饥，人相食。——民国《阳武县志》卷一通纪
1878,河南,三门峡市,陕县,1878|河南|三门峡|陕,清德宗光绪四年,陕州,陕州直隶州志,无,保留,v7,v7,1,0.1429,是,,,,,,,,三门峡市：大早，夏天麦。饥甚，斗米白金五两余，人相食，死亡过半。秋乃雨，谷大熟，民居多鼠。——光绪《陕州直隶州志》卷一祥异
1889,山东,,东阿县,1889|山东|东阿,清德宗光绪十五年,无,《东阿县志》,无,保留,v7,v7,1,0.1429,是,,,,,,,,东阿县：春饥，人相食。——民国《东阿县志》卷十五祥异
1889,山东,,东阿县,1889|山东|东阿,清德宗光绪十五年,无,《东阿县志》,无,保留,"v1,v2,v3,v4,v5,v6","v1,v2,v3,v4,v5,v6",6,0.8571,是,,山东：东阿县：春饥，人相食。——民国《东阿县志》卷十五祥异,山东：东阿县：春饥，人相食。——民国《东阿县志》卷十五祥异,山东：东阿县：春饥，人相食。——民国《东阿县志》卷十五祥异,山东：东阿县：春饥，人相食。——民国《东阿县志》卷十五祥异,山东：东阿县：春饥，人相食。——民国《东阿县志》卷十五祥异,山东：东阿县：春饥，人相食。——民国《东阿县志》卷十五祥异,
1892,内蒙古,,,1892|内蒙古,清德宗光绪十八年,无,《华北、东北近五百年旱涝史料》,无,需校验地区信息,"v1,v2","v1,v2",2,0.2857,是,同年同省同来源记录可对应同一事件，但地区层级存在泛指与具体定位并存，需校验地区信息,归绥道属七斤及蒙旗大饥，去岁灾歉，入春至夏无雨，不能下种，秋收无望。全境赤地千里，死者枕藉，二道河、康保尔一带，野无青草，有食人肉者。——《华北、东北近五百年旱涝史料》，第六分册，第112页。,归绥道属七斤及蒙旗大饥，去岁灾歉，入春至夏无雨，不能下种，秋收无望。全境赤地千里，死者枕藉，二道河、康保尔一带，野无青草，有食人肉者。——《华北、东北近五百年旱涝史料》，第六分册，第112页。,,,,,
1892,内蒙古,,归绥道属七斤及蒙旗,1892|内蒙古|归绥道属七斤及蒙旗,清德宗光绪十八年,无,《华北、东北近五百年旱涝史料》,无,需校验地区信息,v3,v3,1,0.1429,是,同年同省同来源记录可对应同一事件，但地区层级存在泛指与具体定位并存，需校验地区信息,,,归绥道属七斤及蒙旗大饥，去岁灾歉，入春至夏无雨，不能下种，秋收无望。全境赤地千里，死者枕藉，二道河、康保尔一带，野无青草，有食人肉者。——《华北、东北近五百年旱涝史料》，第六分册，第112页。,,,,
1892,内蒙古,,归绥道属七斤及蒙旗，二道河，康保尔,1892|内蒙古|归绥道属七斤及蒙旗，二道河，康保尔,清德宗光绪十八年,归绥道,《华北、东北近五百年旱涝史料》,无,需校验地区信息,v5,v5,1,0.1429,是,同年同省同来源记录可对应同一事件，但地区层级存在泛指与具体定位并存，需校验地区信息,,,,,归绥道属七斤及蒙旗大饥，去岁灾歉，入春至夏无雨，不能下种，秋收无望。全境赤地千里，死者枕藉，二道河、康保尔一带，野无青草，有食人肉者。——《华北、东北近五百年旱涝史料》，第六分册，第112页。,,
1892,河北,张北县,张北县,1892|河北|张北|张北,清德宗光绪十八年,无,《张北县志》,无,保留,"v1,v2,v3,v4,v5","v1,v2,v3,v4,v5",5,0.7143,是,,张北县：旱魃为虐，赤地千里，哀鸿遍野，不特罗雀、掘鼠、搜掘草根，且人相食，日有所闻。——民国《张北县志》卷七人物,张北县：旱魃为虐，赤地千里，哀鸿遍野，不特罗雀、掘鼠、搜掘草根，且人相食，日有所闻。——民国《张北县志》卷七人物,张北县：旱魃为虐，赤地千里，哀鸿遍野，不特罗雀、掘鼠、搜掘草根，且人相食，日有所闻。——民国《张北县志》卷七人物,张北县：旱魃为虐，赤地千里，哀鸿遍野，不特罗雀、掘鼠、搜掘草根，且人相食，日有所闻。——民国《张北县志》卷七人物,张北县：旱魃为虐，赤地千里，哀鸿遍野，不特罗雀、掘鼠、搜掘草根，且人相食，日有所闻。——民国《张北县志》卷七人物,,
1892,陕西,黄陵县,黄陵县,1892|陕西|黄陵|黄陵,清德宗光绪十八年,无,《黄陵县志》,无,保留,"v1,v2,v3,v4,v5","v1,v2,v3,v4,v5",5,0.7143,是,,黄陵县：旱，饥，人相食。——民国《黄陵县志》卷九社会救济,黄陵县：旱，饥，人相食。——民国《黄陵县志》卷九社会救济,黄陵县：旱，饥，人相食。——民国《黄陵县志》卷九社会救济,黄陵县：旱，饥，人相食。——民国《黄陵县志》卷九社会救济,黄陵县：旱，饥，人相食。——民国《黄陵县志》卷九社会救济,,
1892,内蒙古,,七斤及蒙旗,1892|内蒙古|七斤及蒙旗,清德宗光绪十八年,无,华北、东北近五百年旱涝史料,七斤为原文所载具体地点，二道河、康保尔为文中所提地区,保留,v6,v6,1,0.1429,是,,,,,,,归绥道属七斤及蒙旗大饥，去岁灾歉，入春至夏无雨，不能下种，秋收无望。全境赤地千里，死者枕藉，二道河、康保尔一带，野无青草，有食人肉者。——《华北、东北近五百年旱涝史料》，第六分册，第112页。,
1892,内蒙古,,二道河,1892|内蒙古|二道河,清德宗光绪十八年,无,华北、东北近五百年旱涝史料,无,保留,"v4,v7","v4,v7",2,0.2857,是,,,,,归绥道属七斤及蒙旗大饥，去岁灾歉，入春至夏无雨，不能下种，秋收无望。全境赤地千里，死者枕藉，二道河、康保尔一带，野无青草，有食人肉者。——《华北、东北近五百年旱涝史料》，第六分册，第112页。,,,归绥道属七斤及蒙旗大饥，去岁灾歉，入春至夏无雨，不能下种，秋收无望。全境赤地千里，死者枕藉，二道河、康保尔一带，野无青草，有食人肉者。——《华北、东北近五百年旱涝史料》，第六分册，第112页。
1892,内蒙古,,康保尔,1892|内蒙古|康保尔,清德宗光绪十八年,无,华北、东北近五百年旱涝史料,无,保留,"v4,v7","v4,v7",2,0.2857,是,,,,,归绥道属七斤及蒙旗大饥，去岁灾歉，入春至夏无雨，不能下种，秋收无望。全境赤地千里，死者枕藉，二道河、康保尔一带，野无青草，有食人肉者。——《华北、东北近五百年旱涝史料》，第六分册，第112页。,,,归绥道属七斤及蒙旗大饥，去岁灾歉，入春至夏无雨，不能下种，秋收无望。全境赤地千里，死者枕藉，二道河、康保尔一带，野无青草，有食人肉者。——《华北、东北近五百年旱涝史料》，第六分册，第112页。
1892,河北,张家口,张北县,1892|河北|张家口|张北,清德宗光绪十八年,无,张北县志,无,保留,"v6,v7","v6,v7",2,0.2857,是,,,,,,,张北县：旱魃为虐，赤地千里，哀鸿遍野，不特罗雀、掘鼠、搜掘草根，且人相食，日有所闻。——民国《张北县志》卷七人物,张北县：旱魃为虐，赤地千里，哀鸿遍野，不特罗雀、掘鼠、搜掘草根，且人相食，日有所闻。——民国《张北县志》卷七人物
1892,陕西,延安,黄陵县,1892|陕西|延安|黄陵,清德宗光绪十八年,无,黄陵县志,无,保留,"v6,v7","v6,v7",2,0.2857,是,,,,,,,黄陵县：旱，饥，人相食。——民国《黄陵县志》卷九社会救济,黄陵县：旱，饥，人相食。——民国《黄陵县志》卷九社会救济
1893,山西,临汾市,,1893|山西|临汾,清德宗光绪十九年,无,《华北、东北近五百年旱涝史料》,无,保留,"v1,v2,v4","v1,v2,v4",3,0.4286,是,,临汾市：天旱，瘟疫盛行。人相食，牛羊多死。——《华北、东北近五百年旱涝史料》，第五分册，第55页。,临汾市：天旱，瘟疫盛行。人相食，牛羊多死。——《华北、东北近五百年旱涝史料》，第五分册，第55页。,,临汾市：天旱，瘟疫盛行。人相食，牛羊多死。——《华北、东北近五百年旱涝史料》，第五分册，第55页。,,,
1893,陕西,,,1893|陕西,清德宗光绪十九年,无,《闻见录》,无,保留,"v1,v2,v3,v4,v6","v1,v2,v3,v4,v6",5,0.7143,是,,三月，陕西旱魃为灾，地不毛者已数年矣。居民仰卧遍城市，沿途饿殍，不堪枚举。恶人相食，愁惨不可言状。食玉薪桂无一不昂，其贱售者惟姿色妇女。癸巳春间，便立人市。——清·储仁逊《闻见录》,三月，陕西旱魃为灾，地不毛者已数年矣。居民仰卧遍城市，沿途饿殍，不堪枚举。恶人相食，愁惨不可言状。食玉薪桂无一不昂，其贱售者惟姿色妇女。癸巳春间，便立人市。——清·储仁逊《闻见录》,三月，陕西旱魃为灾，地不毛者已数年矣。居民仰卧遍城市，沿途饿殍，不堪枚举。恶人相食，愁惨不可言状。食玉薪桂无一不昂，其贱售者惟姿色妇女。癸巳春间，便立人市。——清·储仁逊《闻见录》,三月，陕西旱魃为灾，地不毛者已数年矣。居民仰卧遍城市，沿途饿殍，不堪枚举。恶人相食，愁惨不可言状。食玉薪桂无一不昂，其贱售者惟姿色妇女。癸巳春间，便立人市。——清·储仁逊《闻见录》,,三月，陕西旱魃为灾，地不毛者已数年矣。居民仰卧遍城市，沿途饿殍，不堪枚举。恶人相食，愁惨不可言状。食玉薪桂无一不昂，其贱售者惟姿色妇女。癸巳春间，便立人市。——清·储仁逊《闻见录》,
1893,山西,,临汾市,1893|山西|临汾,清德宗光绪十九年,无,华北、东北近五百年旱涝史料,无,保留,"v3,v5,v6","v3,v5,v6",3,0.4286,是,,,,临汾市：天旱，瘟疫盛行。人相食，牛羊多死。——《华北、东北近五百年旱涝史料》，第五分册，第55页。,,临汾市：天旱，瘟疫盛行。人相食，牛羊多死。——《华北、东北近五百年旱涝史料》，第五分册，第55页。,临汾市：天旱，瘟疫盛行。人相食，牛羊多死。——《华北、东北近五百年旱涝史料》，第五分册，第55页。,
1893,陕西,,陕西,1893|陕西|陕西,清德宗光绪十九年,无,闻见录,无,保留,v5,v5,1,0.1429,是,,,,,,三月，陕西旱魃为灾，地不毛者已数年矣。居民仰卧遍城市，沿途饿殍，不堪枚举。恶人相食，愁惨不可言状。食玉薪桂无一不昂，其贱售者惟姿色妇女。癸巳春间，便立人市。——清·储仁逊《闻见录》,,
1896,广西,,,1896|广西,清德宗光绪二十二年,无,《广西壮族自治区近五百年气候历史资料》,无,保留,"v1,v2","v1,v2",2,0.2857,是,,广西，大旱大饥，饥而病肿死于途者不少，黠者割垂死饥民腓腿而食。——广西壮族自治区气象台资料室编：《广西壮族自治区近五百年气候历史资料》，1979年9月编印，第60页。,广西，大旱大饥，饥而病肿死于途者不少，黠者割垂死饥民腓腿而食。——广西壮族自治区气象台资料室编：《广西壮族自治区近五百年气候历史资料》，1979年9月编印，第60页。,,,,,
1896,广西,,,1896|广西,清德宗光绪二十二年,无,广西壮族自治区近五百年气候历史资料,无,保留,"v3,v4,v5,v6,v7","v3,v4,v5,v6,v7",5,0.7143,是,,,,广西，大旱大饥，饥而病肿死于途者不少，黠者割垂死饥民腓腿而食。——广西壮族自治区气象台资料室编：《广西壮族自治区近五百年气候历史资料》，1979年9月编印，第60页。,广西，大旱大饥，饥而病肿死于途者不少，黠者割垂死饥民腓腿而食。——广西壮族自治区气象台资料室编：《广西壮族自治区近五百年气候历史资料》，1979年9月编印，第60页。,广西，大旱大饥，饥而病肿死于途者不少，黠者割垂死饥民腓腿而食。——广西壮族自治区气象台资料室编：《广西壮族自治区近五百年气候历史资料》，1979年9月编印，第60页。,广西，大旱大饥，饥而病肿死于途者不少，黠者割垂死饥民腓腿而食。——广西壮族自治区气象台资料室编：《广西壮族自治区近五百年气候历史资料》，1979年9月编印，第60页。,广西，大旱大饥，饥而病肿死于途者不少，黠者割垂死饥民腓腿而食。——广西壮族自治区气象台资料室编：《广西壮族自治区近五百年气候历史资料》，1979年9月编印，第60页。
1898,江苏,,宿迁县,1898|江苏|宿迁,清德宗光绪二十四年,无,《宿迁县志》,无,保留,"v4,v5","v4,v5",2,0.2857,是,,,,,江苏：宿迁县：春大疫。夏大水，湖河如一，二麦尽坏。岁大饥，人相食，蠲贷有差，冬振。——民国《宿迁县志》卷七水旱蠲振,江苏：宿迁县：春大疫。夏大水，湖河如一，二麦尽坏。岁大饥，人相食，蠲贷有差，冬振。——民国《宿迁县志》卷七水旱蠲振,,
1898,江苏,,宿迁县,1898|江苏|宿迁,清德宗光绪二十四年,无,《宿迁县志》,无,保留,"v1,v2,v3,v6,v7","v1,v2,v3,v6,v7",5,0.7143,是,,宿迁县：春大疫。夏大水，湖河如一，二麦尽坏。岁大饥，人相食，蠲贷有差，冬振。——民国《宿迁县志》卷七水旱蠲振,宿迁县：春大疫。夏大水，湖河如一，二麦尽坏。岁大饥，人相食，蠲贷有差，冬振。——民国《宿迁县志》卷七水旱蠲振,宿迁县：春大疫。夏大水，湖河如一，二麦尽坏。岁大饥，人相食，蠲贷有差，冬振。——民国《宿迁县志》卷七水旱蠲振,,,宿迁县：春大疫。夏大水，湖河如一，二麦尽坏。岁大饥，人相食，蠲贷有差，冬振。——民国《宿迁县志》卷七水旱蠲振,宿迁县：春大疫。夏大水，湖河如一，二麦尽坏。岁大饥，人相食，蠲贷有差，冬振。——民国《宿迁县志》卷七水旱蠲振
1900,陕西,,,1900|陕西,清德宗光绪二十六年,无,《义和团》,无,保留,v3,v3,1,0.1429,是,,,,旱灾，'今日陕西饥荒更甚，致有食人之事，地方官亦不能禁止。'——《乱拳纪闻》，见中国史学会主编：《义和团》，（一），上海人民出版社1961年版，第227页。,,,,
1900,陕西,,,1900|陕西,清德宗光绪二十六年,无,《乱拳纪闻》,无,保留,v2,v2,1,0.1429,是,,,陕西：旱灾，'今日陕西饥荒更甚，致有食人之事，地方官亦不能禁止。'——《乱拳纪闻》，见中国史学会主编：《义和团》，（一），上海人民出版社1961年版，第227页。,,,,,
1900,陕西,,,1900|陕西,清德宗光绪二十六年,无,《乱拳纪闻》转引《义和团》,无,需进一步分析,"v4,v5","v4,v5",2,0.4,否,"同类 record 存在于 v2,v3,v4,v5,v6；本条仅存在于 v4,v5；占比 40.0%",,,,陕西：旱灾，'今日陕西饥荒更甚，致有食人之事，地方官亦不能禁止。'——《乱拳纪闻》，见中国史学会主编：《义和团》，（一），上海人民出版社1961年版，第227页。,旱灾，'今日陕西饥荒更甚，致有食人之事，地方官亦不能禁止。'——《乱拳纪闻》，见中国史学会主编：《义和团》，（一），上海人民出版社1961年版，第227页。,,
1900,山西,,,1900|山西,清德宗光绪二十六年,无,《山西自然灾害》,无,保留,"v2,v3,v4,v5","v2,v3,v4,v5",4,0.5714,是,,,山西：大旱，'人相食'——《山西自然灾害》，第58页。,大旱，'人相食'——《山西自然灾害》，第58页。,山西：大旱，'人相食'——《山西自然灾害》，第58页。,大旱，'人相食'——《山西自然灾害》，第58页。,,
1900,贵州,,沿河县,1900|贵|沿河,清德宗光绪二十六年,无,《沿河县志》,无,保留,"v2,v4","v2,v4",2,0.2857,是,,,贵州：沿河县：早，饥，人相食。——民国《沿河县志》卷十八祥异,,贵州：沿河县：早，饥，人相食。——民国《沿河县志》卷十八祥异,,,
1900,贵州,,沿河县,1900|贵|沿河,清德宗光绪二十六年,无,《沿河县志》,无,需进一步分析,v3,v3,1,0.2,否,"同类 record 存在于 v2,v3,v4,v5,v6；本条仅存在于 v3；占比 20.0%",,,沿河县：早，饥，人相食。,,,,
1900,贵州,,沿河县,1900|贵|沿河,清德宗光绪二十六年,无,《沿河县志》,无,保留,v5,v5,1,0.1429,是,,,,,,沿河县：早，饥，人相食。——民国《沿河县志》卷十八祥异,,
1900,陕西,,,1900|陕西,清德宗光绪二十六年,无,义和团,无,保留,v6,v6,1,0.1429,是,,,,,,,陕西：旱灾，'今日陕西饥荒更甚，致有食人之事，地方官亦不能禁止。'——《乱拳纪闻》，见中国史学会主编：《义和团》，（一），上海人民出版社1961年版，第227页。,
1900,山西,,,1900|山西,清德宗光绪二十六年,无,山西自然灾害,无,保留,v6,v6,1,0.1429,是,,,,,,,山西：大旱，'人相食'——《山西自然灾害》，第58页。,
1900,贵州,,沿河县,1900|贵|沿河,清德宗光绪二十六年,无,沿河县志,无,保留,v6,v6,1,0.1429,是,,,,,,,贵州：沿河县：早，饥，人相食。——民国《沿河县志》卷十八祥异,
1901,甘肃,,镇原县,1901|甘肃|镇原,清德宗光绪二十七年,无,《重修镇原县志》转引《西北灾荒史》,无,需进一步分析,"v2,v3,v5,v6,v7","v2,v3,v5,v6,v7",5,0.7143,否,"同类 record 存在于 v1,v2,v3,v4,v5,v6,v7；本条仅存在于 v2,v3,v5,v6,v7；占比 71.4%",,甘肃镇原县：甘肃，大饥，人相食。——《重修镇原县志》，转引自《西北灾荒史》，第1710页。,甘肃，镇原县：甘肃，大饥，人相食。——《重修镇原县志》，转引自《西北灾荒史》，第1710页。,,甘肃，镇原县：甘肃，大饥，人相食。——《重修镇原县志》，转引自《西北灾荒史》，第1710页。,甘肃，镇原县：甘肃，大饥，人相食。——《重修镇原县志》，转引自《西北灾荒史》，第1710页。,甘肃，镇原县：甘肃，大饥，人相食。——《重修镇原县志》，转引自《西北灾荒史》，第1710页。
1901,甘肃,,镇原县,1901|甘肃|镇原,清德宗光绪二十七年,无,《重修镇原县志》转引《西北灾荒史》,无,需进一步分析,v1,v1,1,0.1429,否,"同类 record 存在于 v1,v2,v3,v4,v5,v6,v7；本条仅存在于 v1；占比 14.3%",甘肃：镇原县：甘肃，大饥，人相食。——《重修镇原县志》，转引自《西北灾荒史》，第1710页。,,,,,,
1901,甘肃,,镇原县,1901|甘肃|镇原,清德宗光绪二十七年,无,重修镇原县志转引西北灾荒史,无,需进一步分析,v4,v4,1,0.1429,否,"同类 record 存在于 v1,v2,v3,v4,v5,v6,v7；本条仅存在于 v4；占比 14.3%",,,,甘肃：镇原县：甘肃，大饥，人相食。——《重修镇原县志》，转引自《西北灾荒史》，第1710页。,,,
1904,四川,万县市,,1904|四川|万,清德宗光绪三十年,无,《万县乡土志》,无,保留,"v1,v2","v1,v2",2,0.2857,是,,万县市：大旱，赤地千里，人相食。大吏发赈谷千二百袋，由湘转运。——光绪《万县乡土志》卷六人类,万县市：大旱，赤地千里，人相食。大吏发赈谷千二百袋，由湘转运。——光绪《万县乡土志》卷六人类,,,,,
1904,广西,,,1904|广西,清德宗光绪三十年,无,《广西各市县历代水旱灾害纪实》,无,保留,"v1,v2","v1,v2",2,0.2857,是,,广西，旱，大饥，卖儿女，饿死人，人相食。——广西壮族自治区通志馆编：《广西各市县历代水旱灾害纪实》，广西人民出版社1995年版，第92页。,广西，旱，大饥，卖儿女，饿死人，人相食。——广西壮族自治区通志馆编：《广西各市县历代水旱灾害纪实》，广西人民出版社1995年版，第92页。,,,,,
1907,云南,,云南,1907|云南|云南,清德宗光绪三十三年,无,《录副档》,无,保留,"v1,v2,v3,v5,v7","v1,v2,v3,v5,v7",5,0.7143,是,,云南，旱灾，饿殍相望，易子而食。——《录副档》，光绪三十三年五月吴炯等呈。,云南，旱灾，饿殍相望，易子而食。——《录副档》，光绪三十三年五月吴炯等呈。,云南，旱灾，饿殍相望，易子而食。——《录副档》，光绪三十三年五月吴炯等呈。,,云南，旱灾，饿殍相望，易子而食。——《录副档》，光绪三十三年五月吴炯等呈。,,云南，旱灾，饿殍相望，易子而食。——《录副档》，光绪三十三年五月吴炯等呈。
1907,安徽,,蒙城县,1907|安徽|蒙城,清德宗光绪三十三年,无,《重修蒙城县志》,无,保留,"v1,v2,v3,v4,v5,v7","v1,v2,v3,v4,v5,v7",6,0.8571,是,,蒙城县：大饥，人相食，捐俸银千两助赈。——民国《重修蒙城县志》卷九义行,蒙城县：大饥，人相食，捐俸银千两助赈。——民国《重修蒙城县志》卷九义行,蒙城县：大饥，人相食，捐俸银千两助赈。——民国《重修蒙城县志》卷九义行,蒙城县：大饥，人相食，捐俸银千两助赈。——民国《重修蒙城县志》卷九义行,蒙城县：大饥，人相食，捐俸银千两助赈。——民国《重修蒙城县志》卷九义行,,蒙城县：大饥，人相食，捐俸银千两助赈。——民国《重修蒙城县志》卷九义行
1907,云南,,,1907|云南,清德宗光绪三十三年,无,录副档,无,保留,"v4,v6","v4,v6",2,0.2857,是,,,,,云南，旱灾，饿殍相望，易子而食。——《录副档》，光绪三十三年五月吴炯等呈。,,云南，旱灾，饿殍相望，易子而食。——《录副档》，光绪三十三年五月吴炯等呈。,
1907,安徽,,蒙城县,1907|安徽|蒙城,清德宗光绪三十三年,无,重修蒙城县志,无,保留,v6,v6,1,0.1429,是,,,,,,,蒙城县：大饥，人相食，捐俸银千两助赈。——民国《重修蒙城县志》卷九义行,
1909,甘肃,,,1909|甘肃,清宣统元年,无,《大公报》,无,保留,"v1,v2","v1,v2",2,0.2857,是,,1909年，甘肃，旱灾，人食人——《大公报》1909年6月19日。,1909年，甘肃，旱灾，人食人——《大公报》1909年6月19日。,,,,,
1909,甘肃,,,1909|甘肃,清宣统元年,无,大公报,无,保留,"v3,v5","v3,v5",2,0.2857,是,,,,1909年，甘肃，旱灾，人食人——《大公报》1909年6月19日。,,甘肃：1909年，甘肃，旱灾，人食人——《大公报》1909年6月19日。,,
1910,江苏,,,1910|江苏,清宣统二年,无,《清史稿》,江、淮泛指长江淮河流域，涉及江苏、安徽等地，此处提取江苏,保留,v1,v1,1,0.1429,是,,宣统二年丁丑，察哈尔右翼四旗蒙古灾，发帑银一万两赈之。江、淮饥，人相食。——《清史稿》卷二五《宣统皇帝本纪》,,,,,,
1911,江苏、安徽,,,1911|江苏、安徽,清宣统三年,无,《不远斋见闻杂志》转引李文治前引书,原文涉及两省（苏北、皖北）,保留,v2,v2,1,0.1429,是,,,苏北、皖北，水灾，”砻糠炒人肉”——张廷骧《不远斋见闻杂志》，李文治前引书，第726页。,,,,,
1911,河南,,夏邑县,1911|河南|夏邑,清宣统三年,无,《夏邑县志》,无,保留,"v1,v2,v3,v4,v7","v1,v2,v3,v4,v7",5,0.7143,是,,夏邑县：春大饥，人相食。本省开仓赈米，义赈放钱，救活无算。——民国《夏邑县志》卷九灾异,夏邑县：春大饥，人相食。本省开仓赈米，义赈放钱，救活无算。——民国《夏邑县志》卷九灾异,夏邑县：春大饥，人相食。本省开仓赈米，义赈放钱，救活无算。——民国《夏邑县志》卷九灾异,夏邑县：春大饥，人相食。本省开仓赈米，义赈放钱，救活无算。——民国《夏邑县志》卷九灾异,,,夏邑县：春大饥，人相食。本省开仓赈米，义赈放钱，救活无算。——民国《夏邑县志》卷九灾异
1911,河南,,夏邑县,1911|河南|夏邑,清宣统三年,无,夏邑县志,无,保留,"v5,v6","v5,v6",2,0.2857,是,,,,,,夏邑县：春大饥，人相食。本省开仓赈米，义赈放钱，救活无算。——民国《夏邑县志》卷九灾异,夏邑县：春大饥，人相食。本省开仓赈米，义赈放钱，救活无算。——民国《夏邑县志》卷九灾异,
