seq,year_ce,year_era,province,city,county,ancient_name,source,record,note,来源版本,存在版本数,差异说明
1,1387,明太祖洪武二十年,河南,无,淮阳县,无,《续修陈州志》,淮阳县：大饥，人相食。——康熙《续修陈州志》卷四灾异,无,"v1,v2,v4",3,"仅存在于：v1,v2,v4；缺少：v3"
2,1404,明成祖永乐二年,江西,无,安福县,无,《安福县志》,江西：安福县：大水，岁饥，人相食。——康熙《安福县志》卷一沿革,无,"v1,v2,v4",3,"仅存在于：v1,v2,v4；缺少：v3"
3,1404,明成祖永乐二年,江西,无,泰和县,无,《泰和县志》,江西：泰和县：大水，岁饥，人相食。——乾隆《泰和县志》卷二十八祥异,无,"v1,v2,v4",3,"仅存在于：v1,v2,v4；缺少：v3"
4,1433,明宣宗宣德八年,山东,潍坊市,无,无,《潍县志稿》,山东：潍坊市：自春徂秋不雨，大饥，人相食。——民国《潍县志稿》卷二通纪,无,"v1,v2,v4",3,"仅存在于：v1,v2,v4；缺少：v3"
5,1438,明英宗正统三年,安徽,无,潜山县,无,《潜山县志》,安徽：潜山县：六邑大旱，人相食，输粟五千石送府助赈。——民国《潜山县志》卷十七笃行,无,"v1,v4",2,"仅存在于：v1,v4；缺少：v2,v3"
6,1438,明英宗正统三年,安徽,潜山县,潜山县,无,《潜山县志》,安徽：潜山县：六邑大旱，人相食，输粟五千石送府助赈。——民国《潜山县志》卷十七笃行,无,v2,1,"仅存在于：v2；缺少：v1,v3,v4"
7,1439,明英宗正统四年,甘肃,无,两当县,无,《两当县新志》转引《西北灾荒史》,甘肃：两当县：大饥，人相食。——《两当县新志》（道光二十二年），转引自《西北灾荒史》第1595页。,无,"v1,v2,v4",3,"仅存在于：v1,v2,v4；缺少：v3"
8,1440,明英宗正统五年,江苏,无,宝应县,无,《宝应县志》,宝应县：江淮大饥，人相食。天子遣户部主事何来学振济，慕民出粟一千石者，复其家。——民国《宝应县志》卷五蠲赈,无,"v1,v2,v4",3,"仅存在于：v1,v2,v4；缺少：v3"
9,1440,明英宗正统五年,江苏,无,高邮县,无,《高邮州志》,高邮县：大饥，人相食。——隆庆《高邮州志》卷十二灾祥,无,"v1,v2,v4",3,"仅存在于：v1,v2,v4；缺少：v3"
10,1450,明代宗景泰元年,山东,德州市,无,无,《德州志》,山东：德州市：大水。饥，人相食。——万历《德州志》卷十灾祥,无,"v1,v2,v4",3,"仅存在于：v1,v2,v4；缺少：v3"
11,1453,明代宗景泰四年,江苏,常州市,无,无,《常州府志》,常州市：秋大旱，人相食。——康熙《常州府志》卷三祥异,无,"v1,v2,v4",3,"仅存在于：v1,v2,v4；缺少：v3"
12,1453,明代宗景泰四年,浙江,湖州市,无,无,《双林镇志》,湖州市：夏秋大水，民相食。——同治《双林镇志》卷十九灾异,无,"v1,v2,v4",3,"仅存在于：v1,v2,v4；缺少：v3"
13,1454,明代宗景泰五年,江苏,无,宜兴县,无,《重修镇江府志》,宜兴县：夏大潦。秋大旱，人相食，抚按劝令富民出栗赈贷，视其多寡，旌赏有差。——万历《重修镇江府志》卷三十四祥异,无,"v1,v2",2,"仅存在于：v1,v2；缺少：v3,v4"
14,1454,明代宗景泰五年,江苏,镇江,宜兴县,无,《重修镇江府志》,宜兴县：夏大潦。秋大旱，人相食，抚按劝令富民出栗赈贷，视其多寡，旌赏有差。——万历《重修镇江府志》卷三十四祥异,无,v4,1,"仅存在于：v4；缺少：v1,v2,v3"
15,1454,明代宗景泰五年,浙江,无,湖州市,无,《乌程县志》,湖州市：大水，民相食。——崇祯《乌程县志》卷四灾异,无,v2,1,"仅存在于：v2；缺少：v1,v3,v4"
16,1454,明代宗景泰五年,浙江,湖州,无,无,《乌程县志》,湖州市：大水，民相食。——崇祯《乌程县志》卷四灾异,无,v4,1,"仅存在于：v4；缺少：v1,v2,v3"
17,1454,明代宗景泰五年,浙江,湖州市,无,无,《乌程县志》,湖州市：大水，民相食。——崇祯《乌程县志》卷四灾异,无,v1,1,"仅存在于：v1；缺少：v2,v3,v4"
18,1456,明代宗景泰七年,山东,无,惠民县,无,《惠民县志》,惠民县：大饥，人相食。——乾隆《惠民县志》卷四祥异,无,"v1,v2,v4",3,"仅存在于：v1,v2,v4；缺少：v3"
19,1457,明英宗天顺元年,山东,无,无,无,《明史》,天顺元年（1457年）是年，济、兖、青三府大雨阅月，禾尽没。北畿、山东并饥，发莹墓，斫道树殆尽，父子或相食。——《明史》卷三0《五行志》,无,"v1,v4",2,"仅存在于：v1,v4；缺少：v2,v3"
20,1457,明英宗天顺元年,山东,无,临邑,无,《德平县志》,临邑县：大潦，人相食,无,v1,1,"仅存在于：v1；缺少：v2,v3,v4"
21,1457,明英宗天顺元年,山东,无,临邑县,无,《德平县志》,临邑县：大潦，人相食。——康熙《德平县志》卷三灾祥,无,"v2,v4",2,"仅存在于：v2,v4；缺少：v1,v3"
22,1457,明英宗天顺元年,山东,无,平原,无,《平远县志》,平原县：蝗，荐饥。发莹墓、斫道树殆尽，或父食其子,无,v1,1,"仅存在于：v1；缺少：v2,v3,v4"
23,1457,明英宗天顺元年,山东,无,平原县,无,《平远县志》,平原县：蝗，荐饥。发莹墓、斫道树殆尽，或父食其子。发太仓银以赈。——乾隆《平远县志》卷九灾祥,无,"v2,v4",2,"仅存在于：v2,v4；缺少：v1,v3"
24,1457,明英宗天顺元年,山东,无,禹城,无,《禹城县志》,禹城县：大雨阅月，禾伤尽。大饥，父子相食,无,v1,1,"仅存在于：v1；缺少：v2,v3,v4"
25,1457,明英宗天顺元年,山东,无,禹城县,无,《禹城县志》,禹城县：大雨阅月，禾伤尽。大饥，父子相食。——嘉庆《禹城县志》卷十一灾祥,无,"v2,v4",2,"仅存在于：v2,v4；缺少：v1,v3"
26,1457,明英宗天顺元年,山东,无,邹平,无,《长山县志》,邹平县：三月大水。饥，人相食，发太仓银分赈,无,v1,1,"仅存在于：v1；缺少：v2,v3,v4"
27,1457,明英宗天顺元年,山东,无,邹平县,无,《长山县志》,邹平县：三月大水。饥，人相食，发太仓银分赈。——康熙五十五年《长山县志》卷七灾祥,无,"v2,v4",2,"仅存在于：v2,v4；缺少：v1,v3"
28,1457,明英宗天顺元年,山东,德州,无,无,《德县志》,德州市：七月大雨，河与堤平。大饥，人相食,无,v1,1,"仅存在于：v1；缺少：v2,v3,v4"
29,1457,明英宗天顺元年,山东,德州市,无,无,《德县志》,德州市：七月大雨，河与堤平。大饥，人相食。——民国《德县志》卷二纪事,无,"v2,v4",2,"仅存在于：v2,v4；缺少：v1,v3"
30,1457,明英宗天顺元年,山东,济南,无,无,《历乘》,济南市：大水。饥，人相食,无,v1,1,"仅存在于：v1；缺少：v2,v3,v4"
31,1457,明英宗天顺元年,山东,济南市,无,无,《历乘》,济南市：大水。饥，人相食。——崇祯《历乘》卷十三灾祥,无,"v2,v4",2,"仅存在于：v2,v4；缺少：v1,v3"
32,1457,明英宗天顺元年,山东,莱芜,无,无,《莱芜县志》,莱芜市：饥，人相食,无,v1,1,"仅存在于：v1；缺少：v2,v3,v4"
33,1457,明英宗天顺元年,山东,莱芜市,无,无,《莱芜县志》,莱芜市：饥，人相食。——光绪《莱芜县志》卷二灾祥,无,"v2,v4",2,"仅存在于：v2,v4；缺少：v1,v3"
34,1458,明英宗天顺二年,湖北,无,京山,无,《湖北通志》,武汉市等：武昌、汉阳、崇阳、汉川、京山自五月至九月不雨，人相食。——嘉庆《湖北通志》卷四十六祥异,无,v4,1,"仅存在于：v4；缺少：v1,v2,v3"
35,1458,明英宗天顺二年,湖北,无,崇阳,无,《湖北通志》,武汉市等：武昌、汉阳、崇阳、汉川、京山自五月至九月不雨，人相食。——嘉庆《湖北通志》卷四十六祥异,无,v4,1,"仅存在于：v4；缺少：v1,v2,v3"
36,1458,明英宗天顺二年,湖北,无,汉川,无,《湖北通志》,武汉市等：武昌、汉阳、崇阳、汉川、京山自五月至九月不雨，人相食。——嘉庆《湖北通志》卷四十六祥异,无,v4,1,"仅存在于：v4；缺少：v1,v2,v3"
37,1458,明英宗天顺二年,湖北,武汉,武昌,无,《湖北通志》,武汉市等：武昌、汉阳、崇阳、汉川、京山自五月至九月不雨，人相食。——嘉庆《湖北通志》卷四十六祥异,无,v4,1,"仅存在于：v4；缺少：v1,v2,v3"
38,1458,明英宗天顺二年,湖北,武汉,汉阳,无,《湖北通志》,武汉市等：武昌、汉阳、崇阳、汉川、京山自五月至九月不雨，人相食。——嘉庆《湖北通志》卷四十六祥异,无,v4,1,"仅存在于：v4；缺少：v1,v2,v3"
39,1458,明英宗天顺二年,湖北,武汉市,崇阳县,无,《崇阳县志》,崇阳县：大旱，自五月至九月不雨，人相食。——同治《崇阳县志》卷十二灾祥,无,v1,1,"仅存在于：v1；缺少：v2,v3,v4"
40,1458,明英宗天顺二年,湖北,武汉市,武昌,无,《湖北通志》,武汉市等：武昌、汉阳、崇阳、汉川、京山自五月至九月不雨，人相食。——嘉庆《湖北通志》卷四十六祥异,无,v1,1,"仅存在于：v1；缺少：v2,v3,v4"
41,1458,明英宗天顺二年,湖北,武汉市,武汉市,无,《汉阳县志》,武汉市：大旱，人相食。——乾隆《汉阳县志》卷四祥异,无,v1,1,"仅存在于：v1；缺少：v2,v3,v4"
42,1458,明英宗天顺二年,湖北,武汉市,汉川县,无,《汉川县志》,汉川县：大旱，自五月至九月不雨，人相食。——同治《汉川县志》卷十四祥禄,无,v1,1,"仅存在于：v1；缺少：v2,v3,v4"
43,1462,明英宗天顺六年,山西,无,高平县,无,《高平县志》,高平县：岁大饥，都粟至千钱，官仓民积百无一存，少壮搏老稚以为食，甚且有易子而食者。——顺治《高平县志》卷九祥异,无,"v1,v2,v4",3,"仅存在于：v1,v2,v4；缺少：v3"
44,1462,明英宗天顺六年,山西,晋城市,无,无,《凤台县志》,山西：晋城市：岁大饥，斗米千钱，民易子而食。——乾隆《凤台县志》卷十二纪事,来源《凤台县志》为安徽凤台（非山西晋城），但原文写的是山西晋城市，疑似地名错误,"v1,v2,v4",3,"仅存在于：v1,v2,v4；缺少：v3"
45,1464,明英宗天顺八年,安徽,无,怀远县,无,《怀远县志》,怀远县：大饥，人相食。——雍正《怀远县志》卷八灾异,无,"v1,v2,v4",3,"仅存在于：v1,v2,v4；缺少：v3"
46,1464,明英宗天顺八年,陕西,无,商县,无,《直录商州志》,商县：大饥，人相食。——乾隆《直录商州志》卷十四灾祥,无,"v1,v2,v4",3,"仅存在于：v1,v2,v4；缺少：v3"
47,1464,明英宗天顺八年,陕西,无,山阳县,无,《山阳县初志》,山阳县：大饥，人相食。——康熙《山阳县初志》卷二灾祥,无,"v1,v2,v4",3,"仅存在于：v1,v2,v4；缺少：v3"
48,1464,明英宗天顺八年,陕西,无,洛南县,无,《雒南县志》,洛南县：大饥，人相食。——康熙《雒南县志》卷七灾祥,无,"v1,v2,v4",3,"仅存在于：v1,v2,v4；缺少：v3"
49,1466,明宪宗成化二年,安徽,安庆,无,无,《安庆府志》,旱，大饥，江淮人相食。——康熙二十二年《安庆府志》卷十四祥异,原文为府级泛指'江淮人相食'，无具体县名,v2,1,"仅存在于：v2；缺少：v1,v3,v4"
50,1466,明宪宗成化二年,安徽,安庆,安庆,安庆府,《安庆府志》,旱，大饥，江淮人相食。——康熙二十二年《安庆府志》卷十四祥异,无,v4,1,"仅存在于：v4；缺少：v1,v2,v3"
51,1466,明宪宗成化二年,山西,忻州市,代县,代州,《太原府志》,代州十月大雪，人相食。——万历《太原府志》卷二十六灾祥,代州为古代地名，今山西省忻州市代县,"v2,v4",2,"仅存在于：v2,v4；缺少：v1,v3"
52,1466,明宪宗成化二年,山西,运城市,临猗,临晋,《临晋县志》,大饥，人相食。次年六月始雨。——民国《临晋县志》卷十四旧闻,临晋县今已并入临猗县,v2,1,"仅存在于：v2；缺少：v1,v3,v4"
53,1466,明宪宗成化二年,山西,运城市,临猗县,临晋县,《临晋县志》,大饥，人相食。次年六月始雨。——民国《临晋县志》卷十四旧闻,无,v4,1,"仅存在于：v4；缺少：v1,v2,v3"
54,1466,明宪宗成化二年,山西,阳泉市,孟县,无,《孟县志》,岁大凶，人相食。赈饥。——乾隆《孟县志》卷二欵祥,无,"v2,v4",2,"仅存在于：v2,v4；缺少：v1,v3"
55,1466,明宪宗成化二年,江苏,南京,上元,无,《上元县志》,四月，上元等县饥，民相食，命户部赈之。——康熙《上元县志》卷十三 五行,无,"v2,v4",2,"仅存在于：v2,v4；缺少：v1,v3"
56,1466,明宪宗成化二年,江苏,南京市,上元等县,无,《上元县志》,江苏：南京市：四月，上元等县饥，民相食，命户部赈之。——康熙《上元县志》卷十三 五行,无,v1,1,"仅存在于：v1；缺少：v2,v3,v4"
57,1466,明宪宗成化二年,河南,无,夏邑,无,《通许县志》,大饥，人相食。诏免全租，仍遣官赈贷。——嘉靖《通许县志》卷上祥异,无,v2,1,"仅存在于：v2；缺少：v1,v3,v4"
58,1466,明宪宗成化二年,河南,无,永城,无,《永城县志》,大饥，人相食。诏免全租，仍发谷赈之。——嘉靖《永城县志》卷四灾祥,无,v2,1,"仅存在于：v2；缺少：v1,v3,v4"
59,1466,明宪宗成化二年,河南,无,虞城,无,《虞城县志》,大饥，人相食。诏免租赈贷。——顺治《虞城县志》卷八灾祥,无,v2,1,"仅存在于：v2；缺少：v1,v3,v4"
60,1466,明宪宗成化二年,河南,商丘市,永城县,无,《永城县志》,大饥，人相食。诏免全租，仍发谷赈之。——嘉靖《永城县志》卷四灾祥,无,v4,1,"仅存在于：v4；缺少：v1,v2,v3"
61,1466,明宪宗成化二年,河南,商丘市,虞城县,无,《虞城县志》,大饥，人相食。诏免租赈贷。——顺治《虞城县志》卷八灾祥,无,v4,1,"仅存在于：v4；缺少：v1,v2,v3"
62,1466,明宪宗成化二年,河南,开封市,通许县,无,《通许县志》,大饥，人相食。诏免全租，仍遣官赈贷。——嘉靖《通许县志》卷上祥异,无,v4,1,"仅存在于：v4；缺少：v1,v2,v3"
63,1466,明宪宗成化二年,甘肃,临夏回族自治州,临夏,河州,《临洮府志》,四月，狄道、金兰、渭源、河州大旱，人相食。——万历《临洮府志》卷二十二祥异,河州为古代地名，今甘肃省临夏回族自治州临夏市,v2,1,"仅存在于：v2；缺少：v1,v3,v4"
64,1466,明宪宗成化二年,甘肃,临夏回族自治州,临夏市,河州,《临洮府志》,四月，狄道、金兰、渭源、河州大旱，人相食。——万历《临洮府志》卷二十二祥异,无,v4,1,"仅存在于：v4；缺少：v1,v2,v3"
65,1466,明宪宗成化二年,甘肃,定西市,临洮,狄道,《临洮府志》,四月，狄道、金兰、渭源、河州大旱，人相食。——万历《临洮府志》卷二十二祥异,无,v2,1,"仅存在于：v2；缺少：v1,v3,v4"
66,1466,明宪宗成化二年,甘肃,定西市,临洮县,狄道,《临洮府志》,四月，狄道、金兰、渭源、河州大旱，人相食。——万历《临洮府志》卷二十二祥异,无,v4,1,"仅存在于：v4；缺少：v1,v2,v3"
67,1466,明宪宗成化二年,甘肃,定西市,渭源,无,《临洮府志》,四月，狄道、金兰、渭源、河州大旱，人相食。——万历《临洮府志》卷二十二祥异,无,v2,1,"仅存在于：v2；缺少：v1,v3,v4"
68,1466,明宪宗成化二年,甘肃,定西市,渭源县,无,《临洮府志》,四月，狄道、金兰、渭源、河州大旱，人相食。——万历《临洮府志》卷二十二祥异,无,v4,1,"仅存在于：v4；缺少：v1,v2,v3"
69,1467,明宪宗成化三年,甘肃,无,和政县,无,《和政县志》,和政县：四月，大旱，饥，人相食。——《和政县志》（民国十九年），转引自《西北灾荒史》第397页。,无,"v1,v2,v4",3,"仅存在于：v1,v2,v4；缺少：v3"
70,1468,明宪宗成化四年,甘肃,无,临夏县,临洮府、河州,《甘肃新通志》转引《西北灾荒史》,临夏县：夏四月，临洮府属河州大旱，饥，人相食。——《甘肃新通志》（宣统元年），转引自《西北灾荒史》第398页。,临洮府为推测，原文为古代地名临洮府；河州为古代地名,"v2,v4",2,"仅存在于：v2,v4；缺少：v1,v3"
71,1468,明宪宗成化四年,甘肃,临夏,临夏县,河州,《甘肃新通志》转引《西北灾荒史》,临夏县：夏四月，临洮府属河州大旱，饥，人相食。——《甘肃新通志》（宣统元年），转引自《西北灾荒史》第398页。,"河州为推测，原文为""临洮府属河州""",v1,1,"仅存在于：v1；缺少：v2,v3,v4"
72,1471,明宪宗成化七年,山东,淄博市,无,无,《淄川县志》,山东：淄博市：八月，大饥，人相食。——万历《淄川县志》卷二十二灾祥,无,"v1,v2,v4",3,"仅存在于：v1,v2,v4；缺少：v3"
73,1472,明宪宗成化八年,山东,无,临邑县,无,《临邑县志》,临邑县：大饥，人相食。——道光《临邑县志》卷十六纪祥,无,v2,1,"仅存在于：v2；缺少：v1,v3,v4"
74,1472,明宪宗成化八年,山东,无,商河县,无,《华北、东北近五百年旱涝史料》,商河县：大饥，人相食。——《华北、东北近五百年旱涝史料》第三分册，第27页。,无,v2,1,"仅存在于：v2；缺少：v1,v3,v4"
75,1472,明宪宗成化八年,山东,无,掖县,无,《掖县志》,掖县：大饥，人相食。——乾隆《掖县志》卷五祥异,无,v2,1,"仅存在于：v2；缺少：v1,v3,v4"
76,1472,明宪宗成化八年,山东,无,新泰市,无,《新泰县志》,新泰市：人相食。——天启《新泰县志》卷八祥异,无,v2,1,"仅存在于：v2；缺少：v1,v3,v4"
77,1472,明宪宗成化八年,山东,无,昌邑县,无,《昌邑县志》,昌邑县：大饥，人相食。——康熙《昌邑县志》卷一祥异,无,v2,1,"仅存在于：v2；缺少：v1,v3,v4"
78,1472,明宪宗成化八年,山东,无,淄博市,无,《淄川县志》,淄博市：大饥，人相食。——嘉靖《淄川县志》卷二祥异,无,v2,1,"仅存在于：v2；缺少：v1,v3,v4"
79,1472,明宪宗成化八年,山东,无,潍坊市,无,《潍县志》,潍坊市：大饥，人相食。——康熙《潍县志》卷五祥异,无,v2,1,"仅存在于：v2；缺少：v1,v3,v4"
80,1472,明宪宗成化八年,山东,德州市,临邑县,无,《临邑县志》,临邑县：大饥，人相食。——道光《临邑县志》卷十六纪祥,无,"v1,v4",2,"仅存在于：v1,v4；缺少：v2,v3"
81,1472,明宪宗成化八年,山东,泰安市,新泰市,无,《新泰县志》,新泰市：人相食。——天启《新泰县志》卷八祥异,无,"v1,v4",2,"仅存在于：v1,v4；缺少：v2,v3"
82,1472,明宪宗成化八年,山东,济南市,商河县,无,《华北、东北近五百年旱涝史料》,商河县：大饥，人相食。——《华北、东北近五百年旱涝史料》第三分册，第27页。,无,"v1,v4",2,"仅存在于：v1,v4；缺少：v2,v3"
83,1472,明宪宗成化八年,山东,淄博市,淄博市,无,《淄川县志》,淄博市：大饥，人相食。——嘉靖《淄川县志》卷二祥异,无,"v1,v4",2,"仅存在于：v1,v4；缺少：v2,v3"
84,1472,明宪宗成化八年,山东,潍坊市,昌邑县,无,《昌邑县志》,昌邑县：大饥，人相食。——康熙《昌邑县志》卷一祥异,无,"v1,v4",2,"仅存在于：v1,v4；缺少：v2,v3"
85,1472,明宪宗成化八年,山东,潍坊市,潍坊市,无,《潍县志》,潍坊市：大饥，人相食。——康熙《潍县志》卷五祥异,无,"v1,v4",2,"仅存在于：v1,v4；缺少：v2,v3"
86,1472,明宪宗成化八年,山东,烟台市,掖县,无,《掖县志》,掖县：大饥，人相食。——乾隆《掖县志》卷五祥异,无,"v1,v4",2,"仅存在于：v1,v4；缺少：v2,v3"
87,1472,明宪宗成化八年,山西,无,太谷县,无,《山西通志》,七月，太原又震。榆次、太古、寿阳、祁县、辽州雨雹伤禾，人相食。——雍正《山西通志》卷一六二祥异,无,v2,1,"仅存在于：v2；缺少：v1,v3,v4"
88,1472,明宪宗成化八年,山西,无,寿阳县,无,《山西通志》,七月，太原又震。榆次、太古、寿阳、祁县、辽州雨雹伤禾，人相食。——雍正《山西通志》卷一六二祥异,无,v2,1,"仅存在于：v2；缺少：v1,v3,v4"
89,1472,明宪宗成化八年,山西,无,榆次市,无,《山西通志》,七月，太原又震。榆次、太古、寿阳、祁县、辽州雨雹伤禾，人相食。——雍正《山西通志》卷一六二祥异,无,v2,1,"仅存在于：v2；缺少：v1,v3,v4"
90,1472,明宪宗成化八年,山西,无,祁县,无,《山西通志》,七月，太原又震。榆次、太古、寿阳、祁县、辽州雨雹伤禾，人相食。——雍正《山西通志》卷一六二祥异,无,v2,1,"仅存在于：v2；缺少：v1,v3,v4"
91,1472,明宪宗成化八年,山西,无,阳曲县,无,《太原府志》,阳曲县：正月，阳曲雨雹，伤禾。岁大饥，人相食。——乾隆《太原府志》卷四十九祥异,无,v2,1,"仅存在于：v2；缺少：v1,v3,v4"
92,1472,明宪宗成化八年,山西,太原市,阳曲县,无,《太原府志》,阳曲县：正月，阳曲雨雹，伤禾。岁大饥，人相食。——乾隆《太原府志》卷四十九祥异,无,"v1,v4",2,"仅存在于：v1,v4；缺少：v2,v3"
93,1472,明宪宗成化八年,山西,晋中市,太谷县,无,《山西通志》,榆次、太古、寿阳、祁县、辽州雨雹伤禾，人相食。——雍正《山西通志》卷一六二祥异,无,"v1,v4",2,"仅存在于：v1,v4；缺少：v2,v3"
94,1472,明宪宗成化八年,山西,晋中市,寿阳县,无,《山西通志》,榆次、太古、寿阳、祁县、辽州雨雹伤禾，人相食。——雍正《山西通志》卷一六二祥异,无,"v1,v4",2,"仅存在于：v1,v4；缺少：v2,v3"
95,1472,明宪宗成化八年,山西,晋中市,左权县,辽州,《山西通志》,榆次、太古、寿阳、祁县、辽州雨雹伤禾，人相食。——雍正《山西通志》卷一六二祥异,辽州为古代地名，现为山西省晋中市左权县,v4,1,"仅存在于：v4；缺少：v1,v2,v3"
96,1472,明宪宗成化八年,山西,晋中市,榆次县,无,《山西通志》,榆次、太古、寿阳、祁县、辽州雨雹伤禾，人相食。——雍正《山西通志》卷一六二祥异,无,v4,1,"仅存在于：v4；缺少：v1,v2,v3"
97,1472,明宪宗成化八年,山西,晋中市,榆次市,无,《山西通志》,榆次、太古、寿阳、祁县、辽州雨雹伤禾，人相食。——雍正《山西通志》卷一六二祥异,无,"v1,v4",2,"仅存在于：v1,v4；缺少：v2,v3"
98,1472,明宪宗成化八年,山西,晋中市,祁县,无,《山西通志》,榆次、太古、寿阳、祁县、辽州雨雹伤禾，人相食。——雍正《山西通志》卷一六二祥异,无,"v1,v4",2,"仅存在于：v1,v4；缺少：v2,v3"
99,1472,明宪宗成化八年,河北,无,内丘县,无,《内邱县志》,内丘县：旱荒，人相食。——崇祯《内邱县志》变纪,无,v2,1,"仅存在于：v2；缺少：v1,v3,v4"
100,1472,明宪宗成化八年,河北,无,平乡县,无,《平乡县志》,平乡县：大饥，人相食。——乾隆《平乡县志》卷一灾祥,无,v2,1,"仅存在于：v2；缺少：v1,v3,v4"
101,1472,明宪宗成化八年,河北,无,平山县,无,《平山县志》,平山县：大饥，民流殍相食。——康熙《平山县志》卷一纪事,无,v2,1,"仅存在于：v2；缺少：v1,v3,v4"
102,1472,明宪宗成化八年,河北,无,广宗县,无,《怀来县志》,广宗县：大饥，人相食。——光绪《怀来县志》卷八杂识,无,v2,1,"仅存在于：v2；缺少：v1,v3,v4"
103,1472,明宪宗成化八年,河北,无,沙河县,无,《宣化县新志》,沙河县：大饥，人相食。——民国《宣化县新志》卷一样异,无,v2,1,"仅存在于：v2；缺少：v1,v3,v4"
104,1472,明宪宗成化八年,河北,无,邢台市,无,《顺德府志》,邢台市：大饥，人相食。——乾隆《顺德府志》卷十六祥异,无,v2,1,"仅存在于：v2；缺少：v1,v3,v4"
105,1472,明宪宗成化八年,河北,石家庄市,平山县,无,《平山县志》,平山县：大饥，民流殍相食。——康熙《平山县志》卷一纪事,无,"v1,v4",2,"仅存在于：v1,v4；缺少：v2,v3"
106,1472,明宪宗成化八年,河北,邢台市,内丘县,无,《内邱县志》,内丘县：旱荒，人相食。——崇祯《内邱县志》变纪,无,"v1,v4",2,"仅存在于：v1,v4；缺少：v2,v3"
107,1472,明宪宗成化八年,河北,邢台市,平乡县,无,《平乡县志》,平乡县：大饥，人相食。——乾隆《平乡县志》卷一灾祥,无,"v1,v4",2,"仅存在于：v1,v4；缺少：v2,v3"
108,1472,明宪宗成化八年,河北,邢台市,广宗县,无,《怀来县志》,广宗县：大饥，人相食。——光绪《怀来县志》卷八杂识,无,"v1,v4",2,"仅存在于：v1,v4；缺少：v2,v3"
109,1472,明宪宗成化八年,河北,邢台市,沙河县,无,《宣化县新志》,沙河县：大饥，人相食。——民国《宣化县新志》卷一样异,疑似OCR错误：样异,"v1,v4",2,"仅存在于：v1,v4；缺少：v2,v3"
110,1472,明宪宗成化八年,河北,邢台市,邢台市,无,《顺德府志》,邢台市：大饥，人相食。——乾隆《顺德府志》卷十六祥异,无,"v1,v4",2,"仅存在于：v1,v4；缺少：v2,v3"
111,1473,明宪宗成化九年,山东,临沂市,临沂,无,《临沂县志》,临沂市：大饥馑，人相食。——民国《临沂县志》卷一通纪,无,"v1,v2,v4",3,"仅存在于：v1,v2,v4；缺少：v3"
112,1473,明宪宗成化九年,山东,德州市,德州,无,《德州志》,德州市：大饥，人相食。——乾隆《德州志》卷二纪事,无,"v1,v2,v4",3,"仅存在于：v1,v2,v4；缺少：v3"
113,1473,明宪宗成化九年,山东,德州市,武城,无,《恩县志》,武城县：饥甚，人相食。——嘉靖《恩县志》卷九灾祥,无,"v2,v4",2,"仅存在于：v2,v4；缺少：v1,v3"
114,1473,明宪宗成化九年,山东,德州市,禹城,无,《禹城县志》,禹城县：八月，旱、蝗，继水。大饥，人相食。——嘉庆《禹城县志》卷十一灾祥,无,"v2,v4",2,"仅存在于：v2,v4；缺少：v1,v3"
115,1473,明宪宗成化九年,山东,曲阜市,曲阜,无,《曲阜县志》,曲阜市：春饥，人相食。免今年粮税。秋八月大水。——乾隆《曲阜县志》卷二十九通编,无,v1,1,"仅存在于：v1；缺少：v2,v3,v4"
116,1473,明宪宗成化九年,山东,桓台县,桓台,无,《新城县志》,恒台县：大饥，人相食。——崇祯《新城县志》卷十一灾祥,无,v1,1,"仅存在于：v1；缺少：v2,v3,v4"
117,1473,明宪宗成化九年,山东,武城县,武城,无,《恩县志》,武城县：饥甚，人相食。——嘉靖《恩县志》卷九灾祥,无,v1,1,"仅存在于：v1；缺少：v2,v3,v4"
118,1473,明宪宗成化九年,山东,济南市,无,无,《华北、东北近五百年旱涝史料》,济南市：八月旱蝗又大水，民大饥，人相食，民茹草木尽，免税粮发粟赈之。——《华北、东北近五百年旱涝史料》第三分册，第1页。,无,"v1,v4",2,"仅存在于：v1,v4；缺少：v2,v3"
119,1473,明宪宗成化九年,山东,济南市,济南,无,《华北、东北近五百年旱涝史料》,济南市：八月旱蝗又大水，民大饥，人相食，民茹草木尽，免税粮发粟赈之。——《华北、东北近五百年旱涝史料》第三分册，第1页。,无,v2,1,"仅存在于：v2；缺少：v1,v3,v4"
120,1473,明宪宗成化九年,山东,济宁市,曲阜,无,《曲阜县志》,曲阜市：春饥，人相食。免今年粮税。秋八月大水。——乾隆《曲阜县志》卷二十九通编,无,"v2,v4",2,"仅存在于：v2,v4；缺少：v1,v3"
121,1473,明宪宗成化九年,山东,济宁市,金乡,无,《金乡县志略》,金乡县：旱。畿南、山东大饥，人相食。——咸丰《金乡县志略》卷十一纪事,无,"v1,v2,v4",3,"仅存在于：v1,v2,v4；缺少：v3"
122,1473,明宪宗成化九年,山东,淄博市,无,无,《华北、东北近五百年旱涝史料》,淄博市：大饥，人相食。——《华北、东北近五百年旱涝史料》，第三分册，第1页。,无,"v1,v4",2,"仅存在于：v1,v4；缺少：v2,v3"
123,1473,明宪宗成化九年,山东,淄博市,桓台,无,《新城县志》,恒台县：大饥，人相食。——崇祯《新城县志》卷十一灾祥,无,"v2,v4",2,"仅存在于：v2,v4；缺少：v1,v3"
124,1473,明宪宗成化九年,山东,淄博市,淄博,无,《华北、东北近五百年旱涝史料》,淄博市：大饥，人相食。——《华北、东北近五百年旱涝史料》，第三分册，第1页。,无,v2,1,"仅存在于：v2；缺少：v1,v3,v4"
125,1473,明宪宗成化九年,山东,淄博市,高青,无,《青城县志》,高青县：是岁大饥，人相食。——乾隆《青城县志》卷十祥异,无,"v2,v4",2,"仅存在于：v2,v4；缺少：v1,v3"
126,1473,明宪宗成化九年,山东,禹城县,禹城,无,《禹城县志》,禹城县：八月，旱、蝗，继水。大饥，人相食。——嘉庆《禹城县志》卷十一灾祥,无,v1,1,"仅存在于：v1；缺少：v2,v3,v4"
127,1473,明宪宗成化九年,山东,聊城市,冠县,无,《东昌府志》,冠县：七月河决，饥甚，人相食。——乾隆《东昌府志》卷三总纪,无,"v1,v2,v4",3,"仅存在于：v1,v2,v4；缺少：v3"
128,1473,明宪宗成化九年,山东,高青县,高青,无,《青城县志》,高青县：是岁大饥，人相食。——乾隆《青城县志》卷十祥异,无,v1,1,"仅存在于：v1；缺少：v2,v3,v4"
129,1473,明宪宗成化九年,山西,晋中市,寿阳,无,《山西通志》,榆次市等：七月，榆次，太谷，寿阳，祁县雨雹伤稼，人相食。——万历《山西通志》卷二十六灾祥,无,v4,1,"仅存在于：v4；缺少：v1,v2,v3"
130,1473,明宪宗成化九年,山西,晋中市,榆次,无,《山西通志》,榆次市等：七月，榆次，太谷，寿阳，祁县雨雹伤稼，人相食。——万历《山西通志》卷二十六灾祥,无,v1,1,"仅存在于：v1；缺少：v2,v3,v4"
131,1473,明宪宗成化九年,山西,晋中市,祁县,无,《山西通志》,榆次市等：七月，榆次，太谷，寿阳，祁县雨雹伤稼，人相食。——万历《山西通志》卷二十六灾祥,无,v4,1,"仅存在于：v4；缺少：v1,v2,v3"
132,1473,明宪宗成化九年,山西,榆次市,太谷,无,《山西通志》,榆次市等：七月，榆次，太谷，寿阳，祁县雨雹伤稼，人相食。——万历《山西通志》卷二十六灾祥,无,"v2,v4",2,"仅存在于：v2,v4；缺少：v1,v3"
133,1473,明宪宗成化九年,山西,榆次市,寿阳,无,《山西通志》,榆次市等：七月，榆次，太谷，寿阳，祁县雨雹伤稼，人相食。——万历《山西通志》卷二十六灾祥,无,v2,1,"仅存在于：v2；缺少：v1,v3,v4"
134,1473,明宪宗成化九年,山西,榆次市,榆次,无,《山西通志》,榆次市等：七月，榆次，太谷，寿阳，祁县雨雹伤稼，人相食。——万历《山西通志》卷二十六灾祥,无,"v2,v4",2,"仅存在于：v2,v4；缺少：v1,v3"
135,1473,明宪宗成化九年,山西,榆次市,祁县,无,《山西通志》,榆次市等：七月，榆次，太谷，寿阳，祁县雨雹伤稼，人相食。——万历《山西通志》卷二十六灾祥,无,v2,1,"仅存在于：v2；缺少：v1,v3,v4"
136,1473,明宪宗成化九年,河北,沧州市,沧县,无,《沧县志》,沧州市：大饥，人相食。——民国《沧县志》卷十六事实,无,"v1,v2,v4",3,"仅存在于：v1,v2,v4；缺少：v3"
137,1474,明宪宗成化十年,山西,无,壶关县,无,《壶关县志》,壶关县：霜雹大作，秋无禾。冬春人相食。——康熙《壶关县志》卷一灾祥,无,"v1,v2,v4",3,"仅存在于：v1,v2,v4；缺少：v3"
138,1474,明宪宗成化十年,陕西,无,无,无,《明实录》转引《西北灾荒史》,陕西旱，大饥，人相食。——《明实录》，转引自《西北灾荒史》第399页。,无,"v1,v2,v4",3,"仅存在于：v1,v2,v4；缺少：v3"
139,1479,明宪宗成化十五年,河南,无,临汝县,无,《汝州全志》,临汝县：大饥，人相食，伊邑尤甚。——道光《汝州全志》卷九祥异,无,"v1,v4",2,"仅存在于：v1,v4；缺少：v2,v3"
140,1479,明宪宗成化十五年,河南,无,嵩县,无,《嵩县志》,嵩县：大饥，人相食。——康熙三十年《嵩县志》卷十灾祥,无,"v1,v4",2,"仅存在于：v1,v4；缺少：v2,v3"
141,1479,明宪宗成化十五年,河南,无,汝阳县,无,《重修伊阳县志》,汝阳县：大饥，人相食。——道光《重修伊阳县志》卷六祥异,无,"v1,v4",2,"仅存在于：v1,v4；缺少：v2,v3"
142,1479,明宪宗成化十五年,河南,临汝县,无,无,《汝州全志》,临汝县：大饥，人相食，伊邑尤甚。——道光《汝州全志》卷九祥异,无,v2,1,"仅存在于：v2；缺少：v1,v3,v4"
143,1479,明宪宗成化十五年,河南,嵩县,无,无,《嵩县志》,嵩县：大饥，人相食。——康熙三十年《嵩县志》卷十灾祥,无,v2,1,"仅存在于：v2；缺少：v1,v3,v4"
144,1479,明宪宗成化十五年,河南,汝阳县,无,无,《重修伊阳县志》,汝阳县：大饥，人相食。——道光《重修伊阳县志》卷六祥异,无,v2,1,"仅存在于：v2；缺少：v1,v3,v4"
145,1480,明宪宗成化十六年,山西,无,平原县,无,《太原府志》,山西：平原县：峤县大风折苗，大饥，民多相食。——万历《太原府志》卷二十六灾祥,无,"v1,v2",2,"仅存在于：v1,v2；缺少：v3,v4"
146,1480,明宪宗成化十六年,山西,无,平原县、崞县,无,《太原府志》,平原县：崞县大风折苗，大饥，民多相食。——万历《太原府志》卷二十六灾祥,原文为'平原县：崞县'，平原县位于山东德州，与崞县（山西）不在同一区域，疑似OCR错误或笔误,v4,1,"仅存在于：v4；缺少：v1,v2,v3"
147,1481,明宪宗成化十七年,山东,无,平度县,无,《平度州志》,山东：平度县：大饥，人相食。——康熙《平度州志》卷六灾祥,无,"v1,v2,v4",3,"仅存在于：v1,v2,v4；缺少：v3"
148,1481,明宪宗成化十七年,山东,无,莱阳县,无,《莱阳县志》,山东：莱阳县：大饥，人相食。——民国《莱阳县志》大纪事,无,"v1,v2,v4",3,"仅存在于：v1,v2,v4；缺少：v3"
149,1481,明宪宗成化十七年,山东,无,郯城县,无,《郯城县志》,山东：郯城县：大饥，人相食。——康熙《郯城县志》卷就灾祥,无,"v1,v2,v4",3,"仅存在于：v1,v2,v4；缺少：v3"
150,1481,明宪宗成化十七年,山东,临沂市,无,沂州,《沂州府志》,山东：临沂市：沂州大饥馑，人相食。——乾隆《沂州府志》卷十五纪事,临沂市为推测，原文为古代地名沂州,"v1,v2,v4",3,"仅存在于：v1,v2,v4；缺少：v3"
151,1481,明宪宗成化十七年,江苏,无,如皋县,无,《重修如皋县志》,江苏：如皋县：大饥，人相食。——嘉靖《重修如皋县志》卷六灾祥,无,"v1,v2,v4",3,"仅存在于：v1,v2,v4；缺少：v3"
152,1481,明宪宗成化十七年,河南,无,温县,无,《河南通志》,河南：温县：…各行采食蓬蒿，宰烹畜禽，又将房屋拆坏变卖，且有鬻子女以易栗，割人肉以充腹者。…途间不敢独行，多被饥民打食，甚至同行至亲，相为割食救命。——康熙九年《河南通志》卷三十九艺文,无,"v1,v2,v4",3,"仅存在于：v1,v2,v4；缺少：v3"
153,1482,明宪宗成化十八年,山东,无,商河县,无,《商河县志》,商河县：大饥，人相食。——道光《商河县志》卷三祥异,无,"v1,v2,v4",3,"仅存在于：v1,v2,v4；缺少：v3"
154,1482,明宪宗成化十八年,山西,无,平原县,无,《埤县志》,平原县；大风折苗。大饥，民多相食，流殍者半。——嘉靖《埤县志》卷八灾异,疑似OCR错误：平原县属山东德州，原文标注为山西,"v1,v2,v4",3,"仅存在于：v1,v2,v4；缺少：v3"
155,1482,明宪宗成化十八年,江苏,无,吴江县,无,《吴江县志》,吴江县：大饥，人相食。——康熙二十四年《吴江县志》卷四十一灾祥,无,"v1,v2,v4",3,"仅存在于：v1,v2,v4；缺少：v3"
156,1482,明宪宗成化十八年,浙江,无,长兴县,无,《长兴县志》,长兴县：大饥，人相食。——同治《长兴县志》卷九灾祥,无,"v1,v2,v4",3,"仅存在于：v1,v2,v4；缺少：v3"
157,1482,明宪宗成化十八年,浙江,湖州市,无,无,《双林镇志》,湖州市：大饥，人相食。——民国《双林镇志》卷十九灾异,无,"v1,v2,v4",3,"仅存在于：v1,v2,v4；缺少：v3"
158,1482,明宪宗成化十八年,甘肃,无,两当县,无,《两当县新志》,两当县：大饥，人相食。——道光《两当县新志》卷六灾异,无,"v1,v2,v4",3,"仅存在于：v1,v2,v4；缺少：v3"
159,1482,明宪宗成化十八年,甘肃,无,清水县,无,《清水县志》,清水县：大饥，人相食。——康熙《清水县志》卷十灾祥,无,"v1,v2,v4",3,"仅存在于：v1,v2,v4；缺少：v3"
160,1482,明宪宗成化十八年,甘肃,天水市,无,秦州,《直录秦州新志》,天水市：大饥，人相食。——乾隆《直录秦州新志》卷六灾祥,秦州为推测，原文为古代地名秦州,"v1,v2,v4",3,"仅存在于：v1,v2,v4；缺少：v3"
161,1482,明宪宗成化十八年,陕西,无,无,无,《甘肃新通志》,陕西大旱，饥，人相食。——光绪《甘肃新通志》卷二天文,无,"v1,v2,v4",3,"仅存在于：v1,v2,v4；缺少：v3"
162,1483,明宪宗成化十九年,河南,无,太康县,无,《太康县志》,太康县：大旱，人相食，死者蔽野。——嘉靖《太康县志》卷四 五行,无,"v1,v2,v4",3,"仅存在于：v1,v2,v4；缺少：v3"
163,1483,明宪宗成化十九年,河南,无,扶沟县,无,《扶沟县志》,扶沟县：旱荒，人相食，死者蔽野。——康熙三十八年《扶沟县志》卷四灾异,无,"v1,v2,v4",3,"仅存在于：v1,v2,v4；缺少：v3"
164,1483,明宪宗成化十九年,河南,无,汲县,无,《汲县志》,汲县：三月七日，阴霾。是年秋至明年春大饥，人相食。——康熙《汲县志》卷十祥,无,"v1,v2,v4",3,"仅存在于：v1,v2,v4；缺少：v3"
165,1483,明宪宗成化十九年,河南,无,淇县,无,《淇县志》,淇县：秋至二十年春，卫淇境大饥，人相食。——嘉靖《淇县志》卷四灾异,无,"v1,v2,v4",3,"仅存在于：v1,v2,v4；缺少：v3"
166,1483,明宪宗成化十九年,河南,无,辉县,无,《辉县志》,辉县：三月七日，阴霾。是年秋至明年春大饥，人相食。——康熙《辉县志》卷十八灾祥,无,"v1,v2,v4",3,"仅存在于：v1,v2,v4；缺少：v3"
167,1483,明宪宗成化十九年,河南,无,长葛县,无,《长葛县志》,长葛县：大旱，流移转徙，人民相食。事闻，遣使转输京储赈恤，始安。——康熙《长葛县志》卷一灾祥,无,"v1,v2,v4",3,"仅存在于：v1,v2,v4；缺少：v3"
168,1484,明宪宗成化二十年,山东,济宁市,无,兖州府,《华北、东北近五百年旱涝史料》,兖州府：春至秋不雨，蝗蝻满地，人相食。——《华北、东北近五百年旱涝史料》第三分册，第74页。,无,v1,1,"仅存在于：v1；缺少：v2,v3,v4"
169,1484,明宪宗成化二十年,山东,济宁市,兖州,兖州府,《华北、东北近五百年旱涝史料》,兖州府：春至秋不雨，蝗蝻满地，人相食。——《华北、东北近五百年旱涝史料》第三分册，第74页。,无,v4,1,"仅存在于：v4；缺少：v1,v2,v3"
170,1484,明宪宗成化二十年,山东,聊城市,冠县,无,《东昌府志》,冠县：旱，人相食。——乾隆《东昌府志》卷三总纪,无,"v1,v4",2,"仅存在于：v1,v4；缺少：v2,v3"
171,1484,明宪宗成化二十年,山东,菏泽市,东明县,无,《东明县志》,东明县：岁大旱，人饥相食。——康熙《东明县志》卷七灾祥,无,"v1,v4",2,"仅存在于：v1,v4；缺少：v2,v3"
172,1484,明宪宗成化二十年,山西,无,临晋县,无,《山西通志》,曲沃、洪洞、临汾、临晋、荣河、解州、平陆、夏邑、安邑、孝义、崞县大旱，人相食。长子、宁乡、泽州、高平、阳城饥疫，遣使赈恤。免通省田租之半。——雍正《山西通志》卷一六三祥异,无,v4,1,"仅存在于：v4；缺少：v1,v2,v3"
173,1484,明宪宗成化二十年,山西,无,临汾县,无,《山西通志》,曲沃、洪洞、临汾、临晋、荣河、解州、平陆、夏邑、安邑、孝义、崞县大旱，人相食。长子、宁乡、泽州、高平、阳城饥疫，遣使赈恤。免通省田租之半。——雍正《山西通志》卷一六三祥异,无,v4,1,"仅存在于：v4；缺少：v1,v2,v3"
174,1484,明宪宗成化二十年,山西,无,夏县,无,《山西通志》,曲沃、洪洞、临汾、临晋、荣河、解州、平陆、夏邑、安邑、孝义、崞县大旱，人相食。长子、宁乡、泽州、高平、阳城饥疫，遣使赈恤。免通省田租之半。——雍正《山西通志》卷一六三祥异,无,v4,1,"仅存在于：v4；缺少：v1,v2,v3"
175,1484,明宪宗成化二十年,山西,无,孝义县,无,《山西通志》,曲沃、洪洞、临汾、临晋、荣河、解州、平陆、夏邑、安邑、孝义、崞县大旱，人相食。长子、宁乡、泽州、高平、阳城饥疫，遣使赈恤。免通省田租之半。——雍正《山西通志》卷一六三祥异,无,v4,1,"仅存在于：v4；缺少：v1,v2,v3"
176,1484,明宪宗成化二十年,山西,无,安邑县,无,《山西通志》,曲沃、洪洞、临汾、临晋、荣河、解州、平陆、夏邑、安邑、孝义、崞县大旱，人相食。长子、宁乡、泽州、高平、阳城饥疫，遣使赈恤。免通省田租之半。——雍正《山西通志》卷一六三祥异,无,v4,1,"仅存在于：v4；缺少：v1,v2,v3"
177,1484,明宪宗成化二十年,山西,无,崞县,无,《山西通志》,曲沃、洪洞、临汾、临晋、荣河、解州、平陆、夏邑、安邑、孝义、崞县大旱，人相食。长子、宁乡、泽州、高平、阳城饥疫，遣使赈恤。免通省田租之半。——雍正《山西通志》卷一六三祥异,无,v4,1,"仅存在于：v4；缺少：v1,v2,v3"
178,1484,明宪宗成化二十年,山西,无,平陆县,无,《山西通志》,曲沃、洪洞、临汾、临晋、荣河、解州、平陆、夏邑、安邑、孝义、崞县大旱，人相食。长子、宁乡、泽州、高平、阳城饥疫，遣使赈恤。免通省田租之半。——雍正《山西通志》卷一六三祥异,无,v4,1,"仅存在于：v4；缺少：v1,v2,v3"
179,1484,明宪宗成化二十年,山西,无,曲沃县,无,《山西通志》,曲沃、洪洞、临汾、临晋、荣河、解州、平陆、夏邑、安邑、孝义、崞县大旱，人相食。长子、宁乡、泽州、高平、阳城饥疫，遣使赈恤。免通省田租之半。——雍正《山西通志》卷一六三祥异,无,v4,1,"仅存在于：v4；缺少：v1,v2,v3"
180,1484,明宪宗成化二十年,山西,无,洪洞县,无,《山西通志》,曲沃、洪洞、临汾、临晋、荣河、解州、平陆、夏邑、安邑、孝义、崞县大旱，人相食。长子、宁乡、泽州、高平、阳城饥疫，遣使赈恤。免通省田租之半。——雍正《山西通志》卷一六三祥异,无,v4,1,"仅存在于：v4；缺少：v1,v2,v3"
181,1484,明宪宗成化二十年,山西,无,荣河县,无,《山西通志》,曲沃、洪洞、临汾、临晋、荣河、解州、平陆、夏邑、安邑、孝义、崞县大旱，人相食。长子、宁乡、泽州、高平、阳城饥疫，遣使赈恤。免通省田租之半。——雍正《山西通志》卷一六三祥异,无,v4,1,"仅存在于：v4；缺少：v1,v2,v3"
182,1484,明宪宗成化二十年,山西,无,襄汾县,太平县,《太平县志》,襄汾县：人民相食。——乾隆《太平县志》卷十纪,无,v4,1,"仅存在于：v4；缺少：v1,v2,v3"
183,1484,明宪宗成化二十年,山西,无,解州,解州,《山西通志》,曲沃、洪洞、临汾、临晋、荣河、解州、平陆、夏邑、安邑、孝义、崞县大旱，人相食。长子、宁乡、泽州、高平、阳城饥疫，遣使赈恤。免通省田租之半。——雍正《山西通志》卷一六三祥异,无,v4,1,"仅存在于：v4；缺少：v1,v2,v3"
184,1484,明宪宗成化二十年,山西,临汾市,无,无,《临汾县志》,临汾市：秋不雨，次年六月始雨。饿殍盈野，人相食。——康熙五十七年《临汾县志》卷五祥异,无,"v1,v4",2,"仅存在于：v1,v4；缺少：v2,v3"
185,1484,明宪宗成化二十年,山西,临汾市,乡宁县,无,《乡宁县志》,乡宁县：大饥，人相食。——民国《乡宁县志》卷八大事纪,无,"v1,v4",2,"仅存在于：v1,v4；缺少：v2,v3"
186,1484,明宪宗成化二十年,山西,临汾市,曲沃县,无,《山西通志》,曲沃、洪洞、临汾、临晋、荣河、解州、平陆、夏邑、安邑、孝义、崞县大旱，人相食。长子、宁乡、泽州、高平、阳城饥疫，遣使赈恤。免通省田租之半。——雍正《山西通志》卷一六三祥异,原文为曲沃县,"v1,v4",2,"仅存在于：v1,v4；缺少：v2,v3"
187,1484,明宪宗成化二十年,山西,临汾市,襄汾县,太平县,《太平县志》,襄汾县：人民相食。——乾隆《太平县志》卷十纪,太平县为古代地名，对应现代襄汾县,v1,1,"仅存在于：v1；缺少：v2,v3,v4"
188,1484,明宪宗成化二十年,山西,晋城市,无,泽州,《泽州府志》,晋城市等：泽州、高平、阳城大饥，民多疫死，生者至相食。诏遣户部郎中移河南、山东二省粟各方石赈恤，仍免山西阖省田租之半。——雍正《泽州府志》卷五十祥异,泽州为古代地名，原文为泽州、高平、阳城大饥,"v1,v4",2,"仅存在于：v1,v4；缺少：v2,v3"
189,1484,明宪宗成化二十年,山西,晋城市,阳城县,无,《阳城县志》,阳城县：大饥，人相食。——顺治《阳城县志》卷七祥异,无,"v1,v4",2,"仅存在于：v1,v4；缺少：v2,v3"
190,1484,明宪宗成化二十年,山西,晋城市,高平县,无,《高平县志》,高平县：岁大饥，民多疫死，生者至相食。上遣官赈恤，免租之半。——顺治《高平县志》卷九祥异,无,v4,1,"仅存在于：v4；缺少：v1,v2,v3"
191,1484,明宪宗成化二十年,山西,晋城市,高平市,无,《高平县志》,高平县：岁大饥，民多疫死，生者至相食。上遣官赈恤，免租之半。——顺治《高平县志》卷九祥异,无,v1,1,"仅存在于：v1；缺少：v2,v3,v4"
192,1484,明宪宗成化二十年,山西,运城市,无,安邑县,《安邑县志》,运城市：大旱，人相食。——万历《安邑县志》卷八祥异,无,"v1,v4",2,"仅存在于：v1,v4；缺少：v2,v3"
193,1484,明宪宗成化二十年,山西,运城市,夏县,无,《华北、东北近五百年旱涝史料》,夏县：大旱，人相食。——《华北、东北近五百年旱涝史料》第五分册，第38页。,无,"v1,v4",2,"仅存在于：v1,v4；缺少：v2,v3"
194,1484,明宪宗成化二十年,山西,运城市,平陆县,无,《解州平陆县志》,平陆县：秋大旱，人相食。次年六月始雨。——乾隆《解州平陆县志》卷十一祥异,无,"v1,v4",2,"仅存在于：v1,v4；缺少：v2,v3"
195,1484,明宪宗成化二十年,山西,运城市,永济县,无,《永济县志》,永济县：大旱，民多易子而食，死徙者不可胜数。——光绪《永济县志》卷二十三纪事,无,v4,1,"仅存在于：v4；缺少：v1,v2,v3"
196,1484,明宪宗成化二十年,山西,运城市,永济市,无,《永济县志》,永济县：大旱，民多易子而食，死徙者不可胜数。——光绪《永济县志》卷二十三纪事,无,v1,1,"仅存在于：v1；缺少：v2,v3,v4"
197,1484,明宪宗成化二十年,山西,长治市,屯留县,无,《华北、东北近五百年旱涝史料》,屯留县：大饥，民多疫死，人相食。——《华北、东北近五百年旱涝史料》第五分册，第61页。,无,"v1,v4",2,"仅存在于：v1,v4；缺少：v2,v3"
198,1484,明宪宗成化二十年,山西,长治市,潞城县,无,《潞城县志》,潞城县：饥民相食，饿殍盈野，瘟疫大作。——天启《潞城县志》卷八灾祥,无,v4,1,"仅存在于：v4；缺少：v1,v2,v3"
199,1484,明宪宗成化二十年,山西,长治市,潞城市,无,《潞城县志》,潞城县：饥民相食，饿殍盈野，瘟疫大作。——天启《潞城县志》卷八灾祥,无,v1,1,"仅存在于：v1；缺少：v2,v3,v4"
200,1484,明宪宗成化二十年,山西,长治市,长子县,无,《长子县志》,长子县：大饥，人相食。——康熙《长子县志》卷一灾异,无,"v1,v4",2,"仅存在于：v1,v4；缺少：v2,v3"
201,1484,明宪宗成化二十年,河北,大名县,无,无,《大名县志》,大名县：大旱，饥，人相食。——乾隆《大名县志》卷二十七欽祥,无,v1,1,"仅存在于：v1；缺少：v2,v3,v4"
202,1484,明宪宗成化二十年,河北,邯郸市,大名县,无,《大名县志》,大名县：大旱，饥，人相食。——乾隆《大名县志》卷二十七欽祥,无,v4,1,"仅存在于：v4；缺少：v1,v2,v3"
203,1484,明宪宗成化二十年,河南,周口市,西华县,无,《西华县志》,西华县：饥，岁大俭，人相食。——乾隆《西华县志》卷八义行,无,"v1,v4",2,"仅存在于：v1,v4；缺少：v2,v3"
204,1484,明宪宗成化二十年,河南,平顶山市,鲁山县,无,《鲁山县志》,鲁山县：大旱，岁荒，人相食。至二十一年大熟。——嘉靖《鲁山县志》卷十灾祥,无,"v1,v4",2,"仅存在于：v1,v4；缺少：v2,v3"
205,1484,明宪宗成化二十年,河南,开封市,无,无,《开封府志》,开封市：大饥，人相食。——万历《开封府志》卷二機祥,无,"v1,v4",2,"仅存在于：v1,v4；缺少：v2,v3"
206,1484,明宪宗成化二十年,河南,开封市,尉氏县,无,《尉氏县志》,尉氏县：大饥，至人相食。——嘉靖《尉氏县志》卷四祥异,无,v1,1,"仅存在于：v1；缺少：v2,v3,v4"
207,1484,明宪宗成化二十年,河南,开封市,杞县,无,《杞乘》,杞县：大饥，人相食。——万历《杞乘》卷二今总纪,无,"v1,v4",2,"仅存在于：v1,v4；缺少：v2,v3"
208,1484,明宪宗成化二十年,河南,新乡市,无,无,《新乡县续志》,新乡县：春饥，人相食。——康熙《新乡县续志》卷二灾异,无,v1,1,"仅存在于：v1；缺少：v2,v3,v4"
209,1484,明宪宗成化二十年,河南,新乡市,原阳县,阳武县,《阳武县志》,原阳县：大饥，人相食。赈。——康熙《阳武县志》卷八灾祥,阳武县为古代地名，对应现代原阳县,"v1,v4",2,"仅存在于：v1,v4；缺少：v2,v3"
210,1484,明宪宗成化二十年,河南,新乡市,新乡县,无,《新乡县续志》,新乡县：春饥，人相食。——康熙《新乡县续志》卷二灾异,无,v4,1,"仅存在于：v4；缺少：v1,v2,v3"
211,1484,明宪宗成化二十年,河南,洛阳市,无,无,《洛阳州志》,洛阳市：岁大祲，人相食。——顺治《洛阳州志》卷九灾祥,无,"v1,v4",2,"仅存在于：v1,v4；缺少：v2,v3"
212,1484,明宪宗成化二十年,河南,洛阳市,新安县,无,《新安县志》,新安县：大饥，人相食，死者枕藉。——康熙《新安县志》卷十七灾异,无,"v1,v4",2,"仅存在于：v1,v4；缺少：v2,v3"
213,1484,明宪宗成化二十年,河南,漯河市,临颍县,无,《临颍志》,临颍县：大饥，人相食。——嘉靖《临颍志》卷八祥异,无,"v1,v4",2,"仅存在于：v1,v4；缺少：v2,v3"
214,1484,明宪宗成化二十年,河南,濮阳市,南乐县,无,《南乐县志》,南乐县：岁大饥，人相食。——康熙《南乐县志》卷九纪年,无,"v1,v4",2,"仅存在于：v1,v4；缺少：v2,v3"
215,1484,明宪宗成化二十年,河南,焦作市,温县,无,《温县志》,温县：人相食。——万历《温县志》卷下灾祥附,无,"v1,v4",2,"仅存在于：v1,v4；缺少：v2,v3"
216,1484,明宪宗成化二十年,河南,许昌市,无,许州,《许州志》,许昌县：大饥，人相食。——嘉靖《许州志》卷十一样异,许州为古代地名,v1,1,"仅存在于：v1；缺少：v2,v3,v4"
217,1484,明宪宗成化二十年,河南,许昌市,禹县,禹州,《禹州志》,禹县：大饥，人相食。——顺治《禹州志》卷九欝祥,无,v4,1,"仅存在于：v4；缺少：v1,v2,v3"
218,1484,明宪宗成化二十年,河南,许昌市,禹州市,无,《禹州志》,禹县：大饥，人相食。——顺治《禹州志》卷九欝祥,无,v1,1,"仅存在于：v1；缺少：v2,v3,v4"
219,1484,明宪宗成化二十年,河南,许昌市,许昌县,许州,《许州志》,许昌县：大饥，人相食。——嘉靖《许州志》卷十一样异,无,v4,1,"仅存在于：v4；缺少：v1,v2,v3"
220,1484,明宪宗成化二十年,河南,许昌市,鄢陵县,无,《鄢陵县志》,鄢陵县：大饥，流民四集，互掠人以食。——嘉靖《鄢陵县志》卷七祥异,无,"v1,v4",2,"仅存在于：v1,v4；缺少：v2,v3"
221,1484,明宪宗成化二十年,河南,郑州市,中牟县,无,《中牟县志》,中牟县：大旱，民食树皮、蒺藜、麻籽尽，有食人肉者。——正德《中牟县志》卷一样异,无,"v1,v4",2,"仅存在于：v1,v4；缺少：v2,v3"
222,1484,明宪宗成化二十年,河南,郑州市,尉氏县,无,《尉氏县志》,尉氏县：大饥，至人相食。——嘉靖《尉氏县志》卷四祥异,无,v4,1,"仅存在于：v4；缺少：v1,v2,v3"
223,1484,明宪宗成化二十年,河南,郑州市,新郑县,无,《华北、东北近五百年旱涝史料》,新郑县：年大饥，人相食。——《华北、东北近五百年旱涝史料》第四分册，第22页。,无,v4,1,"仅存在于：v4；缺少：v1,v2,v3"
224,1484,明宪宗成化二十年,河南,郑州市,新郑市,无,《华北、东北近五百年旱涝史料》,新郑县：年大饥，人相食。——《华北、东北近五百年旱涝史料》第四分册，第22页。,无,v1,1,"仅存在于：v1；缺少：v2,v3,v4"
225,1484,明宪宗成化二十年,河南,郑州市,荥阳县,无,《荥阳县志》,荥阳县：春大饥，人相食。——顺治《荥阳县志》卷七灾祥,无,v4,1,"仅存在于：v4；缺少：v1,v2,v3"
226,1484,明宪宗成化二十年,河南,郑州市,荥阳市,无,《荥阳县志》,荥阳县：春大饥，人相食。——顺治《荥阳县志》卷七灾祥,无,v1,1,"仅存在于：v1；缺少：v2,v3,v4"
227,1484,明宪宗成化二十年,甘肃,平凉市,崇信县,无,《平凉府志》,崇信县：大饥，斗米五钱，人相食。——嘉靖《平凉府志》卷十二祥异,无,"v1,v4",2,"仅存在于：v1,v4；缺少：v2,v3"
228,1484,明宪宗成化二十年,甘肃,平凉市,灵台县,无,《甘肃新通志》,静宁县等：静宁、灵台、肃州等处大旱，饥，人相食。——光绪《甘肃新通志》卷二祥异,无,v4,1,"仅存在于：v4；缺少：v1,v2,v3"
229,1484,明宪宗成化二十年,甘肃,平凉市,静宁县,无,《甘肃新通志》,静宁县等：静宁、灵台、肃州等处大旱，饥，人相食。——光绪《甘肃新通志》卷二祥异,无,v4,1,"仅存在于：v4；缺少：v1,v2,v3"
230,1484,明宪宗成化二十年,甘肃,白银市,静宁县,无,《甘肃新通志》,静宁县等：静宁、灵台、肃州等处大旱，饥，人相食。——光绪《甘肃新通志》卷二祥异,无,v1,1,"仅存在于：v1；缺少：v2,v3,v4"
231,1484,明宪宗成化二十年,甘肃,酒泉市,无,肃州,《甘肃新通志》,静宁县等：静宁、灵台、肃州等处大旱，饥，人相食。——光绪《甘肃新通志》卷二祥异,无,"v1,v4",2,"仅存在于：v1,v4；缺少：v2,v3"
232,1484,明宪宗成化二十年,陕西,咸阳市,无,咸阳县,《咸阳县新志》,咸阳市：成化二十年，二十一年大祲，人相食。——万历《咸阳县新志》卷九纪事,无,v1,1,"仅存在于：v1；缺少：v2,v3,v4"
233,1484,明宪宗成化二十年,陕西,咸阳市,咸阳县,无,《咸阳县新志》,咸阳市：成化二十年，二十一年大祲，人相食。——万历《咸阳县新志》卷九纪事,无,v4,1,"仅存在于：v4；缺少：v1,v2,v3"
234,1484,明宪宗成化二十年,陕西,咸阳市,武功县,无,《武功县志》,武功县：岁大饥，民相食，流移者十之七八。——正德《武功县志》卷二官师,无,"v1,v4",2,"仅存在于：v1,v4；缺少：v2,v3"
235,1484,明宪宗成化二十年,陕西,咸阳市,泾阳县,无,《泾阳县志》,泾阳县：连岁大旱，无麦禾，百姓流亡，人相食。——康熙《泾阳县志》卷一样异,无,"v1,v4",2,"仅存在于：v1,v4；缺少：v2,v3"
236,1484,明宪宗成化二十年,陕西,宝鸡市,扶风县,无,《扶风县志》,陕西连岁大旱，百姓流亡殆尽，人相食。——顺治《扶风县志》卷一灾祥,无,"v1,v4",2,"仅存在于：v1,v4；缺少：v2,v3"
237,1484,明宪宗成化二十年,陕西,榆林市,无,无,《延绥镇志》,榆林县：大旱，多虫。大饥，人相食。——万历《延绥镇志》卷三灾异,无,v1,1,"仅存在于：v1；缺少：v2,v3,v4"
238,1484,明宪宗成化二十年,陕西,榆林市,榆林县,无,《延绥镇志》,榆林县：大旱，多虫。大饥，人相食。——万历《延绥镇志》卷三灾异,无,v4,1,"仅存在于：v4；缺少：v1,v2,v3"
239,1484,明宪宗成化二十年,陕西,渭南市,无,无,《渭南县志》,二十年、二十一年关中大饥，人相食，流亡殆尽。——万历《渭南县志》卷十六灾祥,无,v1,1,"仅存在于：v1；缺少：v2,v3,v4"
240,1484,明宪宗成化二十年,陕西,渭南市,华阴县,无,《华阴县志》,华阴县：二十年，二十一年大荒，民至相食，十亡八九。——万历《华阴县志》卷七祥异,无,v4,1,"仅存在于：v4；缺少：v1,v2,v3"
241,1484,明宪宗成化二十年,陕西,渭南市,华阴市,无,《华阴县志》,华阴县：二十年，二十一年大荒，民至相食，十亡八九。——万历《华阴县志》卷七祥异,无,v1,1,"仅存在于：v1；缺少：v2,v3,v4"
242,1484,明宪宗成化二十年,陕西,渭南市,大荔县,朝邑县,《朝邑县志》,大荔县：二十年，二十一年大祲，人相食。——正德《朝邑县志》卷一总志,朝邑县为古代地名，对应现代大荔县,"v1,v4",2,"仅存在于：v1,v4；缺少：v2,v3"
243,1484,明宪宗成化二十年,陕西,渭南市,渭南县,无,《渭南县志》,二十年、二十一年关中大饥，人相食，流亡殆尽。——万历《渭南县志》卷十六灾祥,无,v4,1,"仅存在于：v4；缺少：v1,v2,v3"
244,1485,明宪宗成化二十一年,山东,无,无,无,《东昌府志》,大饥，人相食。——万历《东昌府志》卷十七祥异,无,v4,1,"仅存在于：v4；缺少：v1,v2,v3"
245,1485,明宪宗成化二十一年,山东,无,兖州县,无,《兖州府志》,兖州县：春至秋不雨，蝗蝻满地，人相食。——万历元年《兖州府志》卷十五灾祥,无,"v1,v2,v4",3,"仅存在于：v1,v2,v4；缺少：v3"
246,1485,明宪宗成化二十一年,山东,无,夏津县,无,《夏津县志》,夏津县：大饥，人相食。——乾隆《夏津县志》卷九灾祥,无,"v1,v2,v4",3,"仅存在于：v1,v2,v4；缺少：v3"
247,1485,明宪宗成化二十一年,山东,无,莘县,无,《莘县志》,莘县：亢阳不雨，卖秋无，遍地赤野，富者尤可庶几，贫者何以存活。故是时有杀人而食者，呜呼，时之饥馑，事之怪异有如是哉。——嘉靖《莘县志》卷六杂志,无,"v1,v2,v4",3,"仅存在于：v1,v2,v4；缺少：v3"
248,1485,明宪宗成化二十一年,山东,无,阳谷县,无,《阳谷县志》,阳谷县：春至秋不雨，蝗蝻满地，人相食。——康熙十二年《阳谷县志》卷四灾祥,无,"v1,v2,v4",3,"仅存在于：v1,v2,v4；缺少：v3"
249,1485,明宪宗成化二十一年,山东,临沂市,无,无,《临沂县志》,临沂市：春至秋不雨，蝗灾，人相食。——民国《临沂县志》卷一通纪,无,v4,1,"仅存在于：v4；缺少：v1,v2,v3"
250,1485,明宪宗成化二十一年,山东,临沂市,临沂市,无,《临沂县志》,临沂市：春至秋不雨，蝗灾，人相食。——民国《临沂县志》卷一通纪,无,"v1,v2",2,"仅存在于：v1,v2；缺少：v3,v4"
251,1485,明宪宗成化二十一年,山东,聊城市,聊城县,无,《聊城县志》,聊城市：大饥，人相食。——宣统《聊城县志》卷十一通纪,无,v4,1,"仅存在于：v4；缺少：v1,v2,v3"
252,1485,明宪宗成化二十一年,山东,聊城市,聊城市,无,《聊城县志》,聊城市：大饥，人相食。——宣统《聊城县志》卷十一通纪,无,"v1,v2",2,"仅存在于：v1,v2；缺少：v3,v4"
253,1485,明宪宗成化二十一年,山西,无,垣曲县,无,《垣曲县志》,垣曲县：大旱，飞蝗兼至，人皆相食，流死者大半，饥民啸聚山林。——康熙《垣曲县志》卷十二灾荒,无,"v1,v2",2,"仅存在于：v1,v2；缺少：v3,v4"
254,1485,明宪宗成化二十一年,山西,无,新绛县,无,《绛州志》,新绛县：大荒，有食人者。——康熙《绛州志》卷三灾异,无,"v1,v2,v4",3,"仅存在于：v1,v2,v4；缺少：v3"
255,1485,明宪宗成化二十一年,山西,无,曲沃县,无,《沃史》,曲沃县：大饥，人相食。——万历《沃史》卷二今总纪,无,"v1,v2,v4",3,"仅存在于：v1,v2,v4；缺少：v3"
256,1485,明宪宗成化二十一年,山西,无,洪洞县,无,《洪洞县志》,洪洞县：是年民大饥，人多相食。——万历《洪洞县志》卷八祥异,无,"v1,v2,v4",3,"仅存在于：v1,v2,v4；缺少：v3"
257,1485,明宪宗成化二十一年,山西,无,浮山县,无,《浮山县志》,浮山县：是年大饥，人多相食。——乾隆《浮山县志》卷三十四,无,"v1,v2,v4",3,"仅存在于：v1,v2,v4；缺少：v3"
258,1485,明宪宗成化二十一年,山西,无,翼城县,无,《冀城县志》,翼城县：是年，民大饥，人相食。——民国《冀城县志》卷十四祥异,无,"v1,v2,v4",3,"仅存在于：v1,v2,v4；缺少：v3"
259,1485,明宪宗成化二十一年,山西,临汾市,临汾县,无,《临汾县志》,临汾市：大饥，人相食。——康熙五十七年《临汾县志》卷五祥异,无,v4,1,"仅存在于：v4；缺少：v1,v2,v3"
260,1485,明宪宗成化二十一年,山西,临汾市,临汾市,无,《临汾县志》,临汾市：大饥，人相食。——康熙五十七年《临汾县志》卷五祥异,无,"v1,v2",2,"仅存在于：v1,v2；缺少：v3,v4"
261,1485,明宪宗成化二十一年,山西,运城市,无,解州,《解州志》,运城市：二十年，秋大旱，人相食。次年六月始雨。——康熙十二年《解州志》卷九灾祥,原文为古代地名解州，city据现代地名推测填写,v1,1,"仅存在于：v1；缺少：v2,v3,v4"
262,1485,明宪宗成化二十一年,山西,运城市,运城市,解州,《解州志》,运城市：二十年，秋大旱，人相食。次年六月始雨。——康熙十二年《解州志》卷九灾祥,解州为古代地名，现为运城市盐湖区；此条为成化二十年记录,v2,1,"仅存在于：v2；缺少：v1,v3,v4"
263,1485,明宪宗成化二十一年,河北,无,丘县,无,《丘县志》,丘县：大饥，人相食。——康熙《丘县志》卷八祥异,无,"v1,v2,v4",3,"仅存在于：v1,v2,v4；缺少：v3"
264,1485,明宪宗成化二十一年,河北,无,临漳县,无,《临漳县志》,临漳县：不雨，人相食。——雍正《临漳县志》卷一灾祥,无,"v1,v2,v4",3,"仅存在于：v1,v2,v4；缺少：v3"
265,1485,明宪宗成化二十一年,甘肃,无,徽县,无,《徽郡志》,徽县：岁大饥，人相食。——嘉靖《徽郡志》卷八祥异,无,"v1,v2,v4",3,"仅存在于：v1,v2,v4；缺少：v3"
266,1485,明宪宗成化二十一年,甘肃,无,武都县,无,《阶州志》,武都县：大旱地赤，民饥相食。——万历《阶州志》卷十二灾祥,无,"v1,v2,v4",3,"仅存在于：v1,v2,v4；缺少：v3"
267,1485,明宪宗成化二十一年,陕西,无,无,无,《陕西通志》,陕西连岁大旱，百姓流亡殆尽，人相食。——嘉靖《陕西通志》卷四灾祥,泛指省级区域，不提取具体地点,"v1,v2",2,"仅存在于：v1,v2；缺少：v3,v4"
268,1485,明宪宗成化二十一年,陕西,无,华县,无,《华县县志稿》,华县：人相食。——民国《华县县志稿》卷十一人物,无,"v1,v2,v4",3,"仅存在于：v1,v2,v4；缺少：v3"
269,1485,明宪宗成化二十一年,陕西,无,华阴县,无,《华阴县志》,华阴县：大荒，民至相食，十亡八九。——万历《华阴县志》卷七祥异,无,"v1,v2,v4",3,"仅存在于：v1,v2,v4；缺少：v3"
270,1485,明宪宗成化二十一年,陕西,无,商县,无,《直录商州志》,商县：人相食。——乾隆《直录商州志》卷十四灾祥,无,"v1,v2,v4",3,"仅存在于：v1,v2,v4；缺少：v3"
271,1485,明宪宗成化二十一年,陕西,无,大荔县,无,《同州志》,大荔县：荐饥，人相食，大徙。——天启《同州志》卷十六祥禄,无,"v1,v2,v4",3,"仅存在于：v1,v2,v4；缺少：v3"
272,1485,明宪宗成化二十一年,陕西,无,富县,无,《鄜州志》,富县：大饥，死者枕藉，人相食。——康熙《鄜州志》卷七灾祥,无,"v1,v2,v4",3,"仅存在于：v1,v2,v4；缺少：v3"
273,1485,明宪宗成化二十一年,陕西,无,泾阳县,无,《泾阳县志》,泾阳县：连岁大旱，无麦禾，百姓流亡，人相食。——康熙《泾阳县志》卷一样异,无,"v1,v2,v4",3,"仅存在于：v1,v2,v4；缺少：v3"
274,1485,明宪宗成化二十一年,陕西,无,洛南县,无,《雒南县志》,洛南县：连岁旱，人相食。——康熙《雒南县志》卷七灾祥,无,"v1,v2,v4",3,"仅存在于：v1,v2,v4；缺少：v3"
275,1485,明宪宗成化二十一年,陕西,无,洛川县,无,《洛州县志》,洛川县：旱，人相食，十亡八九。——嘉庆《洛州县志》卷一样异,无,"v1,v2,v4",3,"仅存在于：v1,v2,v4；缺少：v3"
276,1485,明宪宗成化二十一年,陕西,无,潼关县,无,《续修潼关厅志》,潼关县：岁饥，人相食。——嘉庆《续修潼关厅志》卷中人物,无,"v1,v2,v4",3,"仅存在于：v1,v2,v4；缺少：v3"
277,1485,明宪宗成化二十一年,陕西,无,澄城县,无,《澄城县志》,澄城县：大饥，死者枕藉，人相食。——嘉靖《澄城县志》卷一灾祥,无,"v1,v2,v4",3,"仅存在于：v1,v2,v4；缺少：v3"
278,1485,明宪宗成化二十一年,陕西,无,白水县,无,《白水县志》,白水县：荐饥，人相食，大徙。——顺治《白水县志》卷下灾祥,无,"v1,v2,v4",3,"仅存在于：v1,v2,v4；缺少：v3"
279,1485,明宪宗成化二十一年,陕西,无,眉县,无,《郿志》,眉县：连岁大旱，流亡殆尽，人相食。——万历《郿志》卷六事纪,无,"v1,v2,v4",3,"仅存在于：v1,v2,v4；缺少：v3"
280,1485,明宪宗成化二十一年,陕西,无,蓝田县,无,《蓝田县志》,蓝田县：大饥，人相食。——顺治《蓝田县志》卷四灾异,无,"v1,v2,v4",3,"仅存在于：v1,v2,v4；缺少：v3"
281,1485,明宪宗成化二十一年,陕西,无,长安县,无,《咸宁县志》,长安县：连岁大旱，百姓流亡殆尽，人至相食。——康熙《咸宁县志》卷七祥异,无,"v1,v2,v4",3,"仅存在于：v1,v2,v4；缺少：v3"
282,1485,明宪宗成化二十一年,陕西,无,陕西,无,《陕西通志》,陕西连岁大旱，百姓流亡殆尽，人相食。——嘉靖《陕西通志》卷四灾祥,无,v4,1,"仅存在于：v4；缺少：v1,v2,v3"
283,1485,明宪宗成化二十一年,陕西,无,黄陵县,无,《续修中部县志》,黄陵县：连岁大旱，百姓流亡殆尽。人相食，十亡八九。斗米万钱。——嘉庆《续修中部县志》卷二祥异,无,"v1,v2,v4",3,"仅存在于：v1,v2,v4；缺少：v3"
284,1485,明宪宗成化二十一年,陕西,咸阳市,无,无,《咸阳县新志》,咸阳市：岁大祲，人相食。——万历《咸阳县新志》卷九纪事,无,v4,1,"仅存在于：v4；缺少：v1,v2,v3"
285,1485,明宪宗成化二十一年,陕西,咸阳市,咸阳市,无,《咸阳县新志》,咸阳市：岁大祲，人相食。——万历《咸阳县新志》卷九纪事,无,"v1,v2",2,"仅存在于：v1,v2；缺少：v3,v4"
286,1485,明宪宗成化二十一年,陕西,西安市,无,无,《长安县志》,西安市：成化二十一年至二十二年，关中连岁大旱，百姓流亡殆尽，人相食，十亡八九。——康熙《长安县志》卷六祥异,无,v4,1,"仅存在于：v4；缺少：v1,v2,v3"
287,1485,明宪宗成化二十一年,陕西,西安市,西安市,无,《长安县志》,西安市：成化二十一年至二十二年，关中连岁大旱，百姓流亡殆尽，人相食，十亡八九。——康熙《长安县志》卷六祥异,无,"v1,v2",2,"仅存在于：v1,v2；缺少：v3,v4"
288,1486,明宪宗成化二十二年,山西,无,万泉县,无,《平阳府志》,稷山县等：秋无禾，稷山、万泉人相食。八月望日，吉州雨雪深三四尺，饥馑荐臻。——万历《平阳府志》卷十灾祥,无,"v2,v4",2,"仅存在于：v2,v4；缺少：v1,v3"
289,1486,明宪宗成化二十二年,山西,无,万荣县,无,《万全县志》,万荣县：秋无禾，人相食。——康熙《万全县志》卷七祥异,无,"v1,v2,v4",3,"仅存在于：v1,v2,v4；缺少：v3"
290,1486,明宪宗成化二十二年,山西,无,屯留县,无,《屯留县志》,屯留县：秋禾稿，人相食。——雍正《屯留县志》卷一样异,无,"v1,v2,v4",3,"仅存在于：v1,v2,v4；缺少：v3"
291,1486,明宪宗成化二十二年,山西,无,嵩岚县,无,《嵩岚州志》,嵩岚县：大旱，饥，人相食。——康熙《嵩岚州志》卷一样异,无,"v1,v2,v4",3,"仅存在于：v1,v2,v4；缺少：v3"
292,1486,明宪宗成化二十二年,山西,无,潞城县,无,《潞城县志》,潞城县：大旱，禾尽稿，人相食。——康熙《潞城县志》卷八灾祥,无,"v1,v2,v4",3,"仅存在于：v1,v2,v4；缺少：v3"
293,1486,明宪宗成化二十二年,山西,无,稷山县,无,《平阳府志》,稷山县等：秋无禾，稷山、万泉人相食。八月望日，吉州雨雪深三四尺，饥馑荐臻。——万历《平阳府志》卷十灾祥,无,"v1,v2,v4",3,"仅存在于：v1,v2,v4；缺少：v3"
294,1486,明宪宗成化二十二年,山西,无,长治县,无,《长治县志》,长治县：大旱，禾尽槁，人相食。——乾隆《长治县志》卷二十一祥异,无,"v1,v2,v4",3,"仅存在于：v1,v2,v4；缺少：v3"
295,1486,明宪宗成化二十二年,河北,无,大名县,无,《大名府志》,大名县：秋八月，大旱，饥，人相食。诏赈恤。——咸丰《大名府志》卷四纪年,无,"v1,v2,v4",3,"仅存在于：v1,v2,v4；缺少：v3"
296,1486,明宪宗成化二十二年,河南,无,内黄县,无,《彰德府志》,内黄县：大饥，人相食。——乾隆五十二年《彰德府志》卷三十一祥异,无,"v1,v2,v4",3,"仅存在于：v1,v2,v4；缺少：v3"
297,1486,明宪宗成化二十二年,河南,无,长垣县,无,《长垣县志》,长垣县：大饥，米价涌贵，县民亦相食。——正德《长垣县志》卷八灾祥,无,"v1,v2,v4",3,"仅存在于：v1,v2,v4；缺少：v3"
298,1486,明宪宗成化二十二年,河南,濮阳市,无,无,《开州志》,濮阳市：岁大饥，人相食。——嘉靖《开州志》卷八祥异,无,"v1,v2,v4",3,"仅存在于：v1,v2,v4；缺少：v3"
299,1486,明宪宗成化二十二年,陕西,无,榆林县,无,《延绥镇志》,榆林县：延绥大饥，人相食。——万历《延绥镇志》卷三灾异,无,"v1,v2,v4",3,"仅存在于：v1,v2,v4；缺少：v3"
300,1487,明宪宗成化二十三年,安徽,无,凤阳县,无,《凤阳县志》,凤阳县：大饥，人相食。——乾隆《凤阳县志》卷十五纪事,无,"v1,v2",2,"仅存在于：v1,v2；缺少：v3,v4"
301,1487,明宪宗成化二十三年,安徽,无,寿县,无,《寿州志》,寿县：大饥，人相食。越明年，麦熟始安。——嘉靖《寿州志》卷八灾祥,无,"v1,v2",2,"仅存在于：v1,v2；缺少：v3,v4"
302,1487,明宪宗成化二十三年,安徽,无,霍邱县,无,《霍邱县志》,霍邱县：旱，大饥，人相食。——同治《霍邱县志》卷十六,无,"v1,v2",2,"仅存在于：v1,v2；缺少：v3,v4"
303,1487,明宪宗成化二十三年,安徽,六安市,霍邱县,无,《霍邱县志》,霍邱县：旱，大饥，人相食。——同治《霍邱县志》卷十六,无,v4,1,"仅存在于：v4；缺少：v1,v2,v3"
304,1487,明宪宗成化二十三年,安徽,淮南市,寿县,无,《寿州志》,寿县：大饥，人相食。越明年，麦熟始安。——嘉靖《寿州志》卷八灾祥,无,v4,1,"仅存在于：v4；缺少：v1,v2,v3"
305,1487,明宪宗成化二十三年,安徽,滁州市,凤阳县,无,《凤阳县志》,凤阳县：大饥，人相食。——乾隆《凤阳县志》卷十五纪事,无,v4,1,"仅存在于：v4；缺少：v1,v2,v3"
306,1487,明宪宗成化二十三年,山东,无,东明县,无,《东明县志》,东明县：岁大饥，人相食。——康熙《东明县志》卷七灾祥,无,"v1,v2",2,"仅存在于：v1,v2；缺少：v3,v4"
307,1487,明宪宗成化二十三年,山东,菏泽市,东明县,无,《东明县志》,东明县：岁大饥，人相食。——康熙《东明县志》卷七灾祥,无,v4,1,"仅存在于：v4；缺少：v1,v2,v3"
308,1487,明宪宗成化二十三年,河北,无,固安县,无,《固安县志》,固安县：多大饥，人相食。——嘉靖《固安县志》卷九灾异,无,"v1,v2",2,"仅存在于：v1,v2；缺少：v3,v4"
309,1487,明宪宗成化二十三年,河北,无,大名县,无,《大名县志》,大名县：大饥，人相食。——乾隆《大名县志》卷二十七釋祥,无,"v1,v2",2,"仅存在于：v1,v2；缺少：v3,v4"
310,1487,明宪宗成化二十三年,河北,廊坊市,固安县,无,《固安县志》,固安县：多大饥，人相食。——嘉靖《固安县志》卷九灾异,无,v4,1,"仅存在于：v4；缺少：v1,v2,v3"
311,1487,明宪宗成化二十三年,河北,邯郸市,大名县,无,《大名县志》,大名县：大饥，人相食。——乾隆《大名县志》卷二十七釋祥,无,v4,1,"仅存在于：v4；缺少：v1,v2,v3"
312,1487,明宪宗成化二十三年,河南,无,内黄县,无,《内黄县志》,内黄县：大饥，人相食。——乾隆《内黄县志》卷六编年,无,"v1,v2",2,"仅存在于：v1,v2；缺少：v3,v4"
313,1487,明宪宗成化二十三年,河南,无,南乐县,无,《南乐县志》,南乐县：岁大饥，人相食。——康熙《南乐县志》卷九纪年,无,"v1,v2",2,"仅存在于：v1,v2；缺少：v3,v4"
314,1487,明宪宗成化二十三年,河南,无,固始县,无,《固始县志》,固始县：岁大饥，人相食。越明年，麦秋始安堵。大雪，平地三尺余，民多冻死。——嘉靖《固始县志》卷九灾祥,无,"v1,v2",2,"仅存在于：v1,v2；缺少：v3,v4"
315,1487,明宪宗成化二十三年,河南,无,息县,无,《息县志》,息县：夏六月，大水，坏民庐舍。大饥，人相食。——顺治《息县志》卷十灾异,无,"v1,v2",2,"仅存在于：v1,v2；缺少：v3,v4"
316,1487,明宪宗成化二十三年,河南,无,浚县,无,《浚县志》,浚县：岁大饥，人相食。——康熙《浚县志》卷一样异,无,"v1,v2",2,"仅存在于：v1,v2；缺少：v3,v4"
317,1487,明宪宗成化二十三年,河南,无,清丰县,无,《清风县志》,清丰县：大饥，人相食。——康熙《清风县志》卷二编年,康熙县志原文为'清风县'，可能为清丰县之误,"v1,v2",2,"仅存在于：v1,v2；缺少：v3,v4"
318,1487,明宪宗成化二十三年,河南,信阳市,固始县,无,《固始县志》,固始县：岁大饥，人相食。越明年，麦秋始安堵。大雪，平地三尺余，民多冻死。——嘉靖《固始县志》卷九灾祥,无,v4,1,"仅存在于：v4；缺少：v1,v2,v3"
319,1487,明宪宗成化二十三年,河南,信阳市,息县,无,《息县志》,息县：夏六月，大水，坏民庐舍。大饥，人相食。——顺治《息县志》卷十灾异,无,v4,1,"仅存在于：v4；缺少：v1,v2,v3"
320,1487,明宪宗成化二十三年,河南,安阳市,内黄县,无,《内黄县志》,内黄县：大饥，人相食。——乾隆《内黄县志》卷六编年,无,v4,1,"仅存在于：v4；缺少：v1,v2,v3"
321,1487,明宪宗成化二十三年,河南,濮阳市,南乐县,无,《南乐县志》,南乐县：岁大饥，人相食。——康熙《南乐县志》卷九纪年,无,v4,1,"仅存在于：v4；缺少：v1,v2,v3"
322,1487,明宪宗成化二十三年,河南,濮阳市,清丰县,无,《清风县志》,清丰县：大饥，人相食。——康熙《清风县志》卷二编年,无,v4,1,"仅存在于：v4；缺少：v1,v2,v3"
323,1487,明宪宗成化二十三年,河南,鹤壁市,浚县,无,《浚县志》,浚县：岁大饥，人相食。——康熙《浚县志》卷一样异,无,v4,1,"仅存在于：v4；缺少：v1,v2,v3"
324,1487,明宪宗成化二十三年,湖北,无,鄂州市,无,《湖广通志》,鄂州市：大旱，人相食。——康熙《湖广通志》卷三祥异,无,v1,1,"仅存在于：v1；缺少：v2,v3,v4"
325,1487,明宪宗成化二十三年,湖北,武汉市,无,江夏,《江夏县志》,武汉市：大旱，人相食。——康熙二十二年《江夏县志》卷一灾祥,江夏为推测，原文为古代地名江夏,v2,1,"仅存在于：v2；缺少：v1,v3,v4"
326,1487,明宪宗成化二十三年,湖北,武汉市,武汉市,江夏,《江夏县志》,武汉市：大旱，人相食。——康熙二十二年《江夏县志》卷一灾祥,武汉市为推测，原文为古代地名江夏,v4,1,"仅存在于：v4；缺少：v1,v2,v3"
327,1487,明宪宗成化二十三年,湖北,武汉市,江夏县,无,《江夏县志》,武汉市：大旱，人相食。——康熙二十二年《江夏县志》卷一灾祥,无,v1,1,"仅存在于：v1；缺少：v2,v3,v4"
328,1487,明宪宗成化二十三年,湖北,鄂州市,无,鄂州,《湖广通志》,鄂州市：大旱，人相食。——康熙《湖广通志》卷三祥异,鄂州为推测，原文为古代地名鄂州,v2,1,"仅存在于：v2；缺少：v1,v3,v4"
329,1487,明宪宗成化二十三年,湖北,鄂州市,鄂州市,无,《湖广通志》,鄂州市：大旱，人相食。——康熙《湖广通志》卷三祥异,无,v4,1,"仅存在于：v4；缺少：v1,v2,v3"
330,1487,明宪宗成化二十三年,陕西,无,武功县,无,《明史·五行志》,武功县：陕西大饥。武功民有杀食宿客者。——《明史·五行志》,无,"v1,v2",2,"仅存在于：v1,v2；缺少：v3,v4"
331,1487,明宪宗成化二十三年,陕西,咸阳市,武功县,无,《明史·五行志》,武功县：陕西大饥。武功民有杀食宿客者。——《明史·五行志》,无,v4,1,"仅存在于：v4；缺少：v1,v2,v3"
332,1487,明宪宗成化二十三年,陕西,铜川市,无,同官,《同官县志》,铜川市：同官大饥，人相食。——崇祯《同官县志》卷十灾异,同官为推测，原文为古代地名同官,v2,1,"仅存在于：v2；缺少：v1,v3,v4"
333,1487,明宪宗成化二十三年,陕西,铜川市,同官县,同官,《同官县志》,铜川市：同官大饥，人相食。——崇祯《同官县志》卷十灾异,无,v1,1,"仅存在于：v1；缺少：v2,v3,v4"
334,1487,明宪宗成化二十三年,陕西,铜川市,铜川市,同官,《同官县志》,铜川市：同官大饥，人相食。——崇祯《同官县志》卷十灾异,铜川市为推测，原文为古代地名同官,v4,1,"仅存在于：v4；缺少：v1,v2,v3"
335,1488,明孝宗弘治元年,四川,无,乐至县,无,《乐至县志》,乐至县：大旱，大饥相食。——雍正《乐至县志》祥异,无,"v1,v2,v4",3,"仅存在于：v1,v2,v4；缺少：v3"
336,1488,明孝宗弘治元年,四川,无,安岳县,无,《安岳县志》,安岳县：大旱，人相食。——道光《安岳县志》卷十五祥异,无,"v1,v2,v4",3,"仅存在于：v1,v2,v4；缺少：v3"
337,1488,明孝宗弘治元年,四川,无,营山县,无,《营山县志》,营山县：大旱，饥，人相食。夏秋不雨。冬地震。——万历《营山县志》卷八灾祥,无,"v1,v2,v4",3,"仅存在于：v1,v2,v4；缺少：v3"
338,1488,明孝宗弘治元年,四川,南充市,营山县,无,《营山县志》,营山县：大旱，饥，人相食。夏秋不雨。冬地震。——万历《营山县志》卷八灾祥,无,v3,1,"仅存在于：v3；缺少：v1,v2,v4"
339,1488,明孝宗弘治元年,四川,资阳市,乐至县,无,《乐至县志》,乐至县：大旱，大饥相食。——雍正《乐至县志》祥异,无,v3,1,"仅存在于：v3；缺少：v1,v2,v4"
340,1488,明孝宗弘治元年,四川,资阳市,安岳县,无,《安岳县志》,安岳县：大旱，人相食。——道光《安岳县志》卷十五祥异,无,v3,1,"仅存在于：v3；缺少：v1,v2,v4"
341,1488,明孝宗弘治元年,湖北,武汉市,无,无,《汉阳府志》,武汉市：旱，人相食。——嘉靖《汉阳府志》卷二方域,无,"v1,v2,v3,v4",4,
342,1488,明孝宗弘治元年,湖南,无,华容县,无,《岳州府志》,华容县：岳阳大旱饥，华容人相食。自正月不雨至九月，田中无苗，百物食尽，又兼时疫流行，道馑相望。华容人又相食者。虽发帑散赈，不能遍。——乾隆十一年《岳州府志》卷二十九事纪,无,"v1,v2,v4",3,"仅存在于：v1,v2,v4；缺少：v3"
343,1488,明孝宗弘治元年,湖南,无,安乡县,无,《直录澧州志林》,澧县：大旱，春正月不雨至九月。慈利、安乡人相食。——乾隆《直录澧州志林》卷十九 機祥,无,v2,1,"仅存在于：v2；缺少：v1,v3,v4"
344,1488,明孝宗弘治元年,湖南,无,慈利县,无,《直录澧州志林》,澧县：大旱，春正月不雨至九月。慈利、安乡人相食。——乾隆《直录澧州志林》卷十九 機祥,无,"v1,v2",2,"仅存在于：v1,v2；缺少：v3,v4"
345,1488,明孝宗弘治元年,湖南,无,澧县,澧州,《直录澧州志林》,澧县：大旱，春正月不雨至九月。慈利、安乡人相食。——乾隆《直录澧州志林》卷十九 機祥,澧县为推测，原文为澧县；澧州为古代地名；'直录'可能为'直隶'之误；原文无市名，澧县现属常德市,v4,1,"仅存在于：v4；缺少：v1,v2,v3"
346,1488,明孝宗弘治元年,湖南,岳阳市,华容县,无,《岳州府志》,华容县：岳阳大旱饥，华容人相食。自正月不雨至九月，田中无苗，百物食尽，又兼时疫流行，道馑相望。华容人又相食者。虽发帑散赈，不能遍。——乾隆十一年《岳州府志》卷二十九事纪,无,v3,1,"仅存在于：v3；缺少：v1,v2,v4"
347,1488,明孝宗弘治元年,湖南,常德市,安乡县,无,《直录澧州志林》,澧县：大旱，春正月不雨至九月。慈利、安乡人相食。——乾隆《直录澧州志林》卷十九 機祥,无,v3,1,"仅存在于：v3；缺少：v1,v2,v4"
348,1488,明孝宗弘治元年,湖南,常德市,慈利县,无,《直录澧州志林》,澧县：大旱，春正月不雨至九月。慈利、安乡人相食。——乾隆《直录澧州志林》卷十九 機祥,无,v3,1,"仅存在于：v3；缺少：v1,v2,v4"
349,1488,明孝宗弘治元年,陕西,无,略阳县,无,《略阳县志》,略阳县：夏大旱，冬至人相食。——雍正《略阳县志》卷一灾祥,无,"v1,v2,v3,v4",4,
350,1488,明孝宗弘治元年,陕西,无,靖边县,无,《靖边县志》,靖边县：大荒，人相食。——康熙《靖边县志》灾异,无,"v1,v2,v3,v4",4,
351,1492,明孝宗弘治五年,山东,无,无棣县,无,《海丰县志》,无棣县：海丰旱，大饥，人相食。——康熙《海丰县志》卷四纪事,无,"v1,v2,v3,v4",4,
352,1492,明孝宗弘治五年,山东,临沂市,无,无,《华北、东北近五百年旱涝史料》,临沂市：大旱饥，人相食。——《华北、东北近五百年旱涝史料》第三分册，第98页。,无,"v3,v4",2,"仅存在于：v3,v4；缺少：v1,v2"
353,1492,明孝宗弘治五年,山东,临沂市,临沂,无,《华北、东北近五百年旱涝史料》,临沂市：大旱饥，人相食。——《华北、东北近五百年旱涝史料》第三分册，第98页。,无,v1,1,"仅存在于：v1；缺少：v2,v3,v4"
354,1492,明孝宗弘治五年,山东,临沂市,临沂县,无,《华北、东北近五百年旱涝史料》,临沂市：大旱饥，人相食。——《华北、东北近五百年旱涝史料》第三分册，第98页。,无,v2,1,"仅存在于：v2；缺少：v1,v3,v4"
355,1492,明孝宗弘治五年,山东,日照市,无,无,《日照县志》,日照市：大旱，民相食。——康熙《日照县志》卷一纪事,无,"v3,v4",2,"仅存在于：v3,v4；缺少：v1,v2"
356,1492,明孝宗弘治五年,山东,日照市,日照,无,《日照县志》,日照市：大旱，民相食。——康熙《日照县志》卷一纪事,无,v1,1,"仅存在于：v1；缺少：v2,v3,v4"
357,1492,明孝宗弘治五年,山东,日照市,日照县,无,《日照县志》,日照市：大旱，民相食。——康熙《日照县志》卷一纪事,无,v2,1,"仅存在于：v2；缺少：v1,v3,v4"
358,1492,明孝宗弘治五年,山东,淄博市,无,无,《淄川县志》,淄博市：大饥，人相食。——嘉靖《淄川县志》卷二祥异,无,v3,1,"仅存在于：v3；缺少：v1,v2,v4"
359,1492,明孝宗弘治五年,山东,淄博市,淄川,无,《淄川县志》,淄博市：大饥，人相食。——嘉靖《淄川县志》卷二祥异,无,v1,1,"仅存在于：v1；缺少：v2,v3,v4"
360,1492,明孝宗弘治五年,山东,淄博市,淄川县,无,《淄川县志》,淄博市：大饥，人相食。——嘉靖《淄川县志》卷二祥异,无,"v2,v4",2,"仅存在于：v2,v4；缺少：v1,v3"
361,1494,明孝宗弘治七年,山东,无,宁津县,无,《宁津县志》,山东：宁津县：大饥，人相食。——万历《宁津县志》卷四祥异,无,"v1,v2,v3,v4",4,
362,1503,明孝宗弘治十六年,安徽,无,天长县,无,《皇明天长志》,安徽：天长县：岁大饥，民相食。——嘉靖《皇明天长志》卷七灾祥,无,"v1,v2,v3,v4",4,
363,1504,明孝宗弘治十七年,安徽,无,凤阳,无,《凤阳县志》,凤阳县：凤阳游饥，人相食。——乾隆《凤阳县志》卷十五纪事,无,"v3,v4",2,"仅存在于：v3,v4；缺少：v1,v2"
364,1504,明孝宗弘治十七年,安徽,无,凤阳县,无,《凤阳县志》,凤阳县：凤阳游饥，人相食。——乾隆《凤阳县志》卷十五纪事,无,v1,1,"仅存在于：v1；缺少：v2,v3,v4"
365,1504,明孝宗弘治十七年,安徽,无,寿县,无,《寿州志》,寿县：淮、扬、庐、凤游饥，人相食，且发瘞胄以继之。——光绪《寿州志》卷三十六,无,"v1,v3,v4",3,"仅存在于：v1,v3,v4；缺少：v2"
366,1504,明孝宗弘治十七年,江苏,无,盱眙,无,《盯眙县志稿》,"盱眙：""自夏四月不雨至秋九月""，""淮安…湧饥，人相食""。——光绪《盯眙县志稿》卷十七","原文为""盯眙""，疑似OCR错误，应为""盱眙""","v1,v4",2,"仅存在于：v1,v4；缺少：v2,v3"
367,1504,明孝宗弘治十七年,江苏,扬州,无,无,《明史》,扬州市等：淮、扬、庐、凤游饥，人相食，且发瘞嗇以继之。——《明史》卷30《五行志》,无,"v1,v4",2,"仅存在于：v1,v4；缺少：v2,v3"
368,1504,明孝宗弘治十七年,江苏,扬州,扬州,无,《明史》,扬州市等：淮、扬、庐、凤游饥，人相食，且发瘞嗇以继之。——《明史》卷30《五行志》,无,v3,1,"仅存在于：v3；缺少：v1,v2,v4"
369,1504,明孝宗弘治十七年,江苏,淮安,盱眙,无,《盯眙县志稿》,盱眙：“自夏四月不雨至秋九月”，“淮安…湧饥，人相食”。——光绪《盯眙县志稿》卷十七,无,v3,1,"仅存在于：v3；缺少：v1,v2,v4"
370,1508,明武宗正德三年,安徽,无,寿县,无,《寿州志》,寿县：蝗，大饥，疫，人相食。——嘉靖《寿州志》卷八灾祥,无,"v1,v3,v4",3,"仅存在于：v1,v3,v4；缺少：v2"
371,1508,明武宗正德三年,安徽,无,蒙城县,无,《蒙城县志》,蒙城县：大饥，人相食，复大疫。——顺治《蒙城县志》卷六灾祥,无,"v1,v3,v4",3,"仅存在于：v1,v3,v4；缺少：v2"
372,1508,明武宗正德三年,安徽,无,霍邱县,无,《霍邱县志》,霍邱县：蝗，大饥，疫，人相食。——乾隆《霍邱县志》卷十二灾祥,无,"v1,v3,v4",3,"仅存在于：v1,v3,v4；缺少：v2"
373,1508,明武宗正德三年,安徽,亳州市,蒙城县,无,《蒙城县志》,蒙城县：大饥，人相食，复大疫。——顺治《蒙城县志》卷六灾祥,无,v2,1,"仅存在于：v2；缺少：v1,v3,v4"
374,1508,明武宗正德三年,安徽,六安市,霍邱县,无,《霍邱县志》,霍邱县：蝗，大饥，疫，人相食。——乾隆《霍邱县志》卷十二灾祥,无,v2,1,"仅存在于：v2；缺少：v1,v3,v4"
375,1508,明武宗正德三年,安徽,淮南市,寿县,无,《寿州志》,寿县：蝗，大饥，疫，人相食。——嘉靖《寿州志》卷八灾祥,无,v2,1,"仅存在于：v2；缺少：v1,v3,v4"
376,1508,明武宗正德三年,山东,临沂市,临沂市,无,《临沂县志》,临沂市：大旱，人相食。——民国《临沂县志》卷一通纪,无,"v1,v2,v3,v4",4,
377,1508,明武宗正德三年,山东,日照市,日照市,无,《日照县志》,日照市：大旱，人相食。——康熙《日照县志》卷一纪异,无,"v1,v2,v3,v4",4,
378,1508,明武宗正德三年,河北,无,固安县,无,《固安县志》,固安县：大旱，人相食。——嘉靖《固安县志》卷九灾异,无,"v1,v3,v4",3,"仅存在于：v1,v3,v4；缺少：v2"
379,1508,明武宗正德三年,河北,廊坊市,固安县,无,《固安县志》,固安县：大旱，人相食。——嘉靖《固安县志》卷九灾异,无,v2,1,"仅存在于：v2；缺少：v1,v3,v4"
380,1508,明武宗正德三年,河南,无,上蔡县,无,《上蔡县志》,上蔡县：大旱，人相食。——康熙《上蔡县志》卷十二编年,无,"v1,v3,v4",3,"仅存在于：v1,v3,v4；缺少：v2"
381,1508,明武宗正德三年,河南,无,光山县,无,《光山县志》,光山县：夏旱，大饥，流亡满路，人有相食者。——嘉靖《光山县志》,无,"v1,v3,v4",3,"仅存在于：v1,v3,v4；缺少：v2"
382,1508,明武宗正德三年,河南,无,固始县,无,《固始县志》,固始县：大旱，人相食。——嘉靖《固始县志》卷九灾祥,无,"v1,v3,v4",3,"仅存在于：v1,v3,v4；缺少：v2"
383,1508,明武宗正德三年,河南,无,息县,无,《息县志》,息县：夏大旱，饥，人相食。——顺治《息县志》卷十灾异,无,"v1,v3,v4",3,"仅存在于：v1,v3,v4；缺少：v2"
384,1508,明武宗正德三年,河南,无,正阳县,无,《真阳县志》,正阳县：大旱，人相食，田野沟壑皆死尸。——嘉靖《真阳县志》卷九祥异,无,"v1,v3,v4",3,"仅存在于：v1,v3,v4；缺少：v2"
385,1508,明武宗正德三年,河南,无,汝南县,无,《汝南志》,汝南县：是岁，郡中大旱，饥，人相食。——万历《汝南志》卷二十四灾祥,无,"v1,v3,v4",3,"仅存在于：v1,v3,v4；缺少：v2"
386,1508,明武宗正德三年,河南,无,确山县,无,《确山县志》,确山县：夏旱，大饥，人相食。——乾隆《确山县志》卷四禪祥,无,"v1,v3,v4",3,"仅存在于：v1,v3,v4；缺少：v2"
387,1508,明武宗正德三年,河南,无,鲁山县,无,《鲁山县志》,鲁山县：自四月始雨，继后昼晴夜雨，自七月终方止。夏麦秋禾俱未成熟，人相食者甚多，民多逃死。至四年，夏秋大熟，斗粟钱十文矣。——嘉靖《鲁山县志》卷十灾祥,无,"v1,v3,v4",3,"仅存在于：v1,v3,v4；缺少：v2"
388,1508,明武宗正德三年,河南,信阳市,光山县,无,《光山县志》,光山县：夏旱，大饥，流亡满路，人有相食者。——嘉靖《光山县志》,无,v2,1,"仅存在于：v2；缺少：v1,v3,v4"
389,1508,明武宗正德三年,河南,信阳市,固始县,无,《固始县志》,固始县：大旱，人相食。——嘉靖《固始县志》卷九灾祥,无,v2,1,"仅存在于：v2；缺少：v1,v3,v4"
390,1508,明武宗正德三年,河南,信阳市,息县,无,《息县志》,息县：夏大旱，饥，人相食。——顺治《息县志》卷十灾异,无,v2,1,"仅存在于：v2；缺少：v1,v3,v4"
391,1508,明武宗正德三年,河南,平顶山市,鲁山县,无,《鲁山县志》,鲁山县：自四月始雨，继后昼晴夜雨，自七月终方止。夏麦秋禾俱未成熟，人相食者甚多，民多逃死。至四年，夏秋大熟，斗粟钱十文矣。——嘉靖《鲁山县志》卷十灾祥,无,v2,1,"仅存在于：v2；缺少：v1,v3,v4"
392,1508,明武宗正德三年,河南,驻马店市,上蔡县,无,《上蔡县志》,上蔡县：大旱，人相食。——康熙《上蔡县志》卷十二编年,无,v2,1,"仅存在于：v2；缺少：v1,v3,v4"
393,1508,明武宗正德三年,河南,驻马店市,正阳县,无,《真阳县志》,正阳县：大旱，人相食，田野沟壑皆死尸。——嘉靖《真阳县志》卷九祥异,无,v2,1,"仅存在于：v2；缺少：v1,v3,v4"
394,1508,明武宗正德三年,河南,驻马店市,汝南县,无,《汝南志》,汝南县：是岁，郡中大旱，饥，人相食。——万历《汝南志》卷二十四灾祥,无,v2,1,"仅存在于：v2；缺少：v1,v3,v4"
395,1508,明武宗正德三年,河南,驻马店市,确山县,无,《确山县志》,确山县：夏旱，大饥，人相食。——乾隆《确山县志》卷四禪祥,无,v2,1,"仅存在于：v2；缺少：v1,v3,v4"
396,1508,明武宗正德三年,湖北,襄樊市,无,无,《襄阳府志》,襄樊市：自五月不雨，至子己巳三月。民饥乏食，饿殍盈途，或有相食者。——正德《襄阳府志》卷九祥异,无,v2,1,"仅存在于：v2；缺少：v1,v3,v4"
397,1508,明武宗正德三年,湖北,襄樊市,襄樊市,无,《襄阳府志》,襄樊市：自五月不雨，至子己巳三月。民饥乏食，饿殍盈途，或有相食者。——正德《襄阳府志》卷九祥异,无,"v1,v3,v4",3,"仅存在于：v1,v3,v4；缺少：v2"
398,1509,明武宗正德四年,安徽,无,凤阳县,无,《凤阳县志》,凤阳县：夏大旱，蝗飞蔽日。岁大饥，人相食。——乾隆《凤阳县志》卷十五纪事,无,"v1,v3",2,"仅存在于：v1,v3；缺少：v2,v4"
399,1509,明武宗正德四年,安徽,无,太和县,无,《太和县志》,太和县：春大饥，人相食。——民国《太和县志》卷十二灾祥,无,"v1,v3",2,"仅存在于：v1,v3；缺少：v2,v4"
400,1509,明武宗正德四年,安徽,无,宿县,宿州,《宿州志》,宿县：夏大旱，蝗飞蔽日。岁大饥，人相食。——嘉靖《宿州志》卷八祥异,宿县为推测，原文为古代地名宿州,"v1,v3",2,"仅存在于：v1,v3；缺少：v2,v4"
401,1509,明武宗正德四年,安徽,无,寿县,寿州,《寿州志》,寿县：夏大旱，蝗飞蔽日。岁大饥，人相食。——乾隆《寿州志》卷十一灾祥,寿县为推测，原文为古代地名寿州,"v1,v3",2,"仅存在于：v1,v3；缺少：v2,v4"
402,1509,明武宗正德四年,安徽,无,广德县,无,《广德直录州志》,广德县：春饥，人相食。夏大疫，死者方计，遗骸载道。秋，大水灌城。冬，冰坚地坼，禽兽草木皆死。——乾隆《广德直录州志》卷四十八祥异,无,"v1,v3",2,"仅存在于：v1,v3；缺少：v2,v4"
403,1509,明武宗正德四年,安徽,无,灵璧县,无,《灵璧县志》,灵璧县：夏大旱，蝗，岁饥，人相食。——康熙《灵璧县志》卷一祥异,无,"v1,v3",2,"仅存在于：v1,v3；缺少：v2,v4"
404,1509,明武宗正德四年,安徽,无,颍上县,无,《颍上县志》,颍上县：春大饥，人相吞噬。——顺治《颍上县志》卷十一灾祥,无,"v1,v3",2,"仅存在于：v1,v3；缺少：v2,v4"
405,1509,明武宗正德四年,安徽,无,颍州,颍州,《颍州志》,阜阳市：春大饥，人相食。——嘉靖十五年《颍州志》卷一郡纪,阜阳市为推测，原文为古代地名颍州,v1,1,"仅存在于：v1；缺少：v2,v3,v4"
406,1509,明武宗正德四年,安徽,宣城市,广德县,无,《广德直录州志》,广德县：春饥，人相食。夏大疫，死者方计，遗骸载道。秋，大水灌城。冬，冰坚地坼，禽兽草木皆死。——乾隆《广德直录州志》卷四十八祥异,无,v4,1,"仅存在于：v4；缺少：v1,v2,v3"
407,1509,明武宗正德四年,安徽,宣城市,广德市,无,《广德直录州志》,广德县：春饥，人相食。夏大疫，死者方计，遗骸载道。秋，大水灌城。冬，冰坚地坼，禽兽草木皆死。——乾隆《广德直录州志》卷四十八祥异,无,v2,1,"仅存在于：v2；缺少：v1,v3,v4"
408,1509,明武宗正德四年,安徽,宿州市,宿县,无,《宿州志》,宿县：夏大旱，蝗飞蔽日。岁大饥，人相食。——嘉靖《宿州志》卷八祥异,无,"v2,v4",2,"仅存在于：v2,v4；缺少：v1,v3"
409,1509,明武宗正德四年,安徽,宿州市,灵璧县,无,《灵璧县志》,灵璧县：夏大旱，蝗，岁饥，人相食。——康熙《灵璧县志》卷一祥异,无,"v2,v4",2,"仅存在于：v2,v4；缺少：v1,v3"
410,1509,明武宗正德四年,安徽,淮南市,寿县,无,《寿州志》,寿县：夏大旱，蝗飞蔽日。岁大饥，人相食。——乾隆《寿州志》卷十一灾祥,无,"v2,v4",2,"仅存在于：v2,v4；缺少：v1,v3"
411,1509,明武宗正德四年,安徽,滁州市,凤阳县,无,《凤阳县志》,凤阳县：夏大旱，蝗飞蔽日。岁大饥，人相食。——乾隆《凤阳县志》卷十五纪事,无,"v2,v4",2,"仅存在于：v2,v4；缺少：v1,v3"
412,1509,明武宗正德四年,安徽,阜阳市,无,无,《颍州志》,阜阳市：春大饥，人相食。——嘉靖十五年《颍州志》卷一郡纪,无,v2,1,"仅存在于：v2；缺少：v1,v3,v4"
413,1509,明武宗正德四年,安徽,阜阳市,太和县,无,《太和县志》,太和县：春大饥，人相食。——民国《太和县志》卷十二灾祥,无,"v2,v4",2,"仅存在于：v2,v4；缺少：v1,v3"
414,1509,明武宗正德四年,安徽,阜阳市,阜阳市,无,《颍州志》,阜阳市：春大饥，人相食。——嘉靖十五年《颍州志》卷一郡纪,无,v4,1,"仅存在于：v4；缺少：v1,v2,v3"
415,1509,明武宗正德四年,安徽,阜阳市,颍上县,无,《颍上县志》,颍上县：春大饥，人相吞噬。——顺治《颍上县志》卷十一灾祥,无,v4,1,"仅存在于：v4；缺少：v1,v2,v3"
416,1509,明武宗正德四年,安徽,阜阳市,颍州,颍州,《颍州志》,阜阳市：春大饥，人相食。——嘉靖十五年《颍州志》卷一郡纪,无,v3,1,"仅存在于：v3；缺少：v1,v2,v4"
417,1509,明武宗正德四年,山东,无,文登县,无,《文登县志》,文登县：大饥，人相食。——光绪《文登县志》卷十四灾异,无,"v1,v3",2,"仅存在于：v1,v3；缺少：v2,v4"
418,1509,明武宗正德四年,山东,无,栖霞县,无,《栖霞县志》,栖霞县：大饥，人相食。——康熙十一年《栖霞县志》卷七祥异,无,"v1,v3",2,"仅存在于：v1,v3；缺少：v2,v4"
419,1509,明武宗正德四年,山东,无,海阳县,无,《海阳县志》,海阳县：大饥，人相食。——乾隆《海阳县志》卷三灾祥,无,"v1,v3",2,"仅存在于：v1,v3；缺少：v2,v4"
420,1509,明武宗正德四年,山东,无,福山县,无,《福山县志》,烟台市：大饥，人相食。——康熙《福山县志》卷一灾祥,无,v1,1,"仅存在于：v1；缺少：v2,v3,v4"
421,1509,明武宗正德四年,山东,无,莱阳县,无,《莱阳县志》,莱阳县：大饥，人相食。——康熙《莱阳县志》卷九灾祥,无,"v1,v3",2,"仅存在于：v1,v3；缺少：v2,v4"
422,1509,明武宗正德四年,山东,威海市,文登县,无,《文登县志》,文登县：大饥，人相食。——光绪《文登县志》卷十四灾异,无,v4,1,"仅存在于：v4；缺少：v1,v2,v3"
423,1509,明武宗正德四年,山东,威海市,文登市,无,《文登县志》,文登县：大饥，人相食。——光绪《文登县志》卷十四灾异,无,v2,1,"仅存在于：v2；缺少：v1,v3,v4"
424,1509,明武宗正德四年,山东,烟台市,栖霞县,无,《栖霞县志》,栖霞县：大饥，人相食。——康熙十一年《栖霞县志》卷七祥异,无,"v2,v4",2,"仅存在于：v2,v4；缺少：v1,v3"
425,1509,明武宗正德四年,山东,烟台市,海阳县,无,《海阳县志》,海阳县：大饥，人相食。——乾隆《海阳县志》卷三灾祥,无,v4,1,"仅存在于：v4；缺少：v1,v2,v3"
426,1509,明武宗正德四年,山东,烟台市,海阳市,无,《海阳县志》,海阳县：大饥，人相食。——乾隆《海阳县志》卷三灾祥,无,v2,1,"仅存在于：v2；缺少：v1,v3,v4"
427,1509,明武宗正德四年,山东,烟台市,福山区,无,《福山县志》,烟台市：大饥，人相食。——康熙《福山县志》卷一灾祥,无,v2,1,"仅存在于：v2；缺少：v1,v3,v4"
428,1509,明武宗正德四年,山东,烟台市,福山县,无,《福山县志》,烟台市：大饥，人相食。——康熙《福山县志》卷一灾祥,无,"v3,v4",2,"仅存在于：v3,v4；缺少：v1,v2"
429,1509,明武宗正德四年,山东,烟台市,莱阳县,无,《莱阳县志》,莱阳县：大饥，人相食。——康熙《莱阳县志》卷九灾祥,无,v4,1,"仅存在于：v4；缺少：v1,v2,v3"
430,1509,明武宗正德四年,山东,烟台市,莱阳市,无,《莱阳县志》,莱阳县：大饥，人相食。——康熙《莱阳县志》卷九灾祥,无,v2,1,"仅存在于：v2；缺少：v1,v3,v4"
431,1510,明武宗正德五年,安徽,无,太和县,无,《太和县志》,太和县；春大饥，人相食。——民国《太和县志》卷十二,无,"v1,v2,v3,v4",4,
432,1511,明武宗正德六年,安徽,无,怀远县,无,《怀远县志》,安徽怀远县：蝗飞蔽日，岁大饥，人相食。——雍正《怀远县志》卷八灾异,无,"v1,v2,v3,v4",4,
433,1511,明武宗正德六年,山西,无,蒲县,无,《蒲县志》,山西蒲县：大饥，人相食。——乾隆《蒲县志》卷九祥异,无,"v1,v2,v3,v4",4,
434,1512,明武宗正德七年,河南,无,禹县,无,《禹州志》,河南禹县：大饥，民食荞花、荆子，人相食。——顺治《禹州志》卷九濂祥,无,"v1,v2,v3,v4",4,
435,1512,明武宗正德七年,湖北,无,丹江口市,无,《均州志》,湖北丹江口市：春大饥，人相食。六月，蝗。——康熙《均州志》卷二灾祥,无,"v1,v2,v3,v4",4,
436,1512,明武宗正德七年,陕西,无,黄陵县,无,《续修中部县志》,陕西黄陵县：大旱，人相食。——嘉庆《续修中部县志》卷二祥异,无,"v1,v2,v3,v4",4,
437,1513,明武宗正德八年,陕西,无,米脂,无,《米脂县志》转引《西北灾荒史》,陕西：米脂：大饥，人相食。——《米脂县志》（光绪三十三年），转引自《西北灾荒史》第1606页。,无,"v1,v2,v3,v4",4,
438,1516,明武宗正德十一年,山东,无,滕县,无,《滕县志》,山东：滕县：大饥，人相食。——康熙五十六年《滕县志》卷三灾异,无,"v1,v3,v4",3,"仅存在于：v1,v3,v4；缺少：v2"
439,1516,明武宗正德十一年,山东,滕县,滕县,无,《滕县志》,山东：滕县：大饥，人相食。——康熙五十六年《滕县志》卷三灾异,无,v2,1,"仅存在于：v2；缺少：v1,v3,v4"
440,1517,明武宗正德十二年,河北,无,安国县,无,《祁州志》,河北：安国县：夏六月，大水，损禾稼。冬，人相食。——康熙《祁州志》卷十灾异,无,"v1,v2,v3,v4",4,
441,1517,明武宗正德十二年,河北,无,安新县,无,《安州志》,河北：安新县：夏大水，民田涂没，寸草无余，人相食。——康熙《安州志》卷七祥异,无,"v1,v2,v3,v4",4,
442,1519,明武宗正德十四年,江苏,扬州,无,无,《明史》,江苏扬州市等：是岁，淮、扬饥，人相食。——《明史》卷一六《武宗本纪》,无,v4,1,"仅存在于：v4；缺少：v1,v2,v3"
443,1519,明武宗正德十四年,江苏,扬州市,无,无,《明史》,扬州市等：是岁，淮、扬饥，人相食。——《明史》卷一六《武宗本纪》,无,"v1,v2,v3",3,"仅存在于：v1,v2,v3；缺少：v4"
444,1520,明武宗正德十五年,江苏,无,淮安县,无,《安东县志》,江苏淮安县：正月，以水灾免淮安等处粮草有差。以户部言淮安等处大饥，人相食。自去冬屡行赈贷。——光绪《安东县志》卷五灾异,无,"v1,v2,v3",3,"仅存在于：v1,v2,v3；缺少：v4"
445,1520,明武宗正德十五年,江苏,淮安市,淮安县,无,《安东县志》,淮安县：正月，以水灾免淮安等处粮草有差。以户部言淮安等处大饥，人相食。自去冬屡行赈贷。——光绪《安东县志》卷五灾异,无,v4,1,"仅存在于：v4；缺少：v1,v2,v3"
446,1521,明武宗正德十六年,山东,无,泗水县,无,《泗水县志》,泗水县：大饥，人相食。——康熙《泗水县志》卷十一灾祥,无,"v1,v2,v4",3,"仅存在于：v1,v2,v4；缺少：v3"
447,1521,明武宗正德十六年,山东,无,滕县,无,《滕县志》,藤县：大饥，人相食。——康熙《滕县志》卷三灾异,无,v1,1,"仅存在于：v1；缺少：v2,v3,v4"
448,1521,明武宗正德十六年,山东,无,藤县,无,《滕县志》,藤县：大饥，人相食。——康熙《滕县志》卷三灾异,无,"v2,v4",2,"仅存在于：v2,v4；缺少：v1,v3"
449,1521,明武宗正德十六年,山东,枣庄市,藤县,无,《滕县志》,藤县：大饥，人相食。——康熙《滕县志》卷三灾异,无,v3,1,"仅存在于：v3；缺少：v1,v2,v4"
450,1521,明武宗正德十六年,山东,济宁市,泗水县,无,《泗水县志》,泗水县：大饥，人相食。——康熙《泗水县志》卷十一灾祥,无,v3,1,"仅存在于：v3；缺少：v1,v2,v4"
451,1521,明武宗正德十六年,河北,无,万全县,无,《万全县志》,万全县：大饥，人相食。——乾隆《万全县志》卷二灾祥,无,"v1,v2,v4",3,"仅存在于：v1,v2,v4；缺少：v3"
452,1521,明武宗正德十六年,河北,无,怀安县,无,《怀安县志》,怀安县：春三月，大饥，人相食。——乾隆《怀安县志》卷二十二灾祥,无,"v1,v2,v4",3,"仅存在于：v1,v2,v4；缺少：v3"
453,1521,明武宗正德十六年,河北,无,怀来县,无,《怀来县志》,怀来县：春三月，大饥，人相食。——康熙《怀来县志》卷二灾祥,无,"v1,v2,v4",3,"仅存在于：v1,v2,v4；缺少：v3"
454,1521,明武宗正德十六年,河北,无,涿鹿县,无,《保安州志》,涿鹿县：春三月，大饥，人相食。——康熙十一年《保安州志》卷二灾异,无,"v1,v2,v4",3,"仅存在于：v1,v2,v4；缺少：v3"
455,1521,明武宗正德十六年,河北,无,蔚县,无,《蔚县志》,蔚县：大饥，人相食。——乾隆《蔚县志》卷二十九祥异,无,"v1,v2,v4",3,"仅存在于：v1,v2,v4；缺少：v3"
456,1521,明武宗正德十六年,河北,无,赤城县,无,《龙门县志》,赤城县：春三月，大饥，人相食。——康熙《龙门县志》卷二灾祥,无,"v1,v2,v4",3,"仅存在于：v1,v2,v4；缺少：v3"
457,1521,明武宗正德十六年,河北,无,阳原县,无,《西宁县志》,阳原县：春三月，大饥，人相食。——康熙《西宁县志》卷一灾祥,无,"v1,v2,v4",3,"仅存在于：v1,v2,v4；缺少：v3"
458,1521,明武宗正德十六年,河北,张家口市,万全县,无,《万全县志》,万全县：大饥，人相食。——乾隆《万全县志》卷二灾祥,无,v3,1,"仅存在于：v3；缺少：v1,v2,v4"
459,1521,明武宗正德十六年,河北,张家口市,怀安县,无,《怀安县志》,怀安县：春三月，大饥，人相食。——乾隆《怀安县志》卷二十二灾祥,无,v3,1,"仅存在于：v3；缺少：v1,v2,v4"
460,1521,明武宗正德十六年,河北,张家口市,怀来县,无,《怀来县志》,怀来县：春三月，大饥，人相食。——康熙《怀来县志》卷二灾祥,无,v3,1,"仅存在于：v3；缺少：v1,v2,v4"
461,1521,明武宗正德十六年,河北,张家口市,涿鹿县,保安州,《保安州志》,涿鹿县：春三月，大饥，人相食。——康熙十一年《保安州志》卷二灾异,无,v3,1,"仅存在于：v3；缺少：v1,v2,v4"
462,1521,明武宗正德十六年,河北,张家口市,蔚县,无,《蔚县志》,蔚县：大饥，人相食。——乾隆《蔚县志》卷二十九祥异,无,v3,1,"仅存在于：v3；缺少：v1,v2,v4"
463,1521,明武宗正德十六年,河北,张家口市,赤城县,无,《龙门县志》,赤城县：春三月，大饥，人相食。——康熙《龙门县志》卷二灾祥,无,v3,1,"仅存在于：v3；缺少：v1,v2,v4"
464,1521,明武宗正德十六年,河北,张家口市,阳原县,西宁,《西宁县志》,阳原县：春三月，大饥，人相食。——康熙《西宁县志》卷一灾祥,无,v3,1,"仅存在于：v3；缺少：v1,v2,v4"
465,1522,明世宗嘉靖元年,山西,无,大同,大同,《明史》,大同：韩邦靖，朝邑人，武宗朝登进士，以直言忤旨削职。'世宗即位（1522年），起山西左参政，分守大同。岁饥，人相食，奏请发帑，不许。复抗疏千余言，不报。乞归，不待命辄行。军民瘁疥瘞遮道泣留，抵家病卒，年三十六。'——《明史》卷201《韩邦奇附邦靖》,大同为古代地名，原文为韩邦靖分守大同期间发生岁饥人相食,v3,1,"仅存在于：v3；缺少：v1,v2,v4"
466,1522,明世宗嘉靖元年,山西,大同,无,无,《明史》,大同市：韩邦靖，朝邑人，武宗朝登进士，以直言忤旨削职。'世宗即位（1522年），起山西左参政，分守大同。岁饥，人相食，奏请发帑，不许。复抗疏千余言，不报。乞归，不待命辄行。军民瘁疥瘞遮道泣留，抵家病卒，年三十六。'——《明史》卷201《韩邦奇附邦靖》,无,v2,1,"仅存在于：v2；缺少：v1,v3,v4"
467,1522,明世宗嘉靖元年,山西,大同市,无,无,《明史》,"大同市：韩邦靖，朝邑人，武宗朝登进士，以直言忤旨削职。""世宗即位（1522年），起山西左参政，分守大同。岁饥，人相食，奏请发帑，不许。复抗疏千余言，不报。乞归，不待命辄行。军民瘁疥瘞遮道泣留，抵家病卒，年三十六。""——《明史》卷201《韩邦奇附邦靖》",无,"v1,v4",2,"仅存在于：v1,v4；缺少：v2,v3"
468,1522,明世宗嘉靖元年,江苏,无,宿迁县,无,《宿迁县志》,宿迁县：夏大水，无麦禾。冬大饥，人相食。——嘉庆《宿迁县志》卷六祥异,无,"v3,v4",2,"仅存在于：v3,v4；缺少：v1,v2"
469,1522,明世宗嘉靖元年,江苏,宿迁,宿迁县,无,《宿迁县志》,宿迁县：夏大水，无麦禾。冬大饥，人相食。——嘉庆《宿迁县志》卷六祥异,无,v2,1,"仅存在于：v2；缺少：v1,v3,v4"
470,1522,明世宗嘉靖元年,江苏,宿迁市,宿迁县,无,《宿迁县志》,宿迁县：夏大水，无麦禾。冬大饥，人相食。——嘉庆《宿迁县志》卷六祥异,无,v1,1,"仅存在于：v1；缺少：v2,v3,v4"
471,1523,明世宗嘉靖二年,安徽,无,五河县,无,《五河县志》,五河县：夏四月，麦将熟，继以亢旱，秋禾尽槁。冬十月，淮水又溢，遂大饥。次年春，冻馁疫疠者无算，人乃相食。——康熙二十二年《五河县志》卷一样异,无,v1,1,"仅存在于：v1；缺少：v2,v3,v4"
472,1523,明世宗嘉靖二年,安徽,无,凤阳县,无,《凤阳新书》,凤阳县：夏旱风霾，人相食。诏户部尚书席书来赈。秋，大雨三月，冬阴三月。——天气《凤阳新书》卷四星土,无,v1,1,"仅存在于：v1；缺少：v2,v3,v4"
473,1523,明世宗嘉靖二年,安徽,无,天长县,无,《皇明天长志》,天长县：自正月至六月，不雨。七月雨，至于九月。岁大歉，人相食。——嘉靖《皇明天长志》卷七灾祥,无,v1,1,"仅存在于：v1；缺少：v2,v3,v4"
474,1523,明世宗嘉靖二年,安徽,无,宿县,无,《宿州志》,宿县：夏亢旱，风霾累日。入秋淫雨不止，百谷无登。冬月积阴无霁。岁遂大饥，暨于春月，冻饿疫防疫而死者不可胜计，商贩不通，人乃相食，继以大疫，有数口之家无子遗者。——嘉靖《宿州志》卷八灾祥,无,v1,1,"仅存在于：v1；缺少：v2,v3,v4"
475,1523,明世宗嘉靖二年,安徽,无,寿县,无,《寿州志》,寿县：大饥，人相食。——道光《寿州志》卷三十人物,无,v1,1,"仅存在于：v1；缺少：v2,v3,v4"
476,1523,明世宗嘉靖二年,安徽,无,怀远县,无,《怀远县志》,怀远县：春，疫。人相食。——雍正《怀远县志》卷八灾异,无,v1,1,"仅存在于：v1；缺少：v2,v3,v4"
477,1523,明世宗嘉靖二年,安徽,无,来安县,无,《新修来安县志》,来安县：正月至六月，不雨，禾尽枯。七月，大雨至九月，涝甚。是岁大饥，民相食。天启《新修来安县志》卷九祥异,无,v1,1,"仅存在于：v1；缺少：v2,v3,v4"
478,1523,明世宗嘉靖二年,安徽,无,舒城县,无,《舒城县志》,舒城县：夏，旱。秋，淫雨。岁大饥，人至相食，斗米百钱，饿死者枕藉于道。——万历《舒城县志》卷十祥异,无,v1,1,"仅存在于：v1；缺少：v2,v3,v4"
479,1523,明世宗嘉靖二年,安徽,无,蒙城县,无,《蒙城县志》,蒙城县：春大疫，人相食。遣户部侍郎席书赈之。——顺治《蒙城县志》卷六灾祥,无,v1,1,"仅存在于：v1；缺少：v2,v3,v4"
480,1523,明世宗嘉靖二年,安徽,无,霍邱县,无,《霍邱县志》,霍邱县：春大饥，疫，人相食。诏户部侍郎席书赈之。秋，大雨三月。——康熙《霍邱县志》卷十祥异,无,v1,1,"仅存在于：v1；缺少：v2,v3,v4"
481,1523,明世宗嘉靖二年,安徽,亳州市,蒙城县,无,《蒙城县志》,蒙城县：春大疫，人相食。遣户部侍郎席书赈之。——顺治《蒙城县志》卷六灾祥,无,"v2,v3,v4",3,"仅存在于：v2,v3,v4；缺少：v1"
482,1523,明世宗嘉靖二年,安徽,六安市,舒城县,无,《舒城县志》,舒城县：夏，旱。秋，淫雨。岁大饥，人至相食，斗米百钱，饿死者枕藉于道。——万历《舒城县志》卷十祥异,无,"v2,v3,v4",3,"仅存在于：v2,v3,v4；缺少：v1"
483,1523,明世宗嘉靖二年,安徽,六安市,霍邱县,无,《霍邱县志》,霍邱县：春大饥，疫，人相食。诏户部侍郎席书赈之。秋，大雨三月。——康熙《霍邱县志》卷十祥异,无,"v3,v4",2,"仅存在于：v3,v4；缺少：v1,v2"
484,1523,明世宗嘉靖二年,安徽,合肥市,无,无,《合肥县志》,合肥市：大旱，人相食。——万历《合肥县志》祥异,无,v1,1,"仅存在于：v1；缺少：v2,v3,v4"
485,1523,明世宗嘉靖二年,安徽,合肥市,合肥县,无,《合肥县志》,合肥市：大旱，人相食。——万历《合肥县志》祥异,无,v2,1,"仅存在于：v2；缺少：v1,v3,v4"
486,1523,明世宗嘉靖二年,安徽,合肥市,合肥市,无,《合肥县志》,合肥市：大旱，人相食。——万历《合肥县志》祥异,无,"v3,v4",2,"仅存在于：v3,v4；缺少：v1,v2"
487,1523,明世宗嘉靖二年,安徽,宿州市,宿县,宿州,《宿州志》,宿县：夏亢旱，风霾累日。入秋淫雨不止，百谷无登。冬月积阴无霁。岁遂大饥，暨于春月，冻饿疫防疫而死者不可胜计，商贩不通，人乃相食，继以大疫，有数口之家无子遗者。——嘉靖《宿州志》卷八灾祥,无,"v2,v3,v4",3,"仅存在于：v2,v3,v4；缺少：v1"
488,1523,明世宗嘉靖二年,安徽,淮南市,寿县,寿州,《寿州志》,寿县：大饥，人相食。——道光《寿州志》卷三十人物,无,"v2,v3,v4",3,"仅存在于：v2,v3,v4；缺少：v1"
489,1523,明世宗嘉靖二年,安徽,滁州市,凤阳县,无,《凤阳新书》,凤阳县：夏旱风霾，人相食。诏户部尚书席书来赈。秋，大雨三月，冬阴三月。——天气《凤阳新书》卷四星土,无,"v3,v4",2,"仅存在于：v3,v4；缺少：v1,v2"
490,1523,明世宗嘉靖二年,安徽,滁州市,天长县,无,《皇明天长志》,天长县：自正月至六月，不雨。七月雨，至于九月。岁大歉，人相食。——嘉靖《皇明天长志》卷七灾祥,无,"v2,v3,v4",3,"仅存在于：v2,v3,v4；缺少：v1"
491,1523,明世宗嘉靖二年,安徽,滁州市,来安县,无,《新修来安县志》,来安县：正月至六月，不雨，禾尽枯。七月，大雨至九月，涝甚。是岁大饥，民相食。天启《新修来安县志》卷九祥异,无,"v2,v3,v4",3,"仅存在于：v2,v3,v4；缺少：v1"
492,1523,明世宗嘉靖二年,安徽,蚌埠市,五河县,无,《五河县志》,五河县：夏四月，麦将熟，继以亢旱，秋禾尽槁。冬十月，淮水又溢，遂大饥。次年春，冻馁疫疠者无算，人乃相食。——康熙二十二年《五河县志》卷一样异,无,"v2,v3,v4",3,"仅存在于：v2,v3,v4；缺少：v1"
493,1523,明世宗嘉靖二年,安徽,蚌埠市,凤阳县,无,《凤阳新书》,凤阳县：夏旱风霾，人相食。诏户部尚书席书来赈。秋，大雨三月，冬阴三月。——天气《凤阳新书》卷四星土,无,v2,1,"仅存在于：v2；缺少：v1,v3,v4"
494,1523,明世宗嘉靖二年,安徽,蚌埠市,怀远县,无,《怀远县志》,怀远县：春，疫。人相食。——雍正《怀远县志》卷八灾异,无,"v2,v3,v4",3,"仅存在于：v2,v3,v4；缺少：v1"
495,1523,明世宗嘉靖二年,安徽,阜阳市,霍邱县,无,《霍邱县志》,霍邱县：春大饥，疫，人相食。诏户部侍郎席书赈之。秋，大雨三月。——康熙《霍邱县志》卷十祥异,无,v2,1,"仅存在于：v2；缺少：v1,v3,v4"
496,1523,明世宗嘉靖二年,江苏,无,无,无,《扬州府志》,扬州市等：正月至六月不雨，旱，禾槁死。七月，霾雨不止，晚禾无收。民饥，免税粮一万石。是年大水，冲决泰州、江都、海门等处河堤，漂没田庐。岁大饥，民相食，疫作。敕南京兵部右侍郎席书赈之，免嘉靖三年租三万石。——万历《扬州府志》卷二十二祥异,无,v1,1,"仅存在于：v1；缺少：v2,v3,v4"
497,1523,明世宗嘉靖二年,江苏,无,东台县,无,《东台县志》,东台县：正月至六月不雨。七月霾雨不止，河堤决，漂没田庐。民饥，人相食，冬大疫，死亡无算。诏命南京兵部右侍郎席书赈之，免明年租。——嘉庆《东台县志》卷七祥异,无,v1,1,"仅存在于：v1；缺少：v2,v3,v4"
498,1523,明世宗嘉靖二年,江苏,无,仪征县,无,《华东地区近五百年气候历史资料》,仪征县：春三月不雨至夏六月，运河井泉竭，是年大饥，人相食，水陆殍尸无算。——《华东地区近五百年气候历史资料》第二分册，第66页。,无,v1,1,"仅存在于：v1；缺少：v2,v3,v4"
499,1523,明世宗嘉靖二年,江苏,无,六合县,无,《六合县志》,六合县：夏秋旱，大饥。自冬至次年夏大疫，米价腾涌，贫民多啖草根树皮，街市饿殍枕藉，人有相食者。——嘉靖《六合县志》卷二祥异,无,v1,1,"仅存在于：v1；缺少：v2,v3,v4"
500,1523,明世宗嘉靖二年,江苏,无,南通县,无,《通州志》,南通县：大饥，民相食，死者以方计。遣侍郎席书赈。——万历《通州志》卷二 猴祥,无,v1,1,"仅存在于：v1；缺少：v2,v3,v4"
501,1523,明世宗嘉靖二年,江苏,无,如皋县,无,《重修如皋县志》,如皋县：大凶饥，饿殍盈路，人相食，有父子相残害者。免税粮。正月至六月不雨，旱，禾槁死。七月后霾雨不止，晚禾无收。——嘉靖《重修如皋县志》卷六灾祥,无,v1,1,"仅存在于：v1；缺少：v2,v3,v4"
502,1523,明世宗嘉靖二年,江苏,无,江都县,无,《华东地区近五百年气候历史资料》,江都县：大饥，民相食，且病疫。——《华东地区近五百年气候历史资料》第二分册，第67页。,无,v1,1,"仅存在于：v1；缺少：v2,v3,v4"
503,1523,明世宗嘉靖二年,江苏,无,泗阳县,无,《江南通志》,泗阳县：岁大饥，人相食。——康熙《江南通志》卷四十一名宦,无,v1,1,"仅存在于：v1；缺少：v2,v3,v4"
504,1523,明世宗嘉靖二年,江苏,无,泰兴,无,《泰兴县志》,泰兴：大饥，人相食。——万历《泰兴县志》卷四遗事,无,v1,1,"仅存在于：v1；缺少：v2,v3,v4"
505,1523,明世宗嘉靖二年,江苏,无,涟水县,无,《安东县志》,涟水县：蝗灾。民饥，人相食。——雍正《安东县志》卷十五祥异,无,v1,1,"仅存在于：v1；缺少：v2,v3,v4"
506,1523,明世宗嘉靖二年,江苏,无,淮安县,无,《山阳县志》,淮安县：夏大旱，秋大水，冬大疫，人相食。——乾隆《山阳县志》卷十八祥禄,无,v1,1,"仅存在于：v1；缺少：v2,v3,v4"
507,1523,明世宗嘉靖二年,江苏,无,淮阴县,无,《清河县志》,淮阴县：大饥，疫，积尸载道，人相食。——康熙《清河县志》卷一样异,无,v1,1,"仅存在于：v1；缺少：v2,v3,v4"
508,1523,明世宗嘉靖二年,江苏,无,清河县,无,《清河县志》,清河县：大饥，瘟疫盛行，积尸载道。人相食。——嘉靖《清河县志》卷三灾祥,无,v1,1,"仅存在于：v1；缺少：v2,v3,v4"
509,1523,明世宗嘉靖二年,江苏,无,溧水县,无,《溧水县志》,溧水县：大旱，南北流移，人相食。——顺治《溧水县志》卷一邑纪,无,v1,1,"仅存在于：v1；缺少：v2,v3,v4"
510,1523,明世宗嘉靖二年,江苏,无,盐城市,无,《盐城县志》,盐城市：大饥，米石钱两千，人相食。——万历《盐城县志》卷一样异,无,v1,1,"仅存在于：v1；缺少：v2,v3,v4"
511,1523,明世宗嘉靖二年,江苏,无,盱眙县,无,《盱眙县志》,盱眙县：大祲，人相食。秋旱。冬，冻饥疫死者无数。——乾隆《盱眙县志》卷十四灾祥,无,v1,1,"仅存在于：v1；缺少：v2,v3,v4"
512,1523,明世宗嘉靖二年,江苏,无,睢宁县,无,《睢宁县旧志》,睢宁县：岁大饥，斗米百钱，民相食。——康熙《睢宁县旧志》卷九灾祥,无,v1,1,"仅存在于：v1；缺少：v2,v3,v4"
513,1523,明世宗嘉靖二年,江苏,无,靖江县,无,《靖江县志》,靖江县：饥，人相食。鬻棺以称，十八斤为最下。——嘉靖《靖江县志》卷四编年,无,"v1,v2",2,"仅存在于：v1,v2；缺少：v3,v4"
514,1523,明世宗嘉靖二年,江苏,南京市,无,无,《上元县志》,南京市：大旱，人相食。——道光《上元县志》卷二十六,无,"v1,v2,v3",3,"仅存在于：v1,v2,v3；缺少：v4"
515,1523,明世宗嘉靖二年,江苏,南京市,上元县,无,《上元县志》,南京市：大旱，人相食。——道光《上元县志》卷二十六,无,v4,1,"仅存在于：v4；缺少：v1,v2,v3"
516,1523,明世宗嘉靖二年,江苏,南京市,六合县,无,《六合县志》,六合县：夏秋旱，大饥。自冬至次年夏大疫，米价腾涌，贫民多啖草根树皮，街市饿殍枕藉，人有相食者。——嘉靖《六合县志》卷二祥异,无,"v2,v3,v4",3,"仅存在于：v2,v3,v4；缺少：v1"
517,1523,明世宗嘉靖二年,江苏,南京市,溧水县,无,《溧水县志》,溧水县：大旱，南北流移，人相食。——顺治《溧水县志》卷一邑纪,无,"v2,v3,v4",3,"仅存在于：v2,v3,v4；缺少：v1"
518,1523,明世宗嘉靖二年,江苏,南通市,南通县,通州,《通州志》,南通县：大饥，民相食，死者以方计。遣侍郎席书赈。——万历《通州志》卷二 猴祥,无,"v2,v3,v4",3,"仅存在于：v2,v3,v4；缺少：v1"
519,1523,明世宗嘉靖二年,江苏,南通市,如皋县,无,《重修如皋县志》,如皋县：大凶饥，饿殍盈路，人相食，有父子相残害者。免税粮。正月至六月不雨，旱，禾槁死。七月后霾雨不止，晚禾无收。——嘉靖《重修如皋县志》卷六灾祥,无,"v2,v3,v4",3,"仅存在于：v2,v3,v4；缺少：v1"
520,1523,明世宗嘉靖二年,江苏,宿迁市,泗阳县,无,《江南通志》,泗阳县：岁大饥，人相食。——康熙《江南通志》卷四十一名宦,无,"v2,v3,v4",3,"仅存在于：v2,v3,v4；缺少：v1"
521,1523,明世宗嘉靖二年,江苏,徐州市,睢宁县,无,《睢宁县旧志》,睢宁县：岁大饥，斗米百钱，民相食。——康熙《睢宁县旧志》卷九灾祥,无,"v2,v3,v4",3,"仅存在于：v2,v3,v4；缺少：v1"
522,1523,明世宗嘉靖二年,江苏,扬州市,无,扬州府,《扬州府志》,扬州市等：正月至六月不雨，旱，禾槁死。七月，霾雨不止，晚禾无收。民饥，免税粮一万石。是年大水，冲决泰州、江都、海门等处河堤，漂没田庐。岁大饥，民相食，疫作。敕南京兵部右侍郎席书赈之，免嘉靖三年租三万石。——万历《扬州府志》卷二十二祥异,无,"v2,v3",2,"仅存在于：v2,v3；缺少：v1,v4"
523,1523,明世宗嘉靖二年,江苏,扬州市,仪征县,无,《华东地区近五百年气候历史资料》,仪征县：春三月不雨至夏六月，运河井泉竭，是年大饥，人相食，水陆殍尸无算。——《华东地区近五百年气候历史资料》第二分册，第66页。,无,"v2,v3,v4",3,"仅存在于：v2,v3,v4；缺少：v1"
524,1523,明世宗嘉靖二年,江苏,扬州市,扬州市,无,《扬州府志》,扬州市等：正月至六月不雨，旱，禾槁死。七月，霾雨不止，晚禾无收。民饥，免税粮一万石。是年大水，冲决泰州、江都、海门等处河堤，漂没田庐。岁大饥，民相食，疫作。敕南京兵部右侍郎席书赈之，免嘉靖三年租三万石。——万历《扬州府志》卷二十二祥异,无,v4,1,"仅存在于：v4；缺少：v1,v2,v3"
525,1523,明世宗嘉靖二年,江苏,扬州市,江都县,无,《华东地区近五百年气候历史资料》,江都县：大饥，民相食，且病疫。——《华东地区近五百年气候历史资料》第二分册，第67页。,无,"v2,v3,v4",3,"仅存在于：v2,v3,v4；缺少：v1"
526,1523,明世宗嘉靖二年,江苏,无锡市,靖江县,无,《靖江县志》,靖江县：饥，人相食。鬻棺以称，十八斤为最下。——嘉靖《靖江县志》卷四编年,无,v4,1,"仅存在于：v4；缺少：v1,v2,v3"
527,1523,明世宗嘉靖二年,江苏,泰州市,泰兴县,无,《泰兴县志》,泰兴：大饥，人相食。——万历《泰兴县志》卷四遗事,无,"v2,v3,v4",3,"仅存在于：v2,v3,v4；缺少：v1"
528,1523,明世宗嘉靖二年,江苏,泰州市,靖江县,无,《靖江县志》,靖江县：饥，人相食。鬻棺以称，十八斤为最下。——嘉靖《靖江县志》卷四编年,无,v3,1,"仅存在于：v3；缺少：v1,v2,v4"
529,1523,明世宗嘉靖二年,江苏,淮安市,山阳县,无,《山阳县志》,淮安县：夏大旱，秋大水，冬大疫，人相食。——乾隆《山阳县志》卷十八祥禄,无,v2,1,"仅存在于：v2；缺少：v1,v3,v4"
530,1523,明世宗嘉靖二年,江苏,淮安市,涟水县,安东县,《安东县志》,涟水县：蝗灾。民饥，人相食。——雍正《安东县志》卷十五祥异,无,"v2,v3",2,"仅存在于：v2,v3；缺少：v1,v4"
531,1523,明世宗嘉靖二年,江苏,淮安市,淮安县,无,《山阳县志》,淮安县：夏大旱，秋大水，冬大疫，人相食。——乾隆《山阳县志》卷十八祥禄,无,"v3,v4",2,"仅存在于：v3,v4；缺少：v1,v2"
532,1523,明世宗嘉靖二年,江苏,淮安市,淮阴县,无,《清河县志》,淮阴县：大饥，疫，积尸载道，人相食。——康熙《清河县志》卷一样异,原文为淮阴县，康熙《清河县志》记载原清河县区域,"v2,v3,v4",3,"仅存在于：v2,v3,v4；缺少：v1"
533,1523,明世宗嘉靖二年,江苏,淮安市,清河县,无,《清河县志》,清河县：大饥，瘟疫盛行，积尸载道。人相食。——嘉靖《清河县志》卷三灾祥,无,"v2,v4",2,"仅存在于：v2,v4；缺少：v1,v3"
534,1523,明世宗嘉靖二年,江苏,淮安市,盱眙县,无,《盱眙县志》,盱眙县：大祲，人相食。秋旱。冬，冻饥疫死者无数。——乾隆《盱眙县志》卷十四灾祥,无,"v2,v3,v4",3,"仅存在于：v2,v3,v4；缺少：v1"
535,1523,明世宗嘉靖二年,江苏,盐城市,东台县,无,《东台县志》,东台县：正月至六月不雨。七月霾雨不止，河堤决，漂没田庐。民饥，人相食，冬大疫，死亡无算。诏命南京兵部右侍郎席书赈之，免明年租。——嘉庆《东台县志》卷七祥异,无,"v2,v3,v4",3,"仅存在于：v2,v3,v4；缺少：v1"
536,1523,明世宗嘉靖二年,江苏,盐城市,涟水县,无,《安东县志》,涟水县：蝗灾。民饥，人相食。——雍正《安东县志》卷十五祥异,无,v4,1,"仅存在于：v4；缺少：v1,v2,v3"
537,1523,明世宗嘉靖二年,江苏,盐城市,盐城县,无,《盐城县志》,盐城市：大饥，米石钱两千，人相食。——万历《盐城县志》卷一样异,无,v2,1,"仅存在于：v2；缺少：v1,v3,v4"
538,1523,明世宗嘉靖二年,江苏,盐城市,盐城市,无,《盐城县志》,盐城市：大饥，米石钱两千，人相食。——万历《盐城县志》卷一样异,无,"v3,v4",2,"仅存在于：v3,v4；缺少：v1,v2"
539,1523,明世宗嘉靖二年,河北,邢台市,清河县,无,《清河县志》,清河县：大饥，瘟疫盛行，积尸载道。人相食。——嘉靖《清河县志》卷三灾祥,无,v3,1,"仅存在于：v3；缺少：v1,v2,v4"
540,1523,明世宗嘉靖二年,河南,无,永城县,无,《永城县志》,永城县：正月朔，雷雨竞日。春旱，秋霖，冬大饥，人多相食。——嘉靖《永城县志》卷四灾祥,无,v1,1,"仅存在于：v1；缺少：v2,v3,v4"
541,1523,明世宗嘉靖二年,河南,商丘市,永城县,无,《永城县志》,永城县：正月朔，雷雨竞日。春旱，秋霖，冬大饥，人多相食。——嘉靖《永城县志》卷四灾祥,无,"v2,v3,v4",3,"仅存在于：v2,v3,v4；缺少：v1"
542,1524,明世宗嘉靖三年,安徽,无,五河县,无,《五河县志》,五河县：春冻馁，疫疠，死者无算，人乃相食。——光绪《五河县志》卷二十,无,"v2,v4",2,"仅存在于：v2,v4；缺少：v1,v3"
543,1524,明世宗嘉靖三年,安徽,无,凤阳县,无,《凤阳县志》,凤阳县：大饥，斗米五钱，人相食。大疫，人民死亡过半。——乾隆《凤阳县志》卷十五纪事,无,"v2,v4",2,"仅存在于：v2,v4；缺少：v1,v3"
544,1524,明世宗嘉靖三年,安徽,无,宿县,无,《宿县志》,宿县：春又大疫，死者相藉，商贩不同，人相食。——光绪《宿县志》卷三十六,无,"v2,v4",2,"仅存在于：v2,v4；缺少：v1,v3"
545,1524,明世宗嘉靖三年,安徽,无,庐江县,无,《庐江县志》,庐江县：大饥，人相食。官设厂煮粥赈之，人人枵腹，饱食辄死。继以大疫，死者无算。——嘉庆《庐江县志》卷二祥异,无,"v2,v4",2,"仅存在于：v2,v4；缺少：v1,v3"
546,1524,明世宗嘉靖三年,安徽,无,当涂县,无,《太平府志》,当涂县：大饥，人相食。——康熙《太平府志》卷三祥异,无,"v2,v4",2,"仅存在于：v2,v4；缺少：v1,v3"
547,1524,明世宗嘉靖三年,安徽,无,灵璧县,无,《灵璧县志》,灵璧县：春大饥，人相食，大疫。——康熙《灵璧县志》卷一样异,无,"v2,v4",2,"仅存在于：v2,v4；缺少：v1,v3"
548,1524,明世宗嘉靖三年,安徽,无,阜阳县,无,《颍州志》,阜阳县：春大饥，人相食。——嘉靖十五年《颍州志》卷一郡纪,无,"v2,v4",2,"仅存在于：v2,v4；缺少：v1,v3"
549,1524,明世宗嘉靖三年,安徽,无,霍邱县,无,《霍邱县志》,霍邱县：春大饥，斗米三钱，人至相食。——康熙《霍邱县志》卷十灾祥,无,"v2,v4",2,"仅存在于：v2,v4；缺少：v1,v3"
550,1524,明世宗嘉靖三年,安徽,五河县,五河县,无,《五河县志》,五河县：春冻馁，疫疠，死者无算，人乃相食。——光绪《五河县志》卷二十,无,v3,1,"仅存在于：v3；缺少：v1,v2,v4"
551,1524,明世宗嘉靖三年,安徽,六安市,霍邱县,无,《霍邱县志》,霍邱县：春大饥，斗米三钱，人至相食。——康熙《霍邱县志》卷十灾祥,无,v1,1,"仅存在于：v1；缺少：v2,v3,v4"
552,1524,明世宗嘉靖三年,安徽,凤阳县,凤阳县,无,《凤阳县志》,凤阳县：大饥，斗米五钱，人相食。大疫，人民死亡过半。——乾隆《凤阳县志》卷十五纪事,无,v3,1,"仅存在于：v3；缺少：v1,v2,v4"
553,1524,明世宗嘉靖三年,安徽,合肥市,庐江县,无,《庐江县志》,庐江县：大饥，人相食。官设厂煮粥赈之，人人枵腹，饱食辄死。继以大疫，死者无算。——嘉庆《庐江县志》卷二祥异,无,v1,1,"仅存在于：v1；缺少：v2,v3,v4"
554,1524,明世宗嘉靖三年,安徽,宿县,宿县,无,《宿县志》,宿县：春又大疫，死者相藉，商贩不同，人相食。——光绪《宿县志》卷三十六,无,v3,1,"仅存在于：v3；缺少：v1,v2,v4"
555,1524,明世宗嘉靖三年,安徽,宿州市,宿县,无,《宿县志》,宿县：春又大疫，死者相藉，商贩不同，人相食。——光绪《宿县志》卷三十六,无,v1,1,"仅存在于：v1；缺少：v2,v3,v4"
556,1524,明世宗嘉靖三年,安徽,宿州市,灵璧县,无,《灵璧县志》,灵璧县：春大饥，人相食，大疫。——康熙《灵璧县志》卷一样异,无,v1,1,"仅存在于：v1；缺少：v2,v3,v4"
557,1524,明世宗嘉靖三年,安徽,庐江县,庐江县,无,《庐江县志》,庐江县：大饥，人相食。官设厂煮粥赈之，人人枵腹，饱食辄死。继以大疫，死者无算。——嘉庆《庐江县志》卷二祥异,无,v3,1,"仅存在于：v3；缺少：v1,v2,v4"
558,1524,明世宗嘉靖三年,安徽,当涂县,当涂县,无,《太平府志》,当涂县：大饥，人相食。——康熙《太平府志》卷三祥异,无,v3,1,"仅存在于：v3；缺少：v1,v2,v4"
559,1524,明世宗嘉靖三年,安徽,滁州市,凤阳县,无,《凤阳县志》,凤阳县：大饥，斗米五钱，人相食。大疫，人民死亡过半。——乾隆《凤阳县志》卷十五纪事,无,v1,1,"仅存在于：v1；缺少：v2,v3,v4"
560,1524,明世宗嘉靖三年,安徽,灵璧县,灵璧县,无,《灵璧县志》,灵璧县：春大饥，人相食，大疫。——康熙《灵璧县志》卷一样异,无,v3,1,"仅存在于：v3；缺少：v1,v2,v4"
561,1524,明世宗嘉靖三年,安徽,蚌埠市,五河县,无,《五河县志》,五河县：春冻馁，疫疠，死者无算，人乃相食。——光绪《五河县志》卷二十,无,v1,1,"仅存在于：v1；缺少：v2,v3,v4"
562,1524,明世宗嘉靖三年,安徽,阜阳县,阜阳县,无,《颍州志》,阜阳县：春大饥，人相食。——嘉靖十五年《颍州志》卷一郡纪,无,v3,1,"仅存在于：v3；缺少：v1,v2,v4"
563,1524,明世宗嘉靖三年,安徽,阜阳市,阜阳县,无,《颍州志》,阜阳县：春大饥，人相食。——嘉靖十五年《颍州志》卷一郡纪,无,v1,1,"仅存在于：v1；缺少：v2,v3,v4"
564,1524,明世宗嘉靖三年,安徽,霍邱县,霍邱县,无,《霍邱县志》,霍邱县：春大饥，斗米三钱，人至相食。——康熙《霍邱县志》卷十灾祥,无,v3,1,"仅存在于：v3；缺少：v1,v2,v4"
565,1524,明世宗嘉靖三年,安徽,马鞍山市,当涂县,无,《太平府志》,当涂县：大饥，人相食。——康熙《太平府志》卷三祥异,无,v1,1,"仅存在于：v1；缺少：v2,v3,v4"
566,1524,明世宗嘉靖三年,山东,无,平阴县,无,《泰安府志》,平阴县：春，平阴大饥，人相食。——乾隆《泰安府志》卷二十九祥异,无,"v2,v4",2,"仅存在于：v2,v4；缺少：v1,v3"
567,1524,明世宗嘉靖三年,山东,无,费县,无,《费县志》,费县：冬大饥，人相食。——光绪《费县志》卷十六祥异,无,"v2,v4",2,"仅存在于：v2,v4；缺少：v1,v3"
568,1524,明世宗嘉靖三年,山东,无,郯城县,无,《郯城县志》,郯城县：冬大饥，人相食。——康熙《郯城县志》卷九灾祥,无,"v2,v4",2,"仅存在于：v2,v4；缺少：v1,v3"
569,1524,明世宗嘉靖三年,山东,临沂市,无,无,《临沂县志》,临沂市：冬大饥，人相食。——民国《临沂县志》卷一通纪,无,"v2,v4",2,"仅存在于：v2,v4；缺少：v1,v3"
570,1524,明世宗嘉靖三年,山东,临沂市,临沂市,无,《临沂县志》,临沂市：冬大饥，人相食。——民国《临沂县志》卷一通纪,无,"v1,v3",2,"仅存在于：v1,v3；缺少：v2,v4"
571,1524,明世宗嘉靖三年,山东,临沂市,费县,无,《费县志》,费县：冬大饥，人相食。——光绪《费县志》卷十六祥异,无,v1,1,"仅存在于：v1；缺少：v2,v3,v4"
572,1524,明世宗嘉靖三年,山东,临沂市,郯城县,无,《郯城县志》,郯城县：冬大饥，人相食。——康熙《郯城县志》卷九灾祥,无,v1,1,"仅存在于：v1；缺少：v2,v3,v4"
573,1524,明世宗嘉靖三年,山东,平阴县,平阴县,无,《泰安府志》,平阴县：春，平阴大饥，人相食。——乾隆《泰安府志》卷二十九祥异,无,v3,1,"仅存在于：v3；缺少：v1,v2,v4"
574,1524,明世宗嘉靖三年,山东,泰安市,平阴县,无,《泰安府志》,平阴县：春，平阴大饥，人相食。——乾隆《泰安府志》卷二十九祥异,无,v1,1,"仅存在于：v1；缺少：v2,v3,v4"
575,1524,明世宗嘉靖三年,山东,费县,费县,无,《费县志》,费县：冬大饥，人相食。——光绪《费县志》卷十六祥异,无,v3,1,"仅存在于：v3；缺少：v1,v2,v4"
576,1524,明世宗嘉靖三年,山东,郯城县,郯城县,无,《郯城县志》,郯城县：冬大饥，人相食。——康熙《郯城县志》卷九灾祥,无,v3,1,"仅存在于：v3；缺少：v1,v2,v4"
577,1524,明世宗嘉靖三年,江苏,无,南京市,无,《江宁府志》,南京市：岁大饥，人相食。（寇）天叙竭力赈济，设粥厂以食流民。寻瘟疫大作，给药以救，亲行巡视，夜以继日。——康熙七年《江宁府志》卷十八宦绩,无,v2,1,"仅存在于：v2；缺少：v1,v3,v4"
578,1524,明世宗嘉靖三年,江苏,无,沐阳县,无,《海州直录州志》,赣榆县：赣榆、沐阳饥，人相食。——嘉庆《海州直录州志》卷三十一样异,无,"v2,v4",2,"仅存在于：v2,v4；缺少：v1,v3"
579,1524,明世宗嘉靖三年,江苏,无,赣榆县,无,《海州直录州志》,赣榆县：赣榆、沐阳饥，人相食。——嘉庆《海州直录州志》卷三十一样异,无,"v2,v4",2,"仅存在于：v2,v4；缺少：v1,v3"
580,1524,明世宗嘉靖三年,江苏,南京市,无,无,《江宁府志》,南京市：岁大饥，人相食。（寇）天叙竭力赈济，设粥厂以食流民。寻瘟疫大作，给药以救，亲行巡视，夜以继日。——康熙七年《江宁府志》卷十八宦绩,无,v4,1,"仅存在于：v4；缺少：v1,v2,v3"
581,1524,明世宗嘉靖三年,江苏,南京市,南京市,无,《江宁府志》,南京市：岁大饥，人相食。（寇）天叙竭力赈济，设粥厂以食流民。寻瘟疫大作，给药以救，亲行巡视，夜以继日。——康熙七年《江宁府志》卷十八宦绩,无,"v1,v3",2,"仅存在于：v1,v3；缺少：v2,v4"
582,1524,明世宗嘉靖三年,江苏,宿迁市,沐阳县,无,《沐阳县志》,沐阳县：岁大饥，人相食。——康熙《沐阳县志》卷一灾异,无,v1,1,"仅存在于：v1；缺少：v2,v3,v4"
583,1524,明世宗嘉靖三年,江苏,扬州市,无,无,《泰兴县志续补》,扬州市等：三月，赈淮、扬饥。时父子相食，道雍相望，臭弥千里，御史以闻，乃命发帑赈之。——宣统《泰兴县志续补》卷三蠲恤,无,v2,1,"仅存在于：v2；缺少：v1,v3,v4"
584,1524,明世宗嘉靖三年,江苏,沐阳县,沐阳县,无,《沐阳县志》,沐阳县：岁大饥，人相食。——康熙《沐阳县志》卷一灾异,无,v3,1,"仅存在于：v3；缺少：v1,v2,v4"
585,1524,明世宗嘉靖三年,江苏,赣榆县,赣榆县,无,《海州直录州志》,赣榆县：赣榆、沐阳饥，人相食。——嘉庆《海州直录州志》卷三十一样异,无,v3,1,"仅存在于：v3；缺少：v1,v2,v4"
586,1524,明世宗嘉靖三年,江苏,连云港市,沐阳县,无,《海州直录州志》,沐阳县：赣榆、沐阳饥，人相食。——嘉庆《海州直录州志》卷三十一样异,无,v1,1,"仅存在于：v1；缺少：v2,v3,v4"
587,1524,明世宗嘉靖三年,江苏,连云港市,赣榆县,无,《海州直录州志》,赣榆县：赣榆、沐阳饥，人相食。——嘉庆《海州直录州志》卷三十一样异,无,v1,1,"仅存在于：v1；缺少：v2,v3,v4"
588,1524,明世宗嘉靖三年,河南,无,夏邑县,无,《夏邑县志》,夏邑县：秋大饥，人相食。——康熙《夏邑县志》卷八艺文,无,"v2,v4",2,"仅存在于：v2,v4；缺少：v1,v3"
589,1524,明世宗嘉靖三年,河南,无,洛阳市,无,《洛阳县志》,洛阳市：岁大饥，人相食。——顺治《洛阳县志》卷八灾异,无,v2,1,"仅存在于：v2；缺少：v1,v3,v4"
590,1524,明世宗嘉靖三年,河南,商丘市,夏邑县,无,《夏邑县志》,夏邑县：秋大饥，人相食。——康熙《夏邑县志》卷八艺文,无,v1,1,"仅存在于：v1；缺少：v2,v3,v4"
591,1524,明世宗嘉靖三年,河南,夏邑县,夏邑县,无,《夏邑县志》,夏邑县：秋大饥，人相食。——康熙《夏邑县志》卷八艺文,无,v3,1,"仅存在于：v3；缺少：v1,v2,v4"
592,1524,明世宗嘉靖三年,河南,洛阳市,无,无,《洛阳县志》,洛阳市：岁大饥，人相食。——顺治《洛阳县志》卷八灾异,无,v4,1,"仅存在于：v4；缺少：v1,v2,v3"
593,1524,明世宗嘉靖三年,河南,洛阳市,洛阳市,无,《洛阳县志》,洛阳市：岁大饥，人相食。——顺治《洛阳县志》卷八灾异,无,"v1,v3",2,"仅存在于：v1,v3；缺少：v2,v4"
594,1525,明世宗嘉靖四年,山东,无,费县,无,《费县志》,山东费县：春大饥，人相食。——康熙二十八年《费县志》卷五灾异,无,"v1,v2,v3,v4",4,
595,1526,明世宗嘉靖五年,陕西,无,城固县,无,《城固县志》转引《西北灾荒史》,城固县：大旱，大饥，人相食。——《城固县志》（康熙五十六年），转引自《西北灾荒史》第411页。,无,"v1,v2,v3,v4",4,
596,1527,明世宗嘉靖六年,河南,无,长垣县,无,《长垣县志》,河南：长垣县：旱，六月乃雨。明年春，米斗过百钱，因行折二钱，人有相食者。——康熙《长垣县志》卷二灾异,无,"v1,v2,v3,v4",4,
597,1528,明世宗嘉靖七年,山东,无,安丘县,无,《安邱县志》,安丘县：春大蝗。饥，人相食，大疫。——万历《安邱县志》卷一总纪,无,"v1,v4",2,"仅存在于：v1,v4；缺少：v2,v3"
598,1528,明世宗嘉靖七年,山东,无,昌乐县,无,《昌乐县志》,昌乐县：是年蝗。大饥，人相食。大疫。夏五月七日，大雨雹。——嘉庆《昌乐县志》卷一总纪,无,"v1,v4",2,"仅存在于：v1,v4；缺少：v2,v3"
599,1528,明世宗嘉靖七年,山东,无,潍县,无,《潍县志稿》,潍坊市：春大蝗。饥，人相食，大疫。——民国《潍县志稿》卷二通纪,无,v1,1,"仅存在于：v1；缺少：v2,v3,v4"
600,1528,明世宗嘉靖七年,山东,潍坊市,无,无,《潍县志稿》,潍坊市：春大蝗。饥，人相食，大疫。——民国《潍县志稿》卷二通纪,无,v4,1,"仅存在于：v4；缺少：v1,v2,v3"
601,1528,明世宗嘉靖七年,山东,潍坊市,安丘县,无,《安邱县志》,安丘县：春大蝗。饥，人相食，大疫。——万历《安邱县志》卷一总纪,无,v2,1,"仅存在于：v2；缺少：v1,v3,v4"
602,1528,明世宗嘉靖七年,山东,潍坊市,安丘市,安丘县,《安邱县志》,安丘县：春大蝗。饥，人相食，大疫。——万历《安邱县志》卷一总纪,无,v3,1,"仅存在于：v3；缺少：v1,v2,v4"
603,1528,明世宗嘉靖七年,山东,潍坊市,昌乐县,无,《昌乐县志》,昌乐县：是年蝗。大饥，人相食。大疫。夏五月七日，大雨雹。——嘉庆《昌乐县志》卷一总纪,无,"v2,v3",2,"仅存在于：v2,v3；缺少：v1,v4"
604,1528,明世宗嘉靖七年,山东,潍坊市,潍坊市,无,《潍县志稿》,潍坊市：春大蝗。饥，人相食，大疫。——民国《潍县志稿》卷二通纪,无,"v2,v3",2,"仅存在于：v2,v3；缺少：v1,v4"
605,1528,明世宗嘉靖七年,河南,无,临颍县,无,《临颍志》,临颍县：夏六月，大旱。冬大饥，民之流离者难以数计，是春尤甚，人相食。父老谓：比之成化二十年殆过之也。——嘉靖《临颍志》卷八祥异,无,"v1,v4",2,"仅存在于：v1,v4；缺少：v2,v3"
606,1528,明世宗嘉靖七年,河南,无,修武县,无,《修武县志》,修武县：春，饿，人相食。秋，蝗，结块如斗，自墙屋滚下，厨食遍满。——康熙《修武县志》卷四灾祥,无,"v1,v4",2,"仅存在于：v1,v4；缺少：v2,v3"
607,1528,明世宗嘉靖七年,河南,无,兰考县,无,《仪封县志》,兰考县：旱，人相食。——嘉靖《仪封县志》卷下灾祥,无,"v1,v4",2,"仅存在于：v1,v4；缺少：v2,v3"
608,1528,明世宗嘉靖七年,河南,无,内乡县,无,《内乡县志》,内乡县：秋大旱，民多饥死，人相食。——康熙五十一年《内乡县志》卷十一灾祥,无,"v1,v4",2,"仅存在于：v1,v4；缺少：v2,v3"
609,1528,明世宗嘉靖七年,河南,无,原武县,无,《原武县志》,原阳县：大蝗，大饥，人相食。——万历《原武县志》卷上祥异,无,v1,1,"仅存在于：v1；缺少：v2,v3,v4"
610,1528,明世宗嘉靖七年,河南,无,原阳县,无,《原武县志》,原阳县：大蝗，大饥，人相食。——万历《原武县志》卷上祥异,无,v4,1,"仅存在于：v4；缺少：v1,v2,v3"
611,1528,明世宗嘉靖七年,河南,无,孟津县,无,《河南府志》,孟津县：大饥，人相食。——顺治《河南府志》卷三灾异,无,"v1,v4",2,"仅存在于：v1,v4；缺少：v2,v3"
612,1528,明世宗嘉靖七年,河南,无,宜阳县,无,《宜阳县志》,宜阳县：大饥，人相食。——光绪《宜阳县志》卷二祥异,无,"v1,v4",2,"仅存在于：v1,v4；缺少：v2,v3"
613,1528,明世宗嘉靖七年,河南,无,嵩县,无,《嵩县志》,嵩县：大饥，人相食。——乾隆《嵩县志》卷二十六孝义,无,"v1,v4",2,"仅存在于：v1,v4；缺少：v2,v3"
614,1528,明世宗嘉靖七年,河南,无,新安县,无,《新安县志》,新安县：大饥，人相食。——康熙《新安县志》卷十七灾祥,无,"v1,v4",2,"仅存在于：v1,v4；缺少：v2,v3"
615,1528,明世宗嘉靖七年,河南,无,方城县,无,《裕州志》,方城县：大旱。秋蝗害稼。民大饥，野多饿殍，乃相食。——嘉靖《裕州志》卷一灾祥,无,v4,1,"仅存在于：v4；缺少：v1,v2,v3"
616,1528,明世宗嘉靖七年,河南,无,武陟县,无,《武陟县志》,武陟县：大饥，人相食，多蝗。——道光《武陟县志》卷十二祥异,无,"v1,v4",2,"仅存在于：v1,v4；缺少：v2,v3"
617,1528,明世宗嘉靖七年,河南,无,汲县,无,《卫辉府志》,汲县：大旱，蝗。明年春大饥，人相食。——万历《卫辉府志》灾祥,无,"v1,v4",2,"仅存在于：v1,v4；缺少：v2,v3"
618,1528,明世宗嘉靖七年,河南,无,沁阳县,无,《新修怀庆府志》,沁阳县：大饥，人相食，蝗结块如球。——乾隆《新修怀庆府志》卷三十二物异,无,"v1,v4",2,"仅存在于：v1,v4；缺少：v2,v3"
619,1528,明世宗嘉靖七年,河南,无,洛宁县,无,《洛宁县志》,洛宁县：大饥，人相食。——民国《洛宁县志》卷一样异,无,"v1,v4",2,"仅存在于：v1,v4；缺少：v2,v3"
620,1528,明世宗嘉靖七年,河南,无,浙川县,无,《浙川县志》,浙川县：大饥，人相食。——康熙《浙川县志》卷八祥异,无,"v1,v4",2,"仅存在于：v1,v4；缺少：v2,v3"
621,1528,明世宗嘉靖七年,河南,无,浚县,无,《浚县志》,浚县：岁大饥，人相食。——康熙《浚县志》卷一祥异,无,"v1,v4",2,"仅存在于：v1,v4；缺少：v2,v3"
622,1528,明世宗嘉靖七年,河南,无,登封县,无,《登封县志》,登封县：旱，人相食。——康熙《登封县志》卷九灾祥,无,"v1,v4",2,"仅存在于：v1,v4；缺少：v2,v3"
623,1528,明世宗嘉靖七年,河南,无,禹县,无,《禹州志》,禹县：大饥，民食树皮草子，人相食，饿殍盈野。——顺治《禹州志》卷九欽祥,无,"v1,v4",2,"仅存在于：v1,v4；缺少：v2,v3"
624,1528,明世宗嘉靖七年,河南,无,辉县,无,《辉县志》,辉县：大旱，蝗，明年春大饥，人相食。——康熙《辉县志》卷十八灾祥,无,"v1,v4",2,"仅存在于：v1,v4；缺少：v2,v3"
625,1528,明世宗嘉靖七年,河南,无,郏县,无,《郏县志》,郏县：七年、十七年皆大饥，人相食。——顺治《郏县志》卷一灾祥,无,"v1,v4",2,"仅存在于：v1,v4；缺少：v2,v3"
626,1528,明世宗嘉靖七年,河南,无,镇平县,无,《镇平县志》,镇平县：大饥，人相食。——康熙《镇平县志》卷下灾祥,无,"v1,v4",2,"仅存在于：v1,v4；缺少：v2,v3"
627,1528,明世宗嘉靖七年,河南,无,鲁山县,无,《鲁山县志》,鲁山县：七年、八年相继旱荒无收，民饥死者大半，活者相食，间有父子夫妻相残而不忍观者。至九年，麦大熟，每斗十三文。——嘉靖《鲁山县志》卷十灾祥。,无,"v1,v4",2,"仅存在于：v1,v4；缺少：v2,v3"
628,1528,明世宗嘉靖七年,河南,南阳市,无,南阳府,《南阳府志》,南阳市：府、州、县大饥，人相食，死徙过。——嘉靖《南阳府志》卷十妖祥,无,"v2,v4",2,"仅存在于：v2,v4；缺少：v1,v3"
629,1528,明世宗嘉靖七年,河南,南阳市,内乡县,无,《内乡县志》,内乡县：秋大旱，民多饥死，人相食。——康熙五十一年《内乡县志》卷十一灾祥,无,"v2,v3",2,"仅存在于：v2,v3；缺少：v1,v4"
630,1528,明世宗嘉靖七年,河南,南阳市,南阳市,南阳府,《南阳府志》,南阳市：府、州、县大饥，人相食，死徙过。——嘉靖《南阳府志》卷十妖祥,无,v3,1,"仅存在于：v3；缺少：v1,v2,v4"
631,1528,明世宗嘉靖七年,河南,南阳市,方城县,裕州,《裕州志》,方城县：大旱。秋蝗害稼。民大饥，野多饿殍，乃相食。——嘉靖《裕州志》卷一灾祥,无,"v2,v3",2,"仅存在于：v2,v3；缺少：v1,v4"
632,1528,明世宗嘉靖七年,河南,南阳市,浙川县,无,《浙川县志》,浙川县：大饥，人相食。——康熙《浙川县志》卷八祥异,无,v2,1,"仅存在于：v2；缺少：v1,v3,v4"
633,1528,明世宗嘉靖七年,河南,南阳市,淅川县,浙川县,《浙川县志》,浙川县：大饥，人相食。——康熙《浙川县志》卷八祥异,无,v3,1,"仅存在于：v3；缺少：v1,v2,v4"
634,1528,明世宗嘉靖七年,河南,南阳市,镇平县,无,《镇平县志》,镇平县：大饥，人相食。——康熙《镇平县志》卷下灾祥,无,"v2,v3",2,"仅存在于：v2,v3；缺少：v1,v4"
635,1528,明世宗嘉靖七年,河南,平顶山市,郏县,无,《郏县志》,郏县：七年、十七年皆大饥，人相食。——顺治《郏县志》卷一灾祥,无,"v2,v3",2,"仅存在于：v2,v3；缺少：v1,v4"
636,1528,明世宗嘉靖七年,河南,平顶山市,鲁山县,无,《鲁山县志》,鲁山县：七年、八年相继旱荒无收，民饥死者大半，活者相食，间有父子夫妻相残而不忍观者。至九年，麦大熟，每斗十三文。——嘉靖《鲁山县志》卷十灾祥。,无,"v2,v3",2,"仅存在于：v2,v3；缺少：v1,v4"
637,1528,明世宗嘉靖七年,河南,开封市,兰考县,仪封县,《仪封县志》,兰考县：旱，人相食。——嘉靖《仪封县志》卷下灾祥,无,"v2,v3",2,"仅存在于：v2,v3；缺少：v1,v4"
638,1528,明世宗嘉靖七年,河南,新乡市,卫辉市,汲县,《卫辉府志》,汲县：大旱，蝗。明年春大饥，人相食。——万历《卫辉府志》灾祥,无,v3,1,"仅存在于：v3；缺少：v1,v2,v4"
639,1528,明世宗嘉靖七年,河南,新乡市,原阳县,原武县,《原武县志》,原阳县：大蝗，大饥，人相食。——万历《原武县志》卷上祥异,无,"v2,v3",2,"仅存在于：v2,v3；缺少：v1,v4"
640,1528,明世宗嘉靖七年,河南,新乡市,汲县,无,《卫辉府志》,汲县：大旱，蝗。明年春大饥，人相食。——万历《卫辉府志》灾祥,无,v2,1,"仅存在于：v2；缺少：v1,v3,v4"
641,1528,明世宗嘉靖七年,河南,新乡市,辉县,无,《辉县志》,辉县：大旱，蝗，明年春大饥，人相食。——康熙《辉县志》卷十八灾祥,无,v2,1,"仅存在于：v2；缺少：v1,v3,v4"
642,1528,明世宗嘉靖七年,河南,新乡市,辉县市,辉县,《辉县志》,辉县：大旱，蝗，明年春大饥，人相食。——康熙《辉县志》卷十八灾祥,无,v3,1,"仅存在于：v3；缺少：v1,v2,v4"
643,1528,明世宗嘉靖七年,河南,洛阳市,孟津县,无,《河南府志》,孟津县：大饥，人相食。——顺治《河南府志》卷三灾异,无,"v2,v3",2,"仅存在于：v2,v3；缺少：v1,v4"
644,1528,明世宗嘉靖七年,河南,洛阳市,宜阳县,无,《宜阳县志》,宜阳县：大饥，人相食。——光绪《宜阳县志》卷二祥异,无,"v2,v3",2,"仅存在于：v2,v3；缺少：v1,v4"
645,1528,明世宗嘉靖七年,河南,洛阳市,嵩县,无,《嵩县志》,嵩县：大饥，人相食。——乾隆《嵩县志》卷二十六孝义,无,"v2,v3",2,"仅存在于：v2,v3；缺少：v1,v4"
646,1528,明世宗嘉靖七年,河南,洛阳市,新安县,无,《新安县志》,新安县：大饥，人相食。——康熙《新安县志》卷十七灾祥,无,"v2,v3",2,"仅存在于：v2,v3；缺少：v1,v4"
647,1528,明世宗嘉靖七年,河南,洛阳市,洛宁县,无,《洛宁县志》,洛宁县：大饥，人相食。——民国《洛宁县志》卷一样异,无,"v2,v3",2,"仅存在于：v2,v3；缺少：v1,v4"
648,1528,明世宗嘉靖七年,河南,漯河市,临颍县,无,《临颍志》,临颍县：夏六月，大旱。冬大饥，民之流离者难以数计，是春尤甚，人相食。父老谓：比之成化二十年殆过之也。——嘉靖《临颍志》卷八祥异,无,"v2,v3",2,"仅存在于：v2,v3；缺少：v1,v4"
649,1528,明世宗嘉靖七年,河南,焦作市,修武县,无,《修武县志》,修武县：春，饿，人相食。秋，蝗，结块如斗，自墙屋滚下，厨食遍满。——康熙《修武县志》卷四灾祥,无,"v2,v3",2,"仅存在于：v2,v3；缺少：v1,v4"
650,1528,明世宗嘉靖七年,河南,焦作市,武陟县,无,《武陟县志》,武陟县：大饥，人相食，多蝗。——道光《武陟县志》卷十二祥异,无,"v2,v3",2,"仅存在于：v2,v3；缺少：v1,v4"
651,1528,明世宗嘉靖七年,河南,焦作市,沁阳县,无,《新修怀庆府志》,沁阳县：大饥，人相食，蝗结块如球。——乾隆《新修怀庆府志》卷三十二物异,无,v2,1,"仅存在于：v2；缺少：v1,v3,v4"
652,1528,明世宗嘉靖七年,河南,焦作市,沁阳市,沁阳县,《新修怀庆府志》,沁阳县：大饥，人相食，蝗结块如球。——乾隆《新修怀庆府志》卷三十二物异,无,v3,1,"仅存在于：v3；缺少：v1,v2,v4"
653,1528,明世宗嘉靖七年,河南,许昌市,禹县,禹州,《禹州志》,禹县：大饥，民食树皮草子，人相食，饿殍盈野。——顺治《禹州志》卷九欽祥,无,v2,1,"仅存在于：v2；缺少：v1,v3,v4"
654,1528,明世宗嘉靖七年,河南,许昌市,禹州市,禹州,《禹州志》,禹县：大饥，民食树皮草子，人相食，饿殍盈野。——顺治《禹州志》卷九欽祥,无,v3,1,"仅存在于：v3；缺少：v1,v2,v4"
655,1528,明世宗嘉靖七年,河南,郑州市,登封县,无,《登封县志》,登封县：旱，人相食。——康熙《登封县志》卷九灾祥,无,v2,1,"仅存在于：v2；缺少：v1,v3,v4"
656,1528,明世宗嘉靖七年,河南,郑州市,登封市,登封县,《登封县志》,登封县：旱，人相食。——康熙《登封县志》卷九灾祥,无,v3,1,"仅存在于：v3；缺少：v1,v2,v4"
657,1528,明世宗嘉靖七年,河南,鹤壁市,浚县,无,《浚县志》,浚县：岁大饥，人相食。——康熙《浚县志》卷一祥异,无,"v2,v3",2,"仅存在于：v2,v3；缺少：v1,v4"
658,1528,明世宗嘉靖七年,湖北,无,丹江口市,无,《襄阳府志》,丹江口市：春大饥，人相食。六月，蝗。——万历《襄阳府志》卷二十三灾祥,无,v1,1,"仅存在于：v1；缺少：v2,v3,v4"
659,1528,明世宗嘉靖七年,湖北,无,光化县,无,《襄阳府志》,襄樊市等：六月，襄樊、宜城、南漳、枣阳、谷城、光化大旱，饥，人相食。都御史张禄绘饥民十图以献，请帑赈济。——乾隆《襄阳府志》卷三十七祥异,无,v4,1,"仅存在于：v4；缺少：v1,v2,v3"
660,1528,明世宗嘉靖七年,湖北,无,南漳县,无,《襄阳府志》,襄樊市等：六月，襄樊、宜城、南漳、枣阳、谷城、光化大旱，饥，人相食。都御史张禄绘饥民十图以献，请帑赈济。——乾隆《襄阳府志》卷三十七祥异,无,"v1,v4",2,"仅存在于：v1,v4；缺少：v2,v3"
661,1528,明世宗嘉靖七年,湖北,无,宜城县,无,《襄阳府志》,襄樊市等：六月，襄樊、宜城、南漳、枣阳、谷城、光化大旱，饥，人相食。都御史张禄绘饥民十图以献，请帑赈济。——乾隆《襄阳府志》卷三十七祥异,无,"v1,v4",2,"仅存在于：v1,v4；缺少：v2,v3"
662,1528,明世宗嘉靖七年,湖北,无,枣阳县,无,《襄阳府志》,襄樊市等：六月，襄樊、宜城、南漳、枣阳、谷城、光化大旱，饥，人相食。都御史张禄绘饥民十图以献，请帑赈济。——乾隆《襄阳府志》卷三十七祥异,无,"v1,v4",2,"仅存在于：v1,v4；缺少：v2,v3"
663,1528,明世宗嘉靖七年,湖北,无,老河口市,无,《襄阳府志》,老河口市：大旱，人相食。——万历《襄阳府志》卷三十三灾祥,无,v1,1,"仅存在于：v1；缺少：v2,v3,v4"
664,1528,明世宗嘉靖七年,湖北,无,谷城县,无,《襄阳府志》,襄樊市等：六月，襄樊、宜城、南漳、枣阳、谷城、光化大旱，饥，人相食。都御史张禄绘饥民十图以献，请帑赈济。——乾隆《襄阳府志》卷三十七祥异,无,v4,1,"仅存在于：v4；缺少：v1,v2,v3"
665,1528,明世宗嘉靖七年,湖北,丹江口市,无,无,《襄阳府志》,丹江口市：春大饥，人相食。六月，蝗。——万历《襄阳府志》卷二十三灾祥,无,v4,1,"仅存在于：v4；缺少：v1,v2,v3"
666,1528,明世宗嘉靖七年,湖北,十堰市,丹江口市,无,《襄阳府志》,丹江口市：春大饥，人相食。六月，蝗。——万历《襄阳府志》卷二十三灾祥,无,"v2,v3",2,"仅存在于：v2,v3；缺少：v1,v4"
667,1528,明世宗嘉靖七年,湖北,老河口市,无,无,《襄阳府志》,老河口市：大旱，人相食。——万历《襄阳府志》卷三十三灾祥,无,"v2,v4",2,"仅存在于：v2,v4；缺少：v1,v3"
668,1528,明世宗嘉靖七年,湖北,襄樊,襄樊市,无,《襄阳府志》,襄樊市等：六月，襄樊、宜城、南漳、枣阳、谷城、光化大旱，饥，人相食。都御史张禄绘饥民十图以献，请帑赈济。——乾隆《襄阳府志》卷三十七祥异,无,v1,1,"仅存在于：v1；缺少：v2,v3,v4"
669,1528,明世宗嘉靖七年,湖北,襄樊市,无,无,《襄阳府志》,襄樊市等：六月，襄樊、宜城、南漳、枣阳、谷城、光化大旱，饥，人相食。都御史张禄绘饥民十图以献，请帑赈济。——乾隆《襄阳府志》卷三十七祥异,无,"v2,v4",2,"仅存在于：v2,v4；缺少：v1,v3"
670,1528,明世宗嘉靖七年,湖北,襄樊市,南漳县,无,《襄阳府志》,南漳县：大旱，殍横于野，饥民裔而食之。——万历《襄阳府志》卷三十三祥灾,无,v2,1,"仅存在于：v2；缺少：v1,v3,v4"
671,1528,明世宗嘉靖七年,湖北,襄樊市,宜城县,无,《襄阳府志》,宜城县：大旱，人相食。——万历《襄阳府志》卷三十三灾祥,无,v2,1,"仅存在于：v2；缺少：v1,v3,v4"
672,1528,明世宗嘉靖七年,湖北,襄樊市,枣阳县,无,《襄阳府志》,枣阳县：秋蝗，大饥，人相食。——万历《襄阳府志》卷三十三灾祥,无,v2,1,"仅存在于：v2；缺少：v1,v3,v4"
673,1528,明世宗嘉靖七年,湖北,襄阳市,南漳县,无,《襄阳府志》,南漳县：大旱，殍横于野，饥民裔而食之。——万历《襄阳府志》卷三十三祥灾,无,v3,1,"仅存在于：v3；缺少：v1,v2,v4"
674,1528,明世宗嘉靖七年,湖北,襄阳市,宜城市,无,《襄阳府志》,宜城县：大旱，人相食。——万历《襄阳府志》卷三十三灾祥,无,v3,1,"仅存在于：v3；缺少：v1,v2,v4"
675,1528,明世宗嘉靖七年,湖北,襄阳市,枣阳市,无,《襄阳府志》,枣阳县：秋蝗，大饥，人相食。——万历《襄阳府志》卷三十三灾祥,无,v3,1,"仅存在于：v3；缺少：v1,v2,v4"
676,1528,明世宗嘉靖七年,湖北,襄阳市,老河口市,无,《襄阳府志》,老河口市：大旱，人相食。——万历《襄阳府志》卷三十三灾祥,无,v3,1,"仅存在于：v3；缺少：v1,v2,v4"
677,1528,明世宗嘉靖七年,湖北,襄阳市,襄阳市,无,《襄阳府志》,襄樊市等：六月，襄樊、宜城、南漳、枣阳、谷城、光化大旱，饥，人相食。都御史张禄绘饥民十图以献，请帑赈济。——乾隆《襄阳府志》卷三十七祥异,无,v3,1,"仅存在于：v3；缺少：v1,v2,v4"
678,1528,明世宗嘉靖七年,甘肃,无,平凉府,无,《平凉府志》,平凉市：大旱。饥，人相食，斗米银三四钱，民大流亡，十存一二。——嘉靖《平凉府志》卷三祥异,无,v1,1,"仅存在于：v1；缺少：v2,v3,v4"
679,1528,明世宗嘉靖七年,甘肃,无,庆阳县,无,《庆阳府志》,庆阳县：旱，人相食。——嘉靖《庆阳府志》卷十八纪异,无,"v1,v4",2,"仅存在于：v1,v4；缺少：v2,v3"
680,1528,明世宗嘉靖七年,甘肃,无,环县,无,《环县志》,环县：旱，人相食，米石四两。——乾隆《环县志》卷十纪事,无,"v1,v4",2,"仅存在于：v1,v4；缺少：v2,v3"
681,1528,明世宗嘉靖七年,甘肃,无,秦州,秦州,《直录秦州新志》,天水市：秦州各县大旱，人相食。——乾隆《直录秦州新志》卷六灾祥,秦州为古代地名，原文为秦州各县,v1,1,"仅存在于：v1；缺少：v2,v3,v4"
682,1528,明世宗嘉靖七年,甘肃,无,陇西县,无,《甘肃通志》,陇西县：巩昌大旱，人相食。——乾隆《甘肃通志》卷二十四祥异,无,"v1,v4",2,"仅存在于：v1,v4；缺少：v2,v3"
683,1528,明世宗嘉靖七年,甘肃,天水市,无,秦州,《直录秦州新志》,天水市：秦州各县大旱，人相食。——乾隆《直录秦州新志》卷六灾祥,无,"v2,v4",2,"仅存在于：v2,v4；缺少：v1,v3"
684,1528,明世宗嘉靖七年,甘肃,天水市,天水市,秦州,《直录秦州新志》,天水市：秦州各县大旱，人相食。——乾隆《直录秦州新志》卷六灾祥,无,v3,1,"仅存在于：v3；缺少：v1,v2,v4"
685,1528,明世宗嘉靖七年,甘肃,定西市,陇西县,无,《甘肃通志》,陇西县：巩昌大旱，人相食。——乾隆《甘肃通志》卷二十四祥异,无,"v2,v3",2,"仅存在于：v2,v3；缺少：v1,v4"
686,1528,明世宗嘉靖七年,甘肃,平凉市,无,平凉府,《平凉府志》,平凉市：大旱。饥，人相食，斗米银三四钱，民大流亡，十存一二。——嘉靖《平凉府志》卷三祥异,无,"v2,v4",2,"仅存在于：v2,v4；缺少：v1,v3"
687,1528,明世宗嘉靖七年,甘肃,平凉市,平凉市,平凉府,《平凉府志》,平凉市：大旱。饥，人相食，斗米银三四钱，民大流亡，十存一二。——嘉靖《平凉府志》卷三祥异,无,v3,1,"仅存在于：v3；缺少：v1,v2,v4"
688,1528,明世宗嘉靖七年,甘肃,庆阳市,无,庆阳府,《庆阳府志》,庆阳县：旱，人相食。——嘉靖《庆阳府志》卷十八纪异,无,v2,1,"仅存在于：v2；缺少：v1,v3,v4"
689,1528,明世宗嘉靖七年,甘肃,庆阳市,庆城县,庆阳县,《庆阳府志》,庆阳县：旱，人相食。——嘉靖《庆阳府志》卷十八纪异,无,v3,1,"仅存在于：v3；缺少：v1,v2,v4"
690,1528,明世宗嘉靖七年,甘肃,庆阳市,环县,无,《环县志》,环县：旱，人相食，米石四两。——乾隆《环县志》卷十纪事,无,"v2,v3",2,"仅存在于：v2,v3；缺少：v1,v4"
691,1528,明世宗嘉靖七年,陕西,无,无,无,《陕西通志》,陕西大旱，人相食，饿死无数。——嘉靖《陕西通志》卷四十灾祥,无,"v1,v2,v4",3,"仅存在于：v1,v2,v4；缺少：v3"
692,1528,明世宗嘉靖七年,陕西,无,临潼县,无,《临潼县志》,临潼县：旱，大饥，人相食。——康熙《临潼县志》卷六祥异,无,"v1,v4",2,"仅存在于：v1,v4；缺少：v2,v3"
693,1528,明世宗嘉靖七年,陕西,无,凤翔县,无,《凤翔县志》,凤翔县：大旱，斗米千钱，人相食。——乾隆《凤翔县志》卷八祥异,无,"v1,v4",2,"仅存在于：v1,v4；缺少：v2,v3"
694,1528,明世宗嘉靖七年,陕西,无,南郑县,无,《南郑县志》,南郑县：大饥，人相食。——乾隆《南郑县志》卷十二纪事,无,"v1,v4",2,"仅存在于：v1,v4；缺少：v2,v3"
695,1528,明世宗嘉靖七年,陕西,无,城固县,无,《城固县志》,城固县：大饥，人相食。——康熙《城固县志》卷二灾异,无,"v1,v4",2,"仅存在于：v1,v4；缺少：v2,v3"
696,1528,明世宗嘉靖七年,陕西,无,岐山县,无,《重修岐山县志》,岐山县：大旱，斗米千钱，民相食。——万历《重修岐山县志》卷二灾祥,无,"v1,v4",2,"仅存在于：v1,v4；缺少：v2,v3"
697,1528,明世宗嘉靖七年,陕西,无,扶风县,无,《扶风县志》,扶风县：大旱，斗米千钱，民相食。——顺治《扶风县志》卷一灾祥,无,"v1,v4",2,"仅存在于：v1,v4；缺少：v2,v3"
698,1528,明世宗嘉靖七年,陕西,无,旬阳县,无,《洵阳县志》,旬阳县：春大饥，人相食。——乾隆《洵阳县志》卷十二祥异,无,"v1,v4",2,"仅存在于：v1,v4；缺少：v2,v3"
699,1528,明世宗嘉靖七年,陕西,无,洋县,无,《洋县志》,洋县：大饥，人相食。——康熙《洋县志》卷一灾祥,无,"v1,v4",2,"仅存在于：v1,v4；缺少：v2,v3"
700,1528,明世宗嘉靖七年,陕西,无,白河县,无,《白河县志》,白河县：春大饥，人相食。——嘉庆《白河县志》卷十四录事,无,"v1,v4",2,"仅存在于：v1,v4；缺少：v2,v3"
701,1528,明世宗嘉靖七年,陕西,无,绥德县,无,《绥德州直录州志》,绥德县：夏冰（雹）。秋霜。八月，饥，人相食。——乾隆《绥德州直录州志》卷二岁征,无,"v1,v4",2,"仅存在于：v1,v4；缺少：v2,v3"
702,1528,明世宗嘉靖七年,陕西,安康市,旬阳县,洵阳县,《洵阳县志》,旬阳县：春大饥，人相食。——乾隆《洵阳县志》卷十二祥异,无,"v2,v3",2,"仅存在于：v2,v3；缺少：v1,v4"
703,1528,明世宗嘉靖七年,陕西,安康市,白河县,无,《白河县志》,白河县：春大饥，人相食。——嘉庆《白河县志》卷十四录事,无,"v2,v3",2,"仅存在于：v2,v3；缺少：v1,v4"
704,1528,明世宗嘉靖七年,陕西,宝鸡市,凤翔区,凤翔县,《凤翔县志》,凤翔县：大旱，斗米千钱，人相食。——乾隆《凤翔县志》卷八祥异,无,v3,1,"仅存在于：v3；缺少：v1,v2,v4"
705,1528,明世宗嘉靖七年,陕西,宝鸡市,凤翔县,无,《凤翔县志》,凤翔县：大旱，斗米千钱，人相食。——乾隆《凤翔县志》卷八祥异,无,v2,1,"仅存在于：v2；缺少：v1,v3,v4"
706,1528,明世宗嘉靖七年,陕西,宝鸡市,岐山县,无,《重修岐山县志》,岐山县：大旱，斗米千钱，民相食。——万历《重修岐山县志》卷二灾祥,无,"v2,v3",2,"仅存在于：v2,v3；缺少：v1,v4"
707,1528,明世宗嘉靖七年,陕西,宝鸡市,扶风县,无,《扶风县志》,扶风县：大旱，斗米千钱，民相食。——顺治《扶风县志》卷一灾祥,无,"v2,v3",2,"仅存在于：v2,v3；缺少：v1,v4"
708,1528,明世宗嘉靖七年,陕西,榆林市,绥德县,绥德州,《绥德州直录州志》,绥德县：夏冰（雹）。秋霜。八月，饥，人相食。——乾隆《绥德州直录州志》卷二岁征,无,"v2,v3",2,"仅存在于：v2,v3；缺少：v1,v4"
709,1528,明世宗嘉靖七年,陕西,汉中市,南郑区,南郑县,《南郑县志》,南郑县：大饥，人相食。——乾隆《南郑县志》卷十二纪事,无,v3,1,"仅存在于：v3；缺少：v1,v2,v4"
710,1528,明世宗嘉靖七年,陕西,汉中市,南郑县,无,《南郑县志》,南郑县：大饥，人相食。——乾隆《南郑县志》卷十二纪事,无,v2,1,"仅存在于：v2；缺少：v1,v3,v4"
711,1528,明世宗嘉靖七年,陕西,汉中市,城固县,无,《城固县志》,城固县：大饥，人相食。——康熙《城固县志》卷二灾异,无,"v2,v3",2,"仅存在于：v2,v3；缺少：v1,v4"
712,1528,明世宗嘉靖七年,陕西,汉中市,洋县,无,《洋县志》,洋县：大饥，人相食。——康熙《洋县志》卷一灾祥,无,"v2,v3",2,"仅存在于：v2,v3；缺少：v1,v4"
713,1528,明世宗嘉靖七年,陕西,西安市,临潼区,临潼县,《临潼县志》,临潼县：旱，大饥，人相食。——康熙《临潼县志》卷六祥异,无,v3,1,"仅存在于：v3；缺少：v1,v2,v4"
714,1528,明世宗嘉靖七年,陕西,西安市,临潼县,无,《临潼县志》,临潼县：旱，大饥，人相食。——康熙《临潼县志》卷六祥异,无,v2,1,"仅存在于：v2；缺少：v1,v3,v4"
715,1529,明世宗嘉靖八年,山东,无,东阿,无,《东阿县志》,东阿县：春大饥，人相食。——道光《东阿县志》卷二十三祥异,无,v1,1,"仅存在于：v1；缺少：v2,v3,v4"
716,1529,明世宗嘉靖八年,山东,无,阳谷,无,《胶州直录州乡土志》,阳谷县：春饥，人相食。县令发粟赈济，贫民争食，自相踏，死者千余人，——光绪《胶州直录州乡土志》,无,v1,1,"仅存在于：v1；缺少：v2,v3,v4"
717,1529,明世宗嘉靖八年,山东,聊城市,东阿,无,《东阿县志》,东阿县：春大饥，人相食。——道光《东阿县志》卷二十三祥异,无,v2,1,"仅存在于：v2；缺少：v1,v3,v4"
718,1529,明世宗嘉靖八年,山东,聊城市,东阿县,无,《东阿县志》,东阿县：春大饥，人相食。——道光《东阿县志》卷二十三祥异,无,"v3,v4",2,"仅存在于：v3,v4；缺少：v1,v2"
719,1529,明世宗嘉靖八年,山东,聊城市,阳谷,无,《胶州直录州乡土志》,阳谷县：春饥，人相食。县令发粟赈济，贫民争食，自相踏，死者千余人，——光绪《胶州直录州乡土志》,无,v2,1,"仅存在于：v2；缺少：v1,v3,v4"
720,1529,明世宗嘉靖八年,山东,聊城市,阳谷县,无,《胶州直录州乡土志》,阳谷县：春饥，人相食。县令发粟赈济，贫民争食，自相踏，死者千余人，——光绪《胶州直录州乡土志》,无,"v3,v4",2,"仅存在于：v3,v4；缺少：v1,v2"
721,1529,明世宗嘉靖八年,河北,无,临城,无,《临城县志》,临城县：夏六月，蝗蝻食尽禾稼，民饥相食。——万历《临城县志》卷七纪事,无,v1,1,"仅存在于：v1；缺少：v2,v3,v4"
722,1529,明世宗嘉靖八年,河北,无,临漳,无,《临漳县志》,临漳县：大饥，人相食。——雍正《临漳县志》卷一灾祥,无,v1,1,"仅存在于：v1；缺少：v2,v3,v4"
723,1529,明世宗嘉靖八年,河北,无,井陉,无,《华北、东北近五百年旱涝史料》第二分册,井陉县：大旱，民饥相食。——《华北、东北近五百年旱涝史料》第二分册，第76页。,无,"v1,v2",2,"仅存在于：v1,v2；缺少：v3,v4"
724,1529,明世宗嘉靖八年,河北,无,内丘,内邱县,《内邱县志》,内丘县：春大旱。秋大蝗，野无遗禾。饿殍枕藉于道路，人相食。——崇祯《内邱县志》变纪,无,v1,1,"仅存在于：v1；缺少：v2,v3,v4"
725,1529,明世宗嘉靖八年,河北,无,宁晋,无,《赵州志》,宁晋县：夏六月，宁晋大旱，蝗蝻食尽禾稼。大饥，民相食，诏作粥赈恤之。——隆庆《赵州志》卷九灾祥,无,"v1,v2",2,"仅存在于：v1,v2；缺少：v3,v4"
726,1529,明世宗嘉靖八年,河北,无,平山,无,《平山县志》,平山县：七月，蝗飞蔽天，蛹生，食稼殆尽，民饥相食。——康熙《平山县志》卷一纪事,无,"v1,v2",2,"仅存在于：v1,v2；缺少：v3,v4"
727,1529,明世宗嘉靖八年,河北,无,涉,无,《涉县志》,涉县：大饥，人相食。——顺治《涉县志》卷七灾变,无,v1,1,"仅存在于：v1；缺少：v2,v3,v4"
728,1529,明世宗嘉靖八年,河北,无,深县,无,《深州直录州志》,深县：（六月）大旱，蝗蝻食禾稼。八月，陨霜杀谷，民大饥，人相食。诏煮粥赈恤。——道光《深州直录州志》卷末 檄祥,无,v1,1,"仅存在于：v1；缺少：v2,v3,v4"
729,1529,明世宗嘉靖八年,河北,无,深州,无,《真定府志》,夏六月，深州、宁晋、井陉等县大旱，蝗蝻食尽禾稼，民饥相食，诏作粥赈恤之。时深州、井陉、临城、隆平、灵寿、平山、赞皇、无极等处斗米百十钱，采草木皮叶而食之。后，人自相食，父食子、夫食妻者不可胜计。——嘉靖《真定府志》卷九纪事,无,"v1,v2",2,"仅存在于：v1,v2；缺少：v3,v4"
730,1529,明世宗嘉靖八年,河北,无,邯郸,无,《邯郸县志》,邯郸县：大蝗蔽天，岁又大饥，人相食。——康熙《邯郸县志》卷十灾异,无,v1,1,"仅存在于：v1；缺少：v2,v3,v4"
731,1529,明世宗嘉靖八年,河北,无,隆尧,隆平县,《隆平县志》,隆尧县：大旱，蝗蝻食尽田禾。民饥相食，诏作粥赈之。——崇祯《隆平县志》卷八灾异,无,v1,1,"仅存在于：v1；缺少：v2,v3,v4"
732,1529,明世宗嘉靖八年,河北,石家庄市,井陉县,井陉县,《真定府志》,深州、宁晋、井陉等县大旱，蝗蝻食尽禾稼，民饥相食，诏作粥赈恤之。时深州、井陉、临城、隆平、灵寿、平山、赞皇、无极等处斗米百十钱，采草木皮叶而食之。后，人自相食，父食子、夫食妻者不可胜计。——嘉靖《真定府志》卷九纪事,井陉县为推测，原文为古代地名井陉县,"v3,v4",2,"仅存在于：v3,v4；缺少：v1,v2"
733,1529,明世宗嘉靖八年,河北,石家庄市,平山县,平山县,《真定府志》,深州、宁晋、井陉等县大旱，蝗蝻食尽禾稼，民饥相食，诏作粥赈恤之。时深州、井陉、临城、隆平、灵寿、平山、赞皇、无极等处斗米百十钱，采草木皮叶而食之。后，人自相食，父食子、夫食妻者不可胜计。——嘉靖《真定府志》卷九纪事,平山县为推测，原文为古代地名平山县,"v3,v4",2,"仅存在于：v3,v4；缺少：v1,v2"
734,1529,明世宗嘉靖八年,河北,石家庄市,无极县,无极县,《真定府志》,深州、宁晋、井陉等县大旱，蝗蝻食尽禾稼，民饥相食，诏作粥赈恤之。时深州、井陉、临城、隆平、灵寿、平山、赞皇、无极等处斗米百十钱，采草木皮叶而食之。后，人自相食，父食子、夫食妻者不可胜计。——嘉靖《真定府志》卷九纪事,无极县为推测，原文为古代地名无极县,v3,1,"仅存在于：v3；缺少：v1,v2,v4"
735,1529,明世宗嘉靖八年,河北,石家庄市,灵寿县,灵寿县,《真定府志》,深州、宁晋、井陉等县大旱，蝗蝻食尽禾稼，民饥相食，诏作粥赈恤之。时深州、井陉、临城、隆平、灵寿、平山、赞皇、无极等处斗米百十钱，采草木皮叶而食之。后，人自相食，父食子、夫食妻者不可胜计。——嘉靖《真定府志》卷九纪事,灵寿县为推测，原文为古代地名灵寿县,v3,1,"仅存在于：v3；缺少：v1,v2,v4"
736,1529,明世宗嘉靖八年,河北,石家庄市,赞皇县,赞皇县,《真定府志》,深州、宁晋、井陉等县大旱，蝗蝻食尽禾稼，民饥相食，诏作粥赈恤之。时深州、井陉、临城、隆平、灵寿、平山、赞皇、无极等处斗米百十钱，采草木皮叶而食之。后，人自相食，父食子、夫食妻者不可胜计。——嘉靖《真定府志》卷九纪事,赞皇县为推测，原文为古代地名赞皇县,v3,1,"仅存在于：v3；缺少：v1,v2,v4"
737,1529,明世宗嘉靖八年,河北,衡水市,深州市,深州,《真定府志》,深州、宁晋、井陉等县大旱，蝗蝻食尽禾稼，民饥相食，诏作粥赈恤之。时深州、井陉、临城、隆平、灵寿、平山、赞皇、无极等处斗米百十钱，采草木皮叶而食之。后，人自相食，父食子、夫食妻者不可胜计。——嘉靖《真定府志》卷九纪事,深州市为推测，原文为古代地名深州,"v3,v4",2,"仅存在于：v3,v4；缺少：v1,v2"
738,1529,明世宗嘉靖八年,河北,邢台市,临城,无,《临城县志》,临城县：夏六月，蝗蝻食尽禾稼，民饥相食。——万历《临城县志》卷七纪事,无,v2,1,"仅存在于：v2；缺少：v1,v3,v4"
739,1529,明世宗嘉靖八年,河北,邢台市,临城县,临城县,《真定府志》,深州、宁晋、井陉等县大旱，蝗蝻食尽禾稼，民饥相食，诏作粥赈恤之。时深州、井陉、临城、隆平、灵寿、平山、赞皇、无极等处斗米百十钱，采草木皮叶而食之。后，人自相食，父食子、夫食妻者不可胜计。——嘉靖《真定府志》卷九纪事,临城县为推测，原文为古代地名临城县,"v3,v4",2,"仅存在于：v3,v4；缺少：v1,v2"
740,1529,明世宗嘉靖八年,河北,邢台市,内丘,无,《内邱县志》,内丘县：春大旱。秋大蝗，野无遗禾。饿殍枕藉于道路，人相食。——崇祯《内邱县志》变纪,无,v2,1,"仅存在于：v2；缺少：v1,v3,v4"
741,1529,明世宗嘉靖八年,河北,邢台市,内丘县,内丘县,《内邱县志》,内丘县：春大旱。秋大蝗，野无遗禾。饿殍枕藉于道路，人相食。——崇祯《内邱县志》变纪,无,"v3,v4",2,"仅存在于：v3,v4；缺少：v1,v2"
742,1529,明世宗嘉靖八年,河北,邢台市,宁晋县,宁晋县,《真定府志》,深州、宁晋、井陉等县大旱，蝗蝻食尽禾稼，民饥相食，诏作粥赈恤之。时深州、井陉、临城、隆平、灵寿、平山、赞皇、无极等处斗米百十钱，采草木皮叶而食之。后，人自相食，父食子、夫食妻者不可胜计。——嘉靖《真定府志》卷九纪事,宁晋县为推测，原文为古代地名宁晋县,"v3,v4",2,"仅存在于：v3,v4；缺少：v1,v2"
743,1529,明世宗嘉靖八年,河北,邢台市,隆尧,隆平县,《隆平县志》,隆尧县：大旱，蝗蝻食尽田禾。民饥相食，诏作粥赈之。——崇祯《隆平县志》卷八灾异,无,v2,1,"仅存在于：v2；缺少：v1,v3,v4"
744,1529,明世宗嘉靖八年,河北,邢台市,隆尧县,隆平县,《真定府志》,深州、宁晋、井陉等县大旱，蝗蝻食尽禾稼，民饥相食，诏作粥赈恤之。时深州、井陉、临城、隆平、灵寿、平山、赞皇、无极等处斗米百十钱，采草木皮叶而食之。后，人自相食，父食子、夫食妻者不可胜计。——嘉靖《真定府志》卷九纪事,隆尧县为推测，原文为古代地名隆平县,"v3,v4",2,"仅存在于：v3,v4；缺少：v1,v2"
745,1529,明世宗嘉靖八年,河北,邯郸市,临漳,无,《临漳县志》,临漳县：大饥，人相食。——雍正《临漳县志》卷一灾祥,无,v2,1,"仅存在于：v2；缺少：v1,v3,v4"
746,1529,明世宗嘉靖八年,河北,邯郸市,临漳县,临漳县,《临漳县志》,临漳县：大饥，人相食。——雍正《临漳县志》卷一灾祥,无,"v3,v4",2,"仅存在于：v3,v4；缺少：v1,v2"
747,1529,明世宗嘉靖八年,河北,邯郸市,涉,无,《涉县志》,涉县：大饥，人相食。——顺治《涉县志》卷七灾变,无,v2,1,"仅存在于：v2；缺少：v1,v3,v4"
748,1529,明世宗嘉靖八年,河北,邯郸市,涉县,涉县,《涉县志》,涉县：大饥，人相食。——顺治《涉县志》卷七灾变,无,"v3,v4",2,"仅存在于：v3,v4；缺少：v1,v2"
749,1529,明世宗嘉靖八年,河北,邯郸市,邯郸,无,《邯郸县志》,邯郸县：大蝗蔽天，岁又大饥，人相食。——康熙《邯郸县志》卷十灾异,无,v2,1,"仅存在于：v2；缺少：v1,v3,v4"
750,1529,明世宗嘉靖八年,河北,邯郸市,邯郸县,无,《邯郸县志》,邯郸县：大蝗蔽天，岁又大饥，人相食。——康熙《邯郸县志》卷十灾异,无,v4,1,"仅存在于：v4；缺少：v1,v2,v3"
751,1529,明世宗嘉靖八年,河北,邯郸市,邯郸市,邯郸县,《邯郸县志》,邯郸县：大蝗蔽天，岁又大饥，人相食。——康熙《邯郸县志》卷十灾异,无,v3,1,"仅存在于：v3；缺少：v1,v2,v4"
752,1529,明世宗嘉靖八年,河南,无,原阳,阳武县,《阳武县志》,原阳县：春饥，饿殍相望，人相食。赈。——康熙《阳武县志》卷八灾祥,无,v1,1,"仅存在于：v1；缺少：v2,v3,v4"
753,1529,明世宗嘉靖八年,河南,无,延津,无,《延津志》,延津县：大饥，人相食。——嘉靖《延津志》祥异,无,v1,1,"仅存在于：v1；缺少：v2,v3,v4"
754,1529,明世宗嘉靖八年,河南,无,新乡,无,《新乡县续志》,新乡县：春，人相食。——康熙《新乡县续志》卷二灾异,无,v1,1,"仅存在于：v1；缺少：v2,v3,v4"
755,1529,明世宗嘉靖八年,河南,无,汲,无,《汲县志》,汲县：春，人相食。——康熙《汲县志》卷二叢祥,无,v1,1,"仅存在于：v1；缺少：v2,v3,v4"
756,1529,明世宗嘉靖八年,河南,无,淇,无,《淇县志》,淇县：七月，淇境大蝗，秋禾食尽。民大饥，人相食。九月、十月俱霖雨，卫河、淇水俱泛滥，山水亦横流，淹没民禾，淤东南之境。——嘉靖《淇县志》卷四祥异,无,v1,1,"仅存在于：v1；缺少：v2,v3,v4"
757,1529,明世宗嘉靖八年,河南,无,荥阳,无,《荥阳县志》,荥阳县：春大饥，人相食。麦生双穗。——康熙《荥阳县志》卷一灾祥,无,v1,1,"仅存在于：v1；缺少：v2,v3,v4"
758,1529,明世宗嘉靖八年,河南,新乡市,卫辉市,汲县,《汲县志》,汲县：春，人相食。——康熙《汲县志》卷二叢祥,卫辉市为推测，原文为古代地名汲县,v3,1,"仅存在于：v3；缺少：v1,v2,v4"
759,1529,明世宗嘉靖八年,河南,新乡市,原阳,阳武县,《阳武县志》,原阳县：春饥，饿殍相望，人相食。赈。——康熙《阳武县志》卷八灾祥,无,v2,1,"仅存在于：v2；缺少：v1,v3,v4"
760,1529,明世宗嘉靖八年,河南,新乡市,原阳县,阳武县,《阳武县志》,原阳县：春饥，饿殍相望，人相食。赈。——康熙《阳武县志》卷八灾祥,原阳县为推测，原文为古代地名阳武县,"v3,v4",2,"仅存在于：v3,v4；缺少：v1,v2"
761,1529,明世宗嘉靖八年,河南,新乡市,延津,无,《延津志》,延津县：大饥，人相食。——嘉靖《延津志》祥异,无,v2,1,"仅存在于：v2；缺少：v1,v3,v4"
762,1529,明世宗嘉靖八年,河南,新乡市,延津县,延津县,《延津志》,延津县：大饥，人相食。——嘉靖《延津志》祥异,无,"v3,v4",2,"仅存在于：v3,v4；缺少：v1,v2"
763,1529,明世宗嘉靖八年,河南,新乡市,新乡,无,《新乡县续志》,新乡县：春，人相食。——康熙《新乡县续志》卷二灾异,无,v2,1,"仅存在于：v2；缺少：v1,v3,v4"
764,1529,明世宗嘉靖八年,河南,新乡市,新乡县,无,《新乡县续志》,新乡县：春，人相食。——康熙《新乡县续志》卷二灾异,无,v4,1,"仅存在于：v4；缺少：v1,v2,v3"
765,1529,明世宗嘉靖八年,河南,新乡市,新乡市,新乡县,《新乡县续志》,新乡县：春，人相食。——康熙《新乡县续志》卷二灾异,无,v3,1,"仅存在于：v3；缺少：v1,v2,v4"
766,1529,明世宗嘉靖八年,河南,新乡市,汲,无,《汲县志》,汲县：春，人相食。——康熙《汲县志》卷二叢祥,无,v2,1,"仅存在于：v2；缺少：v1,v3,v4"
767,1529,明世宗嘉靖八年,河南,新乡市,汲县,无,《汲县志》,汲县：春，人相食。——康熙《汲县志》卷二叢祥,无,v4,1,"仅存在于：v4；缺少：v1,v2,v3"
768,1529,明世宗嘉靖八年,河南,郑州市,荥阳,无,《荥阳县志》,荥阳县：春大饥，人相食。麦生双穗。——康熙《荥阳县志》卷一灾祥,无,v2,1,"仅存在于：v2；缺少：v1,v3,v4"
769,1529,明世宗嘉靖八年,河南,郑州市,荥阳县,无,《荥阳县志》,荥阳县：春大饥，人相食。麦生双穗。——康熙《荥阳县志》卷一灾祥,无,v4,1,"仅存在于：v4；缺少：v1,v2,v3"
770,1529,明世宗嘉靖八年,河南,郑州市,荥阳市,荥阳县,《荥阳县志》,荥阳县：春大饥，人相食。麦生双穗。——康熙《荥阳县志》卷一灾祥,荥阳市为推测，原文为古代地名荥阳县,v3,1,"仅存在于：v3；缺少：v1,v2,v4"
771,1529,明世宗嘉靖八年,河南,鹤壁市,淇,无,《淇县志》,淇县：七月，淇境大蝗，秋禾食尽。民大饥，人相食。九月、十月俱霖雨，卫河、淇水俱泛滥，山水亦横流，淹没民禾，淤东南之境。——嘉靖《淇县志》卷四祥异,无,v2,1,"仅存在于：v2；缺少：v1,v3,v4"
772,1529,明世宗嘉靖八年,河南,鹤壁市,淇县,淇县,《淇县志》,淇县：七月，淇境大蝗，秋禾食尽。民大饥，人相食。九月、十月俱霖雨，卫河、淇水俱泛滥，山水亦横流，淹没民禾，淤东南之境。——嘉靖《淇县志》卷四祥异,无,"v3,v4",2,"仅存在于：v3,v4；缺少：v1,v2"
773,1529,明世宗嘉靖八年,湖北,无,宜城,无,《宜城县志》,宜城县：旱，人相食。——康熙《宜城县志》卷三灾异,无,v1,1,"仅存在于：v1；缺少：v2,v3,v4"
774,1529,明世宗嘉靖八年,湖北,襄阳市,宜城,无,《宜城县志》,宜城县：旱，人相食。——康熙《宜城县志》卷三灾异,无,v2,1,"仅存在于：v2；缺少：v1,v3,v4"
775,1529,明世宗嘉靖八年,湖北,襄阳市,宜城县,无,《宜城县志》,宜城县：旱，人相食。——康熙《宜城县志》卷三灾异,无,v4,1,"仅存在于：v4；缺少：v1,v2,v3"
776,1529,明世宗嘉靖八年,湖北,襄阳市,宜城市,宜城县,《宜城县志》,宜城县：旱，人相食。——康熙《宜城县志》卷三灾异,宜城市为推测，原文为古代地名宜城县,v3,1,"仅存在于：v3；缺少：v1,v2,v4"
777,1529,明世宗嘉靖八年,甘肃,无,临夏,无,《河州志》,临夏县：岁遭大荒，市籴每斗七千，人相食，城池四野积死无数。——嘉靖《河州志》卷一灾异,无,v1,1,"仅存在于：v1；缺少：v2,v3,v4"
778,1529,明世宗嘉靖八年,甘肃,无,临洮,无,《临洮府志》,临洮县等：（临洮）府属皆大饥，人相食。——万历《临洮府志》卷二十二祥异,无,v1,1,"仅存在于：v1；缺少：v2,v3,v4"
779,1529,明世宗嘉靖八年,甘肃,临夏回族自治州,临夏,无,《河州志》,临夏县：岁遭大荒，市籴每斗七千，人相食，城池四野积死无数。——嘉靖《河州志》卷一灾异,无,v2,1,"仅存在于：v2；缺少：v1,v3,v4"
780,1529,明世宗嘉靖八年,甘肃,临夏回族自治州,临夏县,无,《河州志》,临夏县：岁遭大荒，市籴每斗七千，人相食，城池四野积死无数。——嘉靖《河州志》卷一灾异,无,v4,1,"仅存在于：v4；缺少：v1,v2,v3"
781,1529,明世宗嘉靖八年,甘肃,临夏回族自治州,临夏市,河州,《河州志》,临夏县：岁遭大荒，市籴每斗七千，人相食，城池四野积死无数。——嘉靖《河州志》卷一灾异,临夏市为推测，原文为古代地名河州,v3,1,"仅存在于：v3；缺少：v1,v2,v4"
782,1529,明世宗嘉靖八年,甘肃,定西市,临洮,无,《临洮府志》,临洮县等：（临洮）府属皆大饥，人相食。——万历《临洮府志》卷二十二祥异,无,v2,1,"仅存在于：v2；缺少：v1,v3,v4"
783,1529,明世宗嘉靖八年,甘肃,定西市,临洮县,临洮府,《临洮府志》,临洮县等：（临洮）府属皆大饥，人相食。——万历《临洮府志》卷二十二祥异,临洮县为推测，原文为古代地名临洮府,"v3,v4",2,"仅存在于：v3,v4；缺少：v1,v2"
784,1529,明世宗嘉靖八年,陕西,无,榆林,无,《延绥镇志》,榆林县：大饥，人相食。——万历《延绥镇志》卷三灾异,无,v1,1,"仅存在于：v1；缺少：v2,v3,v4"
785,1529,明世宗嘉靖八年,陕西,无,绥德,无,《绥德州志》,绥德县：大饥，人相食。——顺治《绥德州志》卷一灾祥,无,v1,1,"仅存在于：v1；缺少：v2,v3,v4"
786,1529,明世宗嘉靖八年,陕西,延安市,无,无,《重修延安府志》,延安市：蝗飞蔽日，大饥，人相食。——嘉庆《重修延安府志》卷五大事表,无,v4,1,"仅存在于：v4；缺少：v1,v2,v3"
787,1529,明世宗嘉靖八年,陕西,延安市,延安,无,《重修延安府志》,延安市：蝗飞蔽日，大饥，人相食。——嘉庆《重修延安府志》卷五大事表,无,"v1,v2",2,"仅存在于：v1,v2；缺少：v3,v4"
788,1529,明世宗嘉靖八年,陕西,延安市,延安市,延安府,《重修延安府志》,延安市：蝗飞蔽日，大饥，人相食。——嘉庆《重修延安府志》卷五大事表,延安市为推测，原文为古代地名延安府,v3,1,"仅存在于：v3；缺少：v1,v2,v4"
789,1529,明世宗嘉靖八年,陕西,榆林市,榆林,无,《延绥镇志》,榆林县：大饥，人相食。——万历《延绥镇志》卷三灾异,无,v2,1,"仅存在于：v2；缺少：v1,v3,v4"
790,1529,明世宗嘉靖八年,陕西,榆林市,榆林县,无,《延绥镇志》,榆林县：大饥，人相食。——万历《延绥镇志》卷三灾异,无,v4,1,"仅存在于：v4；缺少：v1,v2,v3"
791,1529,明世宗嘉靖八年,陕西,榆林市,榆林市,榆林县,《延绥镇志》,榆林县：大饥，人相食。——万历《延绥镇志》卷三灾异,无,v3,1,"仅存在于：v3；缺少：v1,v2,v4"
792,1529,明世宗嘉靖八年,陕西,榆林市,绥德,无,《绥德州志》,绥德县：大饥，人相食。——顺治《绥德州志》卷一灾祥,无,v2,1,"仅存在于：v2；缺少：v1,v3,v4"
793,1529,明世宗嘉靖八年,陕西,榆林市,绥德县,绥德县,《绥德州志》,绥德县：大饥，人相食。——顺治《绥德州志》卷一灾祥,无,"v3,v4",2,"仅存在于：v3,v4；缺少：v1,v2"
794,1530,明世宗嘉靖九年,河北,无,赞皇县,无,《赞皇县志》,河北：赞皇县：春大疫。斗米八九十钱，民多赴食河南，饥死者遍田野，有司赈济不及，始而人食死者，继而（戕）食生者，言之至今忆然。是岁秋庆大有，斗米三十文千，豆十余文钱，民始得生。——康熙《赞皇县志》卷九祥异,无,"v1,v2,v3",3,"仅存在于：v1,v2,v3；缺少：v4"
795,1530,明世宗嘉靖九年,河北,石家庄市,赞皇县,无,《赞皇县志》,赞皇县：春大疫。斗米八九十钱，民多赴食河南，饥死者遍田野，有司赈济不及，始而人食死者，继而（戕）食生者，言之至今忆然。是岁秋庆大有，斗米三十文千，豆十余文钱，民始得生。——康熙《赞皇县志》卷九祥异,原文为'始而人食死者，继而（戕）食生者'，疑似OCR错误,v4,1,"仅存在于：v4；缺少：v1,v2,v3"
796,1531,明世宗嘉靖十年,山西,无,怀仁县,无,《华北、东北近五百年旱涝史料》,怀仁县：大饥，人相食。——《华北、东北近五百年旱涝史料》第五分册，第3页。,无,"v1,v2,v3,v4",4,
797,1531,明世宗嘉靖十年,河南,无,宝丰县,无,《宝丰县志》,宝丰县：秋大水，坏民庐舍。大饥，人相食。——嘉庆《宝丰县志》卷二十四大事记,无,"v1,v2,v3,v4",4,
798,1532,明世宗嘉靖十一年,河南,无,鲁山县,无,《鲁山县志》,河南：鲁山县：春大旱，夏飞蝗，遮天蔽日。秋，遍地蛹生，食禾无遗。民大荒，相食者甚多，饿莩枕藉于道。至十二年大熟。——嘉靖《鲁山县志》卷十灾祥,无,"v1,v2,v3,v4",4,
799,1532,明世宗嘉靖十一年,陕西,无,蓝田县,无,《蓝田县志》,陕西：蓝田县：又大祲，人相食。——顺治《蓝田县志》卷四灾异,无,"v1,v2,v3,v4",4,
800,1533,明世宗嘉靖十二年,山西,无,洪洞县,无,《华北、东北近五百年旱涝史料》,洪洞县：春大饥，民相食。——《华北、东北近五百年旱涝史料》第五分册，第39页。,无,"v2,v3,v4",3,"仅存在于：v2,v3,v4；缺少：v1"
801,1533,明世宗嘉靖十二年,山西,无,离石县,无,《永宁州志》,离石县：秋七月，大旱。八月，霾雨不止，及晴，霜落如雪，禾杀尽。饥民流徙相食。——康熙《永宁州志》卷八灾祥,无,"v2,v3,v4",3,"仅存在于：v2,v3,v4；缺少：v1"
802,1533,明世宗嘉靖十二年,山西,临汾市,洪洞县,无,《华北、东北近五百年旱涝史料》,洪洞县：春大饥，民相食。——《华北、东北近五百年旱涝史料》第五分册，第39页,无,v1,1,"仅存在于：v1；缺少：v2,v3,v4"
803,1533,明世宗嘉靖十二年,山西,吕梁市,离石县,无,《永宁州志》,离石县：秋七月，大旱。八月，霾雨不止，及晴，霜落如雪，禾杀尽。饥民流徙相食。——康熙《永宁州志》卷八灾祥,无,v1,1,"仅存在于：v1；缺少：v2,v3,v4"
804,1534,明世宗嘉靖十三年,山西,无,翼城县,无,《华北、东北近五百年旱涝史料》,翼城县：大饥，人相食。——《华北、东北近五百年旱涝史料》第五分册，第39页。,无,"v1,v2,v3,v4",4,
805,1534,明世宗嘉靖十三年,山西,临汾市,无,无,《华北、东北近五百年旱涝史料》,临汾市：大饥，人相食。——《华北、东北近五百年旱涝史料》第五分册，第39页。,无,"v1,v2,v3,v4",4,
806,1535,明世宗嘉靖十四年,甘肃,无,和政县,无,《和政县志》转引《西北灾荒史》,和政县：大旱，人相食。——《和政县志》（民国十九年），转引自《西北灾荒史》第419页。,无,"v1,v3,v4",3,"仅存在于：v1,v3,v4；缺少：v2"
807,1535,明世宗嘉靖十四年,甘肃,无,永昌县,无,《永昌县志》转引《西北灾荒史》,永昌县：旱，民饥，人相食。——《永昌县志》（乾隆十四年），转引自《西北灾荒史》第414页。,无,"v1,v3,v4",3,"仅存在于：v1,v3,v4；缺少：v2"
808,1537,明世宗嘉靖十六年,河南,无,西平县,无,《西平县志》,河南：西平县：丁酉，庚子岁荐旱蝗，人相食。——康熙《西平县志》卷九艺文,无,"v1,v2,v3,v4",4,
809,1538,明世宗嘉靖十七年,河南,无,中牟县,无,《中牟县志》,中牟县：春大饥，人相食。——天启《中牟县志》卷二物异,无,"v1,v2,v3,v4",4,
810,1538,明世宗嘉靖十七年,河南,无,临汝县,无,《汝州全志》,临汝县：大水，阖郡饥，人相食。——道光《汝州全志》卷九祥异,无,"v1,v2,v3,v4",4,
811,1538,明世宗嘉靖十七年,河南,无,扶沟县,无,《扶沟县志》,扶沟县：十七年、十八年连大饥，人相食。——康熙三十八年《扶沟县志》卷四灾异,无,"v1,v2,v3,v4",4,
812,1538,明世宗嘉靖十七年,河南,无,新郑县,无,《新郑县志》,新郑县：大饥，人相食。——顺治《新郑县志》卷五祥异,无,"v1,v2,v3,v4",4,
813,1538,明世宗嘉靖十七年,河南,无,杞县,无,《华北、东北近五百年旱涝史料》,杞县：夏六月，大水，民饥相食。——《华北、东北近五百年旱涝史料》第四分册，第24页。,无,"v1,v2,v3,v4",4,
814,1538,明世宗嘉靖十七年,河南,无,登封县,无,《登封县志》,登封县：蝗，人相食。——康熙《登封县志》卷九灾祥,无,"v1,v2,v3,v4",4,
815,1538,明世宗嘉靖十七年,河南,无,西华县,无,《西华县志》,西华县：十七年、十八年大水，相继潰麦。岁大饥，人相食。——乾隆《西华县志》卷十五行,无,"v1,v2,v3,v4",4,
816,1539,明世宗嘉靖十八年,河南,无,宁陵县,无,《宁陵县志》,宁陵县：有虫，伤菽尽。大水，岁饥，民相食，死者遍野。——康熙《宁陵县志》卷十二灾祥,无,"v1,v2,v3",3,"仅存在于：v1,v2,v3；缺少：v4"
817,1539,明世宗嘉靖十八年,河南,无,尉氏县,无,《尉氏县志》,尉氏县：大饥，死尸相枕藉于城外，人有割其肉以食者。——嘉靖《尉氏县志》卷四祥异,无,"v1,v2,v3",3,"仅存在于：v1,v2,v3；缺少：v4"
818,1539,明世宗嘉靖十八年,河南,无,汝南县,无,《汝南志》,汝南县：大旱，蝗飞蔽天。明年春大疫，人相食。诏免本年田租之半，仍遣官赈济。——万历《汝南志》卷二十四灾祥,无,"v1,v2,v3",3,"仅存在于：v1,v2,v3；缺少：v4"
819,1539,明世宗嘉靖十八年,河南,无,淮阳县,无,《续修陈州志》,淮阳县：大饥。夏秋霾雨没禾。民鬻妻子，逃散，人相食。——康熙《续修陈州志》卷四灾异,无,"v1,v2,v3",3,"仅存在于：v1,v2,v3；缺少：v4"
820,1539,明世宗嘉靖十八年,河南,无,潢川县,无,《光州志》,潢川县：大旱，蝗灾。明年春大疫，人相食。——顺治《光州志》卷十二灾祥,无,"v1,v2,v3",3,"仅存在于：v1,v2,v3；缺少：v4"
821,1539,明世宗嘉靖十八年,河南,无,鲁山县,无,《鲁山县志》,鲁山县：春大旱，秋大蝗，尤炽于十一年，野无遗禾，黎民相食者甚多，饿莩者枕藉道路。时春夏瘟疫大行，冬始方息。——嘉靖《鲁山县志》卷十灾祥,无,"v1,v2,v3",3,"仅存在于：v1,v2,v3；缺少：v4"
822,1539,明世宗嘉靖十八年,河南,无,鹿邑县,无,《鹿邑县志》,鹿邑县：春，大饥疫，人相食，死者枕藉于野。——康熙《鹿邑县志》卷八灾祥,无,"v1,v2,v3",3,"仅存在于：v1,v2,v3；缺少：v4"
823,1539,明世宗嘉靖十八年,河南,信阳市,潢川县,光州,《光州志》,潢川县：大旱，蝗灾。明年春大疫，人相食。——顺治《光州志》卷十二灾祥,光州为推测，原文为古代地名光州；来源《光州志》为顺治年间编纂，晚于事件发生时间,v4,1,"仅存在于：v4；缺少：v1,v2,v3"
824,1539,明世宗嘉靖十八年,河南,周口市,淮阳县,陈州,《续修陈州志》,淮阳县：大饥。夏秋霾雨没禾。民鬻妻子，逃散，人相食。——康熙《续修陈州志》卷四灾异,陈州为古代地名，今淮阳县,v4,1,"仅存在于：v4；缺少：v1,v2,v3"
825,1539,明世宗嘉靖十八年,河南,周口市,鹿邑县,无,《鹿邑县志》,鹿邑县：春，大饥疫，人相食，死者枕藉于野。——康熙《鹿邑县志》卷八灾祥,无,v4,1,"仅存在于：v4；缺少：v1,v2,v3"
826,1539,明世宗嘉靖十八年,河南,商丘市,宁陵县,无,《宁陵县志》,宁陵县：有虫，伤菽尽。大水，岁饥，民相食，死者遍野。——康熙《宁陵县志》卷十二灾祥,无,v4,1,"仅存在于：v4；缺少：v1,v2,v3"
827,1539,明世宗嘉靖十八年,河南,平顶山市,鲁山县,无,《鲁山县志》,鲁山县：春大旱，秋大蝗，尤炽于十一年，野无遗禾，黎民相食者甚多，饿莩者枕藉道路。时春夏瘟疫大行，冬始方息。——嘉靖《鲁山县志》卷十灾祥,无,v4,1,"仅存在于：v4；缺少：v1,v2,v3"
828,1539,明世宗嘉靖十八年,河南,开封市,尉氏县,无,《尉氏县志》,尉氏县：大饥，死尸相枕藉于城外，人有割其肉以食者。——嘉靖《尉氏县志》卷四祥异,无,v4,1,"仅存在于：v4；缺少：v1,v2,v3"
829,1539,明世宗嘉靖十八年,河南,驻马店市,汝南县,无,《汝南志》,汝南县：大旱，蝗飞蔽天。明年春大疫，人相食。诏免本年田租之半，仍遣官赈济。——万历《汝南志》卷二十四灾祥,无,v4,1,"仅存在于：v4；缺少：v1,v2,v3"
830,1540,明世宗嘉靖十九年,河南,无,上蔡县,无,《上蔡县志》,上蔡县：春饥疫，人相食。——康熙《上蔡县志》卷十二编年,无,"v1,v2,v3,v4",4,
831,1540,明世宗嘉靖十九年,河南,无,息县,无,《息县志》,息县：春大饥，人相食，免田租之半。——顺治《息县志》卷十灾异,无,"v1,v2,v3,v4",4,
832,1540,明世宗嘉靖十九年,河南,无,汝南县,无,《汝阳县志》,汝南县：春大疫，人相食。——顺治《汝阳县志》卷十外纪,无,"v1,v2,v3,v4",4,
833,1540,明世宗嘉靖十九年,河南,无,确山县,无,《确山县志》,确山县：春大疫，人相食。诏免田租之半，遣官赈济。——乾隆《确山县志》禪祥,"原文为""禪祥""，疑似OCR错误","v1,v2,v3,v4",4,
834,1540,明世宗嘉靖十九年,河南,无,西平县,无,《西平县志》,西平县：岁荐旱蝗，人相食。——康熙《西平县志》卷九艺文,无,"v1,v2,v3,v4",4,
835,1541,明世宗嘉靖二十年,河北,无,大名县,无,《大名县志》,大名县：大旱，饥。自春至夏五月乃雨，人相食，飞蝗蔽天。——民国《大名县志》卷二十六祥异,无,"v1,v2,v3,v4",4,
836,1541,明世宗嘉靖二十年,河南,无,滑县,无,《滑县志》,滑县：大旱，人饥相食。——顺治《滑县志》卷四祥异,无,"v1,v2,v3,v4",4,
837,1542,明世宗嘉靖二十一年,河北,无,大城县,无,《大城县志》,河北：大城县：蝗，饥疫，人相食。——康熙《大城县志》卷八灾异,无,"v1,v2,v3,v4",4,
838,1542,明世宗嘉靖二十一年,河北,无,文安县,无,《文安县志》,河北：文安县：饥，疫。人相食。——崇祯《文安县志》卷十一灾祥,无,"v1,v2,v3,v4",4,
839,1543,明世宗嘉靖二十二年,河北,无,新城县,无,《新城县志》,河北：新城县：大水。饥，死者遍于乡坊。有司赈济不及，始而人食死者，继而戕食生者。——道光《新城县志》卷十五祥异,无,"v1,v2,v3,v4",4,
840,1543,明世宗嘉靖二十二年,河南,无,登封县,无,《登封县志》,河南：登封县：旱，人相食。——康熙《登封县志》卷九灾祥,无,"v1,v2,v3,v4",4,
841,1544,明世宗嘉靖二十三年,山东,无,莒县,无,《莒州志》,山东：莒县：大饥，人相食。——嘉庆《莒州志》卷十五纪事,无,"v1,v2,v3,v4",4,
842,1548,明世宗嘉靖二十七年,江苏,无,徐州市,无,《徐州志》,徐州市：二十七年，大水，历至三十二年益大水。历夏秋冬不消，兼之疫疠，道殛相望，民食草叶、榆皮不能自（疗？），甚至人相食者。钦命刑部侍郎吴鹏发赈。——顺治《徐州志》卷八灾祥,无,v3,1,"仅存在于：v3；缺少：v1,v2,v4"
843,1548,明世宗嘉靖二十七年,江苏,徐州,无,无,《徐州志》,徐州市：二十七年，大水，历至三十二年益大水。历夏秋冬不消，兼之疫疠，道殣相望，民食草叶、榆皮不能自（疗？），甚至人相食者。钦命刑部侍郎吴鹏发赈。——顺治《徐州志》卷八灾祥,无,v1,1,"仅存在于：v1；缺少：v2,v3,v4"
844,1548,明世宗嘉靖二十七年,江苏,徐州市,无,无,《徐州志》,徐州市：二十七年，大水，历至三十二年益大水。历夏秋冬不消，兼之疫疠，道殛相望，民食草叶、榆皮不能自（疗？），甚至人相食者。钦命刑部侍郎吴鹏发赈。——顺治《徐州志》卷八灾祥,无,"v2,v4",2,"仅存在于：v2,v4；缺少：v1,v3"
845,1548,明世宗嘉靖二十七年,湖北,无,石首,无,《石首县志》,石首市：大旱。米涌贵，有烹子食母者。——乾隆元年《石首县志》卷四灾异,无,v1,1,"仅存在于：v1；缺少：v2,v3,v4"
846,1548,明世宗嘉靖二十七年,湖北,无,石首市,无,《石首县志》,石首市：大旱。米涌贵，有烹子食母者。——乾隆元年《石首县志》卷四灾异,无,v3,1,"仅存在于：v3；缺少：v1,v2,v4"
847,1548,明世宗嘉靖二十七年,湖北,石首市,无,无,《石首县志》,石首市：大旱。米涌贵，有烹子食母者。——乾隆元年《石首县志》卷四灾异,无,"v2,v4",2,"仅存在于：v2,v4；缺少：v1,v3"
848,1549,明世宗嘉靖二十八年,河北,无,获鹿县,无,《获鹿县志》,河北：获鹿县：春夏大旱，至秋不雨。大饥，人相食。——嘉靖《获鹿县志》卷九纪事,无,"v1,v2,v3,v4",4,
849,1551,明世宗嘉靖三十年,辽宁,辽阳,无,无,《奉天通志》,张铎，嘉靖辛丑进士，积谷六万斛贮辽阳预备仓，以备兵荒。后十年（1551年），辽阳果遇大水，瘟疫，人相食，虏患频，仍赖此赈济。——民国《奉天通志》卷一四0宦迹,无,v1,1,"仅存在于：v1；缺少：v2,v3,v4"
850,1551,明世宗嘉靖三十年,辽宁,辽阳市,无,无,《奉天通志》,辽阳市：张铎，嘉靖辛丑进士，积谷六万斛贮辽阳预备仓，以备兵荒。后十年（1551年），辽阳果遇大水，瘟疫，人相食，虏患频，仍赖此赈济。——民国《奉天通志》卷一四0宦迹,无,"v2,v3,v4",3,"仅存在于：v2,v3,v4；缺少：v1"
851,1552,明世宗嘉靖三十一年,山东,无,蒙阴县,无,《蒙阴县志》,蒙阴县：岁大饥，人相食，死者枕藉。——康熙《蒙阴县志》卷三宦绩,无,"v1,v2,v3,v4",4,
852,1552,明世宗嘉靖三十一年,山东,枣庄市,无,无,《峄县志》,三十一、二年间，自正月不雨，至夏四月始雨，复大水害稼，岁大饥。强梁着竟白昼揭旗鼓肆掠境内；良民取草根木皮充饥；无赖剥殍肉为食，至有尚呻吟即为人所剥，有司莫能禁，枕藉于沟壑者无算。是年，邑人以饥及盗，瘟疫死者无虑数千。——康熙《峄县志》卷二灾祥,无,v1,1,"仅存在于：v1；缺少：v2,v3,v4"
853,1552,明世宗嘉靖三十一年,山东,枣庄市,峄县,峄县,《峄县志》,枣庄市：三十一、二年间，自正月不雨，至夏四月始雨，复大水害稼，岁大饥。强梁着竟白昼揭旗鼓肆掠境内；良民取草根木皮充饥；无赖剥殍肉为食，至有尚呻吟即为人所剥，有司莫能禁，枕藉于沟壑者无算。是年，邑人以饥及盗，瘟疫死者无虑数千。——康熙《峄县志》卷二灾祥,无,"v2,v3",2,"仅存在于：v2,v3；缺少：v1,v4"
854,1552,明世宗嘉靖三十一年,山西,无,无,大同镇,《大同府志》,大同市：大同镇饥，人相食。——乾隆《大同府志》卷二十五祥异,大同镇为古代地名,"v1,v4",2,"仅存在于：v1,v4；缺少：v2,v3"
855,1552,明世宗嘉靖三十一年,山西,无,怀仁县,无,《怀仁县新志》,怀仁县：大饥，人相食。——光绪《怀仁县新志》卷一样异,无,"v1,v2,v3,v4",4,
856,1552,明世宗嘉靖三十一年,山西,大同市,无,大同镇,《大同府志》,大同市：大同镇饥，人相食。——乾隆《大同府志》卷二十五祥异,无,"v2,v3",2,"仅存在于：v2,v3；缺少：v1,v4"
857,1552,明世宗嘉靖三十一年,江苏,宿迁市,无,无,《宿迁县志》,夏大水，无麦禾。冬大饥，人相食，有父鬻子、夫鬻妻者者以千计。——康熙二十二年《宿迁县志》卷九祥异,无,v1,1,"仅存在于：v1；缺少：v2,v3,v4"
858,1552,明世宗嘉靖三十一年,江苏,宿迁市,宿迁县,宿迁县,《宿迁县志》,宿迁市：夏大水，无麦禾。冬大饥，人相食，有父鬻子、夫鬻妻者者以千计。——康熙二十二年《宿迁县志》卷九祥异,无,"v2,v3,v4",3,"仅存在于：v2,v3,v4；缺少：v1"
859,1552,明世宗嘉靖三十一年,河北,无,无,宣府、大同,《明史》,河北：（二月）宣、大二镇大饥，人相食。——《明史》卷三0《五行志》,无,"v1,v2,v3,v4",4,
860,1553,明世宗嘉靖三十二年,北京,北京,无,京师,《历代社会风俗事物考》,京师大饥，人相食，米石二两二钱。——《历代社会风俗事物考》转引《金垒子》,京师为北京古称,"v1,v2,v3",3,"仅存在于：v1,v2,v3；缺少：v4"
861,1553,明世宗嘉靖三十二年,安徽,无,丰县,无,《徐州府志》,萧县：春，徐、肖、沛、丰、邳、睢俱大饥，人相食。——同治《徐州府志》卷二十五,疑似OCR错误，原文为'肖',v2,1,"仅存在于：v2；缺少：v1,v3,v4"
862,1553,明世宗嘉靖三十二年,安徽,无,沛县,无,《徐州府志》,萧县：春，徐、肖、沛、丰、邳、睢俱大饥，人相食。——同治《徐州府志》卷二十五,疑似OCR错误，原文为'肖',v2,1,"仅存在于：v2；缺少：v1,v3,v4"
863,1553,明世宗嘉靖三十二年,安徽,无,萧县,无,《睢宁县志稿》,徐州市等：春，徐、萧、沛、丰、邳、睢俱大饥，人相食。——光绪《睢宁县志稿》卷十五祥异,无,"v1,v2,v4",3,"仅存在于：v1,v2,v4；缺少：v3"
864,1553,明世宗嘉靖三十二年,安徽,宿州市,萧县,无,《徐州府志》,萧县：春，徐、肖、沛、丰、邳、睢俱大饥，人相食。——同治《徐州府志》卷二十五,无,v3,1,"仅存在于：v3；缺少：v1,v2,v4"
865,1553,明世宗嘉靖三十二年,山东,无,临沂市,无,《兖州府志》,临沂市等：沂州自春正月不雨，至于夏四月乃雨，复大水。腾、邹、滋、峄大饥，人相食。——万历元年《兖州府志》卷十五灾祥,无,v4,1,"仅存在于：v4；缺少：v1,v2,v3"
866,1553,明世宗嘉靖三十二年,山东,无,峄县,无,《兖州府志》,临沂市等：沂州自春正月不雨，至于夏四月乃雨，复大水。腾、邹、滋、峄大饥，人相食。——万历元年《兖州府志》卷十五灾祥,无,v2,1,"仅存在于：v2；缺少：v1,v3,v4"
867,1553,明世宗嘉靖三十二年,山东,无,新泰市,无,《新泰县志》,新泰市：大饥，人相食，道路不通，死者相枕藉。——天启《新泰县志》卷八祥异,无,"v1,v4",2,"仅存在于：v1,v4；缺少：v2,v3"
868,1553,明世宗嘉靖三十二年,山东,无,泗水县,无,《泗水县志》,泗水县：大饥，人相食，斗粟三钱。——顺治《泗水县志》卷十一灾祥,无,"v1,v2,v4",3,"仅存在于：v1,v2,v4；缺少：v3"
869,1553,明世宗嘉靖三十二年,山东,无,济宁市,无,《济宁直录州志》,济宁市：河溢，运道淤。大饥，人相食。——乾隆《济宁直录州志》卷一纪年,无,"v1,v4",2,"仅存在于：v1,v4；缺少：v2,v3"
870,1553,明世宗嘉靖三十二年,山东,无,滋县,无,《兖州府志》,临沂市等：沂州自春正月不雨，至于夏四月乃雨，复大水。腾、邹、滋、峄大饥，人相食。——万历元年《兖州府志》卷十五灾祥,无,v2,1,"仅存在于：v2；缺少：v1,v3,v4"
871,1553,明世宗嘉靖三十二年,山东,无,滕县,无,《兖州府志》,临沂市等：沂州自春正月不雨，至于夏四月乃雨，复大水。腾、邹、滋、峄大饥，人相食。——万历元年《兖州府志》卷十五灾祥,无,"v1,v2,v4",3,"仅存在于：v1,v2,v4；缺少：v3"
872,1553,明世宗嘉靖三十二年,山东,无,蒙阴县,无,《蒙阴县志》,蒙阴县：大饥，人相食，赈恤。——康熙二十四年《蒙阴县志》卷八灾异,无,"v1,v2,v4",3,"仅存在于：v1,v2,v4；缺少：v3"
873,1553,明世宗嘉靖三十二年,山东,无,邹县,无,《兖州府志》,临沂市等：沂州自春正月不雨，至于夏四月乃雨，复大水。腾、邹、滋、峄大饥，人相食。——万历元年《兖州府志》卷十五灾祥,无,v2,1,"仅存在于：v2；缺少：v1,v3,v4"
874,1553,明世宗嘉靖三十二年,山东,无,郓城县,无,《郓城县志》,郓城县：大饥，人相食。——崇祯《郓城县志》卷七灾祥,无,"v1,v2,v4",3,"仅存在于：v1,v2,v4；缺少：v3"
875,1553,明世宗嘉靖三十二年,山东,无,金乡县,无,《金乡县志略》,金乡县：河溢，运道淤。大饥，人相食。——咸丰《金乡县志略》卷十一纪事,无,"v1,v2,v4",3,"仅存在于：v1,v2,v4；缺少：v3"
876,1553,明世宗嘉靖三十二年,山东,无,阳谷县,无,《寿张县志》,阳谷县：大饥，人相食。——光绪《寿张县志》卷十灾变,无,"v1,v2,v4",3,"仅存在于：v1,v2,v4；缺少：v3"
877,1553,明世宗嘉靖三十二年,山东,临沂市,蒙阴县,无,《蒙阴县志》,蒙阴县：大饥，人相食，赈恤。——康熙二十四年《蒙阴县志》卷八灾异,无,v3,1,"仅存在于：v3；缺少：v1,v2,v4"
878,1553,明世宗嘉靖三十二年,山东,新泰市,新泰市,无,《新泰县志》,新泰市：大饥，人相食，道路不通，死者相枕藉。——天启《新泰县志》卷八祥异,无,v2,1,"仅存在于：v2；缺少：v1,v3,v4"
879,1553,明世宗嘉靖三十二年,山东,枣庄市,峄县,无,《兖州府志》,沂州自春正月不雨，至于夏四月乃雨，复大水。腾、邹、滋、峄大饥，人相食。——万历元年《兖州府志》卷十五灾祥,无,v3,1,"仅存在于：v3；缺少：v1,v2,v4"
880,1553,明世宗嘉靖三十二年,山东,枣庄市,滕县,无,《兖州府志》,沂州自春正月不雨，至于夏四月乃雨，复大水。腾、邹、滋、峄大饥，人相食。——万历元年《兖州府志》卷十五灾祥,无,v3,1,"仅存在于：v3；缺少：v1,v2,v4"
881,1553,明世宗嘉靖三十二年,山东,泰安市,新泰市,无,《新泰县志》,新泰市：大饥，人相食，道路不通，死者相枕藉。——天启《新泰县志》卷八祥异,无,v3,1,"仅存在于：v3；缺少：v1,v2,v4"
882,1553,明世宗嘉靖三十二年,山东,济宁市,无,无,《济宁直录州志》,济宁市：河溢，运道淤。大饥，人相食。——乾隆《济宁直录州志》卷一纪年,无,v3,1,"仅存在于：v3；缺少：v1,v2,v4"
883,1553,明世宗嘉靖三十二年,山东,济宁市,泗水县,无,《泗水县志》,泗水县：大饥，人相食，斗粟三钱。——顺治《泗水县志》卷十一灾祥,无,v3,1,"仅存在于：v3；缺少：v1,v2,v4"
884,1553,明世宗嘉靖三十二年,山东,济宁市,济宁市,无,《济宁直录州志》,济宁市：河溢，运道淤。大饥，人相食。——乾隆《济宁直录州志》卷一纪年,无,v2,1,"仅存在于：v2；缺少：v1,v3,v4"
885,1553,明世宗嘉靖三十二年,山东,济宁市,滋阳县,无,《兖州府志》,沂州自春正月不雨，至于夏四月乃雨，复大水。腾、邹、滋、峄大饥，人相食。——万历元年《兖州府志》卷十五灾祥,无,v3,1,"仅存在于：v3；缺少：v1,v2,v4"
886,1553,明世宗嘉靖三十二年,山东,济宁市,滕县,无,《兖州府志》,府境州县大饥，滕、邹、滋、峄人相食。——康熙《兖州府志》卷三十九灾祥,无,v3,1,"仅存在于：v3；缺少：v1,v2,v4"
887,1553,明世宗嘉靖三十二年,山东,济宁市,邹县,无,《兖州府志》,沂州自春正月不雨，至于夏四月乃雨，复大水。腾、邹、滋、峄大饥，人相食。——万历元年《兖州府志》卷十五灾祥,无,v3,1,"仅存在于：v3；缺少：v1,v2,v4"
888,1553,明世宗嘉靖三十二年,山东,济宁市,金乡县,无,《金乡县志略》,金乡县：河溢，运道淤。大饥，人相食。——咸丰《金乡县志略》卷十一纪事,无,v3,1,"仅存在于：v3；缺少：v1,v2,v4"
889,1553,明世宗嘉靖三十二年,山东,聊城市,阳谷县,无,《寿张县志》,阳谷县：大饥，人相食。——光绪《寿张县志》卷十灾变,无,v3,1,"仅存在于：v3；缺少：v1,v2,v4"
890,1553,明世宗嘉靖三十二年,山东,菏泽市,郓城县,无,《郓城县志》,郓城县：大饥，人相食。——崇祯《郓城县志》卷七灾祥,无,v3,1,"仅存在于：v3；缺少：v1,v2,v4"
891,1553,明世宗嘉靖三十二年,江苏,无,丰县,无,《睢宁县志稿》,徐州市等：春，徐、萧、沛、丰、邳、睢俱大饥，人相食。——光绪《睢宁县志稿》卷十五祥异,无,v2,1,"仅存在于：v2；缺少：v1,v3,v4"
892,1553,明世宗嘉靖三十二年,江苏,无,徐州市,无,《睢宁县志稿》,徐州市等：春，徐、萧、沛、丰、邳、睢俱大饥，人相食。——光绪《睢宁县志稿》卷十五祥异,无,"v1,v4",2,"仅存在于：v1,v4；缺少：v2,v3"
893,1553,明世宗嘉靖三十二年,江苏,无,沛县,无,《睢宁县志稿》,徐州市等：春，徐、萧、沛、丰、邳、睢俱大饥，人相食。——光绪《睢宁县志稿》卷十五祥异,无,v2,1,"仅存在于：v2；缺少：v1,v3,v4"
894,1553,明世宗嘉靖三十二年,江苏,无,睢宁县,无,《睢宁县志稿》,徐州市等：春，徐、萧、沛、丰、邳、睢俱大饥，人相食。——光绪《睢宁县志稿》卷十五祥异,无,v2,1,"仅存在于：v2；缺少：v1,v3,v4"
895,1553,明世宗嘉靖三十二年,江苏,无,邳县,无,《睢宁县志稿》,徐州市等：春，徐、萧、沛、丰、邳、睢俱大饥，人相食。——光绪《睢宁县志稿》卷十五祥异,无,"v1,v2,v4",3,"仅存在于：v1,v2,v4；缺少：v3"
896,1553,明世宗嘉靖三十二年,江苏,徐州市,丰县,无,《睢宁县志稿》,春，徐、萧、沛、丰、邳、睢俱大饥，人相食。——光绪《睢宁县志稿》卷十五祥异,无,v3,1,"仅存在于：v3；缺少：v1,v2,v4"
897,1553,明世宗嘉靖三十二年,江苏,徐州市,徐县,无,《睢宁县志稿》,春，徐、萧、沛、丰、邳、睢俱大饥，人相食。——光绪《睢宁县志稿》卷十五祥异,无,v3,1,"仅存在于：v3；缺少：v1,v2,v4"
898,1553,明世宗嘉靖三十二年,江苏,徐州市,徐州市,无,《睢宁县志稿》,徐州市等：春，徐、萧、沛、丰、邳、睢俱大饥，人相食。——光绪《睢宁县志稿》卷十五祥异,无,v2,1,"仅存在于：v2；缺少：v1,v3,v4"
899,1553,明世宗嘉靖三十二年,江苏,徐州市,沛县,无,《睢宁县志稿》,春，徐、萧、沛、丰、邳、睢俱大饥，人相食。——光绪《睢宁县志稿》卷十五祥异,无,v3,1,"仅存在于：v3；缺少：v1,v2,v4"
900,1553,明世宗嘉靖三十二年,江苏,徐州市,睢宁县,无,《睢宁县志稿》,春，徐、萧、沛、丰、邳、睢俱大饥，人相食。——光绪《睢宁县志稿》卷十五祥异,无,v3,1,"仅存在于：v3；缺少：v1,v2,v4"
901,1553,明世宗嘉靖三十二年,江苏,徐州市,萧县,无,《睢宁县志稿》,春，徐、萧、沛、丰、邳、睢俱大饥，人相食。——光绪《睢宁县志稿》卷十五祥异,无,v3,1,"仅存在于：v3；缺少：v1,v2,v4"
902,1553,明世宗嘉靖三十二年,江苏,徐州市,邳县,无,《睢宁县志稿》,春，徐、萧、沛、丰、邳、睢俱大饥，人相食。——光绪《睢宁县志稿》卷十五祥异,无,v3,1,"仅存在于：v3；缺少：v1,v2,v4"
903,1553,明世宗嘉靖三十二年,河北,无,大城县,无,《保定县志》,大城县：饥，人相食。夏大水，坏民舍，人畜溺死无算。——康熙《保定县志》卷二十六祥异,无,"v1,v2,v4",3,"仅存在于：v1,v2,v4；缺少：v3"
904,1553,明世宗嘉靖三十二年,河北,无,安新县,无,《安州志》,安新县：春大饥，人相食。夏大水，坏民屋舍，人畜溺死者无算。——康熙《安州志》卷七祥异,无,"v1,v2,v4",3,"仅存在于：v1,v2,v4；缺少：v3"
905,1553,明世宗嘉靖三十二年,河北,无,定州市,无,《直录定州志》,定州市：春夏荒歉。秋大水，时以树皮充饥，斗栗三钱，民有相食者。——雍正《直录定州志》卷十祥异,无,"v1,v2,v4",3,"仅存在于：v1,v2,v4；缺少：v3"
906,1553,明世宗嘉靖三十二年,河北,无,巨鹿县,无,《钜鹿县志》,巨鹿县：大水，大饥，人相食。——顺治《钜鹿县志》卷八灾异,无,"v1,v2,v4",3,"仅存在于：v1,v2,v4；缺少：v3"
907,1553,明世宗嘉靖三十二年,河北,无,平乡县,无,《平乡县志》,平乡县：春正月元旦，昼晦如夜。秋七月，大水入城。大饥，人相食。——康熙《平乡县志》卷三纪事,无,"v1,v2,v4",3,"仅存在于：v1,v2,v4；缺少：v3"
908,1553,明世宗嘉靖三十二年,河北,无,清苑县,无,《保定府志》,清苑县：春大饥，人相食。夏大水，坏民屋舍，人畜溺死者无算。——万历《保定府志》卷十五祥异,无,"v1,v2,v4",3,"仅存在于：v1,v2,v4；缺少：v3"
909,1553,明世宗嘉靖三十二年,河北,无,满城县,无,《保定府志》,满城县：春大饥，人相食。——光绪《保定府志》卷四十祥异,无,"v1,v2,v4",3,"仅存在于：v1,v2,v4；缺少：v3"
910,1553,明世宗嘉靖三十二年,河北,无,蠡县,无,《蠡县志》,蠡县：春大饥，人相食。夏大水，坏民屋舍，人畜溺死者无算。——顺治《蠡县志》卷八祥异,无,"v1,v2,v4",3,"仅存在于：v1,v2,v4；缺少：v3"
911,1553,明世宗嘉靖三十二年,河北,无,邢台县,无,《邢台县志》,邢台县：大水，饥甚，人相食。——康熙《邢台县志》卷十二纪事,无,"v1,v2,v4",3,"仅存在于：v1,v2,v4；缺少：v3"
912,1553,明世宗嘉靖三十二年,河北,无,邯郸县,无,《邯郸县志》,邯郸县：大饥，人相食。——康熙《邯郸县志》卷十灾异,无,"v1,v2,v4",3,"仅存在于：v1,v2,v4；缺少：v3"
913,1553,明世宗嘉靖三十二年,河北,无,饶阳县,无,《饶阳县志》,饶阳县：夏六月，滹沱、滋水交溢。大饥，人相食。——乾隆《饶阳县志》卷下纪事,无,"v1,v2,v4",3,"仅存在于：v1,v2,v4；缺少：v3"
914,1553,明世宗嘉靖三十二年,河北,无,高阳县,无,《高阳县志》,高阳县：春大饥，人相食。夏大水。——雍正《高阳县志》卷六欽祥,无,"v1,v2,v4",3,"仅存在于：v1,v2,v4；缺少：v3"
915,1553,明世宗嘉靖三十二年,河北,保定市,大城县,无,《保定县志》,大城县：饥，人相食。夏大水，坏民舍，人畜溺死无算。——康熙《保定县志》卷二十六祥异,无,v3,1,"仅存在于：v3；缺少：v1,v2,v4"
916,1553,明世宗嘉靖三十二年,河北,保定市,安新县,无,《安州志》,安新县：春大饥，人相食。夏大水，坏民屋舍，人畜溺死者无算。——康熙《安州志》卷七祥异,无,v3,1,"仅存在于：v3；缺少：v1,v2,v4"
917,1553,明世宗嘉靖三十二年,河北,保定市,定州市,无,《直录定州志》,定州市：春夏荒歉。秋大水，时以树皮充饥，斗栗三钱，民有相食者。——雍正《直录定州志》卷十祥异,无,v3,1,"仅存在于：v3；缺少：v1,v2,v4"
918,1553,明世宗嘉靖三十二年,河北,保定市,清苑县,无,《保定府志》,清苑县：春大饥，人相食。夏大水，坏民屋舍，人畜溺死者无算。——万历《保定府志》卷十五祥异,无,v3,1,"仅存在于：v3；缺少：v1,v2,v4"
919,1553,明世宗嘉靖三十二年,河北,保定市,满城县,无,《保定府志》,满城县：春大饥，人相食。——光绪《保定府志》卷四十祥异,无,v3,1,"仅存在于：v3；缺少：v1,v2,v4"
920,1553,明世宗嘉靖三十二年,河北,保定市,蠡县,无,《蠡县志》,蠡县：春大饥，人相食。夏大水，坏民屋舍，人畜溺死者无算。——顺治《蠡县志》卷八祥异,无,v3,1,"仅存在于：v3；缺少：v1,v2,v4"
921,1553,明世宗嘉靖三十二年,河北,保定市,高阳县,无,《高阳县志》,高阳县：春大饥，人相食。夏大水。——雍正《高阳县志》卷六欽祥,无,v3,1,"仅存在于：v3；缺少：v1,v2,v4"
922,1553,明世宗嘉靖三十二年,河北,衡水市,饶阳县,无,《饶阳县志》,饶阳县：夏六月，滹沱、滋水交溢。大饥，人相食。——乾隆《饶阳县志》卷下纪事,无,v3,1,"仅存在于：v3；缺少：v1,v2,v4"
923,1553,明世宗嘉靖三十二年,河北,邢台市,巨鹿县,钜鹿县,《钜鹿县志》,巨鹿县：大水，大饥，人相食。——顺治《钜鹿县志》卷八灾异,无,v3,1,"仅存在于：v3；缺少：v1,v2,v4"
924,1553,明世宗嘉靖三十二年,河北,邢台市,平乡县,无,《平乡县志》,平乡县：春正月元旦，昼晦如夜。秋七月，大水入城。大饥，人相食。——康熙《平乡县志》卷三纪事,无,v3,1,"仅存在于：v3；缺少：v1,v2,v4"
925,1553,明世宗嘉靖三十二年,河北,邢台市,邢台县,无,《邢台县志》,邢台县：大水，饥甚，人相食。——康熙《邢台县志》卷十二纪事,无,v3,1,"仅存在于：v3；缺少：v1,v2,v4"
926,1553,明世宗嘉靖三十二年,河北,邯郸市,邯郸县,无,《邯郸县志》,邯郸县：大饥，人相食。——康熙《邯郸县志》卷十灾异,无,v3,1,"仅存在于：v3；缺少：v1,v2,v4"
927,1554,明世宗嘉靖三十三年,山东,无,费县,无,《华北、东北近五百年旱涝史料》,费县：大饥，人相食。——《华北、东北近五百年旱涝史料》第三分册，第100页。,无,"v1,v2",2,"仅存在于：v1,v2；缺少：v3,v4"
928,1554,明世宗嘉靖三十三年,山东,临沂市,无,无,《华北、东北近五百年旱涝史料》,临沂市：大饥，人相食。——《华北、东北近五百年旱涝史料》第三分册，第100页。,无,v2,1,"仅存在于：v2；缺少：v1,v3,v4"
929,1554,明世宗嘉靖三十三年,山东,临沂市,临沂市,无,《华北、东北近五百年旱涝史料》,临沂市：大饥，人相食。——《华北、东北近五百年旱涝史料》第三分册，第100页。,无,"v1,v3,v4",3,"仅存在于：v1,v3,v4；缺少：v2"
930,1554,明世宗嘉靖三十三年,山东,临沂市,费县,无,《华北、东北近五百年旱涝史料》,费县：大饥，人相食。——《华北、东北近五百年旱涝史料》第三分册，第100页。,无,"v3,v4",2,"仅存在于：v3,v4；缺少：v1,v2"
931,1554,明世宗嘉靖三十三年,山东,泰安市,无,无,《泰安县志》,泰安市：春，泰山大饥，饿莩枕藉，人相食。——乾隆四十七年《泰安县志》卷十四祥异,无,v2,1,"仅存在于：v2；缺少：v1,v3,v4"
932,1554,明世宗嘉靖三十三年,山东,泰安市,泰安市,无,《泰安县志》,泰安市：春，泰山大饥，饿莩枕藉，人相食。——乾隆四十七年《泰安县志》卷十四祥异,无,"v1,v3,v4",3,"仅存在于：v1,v3,v4；缺少：v2"
933,1554,明世宗嘉靖三十三年,河北,无,任县,无,《任县志》,任县：春大饥，饿殍盈途，人有相食者。——隆庆《任县志》卷七祥异,无,"v1,v2",2,"仅存在于：v1,v2；缺少：v3,v4"
934,1554,明世宗嘉靖三十三年,河北,无,大城县,无,《大城县志》,大城县：春大饥，人相食。夏大水，平地丈杂。——康熙《大城县志》卷八灾异,无,"v1,v2,v3",3,"仅存在于：v1,v2,v3；缺少：v4"
935,1554,明世宗嘉靖三十三年,河北,无,安新县,无,《清苑县志》,安新县：春大饥，人相食，秋大水。——康熙《清苑县志》卷一灾祥,无,"v1,v2,v3",3,"仅存在于：v1,v2,v3；缺少：v4"
936,1554,明世宗嘉靖三十三年,河北,无,定兴县,无,《定兴县志》,定兴县：夏大水，坏民舍无算。次年春大饥，民相食。夏复大水。——康熙《定兴县志》卷一濂祥,无,"v1,v2,v3",3,"仅存在于：v1,v2,v3；缺少：v4"
937,1554,明世宗嘉靖三十三年,河北,无,文安县,无,《保定县志》,文安县：大饥，人相食，逃亡殆尽。——万历《保定县志》卷九艺文,无,"v1,v2,v3",3,"仅存在于：v1,v2,v3；缺少：v4"
938,1554,明世宗嘉靖三十三年,河北,无,易县,无,《易水志》,易县：春大饥，民相食。夏大水，又决前民田三顷余。——顺治《易水志》卷上灾异,无,"v1,v2,v3",3,"仅存在于：v1,v2,v3；缺少：v4"
939,1554,明世宗嘉靖三十三年,河北,无,河间县,无,《河间府志》,河间县：春饥，人相食。夏，大雨雹，坏屋伤禾。——万历《河间府志》卷四祥异,无,"v1,v2,v3",3,"仅存在于：v1,v2,v3；缺少：v4"
940,1554,明世宗嘉靖三十三年,河北,无,清苑县,无,《清苑县志》,清苑县：春大饥，人相食。夏大水。——康熙《清苑县志》卷一灾祥,无,"v1,v2,v3",3,"仅存在于：v1,v2,v3；缺少：v4"
941,1554,明世宗嘉靖三十三年,河北,无,满城县,无,《满城县志》,满城县：春大饥，人相食。夏大水。——康熙《满城县志》卷八灾祥,无,"v1,v2,v3",3,"仅存在于：v1,v2,v3；缺少：v4"
942,1554,明世宗嘉靖三十三年,河北,无,献县,无,《献县志》,献县：春饥，人相食。夏，雨雹如斗，坏庐舍禾稼。——乾隆《献县志》卷十八祥异,无,"v1,v2",2,"仅存在于：v1,v2；缺少：v3,v4"
943,1554,明世宗嘉靖三十三年,河北,无,蠡县,无,《蠡县志》,蠡县：春大饥，人相食。夏大水。——顺治《蠡县志》卷八祥异,无,"v1,v2,v3",3,"仅存在于：v1,v2,v3；缺少：v4"
944,1554,明世宗嘉靖三十三年,河北,无,雄县,无,《雄乘》,雄县：大饥，莘者横道，人相食。——万历《雄乘》灾异,无,"v1,v2,v3",3,"仅存在于：v1,v2,v3；缺少：v4"
945,1554,明世宗嘉靖三十三年,河北,任丘市,无,无,《任丘志集》,任丘市：春饥，人相食。夏，大雨雹，甚为斗大，坏屋伤人。——万历《任丘志集》卷八灾异,无,v2,1,"仅存在于：v2；缺少：v1,v3,v4"
946,1554,明世宗嘉靖三十三年,河北,任丘市,任丘市,无,《任丘志集》,任丘市：春饥，人相食。夏，大雨雹，甚为斗大，坏屋伤人。——万历《任丘志集》卷八灾异,无,v1,1,"仅存在于：v1；缺少：v2,v3,v4"
947,1554,明世宗嘉靖三十三年,河北,保定市,大城县,无,《大城县志》,大城县：春大饥，人相食。夏大水，平地丈杂。——康熙《大城县志》卷八灾异,无,v4,1,"仅存在于：v4；缺少：v1,v2,v3"
948,1554,明世宗嘉靖三十三年,河北,保定市,安新县,无,《清苑县志》,安新县：春大饥，人相食，秋大水。——康熙《清苑县志》卷一灾祥,无,v4,1,"仅存在于：v4；缺少：v1,v2,v3"
949,1554,明世宗嘉靖三十三年,河北,保定市,定兴县,无,《定兴县志》,定兴县：夏大水，坏民舍无算。次年春大饥，民相食。夏复大水。——康熙《定兴县志》卷一濂祥,无,v4,1,"仅存在于：v4；缺少：v1,v2,v3"
950,1554,明世宗嘉靖三十三年,河北,保定市,文安县,无,《保定县志》,文安县：大饥，人相食，逃亡殆尽。——万历《保定县志》卷九艺文,无,v4,1,"仅存在于：v4；缺少：v1,v2,v3"
951,1554,明世宗嘉靖三十三年,河北,保定市,易县,无,《易水志》,易县：春大饥，民相食。夏大水，又决前民田三顷余。——顺治《易水志》卷上灾异,无,v4,1,"仅存在于：v4；缺少：v1,v2,v3"
952,1554,明世宗嘉靖三十三年,河北,保定市,清苑县,无,《清苑县志》,清苑县：春大饥，人相食。夏大水。——康熙《清苑县志》卷一灾祥,无,v4,1,"仅存在于：v4；缺少：v1,v2,v3"
953,1554,明世宗嘉靖三十三年,河北,保定市,满城县,无,《满城县志》,满城县：春大饥，人相食。夏大水。——康熙《满城县志》卷八灾祥,无,v4,1,"仅存在于：v4；缺少：v1,v2,v3"
954,1554,明世宗嘉靖三十三年,河北,保定市,蠡县,无,《蠡县志》,蠡县：春大饥，人相食。夏大水。——顺治《蠡县志》卷八祥异,无,v4,1,"仅存在于：v4；缺少：v1,v2,v3"
955,1554,明世宗嘉靖三十三年,河北,保定市,雄县,无,《雄乘》,雄县：大饥，莘者横道，人相食。——万历《雄乘》灾异,无,v4,1,"仅存在于：v4；缺少：v1,v2,v3"
956,1554,明世宗嘉靖三十三年,河北,沧州市,任丘市,无,《任丘志集》,任丘市：春饥，人相食。夏，大雨雹，甚为斗大，坏屋伤人。——万历《任丘志集》卷八灾异,无,"v3,v4",2,"仅存在于：v3,v4；缺少：v1,v2"
957,1554,明世宗嘉靖三十三年,河北,沧州市,河间县,无,《河间府志》,河间县：春饥，人相食。夏，大雨雹，坏屋伤禾。——万历《河间府志》卷四祥异,无,v4,1,"仅存在于：v4；缺少：v1,v2,v3"
958,1554,明世宗嘉靖三十三年,河北,沧州市,泊头市,无,《交河县志》,泊头市：春饥，人相食。夏，雨雹如斗，坏庐舍禾稼。——民国《交河县志》卷十祥异,无,"v3,v4",2,"仅存在于：v3,v4；缺少：v1,v2"
959,1554,明世宗嘉靖三十三年,河北,沧州市,献县,无,《献县志》,献县：春饥，人相食。夏，雨雹如斗，坏庐舍禾稼。——乾隆《献县志》卷十八祥异,无,"v3,v4",2,"仅存在于：v3,v4；缺少：v1,v2"
960,1554,明世宗嘉靖三十三年,河北,泊头市,无,无,《交河县志》,泊头市：春饥，人相食。夏，雨雹如斗，坏庐舍禾稼。——民国《交河县志》卷十祥异,无,v2,1,"仅存在于：v2；缺少：v1,v3,v4"
961,1554,明世宗嘉靖三十三年,河北,泊头市,泊头市,无,《交河县志》,泊头市：春饥，人相食。夏，雨雹如斗，坏庐舍禾稼。——民国《交河县志》卷十祥异,无,v1,1,"仅存在于：v1；缺少：v2,v3,v4"
962,1554,明世宗嘉靖三十三年,河北,邢台市,任县,无,《任县志》,任县：春大饥，饿殍盈途，人有相食者。——隆庆《任县志》卷七祥异,无,"v3,v4",2,"仅存在于：v3,v4；缺少：v1,v2"
963,1554,明世宗嘉靖三十三年,河北,邯郸市,无,无,《广平府志》,邯郸市：大饥，人相食。——乾隆《广平府志》卷二十三灾祥,无,v2,1,"仅存在于：v2；缺少：v1,v3,v4"
964,1554,明世宗嘉靖三十三年,河北,邯郸市,邯郸市,无,《广平府志》,邯郸市：大饥，人相食。——乾隆《广平府志》卷二十三灾祥,无,"v1,v3,v4",3,"仅存在于：v1,v3,v4；缺少：v2"
965,1554,明世宗嘉靖三十三年,陕西,无,蒲城县,无,《蒲城志》,蒲城县：大荒，人相食。——康熙《蒲城志》卷二祥异,无,"v1,v2",2,"仅存在于：v1,v2；缺少：v3,v4"
966,1554,明世宗嘉靖三十三年,陕西,渭南市,蒲城县,无,《蒲城志》,蒲城县：大荒，人相食。——康熙《蒲城志》卷二祥异,无,"v3,v4",2,"仅存在于：v3,v4；缺少：v1,v2"
967,1555,明世宗嘉靖三十四年,河北,无,万全县,无,《永平府志》,万全县：春三月，大饥，人相食。发帑金赈之。——乾隆《永平府志》卷三灾祥,无,"v1,v2,v3,v4",4,
968,1555,明世宗嘉靖三十四年,河北,无,定兴县,无,《定兴县志》,定兴县：春大饥，人相食。夏复大水。——康熙《定兴县志》卷一濂祥,无,"v1,v2,v3,v4",4,
969,1555,明世宗嘉靖三十四年,河北,无,宣化县,无,《宣化县志》,宣化县：春三月，大饥，人相食。诏发帑金赈之。——康熙《宣化县志》卷五灾祥,无,"v1,v2,v3,v4",4,
970,1555,明世宗嘉靖三十四年,河北,无,怀安县,无,《怀安县志》,怀安县：春三月，大饥，人相食。诏发帑金赈之。——乾隆《怀安县志》卷二灾祥,无,"v1,v2,v3,v4",4,
971,1555,明世宗嘉靖三十四年,河北,无,新城县,无,《新城县志》,新城县：春大饥，人相食。——民国二十四年《新城县志》卷二十二灾祸,无,"v1,v2,v3,v4",4,
972,1555,明世宗嘉靖三十四年,河北,无,清苑县,无,《清苑县志》,清苑县：春大饥，人相食。三月，，有龙见文庙松林中。夏，霾雨伤稼。——康熙《清苑县志》卷一灾祥,无,"v1,v2,v3,v4",4,
973,1555,明世宗嘉靖三十四年,河北,无,蔚县,无,《蔚县志》,蔚县：春三月，大饥，人相食。——乾隆《蔚县志》卷二十九祥异,无,"v1,v2,v3,v4",4,
974,1555,明世宗嘉靖三十四年,河北,无,赤城县,无,《龙关县志》,赤城县：春三月，大饥，人相食。诏发帑金赈之。——民国《龙关县志》卷十九灾祥,无,"v1,v2,v3,v4",4,
975,1555,明世宗嘉靖三十四年,河北,无,逐鹿县,无,《保安州志》,逐鹿县：春三月，大饥，人相食。诏发帑金赈之。——康熙十一年《保安州志》卷二灾异,无,"v1,v2,v3,v4",4,
976,1555,明世宗嘉靖三十四年,河北,无,阳原县,无,《西宁县志》,阳原县：春三月，大饥，人相食。发帑金赈之。——康熙《西宁县志》卷一灾异,无,"v1,v2,v3,v4",4,
977,1556,明世宗嘉靖三十五年,河北,无,临渝,临渝,《荒政记》,秦皇岛市：明·陈绾《荒政记》：嘉靖丙辰秋，岁大不登，辽民重困。初，关西人率仰给辽东，至是辽人悉出其银钱杂物以易粟，关内近关等处粟顿空。关西人乃浮山东之粟，至丰台，辇运抵山海，辗转接卖，比至其他，费已数倍，斗粟至三四钱，至六七钱。富者犹倾囊自给，贫民遂无从得食，始剥树皮和糠秕食之，又刮苔泥作粉以啖，谓之'土面'，然多肿瘞经死，乃相率剔死人肉食之，久则掠生人食之。——民国《临渝县志》卷八纪事,无,v3,1,"仅存在于：v3；缺少：v1,v2,v4"
978,1556,明世宗嘉靖三十五年,河北,无,临渝县,无,《荒政记》,明·陈绾《荒政记》：嘉靖丙辰秋，岁大不登，辽民重困。初，关西人率仰给辽东，至是辽人悉出其银钱杂物以易粟，关内近关等处粟顿空。关西人乃浮山东之粟，至丰台，辇运抵山海，辗转接卖，比至其他，费已数倍，斗粟至三四钱，至六七钱。富者犹倾囊自给，贫民遂无从得食，始剥树皮和糠秕食之，又刮苔泥作粉以啖，谓之“土面”，然多肿瘞经死，乃相率剔死人肉食之，久则掠生人食之。,无,v1,1,"仅存在于：v1；缺少：v2,v3,v4"
979,1556,明世宗嘉靖三十五年,河北,秦皇岛市,无,无,《荒政记》,秦皇岛市：明·陈绾《荒政记》：嘉靖丙辰秋，岁大不登，辽民重困。初，关西人率仰给辽东，至是辽人悉出其银钱杂物以易粟，关内近关等处粟顿空。关西人乃浮山东之粟，至丰台，辇运抵山海，辗转接卖，比至其他，费已数倍，斗粟至三四钱，至六七钱。富者犹倾囊自给，贫民遂无从得食，始剥树皮和糠秕食之，又刮苔泥作粉以啖，谓之'土面'，然多肿瘞经死，乃相率剔死人肉食之，久则掠生人食之。——民国《临渝县志》卷八纪事,无,"v1,v4",2,"仅存在于：v1,v4；缺少：v2,v3"
980,1556,明世宗嘉靖三十五年,河北,秦皇岛市,临渝县,无,《临渝县志》,秦皇岛市：明·陈绾《荒政记》：嘉靖丙辰秋，岁大不登，辽民重困。初，关西人率仰给辽东，至是辽人悉出其银钱杂物以易粟，关内近关等处粟顿空。关西人乃浮山东之粟，至丰台，辇运抵山海，辗转接卖，比至其他，费已数倍，斗粟至三四钱，至六七钱。富者犹倾囊自给，贫民遂无从得食，始剥树皮和糠秕食之，又刮苔泥作粉以啖，谓之'土面'，然多肿瘞经死，乃相率剔死人肉食之，久则掠生人食之。——民国《临渝县志》卷八纪事,无,v1,1,"仅存在于：v1；缺少：v2,v3,v4"
981,1556,明世宗嘉靖三十五年,甘肃,无,平凉,无,《甘肃新通志》转引《西北灾荒史》,平凉县：平凉、庄浪等处大饥，人相食。——《甘肃新通志》（宣统元年），《西北灾荒史》第1614页,无,v3,1,"仅存在于：v3；缺少：v1,v2,v4"
982,1556,明世宗嘉靖三十五年,甘肃,无,平凉县,无,《甘肃新通志》,平凉县：平凉、庄浪等处大饥，人相食。——《甘肃新通志》（宣统元年），《西北灾荒史》第1614页。,无,"v1,v2,v4",3,"仅存在于：v1,v2,v4；缺少：v3"
983,1556,明世宗嘉靖三十五年,甘肃,无,庄浪,无,《甘肃新通志》转引《西北灾荒史》,平凉县：平凉、庄浪等处大饥，人相食。——《甘肃新通志》（宣统元年），《西北灾荒史》第1614页,无,v3,1,"仅存在于：v3；缺少：v1,v2,v4"
984,1556,明世宗嘉靖三十五年,甘肃,无,庄浪县,无,《庄浪志略》,庄浪县：大饥，人相食，民逃几尽。——乾隆《庄浪志略》卷十九灾祥,无,"v1,v2,v4",3,"仅存在于：v1,v2,v4；缺少：v3"
985,1556,明世宗嘉靖三十五年,甘肃,平凉市,平凉县,无,《甘肃新通志》,平凉县：平凉、庄浪等处大饥，人相食。——《甘肃新通志》（宣统元年），《西北灾荒史》第1614页,无,v1,1,"仅存在于：v1；缺少：v2,v3,v4"
986,1557,明世宗嘉靖三十六年,辽宁,辽阳市,无,无,《发帑救荒疏》,辽阳市：（明）御史周斯盛《发帑救荒疏》：臣照得辽东地方，自嘉靖三十六年大水以后，一望成湖，子粒未获，远近居民家家缺食，鬻妻弃子，流离载道。入冬以来，日甚一日，斗米值钱五钱，且数日市无贩籴，民愈窘迫，始则掘食土面，继而遂至相食，壮者肆行劫掠，无所顾忌，法禁不能止，积孽狼藉，不忍见闻。——康熙《盛京通志》卷三十二艺文,无,"v1,v2,v3,v4",4,
987,1558,明世宗嘉靖三十七年,山东,淄博市,无,无,《淄博县志》,淄博市：春饥，人相食。四月，雹，大有如斗者。——万历《淄博县志》卷二十二灾祥,无,"v1,v2,v3,v4",4,
988,1558,明世宗嘉靖三十七年,辽宁,无,无,辽东,《奉天通志》,春三月，辽东大饥，人相食。诏发太仓银五万两，补给三十六年以后军饷。——民国《奉天通志》卷十七大事,无,"v2,v3,v4",3,"仅存在于：v2,v3,v4；缺少：v1"
989,1558,明世宗嘉靖三十七年,辽宁,无,辽阳市,无,《全辽志》,辽阳市：大饥，人相食，是年斗米银一两。大疫，有阖门死者。——嘉靖《全辽志》卷四祥异,无,v2,1,"仅存在于：v2；缺少：v1,v3,v4"
990,1558,明世宗嘉靖三十七年,辽宁,辽阳市,无,辽东,《奉天通志》,春三月，辽东大饥，人相食。诏发太仓银五万两，补给三十六年以后军饷。——民国《奉天通志》卷十七大事,辽东为推测，原文为古代地名辽东,"v1,v3,v4",3,"仅存在于：v1,v3,v4；缺少：v2"
991,1559,明世宗嘉靖三十八年,辽宁,无,无,辽东,《中外历史年表》,辽宁：八月，以辽东连年饥馑，至有父食死子者，发银籴粟赈之。——《中外历史年表》,辽东为推测，原文为古代地名辽东,"v1,v2,v3,v4",4,
992,1560,明世宗嘉靖三十九年,北京,北京,延庆县,无,《延庆州志》,延庆县：大饥，人相食，暴骨原野。——康熙《延庆州志》卷六灾祥,无,"v2,v3",2,"仅存在于：v2,v3；缺少：v1,v4"
993,1560,明世宗嘉靖三十九年,天津,天津,静海县,无,《静海县志》,静海县：三十九至四十年，岁饥，人相食。——同治《静海县志》卷三灾祥,无,"v1,v2,v3",3,"仅存在于：v1,v2,v3；缺少：v4"
994,1560,明世宗嘉靖三十九年,天津,静海县,静海县,无,《静海县志》,静海县：三十九至四十年，岁饥，人相食。——同治《静海县志》卷三灾祥,无,v4,1,"仅存在于：v4；缺少：v1,v2,v3"
995,1560,明世宗嘉靖三十九年,山东,德州,无,无,《德州志》,德州市：大旱，麦谷全无。饥，人相食。——万历《德州志》卷十灾祥,无,v2,1,"仅存在于：v2；缺少：v1,v3,v4"
996,1560,明世宗嘉靖三十九年,山东,德州市,德县,德州,《德州志》,德州市：大旱，麦谷全无。饥，人相食。——万历《德州志》卷十灾祥,无,v1,1,"仅存在于：v1；缺少：v2,v3,v4"
997,1560,明世宗嘉靖三十九年,山东,德州市,德州市,无,《德州志》,德州市：大旱，麦谷全无。饥，人相食。——万历《德州志》卷十灾祥,无,"v3,v4",2,"仅存在于：v3,v4；缺少：v1,v2"
998,1560,明世宗嘉靖三十九年,山西,无,交城县,无,《交城县志》,交城县：大饥，人相食。——康熙八年《交城县志》卷一灾祥,无,"v1,v3,v4",3,"仅存在于：v1,v3,v4；缺少：v2"
999,1560,明世宗嘉靖三十九年,山西,无,太谷县,无,《太谷县志》,太谷县：旱，游饥。人相食。——咸丰《太谷县志》卷二,无,"v1,v3,v4",3,"仅存在于：v1,v3,v4；缺少：v2"
1000,1560,明世宗嘉靖三十九年,山西,无,寿阳县,无,《寿阳县志》,寿阳县：大旱，蝗，四十年五月方雨，民饥，相食。——光绪《寿阳县志》卷十三集志,无,"v1,v3,v4",3,"仅存在于：v1,v3,v4；缺少：v2"
1001,1560,明世宗嘉靖三十九年,山西,无,平定县,平定州,《平定州志》,平定县：七月，大旱，蝗。至四十年五月方雨。民饥，人相食。——乾隆十四年《平定州志》卷二祥异,无,"v1,v3,v4",3,"仅存在于：v1,v3,v4；缺少：v2"
1002,1560,明世宗嘉靖三十九年,山西,无,文水县,无,《文水县志》,文水县：大饥，饿殍盈野，民弃子女，食人肉。——天启《文水县志》卷十灾祥,无,"v1,v3,v4",3,"仅存在于：v1,v3,v4；缺少：v2"
1003,1560,明世宗嘉靖三十九年,山西,无,昔阳县,乐平县,《乐平县志》,昔阳县：七月，大旱，蝗。至四十年五月方雨，民饥，人相食。——乾隆十八年《乐平县志》卷二祥异,无,"v1,v3",2,"仅存在于：v1,v3；缺少：v2,v4"
1004,1560,明世宗嘉靖三十九年,山西,无,静乐县,无,《静乐县志》,静乐县：岁大饥，人相食。——康熙《静乐县志》卷四灾变,无,"v1,v3,v4",3,"仅存在于：v1,v3,v4；缺少：v2"
1005,1560,明世宗嘉靖三十九年,山西,吕梁,交城县,无,《交城县志》,交城县：大饥，人相食。——康熙八年《交城县志》卷一灾祥,无,v2,1,"仅存在于：v2；缺少：v1,v3,v4"
1006,1560,明世宗嘉靖三十九年,山西,吕梁,文水县,无,《文水县志》,文水县：大饥，饿殍盈野，民弃子女，食人肉。——天启《文水县志》卷十灾祥,无,v2,1,"仅存在于：v2；缺少：v1,v3,v4"
1007,1560,明世宗嘉靖三十九年,山西,忻州,静乐县,无,《静乐县志》,静乐县：岁大饥，人相食。——康熙《静乐县志》卷四灾变,无,v2,1,"仅存在于：v2；缺少：v1,v3,v4"
1008,1560,明世宗嘉靖三十九年,山西,晋中,太谷县,无,《太谷县志》,太谷县：旱，游饥。人相食。——咸丰《太谷县志》卷二,无,v2,1,"仅存在于：v2；缺少：v1,v3,v4"
1009,1560,明世宗嘉靖三十九年,山西,晋中,寿阳县,无,《寿阳县志》,寿阳县：大旱，蝗，四十年五月方雨，民饥，相食。——光绪《寿阳县志》卷十三集志,无,v2,1,"仅存在于：v2；缺少：v1,v3,v4"
1010,1560,明世宗嘉靖三十九年,山西,晋中,榆次市,无,《榆次县志》,榆次市：大旱，无秋，人相食，多浮肿死。——万历《榆次县志》卷八灾祥,无,v2,1,"仅存在于：v2；缺少：v1,v3,v4"
1011,1560,明世宗嘉靖三十九年,山西,榆次市,榆次县,榆次县,《榆次县志》,榆次市：大旱，无秋，人相食，多浮肿死。——万历《榆次县志》卷八灾祥,无,v1,1,"仅存在于：v1；缺少：v2,v3,v4"
1012,1560,明世宗嘉靖三十九年,山西,榆次市,榆次市,无,《榆次县志》,榆次市：大旱，无秋，人相食，多浮肿死。——万历《榆次县志》卷八灾祥,无,"v3,v4",2,"仅存在于：v3,v4；缺少：v1,v2"
1013,1560,明世宗嘉靖三十九年,山西,阳泉,平定县,无,《平定州志》,平定县：七月，大旱，蝗。至四十年五月方雨。民饥，人相食。——乾隆十四年《平定州志》卷二祥异,无,v2,1,"仅存在于：v2；缺少：v1,v3,v4"
1014,1560,明世宗嘉靖三十九年,山西,阳泉,昔阳县,无,《乐平县志》,昔阳县：七月，大旱，蝗。至四十年五月方雨，民饥，人相食。——乾隆十八年《乐平县志》卷二祥异,无,v2,1,"仅存在于：v2；缺少：v1,v3,v4"
1015,1560,明世宗嘉靖三十九年,河北,无,内丘县,内丘县,《内丘县志》,内丘县：风霾作孽，蝗飞蔽天。大饥，民食草根树皮，或剥殍肉，或呻吟气尚未绝而操刀剥之者，流离四方不可胜计。——崇祯《内丘县志》变纪,无,"v1,v3,v4",3,"仅存在于：v1,v3,v4；缺少：v2"
1016,1560,明世宗嘉靖三十九年,河北,无,安新县,安州,《安州志》,安新县：蝗蝻遍地，残禾。民大饥，有父子相食者。——康熙《安州志》卷七祥异,无,"v1,v3,v4",3,"仅存在于：v1,v3,v4；缺少：v2"
1017,1560,明世宗嘉靖三十九年,河北,无,完县,无,《完县志》,完县：大蝗，颗粒无遗，至有父子相食者。——康熙《完县志》卷十灾异,无,"v1,v3,v4",3,"仅存在于：v1,v3,v4；缺少：v2"
1018,1560,明世宗嘉靖三十九年,河北,无,延庆县,延庆州,《延庆州志》,延庆县：大饥，人相食，暴骨原野。——康熙《延庆州志》卷六灾祥,无,"v1,v4",2,"仅存在于：v1,v4；缺少：v2,v3"
1019,1560,明世宗嘉靖三十九年,河北,无,昔阳县,乐平县,《乐平县志》,昔阳县：七月，大旱，蝗。至四十年五月方雨，民饥，人相食。——乾隆十八年《乐平县志》卷二祥异,无,v4,1,"仅存在于：v4；缺少：v1,v2,v3"
1020,1560,明世宗嘉靖三十九年,河北,无,武强县,无,《武强县新志》,武强县：岁无雨，四境赤地，井底涸，寸草不生。民间子三十二年房地器物典卖已尽，故饥死者尤众，民相食，间有食其妻子者。——康熙《武强县新志》卷七灾祥,无,"v1,v3,v4",3,"仅存在于：v1,v3,v4；缺少：v2"
1021,1560,明世宗嘉靖三十九年,河北,无,清苑县,无,《清苑县志》,清苑县：蝗蝻遍地，伤稼。民大饥，至相食。——民国《清苑县志》卷六灾祥,无,"v1,v3,v4",3,"仅存在于：v1,v3,v4；缺少：v2"
1022,1560,明世宗嘉靖三十九年,河北,无,灵寿县,无,《灵寿县志》,灵寿县：夏大旱，蝗蛹遍野，禾稼不登，人相食。父老惊骇，以为凶荒未见有至此极者。——嘉靖《灵寿县志》卷九灾祥,无,"v1,v3,v4",3,"仅存在于：v1,v3,v4；缺少：v2"
1023,1560,明世宗嘉靖三十九年,河北,无,赞皇县,无,《赞皇县志》,赞皇县：大旱，蝗飞蔽天，流移载道，人多相食。——康熙《赞皇县志》卷九祥异,无,"v1,v3,v4",3,"仅存在于：v1,v3,v4；缺少：v2"
1024,1560,明世宗嘉靖三十九年,河北,保定,安新县,无,《安州志》,安新县：蝗蝻遍地，残禾。民大饥，有父子相食者。——康熙《安州志》卷七祥异,无,v2,1,"仅存在于：v2；缺少：v1,v3,v4"
1025,1560,明世宗嘉靖三十九年,河北,保定,完县,无,《完县志》,完县：大蝗，颗粒无遗，至有父子相食者。——康熙《完县志》卷十灾异,无,v2,1,"仅存在于：v2；缺少：v1,v3,v4"
1026,1560,明世宗嘉靖三十九年,河北,保定,清苑县,无,《清苑县志》,清苑县：蝗蝻遍地，伤稼。民大饥，至相食。——民国《清苑县志》卷六灾祥,无,v2,1,"仅存在于：v2；缺少：v1,v3,v4"
1027,1560,明世宗嘉靖三十九年,河北,沧州,无,无,《沧州志》,沧州市：三十九年、四十年，连岁饥，甚至有割死人以食者。诏发部银若干，于畿辅地方赈之。——万历《沧州志》卷五故事,无,v2,1,"仅存在于：v2；缺少：v1,v3,v4"
1028,1560,明世宗嘉靖三十九年,河北,沧州市,沧县,沧州,《沧州志》,沧州市：三十九年、四十年，连岁饥，甚至有割死人以食者。诏发部银若干，于畿辅地方赈之。——万历《沧州志》卷五故事,无,v1,1,"仅存在于：v1；缺少：v2,v3,v4"
1029,1560,明世宗嘉靖三十九年,河北,沧州市,沧州市,无,《沧州志》,沧州市：三十九年、四十年，连岁饥，甚至有割死人以食者。诏发部银若干，于畿辅地方赈之。——万历《沧州志》卷五故事,无,"v3,v4",2,"仅存在于：v3,v4；缺少：v1,v2"
1030,1560,明世宗嘉靖三十九年,河北,石家庄,灵寿县,无,《灵寿县志》,灵寿县：夏大旱，蝗蛹遍野，禾稼不登，人相食。父老惊骇，以为凶荒未见有至此极者。——嘉靖《灵寿县志》卷九灾祥,无,v2,1,"仅存在于：v2；缺少：v1,v3,v4"
1031,1560,明世宗嘉靖三十九年,河北,石家庄,赞皇县,无,《赞皇县志》,赞皇县：大旱，蝗飞蔽天，流移载道，人多相食。——康熙《赞皇县志》卷九祥异,无,v2,1,"仅存在于：v2；缺少：v1,v3,v4"
1032,1560,明世宗嘉靖三十九年,河北,衡水,武强县,无,《武强县新志》,武强县：岁无雨，四境赤地，井底涸，寸草不生。民间子三十二年房地器物典卖已尽，故饥死者尤众，民相食，间有食其妻子者。——康熙《武强县新志》卷七灾祥,无,v2,1,"仅存在于：v2；缺少：v1,v3,v4"
1033,1560,明世宗嘉靖三十九年,河北,邢台,内丘县,无,《内丘县志》,内丘县：风霾作孽，蝗飞蔽天。大饥，民食草根树皮，或剥殍肉，或呻吟气尚未绝而操刀剥之者，流离四方不可胜计。——崇祯《内丘县志》变纪,无,v2,1,"仅存在于：v2；缺少：v1,v3,v4"
1034,1561,明世宗嘉靖四十年,天津,天津,静海县,无,《静海县志》,静海县：岁饥，人相食。——同治《静海县志》卷三灾祥,无,"v2,v3,v4",3,"仅存在于：v2,v3,v4；缺少：v1"
1035,1561,明世宗嘉靖四十年,山西,无,五台县,无,《五台县志》,五台县：夏旱，麦豆枯干，盗起劫掠，人民相食。——康熙《五台县志》卷八祥异,无,"v2,v3,v4",3,"仅存在于：v2,v3,v4；缺少：v1"
1036,1561,明世宗嘉靖四十年,山西,无,寿阳县,无,《寿阳县志》,寿阳县：大旱，斗米钱二百余，人相食，殍尸枕藉。——光绪《寿阳县志》卷八祥异,无,"v2,v3,v4",3,"仅存在于：v2,v3,v4；缺少：v1"
1037,1561,明世宗嘉靖四十年,山西,无,左权县,无,《山西通志》,左权县：米斗银二钱，人相食。——万历《山西通志》卷二十六灾祥,无,"v2,v3,v4",3,"仅存在于：v2,v3,v4；缺少：v1"
1038,1561,明世宗嘉靖四十年,山西,忻州市,五台县,无,《五台县志》,五台县：夏旱，麦豆枯干，盗起劫掠，人民相食。——康熙《五台县志》卷八祥异,无,v1,1,"仅存在于：v1；缺少：v2,v3,v4"
1039,1561,明世宗嘉靖四十年,山西,晋中市,寿阳县,无,《寿阳县志》,寿阳县：大旱，斗米钱二百余，人相食，殍尸枕藉。——光绪《寿阳县志》卷八祥异,无,v1,1,"仅存在于：v1；缺少：v2,v3,v4"
1040,1561,明世宗嘉靖四十年,山西,晋中市,左权县,无,《山西通志》,左权县：米斗银二钱，人相食。——万历《山西通志》卷二十六灾祥,无,v1,1,"仅存在于：v1；缺少：v2,v3,v4"
1041,1561,明世宗嘉靖四十年,河北,无,东光县,无,《东光县志》,东光县：三月，县境大饥，人相食，疫死者甚众。——光绪《东光县志》卷十一样异,无,"v2,v3,v4",3,"仅存在于：v2,v3,v4；缺少：v1"
1042,1561,明世宗嘉靖四十年,河北,无,平山县,无,《平山县志》,平山县：人相食。五月初旬雨。秋荻。——康熙《平山县志》卷一纪事,无,"v2,v3,v4",3,"仅存在于：v2,v3,v4；缺少：v1"
1043,1561,明世宗嘉靖四十年,河北,无,阜城县,无,《重修阜志》,阜城县：春，人相食，疫死甚众。——康熙《重修阜志》卷下祥异,无,"v2,v3,v4",3,"仅存在于：v2,v3,v4；缺少：v1"
1044,1561,明世宗嘉靖四十年,河北,无,青县,无,《青县志》,青县：连年饥，甚至有割死人以食者。——嘉庆《青县志》卷六蠲恤,无,"v2,v3,v4",3,"仅存在于：v2,v3,v4；缺少：v1"
1045,1561,明世宗嘉靖四十年,河北,天津,静海县,无,《静海县志》,静海县：岁饥，人相食。——同治《静海县志》卷三灾祥,无,v1,1,"仅存在于：v1；缺少：v2,v3,v4"
1046,1561,明世宗嘉靖四十年,河北,沧州市,东光县,无,《东光县志》,东光县：三月，县境大饥，人相食，疫死者甚众。——光绪《东光县志》卷十一样异,无,v1,1,"仅存在于：v1；缺少：v2,v3,v4"
1047,1561,明世宗嘉靖四十年,河北,沧州市,阜城县,无,《重修阜志》,阜城县：春，人相食，疫死甚众。——康熙《重修阜志》卷下祥异,无,v1,1,"仅存在于：v1；缺少：v2,v3,v4"
1048,1561,明世宗嘉靖四十年,河北,沧州市,青县,无,《青县志》,青县：连年饥，甚至有割死人以食者。——嘉庆《青县志》卷六蠲恤,无,v1,1,"仅存在于：v1；缺少：v2,v3,v4"
1049,1561,明世宗嘉靖四十年,河北,石家庄市,平山县,无,《平山县志》,平山县：人相食。五月初旬雨。秋荻。——康熙《平山县志》卷一纪事,无,v1,1,"仅存在于：v1；缺少：v2,v3,v4"
1050,1561,明世宗嘉靖四十年,河北,邢台市,无,无,《顺德府志》,邢台市：春，时方旱，赤地千里，历夏又不雨，迄秋一禾不登。饥甚，人相食，流移载道。——万历《顺德府志》卷四艺文,无,v2,1,"仅存在于：v2；缺少：v1,v3,v4"
1051,1561,明世宗嘉靖四十年,河北,邢台市,邢台县,无,《顺德府志》,邢台市：春，时方旱，赤地千里，历夏又不雨，迄秋一禾不登。饥甚，人相食，流移载道。——万历《顺德府志》卷四艺文,无,v1,1,"仅存在于：v1；缺少：v2,v3,v4"
1052,1561,明世宗嘉靖四十年,河北,邢台市,邢台市,无,《顺德府志》,邢台市：春，时方旱，赤地千里，历夏又不雨，迄秋一禾不登。饥甚，人相食，流移载道。——万历《顺德府志》卷四艺文,无,"v3,v4",2,"仅存在于：v3,v4；缺少：v1,v2"
1053,1561,明世宗嘉靖四十年,湖北,无,宜都县,无,《宜都县志》,宜都县：春，雪深三尺。秋大疫，死者过半，沟渠皆殍，人相食。——康熙《宜都县志》卷十一灾祥,无,"v2,v3,v4",3,"仅存在于：v2,v3,v4；缺少：v1"
1054,1561,明世宗嘉靖四十年,湖北,宜昌市,宜都县,无,《宜都县志》,宜都县：春，雪深三尺。秋大疫，死者过半，沟渠皆殍，人相食。——康熙《宜都县志》卷十一灾祥,无,v1,1,"仅存在于：v1；缺少：v2,v3,v4"
1055,1562,明世宗嘉靖四十一年,山西,无,太谷县,无,《太谷县志》,山西：太谷县：三十九至四十一年，岁大歉，百姓逃窜，在者食树皮草根，鸡猪绝于途，人皆相食，死尸枕藉于外，郊外童男女弃置不顾。——万历《太谷县志》卷八灾异,无,"v1,v2,v3,v4",4,
1056,1565,明世宗嘉靖四十四年,甘肃,无,临夏县,河州,《河州志》转引《西北灾荒史》,临夏县：河州岁大荒，市巢每斗七钱，人相食，城池田野，积尸无数。——《河州志》（嘉靖二十五年），转引自《西北灾荒史》第1615页,原文县名为临夏县，河州为古代地名,v1,1,"仅存在于：v1；缺少：v2,v3,v4"
1057,1565,明世宗嘉靖四十四年,甘肃,无,和政县,无,《和政县志》,甘肃：和政县：大旱，斗栗银七钱，人相食，城池遍野积尸无数。——《和政县志》（民国十九年），转引自《西北灾荒史》第1615页。,无,"v1,v3",2,"仅存在于：v1,v3；缺少：v2,v4"
1058,1565,明世宗嘉靖四十四年,甘肃,临夏,临夏县,河州,《河州志》,甘肃：临夏县：河州岁大荒，市巢每斗七钱，人相食，城池田野，积尸无数。——《河州志》（嘉靖二十五年），转引自《西北灾荒史》第1615页。,无,v3,1,"仅存在于：v3；缺少：v1,v2,v4"
1059,1565,明世宗嘉靖四十四年,甘肃,临夏县,临夏县,河州,《河州志》,临夏县：河州岁大荒，市巢每斗七钱，人相食，城池田野，积尸无数。——《河州志》（嘉靖二十五年），转引自《西北灾荒史》第1615页。,河州为推测，原文为古代地名河州；原文时间为嘉靖二十五年，记录为嘉靖四十四年事件,v4,1,"仅存在于：v4；缺少：v1,v2,v3"
1060,1565,明世宗嘉靖四十四年,甘肃,和政县,和政县,无,《和政县志》,和政县：大旱，斗栗银七钱，人相食，城池遍野积尸无数。——《和政县志》（民国十九年），转引自《西北灾荒史》第1615页。,原文时间为民国十九年，记录为嘉靖四十四年事件,v4,1,"仅存在于：v4；缺少：v1,v2,v3"
1061,1572,明穆宗隆庆六年,陕西,无,安塞县,无,《安塞县志》,安塞县：旱，饥，人相食。——民国《安塞县志》卷十祥异,无,"v1,v3,v4",3,"仅存在于：v1,v3,v4；缺少：v2"
1062,1572,明穆宗隆庆六年,陕西,无,榆林县,无,《延绥镇志》,榆林县：复大饥，人相食。——万历《延绥镇志》卷三灾异,无,"v1,v3,v4",3,"仅存在于：v1,v3,v4；缺少：v2"
1063,1572,明穆宗隆庆六年,陕西,无,洛川县,无,《洛川县志》,洛川县：旱，饥，人相食。——嘉庆《洛川县志》卷一祥异,无,"v1,v3,v4",3,"仅存在于：v1,v3,v4；缺少：v2"
1064,1572,明穆宗隆庆六年,陕西,无,黄陵县,无,《续修中部县志》,黄陵县：大饥，旱，人相食。——嘉庆《续修中部县志》卷二祥异,无,"v1,v3,v4",3,"仅存在于：v1,v3,v4；缺少：v2"
1065,1572,明穆宗隆庆六年,陕西,延安市,无,无,《陕西通志》转引《西北灾荒史》,延安市：大旱，饥，人相食。——《陕西通志》（万历三十九年），转引自《西北灾荒史》第420页。,无,"v1,v3,v4",3,"仅存在于：v1,v3,v4；缺少：v2"
1066,1580,明神宗万历八年,河南,无,偃师县,无,《偃师县至》,偃师县：大饥，人相食。——顺治《偃师县至》卷二灾祥,无,"v1,v2,v3,v4",4,
1067,1580,明神宗万历八年,河南,无,沈丘县,无,《沈丘县志》,沈丘县：大水，饥，人相食。——顺治《沈丘县志》卷十三灾祥,无,"v1,v2,v3,v4",4,
1068,1581,明神宗万历九年,安徽,无,怀远县,无,《怀远县志》,安徽怀远县：旱涝相仍，岁大饥，人有相食者。知县郑际可申灾抚恤，民持以安。——雍正《怀远县志》卷八灾异,无,"v1,v2,v3,v4",4,
1069,1581,明神宗万历九年,湖北,无,枝江县,无,《枝江县志》,湖北枝江县：大饥，人相食。——道光《枝江县志》卷十四氛祲,无,"v1,v2,v3,v4",4,
1070,1582,明神宗万历十年,湖北,无,松滋县,无,《松滋县志》,松滋县：大饥，人相食。——康熙九年《松滋县志》卷下欽祥,无,"v3,v4",2,"仅存在于：v3,v4；缺少：v1,v2"
1071,1582,明神宗万历十年,湖北,荆州市,松滋县,无,《松滋县志》,松滋县：大饥，人相食。——康熙九年《松滋县志》卷下欽祥,无,v2,1,"仅存在于：v2；缺少：v1,v3,v4"
1072,1582,明神宗万历十年,湖北,荆州市,松滋市,无,《松滋县志》,松滋县：大饥，人相食。——康熙九年《松滋县志》卷下欽祥,松滋县为推测，原文为松滋县,v1,1,"仅存在于：v1；缺少：v2,v3,v4"
1073,1582,明神宗万历十年,甘肃,无,合水县,无,《合水县志》,合水县：麦收一分，秋全无。是年及冬十一年春，人有相食者。——乾隆《合水县志》卷下祥异,无,"v3,v4",2,"仅存在于：v3,v4；缺少：v1,v2"
1074,1582,明神宗万历十年,甘肃,无,坏县,无,《环县志》,坏县：旱。大饥，人相食。——乾隆《环县志》卷十纪事,疑似OCR错误,v4,1,"仅存在于：v4；缺少：v1,v2,v3"
1075,1582,明神宗万历十年,甘肃,无,庆阳县,无,《新修庆阳府志》,庆阳县：旱。大饥，人相食。——乾隆《新修庆阳府志》卷三十七祥眚,无,v4,1,"仅存在于：v4；缺少：v1,v2,v3"
1076,1582,明神宗万历十年,甘肃,无,正宁县,无,《正宁县志》,正宁县：旱。大饥，人相食。——乾隆《正宁县志》卷十三祥眚,无,"v3,v4",2,"仅存在于：v3,v4；缺少：v1,v2"
1077,1582,明神宗万历十年,甘肃,无,环县,无,《环县志》,坏县：旱。大饥，人相食。——乾隆《环县志》卷十纪事,疑似OCR错误，原文为'坏县'，根据来源《环县志》推断应为'环县',v3,1,"仅存在于：v3；缺少：v1,v2,v4"
1078,1582,明神宗万历十年,甘肃,庆阳市,合水县,无,《合水县志》,合水县：麦收一分，秋全无。是年及冬十一年春，人有相食者。——乾隆《合水县志》卷下祥异,无,"v1,v2",2,"仅存在于：v1,v2；缺少：v3,v4"
1079,1582,明神宗万历十年,甘肃,庆阳市,坏县,无,《环县志》,坏县：旱。大饥，人相食。——乾隆《环县志》卷十纪事,疑似OCR错误，原文'坏县'应为'环县',v2,1,"仅存在于：v2；缺少：v1,v3,v4"
1080,1582,明神宗万历十年,甘肃,庆阳市,庆城县,庆阳县,《新修庆阳府志》,庆阳县：旱。大饥，人相食。——乾隆《新修庆阳府志》卷三十七祥眚,庆阳县为推测，原文为古代地名庆阳县,v1,1,"仅存在于：v1；缺少：v2,v3,v4"
1081,1582,明神宗万历十年,甘肃,庆阳市,庆阳县,无,《新修庆阳府志》,庆阳县：旱。大饥，人相食。——乾隆《新修庆阳府志》卷三十七祥眚,无,"v2,v3",2,"仅存在于：v2,v3；缺少：v1,v4"
1082,1582,明神宗万历十年,甘肃,庆阳市,正宁县,无,《正宁县志》,正宁县：旱。大饥，人相食。——乾隆《正宁县志》卷十三祥眚,无,"v1,v2",2,"仅存在于：v1,v2；缺少：v3,v4"
1083,1582,明神宗万历十年,甘肃,庆阳市,环县,坏县,《环县志》,坏县：旱。大饥，人相食。——乾隆《环县志》卷十纪事,坏县疑似OCR错误，应为环县；环县为推测，原文为古代地名坏县,v1,1,"仅存在于：v1；缺少：v2,v3,v4"
1084,1582,明神宗万历十年,陕西,无,临潼县,无,《临潼县志》,临潼县：大旱，人相食。——康熙《临潼县志》卷六祥异,无,"v1,v2,v3,v4",4,
1085,1582,明神宗万历十年,陕西,无,华阴县,无,《同州府志》,华阴县：华阴雨雹。是年大旱，人相食。——咸丰《同州府志》卷六沿革表,无,"v1,v2,v3,v4",4,
1086,1582,明神宗万历十年,陕西,无,咸阳县,无,《咸阳县志》,咸阳市：大旱，人相食。知县傅公需煮粥，民赖全活。——乾隆《咸阳县志》卷二十祥异,无,v1,1,"仅存在于：v1；缺少：v2,v3,v4"
1087,1582,明神宗万历十年,陕西,无,咸阳市,无,《咸阳县志》,咸阳市：大旱，人相食。知县傅公需煮粥，民赖全活。——乾隆《咸阳县志》卷二十祥异,无,v2,1,"仅存在于：v2；缺少：v1,v3,v4"
1088,1582,明神宗万历十年,陕西,无,榆林县,无,《延绥镇志》,榆林县：旱。大饥，人相食。——万历《延绥镇志》卷三灾异,无,"v1,v3,v4",3,"仅存在于：v1,v3,v4；缺少：v2"
1089,1582,明神宗万历十年,陕西,无,洛川县,无,《洛川县志》,洛川县：大旱，饥，人相食。——嘉庆《洛川县志》卷一祥异,无,"v1,v3,v4",3,"仅存在于：v1,v3,v4；缺少：v2"
1090,1582,明神宗万历十年,陕西,无,高陵县,无,《高陵县志》,高陵县：大旱，人相食。——雍正《高陵县志》卷四祥异,无,"v1,v2,v3,v4",4,
1091,1582,明神宗万历十年,陕西,无,黄陵县,无,《续修中部县志》,黄陵县：大旱，人相食。——嘉庆《续修中部县志》卷二祥异,无,"v1,v3,v4",3,"仅存在于：v1,v3,v4；缺少：v2"
1092,1582,明神宗万历十年,陕西,咸阳市,无,无,《咸阳县志》,咸阳市：大旱，人相食。知县傅公需煮粥，民赖全活。——乾隆《咸阳县志》卷二十祥异,无,v4,1,"仅存在于：v4；缺少：v1,v2,v3"
1093,1582,明神宗万历十年,陕西,咸阳市,咸阳市,无,《咸阳县志》,咸阳市：大旱，人相食。知县傅公需煮粥，民赖全活。——乾隆《咸阳县志》卷二十祥异,无,v3,1,"仅存在于：v3；缺少：v1,v2,v4"
1094,1582,明神宗万历十年,陕西,延安市,无,无,《陕西通志》,延安市：大旱，人相食。——康熙六年《陕西通志》卷三十祥异,无,"v1,v4",2,"仅存在于：v1,v4；缺少：v2,v3"
1095,1582,明神宗万历十年,陕西,延安市,延安市,无,《陕西通志》,延安市：大旱，人相食。——康熙六年《陕西通志》卷三十祥异,无,"v2,v3",2,"仅存在于：v2,v3；缺少：v1,v4"
1096,1582,明神宗万历十年,陕西,延安市,洛川县,无,《洛川县志》,洛川县：大旱，饥，人相食。——嘉庆《洛川县志》卷一祥异,无,v2,1,"仅存在于：v2；缺少：v1,v3,v4"
1097,1582,明神宗万历十年,陕西,延安市,黄陵县,中部县,《续修中部县志》,黄陵县：大旱，人相食。——嘉庆《续修中部县志》卷二祥异,中部县为推测，原文为古代地名中部县，今黄陵县,v2,1,"仅存在于：v2；缺少：v1,v3,v4"
1098,1582,明神宗万历十年,陕西,榆林市,榆林县,延绥镇,《延绥镇志》,榆林县：旱。大饥，人相食。——万历《延绥镇志》卷三灾异,延绥镇为推测，原文为古代地名延绥镇,v2,1,"仅存在于：v2；缺少：v1,v3,v4"
1099,1583,明神宗万历十一年,甘肃,无,合水县,无,《合水县志》转引《西北灾荒史》,合水县：春，人有相食者。——《合水县志》（光绪三十四年），转引自《西北灾荒史》第1619页。,无,"v1,v2,v3",3,"仅存在于：v1,v2,v3；缺少：v4"
1100,1583,明神宗万历十一年,甘肃,庆阳市,合水县,无,《合水县志》转引《西北灾荒史》,合水县：春，人有相食者。——《合水县志》（光绪三十四年），转引自《西北灾荒史》第1619页。,无,v4,1,"仅存在于：v4；缺少：v1,v2,v3"
1101,1585,明神宗万历十三年,河南,无,孟县,无,《华北、东北近五百年旱涝史料》,孟县：大饥，人相食，瘟疫。——《华北、东北近五百年旱涝史料》第四分册，第50页。,无,"v1,v2,v3,v4",4,
1102,1586,明神宗万历十四年,天津,天津,宝坻县,无,《宝坻县志》,宝坻县：旱，飞蝗蔽空，邑令漆圆捕蝗三十石。大饥，民相食。——乾隆《宝坻县志》卷十四襤祥,无,"v1,v2,v3,v4",4,
1103,1586,明神宗万历十四年,山西,无,太谷县,无,《太谷县志》,太谷县：大旱。官为煮粥济饥，人多相食。——咸丰《太谷县志》卷八灾祥,无,"v1,v2,v3,v4",4,
1104,1586,明神宗万历十四年,山西,无,平遥县,无,《重修平遥县志》,平遥县：正月，旱至七月，五谷未种。秋后方雨，民有因之种麦者。一冬无雪，又旱至次年五月，麦田尽稿。二岁间，饶积之家仅可糊口，余有朝出而夕死者，有屠尸割肉而视者。——康熙《重修平遥县志》卷上灾异,无,"v1,v3,v4",3,"仅存在于：v1,v3,v4；缺少：v2"
1105,1586,明神宗万历十四年,河南,无,登封县,无,《登封县志》,登封县：旱，谷斗全伤。大饥，人相食。——康熙《登封县志》卷九灾祥,无,"v1,v2,v3,v4",4,
1106,1587,明神宗万历十五年,山西,无,乡宁县,无,《乡宁县志》,山西：乡宁县：遭大饥，民多食石脂，甚或人相食。——顺治《乡宁县志》卷六祥异,无,"v2,v3,v4",3,"仅存在于：v2,v3,v4；缺少：v1"
1107,1587,明神宗万历十五年,山西,无,潞城县,无,《潞城县志》,山西：潞城县：春疫大作，死者枕路，生者相食。——康熙《潞城县志》卷八祥异,无,"v2,v3,v4",3,"仅存在于：v2,v3,v4；缺少：v1"
1108,1587,明神宗万历十五年,山西,无,襄汾县,无,《襄陵县志》,山西：襄汾县：十四、十五两年，连遭大饥，民多食石脂，甚或人相食。——光绪《襄陵县志》卷十四祥异,无,"v3,v4",2,"仅存在于：v3,v4；缺少：v1,v2"
1109,1587,明神宗万历十五年,山西,无,襄陵县,无,《襄陵县志》,襄汾县：十四、十五两年，连遭大饥，民多食石脂，甚或人相食。——光绪《襄陵县志》卷十四祥异,原文为'襄汾县',v2,1,"仅存在于：v2；缺少：v1,v3,v4"
1110,1587,明神宗万历十五年,山西,临汾市,乡宁县,无,《乡宁县志》,山西：乡宁县：遭大饥，民多食石脂，甚或人相食。——顺治《乡宁县志》卷六祥异,无,v1,1,"仅存在于：v1；缺少：v2,v3,v4"
1111,1587,明神宗万历十五年,山西,临汾市,襄陵县,无,《襄陵县志》,山西：襄汾县：十四、十五两年，连遭大饥，民多食石脂，甚或人相食。——光绪《襄陵县志》卷十四祥异,无,v1,1,"仅存在于：v1；缺少：v2,v3,v4"
1112,1587,明神宗万历十五年,山西,长治市,潞城县,无,《潞城县志》,山西：潞城县：春疫大作，死者枕路，生者相食。——康熙《潞城县志》卷八祥异,无,v1,1,"仅存在于：v1；缺少：v2,v3,v4"
1113,1587,明神宗万历十五年,河南,无,原武县,无,《原武县志》,阳原县：秋八月，河决冲横，四望皆赤。人相食，鬻女货妇无售者，童稚弃道而不育。——乾隆《原武县志》卷九艺文,无,v2,1,"仅存在于：v2；缺少：v1,v3,v4"
1114,1587,明神宗万历十五年,河南,无,原阳县,无,《原武县志》,河南：原阳县：秋八月，河决冲横，四望皆赤。人相食，鬻女货妇无售者，童稚弃道而不育。——乾隆《原武县志》卷九艺文,无,v4,1,"仅存在于：v4；缺少：v1,v2,v3"
1115,1587,明神宗万历十五年,河南,无,林县,无,《林县志》,河南：林县：夏大旱，秋无禾。冬，大饥，相食。——万历《林县志》卷八灾祥,无,"v2,v3,v4",3,"仅存在于：v2,v3,v4；缺少：v1"
1116,1587,明神宗万历十五年,河南,无,汝阳县,无,《伊阳县志》,河南：汝阳县：至六月不雨，荞麦每斗银四钱余。九月十二日，大雪尺余，晚禾尽杀。至次年春，邑民饥死盈野，父子相食。问之父老，自立县以来未有荒旱疫疠如此之甚。——顺治《伊阳县志》卷二灾异,无,"v2,v3,v4",3,"仅存在于：v2,v3,v4；缺少：v1"
1117,1587,明神宗万历十五年,河南,无,灵宝县,无,《阌乡县志》,河南：灵宝县：大饥，人相食。——顺治《阌乡县志》卷一灾异,无,"v2,v3,v4",3,"仅存在于：v2,v3,v4；缺少：v1"
1118,1587,明神宗万历十五年,河南,无,阳原县,无,《原武县志》,阳原县：秋八月，河决冲横，四望皆赤。人相食，鬻女货妇无售者，童稚弃道而不育。——乾隆《原武县志》卷九艺文,无,v3,1,"仅存在于：v3；缺少：v1,v2,v4"
1119,1587,明神宗万历十五年,河南,无,陕县,无,《重修直录陕州志》,河南：陕县：大饥，人相食。——乾隆《重修直录陕州志》卷十九灾祥,无,"v2,v3,v4",3,"仅存在于：v2,v3,v4；缺少：v1"
1120,1587,明神宗万历十五年,河南,三门峡市,灵宝县,无,《闵乡县志》,河南：灵宝县：大饥，人相食。——顺治《闵乡县志》卷一灾异,灵宝县为推测，原文无县名，信息来自《闵乡县志》,v1,1,"仅存在于：v1；缺少：v2,v3,v4"
1121,1587,明神宗万历十五年,河南,三门峡市,陕县,无,《重修直录陕州志》,河南：陕县：大饥，人相食。——乾隆《重修直录陕州志》卷十九灾祥,无,v1,1,"仅存在于：v1；缺少：v2,v3,v4"
1122,1587,明神宗万历十五年,河南,安阳市,林县,无,《林县志》,河南：林县：夏大旱，秋无禾。冬，大饥，相食。——万历《林县志》卷八灾祥,无,v1,1,"仅存在于：v1；缺少：v2,v3,v4"
1123,1587,明神宗万历十五年,河南,新乡市,原武县,无,《原武县志》,河南：阳原县：秋八月，河决冲横，四望皆赤。人相食，鬻女货妇无售者，童稚弃道而不育。——乾隆《原武县志》卷九艺文,阳原县为推测，原文为阳原县，疑似OCR错误,v1,1,"仅存在于：v1；缺少：v2,v3,v4"
1124,1587,明神宗万历十五年,河南,驻马店市,汝阳县,无,《伊阳县志》,河南：汝阳县：至六月不雨，荞麦每斗银四钱余。九月十二日，大雪尺余，晚禾尽杀。至次年春，邑民饥死盈野，父子相食。问之父老，自立县以来未有荒旱疫疠如此之甚。——顺治《伊阳县志》卷二灾异,无,v1,1,"仅存在于：v1；缺少：v2,v3,v4"
1125,1587,明神宗万历十五年,甘肃,无,庄浪,无,《甘肃新通志》转引《西北灾荒史》,甘肃：庆阳、文县、庄浪、清水、正宁、秦州等处旱，饥，人相食，流亡过半。——《甘肃新通志》（宣统元年），转引自《西北灾荒史》第425页。,无,"v3,v4",2,"仅存在于：v3,v4；缺少：v1,v2"
1126,1587,明神宗万历十五年,甘肃,无,庄浪县,无,《甘肃新通志》转引《西北灾荒史》,庆阳、文县、庄浪、清水、正宁、秦州等处旱，饥，人相食，流亡过半。——《甘肃新通志》（宣统元年），转引自《西北灾荒史》第425页。,无,"v2,v3,v4",3,"仅存在于：v2,v3,v4；缺少：v1"
1127,1587,明神宗万历十五年,甘肃,无,庆阳,无,《甘肃新通志》转引《西北灾荒史》,甘肃：庆阳、文县、庄浪、清水、正宁、秦州等处旱，饥，人相食，流亡过半。——《甘肃新通志》（宣统元年），转引自《西北灾荒史》第425页。,无,"v3,v4",2,"仅存在于：v3,v4；缺少：v1,v2"
1128,1587,明神宗万历十五年,甘肃,无,庆阳县,无,《甘肃新通志》转引《西北灾荒史》,庆阳、文县、庄浪、清水、正宁、秦州等处旱，饥，人相食，流亡过半。——《甘肃新通志》（宣统元年），转引自《西北灾荒史》第425页。,无,v2,1,"仅存在于：v2；缺少：v1,v3,v4"
1129,1587,明神宗万历十五年,甘肃,无,文县,无,《甘肃新通志》转引《西北灾荒史》,甘肃：庆阳、文县、庄浪、清水、正宁、秦州等处旱，饥，人相食，流亡过半。——《甘肃新通志》（宣统元年），转引自《西北灾荒史》第425页。,无,"v2,v3,v4",3,"仅存在于：v2,v3,v4；缺少：v1"
1130,1587,明神宗万历十五年,甘肃,无,正宁,无,《甘肃新通志》转引《西北灾荒史》,甘肃：庆阳、文县、庄浪、清水、正宁、秦州等处旱，饥，人相食，流亡过半。——《甘肃新通志》（宣统元年），转引自《西北灾荒史》第425页。,无,"v3,v4",2,"仅存在于：v3,v4；缺少：v1,v2"
1131,1587,明神宗万历十五年,甘肃,无,正宁县,无,《甘肃新通志》转引《西北灾荒史》,庆阳、文县、庄浪、清水、正宁、秦州等处旱，饥，人相食，流亡过半。——《甘肃新通志》（宣统元年），转引自《西北灾荒史》第425页。,无,v2,1,"仅存在于：v2；缺少：v1,v3,v4"
1132,1587,明神宗万历十五年,甘肃,无,清水,无,《甘肃新通志》转引《西北灾荒史》,甘肃：庆阳、文县、庄浪、清水、正宁、秦州等处旱，饥，人相食，流亡过半。——《甘肃新通志》（宣统元年），转引自《西北灾荒史》第425页。,无,"v3,v4",2,"仅存在于：v3,v4；缺少：v1,v2"
1133,1587,明神宗万历十五年,甘肃,无,清水县,无,《甘肃新通志》转引《西北灾荒史》,庆阳、文县、庄浪、清水、正宁、秦州等处旱，饥，人相食，流亡过半。——《甘肃新通志》（宣统元年），转引自《西北灾荒史》第425页。,无,v2,1,"仅存在于：v2；缺少：v1,v3,v4"
1134,1587,明神宗万历十五年,甘肃,无,秦州,秦州,《甘肃新通志》转引《西北灾荒史》,庆阳、文县、庄浪、清水、正宁、秦州等处旱，饥，人相食，流亡过半。——《甘肃新通志》（宣统元年），转引自《西北灾荒史》第425页。,秦州为推测，原文为古代地名秦州,v2,1,"仅存在于：v2；缺少：v1,v3,v4"
1135,1587,明神宗万历十五年,甘肃,天水市,无,秦州,《甘肃新通志》转引《西北灾荒史》,甘肃：庆阳、文县、庄浪、清水、正宁、秦州等处旱，饥，人相食，流亡过半。——《甘肃新通志》（宣统元年），转引自《西北灾荒史》第425页。,秦州为古代地名，推测现代为甘肃省天水市,v4,1,"仅存在于：v4；缺少：v1,v2,v3"
1136,1587,明神宗万历十五年,甘肃,天水市,秦州,秦州,《甘肃新通志》转引《西北灾荒史》,庆阳、文县、庄浪、清水、正宁、秦州等处旱，饥，人相食，流亡过半。——《甘肃新通志》（宣统元年），转引自《西北灾荒史》第425页,秦州为古代地名，现代对应甘肃省天水市,v3,1,"仅存在于：v3；缺少：v1,v2,v4"
1137,1587,明神宗万历十五年,甘肃,平凉市,庄浪县,无,《庄浪志略》,甘肃：庄浪县：又旱，人相食，流亡过半。——乾隆《庄浪志略》卷十九灾祥,无,v1,1,"仅存在于：v1；缺少：v2,v3,v4"
1138,1587,明神宗万历十五年,甘肃,庆阳市,庆阳县,无,《甘肃新通志》转引《西北灾荒史》,甘肃：庆阳、文县、庄浪、清水、正宁、秦州等处旱，饥，人相食，流亡过半。——《甘肃新通志》（宣统元年），转引自《西北灾荒史》第425页,无,v1,1,"仅存在于：v1；缺少：v2,v3,v4"
1139,1587,明神宗万历十五年,甘肃,陇南市,文县,无,《甘肃新通志》,甘肃：文县：旱，饥，人相食，流亡过半。——光绪《甘肃新通志》卷二祥异,无,v1,1,"仅存在于：v1；缺少：v2,v3,v4"
1140,1587,明神宗万历十五年,陕西,无,永寿县,无,《永寿县志余》,陕西：永寿县：大旱，人相食。——嘉庆《永寿县志余》卷六灾祥,无,"v2,v3,v4",3,"仅存在于：v2,v3,v4；缺少：v1"
1141,1587,明神宗万历十五年,陕西,无,潼关县,无,《潼关卫志》,陕西：潼关县：大饥，人相食。——康熙《潼关卫志》卷上灾祥,无,"v2,v3,v4",3,"仅存在于：v2,v3,v4；缺少：v1"
1142,1587,明神宗万历十五年,陕西,无,米脂县,无,《米脂县志》,陕西：米脂县：大饥，人相食。知县张可立赈济。——康熙《米脂县志》卷一灾祥,无,"v2,v3,v4",3,"仅存在于：v2,v3,v4；缺少：v1"
1143,1587,明神宗万历十五年,陕西,咸阳市,永寿县,无,《永寿县志余》,陕西：永寿县：大旱，人相食。——嘉庆《永寿县志余》卷六灾祥,无,v1,1,"仅存在于：v1；缺少：v2,v3,v4"
1144,1587,明神宗万历十五年,陕西,榆林市,米脂县,无,《米脂县志》,陕西：米脂县：大饥，人相食。知县张可立赈济。——康熙《米脂县志》卷一灾祥,无,v1,1,"仅存在于：v1；缺少：v2,v3,v4"
1145,1587,明神宗万历十五年,陕西,渭南市,潼关县,无,《潼关卫志》,陕西：潼关县：大饥，人相食。——康熙《潼关卫志》卷上灾祥,无,v1,1,"仅存在于：v1；缺少：v2,v3,v4"
1146,1588,明神宗万历十六年,上海,上海,无,无,《分建南汇县志》,南汇县：大水，人相食。——雍正《分建南汇县志》卷十四救荒,无,v2,1,"仅存在于：v2；缺少：v1,v3,v4"
1147,1588,明神宗万历十六年,上海,上海,南汇县,无,《分建南汇县志》,南汇县：大水，人相食。——雍正《分建南汇县志》卷十四救荒,无,"v1,v3,v4",3,"仅存在于：v1,v3,v4；缺少：v2"
1148,1588,明神宗万历十六年,安徽,无,无,无,《徐州府志》,萧县：徐、肖春大饥，人相食，夏大疫，死者相枕。——同治《徐州府志》卷二十五,徐、肖疑似有误，原文如此,v2,1,"仅存在于：v2；缺少：v1,v3,v4"
1149,1588,明神宗万历十六年,安徽,无,凤阳县,无,《明实录》,泗县、凤阳县：凤阳、泗州五月民饥，相食。——《明实录》,无,v3,1,"仅存在于：v3；缺少：v1,v2,v4"
1150,1588,明神宗万历十六年,安徽,无,泗县,泗州,《明实录》,泗县、凤阳县：凤阳、泗州五月民饥，相食。——《明实录》,泗州为古代地名,v3,1,"仅存在于：v3；缺少：v1,v2,v4"
1151,1588,明神宗万历十六年,安徽,无,萧县,无,《徐州府志》,萧县：徐、肖春大饥，人相食，夏大疫，死者相枕。——同治《徐州府志》卷二十五,无,v3,1,"仅存在于：v3；缺少：v1,v2,v4"
1152,1588,明神宗万历十六年,安徽,宿州市,泗县,无,《明实录》,泗县、凤阳县：凤阳、泗州五月民饥，相食。——《明实录》,无,v4,1,"仅存在于：v4；缺少：v1,v2,v3"
1153,1588,明神宗万历十六年,安徽,宿州市,萧县,无,《徐州府志》,萧县：徐、肖春大饥，人相食，夏大疫，死者相枕。——同治《徐州府志》卷二十五,无,"v1,v4",2,"仅存在于：v1,v4；缺少：v2,v3"
1154,1588,明神宗万历十六年,安徽,滁州市,凤阳县,无,《明实录》,泗县、凤阳县：凤阳、泗州五月民饥，相食。——《明实录》,无,v4,1,"仅存在于：v4；缺少：v1,v2,v3"
1155,1588,明神宗万历十六年,安徽,蚌埠市,泗县,无,《明实录》,泗县、凤阳县：凤阳、泗州五月民饥，相食。——《明实录》,无,v1,1,"仅存在于：v1；缺少：v2,v3,v4"
1156,1588,明神宗万历十六年,山东,无,无,无,《东明县志》,东明县：大饥，斗米二百余钱，人相食。疫气流行，人死过半。夏麦大熟，委弃在野，不尽收割。——康熙《东明县志》卷七灾祥,无,v2,1,"仅存在于：v2；缺少：v1,v3,v4"
1157,1588,明神宗万历十六年,山东,无,东明县,无,《东明县志》,东明县：大饥，斗米二百余钱，人相食。疫气流行，人死过半。夏麦大熟，委弃在野，不尽收割。——康熙《东明县志》卷七灾祥,无,v3,1,"仅存在于：v3；缺少：v1,v2,v4"
1158,1588,明神宗万历十六年,山东,无,定陶县,无,《华北、东北近五百年旱涝史料》,定陶县：大饥，人相食，树皮草根殆尽。——《华北、东北近五百年旱涝史料》第三分册，第78页。,无,v3,1,"仅存在于：v3；缺少：v1,v2,v4"
1159,1588,明神宗万历十六年,山东,无,成武县,无,《华北、东北近五百年旱涝史料》,成武县：大饥，人相食。——《华北、东北近五百年旱涝史料》第三分册，第78页。,无,v3,1,"仅存在于：v3；缺少：v1,v2,v4"
1160,1588,明神宗万历十六年,山东,无,泰安县,无,《泰安县志》,泰安县：十六、十七年州屡饥，斗钱三钱，贫民取饿殍肉食之，群盗蜂起。——乾隆四十七年《泰安县志》卷十四祥异,无,v3,1,"仅存在于：v3；缺少：v1,v2,v4"
1161,1588,明神宗万历十六年,山东,无,莱芜市,无,《莱芜县志》,莱芜市：饥，人相食。——光绪《莱芜县志》卷二灾祥,无,v3,1,"仅存在于：v3；缺少：v1,v2,v4"
1162,1588,明神宗万历十六年,山东,无,菏泽市,无,《菏泽县志》,菏泽市：岁大饥，人食榆皮、草根既尽，遂相食，至父子、夫妻不相顾，且瘟疫盛行，饿及病死者大半，至有全家尽死者。——光绪《菏泽县志》卷十九灾祥,无,v3,1,"仅存在于：v3；缺少：v1,v2,v4"
1163,1588,明神宗万历十六年,山东,泰安市,泰安县,无,《泰安县志》,泰安县：十六、十七年州屡饥，斗钱三钱，贫民取饿殍肉食之，群盗蜂起。——乾隆四十七年《泰安县志》卷十四祥异,无,"v1,v4",2,"仅存在于：v1,v4；缺少：v2,v3"
1164,1588,明神宗万历十六年,山东,莱芜市,无,无,《莱芜县志》,莱芜市：饥，人相食。——光绪《莱芜县志》卷二灾祥,无,v2,1,"仅存在于：v2；缺少：v1,v3,v4"
1165,1588,明神宗万历十六年,山东,莱芜市,莱芜市,无,《莱芜县志》,莱芜市：饥，人相食。——光绪《莱芜县志》卷二灾祥,无,"v1,v4",2,"仅存在于：v1,v4；缺少：v2,v3"
1166,1588,明神宗万历十六年,山东,菏泽市,无,无,《菏泽县志》,菏泽市：岁大饥，人食榆皮、草根既尽，遂相食，至父子、夫妻不相顾，且瘟疫盛行，饿及病死者大半，至有全家尽死者。——光绪《菏泽县志》卷十九灾祥,无,v2,1,"仅存在于：v2；缺少：v1,v3,v4"
1167,1588,明神宗万历十六年,山东,菏泽市,东明县,无,《东明县志》,东明县：大饥，斗米二百余钱，人相食。疫气流行，人死过半。夏麦大熟，委弃在野，不尽收割。——康熙《东明县志》卷七灾祥,无,"v1,v4",2,"仅存在于：v1,v4；缺少：v2,v3"
1168,1588,明神宗万历十六年,山东,菏泽市,定陶县,无,《华北、东北近五百年旱涝史料》,定陶县：大饥，人相食，树皮草根殆尽。——《华北、东北近五百年旱涝史料》第三分册，第78页。,无,"v1,v4",2,"仅存在于：v1,v4；缺少：v2,v3"
1169,1588,明神宗万历十六年,山东,菏泽市,成武县,无,《华北、东北近五百年旱涝史料》,成武县：大饥，人相食。——《华北、东北近五百年旱涝史料》第三分册，第78页。,无,"v1,v4",2,"仅存在于：v1,v4；缺少：v2,v3"
1170,1588,明神宗万历十六年,山东,菏泽市,菏泽市,无,《菏泽县志》,菏泽市：岁大饥，人食榆皮、草根既尽，遂相食，至父子、夫妻不相顾，且瘟疫盛行，饿及病死者大半，至有全家尽死者。——光绪《菏泽县志》卷十九灾祥,无,"v1,v4",2,"仅存在于：v1,v4；缺少：v2,v3"
1171,1588,明神宗万历十六年,江苏,无,无,无,《溧水县志》,溧水县：岁大饥，人相食。知县杜充继申请应天府丞许疏，准动帑银筑凤贤圩各埂，饥民赖之。——康熙《溧水县志》卷一邑纪,无,v2,1,"仅存在于：v2；缺少：v1,v3,v4"
1172,1588,明神宗万历十六年,江苏,无,南通县,无,《州乘资》,南通县：大旱，民饥，人相食。——弘光《州乘资》卷一欽祥,无,"v3,v4",2,"仅存在于：v3,v4；缺少：v1,v2"
1173,1588,明神宗万历十六年,江苏,无,徐州市,无,《徐州志》,徐州市：春大饥，人相食。夏大疫，死者相望。——顺治《徐州志》卷八灾祥,无,v3,1,"仅存在于：v3；缺少：v1,v2,v4"
1174,1588,明神宗万历十六年,江苏,无,淮安市,无,《华东地区近五百年气候历史资料》,淮安市：五月，民饥相食。——《华东地区近五百年气候历史资料》第二分册，第31页。,无,v3,1,"仅存在于：v3；缺少：v1,v2,v4"
1175,1588,明神宗万历十六年,江苏,无,溧水县,无,《溧水县志》,溧水县：岁大饥，人相食。知县杜充继申请应天府丞许疏，准动帑银筑凤贤圩各埂，饥民赖之。——康熙《溧水县志》卷一邑纪,无,"v3,v4",2,"仅存在于：v3,v4；缺少：v1,v2"
1176,1588,明神宗万历十六年,江苏,南京市,溧水县,无,《溧水县志》,溧水县：岁大饥，人相食。知县杜充继申请应天府丞许疏，准动帑银筑凤贤圩各埂，饥民赖之。——康熙《溧水县志》卷一邑纪,无,v1,1,"仅存在于：v1；缺少：v2,v3,v4"
1177,1588,明神宗万历十六年,江苏,南通市,南通县,无,《州乘资》,南通县：大旱，民饥，人相食。——弘光《州乘资》卷一欽祥,无,v1,1,"仅存在于：v1；缺少：v2,v3,v4"
1178,1588,明神宗万历十六年,江苏,徐州市,无,无,《徐州志》,徐州市：春大饥，人相食。夏大疫，死者相望。——顺治《徐州志》卷八灾祥,无,v2,1,"仅存在于：v2；缺少：v1,v3,v4"
1179,1588,明神宗万历十六年,江苏,徐州市,徐州市,无,《徐州志》,徐州市：春大饥，人相食。夏大疫，死者相望。——顺治《徐州志》卷八灾祥,无,"v1,v4",2,"仅存在于：v1,v4；缺少：v2,v3"
1180,1588,明神宗万历十六年,江苏,淮安市,无,无,《华东地区近五百年气候历史资料》,淮安市：五月，民饥相食。——《华东地区近五百年气候历史资料》第二分册，第31页。,无,v2,1,"仅存在于：v2；缺少：v1,v3,v4"
1181,1588,明神宗万历十六年,江苏,淮安市,淮安市,无,《华东地区近五百年气候历史资料》,淮安市：五月，民饥相食。——《华东地区近五百年气候历史资料》第二分册，第31页。,无,"v1,v4",2,"仅存在于：v1,v4；缺少：v2,v3"
1182,1588,明神宗万历十六年,河南,无,无,无,《修武县志》,修武县：春，饥，民食树皮蒺藜等物殆尽，死者填塞道路，人或父子相食。夏，瘟疫大作，有一家全殒者，虽至亲不问吊。是岁属戊子，与嘉靖七年戊子合而尤甚。——康熙《修武县志》卷四祥异,无,v2,1,"仅存在于：v2；缺少：v1,v3,v4"
1183,1588,明神宗万历十六年,河南,无,中牟县,无,《中牟县志》,中牟县：大饥，父子相食。疫死。——天启《中牟县志》卷二物异,无,v3,1,"仅存在于：v3；缺少：v1,v2,v4"
1184,1588,明神宗万历十六年,河南,无,临汝县,无,《汝州全志》,临汝县：春，阖郡大饥，人相食。——道光《汝州全志》卷九灾祥,无,v3,1,"仅存在于：v3；缺少：v1,v2,v4"
1185,1588,明神宗万历十六年,河南,无,修武县,无,《修武县志》,修武县：春，饥，民食树皮蒺藜等物殆尽，死者填塞道路，人或父子相食。夏，瘟疫大作，有一家全殒者，虽至亲不问吊。是岁属戊子，与嘉靖七年戊子合而尤甚。——康熙《修武县志》卷四祥异,无,v3,1,"仅存在于：v3；缺少：v1,v2,v4"
1186,1588,明神宗万历十六年,河南,无,原阳县,原武县,《原武县志》,原阳县：春大饥，斗米二百钱，人相食，甚至骨肉相残。瘟疫大作，死者枕藉道路。——万历《原武县志》卷上祥异,原文为原武县,v3,1,"仅存在于：v3；缺少：v1,v2,v4"
1187,1588,明神宗万历十六年,河南,无,孟县,无,《孟县志》,孟县：大饥，人相食，瘟疫，死者枕藉道路。——康熙《孟县志》卷七灾祥,无,v3,1,"仅存在于：v3；缺少：v1,v2,v4"
1188,1588,明神宗万历十六年,河南,无,密县,无,《密县志》,密县：大饥，人相食。——顺治九年《密县志》卷七祥异,无,v3,1,"仅存在于：v3；缺少：v1,v2,v4"
1189,1588,明神宗万历十六年,河南,无,新乡县,无,《新乡县续志》,新乡县：荒，人相食。大疫，死者枕藉，至不能殓，填弃沟壑。——康熙《新乡县续志》卷二灾异,无,v3,1,"仅存在于：v3；缺少：v1,v2,v4"
1190,1588,明神宗万历十六年,河南,无,新郑县,无,《新郑县志》,新郑县：大饥，人相食。——顺治《新郑县志》卷五祥异,无,v3,1,"仅存在于：v3；缺少：v1,v2,v4"
1191,1588,明神宗万历十六年,河南,无,杞县,无,《杞乘》,杞县：春，大饥，人相食。夏四月，寒甚，数多风霾，昼常晦。是年，大疫，自春徂秋死者万余人。——万历《杞乘》卷二今总纪,无,v3,1,"仅存在于：v3；缺少：v1,v2,v4"
1192,1588,明神宗万历十六年,河南,无,武涉县,无,《武涉县志》,武涉县：春大饥，人相食，斗米千钱。瘟疫大作，死者枕藉道路。——康熙《武涉县志》卷一灾祥,无,v3,1,"仅存在于：v3；缺少：v1,v2,v4"
1193,1588,明神宗万历十六年,河南,无,沁阳县,河内县,《河内县志》,沁阳县：大疫，大饥，死者枕藉，城野人相食。——万历《河内县志》卷一灾祥,原文为河内县,v3,1,"仅存在于：v3；缺少：v1,v2,v4"
1194,1588,明神宗万历十六年,河南,无,济源县,无,《济源县志》,济源县：大饥，大疫，人相食。——乾隆《济源县志》卷一样异,无,v3,1,"仅存在于：v3；缺少：v1,v2,v4"
1195,1588,明神宗万历十六年,河南,无,浚县,无,《浚县志》,浚县：大饥，人相食。——康熙《浚县志》卷一样异,无,v3,1,"仅存在于：v3；缺少：v1,v2,v4"
1196,1588,明神宗万历十六年,河南,无,淇县,无,《淇县志》,淇县：春大疫，人相食。——顺治《淇县志》卷十灾祥,无,v3,1,"仅存在于：v3；缺少：v1,v2,v4"
1197,1588,明神宗万历十六年,河南,无,禹县,禹州,《禹州志》,禹县：春大饥，人相食。夏大疫，死者甚众。——顺治《禹州志》卷九工作机制,原文为禹州,v3,1,"仅存在于：v3；缺少：v1,v2,v4"
1198,1588,明神宗万历十六年,河南,无,荥阳县,无,《荥阳县志》,荥阳县：大饥，疫。人相食，白骨满路。——顺治《荥阳县志》卷七灾祥,无,v3,1,"仅存在于：v3；缺少：v1,v2,v4"
1199,1588,明神宗万历十六年,河南,无,获嘉县,无,《获嘉县志》,获嘉县：春旱大饥，疫起，死者枕藉，饥民相食。——万历《获嘉县志》卷十杂志,无,v3,1,"仅存在于：v3；缺少：v1,v2,v4"
1200,1588,明神宗万历十六年,河南,无,郏县,无,《郏县志》,郏县：大饥，人至相食。——顺治《郏县志》卷一灾祥,无,v3,1,"仅存在于：v3；缺少：v1,v2,v4"
1201,1588,明神宗万历十六年,河南,无,郑州市,无,《郑州志》,郑州市：瘟疫大作，民死几半，人相食。——康熙《郑州志》卷一灾祥,无,v3,1,"仅存在于：v3；缺少：v1,v2,v4"
1202,1588,明神宗万历十六年,河南,无,鄢城县,无,《鄢城县志》,鄢城县：春大饥，人相食。夏大疫，死者过半。——顺治《鄢城县志》卷八祥异,无,v3,1,"仅存在于：v3；缺少：v1,v2,v4"
1203,1588,明神宗万历十六年,河南,无,鄢陵县,无,《鄢陵文献志》,鄢陵县：大饥，人相食，病瘟死伤尤众。——同治《鄢陵文献志》卷二十三祥异,无,v3,1,"仅存在于：v3；缺少：v1,v2,v4"
1204,1588,明神宗万历十六年,河南,平顶山市,临汝县,无,《汝州全志》,临汝县：春，阖郡大饥，人相食。——道光《汝州全志》卷九灾祥,无,"v1,v4",2,"仅存在于：v1,v4；缺少：v2,v3"
1205,1588,明神宗万历十六年,河南,平顶山市,郏县,无,《郏县志》,郏县：大饥，人至相食。——顺治《郏县志》卷一灾祥,无,"v1,v4",2,"仅存在于：v1,v4；缺少：v2,v3"
1206,1588,明神宗万历十六年,河南,开封市,杞县,无,《杞乘》,杞县：春，大饥，人相食。夏四月，寒甚，数多风霾，昼常晦。是年，大疫，自春徂秋死者万余人。——万历《杞乘》卷二今总纪,无,"v1,v4",2,"仅存在于：v1,v4；缺少：v2,v3"
1207,1588,明神宗万历十六年,河南,新乡市,原阳县,无,《原武县志》,原阳县：春大饥，斗米二百钱，人相食，甚至骨肉相残。瘟疫大作，死者枕藉道路。——万历《原武县志》卷上祥异,无,"v1,v4",2,"仅存在于：v1,v4；缺少：v2,v3"
1208,1588,明神宗万历十六年,河南,新乡市,新乡县,无,《新乡县续志》,新乡县：荒，人相食。大疫，死者枕藉，至不能殓，填弃沟壑。——康熙《新乡县续志》卷二灾异,无,"v1,v4",2,"仅存在于：v1,v4；缺少：v2,v3"
1209,1588,明神宗万历十六年,河南,新乡市,获嘉县,无,《获嘉县志》,获嘉县：春旱大饥，疫起，死者枕藉，饥民相食。——万历《获嘉县志》卷十杂志,无,"v1,v4",2,"仅存在于：v1,v4；缺少：v2,v3"
1210,1588,明神宗万历十六年,河南,济源市,济源县,无,《济源县志》,济源县：大饥，大疫，人相食。——乾隆《济源县志》卷一样异,无,v4,1,"仅存在于：v4；缺少：v1,v2,v3"
1211,1588,明神宗万历十六年,河南,漯河市,鄢城县,无,《鄢城县志》,鄢城县：春大饥，人相食。夏大疫，死者过半。——顺治《鄢城县志》卷八祥异,无,"v1,v4",2,"仅存在于：v1,v4；缺少：v2,v3"
1212,1588,明神宗万历十六年,河南,焦作市,修武县,无,《修武县志》,修武县：春，饥，民食树皮蒺藜等物殆尽，死者填塞道路，人或父子相食。夏，瘟疫大作，有一家全殒者，虽至亲不问吊。是岁属戊子，与嘉靖七年戊子合而尤甚。——康熙《修武县志》卷四祥异,无,"v1,v4",2,"仅存在于：v1,v4；缺少：v2,v3"
1213,1588,明神宗万历十六年,河南,焦作市,孟县,无,《孟县志》,孟县：大饥，人相食，瘟疫，死者枕藉道路。——康熙《孟县志》卷七灾祥,无,"v1,v4",2,"仅存在于：v1,v4；缺少：v2,v3"
1214,1588,明神宗万历十六年,河南,焦作市,武涉县,无,《武涉县志》,武涉县：春大饥，人相食，斗米千钱。瘟疫大作，死者枕藉道路。——康熙《武涉县志》卷一灾祥,无,v1,1,"仅存在于：v1；缺少：v2,v3,v4"
1215,1588,明神宗万历十六年,河南,焦作市,武陟县,无,《武陟县志》,武陟县：春大饥，人相食，斗米千钱。瘟疫大作，死者枕藉道路。——康熙《武陟县志》卷一灾祥,无,v4,1,"仅存在于：v4；缺少：v1,v2,v3"
1216,1588,明神宗万历十六年,河南,焦作市,沁阳县,无,《河内县志》,沁阳县：大疫，大饥，死者枕藉，城野人相食。——万历《河内县志》卷一灾祥,无,"v1,v4",2,"仅存在于：v1,v4；缺少：v2,v3"
1217,1588,明神宗万历十六年,河南,焦作市,济源县,无,《济源县志》,济源县：大饥，大疫，人相食。——乾隆《济源县志》卷一样异,无,v1,1,"仅存在于：v1；缺少：v2,v3,v4"
1218,1588,明神宗万历十六年,河南,许昌市,禹县,无,《禹州志》,禹县：春大饥，人相食。夏大疫，死者甚众。——顺治《禹州志》卷九工作机制,无,"v1,v4",2,"仅存在于：v1,v4；缺少：v2,v3"
1219,1588,明神宗万历十六年,河南,许昌市,鄢陵县,无,《鄢陵文献志》,鄢陵县：大饥，人相食，病瘟死伤尤众。——同治《鄢陵文献志》卷二十三祥异,无,"v1,v4",2,"仅存在于：v1,v4；缺少：v2,v3"
1220,1588,明神宗万历十六年,河南,郑州市,无,无,《郑州志》,郑州市：瘟疫大作，民死几半，人相食。——康熙《郑州志》卷一灾祥,无,v2,1,"仅存在于：v2；缺少：v1,v3,v4"
1221,1588,明神宗万历十六年,河南,郑州市,中牟县,无,《中牟县志》,中牟县：大饥，父子相食。疫死。——天启《中牟县志》卷二物异,无,"v1,v4",2,"仅存在于：v1,v4；缺少：v2,v3"
1222,1588,明神宗万历十六年,河南,郑州市,密县,无,《密县志》,密县：大饥，人相食。——顺治九年《密县志》卷七祥异,无,"v1,v4",2,"仅存在于：v1,v4；缺少：v2,v3"
1223,1588,明神宗万历十六年,河南,郑州市,新郑县,无,《新郑县志》,新郑县：大饥，人相食。——顺治《新郑县志》卷五祥异,无,"v1,v4",2,"仅存在于：v1,v4；缺少：v2,v3"
1224,1588,明神宗万历十六年,河南,郑州市,荥阳县,无,《荥阳县志》,荥阳县：大饥，疫。人相食，白骨满路。——顺治《荥阳县志》卷七灾祥,无,"v1,v4",2,"仅存在于：v1,v4；缺少：v2,v3"
1225,1588,明神宗万历十六年,河南,郑州市,郑州市,无,《郑州志》,郑州市：瘟疫大作，民死几半，人相食。——康熙《郑州志》卷一灾祥,无,"v1,v4",2,"仅存在于：v1,v4；缺少：v2,v3"
1226,1588,明神宗万历十六年,河南,鹤壁市,浚县,无,《浚县志》,浚县：大饥，人相食。——康熙《浚县志》卷一样异,无,"v1,v4",2,"仅存在于：v1,v4；缺少：v2,v3"
1227,1588,明神宗万历十六年,河南,鹤壁市,淇县,无,《淇县志》,淇县：春大疫，人相食。——顺治《淇县志》卷十灾祥,无,"v1,v4",2,"仅存在于：v1,v4；缺少：v2,v3"
1228,1588,明神宗万历十六年,湖北,无,无,无,《罗田县志》,罗田县：旱，人相食。——康熙五十六年《罗田县志》卷一灾异,无,v2,1,"仅存在于：v2；缺少：v1,v3,v4"
1229,1588,明神宗万历十六年,湖北,无,罗田县,无,《罗田县志》,罗田县：旱，人相食。——康熙五十六年《罗田县志》卷一灾异,无,v3,1,"仅存在于：v3；缺少：v1,v2,v4"
1230,1588,明神宗万历十六年,湖北,黄冈市,罗田县,无,《罗田县志》,罗田县：旱，人相食。——康熙五十六年《罗田县志》卷一灾异,无,"v1,v4",2,"仅存在于：v1,v4；缺少：v2,v3"
1231,1588,明神宗万历十六年,甘肃,无,无,无,《甘肃新通志》转引《西北灾荒史》,庆阳、文县、庄浪、清水等处旱，饥，人相食，流亡过半。——《甘肃新通志》（宣统元年），转引自《西北灾荒史》第425页。,无,v2,1,"仅存在于：v2；缺少：v1,v3,v4"
1232,1588,明神宗万历十六年,甘肃,无,庄浪,无,《甘肃新通志》转引《西北灾荒史》,庆阳、文县、庄浪、清水等处旱，饥，人相食，流亡过半。——《甘肃新通志》（宣统元年），转引自《西北灾荒史》第425页。,无,"v3,v4",2,"仅存在于：v3,v4；缺少：v1,v2"
1233,1588,明神宗万历十六年,甘肃,无,庆阳,无,《甘肃新通志》,庆阳、文县、庄浪、清水等处旱，饥，人相食，流亡过半。——《甘肃新通志》（宣统元年），转引自《西北灾荒史》第425页。,转引自《西北灾荒史》,"v1,v3,v4",3,"仅存在于：v1,v3,v4；缺少：v2"
1234,1588,明神宗万历十六年,甘肃,无,文县,无,《甘肃新通志》转引《西北灾荒史》,庆阳、文县、庄浪、清水等处旱，饥，人相食，流亡过半。——《甘肃新通志》（宣统元年），转引自《西北灾荒史》第425页。,无,"v3,v4",2,"仅存在于：v3,v4；缺少：v1,v2"
1235,1588,明神宗万历十六年,甘肃,无,清水,无,《甘肃新通志》转引《西北灾荒史》,庆阳、文县、庄浪、清水等处旱，饥，人相食，流亡过半。——《甘肃新通志》（宣统元年），转引自《西北灾荒史》第425页。,无,"v3,v4",2,"仅存在于：v3,v4；缺少：v1,v2"
1236,1589,明神宗万历十七年,安徽,无,无,无,《庐州府志》,合肥市：府属大旱，饥，升米百钱，人相食。——康熙三十五年《庐州府志》卷三祥异,无,v1,1,"仅存在于：v1；缺少：v2,v3,v4"
1237,1589,明神宗万历十七年,安徽,无,六安县,无,《重修六安州志》,六安县：大饥，人相食。——康熙《重修六安州志》卷十祥异,无,v1,1,"仅存在于：v1；缺少：v2,v3,v4"
1238,1589,明神宗万历十七年,安徽,六安市,无,无,《重修六安州志》,六安县：大饥，人相食。——康熙《重修六安州志》卷十祥异,无,v4,1,"仅存在于：v4；缺少：v1,v2,v3"
1239,1589,明神宗万历十七年,安徽,六安市,六安县,无,《重修六安州志》,六安县：大饥，人相食。——康熙《重修六安州志》卷十祥异,无,v2,1,"仅存在于：v2；缺少：v1,v3,v4"
1240,1589,明神宗万历十七年,安徽,六安市,六安市,无,《重修六安州志》,六安县：大饥，人相食。——康熙《重修六安州志》卷十祥异,无,v3,1,"仅存在于：v3；缺少：v1,v2,v4"
1241,1589,明神宗万历十七年,安徽,合肥市,无,无,《庐州府志》,合肥市：府属大旱，饥，升米百钱，人相食。——康熙三十五年《庐州府志》卷三祥异,无,"v2,v4",2,"仅存在于：v2,v4；缺少：v1,v3"
1242,1589,明神宗万历十七年,安徽,合肥市,合肥市,无,《庐州府志》,合肥市：府属大旱，饥，升米百钱，人相食。——康熙三十五年《庐州府志》卷三祥异,无,v3,1,"仅存在于：v3；缺少：v1,v2,v4"
1243,1589,明神宗万历十七年,山东,泰安市,无,无,《泰安县志》,泰安市：州屡饥，斗米三钱，贫民取饿殍肉食之，群盗蜂起。——乾隆四十七年《泰安县志》卷十四祥异,原文为'贫民取饿殍肉食之'，属于食人行为,v1,1,"仅存在于：v1；缺少：v2,v3,v4"
1244,1589,明神宗万历十七年,山东,泰安市,泰安,无,《泰安县志》,泰安市：州屡饥，斗米三钱，贫民取饿殍肉食之，群盗蜂起。——乾隆四十七年《泰安县志》卷十四祥异,无,v4,1,"仅存在于：v4；缺少：v1,v2,v3"
1245,1589,明神宗万历十七年,山东,泰安市,泰安市,无,《泰安县志》,泰安市：州屡饥，斗米三钱，贫民取饿殍肉食之，群盗蜂起。——乾隆四十七年《泰安县志》卷十四祥异,无,v3,1,"仅存在于：v3；缺少：v1,v2,v4"
1246,1589,明神宗万历十七年,河南,无,光山县,无,《光山县志》,光山县：旱，斗米三钱。人相食。——顺治《光山县志》卷十二灾祥,无,v1,1,"仅存在于：v1；缺少：v2,v3,v4"
1247,1589,明神宗万历十七年,河南,无,息县,无,《息县志》,息县：大旱，饥。自春至秋不雨，人相食。——顺治《息县志》卷十灾异,无,v1,1,"仅存在于：v1；缺少：v2,v3,v4"
1248,1589,明神宗万历十七年,河南,光山县,无,无,《光山县志》,光山县：旱，斗米三钱。人相食。——顺治《光山县志》卷十二灾祥,无,v4,1,"仅存在于：v4；缺少：v1,v2,v3"
1249,1589,明神宗万历十七年,河南,光山县,光山县,无,《光山县志》,光山县：旱，斗米三钱。人相食。——顺治《光山县志》卷十二灾祥,无,"v2,v3",2,"仅存在于：v2,v3；缺少：v1,v4"
1250,1589,明神宗万历十七年,河南,息县,无,无,《息县志》,息县：大旱，饥。自春至秋不雨，人相食。——顺治《息县志》卷十灾异,无,v4,1,"仅存在于：v4；缺少：v1,v2,v3"
1251,1589,明神宗万历十七年,河南,息县,息县,无,《息县志》,息县：大旱，饥。自春至秋不雨，人相食。——顺治《息县志》卷十灾异,无,"v2,v3",2,"仅存在于：v2,v3；缺少：v1,v4"
1252,1589,明神宗万历十七年,湖北,无,无,武昌县,《武昌县志》,鄂州市：大旱，人相食。——康熙《武昌县志》卷七灾异,无,v1,1,"仅存在于：v1；缺少：v2,v3,v4"
1253,1589,明神宗万历十七年,湖北,无,汉川县,无,《汉川县志》,汉川县：大旱，饥，人相食。——乾隆《汉川县志》祥禄,无,v1,1,"仅存在于：v1；缺少：v2,v3,v4"
1254,1589,明神宗万历十七年,湖北,汉川县,无,无,《汉川县志》,汉川县：大旱，饥，人相食。——乾隆《汉川县志》祥禄,无,v4,1,"仅存在于：v4；缺少：v1,v2,v3"
1255,1589,明神宗万历十七年,湖北,汉川县,汉川县,无,《汉川县志》,汉川县：大旱，饥，人相食。——乾隆《汉川县志》祥禄,无,"v2,v3",2,"仅存在于：v2,v3；缺少：v1,v4"
1256,1589,明神宗万历十七年,湖北,鄂州市,无,无,《武昌县志》,鄂州市：大旱，人相食。——康熙《武昌县志》卷七灾异,无,"v2,v4",2,"仅存在于：v2,v4；缺少：v1,v3"
1257,1589,明神宗万历十七年,湖北,鄂州市,鄂州市,无,《武昌县志》,鄂州市：大旱，人相食。——康熙《武昌县志》卷七灾异,无,v3,1,"仅存在于：v3；缺少：v1,v2,v4"
1258,1590,明神宗万历十八年,湖北,无,黄冈县,无,《黄冈县志》,湖北：黄冈县：夏四月，雨雹如砖。大疫，人相食。——万历《黄冈县志》卷十灾祥,无,"v1,v2,v3,v4",4,
1259,1591,明神宗万历十九年,河南,无,罗山县,无,《华北、东北近五百年旱涝史料》,河南：罗山县：旱大饥，人相食。——《华北、东北近五百年旱涝史料》第四分册，第81页,无,"v1,v2,v3,v4",4,
1260,1591,明神宗万历十九年,甘肃,无,庆阳县,无,《新修庆阳府志》,甘肃：庆阳县：大饥，人相食。——乾隆《新修庆阳府志》卷三十七祥眚,无,"v1,v2,v3,v4",4,
1261,1591,明神宗万历十九年,甘肃,无,正宁县,无,《正宁县志》,甘肃：正宁县：大饥，人相食。——乾隆《正宁县志》卷十三祥眚,无,"v1,v2,v3,v4",4,
1262,1592,明神宗万历二十年,安徽,无,徐州,徐州,《萧县志》,萧县等：徐、萧大饥，人相食，疫复盛行，死者载道。——嘉庆《萧县志》卷十八祥异,徐州为推测，原文为'徐',v3,1,"仅存在于：v3；缺少：v1,v2,v4"
1263,1592,明神宗万历二十年,安徽,无,萧县,无,《萧县志》,萧县等：徐、萧大饥，人相食，疫复盛行，死者载道。——嘉庆《萧县志》卷十八祥异,原文为'萧县等：徐、萧大饥'，多县不拆分，提取萧县,"v1,v2,v3,v4",4,
1264,1592,明神宗万历二十年,安徽,徐州,徐州,无,《萧县志》,萧县等：徐、萧大饥，人相食，疫复盛行，死者载道。——嘉庆《萧县志》卷十八祥异,无,v2,1,"仅存在于：v2；缺少：v1,v3,v4"
1265,1592,明神宗万历二十年,河南,无,西平县,无,《西平县志》,西平县：大祲，民相残食。——民国《西平县志》卷十二编年,无,"v1,v2,v3,v4",4,
1266,1593,明神宗万历二十一年,安徽,无,萧县,无,《萧县志》,萧县：大饥，人相食，瘟疫盛行，死者载道。——顺治《萧县志》卷五灾祥,无,"v1,v2,v4",3,"仅存在于：v1,v2,v4；缺少：v3"
1267,1593,明神宗万历二十一年,安徽,宿州市,萧县,无,《萧县志》,萧县：大饥，人相食，瘟疫盛行，死者载道。——顺治《萧县志》卷五灾祥,无,v3,1,"仅存在于：v3；缺少：v1,v2,v4"
1268,1593,明神宗万历二十一年,山东,无,费县,无,《费县志》,费县：夏，霾雨四十余日，所在淹没，高地亦涝而无收。至次年春，食榆皮，人相食。——康熙二十八年《费县志》卷五灾异,无,"v1,v2,v4",3,"仅存在于：v1,v2,v4；缺少：v3"
1269,1593,明神宗万历二十一年,山东,无,鱼台县,无,《鱼台县志》,鱼台县：冬饥，至二十二春大饥，人相食。——乾隆《鱼台县志》卷三灾祥,无,"v1,v2,v4",3,"仅存在于：v1,v2,v4；缺少：v3"
1270,1593,明神宗万历二十一年,山东,临沂市,费县,无,《费县志》,费县：夏，霾雨四十余日，所在淹没，高地亦涝而无收。至次年春，食榆皮，人相食。——康熙二十八年《费县志》卷五灾异,无,v3,1,"仅存在于：v3；缺少：v1,v2,v4"
1271,1593,明神宗万历二十一年,山东,济宁市,鱼台县,无,《鱼台县志》,鱼台县：冬饥，至二十二春大饥，人相食。——乾隆《鱼台县志》卷三灾祥,无,v3,1,"仅存在于：v3；缺少：v1,v2,v4"
1272,1593,明神宗万历二十一年,江苏,无,睢宁县,无,《睢宁县旧志》,睢宁县：岁大歉，谷涌贵，人相食。——康熙《睢宁县旧志》卷九灾祥,无,"v1,v2,v3,v4",4,
1273,1593,明神宗万历二十一年,江苏,徐州市,无,无,《徐州志》,徐州市：大饥，人相食，病疫盛行，死者充道。督扰请留南粮赈之。——顺治《徐州志》卷八灾祥,无,"v1,v3,v4",3,"仅存在于：v1,v3,v4；缺少：v2"
1274,1593,明神宗万历二十一年,江苏,徐州市,徐州市,无,《徐州志》,徐州市：大饥，人相食，病疫盛行，死者充道。督扰请留南粮赈之。——顺治《徐州志》卷八灾祥,无,v2,1,"仅存在于：v2；缺少：v1,v3,v4"
1275,1593,明神宗万历二十一年,河南,无,临颍县,无,《临颍县续志》,临颍县：大饥，人相食。——乾隆《临颍县续志》卷七灾祥,无,"v1,v2,v4",3,"仅存在于：v1,v2,v4；缺少：v3"
1276,1593,明神宗万历二十一年,河南,无,内乡县,无,《内乡县志》,内乡县：四月雨，至七月方止。六月尚未收麦。是年冬大饥，人相食。——康熙五十一年《内乡县志》卷八灾祥,无,"v1,v2,v4",3,"仅存在于：v1,v2,v4；缺少：v3"
1277,1593,明神宗万历二十一年,河南,无,宝丰县,无,《宝丰县志》,宝丰县：自夏至秋，霾雨害稼。次年春大饥，易子而食。——乾隆《宝丰县志》卷五灾祥,无,"v1,v2,v4",3,"仅存在于：v1,v2,v4；缺少：v3"
1278,1593,明神宗万历二十一年,河南,无,扶沟县,无,《扶沟县志》,扶沟县：五月，霾雨五十日。麦熟未刈，雨，平地水深三尺，尽为腐烂。秋复大水，遂大饥。民有骨肉相食者。——康熙三十八年《扶沟县志》卷四灾异,无,"v1,v2,v4",3,"仅存在于：v1,v2,v4；缺少：v3"
1279,1593,明神宗万历二十一年,河南,无,新郑县,无,《新郑县志》,新郑县：大饥，人相食。——顺治《新郑县志》卷五祥异,无,"v1,v2,v4",3,"仅存在于：v1,v2,v4；缺少：v3"
1280,1593,明神宗万历二十一年,河南,无,正阳县,无,《真阳县志》,正阳县：蝗，人相食。——康熙《真阳县志》卷八灾祥,无,"v1,v2,v4",3,"仅存在于：v1,v2,v4；缺少：v3"
1281,1593,明神宗万历二十一年,河南,无,浙川县,无,《浙川县志》,浙川县：霾雨，自四月朔日至七月止。六月，麦尚未获。冬大饥，人相食。——康熙《浙川县志》卷八灾祥,无,"v1,v2",2,"仅存在于：v1,v2；缺少：v3,v4"
1282,1593,明神宗万历二十一年,河南,无,淅川县,无,《淅川县志》,淅川县：霾雨，自四月朔日至七月止。六月，麦尚未获。冬大饥，人相食。——康熙《淅川县志》卷八灾祥,无,v4,1,"仅存在于：v4；缺少：v1,v2,v3"
1283,1593,明神宗万历二十一年,河南,无,罗山县,无,《罗山县志》,罗山县：旱，大饥，人相食。——乾隆《罗山县志》卷八灾祥,无,"v1,v2,v4",3,"仅存在于：v1,v2,v4；缺少：v3"
1284,1593,明神宗万历二十一年,河南,无,襄城县,无,《襄城县志》,襄城县：大饥，人相食。——万历《襄城县志》卷七灾异,无,"v1,v2,v4",3,"仅存在于：v1,v2,v4；缺少：v3"
1285,1593,明神宗万历二十一年,河南,无,西平县,无,《西平县志》,西平县：大雨两月，麦禾尽没，人民相食，饥殍载道。——康熙《西平县志》卷十外志,无,"v1,v2,v4",3,"仅存在于：v1,v2,v4；缺少：v3"
1286,1593,明神宗万历二十一年,河南,无,许昌县,无,《许州志》,许昌县：大饥，人相食。——康熙《许州志》卷九祥异,无,v2,1,"仅存在于：v2；缺少：v1,v3,v4"
1287,1593,明神宗万历二十一年,河南,无,邓县,无,《邓州志》,邓县：水荒，民相食。——顺治《邓州志》卷二郡记,无,"v1,v2,v4",3,"仅存在于：v1,v2,v4；缺少：v3"
1288,1593,明神宗万历二十一年,河南,无,郏县,无,《郏县志》,郏县：自夏至秋，霾雨害禾。次年春大饥，父子相食。——顺治《郏县志》卷一灾祥,无,"v1,v2,v4",3,"仅存在于：v1,v2,v4；缺少：v3"
1289,1593,明神宗万历二十一年,河南,无,项城县,无,《陈州府志》,项城县：四月初，霆雨淋漓，抵八月方己四野弥漫，舟航遍地。夏麦漂没，秋种不得播，民间室庐冲圮，米珠薪桂，比户嗷嗷。始犹食鱼虾，继则食树皮，哺草根，复乃同类相残，道殛绝无完肤，毙骸枕藉，白骨累累，诚人间未有之矣。——乾隆《陈州府志》卷三十杂志,无,"v1,v2,v4",3,"仅存在于：v1,v2,v4；缺少：v3"
1290,1593,明神宗万历二十一年,河南,无,鲁山县,无,《鲁山县全志》,鲁山县：大霖雨，四月至八月平地为渊，夏秋未登。民至父子相食，盗贼蜂起。——乾隆《鲁山县全志》卷九祥异,无,"v1,v2,v4",3,"仅存在于：v1,v2,v4；缺少：v3"
1291,1593,明神宗万历二十一年,河南,三门峡市,无,无,《陕州志》,三门峡市：大饥，人相食。——顺治《陕州志》卷七人物,无,"v1,v3,v4",3,"仅存在于：v1,v3,v4；缺少：v2"
1292,1593,明神宗万历二十一年,河南,三门峡市,三门峡市,无,《陕州志》,三门峡市：大饥，人相食。——顺治《陕州志》卷七人物,无,v2,1,"仅存在于：v2；缺少：v1,v3,v4"
1293,1593,明神宗万历二十一年,河南,信阳市,罗山县,无,《罗山县志》,罗山县：旱，大饥，人相食。——乾隆《罗山县志》卷八灾祥,无,v3,1,"仅存在于：v3；缺少：v1,v2,v4"
1294,1593,明神宗万历二十一年,河南,南阳市,内乡县,无,《内乡县志》,内乡县：四月雨，至七月方止。六月尚未收麦。是年冬大饥，人相食。——康熙五十一年《内乡县志》卷八灾祥,无,v3,1,"仅存在于：v3；缺少：v1,v2,v4"
1295,1593,明神宗万历二十一年,河南,南阳市,浙川县,无,《浙川县志》,浙川县：霾雨，自四月朔日至七月止。六月，麦尚未获。冬大饥，人相食。——康熙《浙川县志》卷八灾祥,无,v3,1,"仅存在于：v3；缺少：v1,v2,v4"
1296,1593,明神宗万历二十一年,河南,南阳市,邓县,无,《邓州志》,邓县：水荒，民相食。——顺治《邓州志》卷二郡记,无,v3,1,"仅存在于：v3；缺少：v1,v2,v4"
1297,1593,明神宗万历二十一年,河南,周口市,扶沟县,无,《扶沟县志》,扶沟县：五月，霾雨五十日。麦熟未刈，雨，平地水深三尺，尽为腐烂。秋复大水，遂大饥。民有骨肉相食者。——康熙三十八年《扶沟县志》卷四灾异,无,v3,1,"仅存在于：v3；缺少：v1,v2,v4"
1298,1593,明神宗万历二十一年,河南,周口市,项城县,无,《陈州府志》,项城县：四月初，霆雨淋漓，抵八月方己四野弥漫，舟航遍地。夏麦漂没，秋种不得播，民间室庐冲圮，米珠薪桂，比户嗷嗷。始犹食鱼虾，继则食树皮，哺草根，复乃同类相残，道殛绝无完肤，毙骸枕藉，白骨累累，诚人间未有之矣。——乾隆《陈州府志》卷三十杂志,无,v3,1,"仅存在于：v3；缺少：v1,v2,v4"
1299,1593,明神宗万历二十一年,河南,平顶山市,宝丰县,无,《宝丰县志》,宝丰县：自夏至秋，霾雨害稼。次年春大饥，易子而食。——乾隆《宝丰县志》卷五灾祥,无,v3,1,"仅存在于：v3；缺少：v1,v2,v4"
1300,1593,明神宗万历二十一年,河南,平顶山市,郏县,无,《郏县志》,郏县：自夏至秋，霾雨害禾。次年春大饥，父子相食。——顺治《郏县志》卷一灾祥,无,v3,1,"仅存在于：v3；缺少：v1,v2,v4"
1301,1593,明神宗万历二十一年,河南,平顶山市,鲁山县,无,《鲁山县全志》,鲁山县：大霖雨，四月至八月平地为渊，夏秋未登。民至父子相食，盗贼蜂起。——乾隆《鲁山县全志》卷九祥异,无,v3,1,"仅存在于：v3；缺少：v1,v2,v4"
1302,1593,明神宗万历二十一年,河南,漯河市,临颍县,无,《临颍县续志》,临颍县：大饥，人相食。——乾隆《临颍县续志》卷七灾祥,无,v3,1,"仅存在于：v3；缺少：v1,v2,v4"
1303,1593,明神宗万历二十一年,河南,许昌市,襄城县,无,《襄城县志》,襄城县：大饥，人相食。——万历《襄城县志》卷七灾异,无,v3,1,"仅存在于：v3；缺少：v1,v2,v4"
1304,1593,明神宗万历二十一年,河南,许昌市,许昌县,无,《许州志》,许昌县：大饥，人相食。——康熙《许州志》卷九祥异,无,"v1,v3,v4",3,"仅存在于：v1,v3,v4；缺少：v2"
1305,1593,明神宗万历二十一年,河南,郑州市,新郑县,无,《新郑县志》,新郑县：大饥，人相食。——顺治《新郑县志》卷五祥异,无,v3,1,"仅存在于：v3；缺少：v1,v2,v4"
1306,1593,明神宗万历二十一年,河南,驻马店市,正阳县,无,《真阳县志》,正阳县：蝗，人相食。——康熙《真阳县志》卷八灾祥,无,v3,1,"仅存在于：v3；缺少：v1,v2,v4"
1307,1593,明神宗万历二十一年,河南,驻马店市,西平县,无,《西平县志》,西平县：大雨两月，麦禾尽没，人民相食，饥殍载道。——康熙《西平县志》卷十外志,无,v3,1,"仅存在于：v3；缺少：v1,v2,v4"
1308,1594,明神宗万历二十二年,安徽,无,亳州,无,《亳州志》,亳州：舂饥，饿殍枕藉，人食人。——乾隆五年《亳州志》卷一灾祥,疑似OCR错误：原文为'舂饥'，可能为'春饥',v3,1,"仅存在于：v3；缺少：v1,v2,v4"
1309,1594,明神宗万历二十二年,安徽,无,太和县,无,《太和县志》,太和县：春饥，人相食。秋大熟。——民国《太和县志》卷十二灾祥,无,v3,1,"仅存在于：v3；缺少：v1,v2,v4"
1310,1594,明神宗万历二十二年,安徽,无,萧县,无,《徐州府志》,萧县：五月大雨，邳城陷水中。六月，邳州、宿迁溺死人无算。是年，徐、肖大饥，人相食。疫盛行，死者载道。——同治《徐州府志》卷二十五,无,v3,1,"仅存在于：v3；缺少：v1,v2,v4"
1311,1594,明神宗万历二十二年,安徽,无,阜阳县,无,《阜阳县志》,阜阳县：春，人相食，饿殍枕藉。冬，大荒。——乾隆《阜阳县志》卷一郡纪,无,v3,1,"仅存在于：v3；缺少：v1,v2,v4"
1312,1594,明神宗万历二十二年,安徽,无,霍邱县,无,《霍邱县志》,霍邱县：春大饥，人相食，饿殍枕藉。——康熙《霍邱县志》卷上灾祥,无,v3,1,"仅存在于：v3；缺少：v1,v2,v4"
1313,1594,明神宗万历二十二年,安徽,无,颍上县,无,《颍上县志》,颍上县：春大饥，米贵，斗百五十文，人相食，饿殍枕藉。城市惊盗，昼常戒严。夏秋大熟。本年扰安奏灾，发帑藏银并临清仓熟米煮粥行赈。——顺治《颍上县志》卷十一灾祥,无,v3,1,"仅存在于：v3；缺少：v1,v2,v4"
1314,1594,明神宗万历二十二年,安徽,亳州,亳州,无,《亳州志》,亳州：舂饥，饿殍枕藉，人食人。——乾隆五年《亳州志》卷一灾祥,无,v2,1,"仅存在于：v2；缺少：v1,v3,v4"
1315,1594,明神宗万历二十二年,安徽,亳州市,亳州,无,《亳州志》,亳州：舂饥，饿殍枕藉，人食人。——乾隆五年《亳州志》卷一灾祥,无,"v1,v4",2,"仅存在于：v1,v4；缺少：v2,v3"
1316,1594,明神宗万历二十二年,安徽,六安市,霍邱县,无,《霍邱县志》,霍邱县：春大饥，人相食，饿殍枕藉。——康熙《霍邱县志》卷上灾祥,无,v1,1,"仅存在于：v1；缺少：v2,v3,v4"
1317,1594,明神宗万历二十二年,安徽,宿州市,萧县,无,《徐州府志》,萧县：五月大雨，邳城陷水中。六月，邳州、宿迁溺死人无算。是年，徐、肖大饥，人相食。疫盛行，死者载道。——同治《徐州府志》卷二十五,无,"v1,v4",2,"仅存在于：v1,v4；缺少：v2,v3"
1318,1594,明神宗万历二十二年,安徽,徐州,萧县,无,《徐州府志》,萧县：五月大雨，邳城陷水中。六月，邳州、宿迁溺死人无算。是年，徐、肖大饥，人相食。疫盛行，死者载道。——同治《徐州府志》卷二十五,无,v2,1,"仅存在于：v2；缺少：v1,v3,v4"
1319,1594,明神宗万历二十二年,安徽,滁州市,盱眙县,无,《明实录》,盱眙县：…昨岁各省伤情；…及徐淮近河之地为尤甚，民间至有剥树皮屑革子而食，至又有割死尸，杀生人而食者。——《明实录》,原文可能有残缺，此为区域灾情记录,v4,1,"仅存在于：v4；缺少：v1,v2,v3"
1320,1594,明神宗万历二十二年,安徽,阜阳,太和县,无,《太和县志》,太和县：春饥，人相食。秋大熟。——民国《太和县志》卷十二灾祥,无,v2,1,"仅存在于：v2；缺少：v1,v3,v4"
1321,1594,明神宗万历二十二年,安徽,阜阳,阜阳县,无,《阜阳县志》,阜阳县：春，人相食，饿殍枕藉。冬，大荒。——乾隆《阜阳县志》卷一郡纪,无,v2,1,"仅存在于：v2；缺少：v1,v3,v4"
1322,1594,明神宗万历二十二年,安徽,阜阳,霍邱县,无,《霍邱县志》,霍邱县：春大饥，人相食，饿殍枕藉。——康熙《霍邱县志》卷上灾祥,无,v2,1,"仅存在于：v2；缺少：v1,v3,v4"
1323,1594,明神宗万历二十二年,安徽,阜阳,颍上县,无,《颍上县志》,颍上县：春大饥，米贵，斗百五十文，人相食，饿殍枕藉。城市惊盗，昼常戒严。夏秋大熟。本年扰安奏灾，发帑藏银并临清仓熟米煮粥行赈。——顺治《颍上县志》卷十一灾祥,无,v2,1,"仅存在于：v2；缺少：v1,v3,v4"
1324,1594,明神宗万历二十二年,安徽,阜阳市,太和县,无,《太和县志》,太和县：春饥，人相食。秋大熟。——民国《太和县志》卷十二灾祥,无,"v1,v4",2,"仅存在于：v1,v4；缺少：v2,v3"
1325,1594,明神宗万历二十二年,安徽,阜阳市,阜阳县,无,《阜阳县志》,阜阳县：春，人相食，饿殍枕藉。冬，大荒。——乾隆《阜阳县志》卷一郡纪,无,"v1,v4",2,"仅存在于：v1,v4；缺少：v2,v3"
1326,1594,明神宗万历二十二年,安徽,阜阳市,霍邱县,无,《霍邱县志》,霍邱县：春大饥，人相食，饿殍枕藉。——康熙《霍邱县志》卷上灾祥,无,v4,1,"仅存在于：v4；缺少：v1,v2,v3"
1327,1594,明神宗万历二十二年,安徽,阜阳市,颍上县,无,《颍上县志》,颍上县：春大饥，米贵，斗百五十文，人相食，饿殍枕藉。城市惊盗，昼常戒严。夏秋大熟。本年扰安奏灾，发帑藏银并临清仓熟米煮粥行赈。——顺治《颍上县志》卷十一灾祥,无,"v1,v4",2,"仅存在于：v1,v4；缺少：v2,v3"
1328,1594,明神宗万历二十二年,山东,无,即墨县,无,《即墨县志》,即墨县：大饥，人相食。——乾隆《即墨县志》卷十一灾祥,无,v3,1,"仅存在于：v3；缺少：v1,v2,v4"
1329,1594,明神宗万历二十二年,山东,无,平度县,无,《重修平度州志》,平度县：大饥，人相食。——道光《重修平度州志》卷二十六大事,无,v3,1,"仅存在于：v3；缺少：v1,v2,v4"
1330,1594,明神宗万历二十二年,山东,无,费县,无,《费县志》,费县：春大饥，人相食。——光绪《费县志》卷十六祥异,无,v3,1,"仅存在于：v3；缺少：v1,v2,v4"
1331,1594,明神宗万历二十二年,山东,临沂,费县,无,《费县志》,费县：春大饥，人相食。——光绪《费县志》卷十六祥异,无,v2,1,"仅存在于：v2；缺少：v1,v3,v4"
1332,1594,明神宗万历二十二年,山东,临沂市,费县,无,《费县志》,费县：春大饥，人相食。——光绪《费县志》卷十六祥异,无,"v1,v4",2,"仅存在于：v1,v4；缺少：v2,v3"
1333,1594,明神宗万历二十二年,山东,潍坊市,潍县,无,《潍县志稿》,潍坊市：大饥，人相食。——民国《潍县志稿》卷二通纪,无,"v2,v4",2,"仅存在于：v2,v4；缺少：v1,v3"
1334,1594,明神宗万历二十二年,山东,潍坊市,潍坊市,无,《潍县志稿》,潍坊市：大饥，人相食。——民国《潍县志稿》卷二通纪,无,"v1,v3",2,"仅存在于：v1,v3；缺少：v2,v4"
1335,1594,明神宗万历二十二年,山东,青岛,即墨县,无,《即墨县志》,即墨县：大饥，人相食。——乾隆《即墨县志》卷十一灾祥,无,v2,1,"仅存在于：v2；缺少：v1,v3,v4"
1336,1594,明神宗万历二十二年,山东,青岛,平度县,无,《重修平度州志》,平度县：大饥，人相食。——道光《重修平度州志》卷二十六大事,无,v2,1,"仅存在于：v2；缺少：v1,v3,v4"
1337,1594,明神宗万历二十二年,山东,青岛市,即墨县,无,《即墨县志》,即墨县：大饥，人相食。——乾隆《即墨县志》卷十一灾祥,无,"v1,v4",2,"仅存在于：v1,v4；缺少：v2,v3"
1338,1594,明神宗万历二十二年,山东,青岛市,平度县,无,《重修平度州志》,平度县：大饥，人相食。——道光《重修平度州志》卷二十六大事,无,"v1,v4",2,"仅存在于：v1,v4；缺少：v2,v3"
1339,1594,明神宗万历二十二年,江苏,无,盱眙县,无,《明实录》,盱眙县：…昨岁各省伤情；…及徐淮近河之地为尤甚，民间至有剥树皮屑革子而食，至又有割死尸，杀生人而食者。——《明实录》,无,v3,1,"仅存在于：v3；缺少：v1,v2,v4"
1340,1594,明神宗万历二十二年,江苏,徐州,徐州市,无,《徐州府志》,徐州市：五月大雨，邳城陷水中。六月，邳州、宿迁溺死人无算。是年，徐、肖大饥，人相食。疫盛行，死者载道。沛、丰亦苦霖雨凡三月，人有食草木皮者。——同治《徐州府志》卷二十五,无,v2,1,"仅存在于：v2；缺少：v1,v3,v4"
1341,1594,明神宗万历二十二年,江苏,徐州市,徐州市,无,《徐州府志》,徐州市：五月大雨，邳城陷水中。六月，邳州、宿迁溺死人无算。是年，徐、肖大饥，人相食。疫盛行，死者载道。沛、丰亦苦霖雨凡三月，人有食草木皮者。——同治《徐州府志》卷二十五,无,"v1,v3,v4",3,"仅存在于：v1,v3,v4；缺少：v2"
1342,1594,明神宗万历二十二年,江苏,淮安市,盱眙县,无,《明实录》,盱眙县：…昨岁各省伤情；…及徐淮近河之地为尤甚，民间至有剥树皮屑革子而食，至又有割死尸，杀生人而食者。——《明实录》,无,v1,1,"仅存在于：v1；缺少：v2,v3,v4"
1343,1594,明神宗万历二十二年,江苏,盱眙,盱眙县,无,《明实录》,盱眙县：…昨岁各省伤情；…及徐淮近河之地为尤甚，民间至有剥树皮屑革子而食，至又有割死尸，杀生人而食者。——《明实录》,无,v2,1,"仅存在于：v2；缺少：v1,v3,v4"
1344,1594,明神宗万历二十二年,河南,无,上蔡县,无,《上蔡县志》,上蔡县：春，人相食。有司疏闻，发帑金遣官赈济。始食树皮，继食道瘞，甚至父子兄弟夫妇相食，遂以人肉市者。是夏大疫。——康熙《上蔡县志》卷十二编年,无,v3,1,"仅存在于：v3；缺少：v1,v2,v4"
1345,1594,明神宗万历二十二年,河南,无,息县,无,《息县志》,息县：春大饥。夏旱，大疫。斗米二钱，人相食，至以人肉市。遣官振济。——顺治《息县志》卷十灾异,无,v3,1,"仅存在于：v3；缺少：v1,v2,v4"
1346,1594,明神宗万历二十二年,河南,无,新蔡县,无,《新蔡县志》,新蔡县：大荒，人将相食，死者枕藉道路，四城门朝暮间异葬出者数百家。——康熙《新蔡县志》卷七杂述,无,v3,1,"仅存在于：v3；缺少：v1,v2,v4"
1347,1594,明神宗万历二十二年,河南,无,汝南县,无,《汝阳县志》,汝南县：春，人相食。癸巳九月至明年四月，剡壕尸，掘冢墓，啖生人，父子、兄弟夫妇互俎，而贾人肉于市。夏大疫，飞蝇蔽天，自北而南，野蒿如林，成拱成把。——顺治《汝阳县志》卷十禪祥,无,v3,1,"仅存在于：v3；缺少：v1,v2,v4"
1348,1594,明神宗万历二十二年,河南,无,淮阳县,无,《续修陈州志》,淮阳县：春正月，雷鸣。民大饥，时五谷极贵，草根木皮人藉为食，僵殍相望，同类相食，流民抛弃儿女于路，不顾而去。夏五月，州大水，莲花池堤决，积水侵城，室庐倾圮，田禾一空。——康熙《续修陈州志》卷四灾异,无,v3,1,"仅存在于：v3；缺少：v1,v2,v4"
1349,1594,明神宗万历二十二年,河南,无,确山县,无,《确山县志》,确山县：春，人相食。夏大疫。——乾隆《确山县志》卷四欽祥,无,v3,1,"仅存在于：v3；缺少：v1,v2,v4"
1350,1594,明神宗万历二十二年,河南,信阳,息县,无,《息县志》,息县：春大饥。夏旱，大疫。斗米二钱，人相食，至以人肉市。遣官振济。——顺治《息县志》卷十灾异,无,v2,1,"仅存在于：v2；缺少：v1,v3,v4"
1351,1594,明神宗万历二十二年,河南,信阳市,息县,无,《息县志》,息县：春大饥。夏旱，大疫。斗米二钱，人相食，至以人肉市。遣官振济。——顺治《息县志》卷十灾异,无,"v1,v4",2,"仅存在于：v1,v4；缺少：v2,v3"
1352,1594,明神宗万历二十二年,河南,周口,淮阳县,无,《续修陈州志》,淮阳县：春正月，雷鸣。民大饥，时五谷极贵，草根木皮人藉为食，僵殍相望，同类相食，流民抛弃儿女于路，不顾而去。夏五月，州大水，莲花池堤决，积水侵城，室庐倾圮，田禾一空。——康熙《续修陈州志》卷四灾异,无,v2,1,"仅存在于：v2；缺少：v1,v3,v4"
1353,1594,明神宗万历二十二年,河南,周口市,淮阳县,无,《续修陈州志》,淮阳县：春正月，雷鸣。民大饥，时五谷极贵，草根木皮人藉为食，僵殍相望，同类相食，流民抛弃儿女于路，不顾而去。夏五月，州大水，莲花池堤决，积水侵城，室庐倾圮，田禾一空。——康熙《续修陈州志》卷四灾异,无,"v1,v4",2,"仅存在于：v1,v4；缺少：v2,v3"
1354,1594,明神宗万历二十二年,河南,驻马店,上蔡县,无,《上蔡县志》,上蔡县：春，人相食。有司疏闻，发帑金遣官赈济。始食树皮，继食道瘞，甚至父子兄弟夫妇相食，遂以人肉市者。是夏大疫。——康熙《上蔡县志》卷十二编年,无,v2,1,"仅存在于：v2；缺少：v1,v3,v4"
1355,1594,明神宗万历二十二年,河南,驻马店,新蔡县,无,《新蔡县志》,新蔡县：大荒，人将相食，死者枕藉道路，四城门朝暮间异葬出者数百家。——康熙《新蔡县志》卷七杂述,无,v2,1,"仅存在于：v2；缺少：v1,v3,v4"
1356,1594,明神宗万历二十二年,河南,驻马店,汝南县,无,《汝阳县志》,汝南县：春，人相食。癸巳九月至明年四月，剡壕尸，掘冢墓，啖生人，父子、兄弟夫妇互俎，而贾人肉于市。夏大疫，飞蝇蔽天，自北而南，野蒿如林，成拱成把。——顺治《汝阳县志》卷十禪祥,无,v2,1,"仅存在于：v2；缺少：v1,v3,v4"
1357,1594,明神宗万历二十二年,河南,驻马店,确山县,无,《确山县志》,确山县：春，人相食。夏大疫。——乾隆《确山县志》卷四欽祥,无,v2,1,"仅存在于：v2；缺少：v1,v3,v4"
1358,1594,明神宗万历二十二年,河南,驻马店市,上蔡县,无,《上蔡县志》,上蔡县：春，人相食。有司疏闻，发帑金遣官赈济。始食树皮，继食道瘞，甚至父子兄弟夫妇相食，遂以人肉市者。是夏大疫。——康熙《上蔡县志》卷十二编年,无,"v1,v4",2,"仅存在于：v1,v4；缺少：v2,v3"
1359,1594,明神宗万历二十二年,河南,驻马店市,新蔡县,无,《新蔡县志》,新蔡县：大荒，人将相食，死者枕藉道路，四城门朝暮间异葬出者数百家。——康熙《新蔡县志》卷七杂述,无,"v1,v4",2,"仅存在于：v1,v4；缺少：v2,v3"
1360,1594,明神宗万历二十二年,河南,驻马店市,汝南县,无,《汝阳县志》,汝南县：春，人相食。癸巳九月至明年四月，剡壕尸，掘冢墓，啖生人，父子、兄弟夫妇互俎，而贾人肉于市。夏大疫，飞蝇蔽天，自北而南，野蒿如林，成拱成把。——顺治《汝阳县志》卷十禪祥,无,"v1,v4",2,"仅存在于：v1,v4；缺少：v2,v3"
1361,1594,明神宗万历二十二年,河南,驻马店市,确山县,无,《确山县志》,确山县：春，人相食。夏大疫。——乾隆《确山县志》卷四欽祥,无,"v1,v4",2,"仅存在于：v1,v4；缺少：v2,v3"
1362,1595,明神宗万历二十三年,山东,无,昌邑县,无,《昌邑县志》,山东昌邑县：春大饥，人相食。夏四月、五月大疫。——康熙《昌邑县志》卷一样异,无,"v1,v2,v3,v4",4,
1363,1595,明神宗万历二十三年,山东,无,藤县,无,《滕县志》,山东藤县：大饥，殛者枕藉于道，人相食。——顺治《滕县志》卷三灾异,疑似OCR错误：原文为'藤县'，应为'滕县',"v1,v2,v3",3,"仅存在于：v1,v2,v3；缺少：v4"
1364,1595,明神宗万历二十三年,山东,滕州市,无,无,《滕县志》,滕州市：大饥，殛者枕藉于道，人相食。——顺治《滕县志》卷三灾异,无,v4,1,"仅存在于：v4；缺少：v1,v2,v3"
1365,1598,明神宗万历二十六年,河南,无,永城县,无,《永城县志》,永城县：大饥，人相食，河役繁兴，瘟疫频行。给谏杨公东明绘《流民图》以上，诏赈济。——康熙《永城县志》卷八灾异,无,"v2,v3,v4",3,"仅存在于：v2,v3,v4；缺少：v1"
1366,1598,明神宗万历二十六年,河南,永城市,永城县,无,《永城县志》,永城县：大饥，人相食，河役繁兴，瘟疫频行。给谏杨公东明绘《流民图》以上，诏赈济。——康熙《永城县志》卷八灾异,无,v1,1,"仅存在于：v1；缺少：v2,v3,v4"
1367,1598,明神宗万历二十六年,河南,洛阳市,无,无,《洛阳县志》,洛阳市：大旱，无禾，人相食。——顺治《洛阳县志》卷八灾异,无,v4,1,"仅存在于：v4；缺少：v1,v2,v3"
1368,1598,明神宗万历二十六年,河南,洛阳市,洛阳县,无,《洛阳县志》,洛阳市：大旱，无禾，人相食。——顺治《洛阳县志》卷八灾异,无,"v1,v3",2,"仅存在于：v1,v3；缺少：v2,v4"
1369,1598,明神宗万历二十六年,河南,洛阳市,洛阳市,无,《洛阳县志》,洛阳市：大旱，无禾，人相食。——顺治《洛阳县志》卷八灾异,无,v2,1,"仅存在于：v2；缺少：v1,v3,v4"
1370,1599,明神宗万历二十七年,山西,无,五台县,无,《五台县志》,山西：五台县：秋，社日霜厚一寸，百谷尽死，人相食。——康熙《五台县志》卷八祥异附,无,"v1,v2,v3,v4",4,
1371,1600,明神宗万历二十八年,山西,无,岢岚县,无,《岢岚州志》,岢岚县：饥，人相食，死者枕藉。——康熙《岢岚州志》卷一样异,无,"v1,v2,v3,v4",4,
1372,1600,明神宗万历二十八年,河北,无,武强县,无,《重修武强县志》,武强县：夏大旱，蝗蝻遍地，食禾殆尽。民大饥，积尸满野，人相食，有弃子女井中、升米鬻妻、自缢服毒者。——康熙《重修武强县志》卷二灾祥,无,"v1,v2,v3,v4",4,
1373,1601,明神宗万历二十九年,山西,无,寿阳县,无,《寿阳县志》,寿阳县：大饥，人相食。——康熙《寿阳县志》卷八祥异,无,"v1,v2,v3,v4",4,
1374,1601,明神宗万历二十九年,山西,无,静乐县,无,《静乐县志》,静乐县：七月二十五日，风霜杀禾，岁大饥，人相食。——康熙《静乐县志》卷四灾变,无,"v1,v2,v3,v4",4,
1375,1601,明神宗万历二十九年,河北,无,阜平县,无,《明史·五行志》,阜平县：饥，有杀食其稚子者。——《明史·五行志》,无,"v1,v2,v3,v4",4,
1376,1603,明神宗万历三十一年,山东,无,鱼台县,无,《鱼台县志》,山东：鱼台县：夏，黄河暴冲，大饥，人相食。——乾隆《鱼台县志》,无,"v1,v2,v3,v4",4,
1377,1603,明神宗万历三十一年,江苏,徐州市,无,无,《徐州志》,江苏：徐州市：春夏淫雨，尽伤禾麦。秋冬大饥，人相食。是年夏，水决城东南堤之勺平桥。——顺治《徐州志》卷八灾祥,无,"v1,v3,v4",3,"仅存在于：v1,v3,v4；缺少：v2"
1378,1603,明神宗万历三十一年,江苏,徐州市,徐州市,无,《徐州志》,徐州市：春夏淫雨，尽伤禾麦。秋冬大饥，人相食。是年夏，水决城东南堤之勺平桥。——顺治《徐州志》卷八灾祥,无,v2,1,"仅存在于：v2；缺少：v1,v3,v4"
1379,1603,明神宗万历三十一年,河南,无,邓县,无,《华北、东北近五百年旱涝史料》,河南：邓县：水灾、瘟疫、，岁大饥，人相食，死者甚多。——《华北、东北近五百年旱涝史料》第四分册，第67页,"疑似OCR错误：原文有""瘟疫、，""多了一个顿号和逗号","v1,v2,v3,v4",4,
1380,1604,明神宗万历三十二年,河南,商丘市,无,归德,《明神宗实录》,五月丙子，河南归德一带岁饥荒民饥，死者枕藉，人尚未死者率虀而食之。——《明神宗实录》卷三九六,无,"v1,v3,v4",3,"仅存在于：v1,v3,v4；缺少：v2"
1381,1604,明神宗万历三十二年,河南,商丘市,夏邑县,无,《夏邑县志》,夏邑县：大饥，人相食。——康熙《夏邑县志》卷十灾异,无,"v1,v2,v3,v4",4,
1382,1605,明神宗万历三十三年,安徽,无,蒙城县,无,《蒙城县志》,蒙城县：大疫，人相食。——顺治《蒙城县志》卷六灾祥,无,"v2,v3",2,"仅存在于：v2,v3；缺少：v1,v4"
1383,1605,明神宗万历三十三年,安徽,亳州市,蒙城县,无,《蒙城县志》,安徽：蒙城县：大疫，人相食。——顺治《蒙城县志》卷六灾祥,无,"v1,v4",2,"仅存在于：v1,v4；缺少：v2,v3"
1384,1605,明神宗万历三十三年,河北,无,迁安县,无,《迁安县志》,迁安县：春大饥。至夏六月大雨，滦河水溢。道瘞相望，父鬻子。夫卖妻，人民相食。——康熙十八年《迁安县志》卷七灾祥,无,"v2,v3",2,"仅存在于：v2,v3；缺少：v1,v4"
1385,1605,明神宗万历三十三年,河北,唐山市,迁安县,无,《迁安县志》,河北：迁安县：春大饥。至夏六月大雨，滦河水溢。道瘞相望，父鬻子。夫卖妻，人民相食。——康熙十八年《迁安县志》卷七灾祥,无,"v1,v4",2,"仅存在于：v1,v4；缺少：v2,v3"
1386,1607,明神宗万历三十五年,浙江,无,吴兴县,无,《华东地区近五百年气候历史资料》,吴兴县：乌程淫雨。三吴沈灶产蛙，人相食。——《华东地区近五百年气候历史资料》第四分册，第49页。,无,"v1,v2,v3,v4",4,
1387,1608,明神宗万历三十六年,陕西,无,周至县,无,《重修黵座县志》,周至县：岁大饥，人相食。——乾隆《重修黵座县志》卷十三祥异,疑似OCR错误，原文“黵座县”应为“周至县”,"v1,v3,v4",3,"仅存在于：v1,v3,v4；缺少：v2"
1388,1608,明神宗万历三十六年,陕西,无,户县,无,《鄂县志》,户县：岁大饥，人相食。——康熙《鄂县志》卷八灾异,无,"v1,v3,v4",3,"仅存在于：v1,v3,v4；缺少：v2"
1389,1609,明神宗万历三十七年,山西,无,孟县,无,《孟县志》,山西孟县：大荒，旱，人相食。——乾隆《孟县志》卷二叢祥,无,"v1,v2,v3,v4",4,
1390,1609,明神宗万历三十七年,山西,无,阳曲县,无,《阳曲县志》,山西阳曲县：大荒，米珠薪桂，人至相食。——道光《阳曲县志》志余,无,"v1,v2,v3",3,"仅存在于：v1,v2,v3；缺少：v4"
1391,1609,明神宗万历三十七年,山西,太原市,阳曲县,无,《阳曲县志》,阳曲县：大荒，米珠薪桂，人至相食。——道光《阳曲县志》志余,无,v4,1,"仅存在于：v4；缺少：v1,v2,v3"
1392,1610,明神宗万历三十八年,山东,无,平度县,无,《华北、东北近五百年旱涝史料》,平度县：旱蝗饥，人相食。——《华北、东北近五百年旱涝史料》第三分册，第6页。,无,"v1,v2,v3,v4",4,
1393,1610,明神宗万历三十八年,河北,无,临城县,无,《临城县志》,临城县：大饥，有食人者。——康熙三十年《临城县志》卷八欵祥,无,"v1,v2,v3,v4",4,
1394,1610,明神宗万历三十八年,河北,无,平山县,无,《平山县志》,平山县：春，斗米二钱，民相食。——康熙《平山县志》卷一事纪,无,"v1,v2,v3,v4",4,
1395,1613,明神宗万历四十一年,江苏,无,赣榆县,无,《赣榆县志》,赣榆县：大旱，人相食，男女，道雍相望。——光绪《赣榆县志》卷十七祥异,无,"v1,v2,v3,v4",4,
1396,1614,明神宗万历四十二年,山东,无,章丘县,无,《章邱县志》,章丘县：秋田颗粒无成，遂成饥，人食树皮，父子相食。——康熙《章邱县志》卷一灾祥,无,"v1,v2,v3,v4",4,
1397,1614,明神宗万历四十二年,河北,无,盐山县,无,《华北、东北近五百年旱涝史料》,盐山县：大旱，人相食。——《华北、东北近五百年旱涝史料》第二分册，第29页。,无,"v1,v2,v3,v4",4,
1398,1615,明神宗万历四十三年,山东,无,东平县,无,《东平州志》,东平县：大旱，民饥。流离卖妻鬻子子河南，人相食。——康熙《东平州志》卷六灾祥,无,v1,1,"仅存在于：v1；缺少：v2,v3,v4"
1399,1615,明神宗万历四十三年,山东,无,临朐县,无,《临朐县志》,临朐县：夏旱，蝗。秋大饥，父子相食。——光绪《临朐县志》卷十大事表,无,v1,1,"仅存在于：v1；缺少：v2,v3,v4"
1400,1615,明神宗万历四十三年,山东,无,兖州县,无,《滋阳县志》,兖州县：大旱，经年不雨。大饥，人民相食。——康熙《滋阳县志》卷二灾异,无,v1,1,"仅存在于：v1；缺少：v2,v3,v4"
1401,1615,明神宗万历四十三年,山东,无,冠县,无,《东昌府志》,冠县：大饥，人相食。——乾隆《东昌府志》卷三总纪,无,v1,1,"仅存在于：v1；缺少：v2,v3,v4"
1402,1615,明神宗万历四十三年,山东,无,利津县,无,《利津县新志》,利津县：大饥，人相食。——康熙《利津县新志》卷九祥异,无,v1,1,"仅存在于：v1；缺少：v2,v3,v4"
1403,1615,明神宗万历四十三年,山东,无,博兴县,无,《华北、东北近五百年旱涝史料》,博兴县：大荒，人相食。——《华北、东北近五百年旱涝史料》第三分册，第7页。,无,v1,1,"仅存在于：v1；缺少：v2,v3,v4"
1404,1615,明神宗万历四十三年,山东,无,即墨县,无,《即墨县志》,即墨县：大饥，人相食。寻又大疫，尸积如山。——乾隆《即墨县志》卷十一灾祥,无,v1,1,"仅存在于：v1；缺少：v2,v3,v4"
1405,1615,明神宗万历四十三年,山东,无,历城县,无,《历乘》,历城县：夏六月，大旱，东城楼兽喷烟，三月不雨。岁大饥，父子相食。——崇祯《历乘》卷十三灾祥,无,v1,1,"仅存在于：v1；缺少：v2,v3,v4"
1406,1615,明神宗万历四十三年,山东,无,商河县,无,《华北、东北近五百年旱涝史料》,商河县：大旱，人相食。——《华北、东北近五百年旱涝史料》第三分册，第33页。,无,v1,1,"仅存在于：v1；缺少：v2,v3,v4"
1407,1615,明神宗万历四十三年,山东,无,安丘县,无,《续安邱县志》,安丘县：夏旱，蝗。秋大饥，栗价涌贵，民刮木皮和糠秕而食，林木为之一尽，饿死者道相枕藉，乃有割尸肉而食者。——康熙《续安邱县志》卷一总纪,无,v1,1,"仅存在于：v1；缺少：v2,v3,v4"
1408,1615,明神宗万历四十三年,山东,无,寿光县,无,《寿光县志》,寿光县：旱，蝗。岁大饥，人相食。齐地生齿十去五六。——康熙《寿光县志》卷一总纪,无,v1,1,"仅存在于：v1；缺少：v2,v3,v4"
1409,1615,明神宗万历四十三年,山东,无,平原县,无,《平远县志》,平原县：春夏大旱，蝗，千里如焚。民饥，或父子相食。诏留税粮，遣御史过庭训赈之。庭训赈恤有方，全活者重。——乾隆《平远县志》卷九灾祥,无,v1,1,"仅存在于：v1；缺少：v2,v3,v4"
1410,1615,明神宗万历四十三年,山东,无,平度县,无,《重修平度州志》,平度县：大疫，饥，至人相食。——道光《重修平度州志》卷二十六大事,无,v1,1,"仅存在于：v1；缺少：v2,v3,v4"
1411,1615,明神宗万历四十三年,山东,无,广饶县,无,《乐安县续志》,广饶县：大饥，人相食。——康熙《乐安县续志》卷上纪年,无,v1,1,"仅存在于：v1；缺少：v2,v3,v4"
1412,1615,明神宗万历四十三年,山东,无,庆云县,无,《庆云县志》,庆云县：大旱，人相食，群聚为盗。——康熙《庆云县志》卷十一灾祥,无,v1,1,"仅存在于：v1；缺少：v2,v3,v4"
1413,1615,明神宗万历四十三年,山东,无,掖县,无,《掖县志》,掖县：春大旱，蝗，是岁大饥，人相食；寻复大疫，死者山积。——乾隆《掖县志》卷五祥异,无,v1,1,"仅存在于：v1；缺少：v2,v3,v4"
1414,1615,明神宗万历四十三年,山东,无,无棣县,无,《无棣县志》,无棣县：夏大旱，秋八月，陨霜。大饥，人相食，群聚为盗。——民国《无棣县志》卷十六祥异,无,v1,1,"仅存在于：v1；缺少：v2,v3,v4"
1415,1615,明神宗万历四十三年,山东,无,昌乐县,无,《昌乐县志》,昌乐县：夏旱，蝗。大饥，人相食。遣使赈荒。——嘉庆《昌乐县志》卷一总纪,无,v1,1,"仅存在于：v1；缺少：v2,v3,v4"
1416,1615,明神宗万历四十三年,山东,无,武城县,无,《武城县志》,武城县：大饥，人相食。——乾隆《武城县志》卷十二祥异,无,v1,1,"仅存在于：v1；缺少：v2,v3,v4"
1417,1615,明神宗万历四十三年,山东,无,沂水县,无,《沂水县志》,沂水县：大饥，人相食，村落皆空。——康熙《沂水县志》卷五灾祥,无,v1,1,"仅存在于：v1；缺少：v2,v3,v4"
1418,1615,明神宗万历四十三年,山东,无,沾化县,无,《沾化县志》,沾化县：是年，邑大旱，人相食，邻邑皆大饥。——民国《沾化县志》卷七大事纪,无,v1,1,"仅存在于：v1；缺少：v2,v3,v4"
1419,1615,明神宗万历四十三年,山东,无,泗水县,无,《泗水县志》,泗水县：大饥，人相食。——顺治《泗水县志》卷十一灾祥,无,v1,1,"仅存在于：v1；缺少：v2,v3,v4"
1420,1615,明神宗万历四十三年,山东,无,滨县,无,《滨州志》,滨县：旱。秋八月，腊。岁大饥，人相食。——康熙《滨州志》卷八事纪,无,v1,1,"仅存在于：v1；缺少：v2,v3,v4"
1421,1615,明神宗万历四十三年,山东,无,禹城县,无,《禹城县志》,禹城县：大旱，赤地千里，人相食。——嘉庆《禹城县志》卷十一灾祥,无,v1,1,"仅存在于：v1；缺少：v2,v3,v4"
1422,1615,明神宗万历四十三年,山东,无,章丘县,无,《章丘县志》,章丘县：大饥，人相食。——乾隆《章丘县志》卷五祥异,无,v1,1,"仅存在于：v1；缺少：v2,v3,v4"
1423,1615,明神宗万历四十三年,山东,无,肥城县,无,《肥城县志书》,肥城县：四十二年至四十五年，三年旱蝗相连，人民相食，死者枕藉。——康熙《肥城县志书》卷下,无,v1,1,"仅存在于：v1；缺少：v2,v3,v4"
1424,1615,明神宗万历四十三年,山东,无,胶县,无,《胶州志》,胶县：夏大旱，有蝗，蚜鲂复起。禾稼尽，饥民相食。——康熙《胶州志》卷六灾祥,无,v1,1,"仅存在于：v1；缺少：v2,v3,v4"
1425,1615,明神宗万历四十三年,山东,无,诸城县,无,《诸城县志》,诸城县：大旱，蝗。大饥，人相食，鬻子女，至有人市。——乾隆《诸城县志》卷二总纪,无,v1,1,"仅存在于：v1；缺少：v2,v3,v4"
1426,1615,明神宗万历四十三年,山东,无,郯城县,无,《郯城县志》,郯城县：蝗蝻遍野，禾稼一空，遂成大饥，人相食，父子、夫妻、兄弟不相保聚，或数十文钱即鬻其妻，一二饑即鬻其子。流亡载道，非常之灾。——康熙《郯城县志》卷九灾祥,无,v1,1,"仅存在于：v1；缺少：v2,v3,v4"
1427,1615,明神宗万历四十三年,山东,无,高密县,无,《高密县志》,高密县：旱，蝗。饥，至人相食。——乾隆《高密县志》卷十纪事,无,v1,1,"仅存在于：v1；缺少：v2,v3,v4"
1428,1615,明神宗万历四十三年,山东,无,齐河县,无,《齐河县志》,齐河县：夏大旱，饥，人相食。遣御史过庭训赈之。——康熙《齐河县志》卷六灾祥,无,v1,1,"仅存在于：v1；缺少：v2,v3,v4"
1429,1615,明神宗万历四十三年,山东,东营市,利津县,无,《利津县新志》,利津县：大饥，人相食。——康熙《利津县新志》卷九祥异,无,"v2,v3,v4",3,"仅存在于：v2,v3,v4；缺少：v1"
1430,1615,明神宗万历四十三年,山东,东营市,广饶县,无,《乐安县续志》,广饶县：大饥，人相食。——康熙《乐安县续志》卷上纪年,无,"v2,v3,v4",3,"仅存在于：v2,v3,v4；缺少：v1"
1431,1615,明神宗万历四十三年,山东,临沂市,临沂县,无,《沂州志》,临沂市：大饥，人民相食，流离载道，饿死者不可胜计。——康熙《沂州志》卷一灾异,无,v4,1,"仅存在于：v4；缺少：v1,v2,v3"
1432,1615,明神宗万历四十三年,山东,临沂市,临沂市,无,《沂州志》,临沂市：大饥，人民相食，流离载道，饿死者不可胜计。——康熙《沂州志》卷一灾异,无,"v1,v2,v3",3,"仅存在于：v1,v2,v3；缺少：v4"
1433,1615,明神宗万历四十三年,山东,临沂市,沂水县,无,《沂水县志》,沂水县：大饥，人相食，村落皆空。——康熙《沂水县志》卷五灾祥,无,"v2,v3,v4",3,"仅存在于：v2,v3,v4；缺少：v1"
1434,1615,明神宗万历四十三年,山东,临沂市,郯城县,无,《郯城县志》,郯城县：蝗蝻遍野，禾稼一空，遂成大饥，人相食，父子、夫妻、兄弟不相保聚，或数十文钱即鬻其妻，一二饑即鬻其子。流亡载道，非常之灾。——康熙《郯城县志》卷九灾祥,无,"v2,v3,v4",3,"仅存在于：v2,v3,v4；缺少：v1"
1435,1615,明神宗万历四十三年,山东,德州市,平原县,无,《平远县志》,平原县：春夏大旱，蝗，千里如焚。民饥，或父子相食。诏留税粮，遣御史过庭训赈之。庭训赈恤有方，全活者重。——乾隆《平远县志》卷九灾祥,无,"v2,v3,v4",3,"仅存在于：v2,v3,v4；缺少：v1"
1436,1615,明神宗万历四十三年,山东,德州市,庆云县,无,《庆云县志》,庆云县：大旱，人相食，群聚为盗。——康熙《庆云县志》卷十一灾祥,无,"v2,v3,v4",3,"仅存在于：v2,v3,v4；缺少：v1"
1437,1615,明神宗万历四十三年,山东,德州市,武城县,无,《武城县志》,武城县：大饥，人相食。——乾隆《武城县志》卷十二祥异,无,"v2,v3,v4",3,"仅存在于：v2,v3,v4；缺少：v1"
1438,1615,明神宗万历四十三年,山东,德州市,禹城县,无,《禹城县志》,禹城县：大旱，赤地千里，人相食。——嘉庆《禹城县志》卷十一灾祥,无,"v2,v3,v4",3,"仅存在于：v2,v3,v4；缺少：v1"
1439,1615,明神宗万历四十三年,山东,德州市,齐河县,无,《齐河县志》,齐河县：夏大旱，饥，人相食。遣御史过庭训赈之。——康熙《齐河县志》卷六灾祥,无,"v3,v4",2,"仅存在于：v3,v4；缺少：v1,v2"
1440,1615,明神宗万历四十三年,山东,新泰市,新泰市,无,《新泰县志》,新泰市：大旱，井泉枯竭。八月，陨霜杀菽。冬大饥，人相食，死者相枕藉。——天启《新泰县志》卷八祥异,无,v1,1,"仅存在于：v1；缺少：v2,v3,v4"
1441,1615,明神宗万历四十三年,山东,日照市,日照县,无,《日照县志》,日照市：大旱，蝗。赤地千里，人相食，子女贩若牛羊，死者枕藉于野。——康熙《日照县志》卷一纪异,无,v4,1,"仅存在于：v4；缺少：v1,v2,v3"
1442,1615,明神宗万历四十三年,山东,日照市,日照市,无,《日照县志》,日照市：大旱，蝗。赤地千里，人相食，子女贩若牛羊，死者枕藉于野。——康熙《日照县志》卷一纪异,无,"v1,v2,v3",3,"仅存在于：v1,v2,v3；缺少：v4"
1443,1615,明神宗万历四十三年,山东,泰安市,东平县,无,《东平州志》,东平县：大旱，民饥。流离卖妻鬻子子河南，人相食。——康熙《东平州志》卷六灾祥,无,"v2,v3,v4",3,"仅存在于：v2,v3,v4；缺少：v1"
1444,1615,明神宗万历四十三年,山东,泰安市,新泰市,无,《新泰县志》,新泰市：大旱，井泉枯竭。八月，陨霜杀菽。冬大饥，人相食，死者相枕藉。——天启《新泰县志》卷八祥异,无,"v2,v3,v4",3,"仅存在于：v2,v3,v4；缺少：v1"
1445,1615,明神宗万历四十三年,山东,泰安市,肥城县,无,《肥城县志书》,肥城县：四十二年至四十五年，三年旱蝗相连，人民相食，死者枕藉。——康熙《肥城县志书》卷下,无,"v2,v3,v4",3,"仅存在于：v2,v3,v4；缺少：v1"
1446,1615,明神宗万历四十三年,山东,济南市,历城县,无,《历乘》,历城县：夏六月，大旱，东城楼兽喷烟，三月不雨。岁大饥，父子相食。——崇祯《历乘》卷十三灾祥,无,"v2,v3,v4",3,"仅存在于：v2,v3,v4；缺少：v1"
1447,1615,明神宗万历四十三年,山东,济南市,商河县,无,《华北、东北近五百年旱涝史料》,商河县：大旱，人相食。——《华北、东北近五百年旱涝史料》第三分册，第33页。,无,"v2,v3,v4",3,"仅存在于：v2,v3,v4；缺少：v1"
1448,1615,明神宗万历四十三年,山东,济南市,章丘县,无,《章丘县志》,章丘县：大饥，人相食。——乾隆《章丘县志》卷五祥异,无,"v2,v3,v4",3,"仅存在于：v2,v3,v4；缺少：v1"
1449,1615,明神宗万历四十三年,山东,济南市,齐河县,无,《齐河县志》,齐河县：夏大旱，饥，人相食。遣御史过庭训赈之。——康熙《齐河县志》卷六灾祥,无,v2,1,"仅存在于：v2；缺少：v1,v3,v4"
1450,1615,明神宗万历四十三年,山东,济宁市,兖州县,无,《滋阳县志》,兖州县：大旱，经年不雨。大饥，人民相食。——康熙《滋阳县志》卷二灾异,无,"v2,v3,v4",3,"仅存在于：v2,v3,v4；缺少：v1"
1451,1615,明神宗万历四十三年,山东,济宁市,泗水县,无,《泗水县志》,泗水县：大饥，人相食。——顺治《泗水县志》卷十一灾祥,无,"v2,v3,v4",3,"仅存在于：v2,v3,v4；缺少：v1"
1452,1615,明神宗万历四十三年,山东,淄博市,淄博县,无,《淄博县志》,淄博市：大饥，人相食。御史过庭训奉朝命来淄赈济。——康熙二十四年《淄博县志》卷一灾祥,无,v4,1,"仅存在于：v4；缺少：v1,v2,v3"
1453,1615,明神宗万历四十三年,山东,淄博市,淄博市,无,《淄博县志》,淄博市：大饥，人相食。御史过庭训奉朝命来淄赈济。——康熙二十四年《淄博县志》卷一灾祥,无,"v1,v2,v3",3,"仅存在于：v1,v2,v3；缺少：v4"
1454,1615,明神宗万历四十三年,山东,滨州市,博兴县,无,《华北、东北近五百年旱涝史料》,博兴县：大荒，人相食。——《华北、东北近五百年旱涝史料》第三分册，第7页。,无,"v2,v3,v4",3,"仅存在于：v2,v3,v4；缺少：v1"
1455,1615,明神宗万历四十三年,山东,滨州市,无棣县,无,《无棣县志》,无棣县：夏大旱，秋八月，陨霜。大饥，人相食，群聚为盗。——民国《无棣县志》卷十六祥异,无,"v2,v3,v4",3,"仅存在于：v2,v3,v4；缺少：v1"
1456,1615,明神宗万历四十三年,山东,滨州市,沾化县,无,《沾化县志》,沾化县：是年，邑大旱，人相食，邻邑皆大饥。——民国《沾化县志》卷七大事纪,无,"v2,v3,v4",3,"仅存在于：v2,v3,v4；缺少：v1"
1457,1615,明神宗万历四十三年,山东,滨州市,滨县,无,《滨州志》,滨县：旱。秋八月，腊。岁大饥，人相食。——康熙《滨州志》卷八事纪,无,"v2,v3,v4",3,"仅存在于：v2,v3,v4；缺少：v1"
1458,1615,明神宗万历四十三年,山东,潍坊市,临朐县,无,《临朐县志》,临朐县：夏旱，蝗。秋大饥，父子相食。——光绪《临朐县志》卷十大事表,无,"v2,v3,v4",3,"仅存在于：v2,v3,v4；缺少：v1"
1459,1615,明神宗万历四十三年,山东,潍坊市,安丘县,无,《续安邱县志》,安丘县：夏旱，蝗。秋大饥，栗价涌贵，民刮木皮和糠秕而食，林木为之一尽，饿死者道相枕藉，乃有割尸肉而食者。——康熙《续安邱县志》卷一总纪,无,"v2,v3,v4",3,"仅存在于：v2,v3,v4；缺少：v1"
1460,1615,明神宗万历四十三年,山东,潍坊市,寿光县,无,《寿光县志》,寿光县：旱，蝗。岁大饥，人相食。齐地生齿十去五六。——康熙《寿光县志》卷一总纪,无,"v2,v3,v4",3,"仅存在于：v2,v3,v4；缺少：v1"
1461,1615,明神宗万历四十三年,山东,潍坊市,昌乐县,无,《昌乐县志》,昌乐县：夏旱，蝗。大饥，人相食。遣使赈荒。——嘉庆《昌乐县志》卷一总纪,无,"v2,v3,v4",3,"仅存在于：v2,v3,v4；缺少：v1"
1462,1615,明神宗万历四十三年,山东,潍坊市,昌邑县,无,《昌邑县志》,昌邑县：蝗，旱。至四十四年春大饥，人民相食，妇女南贩以千万计，名曰'贩梢'。途劫杀伤之横，亘古未见。——康熙《昌邑县志》卷一样异,无,"v2,v3,v4",3,"仅存在于：v2,v3,v4；缺少：v1"
1463,1615,明神宗万历四十三年,山东,潍坊市,潍坊县,无,《潍县志》,潍坊市：大饥，人相食，妇女南贩以万计。——乾隆《潍县志》卷六祥异,无,v4,1,"仅存在于：v4；缺少：v1,v2,v3"
1464,1615,明神宗万历四十三年,山东,潍坊市,潍坊市,无,《潍县志》,潍坊市：大饥，人相食，妇女南贩以万计。——乾隆《潍县志》卷六祥异,无,"v1,v2,v3",3,"仅存在于：v1,v2,v3；缺少：v4"
1465,1615,明神宗万历四十三年,山东,潍坊市,诸城县,无,《诸城县志》,诸城县：大旱，蝗。大饥，人相食，鬻子女，至有人市。——乾隆《诸城县志》卷二总纪,无,"v2,v3,v4",3,"仅存在于：v2,v3,v4；缺少：v1"
1466,1615,明神宗万历四十三年,山东,潍坊市,青州市,无,《青州府志》,青州市：青州大饥，人相食。自四月不雨，黍、谷、豆俱无。至八九月间，蝗台南地，食麦苗又尽，于是粟价涌贵，盗贼蜂起。——康熙十五年《青州府志》卷二十灾异,无,"v2,v3,v4",3,"仅存在于：v2,v3,v4；缺少：v1"
1467,1615,明神宗万历四十三年,山东,潍坊市,高密县,无,《高密县志》,高密县：旱，蝗。饥，至人相食。——乾隆《高密县志》卷十纪事,无,"v2,v3,v4",3,"仅存在于：v2,v3,v4；缺少：v1"
1468,1615,明神宗万历四十三年,山东,烟台市,掖县,无,《掖县志》,掖县：春大旱，蝗，是岁大饥，人相食；寻复大疫，死者山积。——乾隆《掖县志》卷五祥异,无,"v2,v3,v4",3,"仅存在于：v2,v3,v4；缺少：v1"
1469,1615,明神宗万历四十三年,山东,聊城市,冠县,无,《东昌府志》,冠县：大饥，人相食。——乾隆《东昌府志》卷三总纪,无,"v2,v3,v4",3,"仅存在于：v2,v3,v4；缺少：v1"
1470,1615,明神宗万历四十三年,山东,青岛市,即墨县,无,《即墨县志》,即墨县：大饥，人相食。寻又大疫，尸积如山。——乾隆《即墨县志》卷十一灾祥,无,"v2,v3,v4",3,"仅存在于：v2,v3,v4；缺少：v1"
1471,1615,明神宗万历四十三年,山东,青岛市,平度县,无,《重修平度州志》,平度县：大疫，饥，至人相食。——道光《重修平度州志》卷二十六大事,无,"v2,v3,v4",3,"仅存在于：v2,v3,v4；缺少：v1"
1472,1615,明神宗万历四十三年,山东,青岛市,胶县,无,《胶州志》,胶县：夏大旱，有蝗，蚜鲂复起。禾稼尽，饥民相食。——康熙《胶州志》卷六灾祥,无,"v2,v3,v4",3,"仅存在于：v2,v3,v4；缺少：v1"
1473,1615,明神宗万历四十三年,山东,青州市,青州市,无,《青州府志》,青州市：青州大饥，人相食。自四月不雨，黍、谷、豆俱无。至八九月间，蝗台南地，食麦苗又尽，于是粟价涌贵，盗贼蜂起。——康熙十五年《青州府志》卷二十灾异,无,v1,1,"仅存在于：v1；缺少：v2,v3,v4"
1474,1615,明神宗万历四十三年,江苏,无,沐阳县,无,《沐阳县志》,沐阳县：春冰雹，杀禾，夏蝗。秋不雨，人相食，多瘟疫。——康熙《沐阳县志》卷一灾异,无,"v1,v3",2,"仅存在于：v1,v3；缺少：v2,v4"
1475,1615,明神宗万历四十三年,江苏,无,赣榆县,无,《重修赣榆县志》,赣榆县：大旱，蝗。七月不雨，人相食。山东捎贩子女日数百车，攘夺相杀，道殛如山。——康熙《重修赣榆县志》卷四纪灾,无,"v1,v3",2,"仅存在于：v1,v3；缺少：v2,v4"
1476,1615,明神宗万历四十三年,江苏,宿迁市,沐阳县,无,《沐阳县志》,沐阳县：春冰雹，杀禾，夏蝗。秋不雨，人相食，多瘟疫。——康熙《沐阳县志》卷一灾异,无,"v2,v4",2,"仅存在于：v2,v4；缺少：v1,v3"
1477,1615,明神宗万历四十三年,江苏,连云港市,赣榆县,无,《重修赣榆县志》,赣榆县：大旱，蝗。七月不雨，人相食。山东捎贩子女日数百车，攘夺相杀，道殛如山。——康熙《重修赣榆县志》卷四纪灾,无,"v2,v4",2,"仅存在于：v2,v4；缺少：v1,v3"
1478,1615,明神宗万历四十三年,河北,无,迁安县,无,《迁安县志》,迁安县：春正月不雨，至于是七月。大荒，饥。人民结党抢掠，人相食。诏发仓赈济，劝富户输粟助赈。——康熙十八年《迁安县志》卷七灾祥,无,"v1,v3",2,"仅存在于：v1,v3；缺少：v2,v4"
1479,1615,明神宗万历四十三年,河北,唐山市,迁安县,无,《迁安县志》,迁安县：春正月不雨，至于是七月。大荒，饥。人民结党抢掠，人相食。诏发仓赈济，劝富户输粟助赈。——康熙十八年《迁安县志》卷七灾祥,无,"v2,v4",2,"仅存在于：v2,v4；缺少：v1,v3"
1480,1615,明神宗万历四十三年,陕西,无,澄城县,无,《澄城县志》,澄城县：大饥，人相食。——《澄城县志》咸丰元年，转引自《西北灾荒史》第1625页。,转引自《西北灾荒史》,"v1,v3",2,"仅存在于：v1,v3；缺少：v2,v4"
1481,1615,明神宗万历四十三年,陕西,渭南市,澄城县,无,《澄城县志》,澄城县：大饥，人相食。——《澄城县志》咸丰元年，转引自《西北灾荒史》第1625页。,转引自《西北灾荒史》,"v2,v4",2,"仅存在于：v2,v4；缺少：v1,v3"
1482,1616,明神宗万历四十四年,山东,无,临邑县,无,《德平县志》,临邑县：春大饥，人相食，发帑金三十万、仓米二十万赈之。——乾隆《德平县志》卷三灾祥,无,"v1,v2,v3,v4",4,
1483,1616,明神宗万历四十四年,山东,无,惠民县,无,《武定州志》,惠民县：春大歉，人相食。——崇祯《武定州志》卷十一灾祥,无,"v2,v3,v4",3,"仅存在于：v2,v3,v4；缺少：v1"
1484,1616,明神宗万历四十四年,山东,无,文登县,无,《文登县志》,文登县：大饥，人相食。…是春，斗粟千钱。——雍正《文登县志》卷一灾祥,无,"v2,v3,v4",3,"仅存在于：v2,v3,v4；缺少：v1"
1485,1616,明神宗万历四十四年,山东,无,曲阜县,无,《曲阜县志》,曲阜市：春大饥，蠲金赈之。夏旱，蝗。饥，人相食。——乾隆《曲阜县志》卷二灾祥,无,v3,1,"仅存在于：v3；缺少：v1,v2,v4"
1486,1616,明神宗万历四十四年,山东,无,栖霞县,无,《栖霞县志》,栖霞县：春大饥，时全省荒，人相食。朝廷发银十六万两、糟米十二万石，遣御史过庭训赈之。——康熙十一年《栖霞县志》卷七祥异,无,"v1,v3",2,"仅存在于：v1,v3；缺少：v2,v4"
1487,1616,明神宗万历四十四年,山东,无,海阳县,无,《海阳县志》,海阳县：春大饥，人相食，赈银粟。——乾隆《海阳县志》卷三灾祥,无,"v2,v3,v4",3,"仅存在于：v2,v3,v4；缺少：v1"
1488,1616,明神宗万历四十四年,山东,无,肥城县,无,《肥城县志》,肥城县：旱蝗相连，人民相食，死者枕藉。——康熙《肥城县志》下卷,无,"v2,v3,v4",3,"仅存在于：v2,v3,v4；缺少：v1"
1489,1616,明神宗万历四十四年,山东,无,荣成县,无,《荣成县志》,荣成县：春大饥，人相食，斗粟千钱。——道光《荣成县志》卷一灾祥,无,"v2,v3,v4",3,"仅存在于：v2,v3,v4；缺少：v1"
1490,1616,明神宗万历四十四年,山东,无,莱芜县,无,《莱芜县志》,莱芜市：正月大饥，人相食，有食马者，甚至父杀其子食之，夫妇兄弟自相杀食，逃入徐、淮者以数十万计、春夏大饥，二月皆焦。五月，飞蝗蔽野，食秋禾一空，村落如扫。——光绪《莱芜县志》卷二灾祥,无,v3,1,"仅存在于：v3；缺少：v1,v2,v4"
1491,1616,明神宗万历四十四年,山东,无,莱阳县,无,《莱阳县志》,莱阳县：春大饥，人相食，赈银粟。——康熙《莱阳县志》卷九灾祥,无,"v2,v3,v4",3,"仅存在于：v2,v3,v4；缺少：v1"
1492,1616,明神宗万历四十四年,山东,无,蓬莱县,无,《登州府志》,蓬莱县：春，各属游饥，至人相食，饿殍载路，盗聚夜劫市，卖子女。——光绪《登州府志》卷二十三水旱丰饥,无,"v2,v3,v4",3,"仅存在于：v2,v3,v4；缺少：v1"
1493,1616,明神宗万历四十四年,山东,无,费县,无,《费县志》,费县：亢旱，大饥，人相食。——光绪《费县志》卷十六祥异,无,"v2,v3,v4",3,"仅存在于：v2,v3,v4；缺少：v1"
1494,1616,明神宗万历四十四年,山东,无,阳信县,无,《阳信县志》,阳信县：人相食。夏秋大疫。——康熙《阳信县志》卷三灾异,无,"v2,v3,v4",3,"仅存在于：v2,v3,v4；缺少：v1"
1495,1616,明神宗万历四十四年,山东,无,青州府,无,《华北、东北近五百年旱涝史料》,青州市：大饥，人相食。——《华北、东北近五百年旱涝史料》第三分册，第7页。,无,v3,1,"仅存在于：v3；缺少：v1,v2,v4"
1496,1616,明神宗万历四十四年,山东,无,黄县,无,《黄县志》,黄县：春大饥，斗粟千钱，饿殍载道，盗聚夜劫市，并人至相食，市卖子女。黄县设粥厂十二处。——康熙《黄县志》卷七祥异,无,v3,1,"仅存在于：v3；缺少：v1,v2,v4"
1497,1616,明神宗万历四十四年,山东,无,龙口市,黄县,《黄县志》,龙口市：春大饥，斗粟千钱，饿殍载道，盗聚夜劫市，并人至相食，市卖子女。黄县设粥厂十二处。——康熙《黄县志》卷七祥异,黄县为推测，原文为古代地名黄县,v2,1,"仅存在于：v2；缺少：v1,v3,v4"
1498,1616,明神宗万历四十四年,山东,临沂市,临沂县,无,《临沂县志》,临沂市：饥，人相食。——民国《临沂县志》卷一通纪,无,v3,1,"仅存在于：v3；缺少：v1,v2,v4"
1499,1616,明神宗万历四十四年,山东,临沂市,临沂市,无,《临沂县志》,临沂市：饥，人相食。——民国《临沂县志》卷一通纪,无,"v1,v2,v4",3,"仅存在于：v1,v2,v4；缺少：v3"
1500,1616,明神宗万历四十四年,山东,临沂市,费县,无,《费县志》,费县：亢旱，大饥，人相食。——光绪《费县志》卷十六祥异,无,v1,1,"仅存在于：v1；缺少：v2,v3,v4"
1501,1616,明神宗万历四十四年,山东,威海市,文登区,文登县,《文登县志》,文登县：大饥，人相食。…是春，斗粟千钱。——雍正《文登县志》卷一灾祥,文登县为推测，原文为文登县,v1,1,"仅存在于：v1；缺少：v2,v3,v4"
1502,1616,明神宗万历四十四年,山东,威海市,海阳市,海阳县,《海阳县志》,海阳县：春大饥，人相食，赈银粟。——乾隆《海阳县志》卷三灾祥,海阳县为推测，原文为海阳县,v1,1,"仅存在于：v1；缺少：v2,v3,v4"
1503,1616,明神宗万历四十四年,山东,威海市,荣成市,荣成县,《荣成县志》,荣成县：春大饥，人相食，斗粟千钱。——道光《荣成县志》卷一灾祥,荣成县为推测，原文为荣成县,v1,1,"仅存在于：v1；缺少：v2,v3,v4"
1504,1616,明神宗万历四十四年,山东,曲阜市,曲阜市,无,《曲阜县志》,曲阜市：春大饥，蠲金赈之。夏旱，蝗。饥，人相食。——乾隆《曲阜县志》卷二灾祥,无,"v2,v4",2,"仅存在于：v2,v4；缺少：v1,v3"
1505,1616,明神宗万历四十四年,山东,泰安市,肥城市,肥城县,《肥城县志》,肥城县：旱蝗相连，人民相食，死者枕藉。——康熙《肥城县志》下卷,肥城县为推测，原文为肥城县,v1,1,"仅存在于：v1；缺少：v2,v3,v4"
1506,1616,明神宗万历四十四年,山东,济南市,莱芜区,莱芜县,《莱芜县志》,莱芜市：正月大饥，人相食，有食马者，甚至父杀其子食之，夫妇兄弟自相杀食，逃入徐、淮者以数十万计、春夏大饥，二月皆焦。五月，飞蝗蔽野，食秋禾一空，村落如扫。——光绪《莱芜县志》卷二灾祥,莱芜县为推测，原文为莱芜县,v1,1,"仅存在于：v1；缺少：v2,v3,v4"
1507,1616,明神宗万历四十四年,山东,济宁市,曲阜市,曲阜县,《曲阜县志》,曲阜市：春大饥，蠲金赈之。夏旱，蝗。饥，人相食。——乾隆《曲阜县志》卷二灾祥,曲阜县为推测，原文为曲阜县,v1,1,"仅存在于：v1；缺少：v2,v3,v4"
1508,1616,明神宗万历四十四年,山东,滨州市,惠民县,无,《武定州志》,惠民县：春大歉，人相食。——崇祯《武定州志》卷十一灾祥,无,v1,1,"仅存在于：v1；缺少：v2,v3,v4"
1509,1616,明神宗万历四十四年,山东,滨州市,阳信县,无,《阳信县志》,阳信县：人相食。夏秋大疫。——康熙《阳信县志》卷三灾异,无,v1,1,"仅存在于：v1；缺少：v2,v3,v4"
1510,1616,明神宗万历四十四年,山东,潍坊市,青州市,无,《华北、东北近五百年旱涝史料》,青州市：大饥，人相食。——《华北、东北近五百年旱涝史料》第三分册，第7页。,无,v1,1,"仅存在于：v1；缺少：v2,v3,v4"
1511,1616,明神宗万历四十四年,山东,烟台市,莱阳市,莱阳县,《莱阳县志》,莱阳县：春大饥，人相食，赈银粟。——康熙《莱阳县志》卷九灾祥,莱阳县为推测，原文为莱阳县,v1,1,"仅存在于：v1；缺少：v2,v3,v4"
1512,1616,明神宗万历四十四年,山东,烟台市,蓬莱县,无,《登州府志》,蓬莱县：春，各属游饥，至人相食，饿殍载路，盗聚夜劫市，卖子女。——光绪《登州府志》卷二十三水旱丰饥,无,v1,1,"仅存在于：v1；缺少：v2,v3,v4"
1513,1616,明神宗万历四十四年,山东,烟台市,龙口市,黄县,《黄县志》,龙口市：春大饥，斗粟千钱，饿殍载道，盗聚夜劫市，并人至相食，市卖子女。黄县设粥厂十二处。——康熙《黄县志》卷七祥异,黄县为推测，原文为黄县,v1,1,"仅存在于：v1；缺少：v2,v3,v4"
1514,1616,明神宗万历四十四年,山东,莱芜市,莱芜市,无,《莱芜县志》,莱芜市：正月大饥，人相食，有食马者，甚至父杀其子食之，夫妇兄弟自相杀食，逃入徐、淮者以数十万计、春夏大饥，二月皆焦。五月，飞蝗蔽野，食秋禾一空，村落如扫。——光绪《莱芜县志》卷二灾祥,无,"v2,v4",2,"仅存在于：v2,v4；缺少：v1,v3"
1515,1616,明神宗万历四十四年,山东,青州市,青州市,无,《华北、东北近五百年旱涝史料》,青州市：大饥，人相食。——《华北、东北近五百年旱涝史料》第三分册，第7页。,无,"v2,v4",2,"仅存在于：v2,v4；缺少：v1,v3"
1516,1616,明神宗万历四十四年,山东,龙口市,龙口市,无,《黄县志》,龙口市：春大饥，斗粟千钱，饿殍载道，盗聚夜劫市，并人至相食，市卖子女。黄县设粥厂十二处。——康熙《黄县志》卷七祥异,无,v4,1,"仅存在于：v4；缺少：v1,v2,v3"
1517,1616,明神宗万历四十四年,河北,无,盐山县,无,《交河县志》,盐山县：大饥，人民相食，饿莩载道。——康熙《交河县志》卷七灾祥,无,"v2,v4",2,"仅存在于：v2,v4；缺少：v1,v3"
1518,1616,明神宗万历四十四年,河北,沧州市,盐山县,无,《交河县志》,盐山县：大饥，人民相食，饿莩载道。——康熙《交河县志》卷七灾祥,无,v1,1,"仅存在于：v1；缺少：v2,v3,v4"
1519,1617,明神宗万历四十五年,山东,无,肥城县,无,《肥城县志》,肥城县：旱蝗相连。人民相食，死者枕藉。——康熙《肥城县志》下卷,无,"v1,v2,v3,v4",4,
1520,1617,明神宗万历四十五年,山东,无,莱州市,无,《枣林杂俎》,莱州市：万历四十五年，山东连续饥荒，莱州公开卖人肉。中州兄弟两无子，去山东买妾，遇二女，自称姑嫂，骗兄弟往。兄得小姑。小姑私语之曰：汝弟已为我嫂制成肉羹矣。兄急往视，弟头尚扔炕下。兄急诉之县，抵嫂于罪，兄带小姑去。——《枣林杂俎》,无,"v1,v4",2,"仅存在于：v1,v4；缺少：v2,v3"
1521,1617,明神宗万历四十五年,山东,莱州市,无,无,《枣林杂俎》,莱州市：万历四十五年，山东连续饥荒，莱州公开卖人肉。中州兄弟两无子，去山东买妾，遇二女，自称姑嫂，骗兄弟往。兄得小姑。小姑私语之曰：汝弟已为我嫂制成肉羹矣。兄急往视，弟头尚扔炕下。兄急诉之县，抵嫂于罪，兄带小姑去。——《枣林杂俎》,无,"v2,v3",2,"仅存在于：v2,v3；缺少：v1,v4"
1522,1617,明神宗万历四十五年,河北,无,河津县,无,《河津县志》,河津县：夏大旱，赤地千里。入秋霾雨浃旬籽粒无收，人饥相食。——康熙《河津县志》卷八祥异,无,"v1,v2,v3,v4",4,
1523,1618,明神宗万历四十六年,广西,无,宜山县,无,《庆远府志》,广西宜山县等：庆远府属大旱，人相食，疫死者七八。庶民廖落始此。——道光《庆远府志》卷二十祥禄,无,"v1,v2,v3,v4",4,
1524,1618,明神宗万历四十六年,河南,无,渑池县,无,《渑池县志》,河南渑池县：旱，蝗。人相食。——民国《渑池县志》卷十九祥异,无,"v1,v2,v3,v4",4,
1525,1619,明神宗万历四十七年,安徽,无,凤阳,无,《凤阳县志》,凤阳县：大旱，无麦禾，民食树皮，饿死者半。大饥，人相食。——乾隆《凤阳县志》卷十五纪事,无,v4,1,"仅存在于：v4；缺少：v1,v2,v3"
1526,1619,明神宗万历四十七年,安徽,无,凤阳县,无,《凤阳县志》,凤阳县：大旱，无麦禾，民食树皮，饿死者半。大饥，人相食。——乾隆《凤阳县志》卷十五纪事,无,"v1,v2",2,"仅存在于：v1,v2；缺少：v3,v4"
1527,1619,明神宗万历四十七年,安徽,凤阳县,无,无,《凤阳县志》,凤阳县：大旱，无麦禾，民食树皮，饿死者半。大饥，人相食。——乾隆《凤阳县志》卷十五纪事,无,v3,1,"仅存在于：v3；缺少：v1,v2,v4"
1528,1619,明神宗万历四十七年,河南,无,新安,无,《新安县志》,新安县：旱，断青，人相食。——康熙《新安县志》卷十七灾异,无,v4,1,"仅存在于：v4；缺少：v1,v2,v3"
1529,1619,明神宗万历四十七年,河南,无,新安县,无,《新安县志》,新安县：旱，断青，人相食。——康熙《新安县志》卷十七灾异,无,"v1,v2",2,"仅存在于：v1,v2；缺少：v3,v4"
1530,1619,明神宗万历四十七年,河南,无,荥阳,无,《荥阳县志》,荥阳县：大旱，人相食。——康熙《荥阳县志》卷一灾祥,无,v4,1,"仅存在于：v4；缺少：v1,v2,v3"
1531,1619,明神宗万历四十七年,河南,无,荥阳县,无,《荥阳县志》,荥阳县：大旱，人相食。——康熙《荥阳县志》卷一灾祥,无,"v1,v2",2,"仅存在于：v1,v2；缺少：v3,v4"
1532,1619,明神宗万历四十七年,河南,新安县,无,无,《新安县志》,新安县：旱，断青，人相食。——康熙《新安县志》卷十七灾异,无,v3,1,"仅存在于：v3；缺少：v1,v2,v4"
1533,1619,明神宗万历四十七年,河南,荥阳县,无,无,《荥阳县志》,荥阳县：大旱，人相食。——康熙《荥阳县志》卷一灾祥,无,v3,1,"仅存在于：v3；缺少：v1,v2,v4"
1534,1625,明熹宗天启五年,陕西,延安市,无,无,《国榷》转引《西北灾荒史》,延安市：是岁延安大饥，人相食。——《国榷》谈迁，转引自《西北灾荒史》第1627页。,无,"v1,v2,v3,v4",4,
1535,1627,明熹宗天启七年,江苏,无,无,海州,《淮安府实录备草》,江苏：连云港市：六月，海（州），赣（榆）复夏，山田尽枯，民皆拆屋以炊，易子而食。——崇祯《淮安府实录备草》卷十八祥异,海州为推测，原文为古代地名海州,"v3,v4",2,"仅存在于：v3,v4；缺少：v1,v2"
1536,1627,明熹宗天启七年,江苏,无,赣榆,无,《淮安府实录备草》,江苏：连云港市：六月，海（州），赣（榆）复夏，山田尽枯，民皆拆屋以炊，易子而食。——崇祯《淮安府实录备草》卷十八祥异,无,v4,1,"仅存在于：v4；缺少：v1,v2,v3"
1537,1627,明熹宗天启七年,江苏,连云港市,无,无,《淮安府实录备草》,连云港市：六月，海（州），赣（榆）复夏，山田尽枯，民皆拆屋以炊，易子而食。——崇祯《淮安府实录备草》卷十八祥异,无,v2,1,"仅存在于：v2；缺少：v1,v3,v4"
1538,1627,明熹宗天启七年,江苏,连云港市,海州,海州,《淮安府实录备草》,连云港市：六月，海（州），赣（榆）复夏，山田尽枯，民皆拆屋以炊，易子而食。——崇祯《淮安府实录备草》卷十八祥异,无,v1,1,"仅存在于：v1；缺少：v2,v3,v4"
1539,1629,明思宗崇祯二年,河北,无,万全县,无,《万全县志》,万全县：大饥，人相食。——乾隆《万全县志》灾祥,无,"v1,v2,v3,v4",4,
1540,1629,明思宗崇祯二年,河北,无,宣化县,无,《宣化县志》,宣化县：大饥，人相食。——康熙《宣化县志》卷五灾祥,无,"v1,v2,v3,v4",4,
1541,1629,明思宗崇祯二年,河北,无,怀来县,无,《怀来县志》,怀来县：夏大旱。至二年春，斗米银一两，人相食。——康熙《怀来县志》卷二灾异,无,"v1,v2,v3,v4",4,
1542,1629,明思宗崇祯二年,河北,无,涿鹿县,无,《保安州志》,涿鹿县：春，斗米银一两，人相食。——康熙十一年《保安州志》卷二灾异,原文来源为《保安州志》，记录地为涿鹿县,"v1,v2,v3,v4",4,
1543,1629,明思宗崇祯二年,河北,无,赤城县,无,《龙门县志》,赤城县：大饥，人相食。——康熙《龙门县志》卷二灾祥,原文来源为《龙门县志》，记录地为赤城县,"v1,v2,v3,v4",4,
1544,1629,明思宗崇祯二年,河北,无,阳原县,无,《西宁县志》,阳原县：大饥，人相食。——康熙《西宁县志》卷一灾祥,原文来源为《西宁县志》，记录地为阳原县,"v1,v2,v3,v4",4,
1545,1630,明思宗崇祯三年,宁夏,无,隆德县,无,《重修隆德县志》,隆德县：不雨，自四月至秋八月，飞蝗蔽天。大饥，父子相食。——民国《重修隆德县志》卷四祥异,无,"v1,v3",2,"仅存在于：v1,v3；缺少：v2,v4"
1546,1630,明思宗崇祯三年,宁夏,固原市,隆德县,无,《重修隆德县志》,隆德县：不雨，自四月至秋八月，飞蝗蔽天。大饥，父子相食。——民国《重修隆德县志》卷四祥异,无,"v2,v4",2,"仅存在于：v2,v4；缺少：v1,v3"
1547,1630,明思宗崇祯三年,河北,无,遵化县,无,《直录遵化州志》,遵化县：蝗蝻遍野。秋冬大饥，人相食，冻饿死者枕藉道路。——乾隆《直录遵化州志》卷二灾异,无,"v1,v3",2,"仅存在于：v1,v3；缺少：v2,v4"
1548,1630,明思宗崇祯三年,河北,唐山市,遵化县,无,《直录遵化州志》,遵化县：蝗蝻遍野。秋冬大饥，人相食，冻饿死者枕藉道路。——乾隆《直录遵化州志》卷二灾异,无,"v2,v4",2,"仅存在于：v2,v4；缺少：v1,v3"
1549,1630,明思宗崇祯三年,河南,洛阳市,无,无,《河南府志》,洛阳市：庚午、辛未、壬申大旱，野无青草，十室九空。于是有斗米千钱者，有采菜根木叶充饥者，有夫弃其妻、父弃其子，有骨肉相残食者。——乾隆《河南府志》卷七十八艺文,无,"v1,v4",2,"仅存在于：v1,v4；缺少：v2,v3"
1550,1630,明思宗崇祯三年,河南,洛阳市,洛阳市,无,《河南府志》,洛阳市：庚午、辛未、壬申大旱，野无青草，十室九空。于是有斗米千钱者，有采菜根木叶充饥者，有夫弃其妻、父弃其子，有骨肉相残食者。——乾隆《河南府志》卷七十八艺文,无,v2,1,"仅存在于：v2；缺少：v1,v3,v4"
1551,1630,明思宗崇祯三年,陕西,无,子长县,安定县,《安定县志》,子长县：又旱饥，人相食。——雍正《安定县志》灾祥,无,"v1,v3",2,"仅存在于：v1,v3；缺少：v2,v4"
1552,1630,明思宗崇祯三年,陕西,无,清涧县,无,《清涧县志》,清涧县：大饥。盗起，斗栗六钱，人民相食。死者遍城野，掘万人坑瘞之。发帑金数十万，命御史赈焉。自是连岁皆饥，至十五年方稔。——道光《清涧县志》卷一灾祥,无,"v1,v3",2,"仅存在于：v1,v3；缺少：v2,v4"
1553,1630,明思宗崇祯三年,陕西,延安市,无,无,《重修延安府志》,延安市：又旱饥，人相食。各县掘万人坑。安塞马懋才俱上疏，诏发赈。——嘉庆《重修延安府志》卷六十事表,无,"v1,v3,v4",3,"仅存在于：v1,v3,v4；缺少：v2"
1554,1630,明思宗崇祯三年,陕西,延安市,子长县,安定县,《安定县志》,子长县：又旱饥，人相食。——雍正《安定县志》灾祥,无,"v2,v4",2,"仅存在于：v2,v4；缺少：v1,v3"
1555,1630,明思宗崇祯三年,陕西,延安市,延安市,无,《重修延安府志》,延安市：又旱饥，人相食。各县掘万人坑。安塞马懋才俱上疏，诏发赈。——嘉庆《重修延安府志》卷六十事表,无,v2,1,"仅存在于：v2；缺少：v1,v3,v4"
1556,1630,明思宗崇祯三年,陕西,榆林市,清涧县,无,《清涧县志》,清涧县：大饥。盗起，斗栗六钱，人民相食。死者遍城野，掘万人坑瘞之。发帑金数十万，命御史赈焉。自是连岁皆饥，至十五年方稔。——道光《清涧县志》卷一灾祥,无,"v2,v4",2,"仅存在于：v2,v4；缺少：v1,v3"
1557,1631,明思宗崇祯四年,湖北,无,红安县,无,《黄安县志》,红安县：蝗大灾，人相食。——道光《黄安县志》卷八行善,无,"v1,v2,v3,v4",4,
1558,1631,明思宗崇祯四年,陕西,无,扶风县,无,《扶风县志》,扶风县：四月，霍雨伤禾，人相食。——顺治《扶风县志》卷一灾祥,无,"v1,v3,v4",3,"仅存在于：v1,v3,v4；缺少：v2"
1559,1631,明思宗崇祯四年,陕西,扶风,无,无,《扶风县志》,扶风县：四月，霍雨伤禾，人相食。——顺治《扶风县志》卷一灾祥,无,v2,1,"仅存在于：v2；缺少：v1,v3,v4"
1560,1632,明思宗崇祯五年,山西,无,永和县,无,《华北、东北近五百年旱涝史料》,永和县：大旱，人相食，惨不可言。——《华北、东北近五百年旱涝史料》第五分册，第43页。,无,"v1,v3,v4",3,"仅存在于：v1,v3,v4；缺少：v2"
1561,1632,明思宗崇祯五年,山西,无,河曲县,无,《河曲县志》,河曲县：大饥，人相食。时斗米五钱，军民争食死人。有李峥杀人而食，事发，至毙杖下。——顺治《河曲县志》卷四纪异,无,"v1,v3,v4",3,"仅存在于：v1,v3,v4；缺少：v2"
1562,1632,明思宗崇祯五年,山西,永和县,永和县,无,《华北、东北近五百年旱涝史料》,永和县：大旱，人相食，惨不可言。——《华北、东北近五百年旱涝史料》第五分册，第43页。,无,v2,1,"仅存在于：v2；缺少：v1,v3,v4"
1563,1632,明思宗崇祯五年,山西,河曲县,河曲县,无,《河曲县志》,河曲县：大饥，人相食。时斗米五钱，军民争食死人。有李峥杀人而食，事发，至毙杖下。——顺治《河曲县志》卷四纪异,无,v2,1,"仅存在于：v2；缺少：v1,v3,v4"
1564,1632,明思宗崇祯五年,陕西,无,子长县,安定县,《安定县志》,子长县：春旱，人相食。——雍正《安定县志》灾祥,无,"v1,v3,v4",3,"仅存在于：v1,v3,v4；缺少：v2"
1565,1632,明思宗崇祯五年,陕西,无,安塞县,无,《重修延安府志》,安塞县：安塞大荒，斗米八钱，民始掘草根、柳叶、树皮，继捣石啖之。人相残贼，僵尸遍野。——嘉庆《重修延安府志》卷六大事表,无,"v3,v4",2,"仅存在于：v3,v4；缺少：v1,v2"
1566,1632,明思宗崇祯五年,陕西,子长县,子长县,安定县,《安定县志》,子长县：春旱，人相食。——雍正《安定县志》灾祥,无,v2,1,"仅存在于：v2；缺少：v1,v3,v4"
1567,1633,明思宗崇祯六年,山西,无,永和县,无,《永和县志》,永和县：六、七年，大旱，民间食草饭砂，人相食，惨不堪言，莫甚于此。——康熙《永和县志》卷二十二祥异,无,"v2,v3",2,"仅存在于：v2,v3；缺少：v1,v4"
1568,1633,明思宗崇祯六年,山西,无,汾阳县,无,《汾阳县志》,汾阳县：自八月至明年四月不雨，大饥，民相食。——康熙《汾阳县志》卷七灾祥,无,"v2,v3",2,"仅存在于：v2,v3；缺少：v1,v4"
1569,1633,明思宗崇祯六年,山西,无,蒲县,无,《蒲县新志》,蒲县：六、七两年，大旱，斗米价银七钱，蒲人先食草根木皮，其后咸食人肉，死者枕藉于路。有曹留住自食其父，声闻远近。——康熙《蒲县新志》灾祥,无,"v2,v3",2,"仅存在于：v2,v3；缺少：v1,v4"
1570,1633,明思宗崇祯六年,山西,无,隰县,无,《隰州志》,隰县：六、七两年，旱，斗米价银五钱，人民食草根木皮，死者枕藉于路，且有食人肉者。郡人李时进自食其子。——康熙《隰州志》卷二十四祥异,无,"v2,v3",2,"仅存在于：v2,v3；缺少：v1,v4"
1571,1633,明思宗崇祯六年,山西,临汾市,永和县,无,《永和县志》,永和县：六、七年，大旱，民间食草饭砂，人相食，惨不堪言，莫甚于此。——康熙《永和县志》卷二十二祥异,无,v1,1,"仅存在于：v1；缺少：v2,v3,v4"
1572,1633,明思宗崇祯六年,山西,临汾市,蒲县,无,《蒲县新志》,蒲县：六、七两年，大旱，斗米价银七钱，蒲人先食草根木皮，其后咸食人肉，死者枕藉于路。有曹留住自食其父，声闻远近。——康熙《蒲县新志》灾祥,无,v1,1,"仅存在于：v1；缺少：v2,v3,v4"
1573,1633,明思宗崇祯六年,山西,临汾市,隰县,无,《隰州志》,隰县：六、七两年，旱，斗米价银五钱，人民食草根木皮，死者枕藉于路，且有食人肉者。郡人李时进自食其子。——康熙《隰州志》卷二十四祥异,无,v1,1,"仅存在于：v1；缺少：v2,v3,v4"
1574,1633,明思宗崇祯六年,山西,吕梁市,汾阳县,无,《汾阳县志》,汾阳县：自八月至明年四月不雨，大饥，民相食。——康熙《汾阳县志》卷七灾祥,无,v1,1,"仅存在于：v1；缺少：v2,v3,v4"
1575,1633,明思宗崇祯六年,山西,永和县,永和县,无,《永和县志》,永和县：六、七年，大旱，民间食草饭砂，人相食，惨不堪言，莫甚于此。——康熙《永和县志》卷二十二祥异,该记录涵盖崇祯六、七年,v4,1,"仅存在于：v4；缺少：v1,v2,v3"
1576,1633,明思宗崇祯六年,山西,汾阳县,汾阳县,无,《汾阳县志》,汾阳县：自八月至明年四月不雨，大饥，民相食。——康熙《汾阳县志》卷七灾祥,无,v4,1,"仅存在于：v4；缺少：v1,v2,v3"
1577,1633,明思宗崇祯六年,山西,蒲县,蒲县,无,《蒲县新志》,蒲县：六、七两年，大旱，斗米价银七钱，蒲人先食草根木皮，其后咸食人肉，死者枕藉于路。有曹留住自食其父，声闻远近。——康熙《蒲县新志》灾祥,该记录涵盖崇祯六、七年,v4,1,"仅存在于：v4；缺少：v1,v2,v3"
1578,1633,明思宗崇祯六年,山西,隰县,隰县,无,《隰州志》,隰县：六、七两年，旱，斗米价银五钱，人民食草根木皮，死者枕藉于路，且有食人肉者。郡人李时进自食其子。——康熙《隰州志》卷二十四祥异,该记录涵盖崇祯六、七年；隰县为原文县名，隰州为古代州名,v4,1,"仅存在于：v4；缺少：v1,v2,v3"
1579,1633,明思宗崇祯六年,陕西,无,米脂县,无,《陕西通志》,米脂县：大旱，斗米千钱，人相食。——康熙六年《陕西通志》卷三十祥异,无,"v2,v3",2,"仅存在于：v2,v3；缺少：v1,v4"
1580,1633,明思宗崇祯六年,陕西,无,靖边县,无,《靖边县志》,靖边县：六年癸酉，七年甲戌，八年乙亥俱大旱，赤地千里，斗粟一两二钱，民饥死者十之九，人相食，父母子女夫妻相食者有之。粮食人，三五成群，昼游城市，往往于稠众中攫人食之。——康熙《靖边县志》灾异,无,"v2,v3",2,"仅存在于：v2,v3；缺少：v1,v4"
1581,1633,明思宗崇祯六年,陕西,榆林市,米脂县,无,《陕西通志》,米脂县：大旱，斗米千钱，人相食。——康熙六年《陕西通志》卷三十祥异,无,v1,1,"仅存在于：v1；缺少：v2,v3,v4"
1582,1633,明思宗崇祯六年,陕西,榆林市,靖边县,无,《靖边县志》,靖边县：六年癸酉，七年甲戌，八年乙亥俱大旱，赤地千里，斗粟一两二钱，民饥死者十之九，人相食，父母子女夫妻相食者有之。粮食人，三五成群，昼游城市，往往于稠众中攫人食之。——康熙《靖边县志》灾异,无,v1,1,"仅存在于：v1；缺少：v2,v3,v4"
1583,1633,明思宗崇祯六年,陕西,米脂县,米脂县,无,《陕西通志》,米脂县：大旱，斗米千钱，人相食。——康熙六年《陕西通志》卷三十祥异,无,v4,1,"仅存在于：v4；缺少：v1,v2,v3"
1584,1633,明思宗崇祯六年,陕西,靖边县,靖边县,无,《靖边县志》,靖边县：六年癸酉，七年甲戌，八年乙亥俱大旱，赤地千里，斗粟一两二钱，民饥死者十之九，人相食，父母子女夫妻相食者有之。粮食人，三五成群，昼游城市，往往于稠众中攫人食之。——康熙《靖边县志》灾异,该记录涵盖崇祯六、七、八年,v4,1,"仅存在于：v4；缺少：v1,v2,v3"
1585,1634,明思宗崇祯七年,山西,无,无,永宁州,《平寇志》,离石县：四月甲戌（十九）'发帑银五万，命御史梁炳赈饥陕西。时山西永宁州（离石县）民苏倚哥杀父母灸而食之。'——清彭贻孙《平寇志》崇祯七年,原文为古代地名永宁州，永宁州即今离石县,"v1,v2,v3,v4",4,
1586,1634,明思宗崇祯七年,山西,无,万泉,无,《山西通志》,太平、蒲县、安邑、万泉、绛州、阳城、隰州、垣曲、蒲州饥，人相食。——康熙《山西通志》卷三十祥异,无,v4,1,"仅存在于：v4；缺少：v1,v2,v3"
1587,1634,明思宗崇祯七年,山西,无,万泉县,无,《山西通志》,太平、蒲县、安邑、万泉、绛州、阳城、隰州、垣曲、蒲州饥，人相食。——康熙《山西通志》卷三十祥异,无,v2,1,"仅存在于：v2；缺少：v1,v3,v4"
1588,1634,明思宗崇祯七年,山西,无,吉县,无,《吉州志》,吉县：岁大饥，人互相食。——康熙《吉州志》卷下纪年,无,"v1,v2,v3,v4",4,
1589,1634,明思宗崇祯七年,山西,无,垣曲,无,《垣曲县志》,垣曲县：春夏亢旱，二麦尽枯。人民剥树皮、掘草根啖食充饥，甚之骨肉相食，尸首遍野，饿死流离者大半。——康熙《垣曲县志》卷十二灾荒,无,"v3,v4",2,"仅存在于：v3,v4；缺少：v1,v2"
1590,1634,明思宗崇祯七年,山西,无,垣曲县,无,《垣曲县志》,垣曲县：春夏亢旱，二麦尽枯。人民剥树皮、掘草根啖食充饥，甚之骨肉相食，尸首遍野，饿死流离者大半。——康熙《垣曲县志》卷十二灾荒,无,"v1,v2,v4",3,"仅存在于：v1,v2,v4；缺少：v3"
1591,1634,明思宗崇祯七年,山西,无,大宁,无,《大宁县志》,大宁县：饥，人相食，死者以数千计。——雍正《大宁县志》卷七灾祥,无,v3,1,"仅存在于：v3；缺少：v1,v2,v4"
1592,1634,明思宗崇祯七年,山西,无,大宁县,无,《大宁县志》,大宁县：饥，人相食，死者以数千计。——雍正《大宁县志》卷七灾祥,无,"v1,v2,v4",3,"仅存在于：v1,v2,v4；缺少：v3"
1593,1634,明思宗崇祯七年,山西,无,太平,无,《山西通志》,太平、蒲县、安邑、万泉、绛州、阳城、隰州、垣曲、蒲州饥，人相食。——康熙《山西通志》卷三十祥异,无,"v3,v4",2,"仅存在于：v3,v4；缺少：v1,v2"
1594,1634,明思宗崇祯七年,山西,无,太平、蒲县、安邑、万泉、绛州、阳城、隰州、垣曲、蒲州,无,《山西通志》,太平、蒲县、安邑、万泉、绛州、阳城、隰州、垣曲、蒲州饥，人相食。——康熙《山西通志》卷三十祥异,多县泛指,v1,1,"仅存在于：v1；缺少：v2,v3,v4"
1595,1634,明思宗崇祯七年,山西,无,太平县,无,《山西通志》,太平、蒲县、安邑、万泉、绛州、阳城、隰州、垣曲、蒲州饥，人相食。——康熙《山西通志》卷三十祥异,无,v2,1,"仅存在于：v2；缺少：v1,v3,v4"
1596,1634,明思宗崇祯七年,山西,无,安邑,无,《山西通志》,太平、蒲县、安邑、万泉、绛州、阳城、隰州、垣曲、蒲州饥，人相食。——康熙《山西通志》卷三十祥异,无,v4,1,"仅存在于：v4；缺少：v1,v2,v3"
1597,1634,明思宗崇祯七年,山西,无,安邑县,无,《山西通志》,太平、蒲县、安邑、万泉、绛州、阳城、隰州、垣曲、蒲州饥，人相食。——康熙《山西通志》卷三十祥异,无,v2,1,"仅存在于：v2；缺少：v1,v3,v4"
1598,1634,明思宗崇祯七年,山西,无,晋城市,无,《凤台县志》,晋城市：大旱，饥，人相食。——乾隆《凤台县志》卷十二纪事,无,v1,1,"仅存在于：v1；缺少：v2,v3,v4"
1599,1634,明思宗崇祯七年,山西,无,汾阳,无,《汾阳县志》,汾阳县：自去年八月至今年四月不雨，大饥，民相食。——康熙《汾阳县志》卷七灾祥,无,v3,1,"仅存在于：v3；缺少：v1,v2,v4"
1600,1634,明思宗崇祯七年,山西,无,汾阳县,无,《汾阳县志》,汾阳县：自去年八月至今年四月不雨，大饥，民相食。——康熙《汾阳县志》卷七灾祥,无,"v1,v2,v4",3,"仅存在于：v1,v2,v4；缺少：v3"
1601,1634,明思宗崇祯七年,山西,无,离石县,永宁州,《平寇志》,离石县：四月甲戌（十九）“发帑银五万，命御史梁炳赈饥陕西。时山西永宁州（离石县）民苏倚哥杀父母灸而食之。”——清彭贻孙《平寇志》崇祯七年,ancient_name为永宁州,"v1,v4",2,"仅存在于：v1,v4；缺少：v2,v3"
1602,1634,明思宗崇祯七年,山西,无,绛州,无,《山西通志》,太平、蒲县、安邑、万泉、绛州、阳城、隰州、垣曲、蒲州饥，人相食。——康熙《山西通志》卷三十祥异,无,v2,1,"仅存在于：v2；缺少：v1,v3,v4"
1603,1634,明思宗崇祯七年,山西,无,蒲县,无,《山西通志》,太平、蒲县、安邑、万泉、绛州、阳城、隰州、垣曲、蒲州饥，人相食。——康熙《山西通志》卷三十祥异,无,"v2,v3,v4",3,"仅存在于：v2,v3,v4；缺少：v1"
1604,1634,明思宗崇祯七年,山西,无,蒲州,无,《山西通志》,太平、蒲县、安邑、万泉、绛州、阳城、隰州、垣曲、蒲州饥，人相食。——康熙《山西通志》卷三十祥异,无,v2,1,"仅存在于：v2；缺少：v1,v3,v4"
1605,1634,明思宗崇祯七年,山西,无,阳城,无,《山西通志》,太平、蒲县、安邑、万泉、绛州、阳城、隰州、垣曲、蒲州饥，人相食。——康熙《山西通志》卷三十祥异,无,"v3,v4",2,"仅存在于：v3,v4；缺少：v1,v2"
1606,1634,明思宗崇祯七年,山西,无,阳城县,无,《山西通志》,太平、蒲县、安邑、万泉、绛州、阳城、隰州、垣曲、蒲州饥，人相食。——康熙《山西通志》卷三十祥异,无,v2,1,"仅存在于：v2；缺少：v1,v3,v4"
1607,1634,明思宗崇祯七年,山西,无,隰州,无,《山西通志》,太平、蒲县、安邑、万泉、绛州、阳城、隰州、垣曲、蒲州饥，人相食。——康熙《山西通志》卷三十祥异,无,v2,1,"仅存在于：v2；缺少：v1,v3,v4"
1608,1634,明思宗崇祯七年,山西,临汾市,隰县,隰州,《山西通志》,太平、蒲县、安邑、万泉、绛州、阳城、隰州、垣曲、蒲州饥，人相食。——康熙《山西通志》卷三十祥异,隰州为推测，原文为古代地名隰州,v4,1,"仅存在于：v4；缺少：v1,v2,v3"
1609,1634,明思宗崇祯七年,山西,吕梁市,离石,永宁州,《平寇志》,"离石县：四月甲戌（十九）""发帑银五万，命御史梁炳赈饥陕西。时山西永宁州（离石县）民苏倚哥杀父母灸而食之。""——清彭贻孙《平寇志》崇祯七年",永宁州为古代地名，今山西省吕梁市离石区,v1,1,"仅存在于：v1；缺少：v2,v3,v4"
1610,1634,明思宗崇祯七年,山西,吕梁市,离石县,永宁州,平寇志,离石县：四月甲戌（十九）'发帑银五万，命御史梁炳赈饥陕西。时山西永宁州（离石县）民苏倚哥杀父母灸而食之。'——清彭贻孙《平寇志》崇祯七年,无,"v1,v2",2,"仅存在于：v1,v2；缺少：v3,v4"
1611,1634,明思宗崇祯七年,山西,太原,无,无,《明史》,太原市：太原大饥，人相食。——《明史》卷三0《五行志》,原文为太原市,v3,1,"仅存在于：v3；缺少：v1,v2,v4"
1612,1634,明思宗崇祯七年,山西,太原市,无,无,《明史》,太原市：太原大饥，人相食。——《明史》卷三0《五行志》,无,"v1,v2,v4",3,"仅存在于：v1,v2,v4；缺少：v3"
1613,1634,明思宗崇祯七年,山西,晋城市,无,无,《凤台县志》,晋城市：大旱，饥，人相食。——乾隆《凤台县志》卷十二纪事,无,"v2,v4",2,"仅存在于：v2,v4；缺少：v1,v3"
1614,1634,明思宗崇祯七年,山西,运城市,新绛县,绛州,《山西通志》,太平、蒲县、安邑、万泉、绛州、阳城、隰州、垣曲、蒲州饥，人相食。——康熙《山西通志》卷三十祥异,绛州为推测，原文为古代地名绛州,v4,1,"仅存在于：v4；缺少：v1,v2,v3"
1615,1634,明思宗崇祯七年,山西,运城市,永济,蒲州,《山西通志》,太平、蒲县、安邑、万泉、绛州、阳城、隰州、垣曲、蒲州饥，人相食。——康熙《山西通志》卷三十祥异,蒲州为推测，原文为古代地名蒲州,v4,1,"仅存在于：v4；缺少：v1,v2,v3"
1616,1634,明思宗崇祯七年,河南,无,渑池,无,《渑池县志》,渑池县：大旱，赤地千里，人相食。——民国《渑池县志》卷十九祥异,无,v3,1,"仅存在于：v3；缺少：v1,v2,v4"
1617,1634,明思宗崇祯七年,河南,无,渑池县,无,《渑池县志》,渑池县：大旱，赤地千里，人相食。——民国《渑池县志》卷十九祥异,无,"v1,v2,v4",3,"仅存在于：v1,v2,v4；缺少：v3"
1618,1634,明思宗崇祯七年,河南,三门峡市,渑池,渑池,《渑池县志》,渑池县：大旱，赤地千里，人相食。——民国《渑池县志》卷十九祥异,无,v1,1,"仅存在于：v1；缺少：v2,v3,v4"
1619,1634,明思宗崇祯七年,陕西,无,无,无,《明史·吴甘来传》,陕西：西北大旱，秦、晋人相食。——《明史·吴甘来传》,秦为陕西，晋为山西,v1,1,"仅存在于：v1；缺少：v2,v3,v4"
1620,1634,明思宗崇祯七年,陕西,无,耀县,无,《续耀州志》,耀县：…入七年之春而更惨，初卖田产，既卖子女，又且先卖卖生，后卖卖死矣。初食死人，既食生人，又且先食食人，后食人食矣。——乾隆《续耀州志》卷九艺文,无,"v1,v4",2,"仅存在于：v1,v4；缺少：v2,v3"
1621,1634,明思宗崇祯七年,陕西,无,耀州,无,《续耀州志》,耀县：…入七年之春而更惨，初卖田产，既卖子女，又且先卖卖生，后卖卖死矣。初食死人，既食生人，又且先食食人，后食人食矣。——乾隆《续耀州志》卷九艺文,无,v3,1,"仅存在于：v3；缺少：v1,v2,v4"
1622,1634,明思宗崇祯七年,陕西,铜川市,耀县,无,《续耀州志》,耀县：…入七年之春而更惨，初卖田产，既卖子女，又且先卖卖生，后卖卖死矣。初食死人，既食生人，又且先食食人，后食人食矣。——乾隆《续耀州志》卷九艺文,无,v2,1,"仅存在于：v2；缺少：v1,v3,v4"
1623,1635,明思宗崇祯八年,河南,无,上蔡县,无,《上蔡县志》,上蔡县：春大疫。大饥，人相食。——康熙《上蔡县志》卷十二编年,无,"v1,v2,v3,v4",4,
1624,1635,明思宗崇祯八年,河南,无,汝南县,无,《汝阳县志》,汝南县：春大疫。谷贵，民多饥死，父母妻子析离，糜人而食，甚有母食子，幼食老者，田地自此荒芜。秋旱，碾块待雨，正月种麦。——顺治《汝阳县志》卷十轡祥,无,"v1,v2,v3,v4",4,
1625,1635,明思宗崇祯八年,陕西,无,靖边县,无,《靖边志稿》,靖边县：大旱，赤地千里，民饥死者十之八九，人相食。——《靖边志稿》（光绪二十五年），《西北灾荒史》第433页。,无,"v1,v2,v3,v4",4,
1626,1636,明思宗崇祯九年,山西,无,无,无,《明史·庄烈帝纪》,山西：二月，山西大饥，人相食。——《明史·庄烈帝纪》,无,"v1,v2,v3,v4",4,
1627,1636,明思宗崇祯九年,山西,无,保德县,保德州,《保德州志》,保德县：九年以后，无岁不荒，至十三年斗米八钱，人相食。——康熙《保德州志》卷三祥异,无,"v1,v3,v4",3,"仅存在于：v1,v3,v4；缺少：v2"
1628,1636,明思宗崇祯九年,山西,无,屯留县,无,《屯留县志》,屯留县：七月，蝗食禾，大饥，民相食。——康熙《屯留县志》卷三祥异,无,"v1,v3,v4",3,"仅存在于：v1,v3,v4；缺少：v2"
1629,1636,明思宗崇祯九年,山西,无,闻喜县,无,《闻喜县志》,闻喜县：是年正月，岭西官庄张孟春等杀食席师曾、席单凤，乡人首子官。知县杨伟绩据以申报荒灾，抚按题奏晋饥，援入疏内，故有是命。——民国《闻喜县志》卷二十四旧闻,无,"v1,v3",2,"仅存在于：v1,v3；缺少：v2,v4"
1630,1636,明思宗崇祯九年,山西,忻州市,保德县,无,《保德州志》,保德县：九年以后，无岁不荒，至十三年斗米八钱，人相食。——康熙《保德州志》卷三祥异,无,v2,1,"仅存在于：v2；缺少：v1,v3,v4"
1631,1636,明思宗崇祯九年,山西,运城市,闻喜县,无,《闻喜县志》,闻喜县：是年正月，岭西官庄张孟春等杀食席师曾、席单凤，乡人首子官。知县杨伟绩据以申报荒灾，抚按题奏晋饥，援入疏内，故有是命。——民国《闻喜县志》卷二十四旧闻,无,v2,1,"仅存在于：v2；缺少：v1,v3,v4"
1632,1636,明思宗崇祯九年,山西,长治市,屯留县,无,《屯留县志》,屯留县：七月，蝗食禾，大饥，民相食。——康熙《屯留县志》卷三祥异,无,v2,1,"仅存在于：v2；缺少：v1,v3,v4"
1633,1636,明思宗崇祯九年,河南,无,内乡县,无,《内乡县志》,内乡县：大疫，死亡不可胜数，竟有不掩埋者。人相食。——康熙《内乡县志》卷十一样异,无,"v1,v3,v4",3,"仅存在于：v1,v3,v4；缺少：v2"
1634,1636,明思宗崇祯九年,河南,无,南阳市,无,《明史》,南阳市：南阳大饥，有母烹其女者。——《明史》卷三0《五行志》,无,v4,1,"仅存在于：v4；缺少：v1,v2,v3"
1635,1636,明思宗崇祯九年,河南,无,桐柏县,无,《桐柏县志》,桐柏县：人相食。——乾隆《桐柏县志》卷一祥异,无,"v1,v3,v4",3,"仅存在于：v1,v3,v4；缺少：v2"
1636,1636,明思宗崇祯九年,河南,无,正阳县,无,《华北、东北近五百年旱涝史料》,正阳县：蝗，大饥，人相食。——《华北、东北近五百年旱涝史料》第四分册，第82页。,无,"v1,v3,v4",3,"仅存在于：v1,v3,v4；缺少：v2"
1637,1636,明思宗崇祯九年,河南,无,浙川县,无,《浙川县志》,浙川县：饥荒之余，瘟疫大作，死者仆道，父老夫妇老稚更相残食。——康熙《浙川县志》卷八灾祥,无,"v1,v3,v4",3,"仅存在于：v1,v3,v4；缺少：v2"
1638,1636,明思宗崇祯九年,河南,无,获嘉县,无,《获嘉县志》,获嘉县：九年至十三年，五载旱蝗，兼以兵贼焚掠，疫疠横作，民死于兵、死于贼、死于饥寒、并死于疫疠者，百不存一二，庐舍丘墟。存活者先食草根树皮，后至父子、兄弟、夫妻自相残食，惨不忍言，骸骨遍郊野。人不畏死，法亦不能禁也。——康熙《获嘉县志》卷十杂志,无,"v1,v3,v4",3,"仅存在于：v1,v3,v4；缺少：v2"
1639,1636,明思宗崇祯九年,河南,无,邓县,无,《邓州志》,邓县：夏蝗，旱，民相食。——顺治《邓州志》卷二郡纪,无,"v1,v3,v4",3,"仅存在于：v1,v3,v4；缺少：v2"
1640,1636,明思宗崇祯九年,河南,南阳,南阳,无,《明史》,南阳市：南阳大饥，有母烹其女者。——《明史》卷三0《五行志》,无,v2,1,"仅存在于：v2；缺少：v1,v3,v4"
1641,1636,明思宗崇祯九年,河南,南阳市,无,无,《明史》,南阳大饥，有母烹其女者。——《明史》卷三0《五行志》,无,v1,1,"仅存在于：v1；缺少：v2,v3,v4"
1642,1636,明思宗崇祯九年,河南,南阳市,内乡县,无,《内乡县志》,内乡县：大疫，死亡不可胜数，竟有不掩埋者。人相食。——康熙《内乡县志》卷十一样异,无,v2,1,"仅存在于：v2；缺少：v1,v3,v4"
1643,1636,明思宗崇祯九年,河南,南阳市,南阳县,无,《明史·五行志》,南阳市：南阳大饥，有母烹其女者。——《明史》卷三0《五行志》,无,v3,1,"仅存在于：v3；缺少：v1,v2,v4"
1644,1636,明思宗崇祯九年,河南,南阳市,桐柏县,无,《桐柏县志》,桐柏县：人相食。——乾隆《桐柏县志》卷一祥异,无,v2,1,"仅存在于：v2；缺少：v1,v3,v4"
1645,1636,明思宗崇祯九年,河南,南阳市,浙川县,无,《浙川县志》,浙川县：饥荒之余，瘟疫大作，死者仆道，父老夫妇老稚更相残食。——康熙《浙川县志》卷八灾祥,无,v2,1,"仅存在于：v2；缺少：v1,v3,v4"
1646,1636,明思宗崇祯九年,河南,南阳市,邓县,无,《邓州志》,邓县：夏蝗，旱，民相食。——顺治《邓州志》卷二郡纪,无,v2,1,"仅存在于：v2；缺少：v1,v3,v4"
1647,1636,明思宗崇祯九年,河南,新乡市,获嘉县,无,《获嘉县志》,获嘉县：九年至十三年，五载旱蝗，兼以兵贼焚掠，疫疠横作，民死于兵、死于贼、死于饥寒、并死于疫疠者，百不存一二，庐舍丘墟。存活者先食草根树皮，后至父子、兄弟、夫妻自相残食，惨不忍言，骸骨遍郊野。人不畏死，法亦不能禁也。——康熙《获嘉县志》卷十杂志,无,v2,1,"仅存在于：v2；缺少：v1,v3,v4"
1648,1636,明思宗崇祯九年,河南,驻马店市,正阳县,无,《华北、东北近五百年旱涝史料》,正阳县：蝗，大饥，人相食。——《华北、东北近五百年旱涝史料》第四分册，第82页,无,v2,1,"仅存在于：v2；缺少：v1,v3,v4"
1649,1637,明思宗崇祯十年,河南,无,沈丘县,无,《沈丘县志》,沈丘县：春大饥，民鬻子女，啖草子树皮，人相食。——顺治《沈丘县志》卷十三灾祥,无,"v1,v2,v3,v4",4,
1650,1637,明思宗崇祯十年,浙江,杭州,无,无,《杭州府志》,杭州市：大饥，父子、兄弟、夫妇相食。——光绪《杭州府志》卷一七八,无,v1,1,"仅存在于：v1；缺少：v2,v3,v4"
1651,1637,明思宗崇祯十年,浙江,杭州市,无,无,《杭州府志》,杭州市：大饥，父子、兄弟、夫妇相食。——光绪《杭州府志》卷一七八,无,"v2,v3,v4",3,"仅存在于：v2,v3,v4；缺少：v1"
1652,1638,明思宗崇祯十一年,山东,无,陵县,无,《陵县志》,陵县：岁歉，人无积蓄，父子夫妇相食，易子拆骸不是过也。邑令王彦芹严惩之，授亭长以杖犯者，置之死，死者数百，人渐戢。——康熙《陵县志》卷三祥异,无,"v1,v2,v3,v4",4,
1653,1638,明思宗崇祯十一年,山东,泰安,无,无,《华北、东北近五百年旱涝史料》,泰安市：大饥，人相食。——《华北、东北近五百年旱涝史料》第三分册，第8页。,无,v4,1,"仅存在于：v4；缺少：v1,v2,v3"
1654,1638,明思宗崇祯十一年,山东,泰安市,无,无,《华北、东北近五百年旱涝史料》,泰安市：大饥，人相食。——《华北、东北近五百年旱涝史料》第三分册，第8页。,无,"v1,v2,v3",3,"仅存在于：v1,v2,v3；缺少：v4"
1655,1638,明思宗崇祯十一年,山西,无,武乡县,无,《武乡县志》,武乡县：是年，先旱后风。民饥，人相食。——乾隆《武乡县志》卷二灾祥,无,"v1,v2,v3,v4",4,
1656,1638,明思宗崇祯十一年,山西,无,稷山县,无,《稷山县志》,稷山县：十一年至十三年频旱，野无青草，斗米千文，男女鬻者成市，草根树皮采食殆尽，甚至人相食。有幼懦独行，被人攫食者。有殡未旋踵，剖冢盗食者。有同室共寝，暮夜剔食者。有子死而父母食之者，父母死而子食之者。种种凄惨，不胜枚举。——康熙《稷山县志》卷一祥异,无,"v1,v2,v3,v4",4,
1657,1638,明思宗崇祯十一年,山西,无,襄垣县,无,《重修襄垣县志》,襄垣县：大旱。岁饥，人相食。——乾隆《重修襄垣县志》卷八祥异,无,"v1,v2,v3,v4",4,
1658,1638,明思宗崇祯十一年,河南,无,密县,无,《密县志》,密县：十一至十四年旱蝗迭际，荒歉异常，道馑枕藉，人至相食，即父子夫妇亦有忍啖不忌者。知县朱敏许拊念流涕，曾绘《流民图》奏进。——顺治九年《密县志》卷七祥异,无,"v1,v2,v3,v4",4,
1659,1638,明思宗崇祯十一年,湖北,无,竹溪县,无,《湖北通志》,竹溪县：饥，人相食。——嘉庆《湖北通志》卷四十六祥异,无,"v1,v2,v3,v4",4,
1660,1639,明思宗崇祯十二年,天津,天津,蓟县,无,《蓟州志》,蓟县：秋大饥，军民饿死无数，骨肉相食，道馑相望。——康熙十六年《蓟州志》卷一样异,无,v1,1,"仅存在于：v1；缺少：v2,v3,v4"
1661,1639,明思宗崇祯十二年,山东,无,寿张县,无,《寿张县志》,阳谷县：旱，蝗食禾草树叶一空。大饥，人相食。——光绪《寿张县志》卷十灾变,无,v1,1,"仅存在于：v1；缺少：v2,v3,v4"
1662,1639,明思宗崇祯十二年,山东,无,泗水县,无,《泗水县志》,泗水县：十二、十三年，蠡喙害稼，野无野草。十月后，草木生花。大饥，草木食尽。母子相啖，比屋而是。——康熙《泗水县志》卷十一灾祥,无,"v1,v2",2,"仅存在于：v1,v2；缺少：v3,v4"
1663,1639,明思宗崇祯十二年,山东,无,泰安,无,《济南府志》,泰安市：济南郡县旱蝗，民饥。历城、齐河疫疠大作。泰安连岁大饥，人相食。——康熙《济南府志》卷十灾祥,无,v2,1,"仅存在于：v2；缺少：v1,v3,v4"
1664,1639,明思宗崇祯十二年,山东,无,泰安市,泰安州,《济南府志》,泰安市：济南郡县旱蝗，民饥。历城、齐河疫疠大作。泰安连岁大饥，人相食。——康熙《济南府志》卷十灾祥,泰安为推测，原文为古代地名泰安州,v3,1,"仅存在于：v3；缺少：v1,v2,v4"
1665,1639,明思宗崇祯十二年,山东,无,益都县,无,《益都县志》,青州市：自春正月不雨至六月。秋七月，大蝗，水涸。大饥，人相食。——康熙《益都县志》卷二祥异,无,v2,1,"仅存在于：v2；缺少：v1,v3,v4"
1666,1639,明思宗崇祯十二年,山东,无,蒙阴县,无,《蒙阴县志》,蒙阴县：十二年至十四年，蝗蝻连灾，禾食既，民相食。——康熙十一年《蒙阴县志》卷二灾祥,无,"v1,v2",2,"仅存在于：v1,v2；缺少：v3,v4"
1667,1639,明思宗崇祯十二年,山东,无,郓城县,无,《郓城县志》,郓城县：蝗灾，至平地尺半许，禾草树叶一空。大饥，人相食。——康熙《郓城县志》卷七灾祥,无,"v1,v2",2,"仅存在于：v1,v2；缺少：v3,v4"
1668,1639,明思宗崇祯十二年,山东,无,阳谷县,无,《寿张县志》,阳谷县：旱，蝗食禾草树叶一空。大饥，人相食。——光绪《寿张县志》卷十灾变,无,v2,1,"仅存在于：v2；缺少：v1,v3,v4"
1669,1639,明思宗崇祯十二年,山东,临沂,蒙阴县,无,《蒙阴县志》,蒙阴县：十二年至十四年，蝗蝻连灾，禾食既，民相食。——康熙十一年《蒙阴县志》卷二灾祥,无,v4,1,"仅存在于：v4；缺少：v1,v2,v3"
1670,1639,明思宗崇祯十二年,山东,临沂市,蒙阴县,无,《蒙阴县志》,蒙阴县：十二年至十四年，蝗蝻连灾，禾食既，民相食。——康熙十一年《蒙阴县志》卷二灾祥,无,v3,1,"仅存在于：v3；缺少：v1,v2,v4"
1671,1639,明思宗崇祯十二年,山东,泰安市,无,无,《济南府志》,泰安市：济南郡县旱蝗，民饥。历城、齐河疫疠大作。泰安连岁大饥，人相食。——康熙《济南府志》卷十灾祥,无,v4,1,"仅存在于：v4；缺少：v1,v2,v3"
1672,1639,明思宗崇祯十二年,山东,泰安市,泰安,无,《济南府志》,泰安市：济南郡县旱蝗，民饥。历城、齐河疫疠大作。泰安连岁大饥，人相食。——康熙《济南府志》卷十灾祥,无,v1,1,"仅存在于：v1；缺少：v2,v3,v4"
1673,1639,明思宗崇祯十二年,山东,济宁,泗水县,无,《泗水县志》,泗水县：十二、十三年，蠡喙害稼，野无野草。十月后，草木生花。大饥，草木食尽。母子相啖，比屋而是。——康熙《泗水县志》卷十一灾祥,无,v4,1,"仅存在于：v4；缺少：v1,v2,v3"
1674,1639,明思宗崇祯十二年,山东,济宁市,泗水县,无,《泗水县志》,泗水县：十二、十三年，蠡喙害稼，野无野草。十月后，草木生花。大饥，草木食尽。母子相啖，比屋而是。——康熙《泗水县志》卷十一灾祥,无,v3,1,"仅存在于：v3；缺少：v1,v2,v4"
1675,1639,明思宗崇祯十二年,山东,潍坊市,益都县,无,《益都县志》,青州市：自春正月不雨至六月。秋七月，大蝗，水涸。大饥，人相食。——康熙《益都县志》卷二祥异,无,v1,1,"仅存在于：v1；缺少：v2,v3,v4"
1676,1639,明思宗崇祯十二年,山东,潍坊市,青州市,益都县,《益都县志》,青州市：自春正月不雨至六月。秋七月，大蝗，水涸。大饥，人相食。——康熙《益都县志》卷二祥异,益都县为古代地名，现为青州市,v3,1,"仅存在于：v3；缺少：v1,v2,v4"
1677,1639,明思宗崇祯十二年,山东,聊城,阳谷县,无,《寿张县志》,阳谷县：旱，蝗食禾草树叶一空。大饥，人相食。——光绪《寿张县志》卷十灾变,无,v4,1,"仅存在于：v4；缺少：v1,v2,v3"
1678,1639,明思宗崇祯十二年,山东,聊城市,阳谷县,寿张县,《寿张县志》,阳谷县：旱，蝗食禾草树叶一空。大饥，人相食。——光绪《寿张县志》卷十灾变,寿张县为古代地名，现为阳谷县,v3,1,"仅存在于：v3；缺少：v1,v2,v4"
1679,1639,明思宗崇祯十二年,山东,菏泽,郓城县,无,《郓城县志》,郓城县：蝗灾，至平地尺半许，禾草树叶一空。大饥，人相食。——康熙《郓城县志》卷七灾祥,无,v4,1,"仅存在于：v4；缺少：v1,v2,v3"
1680,1639,明思宗崇祯十二年,山东,菏泽市,郓城县,无,《郓城县志》,郓城县：蝗灾，至平地尺半许，禾草树叶一空。大饥，人相食。——康熙《郓城县志》卷七灾祥,无,v3,1,"仅存在于：v3；缺少：v1,v2,v4"
1681,1639,明思宗崇祯十二年,山东,青州市,无,无,《益都县志》,青州市：自春正月不雨至六月。秋七月，大蝗，水涸。大饥，人相食。——康熙《益都县志》卷二祥异,无,v4,1,"仅存在于：v4；缺少：v1,v2,v3"
1682,1639,明思宗崇祯十二年,山西,无,平定县,平定州,《平定州志》,平定县：大饥，人相食。——乾隆三十四年《平定州志》卷五祥异,无,"v1,v2",2,"仅存在于：v1,v2；缺少：v3,v4"
1683,1639,明思宗崇祯十二年,山西,无,灵石县,无,《灵石县志》,灵石县：十一年旱，十二年又旱，田园尽赤，民食树草，榆种断绝，斗米七钱，饿死载道者不可数计，人亦相食。——康熙《灵石县志》卷一样异,无,"v1,v2",2,"仅存在于：v1,v2；缺少：v3,v4"
1684,1639,明思宗崇祯十二年,山西,无,襄陵县,无,《襄陵县志》,襄汾县：荐饥。旱魃奇虐，米麦斗八钱，民食树皮草根，死者枕藉道路，人相食。知县李用质躬历各乡，劝谕设厂赈州，饥民赖以全活。——康熙《襄陵县志》卷七祥异,无,"v1,v2",2,"仅存在于：v1,v2；缺少：v3,v4"
1685,1639,明思宗崇祯十二年,山西,临汾,襄汾县,无,《襄陵县志》,襄汾县：荐饥。旱魃奇虐，米麦斗八钱，民食树皮草根，死者枕藉道路，人相食。知县李用质躬历各乡，劝谕设厂赈州，饥民赖以全活。——康熙《襄陵县志》卷七祥异,无,v4,1,"仅存在于：v4；缺少：v1,v2,v3"
1686,1639,明思宗崇祯十二年,山西,临汾市,襄汾县,襄陵县,《襄陵县志》,襄汾县：荐饥。旱魃奇虐，米麦斗八钱，民食树皮草根，死者枕藉道路，人相食。知县李用质躬历各乡，劝谕设厂赈州，饥民赖以全活。——康熙《襄陵县志》卷七祥异,襄陵县为古代地名，现为襄汾县,v3,1,"仅存在于：v3；缺少：v1,v2,v4"
1687,1639,明思宗崇祯十二年,山西,晋中,灵石县,无,《灵石县志》,灵石县：十一年旱，十二年又旱，田园尽赤，民食树草，榆种断绝，斗米七钱，饿死载道者不可数计，人亦相食。——康熙《灵石县志》卷一样异,无,v4,1,"仅存在于：v4；缺少：v1,v2,v3"
1688,1639,明思宗崇祯十二年,山西,晋中市,灵石县,无,《灵石县志》,灵石县：十一年旱，十二年又旱，田园尽赤，民食树草，榆种断绝，斗米七钱，饿死载道者不可数计，人亦相食。——康熙《灵石县志》卷一样异,无,v3,1,"仅存在于：v3；缺少：v1,v2,v4"
1689,1639,明思宗崇祯十二年,山西,阳泉,平定县,无,《平定州志》,平定县：大饥，人相食。——乾隆三十四年《平定州志》卷五祥异,无,v4,1,"仅存在于：v4；缺少：v1,v2,v3"
1690,1639,明思宗崇祯十二年,山西,阳泉市,平定县,无,《平定州志》,平定县：大饥，人相食。——乾隆三十四年《平定州志》卷五祥异,无,v3,1,"仅存在于：v3；缺少：v1,v2,v4"
1691,1639,明思宗崇祯十二年,河北,无,丘县,无,《丘县志》,丘县：十二、三年连荒，颗粒不收。谷价沸腾，每斗麦价银一两八钱，米价银一两九钱。人食树叶皮、草子根，后至人相食，加以瘟疫，各村男妇死者十不存一。——康熙《丘县志》卷八灾祥,无,"v1,v2",2,"仅存在于：v1,v2；缺少：v3,v4"
1692,1639,明思宗崇祯十二年,河北,无,交河县,无,《华北、东北近五百年旱涝史料》,泊头市：交河县：旱、蝗蝻大，伤田稼，民饥…人相食，树皮草根无不采食。——《华北、东北近五百年旱涝史料》第二分册，第30页。,无,v2,1,"仅存在于：v2；缺少：v1,v3,v4"
1693,1639,明思宗崇祯十二年,河北,无,文安县,无,《保定县志》,文安县：飞蝗蔽日，米价十两一石，人相食。——康熙《保定县志》灾异,无,"v1,v2",2,"仅存在于：v1,v2；缺少：v3,v4"
1694,1639,明思宗崇祯十二年,河北,无,束鹿县,无,《保定府祁州束鹿县志》,辛集市：崇祯十二、三年间，饥馑相仍，糠秕不给，草子树皮皆尽，人相食。——康熙《保定府祁州束鹿县志》卷九灾祥,无,"v1,v2",2,"仅存在于：v1,v2；缺少：v3,v4"
1695,1639,明思宗崇祯十二年,河北,无,栾城县,无,《栾城县志》,栾城县：大饥，人相食。——道光《栾城县志》卷末灾祥,无,"v1,v2",2,"仅存在于：v1,v2；缺少：v3,v4"
1696,1639,明思宗崇祯十二年,河北,无,蓟县,无,《蓟州志》,蓟县：秋大饥，军民饿死无数，骨肉相食，道馑相望。——康熙十六年《蓟州志》卷一样异,无,"v2,v3",2,"仅存在于：v2,v3；缺少：v1,v4"
1697,1639,明思宗崇祯十二年,河北,无,赞皇县,无,《赞皇县志》,赞皇县：连岁凶荒，斗米值银六钱，人多相食，白骨盈野，流移载道。即有恩赈，不能救其万一，至今言之惻然。——康熙《赞皇县志》卷九祥异,无,"v1,v2",2,"仅存在于：v1,v2；缺少：v3,v4"
1698,1639,明思宗崇祯十二年,河北,无,邢台县,无,《邢台县志》,邢台县：大旱，人相食。——康熙《邢台县志》卷十二纪事,无,"v1,v2",2,"仅存在于：v1,v2；缺少：v3,v4"
1699,1639,明思宗崇祯十二年,河北,无,雄县,无,《雄县乡土志》,雄县：时连年大旱，人相食。——光绪《雄县乡土志》卷四耆旧,无,"v1,v2",2,"仅存在于：v1,v2；缺少：v3,v4"
1700,1639,明思宗崇祯十二年,河北,无,香河县,无,《香河县志》,香河县：饥荒，米石五两，人相食。河草人市，每斤钱三文。以至树皮草根无不采食，食之多中毒死。糟糠麸渣等物即为美食。山东流民携男女就食者道死相望，有人方死而肉为人剜去者，有人方死未绝而为人剥死者。——康熙《香河县志》卷十灾祥,无,"v1,v2",2,"仅存在于：v1,v2；缺少：v3,v4"
1701,1639,明思宗崇祯十二年,河北,保定,文安县,无,《保定县志》,文安县：飞蝗蔽日，米价十两一石，人相食。——康熙《保定县志》灾异,无,v4,1,"仅存在于：v4；缺少：v1,v2,v3"
1702,1639,明思宗崇祯十二年,河北,保定,雄县,无,《雄县乡土志》,雄县：时连年大旱，人相食。——光绪《雄县乡土志》卷四耆旧,无,v4,1,"仅存在于：v4；缺少：v1,v2,v3"
1703,1639,明思宗崇祯十二年,河北,保定市,雄县,无,《雄县乡土志》,雄县：时连年大旱，人相食。——光绪《雄县乡土志》卷四耆旧,无,v3,1,"仅存在于：v3；缺少：v1,v2,v4"
1704,1639,明思宗崇祯十二年,河北,天津,蓟县,无,《蓟州志》,蓟县：秋大饥，军民饿死无数，骨肉相食，道馑相望。——康熙十六年《蓟州志》卷一样异,无,v4,1,"仅存在于：v4；缺少：v1,v2,v3"
1705,1639,明思宗崇祯十二年,河北,廊坊,香河县,无,《香河县志》,香河县：饥荒，米石五两，人相食。河草人市，每斤钱三文。以至树皮草根无不采食，食之多中毒死。糟糠麸渣等物即为美食。山东流民携男女就食者道死相望，有人方死而肉为人剜去者，有人方死未绝而为人剥死者。——康熙《香河县志》卷十灾祥,无,v4,1,"仅存在于：v4；缺少：v1,v2,v3"
1706,1639,明思宗崇祯十二年,河北,廊坊市,文安县,无,《保定县志》,文安县：飞蝗蔽日，米价十两一石，人相食。——康熙《保定县志》灾异,无,v3,1,"仅存在于：v3；缺少：v1,v2,v4"
1707,1639,明思宗崇祯十二年,河北,廊坊市,香河县,无,《香河县志》,香河县：饥荒，米石五两，人相食。河草人市，每斤钱三文。以至树皮草根无不采食，食之多中毒死。糟糠麸渣等物即为美食。山东流民携男女就食者道死相望，有人方死而肉为人剜去者，有人方死未绝而为人剥死者。——康熙《香河县志》卷十灾祥,无,v3,1,"仅存在于：v3；缺少：v1,v2,v4"
1708,1639,明思宗崇祯十二年,河北,沧州市,交河县,无,《华北、东北近五百年旱涝史料》,泊头市：交河县：旱、蝗蝻大，伤田稼，民饥…人相食，树皮草根无不采食。——《华北、东北近五百年旱涝史料》第二分册，第30页。,无,v1,1,"仅存在于：v1；缺少：v2,v3,v4"
1709,1639,明思宗崇祯十二年,河北,沧州市,泊头市,交河县,《华北、东北近五百年旱涝史料》,泊头市：交河县：旱、蝗蝻大，伤田稼，民饥…人相食，树皮草根无不采食。——《华北、东北近五百年旱涝史料》第二分册，第30页。,交河县为古代地名，现为泊头市,v3,1,"仅存在于：v3；缺少：v1,v2,v4"
1710,1639,明思宗崇祯十二年,河北,泊头市,交河县,无,《华北、东北近五百年旱涝史料》,交河县：旱、蝗蝻大，伤田稼，民饥…人相食，树皮草根无不采食。——《华北、东北近五百年旱涝史料》第二分册，第30页。,原文为交河县，现代行政沿革为泊头市,v4,1,"仅存在于：v4；缺少：v1,v2,v3"
1711,1639,明思宗崇祯十二年,河北,石家庄,栾城县,无,《栾城县志》,栾城县：大饥，人相食。——道光《栾城县志》卷末灾祥,无,v4,1,"仅存在于：v4；缺少：v1,v2,v3"
1712,1639,明思宗崇祯十二年,河北,石家庄,赞皇县,无,《赞皇县志》,赞皇县：连岁凶荒，斗米值银六钱，人多相食，白骨盈野，流移载道。即有恩赈，不能救其万一，至今言之惻然。——康熙《赞皇县志》卷九祥异,无,v4,1,"仅存在于：v4；缺少：v1,v2,v3"
1713,1639,明思宗崇祯十二年,河北,石家庄市,栾城县,无,《栾城县志》,栾城县：大饥，人相食。——道光《栾城县志》卷末灾祥,无,v3,1,"仅存在于：v3；缺少：v1,v2,v4"
1714,1639,明思宗崇祯十二年,河北,石家庄市,赞皇县,无,《赞皇县志》,赞皇县：连岁凶荒，斗米值银六钱，人多相食，白骨盈野，流移载道。即有恩赈，不能救其万一，至今言之惻然。——康熙《赞皇县志》卷九祥异,无,v3,1,"仅存在于：v3；缺少：v1,v2,v4"
1715,1639,明思宗崇祯十二年,河北,石家庄市,辛集市,束鹿县,《保定府祁州束鹿县志》,辛集市：崇祯十二、三年间，饥馑相仍，糠秕不给，草子树皮皆尽，人相食。——康熙《保定府祁州束鹿县志》卷九灾祥,束鹿县为古代地名，现为辛集市,v3,1,"仅存在于：v3；缺少：v1,v2,v4"
1716,1639,明思宗崇祯十二年,河北,辛集市,无,无,《保定府祁州束鹿县志》,辛集市：崇祯十二、三年间，饥馑相仍，糠秕不给，草子树皮皆尽，人相食。——康熙《保定府祁州束鹿县志》卷九灾祥,无,v4,1,"仅存在于：v4；缺少：v1,v2,v3"
1717,1639,明思宗崇祯十二年,河北,邢台,丘县,无,《丘县志》,丘县：十二、三年连荒，颗粒不收。谷价沸腾，每斗麦价银一两八钱，米价银一两九钱。人食树叶皮、草子根，后至人相食，加以瘟疫，各村男妇死者十不存一。——康熙《丘县志》卷八灾祥,无,v4,1,"仅存在于：v4；缺少：v1,v2,v3"
1718,1639,明思宗崇祯十二年,河北,邢台,邢台县,无,《邢台县志》,邢台县：大旱，人相食。——康熙《邢台县志》卷十二纪事,无,v4,1,"仅存在于：v4；缺少：v1,v2,v3"
1719,1639,明思宗崇祯十二年,河北,邢台市,邢台县,无,《邢台县志》,邢台县：大旱，人相食。——康熙《邢台县志》卷十二纪事,无,v3,1,"仅存在于：v3；缺少：v1,v2,v4"
1720,1639,明思宗崇祯十二年,河北,邯郸市,丘县,无,《丘县志》,丘县：十二、三年连荒，颗粒不收。谷价沸腾，每斗麦价银一两八钱，米价银一两九钱。人食树叶皮、草子根，后至人相食，加以瘟疫，各村男妇死者十不存一。——康熙《丘县志》卷八灾祥,无,v3,1,"仅存在于：v3；缺少：v1,v2,v4"
1721,1639,明思宗崇祯十二年,河南,无,无,无,《明史·五行志》,两畿、山东、山西、陕西、江西饥，河南大饥，人相食，卢氏、嵩、伊阳三县尤甚。——《明史》卷三0《五行志》,无,v1,1,"仅存在于：v1；缺少：v2,v3,v4"
1722,1639,明思宗崇祯十二年,河南,无,伊阳,无,《伊阳县志》,汝阳县：不雨。夏四月，蝗竟月，飞翔往来不定，所落之处草木靡有萌蘖。至秋八月嫁生，民间釜皿皆满，井水臭秽不可食。河南大饥，人相食，卢氏、嵩、伊阳三县尤甚。——乾隆《伊阳县志》卷四祥异,无,v2,1,"仅存在于：v2；缺少：v1,v3,v4"
1723,1639,明思宗崇祯十二年,河南,无,卢氏县,无,《伊阳县志》,汝阳县：不雨。夏四月，蝗竟月，飞翔往来不定，所落之处草木靡有萌蘖。至秋八月嫁生，民间釜皿皆满，井水臭秽不可食。河南大饥，人相食，卢氏、嵩、伊阳三县尤甚。——乾隆《伊阳县志》卷四祥异,无,v2,1,"仅存在于：v2；缺少：v1,v3,v4"
1724,1639,明思宗崇祯十二年,河南,无,嵩,无,《伊阳县志》,汝阳县：不雨。夏四月，蝗竟月，飞翔往来不定，所落之处草木靡有萌蘖。至秋八月嫁生，民间釜皿皆满，井水臭秽不可食。河南大饥，人相食，卢氏、嵩、伊阳三县尤甚。——乾隆《伊阳县志》卷四祥异,原文为'嵩'，应为嵩县,v2,1,"仅存在于：v2；缺少：v1,v3,v4"
1725,1639,明思宗崇祯十二年,河南,无,汝阳县,无,《伊阳县志》,汝阳县：不雨。夏四月，蝗竟月，飞翔往来不定，所落之处草木靡有萌蘖。至秋八月嫁生，民间釜皿皆满，井水臭秽不可食。河南大饥，人相食，卢氏、嵩、伊阳三县尤甚。——乾隆《伊阳县志》卷四祥异,无,v1,1,"仅存在于：v1；缺少：v2,v3,v4"
1726,1639,明思宗崇祯十二年,河南,无,汲县,卫辉府,《卫辉府志》,汲县：三月，大风，沙霾昼晦。旱，蝗食麦。秋，盗起，人相食。石米八两，公鬻人肉。——顺治《卫辉府志》卷十九灾祥,无,"v1,v2",2,"仅存在于：v1,v2；缺少：v3,v4"
1727,1639,明思宗崇祯十二年,河南,无,河内县,无,《河内县志》,沁阳县：臣以崇祯十二年六月初十日，自高平县调任河内，未数日水夺民稼，又数日蝗夺民稼。…去年无秋，今年又无春，穷民食树皮尽，至食草根，甚至父子、夫妻相食，人皆黄腮肿颊，眼如猪胆，饿死累累。——康熙《河内县志》卷四艺文,无,"v1,v2",2,"仅存在于：v1,v2；缺少：v3,v4"
1728,1639,明思宗崇祯十二年,河南,无,登封县,无,《登封县志》,登封县；旱，蝗。人相食。——康熙《登封县志》卷九灾祥,无,"v1,v2",2,"仅存在于：v1,v2；缺少：v3,v4"
1729,1639,明思宗崇祯十二年,河南,无,辉县,无,《辉县志》,辉县：旱，蝗。自秋至明年庚辰不雨，又蝗，仅播种而不秀，秀而不实，斗米千钱。二三月，奇寒，人益困，兄弟朋友互相残食，率以为常。明年春益甚。去冬无雪，今秋无雨。——道光《辉县志》艺文,无,"v1,v2",2,"仅存在于：v1,v2；缺少：v3,v4"
1730,1639,明思宗崇祯十二年,河南,三门峡,卢氏县,无,《明史》,两畿、山东、山西、陕西、江西饥，河南大饥，人相食，卢氏、嵩、伊阳三县尤甚。——《明史》卷三0《五行志》,无,v4,1,"仅存在于：v4；缺少：v1,v2,v3"
1731,1639,明思宗崇祯十二年,河南,平顶山,伊阳县,无,《明史》,两畿、山东、山西、陕西、江西饥，河南大饥，人相食，卢氏、嵩、伊阳三县尤甚。——《明史》卷三0《五行志》,无,v4,1,"仅存在于：v4；缺少：v1,v2,v3"
1732,1639,明思宗崇祯十二年,河南,新乡,汲县,无,《卫辉府志》,汲县：三月，大风，沙霾昼晦。旱，蝗食麦。秋，盗起，人相食。石米八两，公鬻人肉。——顺治《卫辉府志》卷十九灾祥,无,v4,1,"仅存在于：v4；缺少：v1,v2,v3"
1733,1639,明思宗崇祯十二年,河南,新乡,辉县,无,《辉县志》,辉县：旱，蝗。自秋至明年庚辰不雨，又蝗，仅播种而不秀，秀而不实，斗米千钱。二三月，奇寒，人益困，兄弟朋友互相残食，率以为常。明年春益甚。去冬无雪，今秋无雨。——道光《辉县志》艺文,无,v4,1,"仅存在于：v4；缺少：v1,v2,v3"
1734,1639,明思宗崇祯十二年,河南,新乡市,汲县,无,《卫辉府志》,汲县：三月，大风，沙霾昼晦。旱，蝗食麦。秋，盗起，人相食。石米八两，公鬻人肉。——顺治《卫辉府志》卷十九灾祥,无,v3,1,"仅存在于：v3；缺少：v1,v2,v4"
1735,1639,明思宗崇祯十二年,河南,新乡市,辉县,无,《辉县志》,辉县：旱，蝗。自秋至明年庚辰不雨，又蝗，仅播种而不秀，秀而不实，斗米千钱。二三月，奇寒，人益困，兄弟朋友互相残食，率以为常。明年春益甚。去冬无雪，今秋无雨。——道光《辉县志》艺文,无,v3,1,"仅存在于：v3；缺少：v1,v2,v4"
1736,1639,明思宗崇祯十二年,河南,洛阳,嵩县,无,《明史》,两畿、山东、山西、陕西、江西饥，河南大饥，人相食，卢氏、嵩、伊阳三县尤甚。——《明史》卷三0《五行志》,无,v4,1,"仅存在于：v4；缺少：v1,v2,v3"
1737,1639,明思宗崇祯十二年,河南,洛阳市,嵩县,无,《明史》,嵩县：崇祯十二年大旱，禾尽枯，人相食。——《明史》卷三十《五行志》,此条与第1条重复，仅保留来源不同的条目,v3,1,"仅存在于：v3；缺少：v1,v2,v4"
1738,1639,明思宗崇祯十二年,河南,洛阳市,汝阳县,伊阳县,《伊阳县志》,汝阳县：不雨。夏四月，蝗竟月，飞翔往来不定，所落之处草木靡有萌蘖。至秋八月嫁生，民间釜皿皆满，井水臭秽不可食。河南大饥，人相食，卢氏、嵩、伊阳三县尤甚。——乾隆《伊阳县志》卷四祥异,伊阳县为古代地名，现为汝阳县,v3,1,"仅存在于：v3；缺少：v1,v2,v4"
1739,1639,明思宗崇祯十二年,河南,焦作,沁阳县,无,《河内县志》,沁阳县：臣以崇祯十二年六月初十日，自高平县调任河内，未数日水夺民稼，又数日蝗夺民稼。…去年无秋，今年又无春，穷民食树皮尽，至食草根，甚至父子、夫妻相食，人皆黄腮肿颊，眼如猪胆，饿死累累。——康熙《河内县志》卷四艺文,无,v4,1,"仅存在于：v4；缺少：v1,v2,v3"
1740,1639,明思宗崇祯十二年,河南,焦作市,沁阳县,河内县,《河内县志》,沁阳县：臣以崇祯十二年六月初十日，自高平县调任河内，未数日水夺民稼，又数日蝗夺民稼。…去年无秋，今年又无春，穷民食树皮尽，至食草根，甚至父子、夫妻相食，人皆黄腮肿颊，眼如猪胆，饿死累累。——康熙《河内县志》卷四艺文,河内县为古代地名，现为沁阳县,v3,1,"仅存在于：v3；缺少：v1,v2,v4"
1741,1639,明思宗崇祯十二年,河南,郑州,登封县,无,《登封县志》,登封县：旱，蝗。人相食。——康熙《登封县志》卷九灾祥,无,v4,1,"仅存在于：v4；缺少：v1,v2,v3"
1742,1639,明思宗崇祯十二年,河南,郑州市,登封县,无,《登封县志》,登封县；旱，蝗。人相食。——康熙《登封县志》卷九灾祥,无,v3,1,"仅存在于：v3；缺少：v1,v2,v4"
1743,1639,明思宗崇祯十二年,陕西,无,佳县,葭州,《葭州志》,佳县：大饥，人相食。——嘉庆《葭州志》卷下灾祥,无,v1,1,"仅存在于：v1；缺少：v2,v3,v4"
1744,1639,明思宗崇祯十二年,陕西,无,同官县,无,《同官县志》,铜川市：大旱，自正月不雨至于秋七月。八月，雨雹，半日乃止。岁大饥，斗米一两，人相食。——乾隆《同官县志》卷一样异,无,v2,1,"仅存在于：v2；缺少：v1,v3,v4"
1745,1639,明思宗崇祯十二年,陕西,无,葭州,葭州,《葭州志》,佳县：大饥，人相食。——嘉庆《葭州志》卷下灾祥,无,v2,1,"仅存在于：v2；缺少：v1,v3,v4"
1746,1639,明思宗崇祯十二年,陕西,榆林,佳县,无,《葭州志》,佳县：大饥，人相食。——嘉庆《葭州志》卷下灾祥,无,v4,1,"仅存在于：v4；缺少：v1,v2,v3"
1747,1639,明思宗崇祯十二年,陕西,榆林市,佳县,无,《葭州志》,佳县：大饥，人相食。——嘉庆《葭州志》卷下灾祥,无,v3,1,"仅存在于：v3；缺少：v1,v2,v4"
1748,1639,明思宗崇祯十二年,陕西,铜川市,无,无,《同官县志》,铜川市：大旱，自正月不雨至于秋七月。八月，雨雹，半日乃止。岁大饥，斗米一两，人相食。——乾隆《同官县志》卷一样异,无,v4,1,"仅存在于：v4；缺少：v1,v2,v3"
1749,1639,明思宗崇祯十二年,陕西,铜川市,同官县,无,《同官县志》,铜川市：大旱，自正月不雨至于秋七月。八月，雨雹，半日乃止。岁大饥，斗米一两，人相食。——乾隆《同官县志》卷一样异,无,v1,1,"仅存在于：v1；缺少：v2,v3,v4"
1750,1639,明思宗崇祯十二年,陕西,铜川市,铜川市,同官县,《同官县志》,铜川市：大旱，自正月不雨至于秋七月。八月，雨雹，半日乃止。岁大饥，斗米一两，人相食。——乾隆《同官县志》卷一样异,同官县为古代地名，现为铜川市,v3,1,"仅存在于：v3；缺少：v1,v2,v4"
1751,1640,明思宗崇祯十三年,北京,北京,武清县,无,《武清县志》,武清县：大饥，斗米千钱，树皮草根食之殆尽，人相食。——康熙《武清县志》卷一濂祥,无,v2,1,"仅存在于：v2；缺少：v1,v3,v4"
1752,1640,明思宗崇祯十三年,天津,无,武清县,无,《武清县志》,武清县：大饥，斗米千钱，树皮草根食之殆尽，人相食。——康熙《武清县志》卷一濂祥,无,v4,1,"仅存在于：v4；缺少：v1,v2,v3"
1753,1640,明思宗崇祯十三年,天津,天津,无,无,《天津卫志》,天津市：春，人民相食，尸骸遍野。——康熙《天津卫志》卷三灾变,无,v4,1,"仅存在于：v4；缺少：v1,v2,v3"
1754,1640,明思宗崇祯十三年,天津,天津,天津,无,《天津卫志》,天津市：春，人民相食，尸骸遍野。——康熙《天津卫志》卷三灾变,无,v2,1,"仅存在于：v2；缺少：v1,v3,v4"
1755,1640,明思宗崇祯十三年,天津,天津,武清县,无,《武清县志》,武清县：大饥，斗米千钱，树皮草根食之殆尽，人相食。——康熙《武清县志》卷一濂祥,无,v3,1,"仅存在于：v3；缺少：v1,v2,v4"
1756,1640,明思宗崇祯十三年,宁夏,无,隆德县,无,《隆德县志》,隆德县：不雨，自四月至秋八月。飞蝗蔽天，大饥，父子相食。——康熙《隆德县志》卷下,无,v4,1,"仅存在于：v4；缺少：v1,v2,v3"
1757,1640,明思宗崇祯十三年,安徽,无,亳州市,无,《亳州志》,亳州市：大疫殆尽，人相食。——崇祯《亳州志》卷一灾祥,无,v2,1,"仅存在于：v2；缺少：v1,v3,v4"
1758,1640,明思宗崇祯十三年,安徽,无,六安县,无,《重修六安州志》,六安县：夏大旱，飞蝗蔽天。人相食。——康熙《重修六安州志》卷十祥异,无,v2,1,"仅存在于：v2；缺少：v1,v3,v4"
1759,1640,明思宗崇祯十三年,安徽,无,天长县,无,《天长县志》,天长县：十三年、十四年大旱，人民相食。——康熙《天长县志》卷一样异附,无,v2,1,"仅存在于：v2；缺少：v1,v3,v4"
1760,1640,明思宗崇祯十三年,安徽,无,怀远县,无,《怀远县志》,怀远县：十三、四年大荒，大疫，人相食。——雍正《怀远县志》卷八灾异,无,v2,1,"仅存在于：v2；缺少：v1,v3,v4"
1761,1640,明思宗崇祯十三年,安徽,无,萧县,无,《萧县志》,萧县：大旱，虫生。二月初四日，黑风冻来，人莫能立。二十一日未时风沙迷天。秋蝗，无遗禾。民大饥，斗米三钱。人相食，骸骨饥籍，死者不胜纪，所在流亡，妇子易米三升，无复与者。——顺治《萧县志》卷五灾异,无,v2,1,"仅存在于：v2；缺少：v1,v3,v4"
1762,1640,明思宗崇祯十三年,安徽,无,铜陵县,无,《铜陵县志》,铜陵县：大水没圩。飞蝗蔽天。殍遍野，有剖肉以食者。——顺治《铜陵县志》卷七祥异,无,v2,1,"仅存在于：v2；缺少：v1,v3,v4"
1763,1640,明思宗崇祯十三年,安徽,无,霍山县,无,《华东地区近五百年气候历史资料》,霍山县：夏大旱，飞蝗蔽天，人相食。——《华东地区近五百年气候历史资料》第三分册，第90页。,无,v2,1,"仅存在于：v2；缺少：v1,v3,v4"
1764,1640,明思宗崇祯十三年,安徽,无,霍邱县,无,《霍邱县志》,霍邱县：旱，蝗。大饥，斗米千钱，人至相食。——康熙《霍邱县志》卷二十灾祥,无,v2,1,"仅存在于：v2；缺少：v1,v3,v4"
1765,1640,明思宗崇祯十三年,安徽,无,颍上县,无,《颍上县志》,颍上县：大饥，禾稼不登斗米千文，人多相食。——顺治《颍上县志》卷十一灾祥,无,v2,1,"仅存在于：v2；缺少：v1,v3,v4"
1766,1640,明思宗崇祯十三年,安徽,亳州市,无,无,《亳州志》,亳州市：大疫殆尽，人相食。——崇祯《亳州志》卷一灾祥,无,"v1,v3,v4",3,"仅存在于：v1,v3,v4；缺少：v2"
1767,1640,明思宗崇祯十三年,安徽,六安市,六安县,无,《重修六安州志》,六安县：夏大旱，飞蝗蔽天。人相食。——康熙《重修六安州志》卷十祥异,无,"v1,v3,v4",3,"仅存在于：v1,v3,v4；缺少：v2"
1768,1640,明思宗崇祯十三年,安徽,六安市,霍山县,无,《华东地区近五百年气候历史资料》,霍山县：夏大旱，飞蝗蔽天，人相食。——《华东地区近五百年气候历史资料》第三分册，第90页。,无,"v1,v3,v4",3,"仅存在于：v1,v3,v4；缺少：v2"
1769,1640,明思宗崇祯十三年,安徽,宿州市,萧县,无,《萧县志》,萧县：大旱，虫生。二月初四日，黑风冻来，人莫能立。二十一日未时风沙迷天。秋蝗，无遗禾。民大饥，斗米三钱。人相食，骸骨饥籍，死者不胜纪，所在流亡，妇子易米三升，无复与者。——顺治《萧县志》卷五灾异,无,"v1,v3,v4",3,"仅存在于：v1,v3,v4；缺少：v2"
1770,1640,明思宗崇祯十三年,安徽,滁州市,天长县,无,《天长县志》,天长县：十三年、十四年大旱，人民相食。——康熙《天长县志》卷一样异附,无,"v1,v3,v4",3,"仅存在于：v1,v3,v4；缺少：v2"
1771,1640,明思宗崇祯十三年,安徽,蚌埠市,怀远县,无,《怀远县志》,怀远县：十三、四年大荒，大疫，人相食。——雍正《怀远县志》卷八灾异,无,"v1,v3,v4",3,"仅存在于：v1,v3,v4；缺少：v2"
1772,1640,明思宗崇祯十三年,安徽,铜陵市,铜陵县,无,《铜陵县志》,铜陵县：大水没圩。飞蝗蔽天。殍遍野，有剖肉以食者。——顺治《铜陵县志》卷七祥异,无,"v1,v3,v4",3,"仅存在于：v1,v3,v4；缺少：v2"
1773,1640,明思宗崇祯十三年,安徽,阜阳市,霍邱县,无,《霍邱县志》,霍邱县：旱，蝗。大饥，斗米千钱，人至相食。——康熙《霍邱县志》卷二十灾祥,无,"v1,v3,v4",3,"仅存在于：v1,v3,v4；缺少：v2"
1774,1640,明思宗崇祯十三年,安徽,阜阳市,颍上县,无,《颍上县志》,颍上县：大饥，禾稼不登斗米千文，人多相食。——顺治《颍上县志》卷十一灾祥,无,"v1,v3,v4",3,"仅存在于：v1,v3,v4；缺少：v2"
1775,1640,明思宗崇祯十三年,山东,无,临邑县,无,《德平县志》,临邑县：大旱，禾稼全空。入食木皮草根，至骨肉相食，民死大半，村疃为墟。——康熙《德平县志》卷三灾祥,无,"v3,v4",2,"仅存在于：v3,v4；缺少：v1,v2"
1776,1640,明思宗崇祯十三年,山东,无,利津县,无,《利津县新志》,利津县：大饥，人相食。小蝗伤麦。——康熙《利津县新志》卷九祥异,无,"v3,v4",2,"仅存在于：v3,v4；缺少：v1,v2"
1777,1640,明思宗崇祯十三年,山东,无,单县,无,《单县志》,单县：蝗，旱。大饥，斗米价银三两，瘟疫盛行，人相食。——康熙《单县志》卷一样异,无,v4,1,"仅存在于：v4；缺少：v1,v2,v3"
1778,1640,明思宗崇祯十三年,山东,无,即墨县,无,《即墨县志》,即墨县：沙鸡遍野。大饥，人相食。——同治《即墨县志》卷十一灾祥,无,v4,1,"仅存在于：v4；缺少：v1,v2,v3"
1779,1640,明思宗崇祯十三年,山东,无,夏津县,无,《夏津县志》,夏津县：大饥，斗米两银，人相食。——乾隆《夏津县志》卷九灾祥,无,"v3,v4",2,"仅存在于：v3,v4；缺少：v1,v2"
1780,1640,明思宗崇祯十三年,山东,无,宁阳县,无,《宁阳县志》,宁阳县：斗米三两，父子相食，土寇日炽，民饥而死者十之八九。——康熙十一年《宁阳县志》,无,v4,1,"仅存在于：v4；缺少：v1,v2,v3"
1781,1640,明思宗崇祯十三年,山东,无,平原县,无,《平原县志》,平原县：闰正月，赈饥。夏，复大旱，蝗。斗谷千钱无籴处，人相食，痤尽发。——乾隆《平原县志》卷九灾祥,无,"v3,v4",2,"仅存在于：v3,v4；缺少：v1,v2"
1782,1640,明思宗崇祯十三年,山东,无,平度县,无,《重修平度州志》,平度县：沙鸡满天。旱，蝗。饥，至人相食。——道光《重修平度州志》卷二十六大事,无,v4,1,"仅存在于：v4；缺少：v1,v2,v3"
1783,1640,明思宗崇祯十三年,山东,无,成武县,无,《成武县志》,成武县：二月，黄风蔽天天日，屋瓦墙垣皆作重金色，相连两月。夏大旱。岁饥，斗米钱数千人，人相食，盗贼蜂起。——康熙九年《成武县志》卷三灾禄,无,v4,1,"仅存在于：v4；缺少：v1,v2,v3"
1784,1640,明思宗崇祯十三年,山东,无,掖县,无,《掖县志》,掖县：旱，蝗。大饥，人相食。——乾隆《掖县志》卷五祥异,无,v4,1,"仅存在于：v4；缺少：v1,v2,v3"
1785,1640,明思宗崇祯十三年,山东,无,栖霞县,无,《栖霞县续志》,栖霞县：大旱。飞蝗蔽天，伤稼，无秋。大饥，人相食。——光绪《栖霞县续志》卷八祥异,无,v4,1,"仅存在于：v4；缺少：v1,v2,v3"
1786,1640,明思宗崇祯十三年,山东,无,汶上县,无,《续修汶上县志》,汶上县：大旱，蝗。斗米三金，父子兄弟互相食，土寇蜂起，民饥而死者十之八九。——康熙《续修汶上县志》卷五灾祥,无,v4,1,"仅存在于：v4；缺少：v1,v2,v3"
1787,1640,明思宗崇祯十三年,山东,无,沂水县,无,《沂水县志》,沂水县：大饥，人相食。——康熙《沂水县志》卷五灾祥,无,v4,1,"仅存在于：v4；缺少：v1,v2,v3"
1788,1640,明思宗崇祯十三年,山东,无,沽化县,无,《沽化县志》,沽化县：闰正月元日，雷电大作，雨雪盈尺。二月，日出如血，大风霾。夏秋大旱，蝗，野无寸草。道槿相望，寇贼蜂起，人相食。——民国《沽化县志》卷七大事纪,无,v3,1,"仅存在于：v3；缺少：v1,v2,v4"
1789,1640,明思宗崇祯十三年,山东,无,沾化县,无,《沾化县志》,沾化县：闰正月元日，雷电大作，雨雪盈尺。二月，日出如血，大风霾。夏秋大旱，蝗，野无寸草。道槿相望，寇贼蜂起，人相食。——民国《沾化县志》卷七大事纪,无,v4,1,"仅存在于：v4；缺少：v1,v2,v3"
1790,1640,明思宗崇祯十三年,山东,无,济南府,济南府,《华北、东北近五百年旱涝史料》,济南府：连岁旱，天下大饥…，诸州连岁旱饥，五月大旱饥，树皮皆尽，发瘞肉以食。连岁旱，天下大饥，人相食。——《华北、东北近五百年旱涝史料》第三分册，第8页。,济南府为古代地名,v4,1,"仅存在于：v4；缺少：v1,v2,v3"
1791,1640,明思宗崇祯十三年,山东,无,济阳县,无,《济阳县志》,济阳县：自五月至秋无雨，大饥，人相食。——顺治《济阳县志》灾,无,"v3,v4",2,"仅存在于：v3,v4；缺少：v1,v2"
1792,1640,明思宗崇祯十三年,山东,无,滕县,无,《滕县志》,藤县：大饥，人相食。——康熙《滕县志》卷二灾异,无,v4,1,"仅存在于：v4；缺少：v1,v2,v3"
1793,1640,明思宗崇祯十三年,山东,无,章丘县,无,《章邱县志》,章丘县：大饥，斗米千钱，父子相食，人死大半。——康熙《章邱县志》卷一灾祥,无,"v3,v4",2,"仅存在于：v3,v4；缺少：v1,v2"
1794,1640,明思宗崇祯十三年,山东,无,莱芜县,无,《莱芜县志》,莱芜县：大饥，斗栗数斤，人相食。——光绪《莱芜县志》卷二灾祥,无,"v3,v4",2,"仅存在于：v3,v4；缺少：v1,v2"
1795,1640,明思宗崇祯十三年,山东,无,虞城县,无,《禹城县志》,虞城县：天降奇荒，赤地千里，骨肉相食，饿莩遍野，民仪子遗。——康熙《禹城县志》卷六灾祥,虞城县属河南，此处来源为禹城县志，可能有误或跨县记载,"v3,v4",2,"仅存在于：v3,v4；缺少：v1,v2"
1796,1640,明思宗崇祯十三年,山东,无,诸城县,无,《诸城县志》,诸城县：春正月，赈济。是年，旱蝗，人相食。——乾隆《诸城县志》卷二总纪,无,"v3,v4",2,"仅存在于：v3,v4；缺少：v1,v2"
1797,1640,明思宗崇祯十三年,山东,无,邹县,无,《邹县志》,邹县：八月降霜，九月水冻。米麦一斗价三两五钱，人食人肉，饥死十有九，居民相劫为食。官役捕之，群人山为盗。从此四境啸聚，岁岁不宁矣。——康熙十二年《邹县志》卷二灾乱,无,v4,1,"仅存在于：v4；缺少：v1,v2,v3"
1798,1640,明思宗崇祯十三年,山东,无,邹平县,无,《长山县志》,邹平县：闰正月元日，雷电，雨雪盈尺。二月，日出如血，大风霾。六月，日出人时赤如血。连岁旱饥，人相食。——康熙五十五年《长山县志》卷七灾祥,来源为长山县志，原文记载地为邹平县,"v3,v4",2,"仅存在于：v3,v4；缺少：v1,v2"
1799,1640,明思宗崇祯十三年,山东,无,长清县,无,《长清县志》,长清县：大旱，人相食。——康熙《长清县志》卷十四灾祥,无,v4,1,"仅存在于：v4；缺少：v1,v2,v3"
1800,1640,明思宗崇祯十三年,山东,无,高密县,无,《高密县志》,高密县：旱，蝗。大饥，人相食。——康熙《高密县志》卷九祥异,无,"v3,v4",2,"仅存在于：v3,v4；缺少：v1,v2"
1801,1640,明思宗崇祯十三年,山东,无,齐河县,无,《齐河县志》,齐河县：蝗，旱，绵虫。大饥，人相食。土地荒芜，村落丘墟，斗米银一两余。——康熙《齐河县志》卷六灾祥,无,"v3,v4",2,"仅存在于：v3,v4；缺少：v1,v2"
1802,1640,明思宗崇祯十三年,山东,临沂市,无,沂州,《沂州志》,临沂市：蝗遍野盈尺，百树无叶，赤地千里。斗麦二千，民掘草根，剥树皮，父子相食，骸骨纵横。婴儿捐弃满道，人多自竖草标求售，转沟壑者无算。次年春，复疫坊继起，死亡过半。灾变之异，从未甚于此者。——康熙《沂州志》卷一灾异,沂州为推测，原文为古代地名沂州；临沂市清代属沂州府,"v3,v4",2,"仅存在于：v3,v4；缺少：v1,v2"
1803,1640,明思宗崇祯十三年,山东,临沂市,沂水县,无,《沂水县志》,沂水县：大饥，人相食。——康熙《沂水县志》卷五灾祥,无,v3,1,"仅存在于：v3；缺少：v1,v2,v4"
1804,1640,明思宗崇祯十三年,山东,临沂市,费县,无,《费县志》,费县：大旱。飞蝗蔽天，害稼。饥馑，人相食。——光绪《费县志》卷十六祥异,无,"v3,v4",2,"仅存在于：v3,v4；缺少：v1,v2"
1805,1640,明思宗崇祯十三年,山东,临沂市,郯城县,无,《郯城县志》,郯城县：春夏大旱，飞蝗蔽野，害禾一空。…冬春数月活人相食，父食其子，兄食其弟，夫食其妻，村疃亲朋不敢往来。此实遇之非常奇灾也。——康熙《郯城县志》卷九灾祥,无,"v3,v4",2,"仅存在于：v3,v4；缺少：v1,v2"
1806,1640,明思宗崇祯十三年,山东,日照市,无,无,《日照县志》,日照市：旱，蝗，大饥，人相食。——康熙《日照县志》卷一纪异,无,"v3,v4",2,"仅存在于：v3,v4；缺少：v1,v2"
1807,1640,明思宗崇祯十三年,山东,枣庄市,无,无,《峄县志》,枣庄市：大饥。前此旱蝗频年，至是赤地，民掘草根、剥木皮皆尽，父子相食，白骨纵横。——康熙《峄县志》卷二灾祥,无,"v3,v4",2,"仅存在于：v3,v4；缺少：v1,v2"
1808,1640,明思宗崇祯十三年,山东,枣庄市,滕县,无,《滕县志》,藤县：大饥，人相食。——康熙《滕县志》卷二灾异,无,v3,1,"仅存在于：v3；缺少：v1,v2,v4"
1809,1640,明思宗崇祯十三年,山东,泰安市,宁阳县,无,《宁阳县志》,宁阳县：斗米三两，父子相食，土寇日炽，民饥而死者十之八九。——康熙十一年《宁阳县志》,无,v3,1,"仅存在于：v3；缺少：v1,v2,v4"
1810,1640,明思宗崇祯十三年,山东,泰安市,肥城县,无,《肥城县志书》,肥城县：旱蝗相集，禾稼尽伤。甚而母子、兄弟、夫妇相食，惨不忍言，人民死者以亿万计。——康熙《肥城县志书》卷下灾祥,无,"v3,v4",2,"仅存在于：v3,v4；缺少：v1,v2"
1811,1640,明思宗崇祯十三年,山东,济南,长清县,无,《长清县志》,长清县：大旱，人相食。——康熙《长清县志》卷十四灾祥,无,v3,1,"仅存在于：v3；缺少：v1,v2,v4"
1812,1640,明思宗崇祯十三年,山东,济南市,无,无,《华北、东北近五百年旱涝史料》,济南府：连岁旱，天下大饥…，诸州连岁旱饥，五月大旱饥，树皮皆尽，发瘞肉以食。连岁旱，天下大饥，人相食。——《华北、东北近五百年旱涝史料》第三分册，第8页。,无,v3,1,"仅存在于：v3；缺少：v1,v2,v4"
1813,1640,明思宗崇祯十三年,山东,济宁市,无,滋阳县,《滋阳县志》,兖州市：蝗，旱，奇荒。斗麦二两，瘟疫盛行，盗贼窃发，父子相食，人死过半。——康熙《滋阳县志》卷二灾异,滋阳县为古地名，现为济宁市兖州区,v4,1,"仅存在于：v4；缺少：v1,v2,v3"
1814,1640,明思宗崇祯十三年,山东,济宁市,兖州市,滋阳,《滋阳县志》,兖州市：蝗，旱，奇荒。斗麦二两，瘟疫盛行，盗贼窃发，父子相食，人死过半。——康熙《滋阳县志》卷二灾异,滋阳县为推测，原文为古代地名滋阳县；兖州市清代为滋阳县，属兖州府,v3,1,"仅存在于：v3；缺少：v1,v2,v4"
1815,1640,明思宗崇祯十三年,山东,济宁市,曲阜市,无,《曲阜县志》,曲阜市：春闰正月，赈饥。夏旱，蝗，疫。冬十二月，大饥，人相食。——乾隆《曲阜县志》卷三十通编,无,"v3,v4",2,"仅存在于：v3,v4；缺少：v1,v2"
1816,1640,明思宗崇祯十三年,山东,济宁市,汶上县,无,《续修汶上县志》,汶上县：大旱，蝗。斗米三金，父子兄弟互相食，土寇蜂起，民饥而死者十之八九。——康熙《续修汶上县志》卷五灾祥,无,v3,1,"仅存在于：v3；缺少：v1,v2,v4"
1817,1640,明思宗崇祯十三年,山东,济宁市,邹县,无,《邹县志》,邹县：八月降霜，九月水冻。米麦一斗价三两五钱，人食人肉，饥死十有九，居民相劫为食。官役捕之，群人山为盗。从此四境啸聚，岁岁不宁矣。——康熙十二年《邹县志》卷二灾乱,无,v3,1,"仅存在于：v3；缺少：v1,v2,v4"
1818,1640,明思宗崇祯十三年,山东,淄博市,无,无,《淄博县志》,淄博市：大饥，人相食。——乾隆四十一年《淄博县志》卷三灾祥,无,"v3,v4",2,"仅存在于：v3,v4；缺少：v1,v2"
1819,1640,明思宗崇祯十三年,山东,潍坊市,无,无,《潍县志稿》,潍坊市：岁大饥，斗粟千钱。冬尤甚，至人相食。——民国《潍县志稿》卷二通纪,无,"v3,v4",2,"仅存在于：v3,v4；缺少：v1,v2"
1820,1640,明思宗崇祯十三年,山东,潍坊市,青州市,益都,《益都县志》,青州市：自六月不雨至八月，大蝗。十月，麦米菽斗谷二千有奇，群盗起，人父子相食，草木皮俱尽。——康熙《益都县志》卷十祥异,青州市清代为益都县,v3,1,"仅存在于：v3；缺少：v1,v2,v4"
1821,1640,明思宗崇祯十三年,山东,烟台市,无,无,《福山县志》,烟台市：自春徂秋无雨，蝗杀稼殆尽，人相食。——康熙《福山县志》卷一灾祥,无,"v3,v4",2,"仅存在于：v3,v4；缺少：v1,v2"
1822,1640,明思宗崇祯十三年,山东,烟台市,掖县,无,《掖县志》,掖县：旱，蝗。大饥，人相食。——乾隆《掖县志》卷五祥异,掖县现属烟台市莱州市,v3,1,"仅存在于：v3；缺少：v1,v2,v4"
1823,1640,明思宗崇祯十三年,山东,烟台市,栖霞县,无,《栖霞县续志》,栖霞县：大旱。飞蝗蔽天，伤稼，无秋。大饥，人相食。——光绪《栖霞县续志》卷八祥异,无,v3,1,"仅存在于：v3；缺少：v1,v2,v4"
1824,1640,明思宗崇祯十三年,山东,聊城市,临清市,无,《临清直录州志》,临清市：疫甚，死者无算。是岁，自春徂秋无语，大饥，人相食。——乾隆《临清直录州志》卷十一祥祲,无,"v3,v4",2,"仅存在于：v3,v4；缺少：v1,v2"
1825,1640,明思宗崇祯十三年,山东,聊城市,冠县,无,《冠县志》,冠县：春，风霾日起，蝗蝻复生。粮食一石值银十两，草根树叶计斤易银。瘟疫盛行，死者相枕。有自食儿女者，有买死人而食者，有掘新尸而食者，有杀活人而卖者，行人路绝，一村之中不相往来。——康熙《冠县志》卷五禩祥,无,"v3,v4",2,"仅存在于：v3,v4；缺少：v1,v2"
1826,1640,明思宗崇祯十三年,山东,聊城市,莘县,无,《莘县志》,莘县：春夏大旱，每日风霾，大无禾。斗米银壹两二钱，民间食尽草子树皮。至有父子、兄弟、夫妇相食。惨状难悉。饥民为盗，蜂起焚掠。四境萧然。——光绪《莘县志》卷四饥异,无,"v3,v4",2,"仅存在于：v3,v4；缺少：v1,v2"
1827,1640,明思宗崇祯十三年,山东,聊城市,阳谷县,无,《阳谷县志》,阳谷县：大饥，人相食。甚有食死尸，至于父子夫妇生烹而食者。——康熙十二年《阳谷县志》卷四灾异,无,"v3,v4",2,"仅存在于：v3,v4；缺少：v1,v2"
1828,1640,明思宗崇祯十三年,山东,聊城市,高唐县,无,《高唐州志》,高唐县：春微雨，夏至秋亢旱不雨，禾黍尽干，一粒弗获。斗米千钱，草根树皮一望皆尽，至父子相食，妻孥不保，死者相枕藉，鸡犬无声，真亘古奇荒也。大率阖州百姓饥死者十之七八，病瘟及流亡在外者十之一二。——康熙十二年《高唐州志》卷九灾异,无,"v3,v4",2,"仅存在于：v3,v4；缺少：v1,v2"
1829,1640,明思宗崇祯十三年,山东,菏泽市,无,无,《菏泽县志》,菏泽市：春夏不雨，…十月，斗米钱二千，民大饥。…十二月，人相食，初食已死，继食未死；初食道路之殍，继食闾巷之亲，甚至父子、祖孙、兄弟、夫妇互相杀食，官不能禁，异变也。——光绪《菏泽县志》卷十九灾祥,无,"v3,v4",2,"仅存在于：v3,v4；缺少：v1,v2"
1830,1640,明思宗崇祯十三年,山东,菏泽市,单县,无,《单县志》,单县：蝗，旱。大饥，斗米价银三两，瘟疫盛行，人相食。——康熙《单县志》卷一样异,无,v3,1,"仅存在于：v3；缺少：v1,v2,v4"
1831,1640,明思宗崇祯十三年,山东,菏泽市,成武县,无,《成武县志》,成武县：二月，黄风蔽天天日，屋瓦墙垣皆作重金色，相连两月。夏大旱。岁饥，斗米钱数千人，人相食，盗贼蜂起。——康熙九年《成武县志》卷三灾禄,无,v3,1,"仅存在于：v3；缺少：v1,v2,v4"
1832,1640,明思宗崇祯十三年,山东,青岛市,即墨县,无,《即墨县志》,即墨县：沙鸡遍野。大饥，人相食。——同治《即墨县志》卷十一灾祥,无,v3,1,"仅存在于：v3；缺少：v1,v2,v4"
1833,1640,明思宗崇祯十三年,山东,青岛市,平度县,无,《重修平度州志》,平度县：沙鸡满天。旱，蝗。饥，至人相食。——道光《重修平度州志》卷二十六大事,无,v3,1,"仅存在于：v3；缺少：v1,v2,v4"
1834,1640,明思宗崇祯十三年,山东,青岛市,胶县,无,《增修胶志》,胶县：夏五月，大旱，蝗。冬十二月，大饥，人相食。——民国《增修胶志》卷五十三祥异,胶县现属青岛市,"v3,v4",2,"仅存在于：v3,v4；缺少：v1,v2"
1835,1640,明思宗崇祯十三年,山东,青州市,无,益都县,《益都县志》,青州市：自六月不雨至八月，大蝗。十月，麦米菽斗谷二千有奇，群盗起，人父子相食，草木皮俱尽。——康熙《益都县志》卷十祥异,益都县为古地名，现为青州市,v4,1,"仅存在于：v4；缺少：v1,v2,v3"
1836,1640,明思宗崇祯十三年,山西,无,无,绛州,《山西通志》,绛州、曲沃、太平、汾、潞漳水竭。是年，省郡大饥，甚至斗米千钱，人相食。——雍正《山西通志》卷一六三祥异,无,"v2,v3",2,"仅存在于：v2,v3；缺少：v1,v4"
1837,1640,明思宗崇祯十三年,山西,无,万荣县,无,《荣河县志》,万荣县：大饥，草根水皮俱尽，人相食，死者十之六七。僵尸横野，皆取而食之。斗栗值一两余，六畜绝种，从来未有之奇荒也。次年麦熟，饥民得食，又多死者。又疫。——康熙《荣河县志》卷八灾祥,无,v4,1,"仅存在于：v4；缺少：v1,v2,v3"
1838,1640,明思宗崇祯十三年,山西,无,临猗县,无,《华北、东北近五百年旱涝史料》,临猗县：春不雨至六月。秋无禾，木皮草根尽，人相食。——《华北、东北近五百年旱涝史料》第五分册，第44页。,无,v4,1,"仅存在于：v4；缺少：v1,v2,v3"
1839,1640,明思宗崇祯十三年,山西,无,垣曲县,无,《垣曲县志》,垣曲县：三月，天赤，日月无光者三日。夏无麦，秋无禾。饥，人相食，骸骨遍野。——康熙《垣曲县志》卷十二灾荒,无,v4,1,"仅存在于：v4；缺少：v1,v2,v3"
1840,1640,明思宗崇祯十三年,山西,无,壶关县,无,《华北、东北近五百年旱涝史料》,壶关县：夏大旱，秋无禾，…民多饿死，人相食。——《华北、东北近五百年旱涝史料》第五分册，第66页。,无,v4,1,"仅存在于：v4；缺少：v1,v2,v3"
1841,1640,明思宗崇祯十三年,山西,无,夏县,无,《华北、东北近五百年旱涝史料》,夏县：连遭大旱，蝗蝻食苗，岁大饥，人相食。——《华北、东北近五百年旱涝史料》第五分册，第44页。,无,v4,1,"仅存在于：v4；缺少：v1,v2,v3"
1842,1640,明思宗崇祯十三年,山西,无,平陆县,无,《平陆县志》,平陆县：大饥，斗米一两三钱，草根树皮食尽。人相食，至有灭绝天伦者，自古罕闻。——康熙《平陆县志》卷八杂记,无,v4,1,"仅存在于：v4；缺少：v1,v2,v3"
1843,1640,明思宗崇祯十三年,山西,无,平顺县,无,《平顺县志》,平顺县：春不雨，四月不雨，六月不雨，五谷俱未出穗。岁大凶，人相食，斗米银七钱，虽父子兄弟夫妇不相顾，僻巷荒郊无人敢独行者。——康熙《平顺县志》卷八祥灾,无,v4,1,"仅存在于：v4；缺少：v1,v2,v3"
1844,1640,明思宗崇祯十三年,山西,无,昔阳县,无,《乐平县志》,昔阳县：十二月，饥，人相食。——乾隆《乐平县志》卷二祥异,无,"v3,v4",2,"仅存在于：v3,v4；缺少：v1,v2"
1845,1640,明思宗崇祯十三年,山西,无,曲沃县,无,《曲沃县志》,曲沃县：春三月大旱，汾沲俱竭。大饥，人相食，死者无数。——康熙《曲沃县志》卷二十八祥异,无,v4,1,"仅存在于：v4；缺少：v1,v2,v3"
1846,1640,明思宗崇祯十三年,山西,无,武乡县,无,《沁州志》,武乡县：大饥，斗米千钱以上，人相食。——乾隆《沁州志》卷九灾异,无,"v3,v4",2,"仅存在于：v3,v4；缺少：v1,v2"
1847,1640,明思宗崇祯十三年,山西,无,永济县,无,《永济县志》,永济县：大饥，水皮草根剥掘殆尽。四门外掘深坑以痤死者，随痤随满，人争就坑剔食其肉。郊垌僻圻独行者多被啻食，甚至有父子夫妇相食者。——光绪《永济县志》卷二十三事纪,无,v4,1,"仅存在于：v4；缺少：v1,v2,v3"
1848,1640,明思宗崇祯十三年,山西,无,沁县,无,《沁州志》,沁县：大饥，斗米千钱以上，树皮草根剥掘既尽，人相食。——雍正《沁州志》卷九灾异,无,"v3,v4",2,"仅存在于：v3,v4；缺少：v1,v2"
1849,1640,明思宗崇祯十三年,山西,无,沁水县,无,《沁水县志》,沁水县：岁大祲，米价数倍平时。民多饿死，人相食。——康熙《沁水县志》卷九祥异,无,v4,1,"仅存在于：v4；缺少：v1,v2,v3"
1850,1640,明思宗崇祯十三年,山西,无,河津县,无,《河津县志》,河津县：五月，汾河干八日，水如线流。十二月，斗米斗麦价至六钱，妇女剜野菜救饥，久志，野菜俱尽。至辛巳正月，人相食，有夫食妇，弟食兄者。——康熙《河津县志》卷八祥异,无,v4,1,"仅存在于：v4；缺少：v1,v2,v3"
1851,1640,明思宗崇祯十三年,山西,无,潞城县,无,《潞城县志》,潞城县：春不雨，四月不雨，六月不雨。岁大饥，人相食，父子、兄弟、夫妇互相杀食，僻巷荒郊无人敢独行者。二月，漳河竭。——康熙《潞城县志》卷八灾祥,无,v4,1,"仅存在于：v4；缺少：v1,v2,v3"
1852,1640,明思宗崇祯十三年,山西,无,翼城县,无,《翼城县志》,翼城县：大旱，岁游饥。人相食，大疫。——乾隆《翼城县志》卷二十六祥异,无,v4,1,"仅存在于：v4；缺少：v1,v2,v3"
1853,1640,明思宗崇祯十三年,山西,无,芮城县,无,《芮城县志》,芮城县：大饥，人相食。——民国《芮城县志》卷十四祥异,无,v4,1,"仅存在于：v4；缺少：v1,v2,v3"
1854,1640,明思宗崇祯十三年,山西,无,襄垣县,无,《重修襄垣县志》,襄垣县：春不雨，至四月不雨，六月不雨。岁大饥，人相食。——康熙《重修襄垣县志》卷九外纪,无,v4,1,"仅存在于：v4；缺少：v1,v2,v3"
1855,1640,明思宗崇祯十三年,山西,无,襄汾县,无,《襄陵县志》,襄汾县：荐焉饥。旱魃奇虐，米麦斗八钱，民食树皮草根，死者枕藉道理，人相食。知县李用质躬履各乡劝谕，设厂赈粥，饥民多赖以全活。——康熙《襄陵县志》卷七祥异,无,v4,1,"仅存在于：v4；缺少：v1,v2,v3"
1856,1640,明思宗崇祯十三年,山西,无,长子县,无,《长子县志》,长子县：漳河竭。大饥，人相食。——康熙《长子县志》卷一灾异,无,"v3,v4",2,"仅存在于：v3,v4；缺少：v1,v2"
1857,1640,明思宗崇祯十三年,山西,无,长治县,无,《长治县志》,长治县：春不雨，四月不雨，六月不雨。岁大饥，斗米银七钱，人相残食，僻巷荒郊无敢独行者。漳河竭。——乾隆《长治县志》卷二十一祥异,无,"v3,v4",2,"仅存在于：v3,v4；缺少：v1,v2"
1858,1640,明思宗崇祯十三年,山西,无,闻喜县,无,《闻喜县志》,闻喜县：大饥，邑境斗米银八钱，人相食，城中居民黄昏不敢独出。知县李严申禁令，日毙数人于市，食人者稍息。次年，麦秋乃安。——民国《闻喜县志》卷二十四旧闻（1591）,无,v4,1,"仅存在于：v4；缺少：v1,v2,v3"
1859,1640,明思宗崇祯十三年,山西,无,阳城县,无,《阳城县志》,阳城县：夏无麦，秋无禾，人相食，骸骨遍地。——顺治《阳城县志》卷七祥异,无,"v3,v4",2,"仅存在于：v3,v4；缺少：v1,v2"
1860,1640,明思宗崇祯十三年,山西,无,陵川县,无,《陵川县志》,陵川县：旱祲，斗米一千钱。士民相食，尸骸遍野。——康熙《陵川县志》卷六祥异,无,v4,1,"仅存在于：v4；缺少：v1,v2,v3"
1861,1640,明思宗崇祯十三年,山西,无,高平县,无,《高平县志》,高平县：旱，蝗。大饥，人相食。夏旱甚，秋无禾稼，飞蝗蔽野，食树叶几尽。——冬至，喙生不绝，入人家，与民争熟食。越明年春，析骸炊子，惨不忍闻。——顺治《高平县志》卷九祥异,无,"v3,v4",2,"仅存在于：v3,v4；缺少：v1,v2"
1862,1640,明思宗崇祯十三年,山西,无,黎城县,无,《黎城县志》,黎城县：自春徂夏，不雨。岁大饥，人相食，时斗米银五钱，虽父子兄弟夫妇互相杀食，僻径荒郊无敢独行者。——康熙《黎城县志》卷二纪事,无,"v3,v4",2,"仅存在于：v3,v4；缺少：v1,v2"
1863,1640,明思宗崇祯十三年,山西,临汾,曲沃县,曲沃,《山西通志》,绛州、曲沃、太平、汾、潞漳水竭。是年，省郡大饥，甚至斗米千钱，人相食。——雍正《山西通志》卷一六三祥异,原文为曲沃，为古代地名；原文含绛州、曲沃、太平、汾、潞等多地，据规则4顿号多县拆分,"v2,v4",2,"仅存在于：v2,v4；缺少：v1,v3"
1864,1640,明思宗崇祯十三年,山西,临汾,翼城县,无,《翼城县志》,翼城县：大旱，岁游饥。人相食，大疫。——乾隆《翼城县志》卷二十六祥异,无,v2,1,"仅存在于：v2；缺少：v1,v3,v4"
1865,1640,明思宗崇祯十三年,山西,临汾,襄汾县,无,《襄陵县志》,襄汾县：荐焉饥。旱魃奇虐，米麦斗八钱，民食树皮草根，死者枕藉道理，人相食。知县李用质躬履各乡劝谕，设厂赈粥，饥民多赖以全活。——康熙《襄陵县志》卷七祥异,无,v2,1,"仅存在于：v2；缺少：v1,v3,v4"
1866,1640,明思宗崇祯十三年,山西,临汾市,翼城县,无,《翼城县志》,翼城县：大旱，岁游饥。人相食，大疫。——乾隆《翼城县志》卷二十六祥异,无,v3,1,"仅存在于：v3；缺少：v1,v2,v4"
1867,1640,明思宗崇祯十三年,山西,临汾市,襄汾县,无,《襄陵县志》,襄汾县：荐焉饥。旱魃奇虐，米麦斗八钱，民食树皮草根，死者枕藉道理，人相食。知县李用质躬履各乡劝谕，设厂赈粥，饥民多赖以全活。——康熙《襄陵县志》卷七祥异,无,v3,1,"仅存在于：v3；缺少：v1,v2,v4"
1868,1640,明思宗崇祯十三年,山西,吕梁,汾阳县,汾,《山西通志》,绛州、曲沃、太平、汾、潞漳水竭。是年，省郡大饥，甚至斗米千钱，人相食。——雍正《山西通志》卷一六三祥异,原文为汾，指汾州府；原文含绛州、曲沃、太平、汾、潞等多地，据规则4顿号多县拆分,v4,1,"仅存在于：v4；缺少：v1,v2,v3"
1869,1640,明思宗崇祯十三年,山西,晋中,昔阳县,无,《乐平县志》,昔阳县：十二月，饥，人相食。——乾隆《乐平县志》卷二祥异,无,v2,1,"仅存在于：v2；缺少：v1,v3,v4"
1870,1640,明思宗崇祯十三年,山西,晋城,沁水县,无,《沁水县志》,沁水县：岁大祲，米价数倍平时。民多饿死，人相食。——康熙《沁水县志》卷九祥异,无,v2,1,"仅存在于：v2；缺少：v1,v3,v4"
1871,1640,明思宗崇祯十三年,山西,晋城,阳城县,无,《阳城县志》,阳城县：夏无麦，秋无禾，人相食，骸骨遍地。——顺治《阳城县志》卷七祥异,无,v2,1,"仅存在于：v2；缺少：v1,v3,v4"
1872,1640,明思宗崇祯十三年,山西,晋城,陵川县,无,《陵川县志》,陵川县：旱祲，斗米一千钱。士民相食，尸骸遍野。——康熙《陵川县志》卷六祥异,无,v2,1,"仅存在于：v2；缺少：v1,v3,v4"
1873,1640,明思宗崇祯十三年,山西,晋城,高平县,无,《高平县志》,高平县：旱，蝗。大饥，人相食。夏旱甚，秋无禾稼，飞蝗蔽野，食树叶几尽。——冬至，喙生不绝，入人家，与民争熟食。越明年春，析骸炊子，惨不忍闻。——顺治《高平县志》卷九祥异,无,v2,1,"仅存在于：v2；缺少：v1,v3,v4"
1874,1640,明思宗崇祯十三年,山西,晋城市,沁水县,无,《沁水县志》,沁水县：岁大祲，米价数倍平时。民多饿死，人相食。——康熙《沁水县志》卷九祥异,无,v3,1,"仅存在于：v3；缺少：v1,v2,v4"
1875,1640,明思宗崇祯十三年,山西,晋城市,陵川县,无,《陵川县志》,陵川县：旱祲，斗米一千钱。士民相食，尸骸遍野。——康熙《陵川县志》卷六祥异,无,v3,1,"仅存在于：v3；缺少：v1,v2,v4"
1876,1640,明思宗崇祯十三年,山西,运城,万荣县,无,《荣河县志》,万荣县：大饥，草根水皮俱尽，人相食，死者十之六七。僵尸横野，皆取而食之。斗栗值一两余，六畜绝种，从来未有之奇荒也。次年麦熟，饥民得食，又多死者。又疫。——康熙《荣河县志》卷八灾祥,无,v2,1,"仅存在于：v2；缺少：v1,v3,v4"
1877,1640,明思宗崇祯十三年,山西,运城,临猗县,无,《华北、东北近五百年旱涝史料》,临猗县：春不雨至六月。秋无禾，木皮草根尽，人相食。——《华北、东北近五百年旱涝史料》第五分册，第44页。,无,v2,1,"仅存在于：v2；缺少：v1,v3,v4"
1878,1640,明思宗崇祯十三年,山西,运城,垣曲县,无,《垣曲县志》,垣曲县：三月，天赤，日月无光者三日。夏无麦，秋无禾。饥，人相食，骸骨遍野。——康熙《垣曲县志》卷十二灾荒,无,v2,1,"仅存在于：v2；缺少：v1,v3,v4"
1879,1640,明思宗崇祯十三年,山西,运城,夏县,无,《华北、东北近五百年旱涝史料》,夏县：连遭大旱，蝗蝻食苗，岁大饥，人相食。——《华北、东北近五百年旱涝史料》第五分册，第44页。,无,v2,1,"仅存在于：v2；缺少：v1,v3,v4"
1880,1640,明思宗崇祯十三年,山西,运城,太平县,太平,《山西通志》,绛州、曲沃、太平、汾、潞漳水竭。是年，省郡大饥，甚至斗米千钱，人相食。——雍正《山西通志》卷一六三祥异,原文为太平，为古代地名（太平县）；原文含绛州、曲沃、太平、汾、潞等多地，据规则4顿号多县拆分,v4,1,"仅存在于：v4；缺少：v1,v2,v3"
1881,1640,明思宗崇祯十三年,山西,运城,平陆县,无,《平陆县志》,平陆县：大饥，斗米一两三钱，草根树皮食尽。人相食，至有灭绝天伦者，自古罕闻。——康熙《平陆县志》卷八杂记,无,v2,1,"仅存在于：v2；缺少：v1,v3,v4"
1882,1640,明思宗崇祯十三年,山西,运城,永济市,无,《永济县志》,永济县：大饥，水皮草根剥掘殆尽。四门外掘深坑以痤死者，随痤随满，人争就坑剔食其肉。郊垌僻圻独行者多被啻食，甚至有父子夫妇相食者。——光绪《永济县志》卷二十三事纪,无,v2,1,"仅存在于：v2；缺少：v1,v3,v4"
1883,1640,明思宗崇祯十三年,山西,运城,河津市,无,《河津县志》,河津县：五月，汾河干八日，水如线流。十二月，斗米斗麦价至六钱，妇女剜野菜救饥，久志，野菜俱尽。至辛巳正月，人相食，有夫食妇，弟食兄者。——康熙《河津县志》卷八祥异,无,v2,1,"仅存在于：v2；缺少：v1,v3,v4"
1884,1640,明思宗崇祯十三年,山西,运城,绛州,绛州,《山西通志》,绛州、曲沃、太平、汾、潞漳水竭。是年，省郡大饥，甚至斗米千钱，人相食。——雍正《山西通志》卷一六三祥异,绛州为推测，原文为古代地名绛州、曲沃、太平、汾、潞漳水竭，是年，省郡大饥，甚至斗米千钱，人相食。雍正《山西通志》,"v2,v4",2,"仅存在于：v2,v4；缺少：v1,v3"
1885,1640,明思宗崇祯十三年,山西,运城,芮城县,无,《芮城县志》,芮城县：大饥，人相食。——民国《芮城县志》卷十四祥异,无,v2,1,"仅存在于：v2；缺少：v1,v3,v4"
1886,1640,明思宗崇祯十三年,山西,运城,运城市,解州,《解州志》,运城市：二月，陨霜杀桑，麦秋成，多无禾。斗粟一两三钱，草根木皮搜食无余，人相食，至十四年骨肉相食，千古罕闻。十二年九月不雨，至十三年七月。——康熙十二年《解州志》卷九灾祥,运城市为推测，原文为古代地名解州,v2,1,"仅存在于：v2；缺少：v1,v3,v4"
1887,1640,明思宗崇祯十三年,山西,运城,闻喜县,无,《闻喜县志》,闻喜县：大饥，邑境斗米银八钱，人相食，城中居民黄昏不敢独出。知县李严申禁令，日毙数人于市，食人者稍息。次年，麦秋乃安。——民国《闻喜县志》卷二十四旧闻（1591）,无,v2,1,"仅存在于：v2；缺少：v1,v3,v4"
1888,1640,明思宗崇祯十三年,山西,运城市,万荣县,无,《荣河县志》,万荣县：大饥，草根水皮俱尽，人相食，死者十之六七。僵尸横野，皆取而食之。斗栗值一两余，六畜绝种，从来未有之奇荒也。次年麦熟，饥民得食，又多死者。又疫。——康熙《荣河县志》卷八灾祥,无,v3,1,"仅存在于：v3；缺少：v1,v2,v4"
1889,1640,明思宗崇祯十三年,山西,运城市,临猗县,无,《华北、东北近五百年旱涝史料》,临猗县：春不雨至六月。秋无禾，木皮草根尽，人相食。——《华北、东北近五百年旱涝史料》第五分册，第44页。,无,v3,1,"仅存在于：v3；缺少：v1,v2,v4"
1890,1640,明思宗崇祯十三年,山西,运城市,垣曲县,无,《垣曲县志》,垣曲县：三月，天赤，日月无光者三日。夏无麦，秋无禾。饥，人相食，骸骨遍野。——康熙《垣曲县志》卷十二灾荒,无,v3,1,"仅存在于：v3；缺少：v1,v2,v4"
1891,1640,明思宗崇祯十三年,山西,运城市,夏县,无,《华北、东北近五百年旱涝史料》,夏县：连遭大旱，蝗蝻食苗，岁大饥，人相食。——《华北、东北近五百年旱涝史料》第五分册，第44页。,无,v3,1,"仅存在于：v3；缺少：v1,v2,v4"
1892,1640,明思宗崇祯十三年,山西,运城市,平陆县,无,《平陆县志》,平陆县：大饥，斗米一两三钱，草根树皮食尽。人相食，至有灭绝天伦者，自古罕闻。——康熙《平陆县志》卷八杂记,无,v3,1,"仅存在于：v3；缺少：v1,v2,v4"
1893,1640,明思宗崇祯十三年,山西,运城市,曲沃县,无,《曲沃县志》,曲沃县：春三月大旱，汾沲俱竭。大饥，人相食，死者无数。——康熙《曲沃县志》卷二十八祥异,无,v3,1,"仅存在于：v3；缺少：v1,v2,v4"
1894,1640,明思宗崇祯十三年,山西,运城市,永济县,无,《永济县志》,永济县：大饥，水皮草根剥掘殆尽。四门外掘深坑以痤死者，随痤随满，人争就坑剔食其肉。郊垌僻圻独行者多被啻食，甚至有父子夫妇相食者。——光绪《永济县志》卷二十三事纪,无,v3,1,"仅存在于：v3；缺少：v1,v2,v4"
1895,1640,明思宗崇祯十三年,山西,运城市,河津县,无,《河津县志》,河津县：五月，汾河干八日，水如线流。十二月，斗米斗麦价至六钱，妇女剜野菜救饥，久志，野菜俱尽。至辛巳正月，人相食，有夫食妇，弟食兄者。——康熙《河津县志》卷八祥异,无,v3,1,"仅存在于：v3；缺少：v1,v2,v4"
1896,1640,明思宗崇祯十三年,山西,运城市,芮城县,无,《芮城县志》,芮城县：大饥，人相食。——民国《芮城县志》卷十四祥异,无,v3,1,"仅存在于：v3；缺少：v1,v2,v4"
1897,1640,明思宗崇祯十三年,山西,运城市,运城市,解州,《解州志》,运城市：二月，陨霜杀桑，麦秋成，多无禾。斗粟一两三钱，草根木皮搜食无余，人相食，至十四年骨肉相食，千古罕闻。十二年九月不雨，至十三年七月。——康熙十二年《解州志》卷九灾祥,无,"v3,v4",2,"仅存在于：v3,v4；缺少：v1,v2"
1898,1640,明思宗崇祯十三年,山西,运城市,闻喜县,无,《闻喜县志》,闻喜县：大饥，邑境斗米银八钱，人相食，城中居民黄昏不敢独出。知县李严申禁令，日毙数人于市，食人者稍息。次年，麦秋乃安。——民国《闻喜县志》卷二十四旧闻（1591）,无,v3,1,"仅存在于：v3；缺少：v1,v2,v4"
1899,1640,明思宗崇祯十三年,山西,长治,壶关县,无,《华北、东北近五百年旱涝史料》,壶关县：夏大旱，秋无禾，…民多饿死，人相食。——《华北、东北近五百年旱涝史料》第五分册，第66页。,无,v2,1,"仅存在于：v2；缺少：v1,v3,v4"
1900,1640,明思宗崇祯十三年,山西,长治,平顺县,无,《平顺县志》,平顺县：春不雨，四月不雨，六月不雨，五谷俱未出穗。岁大凶，人相食，斗米银七钱，虽父子兄弟夫妇不相顾，僻巷荒郊无人敢独行者。——康熙《平顺县志》卷八祥灾,无,v2,1,"仅存在于：v2；缺少：v1,v3,v4"
1901,1640,明思宗崇祯十三年,山西,长治,武乡县,无,《沁州志》,武乡县：大饥，斗米千钱以上，人相食。——乾隆《沁州志》卷九灾异,无,v2,1,"仅存在于：v2；缺少：v1,v3,v4"
1902,1640,明思宗崇祯十三年,山西,长治,沁县,无,《沁州志》,沁县：大饥，斗米千钱以上，树皮草根剥掘既尽，人相食。——雍正《沁州志》卷九灾异,无,v2,1,"仅存在于：v2；缺少：v1,v3,v4"
1903,1640,明思宗崇祯十三年,山西,长治,潞城县,潞,《山西通志》,绛州、曲沃、太平、汾、潞漳水竭。是年，省郡大饥，甚至斗米千钱，人相食。——雍正《山西通志》卷一六三祥异,原文为潞，指潞州/潞安府；原文含绛州、曲沃、太平、汾、潞等多地，据规则4顿号多县拆分,v4,1,"仅存在于：v4；缺少：v1,v2,v3"
1904,1640,明思宗崇祯十三年,山西,长治,潞城市,无,《潞城县志》,潞城县：春不雨，四月不雨，六月不雨。岁大饥，人相食，父子、兄弟、夫妇互相杀食，僻巷荒郊无人敢独行者。二月，漳河竭。——康熙《潞城县志》卷八灾祥,无,v2,1,"仅存在于：v2；缺少：v1,v3,v4"
1905,1640,明思宗崇祯十三年,山西,长治,襄垣县,无,《重修襄垣县志》,襄垣县：春不雨，至四月不雨，六月不雨。岁大饥，人相食。——康熙《重修襄垣县志》卷九外纪,无,v2,1,"仅存在于：v2；缺少：v1,v3,v4"
1906,1640,明思宗崇祯十三年,山西,长治,长子县,无,《长子县志》,长子县：漳河竭。大饥，人相食。——康熙《长子县志》卷一灾异,无,v2,1,"仅存在于：v2；缺少：v1,v3,v4"
1907,1640,明思宗崇祯十三年,山西,长治,长治县,无,《长治县志》,长治县：春不雨，四月不雨，六月不雨。岁大饥，斗米银七钱，人相残食，僻巷荒郊无敢独行者。漳河竭。——乾隆《长治县志》卷二十一祥异,无,v2,1,"仅存在于：v2；缺少：v1,v3,v4"
1908,1640,明思宗崇祯十三年,山西,长治,黎城县,无,《黎城县志》,黎城县：自春徂夏，不雨。岁大饥，人相食，时斗米银五钱，虽父子兄弟夫妇互相杀食，僻径荒郊无敢独行者。——康熙《黎城县志》卷二纪事,无,v2,1,"仅存在于：v2；缺少：v1,v3,v4"
1909,1640,明思宗崇祯十三年,山西,长治市,壶关县,无,《华北、东北近五百年旱涝史料》,壶关县：夏大旱，秋无禾，…民多饿死，人相食。——《华北、东北近五百年旱涝史料》第五分册，第66页。,无,v3,1,"仅存在于：v3；缺少：v1,v2,v4"
1910,1640,明思宗崇祯十三年,山西,长治市,平顺县,无,《平顺县志》,平顺县：春不雨，四月不雨，六月不雨，五谷俱未出穗。岁大凶，人相食，斗米银七钱，虽父子兄弟夫妇不相顾，僻巷荒郊无人敢独行者。——康熙《平顺县志》卷八祥灾,无,v3,1,"仅存在于：v3；缺少：v1,v2,v4"
1911,1640,明思宗崇祯十三年,山西,长治市,潞城县,无,《潞城县志》,潞城县：春不雨，四月不雨，六月不雨。岁大饥，人相食，父子、兄弟、夫妇互相杀食，僻巷荒郊无人敢独行者。二月，漳河竭。——康熙《潞城县志》卷八灾祥,无,v3,1,"仅存在于：v3；缺少：v1,v2,v4"
1912,1640,明思宗崇祯十三年,山西,长治市,襄垣县,无,《重修襄垣县志》,襄垣县：春不雨，至四月不雨，六月不雨。岁大饥，人相食。——康熙《重修襄垣县志》卷九外纪,无,v3,1,"仅存在于：v3；缺少：v1,v2,v4"
1913,1640,明思宗崇祯十三年,江苏,无,无,无,《徐州志》,徐州市：大旱。…民饥甚，斗米千钱，棉菜及诸草种亦斗数百，人相食，流亡载道。非多徒众持挺不敢昼行，或以妇子易钱百文，米数升即去，不复顾。诸县皆然。——康熙《徐州志》卷二祥异,无,v2,1,"仅存在于：v2；缺少：v1,v3,v4"
1914,1640,明思宗崇祯十三年,江苏,无,东台县,无,《东台县志》,东台县：四月至七月不雨，蝗复至，飞盈衢市，屋草靡遗。民大饥，人相食。——嘉庆《东台县志》卷七祥异,无,v2,1,"仅存在于：v2；缺少：v1,v3,v4"
1915,1640,明思宗崇祯十三年,江苏,无,丰县,无,《新修丰县志》,丰县：大旱。…民大饥，斗米一金。人相食，所在流亡，或以妇子易钱百文，饭一餐，去不复顾。——顺治《新修丰县志》卷九灾祥,无,v2,1,"仅存在于：v2；缺少：v1,v3,v4"
1916,1640,明思宗崇祯十三年,江苏,无,丹阳县,无,《丹徒县志》,丹阳县：有食人之谣，上元日民间为米粉人食之，应。是年旱蝗，民多疫，人过相食。——光绪《丹徒县志》卷五十八祥异,无,v2,1,"仅存在于：v2；缺少：v1,v3,v4"
1917,1640,明思宗崇祯十三年,江苏,无,如皋县,无,《如皋县志》,如皋县：大旱。大饥，大疫，民相食。——康熙《如皋县志》卷一样异,无,v2,1,"仅存在于：v2；缺少：v1,v3,v4"
1918,1640,明思宗崇祯十三年,江苏,无,宿迁县,无,《宿迁县志》,宿迁县：大饥，人相食。山东流民死者尤众，有聚埋于城东地藏庵后者，遂名之为万人坑。——嘉庆《宿迁县志》卷六祥异,无,v2,1,"仅存在于：v2；缺少：v1,v3,v4"
1919,1640,明思宗崇祯十三年,江苏,无,沐阳县,无,《沐阳县志》,沐阳县：岁饥馑，斗谷三钱，民多流离，人相食。——康熙《沐阳县志》卷一灾异,无,v2,1,"仅存在于：v2；缺少：v1,v3,v4"
1920,1640,明思宗崇祯十三年,江苏,无,沛县,无,《沛县志》,沛县：夏大蝗。冬饥，人相食。——乾隆《沛县志》卷一水旱,无,v2,1,"仅存在于：v2；缺少：v1,v3,v4"
1921,1640,明思宗崇祯十三年,江苏,无,睢宁县,无,《睢宁县志》,睢宁县：天下大旱，黄河水涸，斗票价至四钱，流亡载道，人相食。——康熙《睢宁县志》卷一样异,无,v2,1,"仅存在于：v2；缺少：v1,v3,v4"
1922,1640,明思宗崇祯十三年,江苏,南京市,六合县,无,《六合县志》,六合县：大灾旱，人互相食，时治山、灵岩俱出石面，争取者日数千人，调为饼，燝食之，不易饥，然小腹胀，多有死者。后有用野草芽及树叶蔬梗杂以蒸食，遂不至死。——康熙《六合县志》卷八灾祥,无,"v1,v2,v3,v4",4,
1923,1640,明思宗崇祯十三年,江苏,南京市,江宁区,无,《江宁县志》,南京市：大疫，大饥。江宁市流殍枕藉，饥人相食。——康熙《江宁县志》卷十二灾祥,无,v4,1,"仅存在于：v4；缺少：v1,v2,v3"
1924,1640,明思宗崇祯十三年,江苏,南京市,江宁县,无,《江宁县志》,南京市：大疫，大饥。江宁市流殍枕藉，饥人相食。——康熙《江宁县志》卷十二灾祥,无,v3,1,"仅存在于：v3；缺少：v1,v2,v4"
1925,1640,明思宗崇祯十三年,江苏,南通市,如皋县,无,《如皋县志》,如皋县：大旱。大饥，大疫，民相食。——康熙《如皋县志》卷一样异,无,"v1,v3,v4",3,"仅存在于：v1,v3,v4；缺少：v2"
1926,1640,明思宗崇祯十三年,江苏,宿迁市,宿迁县,无,《宿迁县志》,宿迁县：大饥，人相食。山东流民死者尤众，有聚埋于城东地藏庵后者，遂名之为万人坑。——嘉庆《宿迁县志》卷六祥异,无,"v1,v3,v4",3,"仅存在于：v1,v3,v4；缺少：v2"
1927,1640,明思宗崇祯十三年,江苏,宿迁市,沐阳县,无,《沐阳县志》,沐阳县：岁饥馑，斗谷三钱，民多流离，人相食。——康熙《沐阳县志》卷一灾异,无,"v1,v3,v4",3,"仅存在于：v1,v3,v4；缺少：v2"
1928,1640,明思宗崇祯十三年,江苏,徐州市,无,无,《徐州志》,徐州市：大旱。…民饥甚，斗米千钱，棉菜及诸草种亦斗数百，人相食，流亡载道。非多徒众持挺不敢昼行，或以妇子易钱百文，米数升即去，不复顾。诸县皆然。——康熙《徐州志》卷二祥异,无,"v1,v3,v4",3,"仅存在于：v1,v3,v4；缺少：v2"
1929,1640,明思宗崇祯十三年,江苏,徐州市,丰县,无,《新修丰县志》,丰县：大旱。…民大饥，斗米一金。人相食，所在流亡，或以妇子易钱百文，饭一餐，去不复顾。——顺治《新修丰县志》卷九灾祥,无,"v1,v3,v4",3,"仅存在于：v1,v3,v4；缺少：v2"
1930,1640,明思宗崇祯十三年,江苏,徐州市,沛县,无,《沛县志》,沛县：夏大蝗。冬饥，人相食。——乾隆《沛县志》卷一水旱,无,"v1,v3,v4",3,"仅存在于：v1,v3,v4；缺少：v2"
1931,1640,明思宗崇祯十三年,江苏,徐州市,睢宁县,无,《睢宁县志》,睢宁县：天下大旱，黄河水涸，斗票价至四钱，流亡载道，人相食。——康熙《睢宁县志》卷一样异,无,"v1,v3,v4",3,"仅存在于：v1,v3,v4；缺少：v2"
1932,1640,明思宗崇祯十三年,江苏,泰州市,无,无,《泰州志》,泰县：大旱，蝗。四月至七月不雨，河流竭，无禾。民饥流亡，人相食。——崇祯《泰州志》卷七灾祥,无,v1,1,"仅存在于：v1；缺少：v2,v3,v4"
1933,1640,明思宗崇祯十三年,江苏,泰州市,泰县,无,《泰州志》,泰县：大旱，蝗。四月至七月不雨，河流竭，无禾。民饥流亡，人相食。——崇祯《泰州志》卷七灾祥,无,"v3,v4",2,"仅存在于：v3,v4；缺少：v1,v2"
1934,1640,明思宗崇祯十三年,江苏,盐城市,东台县,无,《东台县志》,东台县：四月至七月不雨，蝗复至，飞盈衢市，屋草靡遗。民大饥，人相食。——嘉庆《东台县志》卷七祥异,无,"v1,v3,v4",3,"仅存在于：v1,v3,v4；缺少：v2"
1935,1640,明思宗崇祯十三年,江苏,镇江市,无,无,《镇江府志》,镇江市：是年旱蝗，民多疫，果有人相食之事。——康熙《镇江府志》卷四十三祥异,无,"v1,v3,v4",3,"仅存在于：v1,v3,v4；缺少：v2"
1936,1640,明思宗崇祯十三年,江苏,镇江市,丹阳县,无,《丹徒县志》,丹阳县：有食人之谣，上元日民间为米粉人食之，应。是年旱蝗，民多疫，人过相食。——光绪《丹徒县志》卷五十八祥异,无,"v1,v3,v4",3,"仅存在于：v1,v3,v4；缺少：v2"
1937,1640,明思宗崇祯十三年,河北,无,东光县,无,《东光县志》,东光县：旱，蝗。斗米价银两余，人相食，只身不敢路行。——康熙《东光县志》卷一礫祥,无,"v3,v4",2,"仅存在于：v3,v4；缺少：v1,v2"
1938,1640,明思宗崇祯十三年,河北,无,临城县,无,《临城县志》,临城县：大旱，虫蝗。时斗米千钱，民剥树皮以食，祖孙父子夫妻俱有相食者。——康熙三十年《临城县志》卷八禪祥,无,"v3,v4",2,"仅存在于：v3,v4；缺少：v1,v2"
1939,1640,明思宗崇祯十三年,河北,无,临漳县,无,《临漳县志》,临漳县：大饥，斗米一两二钱。人相食，瘟疫盛行，民仅存一二。——光绪《临漳县志》卷一纪事,无,"v3,v4",2,"仅存在于：v3,v4；缺少：v1,v2"
1940,1640,明思宗崇祯十三年,河北,无,任县,无,《任县志》,任县：大饥，人相食。——康熙《任县志》卷一灾祥,无,"v3,v4",2,"仅存在于：v3,v4；缺少：v1,v2"
1941,1640,明思宗崇祯十三年,河北,无,元氏县,无,《华北、东北近五百年旱涝史料》,元氏县：大旱，麦无秋，民食树皮、草子，煮靴皮嚼，且食人。——《华北、东北近五百年旱涝史料》第二分册，第80页。,无,"v3,v4",2,"仅存在于：v3,v4；缺少：v1,v2"
1942,1640,明思宗崇祯十三年,河北,无,南皮县,无,《南皮县志》,南皮县：大饥，人自相食。村落几绝人迹。——康熙《南皮县志》卷二灾异,无,"v3,v4",2,"仅存在于：v3,v4；缺少：v1,v2"
1943,1640,明思宗崇祯十三年,河北,无,吴桥县,无,《吴桥县志》,吴桥县：旱甚。斗米银二两，人相食。——光绪《吴桥县志》卷十杂记,无,"v3,v4",2,"仅存在于：v3,v4；缺少：v1,v2"
1944,1640,明思宗崇祯十三年,河北,无,大名县,无,《大名府志》,大名县：夏四月，旱，麦尽枯。大疫。五月，蝗。时斗米千钱，人相食，命官赈济。秋八月，陨霜。——咸丰《大名府志》卷四年纪,无,"v3,v4",2,"仅存在于：v3,v4；缺少：v1,v2"
1945,1640,明思宗崇祯十三年,河北,无,威县,无,《威县续志》,威县：无麦，大祲。斗米值银一两二钱，至有父子夫妇相食者，亘古未闻。——顺治《威县续志》卷九祥异,无,"v3,v4",2,"仅存在于：v3,v4；缺少：v1,v2"
1946,1640,明思宗崇祯十三年,河北,无,宁晋县,无,《宁晋县志》,宁晋县：大旱，蝗。川泽竭，井涸。人相食。——康熙《宁晋县志》卷一灾祥,无,"v3,v4",2,"仅存在于：v3,v4；缺少：v1,v2"
1947,1640,明思宗崇祯十三年,河北,无,安新县,无,《新安县志》,安新县：旱，九河俱干。斗栗钱一两五钱，人相食。——乾隆《新安县志》欽祥,无,"v3,v4",2,"仅存在于：v3,v4；缺少：v1,v2"
1948,1640,明思宗崇祯十三年,河北,无,定兴县,无,《定兴县志》,定兴县：大旱，无麦。冬及次年春，米大贵，石银六两，流民至相食。——康熙《定兴县志》卷一《欽祥,'欽祥'疑似OCR错误，应为'灾祥',"v3,v4",2,"仅存在于：v3,v4；缺少：v1,v2"
1949,1640,明思宗崇祯十三年,河北,无,巨鹿县,无,《钜鹿县志》,巨鹿县：奇荒，人相食。——顺治《钜鹿县志》卷八灾异,无,"v3,v4",2,"仅存在于：v3,v4；缺少：v1,v2"
1950,1640,明思宗崇祯十三年,河北,无,平乡县,无,《平乡县志》,平乡县：大旱数月，民相食。——乾隆《平乡县志》卷一灾祥,无,"v3,v4",2,"仅存在于：v3,v4；缺少：v1,v2"
1951,1640,明思宗崇祯十三年,河北,无,广宗县,无,《广宗县志》,广宗县：大歉，斗米贯钱，继以瘟疫流行，人相食，死者过半。——康熙《广宗县志》卷十一祯祥,无,"v3,v4",2,"仅存在于：v3,v4；缺少：v1,v2"
1952,1640,明思宗崇祯十三年,河北,无,新城县,无,《新城县志》,新城县：大旱，无麦。米大贵，民相食。——民国二十四年《新城县志》卷二十二灾祸,无,"v3,v4",2,"仅存在于：v3,v4；缺少：v1,v2"
1953,1640,明思宗崇祯十三年,河北,无,晋县,无,《晋县志》,晋县：大饥，人相食。——民国《晋县志》卷五灾祥,无,"v3,v4",2,"仅存在于：v3,v4；缺少：v1,v2"
1954,1640,明思宗崇祯十三年,河北,无,景县,无,《景县志》,景县：十三年大旱，十四年又大旱，斗米钱千余者，值银二两，人相食。先是，每见狗猫食青草，牛食砖瓦，已兆大旱矣。——民国《景县志》卷十四史事,无,"v3,v4",2,"仅存在于：v3,v4；缺少：v1,v2"
1955,1640,明思宗崇祯十三年,河北,无,曲周县,无,《曲周县志》,曲周县：春，风霾。夏旱，至秋不雨，无麦禾。大饥，草根木皮皆尽，人相食，盗起。——顺治《曲周县志》卷二灾祥,无,"v3,v4",2,"仅存在于：v3,v4；缺少：v1,v2"
1956,1640,明思宗崇祯十三年,河北,无,枣强县,无,《枣强县志》,枣强县：大旱，斗米银一两，父子兄弟妻子离散，老弱展转沟壑，树皮食尽，人将相食，死者七八。二百年来未见之奇荒也。——康熙增刻万历《枣强县志》卷一灾祥,无,"v3,v4",2,"仅存在于：v3,v4；缺少：v1,v2"
1957,1640,明思宗崇祯十三年,河北,无,永年县,无,《永年县志》,永年县：旱甚，岁大饥，人相食。——康熙《永年县志》卷十八灾祥,无,"v3,v4",2,"仅存在于：v3,v4；缺少：v1,v2"
1958,1640,明思宗崇祯十三年,河北,无,永清县,无,《永清县志》,永清县：大饥，斗米千钱。树皮草根食之尽，人皆相食。——康熙《永清县志》卷一灾祥,无,"v3,v4",2,"仅存在于：v3,v4；缺少：v1,v2"
1959,1640,明思宗崇祯十三年,河北,无,沙河县,无,《沙河县志》,沙河县：大饥，人相食。——乾隆《沙河县志》卷一样异,无,"v3,v4",2,"仅存在于：v3,v4；缺少：v1,v2"
1960,1640,明思宗崇祯十三年,河北,无,河间县,无,《河间县志》,河间县：大旱，斗米银二两。蝗飞蔽天。人相食。——康熙《河间县志》卷十一祥异,无,"v3,v4",2,"仅存在于：v3,v4；缺少：v1,v2"
1961,1640,明思宗崇祯十三年,河北,无,涉县,无,《涉县志》,涉县：大饥，民死七分，父食子。——顺治《涉县志》卷七灾变,无,"v3,v4",2,"仅存在于：v3,v4；缺少：v1,v2"
1962,1640,明思宗崇祯十三年,河北,无,清河县,无,《清河县志》,清河县：四月至七月，不雨。六月，清河涸。冬大饥，人且相食。——康熙《清河县志》卷十七灾祥,无,"v3,v4",2,"仅存在于：v3,v4；缺少：v1,v2"
1963,1640,明思宗崇祯十三年,河北,无,献县,无,《献县志》,献县：大旱，岁凶。民异姓者相食，骨肉相残者有之。——康熙《献县志》卷八祥异,无,"v3,v4",2,"仅存在于：v3,v4；缺少：v1,v2"
1964,1640,明思宗崇祯十三年,河北,无,盐山县,无,《盐山县志》,盐山县：三月十六日微雨，历夏秋不雨，禾苗尽枯，飞蝗遍野。斗米银四金，木皮草根剥掘俱尽，人民相食。——康熙《盐山县志》卷九灾祥,无,"v3,v4",2,"仅存在于：v3,v4；缺少：v1,v2"
1965,1640,明思宗崇祯十三年,河北,无,肃宁县,无,《华北、东北近五百年旱涝史料》,肃宁县：大旱…人相食。尸骸遍野。——《华北、东北近五百年旱涝史料》第二分册，第30页。,无,"v3,v4",2,"仅存在于：v3,v4；缺少：v1,v2"
1966,1640,明思宗崇祯十三年,河北,无,肥乡县,无,《肥乡县志》,肥乡县：大疫，岁饥。树皮草粒皆尽，人相食，村无烟火。——雍正《肥乡县志》卷二灾祥,无,"v3,v4",2,"仅存在于：v3,v4；缺少：v1,v2"
1967,1640,明思宗崇祯十三年,河北,无,赤城县,无,《龙门县志》,赤城县：夏大旱。六月，陨霜，禾稼尽死。大饥，人相食。——康熙《龙门县志》卷二灾祥,无,"v3,v4",2,"仅存在于：v3,v4；缺少：v1,v2"
1968,1640,明思宗崇祯十三年,河北,无,迁安县,无,《迁安县志》,迁安县：夏五月，飞蝗遍野，大伤禾稼。大饥，斗米一两二钱，人相食，男妇剥树皮，榆柳俱尽。——康熙十八年《迁安县志》卷七灾祥,无,"v3,v4",2,"仅存在于：v3,v4；缺少：v1,v2"
1969,1640,明思宗崇祯十三年,河北,无,遵化县,无,《遵化州志》,遵化县：蝗蝻遍野。秋冬大饥，人相食，冻饿死者枕藉道路。——康熙《遵化州志》卷二灾异,无,"v3,v4",2,"仅存在于：v3,v4；缺少：v1,v2"
1970,1640,明思宗崇祯十三年,河北,无,阜城县,无,《重修阜志》,阜城县：大旱，蝗。斗米价银两余，人相食，只身不敢路行，至父子夫妇相食。——康熙《重修阜志》卷下祥异,无,"v3,v4",2,"仅存在于：v3,v4；缺少：v1,v2"
1971,1640,明思宗崇祯十三年,河北,无,雄县,无,《雄乘》,雄县：夏秋大旱，荒歉，斗粟一两，道瘞相望，人相食。——康熙《雄乘》卷中祥异,无,"v3,v4",2,"仅存在于：v3,v4；缺少：v1,v2"
1972,1640,明思宗崇祯十三年,河北,无,青县,无,《青县志》,青县：自春不雨，至七月初二日始雨。旱，蝗。斗米值银一两五钱，人相食。——嘉庆《青县志》卷六祥异,无,"v3,v4",2,"仅存在于：v3,v4；缺少：v1,v2"
1973,1640,明思宗崇祯十三年,河北,无,馆陶县,无,《馆陶县志》,馆陶县：岁大饥，人相食。——康熙《馆陶县志》卷十二灾祥,无,"v3,v4",2,"仅存在于：v3,v4；缺少：v1,v2"
1974,1640,明思宗崇祯十三年,河北,无,高邑县,无,《高邑县志》,高邑县：岁大饥，民剥树皮，掘草根以食，至有人相食者。——康熙《高邑县志》卷中灾异,无,"v3,v4",2,"仅存在于：v3,v4；缺少：v1,v2"
1975,1640,明思宗崇祯十三年,河北,保定,安新县,无,《新安县志》,安新县：旱，九河俱干。斗栗钱一两五钱，人相食。——乾隆《新安县志》欽祥,无,v2,1,"仅存在于：v2；缺少：v1,v3,v4"
1976,1640,明思宗崇祯十三年,河北,保定,定兴县,无,《定兴县志》,定兴县：大旱，无麦。冬及次年春，米大贵，石银六两，流民至相食。——康熙《定兴县志》卷一《欽祥,无,v2,1,"仅存在于：v2；缺少：v1,v3,v4"
1977,1640,明思宗崇祯十三年,河北,保定,新城县,无,《新城县志》,新城县：大旱，无麦。米大贵，民相食。——民国二十四年《新城县志》卷二十二灾祸,无,v2,1,"仅存在于：v2；缺少：v1,v3,v4"
1978,1640,明思宗崇祯十三年,河北,保定,雄县,无,《雄乘》,雄县：夏秋大旱，荒歉，斗粟一两，道瘞相望，人相食。——康熙《雄乘》卷中祥异,无,v2,1,"仅存在于：v2；缺少：v1,v3,v4"
1979,1640,明思宗崇祯十三年,河北,唐山,迁安市,无,《迁安县志》,迁安县：夏五月，飞蝗遍野，大伤禾稼。大饥，斗米一两二钱，人相食，男妇剥树皮，榆柳俱尽。——康熙十八年《迁安县志》卷七灾祥,无,v2,1,"仅存在于：v2；缺少：v1,v3,v4"
1980,1640,明思宗崇祯十三年,河北,唐山,遵化市,遵化州,《遵化州志》,遵化县：蝗蝻遍野。秋冬大饥，人相食，冻饿死者枕藉道路。——康熙《遵化州志》卷二灾异,无,v2,1,"仅存在于：v2；缺少：v1,v3,v4"
1981,1640,明思宗崇祯十三年,河北,廊坊,永清县,无,《永清县志》,永清县：大饥，斗米千钱。树皮草根食之尽，人皆相食。——康熙《永清县志》卷一灾祥,无,v2,1,"仅存在于：v2；缺少：v1,v3,v4"
1982,1640,明思宗崇祯十三年,河北,张家口,赤城县,龙门县,《龙门县志》,赤城县：夏大旱。六月，陨霜，禾稼尽死。大饥，人相食。——康熙《龙门县志》卷二灾祥,赤城县为推测，原文为龙门县,v2,1,"仅存在于：v2；缺少：v1,v3,v4"
1983,1640,明思宗崇祯十三年,河北,沧州,东光县,无,《东光县志》,东光县：旱，蝗。斗米价银两余，人相食，只身不敢路行。——康熙《东光县志》卷一礫祥,无,v2,1,"仅存在于：v2；缺少：v1,v3,v4"
1984,1640,明思宗崇祯十三年,河北,沧州,南皮县,无,《南皮县志》,南皮县：大饥，人自相食。村落几绝人迹。——康熙《南皮县志》卷二灾异,无,v2,1,"仅存在于：v2；缺少：v1,v3,v4"
1985,1640,明思宗崇祯十三年,河北,沧州,吴桥县,无,《吴桥县志》,吴桥县：旱甚。斗米银二两，人相食。——光绪《吴桥县志》卷十杂记,无,v2,1,"仅存在于：v2；缺少：v1,v3,v4"
1986,1640,明思宗崇祯十三年,河北,沧州,河间市,无,《河间县志》,河间县：大旱，斗米银二两。蝗飞蔽天。人相食。——康熙《河间县志》卷十一祥异,无,v2,1,"仅存在于：v2；缺少：v1,v3,v4"
1987,1640,明思宗崇祯十三年,河北,沧州,泊头市,无,《交河县志》,泊头市：大饥，民相食，甚至父母食子，妻妾食夫。大疫。——康熙《交河县志》卷七灾祥,无,"v2,v3,v4",3,"仅存在于：v2,v3,v4；缺少：v1"
1988,1640,明思宗崇祯十三年,河北,沧州,献县,无,《献县志》,献县：大旱，岁凶。民异姓者相食，骨肉相残者有之。——康熙《献县志》卷八祥异,无,v2,1,"仅存在于：v2；缺少：v1,v3,v4"
1989,1640,明思宗崇祯十三年,河北,沧州,盐山县,无,《盐山县志》,盐山县：三月十六日微雨，历夏秋不雨，禾苗尽枯，飞蝗遍野。斗米银四金，木皮草根剥掘俱尽，人民相食。——康熙《盐山县志》卷九灾祥,无,v2,1,"仅存在于：v2；缺少：v1,v3,v4"
1990,1640,明思宗崇祯十三年,河北,沧州,肃宁县,无,《华北、东北近五百年旱涝史料》,肃宁县：大旱…人相食。尸骸遍野。——《华北、东北近五百年旱涝史料》第二分册，第30页。,无,v2,1,"仅存在于：v2；缺少：v1,v3,v4"
1991,1640,明思宗崇祯十三年,河北,沧州,阜城县,无,《重修阜志》,阜城县：大旱，蝗。斗米价银两余，人相食，只身不敢路行，至父子夫妇相食。——康熙《重修阜志》卷下祥异,无,v2,1,"仅存在于：v2；缺少：v1,v3,v4"
1992,1640,明思宗崇祯十三年,河北,沧州,青县,无,《青县志》,青县：自春不雨，至七月初二日始雨。旱，蝗。斗米值银一两五钱，人相食。——嘉庆《青县志》卷六祥异,无,v2,1,"仅存在于：v2；缺少：v1,v3,v4"
1993,1640,明思宗崇祯十三年,河北,石家庄,元氏县,无,《华北、东北近五百年旱涝史料》,元氏县：大旱，麦无秋，民食树皮、草子，煮靴皮嚼，且食人。——《华北、东北近五百年旱涝史料》第二分册，第80页。,无,v2,1,"仅存在于：v2；缺少：v1,v3,v4"
1994,1640,明思宗崇祯十三年,河北,石家庄,晋县,无,《晋县志》,晋县：大饥，人相食。——民国《晋县志》卷五灾祥,无,v2,1,"仅存在于：v2；缺少：v1,v3,v4"
1995,1640,明思宗崇祯十三年,河北,石家庄,高邑县,无,《高邑县志》,高邑县：岁大饥，民剥树皮，掘草根以食，至有人相食者。——康熙《高邑县志》卷中灾异,无,v2,1,"仅存在于：v2；缺少：v1,v3,v4"
1996,1640,明思宗崇祯十三年,河北,衡水,景县,无,《景县志》,景县：十三年大旱，十四年又大旱，斗米钱千余者，值银二两，人相食。先是，每见狗猫食青草，牛食砖瓦，已兆大旱矣。——民国《景县志》卷十四史事,无,v2,1,"仅存在于：v2；缺少：v1,v3,v4"
1997,1640,明思宗崇祯十三年,河北,衡水,枣强县,无,《枣强县志》,枣强县：大旱，斗米银一两，父子兄弟妻子离散，老弱展转沟壑，树皮食尽，人将相食，死者七八。二百年来未见之奇荒也。——康熙增刻万历《枣强县志》卷一灾祥,无,v2,1,"仅存在于：v2；缺少：v1,v3,v4"
1998,1640,明思宗崇祯十三年,河北,邢台,临城县,无,《临城县志》,临城县：大旱，虫蝗。时斗米千钱，民剥树皮以食，祖孙父子夫妻俱有相食者。——康熙三十年《临城县志》卷八禪祥,无,v2,1,"仅存在于：v2；缺少：v1,v3,v4"
1999,1640,明思宗崇祯十三年,河北,邢台,任县,无,《任县志》,任县：大饥，人相食。——康熙《任县志》卷一灾祥,无,v2,1,"仅存在于：v2；缺少：v1,v3,v4"
2000,1640,明思宗崇祯十三年,河北,邢台,威县,无,《威县续志》,威县：无麦，大祲。斗米值银一两二钱，至有父子夫妇相食者，亘古未闻。——顺治《威县续志》卷九祥异,无,v2,1,"仅存在于：v2；缺少：v1,v3,v4"
2001,1640,明思宗崇祯十三年,河北,邢台,宁晋县,无,《宁晋县志》,宁晋县：大旱，蝗。川泽竭，井涸。人相食。——康熙《宁晋县志》卷一灾祥,无,v2,1,"仅存在于：v2；缺少：v1,v3,v4"
2002,1640,明思宗崇祯十三年,河北,邢台,巨鹿县,无,《钜鹿县志》,巨鹿县：奇荒，人相食。——顺治《钜鹿县志》卷八灾异,无,v2,1,"仅存在于：v2；缺少：v1,v3,v4"
2003,1640,明思宗崇祯十三年,河北,邢台,平乡县,无,《平乡县志》,平乡县：大旱数月，民相食。——乾隆《平乡县志》卷一灾祥,无,v2,1,"仅存在于：v2；缺少：v1,v3,v4"
2004,1640,明思宗崇祯十三年,河北,邢台,广宗县,无,《广宗县志》,广宗县：大歉，斗米贯钱，继以瘟疫流行，人相食，死者过半。——康熙《广宗县志》卷十一祯祥,无,v2,1,"仅存在于：v2；缺少：v1,v3,v4"
2005,1640,明思宗崇祯十三年,河北,邢台,沙河市,无,《沙河县志》,沙河县：大饥，人相食。——乾隆《沙河县志》卷一样异,无,v2,1,"仅存在于：v2；缺少：v1,v3,v4"
2006,1640,明思宗崇祯十三年,河北,邢台,清河县,无,《清河县志》,清河县：四月至七月，不雨。六月，清河涸。冬大饥，人且相食。——康熙《清河县志》卷十七灾祥,无,v2,1,"仅存在于：v2；缺少：v1,v3,v4"
2007,1640,明思宗崇祯十三年,河北,邯郸,临漳县,无,《临漳县志》,临漳县：大饥，斗米一两二钱。人相食，瘟疫盛行，民仅存一二。——光绪《临漳县志》卷一纪事,无,v2,1,"仅存在于：v2；缺少：v1,v3,v4"
2008,1640,明思宗崇祯十三年,河北,邯郸,大名县,无,《大名府志》,大名县：夏四月，旱，麦尽枯。大疫。五月，蝗。时斗米千钱，人相食，命官赈济。秋八月，陨霜。——咸丰《大名府志》卷四年纪,无,v2,1,"仅存在于：v2；缺少：v1,v3,v4"
2009,1640,明思宗崇祯十三年,河北,邯郸,曲周县,无,《曲周县志》,曲周县：春，风霾。夏旱，至秋不雨，无麦禾。大饥，草根木皮皆尽，人相食，盗起。——顺治《曲周县志》卷二灾祥,无,v2,1,"仅存在于：v2；缺少：v1,v3,v4"
2010,1640,明思宗崇祯十三年,河北,邯郸,永年区,无,《永年县志》,永年县：旱甚，岁大饥，人相食。——康熙《永年县志》卷十八灾祥,无,v2,1,"仅存在于：v2；缺少：v1,v3,v4"
2011,1640,明思宗崇祯十三年,河北,邯郸,涉县,无,《涉县志》,涉县：大饥，民死七分，父食子。——顺治《涉县志》卷七灾变,无,v2,1,"仅存在于：v2；缺少：v1,v3,v4"
2012,1640,明思宗崇祯十三年,河北,邯郸,肥乡县,无,《肥乡县志》,肥乡县：大疫，岁饥。树皮草粒皆尽，人相食，村无烟火。——雍正《肥乡县志》卷二灾祥,无,v2,1,"仅存在于：v2；缺少：v1,v3,v4"
2013,1640,明思宗崇祯十三年,河北,邯郸,馆陶县,无,《馆陶县志》,馆陶县：岁大饥，人相食。——康熙《馆陶县志》卷十二灾祥,无,v2,1,"仅存在于：v2；缺少：v1,v3,v4"
2014,1640,明思宗崇祯十三年,河南,无,临汝县,无,《汝州全志》,临汝县：旱，蝗。大饥，人相食，木棉诸树叶每斤百钱。——道光《汝州全志》卷九灾祥,无,"v2,v4",2,"仅存在于：v2,v4；缺少：v1,v3"
2015,1640,明思宗崇祯十三年,河南,无,临颍县,无,《临颍县续志》,临颍县：…十月，大饥，人相食，布帛衣服器皿每件不值百钱。——乾隆《临颍县续志》卷七灾祥,无,"v2,v4",2,"仅存在于：v2,v4；缺少：v1,v3"
2016,1640,明思宗崇祯十三年,河南,无,偃师县,无,《偃师县志》,偃师县：大无禾麦，洛水深不盈尺。流贼起，人民相食。——顺治《偃师县志》卷二灾祥,无,v2,1,"仅存在于：v2；缺少：v1,v3,v4"
2017,1640,明思宗崇祯十三年,河南,无,兰考县,无,《仪封县志》,兰考县：兵凶岁荒。三月不雨，六月小雨仅播豆种，又不雨，禾尽槁。八月即大霜。树叶尽脱。十月粮腾贵，麦石十五金，杂粮石十二金。人相食，市鬻人肉。集有人市，妇女一口，百钱可易。——顺治《仪封县志》卷七欽祥,无,v2,1,"仅存在于：v2；缺少：v1,v3,v4"
2018,1640,明思宗崇祯十三年,河南,无,卢氏县,无,《卢氏县志》,卢氏县：…父子相食，饿殍遍野。山崩川竭，逆闽倡乱中州。——康熙《卢氏县志》卷四灾祥,无,"v2,v3",2,"仅存在于：v2,v3；缺少：v1,v4"
2019,1640,明思宗崇祯十三年,河南,无,原阳县,无,《原武县志》,原阳县：正月朔，阴晦雨沙者一日，白昼如夜。春大旱。斗米千五百钱，人相食。——康熙《原武县志》卷末灾祥,无,"v2,v4",2,"仅存在于：v2,v4；缺少：v1,v3"
2020,1640,明思宗崇祯十三年,河南,无,商城县,无,《商城县志》,商城县：飞蝗蔽天，无禾，人相食。——康熙《商城县志》卷八灾祥,无,"v2,v4",2,"仅存在于：v2,v4；缺少：v1,v3"
2021,1640,明思宗崇祯十三年,河南,无,商水县,无,《商水县志》,商水县：大饥，群盗蜂起，…壮者皆从贼去，其余老弱相食，甚有父子、兄弟、夫妇自相啖者。冬大雪，路绝行人．城门紧闭，四关皆食人之薮也。——顺治《商水县志》卷八灾变,无,"v2,v4",2,"仅存在于：v2,v4；缺少：v1,v3"
2022,1640,明思宗崇祯十三年,河南,无,固始县,无,《固始县志》,固始县：…斗米钱三千三百文，人相食，甚至父子兄弟夫妻有相食者。——康熙《固始县志》卷十一·灾祥,无,"v2,v4",2,"仅存在于：v2,v4；缺少：v1,v3"
2023,1640,明思宗崇祯十三年,河南,无,夏邑县,无,《夏邑县志》,夏邑县：又旱，禾乃尽。…斗米钱二千，民穷思乱，绿林啸聚，白昼揭竿，所在杀人而食，出城不数武即杀人之场，生死止隔一墙耳。初，有司尚严禁之，渐成固然，甚而父食其子，夫食其妇，种种修状，未之前闻。——民国《夏邑县志》卷九杂文,无,"v2,v4",2,"仅存在于：v2,v4；缺少：v1,v3"
2024,1640,明思宗崇祯十三年,河南,无,太康县,无,《太康县志》,太康县：春大饥，人相食。——康熙《太康县志》卷八灾祥,无,"v2,v4",2,"仅存在于：v2,v4；缺少：v1,v3"
2025,1640,明思宗崇祯十三年,河南,无,孟县,无,《孟县志》,孟县：大饥，斗粟二千钱，人相食，死者枕籍。——康熙《孟县志》卷七灾祥,无,"v2,v4",2,"仅存在于：v2,v4；缺少：v1,v3"
2026,1640,明思宗崇祯十三年,河南,无,孟津县,无,《孟津县志》,孟津县：大旱，无青苗，斗栗五千钱，人相食。——嘉庆《孟津县志》卷四祥异,无,"v2,v4",2,"仅存在于：v2,v4；缺少：v1,v3"
2027,1640,明思宗崇祯十三年,河南,无,宁陵县,无,《宁陵县志》,宁陵县：岁大饥，人相食。盗贼蜂起，昼不敢行，死者遍野。——康熙《宁陵县志》卷十二灾祥,无,"v2,v4",2,"仅存在于：v2,v4；缺少：v1,v3"
2028,1640,明思宗崇祯十三年,河南,无,安阳市,无,《安阳县志》,安阳市：井或浅涸，带泥汲炊，长河有断流者。米麦一斗，银至一两三四钱不止。木皮草根剥掘殆尽，人相食，其至父子夫妇互相杀食，僻巷无敢独行者。群狼队行人市，外城终夜鬼哭，日以为常。人亦不以为异。虽有司煮粥赈粟，直如恒河之一沙，无救于死。——康熙《安阳县志》卷十灾祥,无,v2,1,"仅存在于：v2；缺少：v1,v3,v4"
2029,1640,明思宗崇祯十三年,河南,无,宝丰县,无,《宝丰县志》,宝丰县：大饥，木棉棠棣诸树叶计斤而鬻，每斤值百钱。父子相食。——乾隆《宝丰县志》卷五灾祥,无,"v2,v4",2,"仅存在于：v2,v4；缺少：v1,v3"
2030,1640,明思宗崇祯十三年,河南,无,密县,无,《华北、东北近五百年旱涝史料》,密县：大旱蝗，道瘞枕藉，人相食。——《华北、东北近五百年旱涝史料》第四分册，第29页。,无,"v2,v3",2,"仅存在于：v2,v3；缺少：v1,v4"
2031,1640,明思宗崇祯十三年,河南,无,尉氏县,无,《尉氏县志》,尉氏县：闰正月朔，日食，暴风扬沙，色赤如火。二月，日光如血者数日。四月，蝗食禾，既。七月大旱，蝗，禾草俱枯。八月，陨霜杀菽。大饥，斗粟银二两，人相食，盗贼蜂起。——道光《尉氏县志》卷一样异,无,v2,1,"仅存在于：v2；缺少：v1,v3,v4"
2032,1640,明思宗崇祯十三年,河南,无,嵩县,无,《华北、东北近五百年旱涝史料》,嵩县：旱蝗，大饥，人相食。——《华北、东北近五百年旱涝史料》第四分册，第52页。,无,"v2,v3",2,"仅存在于：v2,v3；缺少：v1,v4"
2033,1640,明思宗崇祯十三年,河南,无,巩县,无,《巩县志》,巩县：大旱，大饥，人相食。——乾隆十年《巩县志》卷二灾祥,无,v2,1,"仅存在于：v2；缺少：v1,v3,v4"
2034,1640,明思宗崇祯十三年,河南,无,延津县,无,《延津县志》,延津县：春夏大早，无麦。八月，陨霜杀禾。斗米千钱，人相食。——康熙《延津县志》卷七灾祥,无,"v2,v4",2,"仅存在于：v2,v4；缺少：v1,v3"
2035,1640,明思宗崇祯十三年,河南,无,开封县,无,《祥符县志》,开封县：蝗生四月以啮麦，霜生八月而杀禾，致使斗米两金。百姓之死于饿者不知凡几。死于相食者不知凡几。向之林林总总者十仅存四五矣。——顺治《祥符县志》卷六艺文,无,v2,1,"仅存在于：v2；缺少：v1,v3,v4"
2036,1640,明思宗崇祯十三年,河南,无,扶沟县,无,《陈州府志》,扶沟县：自六月不雨至十二月，禾尽槁。八月二十三日，严霜杀物。是年，秋冬大饥，斗米三千余钱，饿殍载道，土寇蜂起，母食其子、妻烹其夫，于是树皮尽白，野菜草根继之，白骨如莽，城守戒严，道路遂阻。——乾隆《陈州府志》卷三十杂志,无,"v2,v4",2,"仅存在于：v2,v4；缺少：v1,v3"
2037,1640,明思宗崇祯十三年,河南,无,新乡县,无,《新乡县续志》,新乡县：春夏不雨，大风沙霾，昼晦。蝗蟄大作，人相食，瘟疫。发帑赈饥。死者枕藉，就食他乡者亦毙于道。张缙彦陈请发帑金二万赈邺与卫。——康熙《新乡县续志》卷二灾异,无,v2,1,"仅存在于：v2；缺少：v1,v3,v4"
2038,1640,明思宗崇祯十三年,河南,无,新安县,无,《新安县志》,新安县：旱，蝗。大饥，野绝青草，斗米二两九钱。以树皮、白土、雁矢充饥，至以柿蒂、蒺藜、牛马皮为市，骨肉相食，死者相继，村舍十空其九。——康熙《新安县志》卷十七灾异,无,v3,1,"仅存在于：v3；缺少：v1,v2,v4"
2039,1640,明思宗崇祯十三年,河南,无,新蔡县,无,《汝宁府志》,新蔡县：饥，民间易子而食。——嘉庆《汝宁府志》卷十九人物,无,v4,1,"仅存在于：v4；缺少：v1,v2,v3"
2040,1640,明思宗崇祯十三年,河南,无,新郑县,无,《新郑县志》,新郑县：春夏全无雨，二麦微收。秋禾继以蝗蝻食尽。七月始而。八月二十四日，大霜，荞麦尽枯。九月后，人相食。——顺治《新郑县志》卷五祥异,无,v2,1,"仅存在于：v2；缺少：v1,v3,v4"
2041,1640,明思宗崇祯十三年,河南,无,杞县,无,《杞县志》,杞县：春二月，赤风尽晦，其色如血。夏早。秋八月陨霜。是岁大饥，斗粟千钱，人相食，市肆卖人内者。——乾隆十一年《杞县志》卷二灾祥,无,v2,1,"仅存在于：v2；缺少：v1,v3,v4"
2042,1640,明思宗崇祯十三年,河南,无,林县,无,《林县志》,林县：大荒，人相食。——康熙《林县志》卷十三灾祲,无,"v2,v4",2,"仅存在于：v2,v4；缺少：v1,v3"
2043,1640,明思宗崇祯十三年,河南,无,柘城县,无,《柘城县志》,柘城县：大饥，人相食。——康熙《柘城县志》卷四灾样,无,"v2,v4",2,"仅存在于：v2,v4；缺少：v1,v3"
2044,1640,明思宗崇祯十三年,河南,无,武陟县,无,《武陟县志》,武陟县：大旱，斗米二千钱。冬，人相食。——康熙《武陟县志》卷一灾祥,无,"v2,v4",2,"仅存在于：v2,v4；缺少：v1,v3"
2045,1640,明思宗崇祯十三年,河南,无,汝阳县,无,《伊阳县志》,汝阳县：春二月至七月无雨，野无青草。…饿殍枕藉，人且相食矣。——顺治《伊阳县志》卷二灾异,无,"v2,v4",2,"仅存在于：v2,v4；缺少：v1,v3"
2046,1640,明思宗崇祯十三年,河南,无,汲县,无,《汲县志》,汲县：大饥，人相食，城内杀人，乡村盗起，人死十之八九。——康熙《汲县志》卷十,无,v2,1,"仅存在于：v2；缺少：v1,v3,v4"
2047,1640,明思宗崇祯十三年,河南,无,沁阳县,无,《河内县志》,沁阳县：自去年七月至本年八月始雨，五谷种不入士。岁大饥，斗粟二千钱，人相食，乱民所在啸聚。——康熙《河内县志》卷一灾祥,无,"v2,v4",2,"仅存在于：v2,v4；缺少：v1,v3"
2048,1640,明思宗崇祯十三年,河南,无,泌阳县,无,《华北、东北近五百年旱涝史料》,泌阳县：自去年七月至是年八月始雨，五谷种不入土，大饥…人相食。——《华北、东北近五百年旱涝史料》第四分册，第68页。,无,"v2,v3",2,"仅存在于：v2,v3；缺少：v1,v4"
2049,1640,明思宗崇祯十三年,河南,无,洛宁县,无,《永宁县志》,洛宁县：十三年、十四年大饥，斗米二十两，麦银十六两，民有父子、母女、夫妻相食者。——乾隆十二年《永宁县志》卷一灾祥,无,v4,1,"仅存在于：v4；缺少：v1,v2,v3"
2050,1640,明思宗崇祯十三年,河南,无,济源县,无,《济源县志》,济源县：早饥，斗粟二千钱，父子兄弟自相食，中产以下多死绝。——乾隆《济源县志》卷一祥异,无,v2,1,"仅存在于：v2；缺少：v1,v3,v4"
2051,1640,明思宗崇祯十三年,河南,无,浚县,无,《浚县志》,浚县：大饥，人相食。——康熙《浚县志》卷一样异,无,"v2,v4",2,"仅存在于：v2,v4；缺少：v1,v3"
2052,1640,明思宗崇祯十三年,河南,无,淮阳县,无,《陈州府志》,淮阳县：人相食。——乾隆《陈州府志》卷三十杂志,无,"v2,v4",2,"仅存在于：v2,v4；缺少：v1,v3"
2053,1640,明思宗崇祯十三年,河南,无,渑池县,无,《渑池县志》,渑池县：自春至秋不雨，野无青草。斗米价值四两，父子相食。——乾隆《渑池县志》卷中灾祥,无,"v2,v4",2,"仅存在于：v2,v4；缺少：v1,v3"
2054,1640,明思宗崇祯十三年,河南,无,温县,无,《温县志》,温县：大荒，人相食。——乾隆十一年《温县志》卷一灾祥,无,v2,1,"仅存在于：v2；缺少：v1,v3,v4"
2055,1640,明思宗崇祯十三年,河南,无,滑县,无,《滑县志》,滑县：春雨土，多风，麦尽枯。岁大凶。秋大荒。乡民有身家者，多避居城内。冬，土寇窃发，各乡烽火相接，人相食。——顺治《滑县志》卷十杂志,无,"v2,v4",2,"仅存在于：v2,v4；缺少：v1,v3"
2056,1640,明思宗崇祯十三年,河南,无,潢川县,无,《光州志》,潢川县：旱，蝗。人相食，有窃邻之幼子而食者。——顺治《光州志》卷十二灾异,无,"v2,v4",2,"仅存在于：v2,v4；缺少：v1,v3"
2057,1640,明思宗崇祯十三年,河南,无,灵宝县,无,《闵乡县志》,灵宝县：夏旱，蝗蛹生，食禾殆尽。斗米二两五钱，人相食。冬无雪。——顺治《闵乡县志》卷一灾祥,无,"v2,v4",2,"仅存在于：v2,v4；缺少：v1,v3"
2058,1640,明思宗崇祯十三年,河南,无,登封县,无,《登封县志》,登封县：大早，蝗蟄为灾。斗米价至二两，饿殍盈野，父子相食。——康熙《登封县志》卷九灾祥,无,v2,1,"仅存在于：v2；缺少：v1,v3,v4"
2059,1640,明思宗崇祯十三年,河南,无,睢县,无,《睢州志》,睢县：夏大旱，野无青草，蝗。八月．陨霜，杀晚禾。是岁大饥，斗米数金，人相啖，死者什七，亘古未有。——康熙三十二年《睢州志》卷七祥异,无,"v2,v4",2,"仅存在于：v2,v4；缺少：v1,v3"
2060,1640,明思宗崇祯十三年,河南,无,禹县,无,《禹州志》,禹县：二月不雨，至子八月，土寇起。六月，人相食。——顺治《禹州志》卷九禪祥,无,"v2,v4",2,"仅存在于：v2,v4；缺少：v1,v3"
2061,1640,明思宗崇祯十三年,河南,无,荥阳县,无,《汜志》,荥阳县：大旱，野断青。飞蝗食木叶，蝗过蛹生，室之内外皆蛹。栗钱二两，蓬子、榆皮，兰根为市，牛马（）为食，肆人相食，冻饿死者无算。——顺治《汜志》卷四祥异,无,v2,1,"仅存在于：v2；缺少：v1,v3,v4"
2062,1640,明思宗崇祯十三年,河南,无,虞城县,无,《虞城县志》,虞城县：八月，陨霜杀禾，流寇至，大饥。冬十月，斗麦价四金，蜀秫三金余。人相食，饿殍盈野，须臾皮肉俱尽，后有父母子女互相杀啖者，官法不能禁。——顺治《虞城县志》卷八灾祥,无,"v2,v4",2,"仅存在于：v2,v4；缺少：v1,v3"
2063,1640,明思宗崇祯十三年,河南,无,襄城县,无,《襄城县志》,襄城县：大旱，大蝗，秋禾尽伤，…人相食，饿死者过半。——顺治《襄城县志》卷七灾祥,无,"v2,v4",2,"仅存在于：v2,v4；缺少：v1,v3"
2064,1640,明思宗崇祯十三年,河南,无,西华县,无,《西华县志》,西华县：赤黑风自北来，凡三阅月。大饥，父子夫妻多相食，城市之中公然有鬻人肉者。——顺治《西华县志》卷七灾异,无,"v2,v4",2,"仅存在于：v2,v4；缺少：v1,v3"
2065,1640,明思宗崇祯十三年,河南,无,西平县,无,《西平县志》,西平县：…田禾食尽，野无青草。父子夫妻相食，尸体载道。——康熙《西平县志》卷十外志,无,"v2,v4",2,"仅存在于：v2,v4；缺少：v1,v3"
2066,1640,明思宗崇祯十三年,河南,无,许昌县,无,《许州志》,许昌县：大旱，蝗，秋禾尽伤，青草皆枯。斗米易钱二千文，人相食，饿死者大半，时民争采桑槐芋叶为食。是冬及次岁春，妇女自鬻于市，无有收者，有夫妻相食者。甚有易于而食者，有全家饿死者十分之七，逃亡者无算。是岁，土贼蜂起。——康熙《许州志》卷九祥异,无,"v2,v4",2,"仅存在于：v2,v4；缺少：v1,v3"
2067,1640,明思宗崇祯十三年,河南,无,辉县,无,《辉县志》,辉县：大蝗，秋盗起。十月，人相食，斗米千钱，市鬻人肉。——康熙《辉县志》卷十八灾祥,无,v2,1,"仅存在于：v2；缺少：v1,v3,v4"
2068,1640,明思宗崇祯十三年,河南,无,通许县,无,《通许县志》,通许县：大早，人相食。夏四月，蝗，无麦。秋八月，大霜杀禾。大饥，民相食。——康熙《通许县志》卷十灾祥,无,v2,1,"仅存在于：v2；缺少：v1,v3,v4"
2069,1640,明思宗崇祯十三年,河南,无,郏县,无,《郏县志》,郏县：大饥，至父子相食。武刚土贼自此起。——顺治《郏县志》卷一灾祥,无,"v2,v4",2,"仅存在于：v2,v4；缺少：v1,v3"
2070,1640,明思宗崇祯十三年,河南,无,鄢陵县,无,《鄢陵县志》,鄢陵县：白正月不雨至于五、六月，禾尽槁。秋冬大饥，斗米一千余钱，饿殍载道，土寇蜂起。母食其子，妻烹其夫，…白骨如莽，城守戒严，道遂阻。——顺治《鄢陵县志》卷九祥异,无,"v2,v4",2,"仅存在于：v2,v4；缺少：v1,v3"
2071,1640,明思宗崇祯十三年,河南,无,项城县,无,《项城县志》,项城县：大饥，道馑相望，人相食。——顺治《项城县志》卷八灾祥,无,"v2,v4",2,"仅存在于：v2,v4；缺少：v1,v3"
2072,1640,明思宗崇祯十三年,河南,无,鲁山县,无,《鲁山县全志》,鲁山县：大旱，蝗。米价金余一斗，父子相食，土贼蜂起。——乾隆《鲁山县全志》卷九祥异,无,"v2,v4",2,"仅存在于：v2,v4；缺少：v1,v3"
2073,1640,明思宗崇祯十三年,河南,无,鹿邑县,无,《鹿邑县志》,鹿邑县：春大饥，人相食。——康熙《鹿邑县志》卷八灾祥,无,"v2,v4",2,"仅存在于：v2,v4；缺少：v1,v3"
2074,1640,明思宗崇祯十三年,河南,三门峡,三门峡,陕州,《陕州志》,三门峡市：自春至秋不雨，野无青草，米麦斗值钱五千，次年春又倍。父子、兄弟、夫妇相食，亘古罕闻。夏又大疫，存者百无一二。——顺治《陕州志》卷四灾样,陕州为古代地名，三门峡为现代地名,v1,1,"仅存在于：v1；缺少：v2,v3,v4"
2075,1640,明思宗崇祯十三年,河南,三门峡,卢氏,无,《卢氏县志》,卢氏县：…父子相食，饿殍遍野。山崩川竭，逆闽倡乱中州。——康熙《卢氏县志》卷四灾祥,无,v1,1,"仅存在于：v1；缺少：v2,v3,v4"
2076,1640,明思宗崇祯十三年,河南,三门峡,渑池,无,《渑池县志》,渑池县：自春至秋不雨，野无青草。斗米价值四两，父子相食。——乾隆《渑池县志》卷中灾祥,无,v1,1,"仅存在于：v1；缺少：v2,v3,v4"
2077,1640,明思宗崇祯十三年,河南,三门峡,灵宝,无,《闵乡县志》,灵宝县：夏旱，蝗蛹生，食禾殆尽。斗米二两五钱，人相食。冬无雪。——顺治《闵乡县志》卷一灾祥,无,v1,1,"仅存在于：v1；缺少：v2,v3,v4"
2078,1640,明思宗崇祯十三年,河南,三门峡市,无,无,《陕州志》,三门峡市：自春至秋不雨，野无青草，米麦斗值钱五千，次年春又倍。父子、兄弟、夫妇相食，亘古罕闻。夏又大疫，存者百无一二。——顺治《陕州志》卷四灾样,无,"v2,v3,v4",3,"仅存在于：v2,v3,v4；缺少：v1"
2079,1640,明思宗崇祯十三年,河南,三门峡市,卢氏县,无,《卢氏县志》,卢氏县：…父子相食，饿殍遍野。山崩川竭，逆闽倡乱中州。——康熙《卢氏县志》卷四灾祥,无,v4,1,"仅存在于：v4；缺少：v1,v2,v3"
2080,1640,明思宗崇祯十三年,河南,临汝县,临汝县,临汝县,《汝州全志》,临汝县：旱，蝗。大饥，人相食，木棉诸树叶每斤百钱。——道光《汝州全志》卷九灾祥,临汝县为古代地名，临汝县为推测，原文为古代地名临汝县,v3,1,"仅存在于：v3；缺少：v1,v2,v4"
2081,1640,明思宗崇祯十三年,河南,临颍县,临颍县,无,《临颍县续志》,临颍县：…十月，大饥，人相食，布帛衣服器皿每件不值百钱。——乾隆《临颍县续志》卷七灾祥,无,v3,1,"仅存在于：v3；缺少：v1,v2,v4"
2082,1640,明思宗崇祯十三年,河南,信阳市,商城县,无,《商城县志》,商城县：飞蝗蔽天，无禾，人相食。——康熙《商城县志》卷八灾祥,无,v1,1,"仅存在于：v1；缺少：v2,v3,v4"
2083,1640,明思宗崇祯十三年,河南,信阳市,固始县,无,《固始县志》,固始县：…斗米钱三千三百文，人相食，甚至父子兄弟夫妻有相食者。——康熙《固始县志》卷十一·灾祥,无,v1,1,"仅存在于：v1；缺少：v2,v3,v4"
2084,1640,明思宗崇祯十三年,河南,信阳市,潢川县,无,《光州志》,潢川县：旱，蝗。人相食，有窃邻之幼子而食者。——顺治《光州志》卷十二灾异,无,v1,1,"仅存在于：v1；缺少：v2,v3,v4"
2085,1640,明思宗崇祯十三年,河南,偃师县,偃师县,无,《偃师县志》,偃师县：大无禾麦，洛水深不盈尺。流贼起，人民相食。——顺治《偃师县志》卷二灾祥,无,v3,1,"仅存在于：v3；缺少：v1,v2,v4"
2086,1640,明思宗崇祯十三年,河南,原阳县,原阳县,无,《原武县志》,原阳县：正月朔，阴晦雨沙者一日，白昼如夜。春大旱。斗米千五百钱，人相食。——康熙《原武县志》卷末灾祥,无,v3,1,"仅存在于：v3；缺少：v1,v2,v4"
2087,1640,明思宗崇祯十三年,河南,周口市,商水县,无,《商水县志》,商水县：大饥，群盗蜂起，…壮者皆从贼去，其余老弱相食，甚有父子、兄弟、夫妇自相啖者。冬大雪，路绝行人．城门紧闭，四关皆食人之薮也。——顺治《商水县志》卷八灾变,无,v1,1,"仅存在于：v1；缺少：v2,v3,v4"
2088,1640,明思宗崇祯十三年,河南,周口市,太康县,无,《太康县志》,太康县：春大饥，人相食。——康熙《太康县志》卷八灾祥,无,v1,1,"仅存在于：v1；缺少：v2,v3,v4"
2089,1640,明思宗崇祯十三年,河南,周口市,扶沟县,无,《陈州府志》,扶沟县：自六月不雨至十二月，禾尽槁。八月二十三日，严霜杀物。是年，秋冬大饥，斗米三千余钱，饿殍载道，土寇蜂起，母食其子、妻烹其夫，于是树皮尽白，野菜草根继之，白骨如莽，城守戒严，道路遂阻。——乾隆《陈州府志》卷三十杂志,无,v1,1,"仅存在于：v1；缺少：v2,v3,v4"
2090,1640,明思宗崇祯十三年,河南,周口市,淮阳县,无,《陈州府志》,淮阳县：人相食。——乾隆《陈州府志》卷三十杂志,无,v1,1,"仅存在于：v1；缺少：v2,v3,v4"
2091,1640,明思宗崇祯十三年,河南,周口市,西华县,无,《西华县志》,西华县：赤黑风自北来，凡三阅月。大饥，父子夫妻多相食，城市之中公然有鬻人肉者。——顺治《西华县志》卷七灾异,无,v1,1,"仅存在于：v1；缺少：v2,v3,v4"
2092,1640,明思宗崇祯十三年,河南,周口市,项城县,无,《项城县志》,项城县：大饥，道馑相望，人相食。——顺治《项城县志》卷八灾祥,无,v1,1,"仅存在于：v1；缺少：v2,v3,v4"
2093,1640,明思宗崇祯十三年,河南,周口市,鹿邑县,无,《鹿邑县志》,鹿邑县：春大饥，人相食。——康熙《鹿邑县志》卷八灾祥,无,v1,1,"仅存在于：v1；缺少：v2,v3,v4"
2094,1640,明思宗崇祯十三年,河南,商丘市,夏邑县,无,《夏邑县志》,夏邑县：又旱，禾乃尽。…斗米钱二千，民穷思乱，绿林啸聚，白昼揭竿，所在杀人而食，出城不数武即杀人之场，生死止隔一墙耳。初，有司尚严禁之，渐成固然，甚而父食其子，夫食其妇，种种修状，未之前闻。——民国《夏邑县志》卷九杂文,无,v1,1,"仅存在于：v1；缺少：v2,v3,v4"
2095,1640,明思宗崇祯十三年,河南,商丘市,宁陵县,无,《宁陵县志》,宁陵县：岁大饥，人相食。盗贼蜂起，昼不敢行，死者遍野。——康熙《宁陵县志》卷十二灾祥,无,v1,1,"仅存在于：v1；缺少：v2,v3,v4"
2096,1640,明思宗崇祯十三年,河南,商丘市,柘城县,无,《柘城县志》,柘城县：大饥，人相食。——康熙《柘城县志》卷四灾样,无,v1,1,"仅存在于：v1；缺少：v2,v3,v4"
2097,1640,明思宗崇祯十三年,河南,商丘市,睢县,无,《睢州志》,睢县：夏大旱，野无青草，蝗。八月．陨霜，杀晚禾。是岁大饥，斗米数金，人相啖，死者什七，亘古未有。——康熙三十二年《睢州志》卷七祥异,无,v1,1,"仅存在于：v1；缺少：v2,v3,v4"
2098,1640,明思宗崇祯十三年,河南,商丘市,虞城县,无,《虞城县志》,虞城县：八月，陨霜杀禾，流寇至，大饥。冬十月，斗麦价四金，蜀秫三金余。人相食，饿殍盈野，须臾皮肉俱尽，后有父母子女互相杀啖者，官法不能禁。——顺治《虞城县志》卷八灾祥,无,v1,1,"仅存在于：v1；缺少：v2,v3,v4"
2099,1640,明思宗崇祯十三年,河南,商城县,商城县,无,《商城县志》,商城县：飞蝗蔽天，无禾，人相食。——康熙《商城县志》卷八灾祥,无,v3,1,"仅存在于：v3；缺少：v1,v2,v4"
2100,1640,明思宗崇祯十三年,河南,商水县,商水县,无,《商水县志》,商水县：大饥，群盗蜂起，…壮者皆从贼去，其余老弱相食，甚有父子、兄弟、夫妇自相啖者。冬大雪，路绝行人．城门紧闭，四关皆食人之薮也。——顺治《商水县志》卷八灾变,无,v3,1,"仅存在于：v3；缺少：v1,v2,v4"
2101,1640,明思宗崇祯十三年,河南,固始县,固始县,无,《固始县志》,固始县：…斗米钱三千三百文，人相食，甚至父子兄弟夫妻有相食者。——康熙《固始县志》卷十一·灾祥,无,v3,1,"仅存在于：v3；缺少：v1,v2,v4"
2102,1640,明思宗崇祯十三年,河南,夏邑县,夏邑县,无,《夏邑县志》,夏邑县：又旱，禾乃尽。…斗米钱二千，民穷思乱，绿林啸聚，白昼揭竿，所在杀人而食，出城不数武即杀人之场，生死止隔一墙耳。初，有司尚严禁之，渐成固然，甚而父食其子，夫食其妇，种种修状，未之前闻。——民国《夏邑县志》卷九杂文,无,v3,1,"仅存在于：v3；缺少：v1,v2,v4"
2103,1640,明思宗崇祯十三年,河南,太康县,太康县,无,《太康县志》,太康县：春大饥，人相食。——康熙《太康县志》卷八灾祥,无,v3,1,"仅存在于：v3；缺少：v1,v2,v4"
2104,1640,明思宗崇祯十三年,河南,孟县,孟县,孟县,《孟县志》,孟县：大饥，斗粟二千钱，人相食，死者枕籍。——康熙《孟县志》卷七灾祥,孟县为古代地名，孟县为推测，原文为古代地名孟县,v3,1,"仅存在于：v3；缺少：v1,v2,v4"
2105,1640,明思宗崇祯十三年,河南,孟津县,孟津县,无,《孟津县志》,孟津县：大旱，无青苗，斗栗五千钱，人相食。——嘉庆《孟津县志》卷四祥异,无,v3,1,"仅存在于：v3；缺少：v1,v2,v4"
2106,1640,明思宗崇祯十三年,河南,宁陵县,宁陵县,无,《宁陵县志》,宁陵县：岁大饥，人相食。盗贼蜂起，昼不敢行，死者遍野。——康熙《宁陵县志》卷十二灾祥,无,v3,1,"仅存在于：v3；缺少：v1,v2,v4"
2107,1640,明思宗崇祯十三年,河南,安阳市,无,无,《安阳县志》,安阳市：井或浅涸，带泥汲炊，长河有断流者。米麦一斗，银至一两三四钱不止。木皮草根剥掘殆尽，人相食，其至父子夫妇互相杀食，僻巷无敢独行者。群狼队行人市，外城终夜鬼哭，日以为常。人亦不以为异。虽有司煮粥赈粟，直如恒河之一沙，无救于死。——康熙《安阳县志》卷十灾祥,无,"v1,v4",2,"仅存在于：v1,v4；缺少：v2,v3"
2108,1640,明思宗崇祯十三年,河南,安阳市,安阳县,无,《安阳县志》,安阳市：井或浅涸，带泥汲炊，长河有断流者。米麦一斗，银至一两三四钱不止。木皮草根剥掘殆尽，人相食，其至父子夫妇互相杀食，僻巷无敢独行者。群狼队行人市，外城终夜鬼哭，日以为常。人亦不以为异。虽有司煮粥赈粟，直如恒河之一沙，无救于死。——康熙《安阳县志》卷十灾祥,无,v3,1,"仅存在于：v3；缺少：v1,v2,v4"
2109,1640,明思宗崇祯十三年,河南,安阳市,林县,无,《林县志》,林县：大荒，人相食。——康熙《林县志》卷十三灾祲,无,v1,1,"仅存在于：v1；缺少：v2,v3,v4"
2110,1640,明思宗崇祯十三年,河南,安阳市,滑县,无,《滑县志》,滑县：春雨土，多风，麦尽枯。岁大凶。秋大荒。乡民有身家者，多避居城内。冬，土寇窃发，各乡烽火相接，人相食。——顺治《滑县志》卷十杂志,无,v1,1,"仅存在于：v1；缺少：v2,v3,v4"
2111,1640,明思宗崇祯十三年,河南,宜阳县,宜阳县,无,《河南府志》,宜阳县：奇灾异荒，米麦贵至一千八百文一升。城内杀人而食，暮夜人不敢出行数步，甚至父子相食、母女相食、兄弟相食、夫妻相食。其杀人而食，先啖其血，次食肠肚肺，次食脑，次食其肉手足。与猪蹄甲、牛脚件同用，更春其骨为炒豆，靡其骨为粉面。如此骇人听闻，真千古来罕闻稀见之大变也。——顺治《河南府志》卷三灾异,无,v3,1,"仅存在于：v3；缺少：v1,v2,v4"
2112,1640,明思宗崇祯十三年,河南,宝丰县,宝丰县,无,《宝丰县志》,宝丰县：大饥，木棉棠棣诸树叶计斤而鬻，每斤值百钱。父子相食。——乾隆《宝丰县志》卷五灾祥,无,v3,1,"仅存在于：v3；缺少：v1,v2,v4"
2113,1640,明思宗崇祯十三年,河南,平顶山,汝州,临汝县,《汝州全志》,临汝县：旱，蝗。大饥，人相食，木棉诸树叶每斤百钱。——道光《汝州全志》卷九灾祥,临汝县为古代地名，汝州为现代地名,v1,1,"仅存在于：v1；缺少：v2,v3,v4"
2114,1640,明思宗崇祯十三年,河南,平顶山市,宝丰县,无,《宝丰县志》,宝丰县：大饥，木棉棠棣诸树叶计斤而鬻，每斤值百钱。父子相食。——乾隆《宝丰县志》卷五灾祥,无,v1,1,"仅存在于：v1；缺少：v2,v3,v4"
2115,1640,明思宗崇祯十三年,河南,平顶山市,郏县,无,《郏县志》,郏县：大饥，至父子相食。武刚土贼自此起。——顺治《郏县志》卷一灾祥,无,v1,1,"仅存在于：v1；缺少：v2,v3,v4"
2116,1640,明思宗崇祯十三年,河南,平顶山市,鲁山县,无,《鲁山县全志》,鲁山县：大旱，蝗。米价金余一斗，父子相食，土贼蜂起。——乾隆《鲁山县全志》卷九祥异,无,v1,1,"仅存在于：v1；缺少：v2,v3,v4"
2117,1640,明思宗崇祯十三年,河南,延津县,延津县,无,《延津县志》,延津县：春夏大早，无麦。八月，陨霜杀禾。斗米千钱，人相食。——康熙《延津县志》卷七灾祥,无,v3,1,"仅存在于：v3；缺少：v1,v2,v4"
2118,1640,明思宗崇祯十三年,河南,开封市,兰考县,无,《仪封县志》,兰考县：兵凶岁荒。三月不雨，六月小雨仅播豆种，又不雨，禾尽槁。八月即大霜。树叶尽脱。十月粮腾贵，麦石十五金，杂粮石十二金。人相食，市鬻人肉。集有人市，妇女一口，百钱可易。——顺治《仪封县志》卷七欽祥,无,"v1,v3,v4",3,"仅存在于：v1,v3,v4；缺少：v2"
2119,1640,明思宗崇祯十三年,河南,开封市,尉氏县,无,《尉氏县志》,尉氏县：闰正月朔，日食，暴风扬沙，色赤如火。二月，日光如血者数日。四月，蝗食禾，既。七月大旱，蝗，禾草俱枯。八月，陨霜杀菽。大饥，斗粟银二两，人相食，盗贼蜂起。——道光《尉氏县志》卷一样异,无,"v1,v3,v4",3,"仅存在于：v1,v3,v4；缺少：v2"
2120,1640,明思宗崇祯十三年,河南,开封市,开封县,无,《祥符县志》,开封县：蝗生四月以啮麦，霜生八月而杀禾，致使斗米两金。百姓之死于饿者不知凡几。死于相食者不知凡几。向之林林总总者十仅存四五矣。——顺治《祥符县志》卷六艺文,无,"v1,v3,v4",3,"仅存在于：v1,v3,v4；缺少：v2"
2121,1640,明思宗崇祯十三年,河南,开封市,杞县,无,《杞县志》,杞县：春二月，赤风尽晦，其色如血。夏早。秋八月陨霜。是岁大饥，斗粟千钱，人相食，市肆卖人内者。——乾隆十一年《杞县志》卷二灾祥,无,"v1,v3,v4",3,"仅存在于：v1,v3,v4；缺少：v2"
2122,1640,明思宗崇祯十三年,河南,开封市,通许县,无,《通许县志》,通许县：大早，人相食。夏四月，蝗，无麦。秋八月，大霜杀禾。大饥，民相食。——康熙《通许县志》卷十灾祥,无,"v1,v3,v4",3,"仅存在于：v1,v3,v4；缺少：v2"
2123,1640,明思宗崇祯十三年,河南,扶沟县,扶沟县,无,《陈州府志》,扶沟县：自六月不雨至十二月，禾尽槁。八月二十三日，严霜杀物。是年，秋冬大饥，斗米三千余钱，饿殍载道，土寇蜂起，母食其子、妻烹其夫，于是树皮尽白，野菜草根继之，白骨如莽，城守戒严，道路遂阻。——乾隆《陈州府志》卷三十杂志,无,v3,1,"仅存在于：v3；缺少：v1,v2,v4"
2124,1640,明思宗崇祯十三年,河南,新乡市,原阳县,无,《原武县志》,原阳县：正月朔，阴晦雨沙者一日，白昼如夜。春大旱。斗米千五百钱，人相食。——康熙《原武县志》卷末灾祥,无,v1,1,"仅存在于：v1；缺少：v2,v3,v4"
2125,1640,明思宗崇祯十三年,河南,新乡市,延津县,无,《延津县志》,延津县：春夏大早，无麦。八月，陨霜杀禾。斗米千钱，人相食。——康熙《延津县志》卷七灾祥,无,v1,1,"仅存在于：v1；缺少：v2,v3,v4"
2126,1640,明思宗崇祯十三年,河南,新乡市,新乡县,无,《新乡县续志》,新乡县：春夏不雨，大风沙霾，昼晦。蝗蟄大作，人相食，瘟疫。发帑赈饥。死者枕藉，就食他乡者亦毙于道。张缙彦陈请发帑金二万赈邺与卫。——康熙《新乡县续志》卷二灾异,无,"v1,v3,v4",3,"仅存在于：v1,v3,v4；缺少：v2"
2127,1640,明思宗崇祯十三年,河南,新乡市,汲县,无,《汲县志》,汲县：大饥，人相食，城内杀人，乡村盗起，人死十之八九。——康熙《汲县志》卷十,无,"v1,v3,v4",3,"仅存在于：v1,v3,v4；缺少：v2"
2128,1640,明思宗崇祯十三年,河南,新乡市,辉县,无,《辉县志》,辉县：大蝗，秋盗起。十月，人相食，斗米千钱，市鬻人肉。——康熙《辉县志》卷十八灾祥,无,"v1,v3,v4",3,"仅存在于：v1,v3,v4；缺少：v2"
2129,1640,明思宗崇祯十三年,河南,新蔡县,新蔡县,无,《汝宁府志》,新蔡县：饥，民间易子而食。——嘉庆《汝宁府志》卷十九人物,无,v3,1,"仅存在于：v3；缺少：v1,v2,v4"
2130,1640,明思宗崇祯十三年,河南,林县,林县,无,《林县志》,林县：大荒，人相食。——康熙《林县志》卷十三灾祲,无,v3,1,"仅存在于：v3；缺少：v1,v2,v4"
2131,1640,明思宗崇祯十三年,河南,柘城县,柘城县,无,《柘城县志》,柘城县：大饥，人相食。——康熙《柘城县志》卷四灾样,无,v3,1,"仅存在于：v3；缺少：v1,v2,v4"
2132,1640,明思宗崇祯十三年,河南,武陟县,武陟县,无,《武陟县志》,武陟县：大旱，斗米二千钱。冬，人相食。——康熙《武陟县志》卷一灾祥,无,v3,1,"仅存在于：v3；缺少：v1,v2,v4"
2133,1640,明思宗崇祯十三年,河南,汝阳,汝阳,无,《伊阳县志》,汝阳县：春二月至七月无雨，野无青草。…饿殍枕藉，人且相食矣。——顺治《伊阳县志》卷二灾异,无,v1,1,"仅存在于：v1；缺少：v2,v3,v4"
2134,1640,明思宗崇祯十三年,河南,汝阳县,汝阳县,汝阳县,《伊阳县志》,汝阳县：春二月至七月无雨，野无青草。…饿殍枕藉，人且相食矣。——顺治《伊阳县志》卷二灾异,汝阳县为古代地名，汝阳县为推测，原文为古代地名汝阳县,v3,1,"仅存在于：v3；缺少：v1,v2,v4"
2135,1640,明思宗崇祯十三年,河南,沁阳县,沁阳县,沁阳县,《河内县志》,沁阳县：自去年七月至本年八月始雨，五谷种不入士。岁大饥，斗粟二千钱，人相食，乱民所在啸聚。——康熙《河内县志》卷一灾祥,沁阳县为古代地名，沁阳县为推测，原文为古代地名沁阳县,v3,1,"仅存在于：v3；缺少：v1,v2,v4"
2136,1640,明思宗崇祯十三年,河南,洛宁县,洛宁县,永宁县,《永宁县志》,洛宁县：十三年、十四年大饥，斗米二十两，麦银十六两，民有父子、母女、夫妻相食者。——乾隆十二年《永宁县志》卷一灾祥,永宁县为古代地名，洛宁县为推测，原文为古代地名永宁县,v3,1,"仅存在于：v3；缺少：v1,v2,v4"
2137,1640,明思宗崇祯十三年,河南,洛阳,无,无,《河南府志》,洛阳市：…糠皮酒糟视为珍品，枣核柿蒂重若宝粒，干牛羊皮食之，雁矢食之，甚至人相食矣。空旷之所，饥民攒聚，执单人杀以为食。捉获登时击杀而不能禁。渐至父子夫妇相食，更有发在棺之尸而食腐肉者，若剔死人之肉，又为寻常无异之事矣。——顺治《河南府志》卷三灾异,无,v1,1,"仅存在于：v1；缺少：v2,v3,v4"
2138,1640,明思宗崇祯十三年,河南,洛阳,偃师,无,《偃师县志》,偃师县：大无禾麦，洛水深不盈尺。流贼起，人民相食。——顺治《偃师县志》卷二灾祥,无,v1,1,"仅存在于：v1；缺少：v2,v3,v4"
2139,1640,明思宗崇祯十三年,河南,洛阳,孟津,无,《孟津县志》,孟津县：大旱，无青苗，斗栗五千钱，人相食。——嘉庆《孟津县志》卷四祥异,无,v1,1,"仅存在于：v1；缺少：v2,v3,v4"
2140,1640,明思宗崇祯十三年,河南,洛阳,宜阳,无,《河南府志》,宜阳县：奇灾异荒，米麦贵至一千八百文一升。城内杀人而食，暮夜人不敢出行数步，甚至父子相食、母女相食、兄弟相食、夫妻相食。其杀人而食，先啖其血，次食肠肚肺，次食脑，次食其肉手足。与猪蹄甲、牛脚件同用，更春其骨为炒豆，靡其骨为粉面。如此骇人听闻，真千古来罕闻稀见之大变也。——顺治《河南府志》卷三灾异,无,v1,1,"仅存在于：v1；缺少：v2,v3,v4"
2141,1640,明思宗崇祯十三年,河南,洛阳,嵩县,无,《华北、东北近五百年旱涝史料》,嵩县：旱蝗，大饥，人相食。——《华北、东北近五百年旱涝史料》第四分册，第52页。,无,v1,1,"仅存在于：v1；缺少：v2,v3,v4"
2142,1640,明思宗崇祯十三年,河南,洛阳,新安,无,《新安县志》,新安县：旱，蝗。大饥，野绝青草，斗米二两九钱。以树皮、白土、雁矢充饥，至以柿蒂、蒺藜、牛马皮为市，骨肉相食，死者相继，村舍十空其九。——康熙《新安县志》卷十七灾异,无,v1,1,"仅存在于：v1；缺少：v2,v3,v4"
2143,1640,明思宗崇祯十三年,河南,洛阳,洛宁,无,《永宁县志》,洛宁县：十三年、十四年大饥，斗米二十两，麦银十六两，民有父子、母女、夫妻相食者。——乾隆十二年《永宁县志》卷一灾祥,无,v1,1,"仅存在于：v1；缺少：v2,v3,v4"
2144,1640,明思宗崇祯十三年,河南,洛阳市,无,无,《河南府志》,洛阳市：…糠皮酒糟视为珍品，枣核柿蒂重若宝粒，干牛羊皮食之，雁矢食之，甚至人相食矣。空旷之所，饥民攒聚，执单人杀以为食。捉获登时击杀而不能禁。渐至父子夫妇相食，更有发在棺之尸而食腐肉者，若剔死人之肉，又为寻常无异之事矣。——顺治《河南府志》卷三灾异,无,"v2,v4",2,"仅存在于：v2,v4；缺少：v1,v3"
2145,1640,明思宗崇祯十三年,河南,洛阳市,偃师县,无,《偃师县志》,偃师县：大无禾麦，洛水深不盈尺。流贼起，人民相食。——顺治《偃师县志》卷二灾祥,无,v4,1,"仅存在于：v4；缺少：v1,v2,v3"
2146,1640,明思宗崇祯十三年,河南,洛阳市,宜阳县,无,《河南府志》,宜阳县：奇灾异荒，米麦贵至一千八百文一升。城内杀人而食，暮夜人不敢出行数步，甚至父子相食、母女相食、兄弟相食、夫妻相食。其杀人而食，先啖其血，次食肠肚肺，次食脑，次食其肉手足。与猪蹄甲、牛脚件同用，更春其骨为炒豆，靡其骨为粉面。如此骇人听闻，真千古来罕闻稀见之大变也。——顺治《河南府志》卷三灾异,无,"v2,v4",2,"仅存在于：v2,v4；缺少：v1,v3"
2147,1640,明思宗崇祯十三年,河南,洛阳市,嵩县,无,《华北、东北近五百年旱涝史料》第四分册,嵩县：旱蝗，大饥，人相食。——《华北、东北近五百年旱涝史料》第四分册，第52页。,无,v4,1,"仅存在于：v4；缺少：v1,v2,v3"
2148,1640,明思宗崇祯十三年,河南,洛阳市,新安县,无,《新安县志》,新安县：旱，蝗。大饥，野绝青草，斗米二两九钱。以树皮、白土、雁矢充饥，至以柿蒂、蒺藜、牛马皮为市，骨肉相食，死者相继，村舍十空其九。——康熙《新安县志》卷十七灾异,无,"v2,v4",2,"仅存在于：v2,v4；缺少：v1,v3"
2149,1640,明思宗崇祯十三年,河南,洛阳市,洛宁县,无,《永宁县志》,洛宁县：十三年、十四年大饥，斗米二十两，麦银十六两，民有父子、母女、夫妻相食者。——乾隆十二年《永宁县志》卷一灾祥,无,v2,1,"仅存在于：v2；缺少：v1,v3,v4"
2150,1640,明思宗崇祯十三年,河南,洛阳市,洛阳市,河南府,《河南府志》,洛阳市：…糠皮酒糟视为珍品，枣核柿蒂重若宝粒，干牛羊皮食之，雁矢食之，甚至人相食矣。空旷之所，饥民攒聚，执单人杀以为食。捉获登时击杀而不能禁。渐至父子夫妇相食，更有发在棺之尸而食腐肉者，若剔死人之肉，又为寻常无异之事矣。——顺治《河南府志》卷三灾异,河南府为古代地名，洛阳市为推测，原文为古代地名河南府,v3,1,"仅存在于：v3；缺少：v1,v2,v4"
2151,1640,明思宗崇祯十三年,河南,浚县,浚县,无,《浚县志》,浚县：大饥，人相食。——康熙《浚县志》卷一样异,无,v3,1,"仅存在于：v3；缺少：v1,v2,v4"
2152,1640,明思宗崇祯十三年,河南,淮阳县,淮阳县,陈州,《陈州府志》,淮阳县：人相食。——乾隆《陈州府志》卷三十杂志,无,v3,1,"仅存在于：v3；缺少：v1,v2,v4"
2153,1640,明思宗崇祯十三年,河南,渑池县,渑池县,无,《渑池县志》,渑池县：自春至秋不雨，野无青草。斗米价值四两，父子相食。——乾隆《渑池县志》卷中灾祥,无,v3,1,"仅存在于：v3；缺少：v1,v2,v4"
2154,1640,明思宗崇祯十三年,河南,滑县,滑县,无,《滑县志》,滑县：春雨土，多风，麦尽枯。岁大凶。秋大荒。乡民有身家者，多避居城内。冬，土寇窃发，各乡烽火相接，人相食。——顺治《滑县志》卷十杂志,无,v3,1,"仅存在于：v3；缺少：v1,v2,v4"
2155,1640,明思宗崇祯十三年,河南,漯河市,临颍县,无,《临颍县续志》,临颍县：…十月，大饥，人相食，布帛衣服器皿每件不值百钱。——乾隆《临颍县续志》卷七灾祥,无,v1,1,"仅存在于：v1；缺少：v2,v3,v4"
2156,1640,明思宗崇祯十三年,河南,潢川县,潢川县,无,《光州志》,潢川县：旱，蝗。人相食，有窃邻之幼子而食者。——顺治《光州志》卷十二灾异,无,v3,1,"仅存在于：v3；缺少：v1,v2,v4"
2157,1640,明思宗崇祯十三年,河南,濮阳市,范县,无,《濮州志》,范县：正月朔，大雷。蝗，疫。大饥，人相贪。——康熙《濮州志》卷一礼集,无,v1,1,"仅存在于：v1；缺少：v2,v3,v4"
2158,1640,明思宗崇祯十三年,河南,灵宝县,灵宝县,无,《闵乡县志》,灵宝县：夏旱，蝗蛹生，食禾殆尽。斗米二两五钱，人相食。冬无雪。——顺治《闵乡县志》卷一灾祥,无,v3,1,"仅存在于：v3；缺少：v1,v2,v4"
2159,1640,明思宗崇祯十三年,河南,焦作市,修武县,无,《修武县志》,修武县：人相贪。父子、兄弟、妻子不顾。人瘟死过半，虽至亲不吊问。——康熙《修武县志》卷四灾祥,无,v1,1,"仅存在于：v1；缺少：v2,v3,v4"
2160,1640,明思宗崇祯十三年,河南,焦作市,孟县,无,《孟县志》,孟县：大饥，斗粟二千钱，人相食，死者枕籍。——康熙《孟县志》卷七灾祥,无,v1,1,"仅存在于：v1；缺少：v2,v3,v4"
2161,1640,明思宗崇祯十三年,河南,焦作市,武陟县,无,《武陟县志》,武陟县：大旱，斗米二千钱。冬，人相食。——康熙《武陟县志》卷一灾祥,无,v1,1,"仅存在于：v1；缺少：v2,v3,v4"
2162,1640,明思宗崇祯十三年,河南,焦作市,沁阳县,无,《河内县志》,沁阳县：自去年七月至本年八月始雨，五谷种不入士。岁大饥，斗粟二千钱，人相食，乱民所在啸聚。——康熙《河内县志》卷一灾祥,无,v1,1,"仅存在于：v1；缺少：v2,v3,v4"
2163,1640,明思宗崇祯十三年,河南,焦作市,济源县,无,《济源县志》,济源县：早饥，斗粟二千钱，父子兄弟自相食，中产以下多死绝。——乾隆《济源县志》卷一祥异,无,"v1,v3,v4",3,"仅存在于：v1,v3,v4；缺少：v2"
2164,1640,明思宗崇祯十三年,河南,焦作市,温县,无,《温县志》,温县：大荒，人相食。——乾隆十一年《温县志》卷一灾祥,无,"v1,v3,v4",3,"仅存在于：v1,v3,v4；缺少：v2"
2165,1640,明思宗崇祯十三年,河南,睢县,睢县,无,《睢州志》,睢县：夏大旱，野无青草，蝗。八月．陨霜，杀晚禾。是岁大饥，斗米数金，人相啖，死者什七，亘古未有。——康熙三十二年《睢州志》卷七祥异,无,v3,1,"仅存在于：v3；缺少：v1,v2,v4"
2166,1640,明思宗崇祯十三年,河南,禹县,禹县,无,《禹州志》,禹县：二月不雨，至子八月，土寇起。六月，人相食。——顺治《禹州志》卷九禪祥,无,v3,1,"仅存在于：v3；缺少：v1,v2,v4"
2167,1640,明思宗崇祯十三年,河南,虞城县,虞城县,无,《虞城县志》,虞城县：八月，陨霜杀禾，流寇至，大饥。冬十月，斗麦价四金，蜀秫三金余。人相食，饿殍盈野，须臾皮肉俱尽，后有父母子女互相杀啖者，官法不能禁。——顺治《虞城县志》卷八灾祥,无,v3,1,"仅存在于：v3；缺少：v1,v2,v4"
2168,1640,明思宗崇祯十三年,河南,襄城县,襄城县,无,《襄城县志》,襄城县：大旱，大蝗，秋禾尽伤，…人相食，饿死者过半。——顺治《襄城县志》卷七灾祥,无,v3,1,"仅存在于：v3；缺少：v1,v2,v4"
2169,1640,明思宗崇祯十三年,河南,西华县,西华县,无,《西华县志》,西华县：赤黑风自北来，凡三阅月。大饥，父子夫妻多相食，城市之中公然有鬻人肉者。——顺治《西华县志》卷七灾异,无,v3,1,"仅存在于：v3；缺少：v1,v2,v4"
2170,1640,明思宗崇祯十三年,河南,西平县,西平县,无,《西平县志》,西平县：…田禾食尽，野无青草。父子夫妻相食，尸体载道。——康熙《西平县志》卷十外志,无,v3,1,"仅存在于：v3；缺少：v1,v2,v4"
2171,1640,明思宗崇祯十三年,河南,许昌县,许昌县,无,《许州志》,许昌县：大旱，蝗，秋禾尽伤，青草皆枯。斗米易钱二千文，人相食，饿死者大半，时民争采桑槐芋叶为食。是冬及次岁春，妇女自鬻于市，无有收者，有夫妻相食者。甚有易于而食者，有全家饿死者十分之七，逃亡者无算。是岁，土贼蜂起。——康熙《许州志》卷九祥异,无,v3,1,"仅存在于：v3；缺少：v1,v2,v4"
2172,1640,明思宗崇祯十三年,河南,许昌市,禹县,无,《禹州志》,禹县：二月不雨，至子八月，土寇起。六月，人相食。——顺治《禹州志》卷九禪祥,无,v1,1,"仅存在于：v1；缺少：v2,v3,v4"
2173,1640,明思宗崇祯十三年,河南,许昌市,襄城县,无,《襄城县志》,襄城县：大旱，大蝗，秋禾尽伤，…人相食，饿死者过半。——顺治《襄城县志》卷七灾祥,无,v1,1,"仅存在于：v1；缺少：v2,v3,v4"
2174,1640,明思宗崇祯十三年,河南,许昌市,许昌县,无,《许州志》,许昌县：大旱，蝗，秋禾尽伤，青草皆枯。斗米易钱二千文，人相食，饿死者大半，时民争采桑槐芋叶为食。是冬及次岁春，妇女自鬻于市，无有收者，有夫妻相食者。甚有易于而食者，有全家饿死者十分之七，逃亡者无算。是岁，土贼蜂起。——康熙《许州志》卷九祥异,无,v1,1,"仅存在于：v1；缺少：v2,v3,v4"
2175,1640,明思宗崇祯十三年,河南,许昌市,鄢陵县,无,《鄢陵县志》,鄢陵县：白正月不雨至于五、六月，禾尽槁。秋冬大饥，斗米一千余钱，饿殍载道，土寇蜂起。母食其子，妻烹其夫，…白骨如莽，城守戒严，道遂阻。——顺治《鄢陵县志》卷九祥异,无,v1,1,"仅存在于：v1；缺少：v2,v3,v4"
2176,1640,明思宗崇祯十三年,河南,郏县,郏县,无,《郏县志》,郏县：大饥，至父子相食。武刚土贼自此起。——顺治《郏县志》卷一灾祥,无,v3,1,"仅存在于：v3；缺少：v1,v2,v4"
2177,1640,明思宗崇祯十三年,河南,郑州,新密,密县,《华北、东北近五百年旱涝史料》,密县：大旱蝗，道瘞枕藉，人相食。——《华北、东北近五百年旱涝史料》第四分册，第29页。,密县为古代地名，新密为现代地名,v1,1,"仅存在于：v1；缺少：v2,v3,v4"
2178,1640,明思宗崇祯十三年,河南,郑州市,密县,无,《华北、东北近五百年旱涝史料》第四分册,密县：大旱蝗，道瘞枕藉，人相食。——《华北、东北近五百年旱涝史料》第四分册，第29页。,无,v4,1,"仅存在于：v4；缺少：v1,v2,v3"
2179,1640,明思宗崇祯十三年,河南,郑州市,巩县,无,《巩县志》,巩县：大旱，大饥，人相食。——乾隆十年《巩县志》卷二灾祥,无,"v1,v3,v4",3,"仅存在于：v1,v3,v4；缺少：v2"
2180,1640,明思宗崇祯十三年,河南,郑州市,新郑县,无,《新郑县志》,新郑县：春夏全无雨，二麦微收。秋禾继以蝗蝻食尽。七月始而。八月二十四日，大霜，荞麦尽枯。九月后，人相食。——顺治《新郑县志》卷五祥异,无,"v1,v3,v4",3,"仅存在于：v1,v3,v4；缺少：v2"
2181,1640,明思宗崇祯十三年,河南,郑州市,登封县,无,《登封县志》,登封县：大早，蝗蟄为灾。斗米价至二两，饿殍盈野，父子相食。——康熙《登封县志》卷九灾祥,无,"v1,v3,v4",3,"仅存在于：v1,v3,v4；缺少：v2"
2182,1640,明思宗崇祯十三年,河南,郑州市,荥阳县,无,《汜志》,荥阳县：大旱，野断青。飞蝗食木叶，蝗过蛹生，室之内外皆蛹。栗钱二两，蓬子、榆皮，兰根为市，牛马（）为食，肆人相食，冻饿死者无算。——顺治《汜志》卷四祥异,无,"v1,v3,v4",3,"仅存在于：v1,v3,v4；缺少：v2"
2183,1640,明思宗崇祯十三年,河南,鄢陵县,鄢陵县,无,《鄢陵县志》,鄢陵县：白正月不雨至于五、六月，禾尽槁。秋冬大饥，斗米一千余钱，饿殍载道，土寇蜂起。母食其子，妻烹其夫，…白骨如莽，城守戒严，道遂阻。——顺治《鄢陵县志》卷九祥异,无,v3,1,"仅存在于：v3；缺少：v1,v2,v4"
2184,1640,明思宗崇祯十三年,河南,项城县,项城县,无,《项城县志》,项城县：大饥，道馑相望，人相食。——顺治《项城县志》卷八灾祥,无,v3,1,"仅存在于：v3；缺少：v1,v2,v4"
2185,1640,明思宗崇祯十三年,河南,驻马店,泌阳,无,《华北、东北近五百年旱涝史料》,泌阳县：自去年七月至是年八月始雨，五谷种不入土，大饥…人相食。——《华北、东北近五百年旱涝史料》第四分册，第68页。,无,v1,1,"仅存在于：v1；缺少：v2,v3,v4"
2186,1640,明思宗崇祯十三年,河南,驻马店市,新蔡县,无,《汝宁府志》,新蔡县：饥，民间易子而食。——嘉庆《汝宁府志》卷十九人物,无,v1,1,"仅存在于：v1；缺少：v2,v3,v4"
2187,1640,明思宗崇祯十三年,河南,驻马店市,泌阳县,无,《华北、东北近五百年旱涝史料》第四分册,泌阳县：自去年七月至是年八月始雨，五谷种不入土，大饥…人相食。——《华北、东北近五百年旱涝史料》第四分册，第68页。,无,v4,1,"仅存在于：v4；缺少：v1,v2,v3"
2188,1640,明思宗崇祯十三年,河南,驻马店市,西平县,无,《西平县志》,西平县：…田禾食尽，野无青草。父子夫妻相食，尸体载道。——康熙《西平县志》卷十外志,无,v1,1,"仅存在于：v1；缺少：v2,v3,v4"
2189,1640,明思宗崇祯十三年,河南,鲁山县,鲁山县,无,《鲁山县全志》,鲁山县：大旱，蝗。米价金余一斗，父子相食，土贼蜂起。——乾隆《鲁山县全志》卷九祥异,无,v3,1,"仅存在于：v3；缺少：v1,v2,v4"
2190,1640,明思宗崇祯十三年,河南,鹤壁市,浚县,无,《浚县志》,浚县：大饥，人相食。——康熙《浚县志》卷一样异,无,v1,1,"仅存在于：v1；缺少：v2,v3,v4"
2191,1640,明思宗崇祯十三年,河南,鹿邑县,鹿邑县,无,《鹿邑县志》,鹿邑县：春大饥，人相食。——康熙《鹿邑县志》卷八灾祥,无,v3,1,"仅存在于：v3；缺少：v1,v2,v4"
2192,1640,明思宗崇祯十三年,浙江,无,临安县,无,《临安县志》,临安县：大饥。人相食，流离载道，罗雀掘鼠，草根树皮俱尽，死者枕藉。庆云枭民陈廿八杀人以食，事露，死于法。——宣统《临安县志》卷一样异,无,v2,1,"仅存在于：v2；缺少：v1,v3,v4"
2193,1640,明思宗崇祯十三年,浙江,无,湖州市,无,《归安县志》,湖州市：大水溢街市，田禾尽淹。民大饥，草根树皮俱尽，人相食。——康熙《归安县志》卷六灾祥,无,v2,1,"仅存在于：v2；缺少：v1,v3,v4"
2194,1640,明思宗崇祯十三年,浙江,杭州市,临安县,无,《临安县志》,临安县：大饥。人相食，流离载道，罗雀掘鼠，草根树皮俱尽，死者枕藉。庆云枭民陈廿八杀人以食，事露，死于法。——宣统《临安县志》卷一样异,无,"v1,v3,v4",3,"仅存在于：v1,v3,v4；缺少：v2"
2195,1640,明思宗崇祯十三年,浙江,湖州市,无,无,《归安县志》,湖州市：大水溢街市，田禾尽淹。民大饥，草根树皮俱尽，人相食。——康熙《归安县志》卷六灾祥,无,"v1,v3,v4",3,"仅存在于：v1,v3,v4；缺少：v2"
2196,1640,明思宗崇祯十三年,湖北,无,麻城县,无,《麻城县志》,麻城市：十三、十四年旱，蝗飞，疫游臻。米价腾涌，饥，人相食。——康熙《麻城县志》卷三灾异,无,v3,1,"仅存在于：v3；缺少：v1,v2,v4"
2197,1640,明思宗崇祯十三年,湖北,无,麻城市,无,《麻城县志》,麻城市：十三、十四年旱，蝗飞，疫游臻。米价腾涌，饥，人相食。——康熙《麻城县志》卷三灾异,无,v2,1,"仅存在于：v2；缺少：v1,v3,v4"
2198,1640,明思宗崇祯十三年,湖北,黄冈,麻城,无,《麻城县志》,麻城市：十三、十四年旱，蝗飞，疫游臻。米价腾涌，饥，人相食。——康熙《麻城县志》卷三灾异,无,v1,1,"仅存在于：v1；缺少：v2,v3,v4"
2199,1640,明思宗崇祯十三年,湖北,黄冈市,麻城市,无,《麻城县志》,麻城市：十三、十四年旱，蝗飞，疫游臻。米价腾涌，饥，人相食。——康熙《麻城县志》卷三灾异,无,v4,1,"仅存在于：v4；缺少：v1,v2,v3"
2200,1640,明思宗崇祯十三年,甘肃,无,临洮县,无,《临洮府志》,临洮县：大旱，春夏无雨，夏苗尽枯，秋禾未种。谷价腾涌，斗粟银一两，每日饿毙人无数，人每相食，为灾甚烈。——万历《临洮府志》卷二十二祥异,无,v4,1,"仅存在于：v4；缺少：v1,v2,v3"
2201,1640,明思宗崇祯十三年,甘肃,无,崇信县,无,《崇信县志》,崇信县：大旱，斗粟二两，米倍之。父子夫妇相食，遍地盗生，人死十八九。——顺治《崇信县志》卷下灾异,无,"v3,v4",2,"仅存在于：v3,v4；缺少：v1,v2"
2202,1640,明思宗崇祯十三年,甘肃,无,庄浪县,无,《庄浪县志》,庄浪县：大旱，人掇草根木皮充腹，甚或易子而食，析骸而食，流亡殆尽。——乾隆《庄浪县志》卷十九灾祥,无,v4,1,"仅存在于：v4；缺少：v1,v2,v3"
2203,1640,明思宗崇祯十三年,甘肃,无,徽县,无,《徽州志》,徽县：大饥，人相食。——康熙《徽州志》灾祥,无,"v3,v4",2,"仅存在于：v3,v4；缺少：v1,v2"
2204,1640,明思宗崇祯十三年,甘肃,无,武山县,宁远县,《宁远县志》转引《西北灾荒史》,武山县：大旱，秋禾无苗，谷极贵，民大相食，饿殍遍野，有田不治。——《宁远县志》（康熙四十八年），转引自《西北灾荒史》第437页。,宁远县为推测，原文为古代地名宁远县；武山县清代属宁远县辖区,"v3,v4",2,"仅存在于：v3,v4；缺少：v1,v2"
2205,1640,明思宗崇祯十三年,甘肃,无,武都县,无,《阶州志》,武都县：岁大饥，百姓死亡无算，西门城外掘万人坑，甚至人相食。太守王询申请赈济，全活甚众。——康熙《阶州志》灾祥,无,"v3,v4",2,"仅存在于：v3,v4；缺少：v1,v2"
2206,1640,明思宗崇祯十三年,甘肃,无,甘谷县,无,《伏羌县志》,甘谷县：自春至夏不雨。民饥，人相食，死者塞道。——康熙《伏羌县志》灾祥,无,"v3,v4",2,"仅存在于：v3,v4；缺少：v1,v2"
2207,1640,明思宗崇祯十三年,甘肃,无,通渭县,无,《重修通渭县志》转引《西北灾荒史》,通渭县：大旱，岁饥，人相食。——《重修通渭县志》（光绪十九年），转引自《西北灾荒史》第437页。,无,"v3,v4",2,"仅存在于：v3,v4；缺少：v1,v2"
2208,1640,明思宗崇祯十三年,甘肃,无,镇原县,无,《镇原县志》,镇原县：奇荒，斗米值银三两，人相食。——康熙《镇原县志》卷下灾异,无,"v3,v4",2,"仅存在于：v3,v4；缺少：v1,v2"
2209,1640,明思宗崇祯十三年,甘肃,无,陇西县,无,《陇西县志》,陇西县：秋大旱，饥。十月，栗价腾贵，斗米三百钱。次年春，价至十倍，绝籴罢市。木皮石面皆食尽，父子夫妇相割啖，十死八九，道瘞相望。——乾隆《陇西县志》卷十二祥异,无,v4,1,"仅存在于：v4；缺少：v1,v2,v3"
2210,1640,明思宗崇祯十三年,甘肃,无,隆德县,无,《隆德县志》,隆德县：不雨，自四月至秋八月。飞蝗蔽天，大饥，父子相食。——康熙《隆德县志》卷下,无,v3,1,"仅存在于：v3；缺少：v1,v2,v4"
2211,1640,明思宗崇祯十三年,甘肃,无,靖远县,靖远卫,《重篆靖远卫志》,靖远县：奇荒，人相食。——康熙《重篆靖远卫志》卷一祥异,无,"v3,v4",2,"仅存在于：v3,v4；缺少：v1,v2"
2212,1640,明思宗崇祯十三年,甘肃,临夏市,临夏县,河州,《河州志》,临夏县：大旱，自正月至六月不雨。夏苗尽枯，秋种未播，股价腾踊，斗栗白金一两。城门外痤尸，掘大坑七八处，深三四尺，每日车拽尸骨无算，人相食。——康熙四十六年《河州志》卷四灾异,河州为推测，原文为古代地名河州,"v3,v4",2,"仅存在于：v3,v4；缺少：v1,v2"
2213,1640,明思宗崇祯十三年,甘肃,兰州市,兰州市,无,《兰州府志》,兰州市：春正月至夏六月，不雨，大饥，人相食。——道光《兰州府志》卷十二杂记,无,"v3,v4",2,"仅存在于：v3,v4；缺少：v1,v2"
2214,1640,明思宗崇祯十三年,甘肃,定西市,临洮县,无,《临洮府志》,临洮县：大旱，春夏无雨，夏苗尽枯，秋禾未种。谷价腾涌，斗粟银一两，每日饿毙人无数，人每相食，为灾甚烈。——万历《临洮府志》卷二十二祥异,无,v3,1,"仅存在于：v3；缺少：v1,v2,v4"
2215,1640,明思宗崇祯十三年,甘肃,定西市,陇西县,无,《陇西县志》,陇西县：秋大旱，饥。十月，栗价腾贵，斗米三百钱。次年春，价至十倍，绝籴罢市。木皮石面皆食尽，父子夫妇相割啖，十死八九，道瘞相望。——乾隆《陇西县志》卷十二祥异,无,v3,1,"仅存在于：v3；缺少：v1,v2,v4"
2216,1640,明思宗崇祯十三年,甘肃,平凉市,庄浪县,无,《庄浪县志》,庄浪县：大旱，人掇草根木皮充腹，甚或易子而食，析骸而食，流亡殆尽。——乾隆《庄浪县志》卷十九灾祥,无,v3,1,"仅存在于：v3；缺少：v1,v2,v4"
2217,1640,明思宗崇祯十三年,陕西,无,无,无,《陕西通志》,五月至七月，每晨天红如赭。秋，全陕大旱，饥。十月，栗价腾涌，日贵一日，斗米三钱，至次年春十倍其值。绝枭罢市，木皮石面皆食尽，父子夫妇相割啖，道殛重积，十死八九。——康熙六年《陕西通志》卷三十祥异,全陕泛指不提取具体县,"v2,v4",2,"仅存在于：v2,v4；缺少：v1,v3"
2218,1640,明思宗崇祯十三年,陕西,无,华阴县,无,《华阴县志》,华阴县：大旱，麦米斗值二两，百姓剥啖树皮草根，至人相食。兼瘟疫相继，饿殍盈野——乾隆《华阴县志》卷二十一纪事,无,v4,1,"仅存在于：v4；缺少：v1,v2,v3"
2219,1640,明思宗崇祯十三年,陕西,无,合阳县,无,《重修邵阳县志》,合阳县：六年，斗米千钱，十三年至四千钱，先后饿死真以沙量，人相食者比比为然。——顺治《重修邵阳县志》卷七杂志,无,v4,1,"仅存在于：v4；缺少：v1,v2,v3"
2220,1640,明思宗崇祯十三年,陕西,无,富平县,无,《富平县志》,富平县：大旱，人相食，草木俱尽。——乾隆五年《富平县志》卷八祥异,无,v4,1,"仅存在于：v4；缺少：v1,v2,v3"
2221,1640,明思宗崇祯十三年,陕西,无,户县,无,《鄂县志》,户县：躺生，食禾殆尽。大饥，人相食。——康熙《鄂县志》卷八灾异,无,v4,1,"仅存在于：v4；缺少：v1,v2,v3"
2222,1640,明思宗崇祯十三年,陕西,无,扶风县,无,《扶风县志》,扶风县：大旱，蝗。岁饥，人相食。——顺治《扶风县志》卷一灾祥,无,v4,1,"仅存在于：v4；缺少：v1,v2,v3"
2223,1640,明思宗崇祯十三年,陕西,无,永寿县,无,《永寿县志》,永寿县：大旱，奇荒，人类相食。斗粟值钱一两六钱，饥疫交加，一门一枝绝亡不可胜数，（永）之凋敝至此极矣。——康熙《永寿县志》卷六灾祥,无,v4,1,"仅存在于：v4；缺少：v1,v2,v3"
2224,1640,明思宗崇祯十三年,陕西,无,洛南县,无,《雍南县志》,洛南县：十三、四年连饥，斗米二金，人相食。——康熙《雍南县志》卷七灾祥,无,v4,1,"仅存在于：v4；缺少：v1,v2,v3"
2225,1640,明思宗崇祯十三年,陕西,无,洛川县,无,《洛川县志》,洛川县：大旱，人相食，草木俱尽。——嘉庆《洛川县志》卷一样异,无,v4,1,"仅存在于：v4；缺少：v1,v2,v3"
2226,1640,明思宗崇祯十三年,陕西,无,澄城县,无,《澄城县志》,澄城县：大饥，民乃作乱。是岁，麦禾俱无茭刈，时斗麦值三钱，间岁麦一斗银三两，间岁麦一斗银三两。子女玉帛骈填墟市，人莫之顾，屑榆为粥，继以兰根，兰尽，食红石皮、煤炭，十无一生，旋相食。素封之家，率多饿死。当是时，有攫市者，县官以饥故，姑息之。——顺治《澄城县志》卷一灾祥,无,v4,1,"仅存在于：v4；缺少：v1,v2,v3"
2227,1640,明思宗崇祯十三年,陕西,无,礼泉县,无,《醴泉县志》,礼泉县：秋大旱。十月，栗价腾贵，日贵一日，斗米三钱。至次年春十倍其值，绝枭罢市，木皮石面皆食尽，父子夫妇相刘啖，道瘞重积，十死八九。——康熙《醴泉县志》卷四杂志,无,v4,1,"仅存在于：v4；缺少：v1,v2,v3"
2228,1640,明思宗崇祯十三年,陕西,无,高陵县,无,《高陵县志》,高陵县：大旱，饥。十月，斗米三钱，至次年春十倍其值，木皮皆尽，父子夫妇相刘啖。——雍正《高陵县志》卷四祥异,无,v4,1,"仅存在于：v4；缺少：v1,v2,v3"
2229,1640,明思宗崇祯十三年,陕西,无,麟游县,无,《麟游县志》,麟游县：复大旱，蝗。岁大歉，比冬人相食。——顺治《麟游县志》卷一灾祥,无,v4,1,"仅存在于：v4；缺少：v1,v2,v3"
2230,1640,明思宗崇祯十三年,陕西,咸阳,咸阳市,无,《咸阳县志》,咸阳市：秋大旱，饥。十月，栗价腾贵，斗米三钱。至次年春十倍其值，罢市。饥疫相困，木皮石面皆尽，父子夫妇相割啖，道馑充积，十亡八九。——乾隆《咸阳县志》卷二十祥异,无,v2,1,"仅存在于：v2；缺少：v1,v3,v4"
2231,1640,明思宗崇祯十三年,陕西,咸阳,礼泉县,无,《醴泉县志》,礼泉县：秋大旱。十月，栗价腾贵，日贵一日，斗米三钱。至次年春十倍其值，绝枭罢市，木皮石面皆食尽，父子夫妇相刘啖，道瘞重积，十死八九。——康熙《醴泉县志》卷四杂志,无,v2,1,"仅存在于：v2；缺少：v1,v3,v4"
2232,1640,明思宗崇祯十三年,陕西,咸阳市,咸阳市,无,《咸阳县志》,咸阳市：秋大旱，饥。十月，栗价腾贵，斗米三钱。至次年春十倍其值，罢市。饥疫相困，木皮石面皆尽，父子夫妇相割啖，道馑充积，十亡八九。——乾隆《咸阳县志》卷二十祥异,无,"v3,v4",2,"仅存在于：v3,v4；缺少：v1,v2"
2233,1640,明思宗崇祯十三年,陕西,咸阳市,永寿县,无,《永寿县志》,永寿县：大旱，奇荒，人类相食。斗粟值钱一两六钱，饥疫交加，一门一枝绝亡不可胜数，（永）之凋敝至此极矣。——康熙《永寿县志》卷六灾祥,疑似OCR错误，原文'人类相食'疑似'人相食',v3,1,"仅存在于：v3；缺少：v1,v2,v4"
2234,1640,明思宗崇祯十三年,陕西,咸阳市,礼泉县,无,《醴泉县志》,礼泉县：秋大旱。十月，栗价腾贵，日贵一日，斗米三钱。至次年春十倍其值，绝枭罢市，木皮石面皆食尽，父子夫妇相刘啖，道瘞重积，十死八九。——康熙《醴泉县志》卷四杂志,无,v3,1,"仅存在于：v3；缺少：v1,v2,v4"
2235,1640,明思宗崇祯十三年,陕西,商洛市,商洛市,无,《直录商州志》,商县：斗米一两六钱，饥死无数，人相食。——乾隆《直录商州志》卷十四灾祥,无,v3,1,"仅存在于：v3；缺少：v1,v2,v4"
2236,1640,明思宗崇祯十三年,陕西,商洛市,洛南县,无,《雍南县志》,洛南县：十三、四年连饥，斗米二金，人相食。——康熙《雍南县志》卷七灾祥,无,v3,1,"仅存在于：v3；缺少：v1,v2,v4"
2237,1640,明思宗崇祯十三年,陕西,宝鸡市,扶风县,无,《扶风县志》,扶风县：大旱，蝗。岁饥，人相食。——顺治《扶风县志》卷一灾祥,无,v3,1,"仅存在于：v3；缺少：v1,v2,v4"
2238,1640,明思宗崇祯十三年,陕西,宝鸡市,麟游县,无,《麟游县志》,麟游县：复大旱，蝗。岁大歉，比冬人相食。——顺治《麟游县志》卷一灾祥,无,v3,1,"仅存在于：v3；缺少：v1,v2,v4"
2239,1640,明思宗崇祯十三年,陕西,延安市,洛川县,无,《洛川县志》,洛川县：大旱，人相食，草木俱尽。——嘉庆《洛川县志》卷一样异,无,v3,1,"仅存在于：v3；缺少：v1,v2,v4"
2240,1640,明思宗崇祯十三年,陕西,渭南市,华阴县,无,《华阴县志》,华阴县：大旱，麦米斗值二两，百姓剥啖树皮草根，至人相食。兼瘟疫相继，饿殍盈野——乾隆《华阴县志》卷二十一纪事,无,v3,1,"仅存在于：v3；缺少：v1,v2,v4"
2241,1640,明思宗崇祯十三年,陕西,渭南市,合阳县,无,《重修邵阳县志》,合阳县：六年，斗米千钱，十三年至四千钱，先后饿死真以沙量，人相食者比比为然。——顺治《重修邵阳县志》卷七杂志,无,v3,1,"仅存在于：v3；缺少：v1,v2,v4"
2242,1640,明思宗崇祯十三年,陕西,渭南市,富平县,无,《富平县志》,富平县：大旱，人相食，草木俱尽。——乾隆五年《富平县志》卷八祥异,无,v3,1,"仅存在于：v3；缺少：v1,v2,v4"
2243,1640,明思宗崇祯十三年,陕西,渭南市,渭南市,无,《渭南县志》,渭南市：十三、四年，岁大祲，麦米每斗价二两四五钱，各乡镇无粮食，人民馁毙十之七八。邑西关有人市，年少妇人价不及千钱，一飨易一妻，米一升易一婢者。——雍正《渭南县志》卷十五祥异,无,"v3,v4",2,"仅存在于：v3,v4；缺少：v1,v2"
2244,1640,明思宗崇祯十三年,陕西,渭南市,潼关县,无,《凤翔府志》,潼关县：夏旱。蝗蝻生，食苗。斗米二两五钱，人相食。——乾隆《凤翔府志》卷上灾祥,无,v3,1,"仅存在于：v3；缺少：v1,v2,v4"
2245,1640,明思宗崇祯十三年,陕西,渭南市,澄城县,无,《澄城县志》,澄城县：大饥，民乃作乱。是岁，麦禾俱无茭刈，时斗麦值三钱，间岁麦一斗银三两，间岁麦一斗银三两。子女玉帛骈填墟市，人莫之顾，屑榆为粥，继以兰根，兰尽，食红石皮、煤炭，十无一生，旋相食。素封之家，率多饿死。当是时，有攫市者，县官以饥故，姑息之。——顺治《澄城县志》卷一灾祥,无,v3,1,"仅存在于：v3；缺少：v1,v2,v4"
2246,1640,明思宗崇祯十三年,陕西,渭南市,蒲城县,无,《蒲城县续志》,浦城县：岁奇荒，斗栗千钱，夫啖妻尸，父食子脍。——康熙《蒲城县续志》卷四艺文,无,v3,1,"仅存在于：v3；缺少：v1,v2,v4"
2247,1640,明思宗崇祯十三年,陕西,渭南市,韩城市,无,《韩城县续志》,韩城市：大旱，斗米一两三钱，人相食。——康熙《韩城县续志》卷七祥异,无,v3,1,"仅存在于：v3；缺少：v1,v2,v4"
2248,1640,明思宗崇祯十三年,陕西,西安,户县,无,《鄂县志》,户县：躺生，食禾殆尽。大饥，人相食。——康熙《鄂县志》卷八灾异,无,v2,1,"仅存在于：v2；缺少：v1,v3,v4"
2249,1640,明思宗崇祯十三年,陕西,西安,高陵县,无,《高陵县志》,高陵县：大旱，饥。十月，斗米三钱，至次年春十倍其值，木皮皆尽，父子夫妇相刘啖。——雍正《高陵县志》卷四祥异,无,v2,1,"仅存在于：v2；缺少：v1,v3,v4"
2250,1640,明思宗崇祯十三年,陕西,西安市,鄠县,无,《鄂县志》,户县：躺生，食禾殆尽。大饥，人相食。——康熙《鄂县志》卷八灾异,无,v3,1,"仅存在于：v3；缺少：v1,v2,v4"
2251,1640,明思宗崇祯十三年,陕西,西安市,高陵县,无,《高陵县志》,高陵县：大旱，饥。十月，斗米三钱，至次年春十倍其值，木皮皆尽，父子夫妇相刘啖。——雍正《高陵县志》卷四祥异,疑似OCR错误，原文'相刘啖'疑似'相割啖',v3,1,"仅存在于：v3；缺少：v1,v2,v4"
2252,1640,明思宗崇祯十三年,陕西,韩城市,韩城市,无,《韩城县续志》,韩城市：大旱，斗米一两三钱，人相食。——康熙《韩城县续志》卷七祥异,无,v4,1,"仅存在于：v4；缺少：v1,v2,v3"
2253,1641,明思宗崇祯十四年,上海,无,嘉定县,无,《外冈志》,嘉定县：旱魃为虐，自三月不雨，至七月河底迸裂，赤地千里。斗米千钱，饥馑载道，易子而食。——崇祯《外冈志》卷二祥异,无,v4,1,"仅存在于：v4；缺少：v1,v2,v3"
2254,1641,明思宗崇祯十四年,上海,上海,无,无,《上海县志》,上海市：夏大旱，蝗，米粟涌贵，饿殍载道。…是岁春大饥，斗米至三四钱，民食草木根皮俱尽，抛妻子，死者相枕。卖婆某氏抱人子女，至家杀之供饱啖，邻人闻所烹肉甚香，启锅视之，手足宛然，鸣官获之，立毙。——乾隆四十九年《上海县志》卷十二祥异,无,"v1,v2,v4",3,"仅存在于：v1,v2,v4；缺少：v3"
2255,1641,明思宗崇祯十四年,上海,上海,上海,无,《上海县志》,上海市：夏大旱，蝗，米粟涌贵，饿殍载道。…是岁春大饥，斗米至三四钱，民食草木根皮俱尽，抛妻子，死者相枕。卖婆某氏抱人子女，至家杀之供饱啖，邻人闻所烹肉甚香，启锅视之，手足宛然，鸣官获之，立毙。——乾隆四十九年《上海县志》卷十二祥异,无,v3,1,"仅存在于：v3；缺少：v1,v2,v4"
2256,1641,明思宗崇祯十四年,上海,上海,嘉定区,无,《外冈志》,嘉定县：旱魃为虐，自三月不雨，至七月河底迸裂，赤地千里。斗米千钱，饥馑载道，易子而食。——崇祯《外冈志》卷二祥异,原文无具体县名标注，从府级记录泛指中提取嘉定县,v3,1,"仅存在于：v3；缺少：v1,v2,v4"
2257,1641,明思宗崇祯十四年,上海,上海,嘉定县,无,《外冈志》,嘉定县：旱魃为虐，自三月不雨，至七月河底迸裂，赤地千里。斗米千钱，饥馑载道，易子而食。——崇祯《外冈志》卷二祥异,无,v1,1,"仅存在于：v1；缺少：v2,v3,v4"
2258,1641,明思宗崇祯十四年,上海,上海市,嘉定县,无,《外冈志》,嘉定县：旱魃为虐，自三月不雨，至七月河底迸裂，赤地千里。斗米千钱，饥馑载道，易子而食。——崇祯《外冈志》卷二祥异,无,v2,1,"仅存在于：v2；缺少：v1,v3,v4"
2259,1641,明思宗崇祯十四年,北京,北京,无,都下,《崇祯遗录》,都下大饥，斗米钱五百，麦七百，鸡羊豕不赀，人相食。——明·王世德《崇祯遗录》,无,"v2,v3,v4",3,"仅存在于：v2,v3,v4；缺少：v1"
2260,1641,明思宗崇祯十四年,安徽,无,东至县,无,《华东地区近五百年气候历史资料》,东至县：建德冬月，民大饥，有惊人而食者。——《华东地区近五百年气候历史资料》第三分册，第152页。,无,v1,1,"仅存在于：v1；缺少：v2,v3,v4"
2261,1641,明思宗崇祯十四年,安徽,无,天长县,无,《天长县志》,天长县：大旱，人民相食，忽流言山出石面，饥民取面和榆屑食之，后皆肿死。——康熙《天长县志》卷一样异附,无,v1,1,"仅存在于：v1；缺少：v2,v3,v4"
2262,1641,明思宗崇祯十四年,安徽,无,太湖县,无,《安庆府太湖县志》,太湖县：八月，飞蝗蔽天。民大饥，疫。斗米千钱，死者日以数百计，人相残食，日晡不敢独行。——康熙十四年《安庆府太湖县志》卷二灾祥,无,v1,1,"仅存在于：v1；缺少：v2,v3,v4"
2263,1641,明思宗崇祯十四年,安徽,无,怀宁,无,《华东地区近五百年气候历史资料》,怀宁、宿松、望江、潜山、桐城：大旱，瘟疫。怀宁人相食，死者枕藉。宿松饥。潜山人死者枕藉，饥者刈人为食，无敢独行道路者。——《华东地区近五百年气候历史资料》第三分册，第131页。,无,v1,1,"仅存在于：v1；缺少：v2,v3,v4"
2264,1641,明思宗崇祯十四年,安徽,无,怀远县,无,《怀远县志》,怀远县：大荒大疫，人相食。——道光《怀远县志》卷四,无,v1,1,"仅存在于：v1；缺少：v2,v3,v4"
2265,1641,明思宗崇祯十四年,安徽,无,望江县,无,《新修望江县志》,望江县：大旱，自三月十八日雨，至六月初八日乃雨，地赤土焦，河湖亦枯圻。秋七月，蠡飞蔽天。大疫，道殍无算。十二月，人相食。——顺治《新修望江县志》卷九灾异,无,"v1,v4",2,"仅存在于：v1,v4；缺少：v2,v3"
2266,1641,明思宗崇祯十四年,安徽,无,歙县,无,《歙县志》,歙县：岁大饥。斗米五钱，人相食。——顺治《歙县志》卷十四灾祥,无,v1,1,"仅存在于：v1；缺少：v2,v3,v4"
2267,1641,明思宗崇祯十四年,安徽,无,砀山县,无,《砀山县志》,砀山县：春夏大饥，先食树木皮及各草子，渐至食人，初犹避忌，后且公然不为异，甚有父子、兄弟、夫妻相食者。冬，夏大疫，田野荒芜。抚院史可法设法赈贷。——乾隆《砀山县志》卷一样异,无,v1,1,"仅存在于：v1；缺少：v2,v3,v4"
2268,1641,明思宗崇祯十四年,安徽,无,舒城县,无,《舒城县志》,舒城县：蝗，饥，人多相食。——雍正《舒城县志》卷二十四祥异,无,v1,1,"仅存在于：v1；缺少：v2,v3,v4"
2269,1641,明思宗崇祯十四年,安徽,无,萧县,无,《萧县志》,萧县：春大饥，人相食，道绝行人。五月，大疫，一家死者十之八九，无殓无棺不可悉数。十月，黄河浅，时暴征秋粮，告急，逃亡一空。——顺治《萧县志》卷五灾异,无,v1,1,"仅存在于：v1；缺少：v2,v3,v4"
2270,1641,明思宗崇祯十四年,安徽,无,贵池县,无,《池州府志》,贵池县：春大饥，夏秋大疫，人食人。——康熙五十年《池州府志》卷二十九灾祥,无,v1,1,"仅存在于：v1；缺少：v2,v3,v4"
2271,1641,明思宗崇祯十四年,安徽,无,阜阳县,无,《颍州志》,阜阳县：春大饥，人相食。夏瘟，至秋末方止。淝河水溢，坏民庐舍。——顺治《颍州志》卷一郡纪,无,v1,1,"仅存在于：v1；缺少：v2,v3,v4"
2272,1641,明思宗崇祯十四年,安徽,无,霍山县,无,《六安州志》,霍山县：春，霍山大饥，人相食。——乾隆《六安州志》卷二十四祥异,无,v1,1,"仅存在于：v1；缺少：v2,v3,v4"
2273,1641,明思宗崇祯十四年,安徽,六安市,舒城县,无,《舒城县志》,舒城县：蝗，饥，人多相食。——雍正《舒城县志》卷二十四祥异,无,"v2,v3,v4",3,"仅存在于：v2,v3,v4；缺少：v1"
2274,1641,明思宗崇祯十四年,安徽,六安市,霍山县,无,《六安州志》,霍山县：春，霍山大饥，人相食。——乾隆《六安州志》卷二十四祥异,无,"v2,v3,v4",3,"仅存在于：v2,v3,v4；缺少：v1"
2275,1641,明思宗崇祯十四年,安徽,安庆,安庆市,安庆府,《安庆府志》,安庆市：大旱，蠡，疫。人相食，死者枕藉。——康熙二十二年《安庆府志》卷十四祥异,无,v3,1,"仅存在于：v3；缺少：v1,v2,v4"
2276,1641,明思宗崇祯十四年,安徽,安庆,望江县,无,《新修望江县志》,望江县：大旱，自三月十八日雨，至六月初八日乃雨，地赤土焦，河湖亦枯圻。秋七月，蠡飞蔽天。大疫，道殍无算。十二月，人相食。——顺治《新修望江县志》卷九灾异,无,v3,1,"仅存在于：v3；缺少：v1,v2,v4"
2277,1641,明思宗崇祯十四年,安徽,安庆市,无,无,《安庆府志》,安庆市：大旱，蠡，疫。人相食，死者枕藉。——康熙二十二年《安庆府志》卷十四祥异,无,"v1,v2,v4",3,"仅存在于：v1,v2,v4；缺少：v3"
2278,1641,明思宗崇祯十四年,安徽,安庆市,太湖县,无,《安庆府太湖县志》,太湖县：八月，飞蝗蔽天。民大饥，疫。斗米千钱，死者日以数百计，人相残食，日晡不敢独行。——康熙十四年《安庆府太湖县志》卷二灾祥,无,"v2,v3,v4",3,"仅存在于：v2,v3,v4；缺少：v1"
2279,1641,明思宗崇祯十四年,安徽,安庆市,宿松县,无,《华东地区近五百年气候历史资料》,怀宁、宿松、望江、潜山、桐城：大旱，瘟疫。怀宁人相食，死者枕藉。宿松饥。潜山人死者枕藉，饥者刈人为食，无敢独行道路者。——《华东地区近五百年气候历史资料》第三分册，第131页。,无,v4,1,"仅存在于：v4；缺少：v1,v2,v3"
2280,1641,明思宗崇祯十四年,安徽,安庆市,怀宁县,无,《华东地区近五百年气候历史资料》,怀宁、宿松、望江、潜山、桐城：大旱，瘟疫。怀宁人相食，死者枕藉。宿松饥。潜山人死者枕藉，饥者刈人为食，无敢独行道路者。——《华东地区近五百年气候历史资料》第三分册，第131页。,无,"v2,v3,v4",3,"仅存在于：v2,v3,v4；缺少：v1"
2281,1641,明思宗崇祯十四年,安徽,安庆市,望江县,无,《华东地区近五百年气候历史资料》,怀宁、宿松、望江、潜山、桐城：大旱，瘟疫。怀宁人相食，死者枕藉。宿松饥。潜山人死者枕藉，饥者刈人为食，无敢独行道路者。——《华东地区近五百年气候历史资料》第三分册，第131页。,无,"v2,v4",2,"仅存在于：v2,v4；缺少：v1,v3"
2282,1641,明思宗崇祯十四年,安徽,安庆市,桐城市,无,《华东地区近五百年气候历史资料》,怀宁、宿松、望江、潜山、桐城：大旱，瘟疫。怀宁人相食，死者枕藉。宿松饥。潜山人死者枕藉，饥者刈人为食，无敢独行道路者。——《华东地区近五百年气候历史资料》第三分册，第131页。,无,v4,1,"仅存在于：v4；缺少：v1,v2,v3"
2283,1641,明思宗崇祯十四年,安徽,安庆市,潜山县,无,《华东地区近五百年气候历史资料》,怀宁、宿松、望江、潜山、桐城：大旱，瘟疫。怀宁人相食，死者枕藉。宿松饥。潜山人死者枕藉，饥者刈人为食，无敢独行道路者。——《华东地区近五百年气候历史资料》第三分册，第131页。,无,"v2,v3,v4",3,"仅存在于：v2,v3,v4；缺少：v1"
2284,1641,明思宗崇祯十四年,安徽,宿州市,砀山县,无,《砀山县志》,砀山县：春夏大饥，先食树木皮及各草子，渐至食人，初犹避忌，后且公然不为异，甚有父子、兄弟、夫妻相食者。冬，夏大疫，田野荒芜。抚院史可法设法赈贷。——乾隆《砀山县志》卷一样异,无,v2,1,"仅存在于：v2；缺少：v1,v3,v4"
2285,1641,明思宗崇祯十四年,安徽,宿州市,萧县,无,《萧县志》,萧县：春大饥，人相食，道绝行人。五月，大疫，一家死者十之八九，无殓无棺不可悉数。十月，黄河浅，时暴征秋粮，告急，逃亡一空。——顺治《萧县志》卷五灾异,无,v2,1,"仅存在于：v2；缺少：v1,v3,v4"
2286,1641,明思宗崇祯十四年,安徽,池州市,东至县,无,《华东地区近五百年气候历史资料》,东至县：建德冬月，民大饥，有惊人而食者。——《华东地区近五百年气候历史资料》第三分册，第152页。,无,"v2,v3,v4",3,"仅存在于：v2,v3,v4；缺少：v1"
2287,1641,明思宗崇祯十四年,安徽,池州市,贵池县,无,《池州府志》,贵池县：春大饥，夏秋大疫，人食人。——康熙五十年《池州府志》卷二十九灾祥,无,"v2,v3,v4",3,"仅存在于：v2,v3,v4；缺少：v1"
2288,1641,明思宗崇祯十四年,安徽,滁州市,无,无,《滁州志》,滁州市：疫疠盛行，有食人者。——康熙《滁州志》卷三祥异,无,"v1,v2",2,"仅存在于：v1,v2；缺少：v3,v4"
2289,1641,明思宗崇祯十四年,安徽,滁州市,天长县,无,《天长县志》,天长县：大旱，人民相食，忽流言山出石面，饥民取面和榆屑食之，后皆肿死。——康熙《天长县志》卷一样异附,无,"v2,v3,v4",3,"仅存在于：v2,v3,v4；缺少：v1"
2290,1641,明思宗崇祯十四年,安徽,滁州市,滁州市,无,《滁州志》,滁州市：疫疠盛行，有食人者。——康熙《滁州志》卷三祥异,无,"v3,v4",2,"仅存在于：v3,v4；缺少：v1,v2"
2291,1641,明思宗崇祯十四年,安徽,蚌埠市,怀远县,无,《怀远县志》,怀远县：大荒大疫，人相食。——道光《怀远县志》卷四,无,"v2,v3,v4",3,"仅存在于：v2,v3,v4；缺少：v1"
2292,1641,明思宗崇祯十四年,安徽,阜阳市,无,无,《颍州志》,阜阳县：春大饥，人相食。夏瘟，至秋末方止。淝河水溢，坏民庐舍。——顺治《颍州志》卷一郡纪,无,v2,1,"仅存在于：v2；缺少：v1,v3,v4"
2293,1641,明思宗崇祯十四年,安徽,阜阳市,阜阳县,无,《颍州志》,阜阳县：春大饥，人相食。夏瘟，至秋末方止。淝河水溢，坏民庐舍。——顺治《颍州志》卷一郡纪,无,"v3,v4",2,"仅存在于：v3,v4；缺少：v1,v2"
2294,1641,明思宗崇祯十四年,安徽,黄山市,歙县,无,《歙县志》,歙县：岁大饥。斗米五钱，人相食。——顺治《歙县志》卷十四灾祥,无,"v2,v3,v4",3,"仅存在于：v2,v3,v4；缺少：v1"
2295,1641,明思宗崇祯十四年,山东,无,无,无,《平寇志》,崇祯十四年二月，时山东荒旱，寇盗益炽，徐德（南端到北端）数千里白骨纵横，父子相食，人迹断绝。——彭贻孙《平寇志》卷四,无,v4,1,"仅存在于：v4；缺少：v1,v2,v3"
2296,1641,明思宗崇祯十四年,山东,无,东阿县,无,《东阿县志》,东阿县：大旱，饥，人相食。——道光《东阿县志》卷二十二祥异,无,"v1,v4",2,"仅存在于：v1,v4；缺少：v2,v3"
2297,1641,明思宗崇祯十四年,山东,无,临邑县,无,《临邑县志》,临邑县：旱，饥，人相食。——道光《临邑县志》卷十六纪祥,无,v4,1,"仅存在于：v4；缺少：v1,v2,v3"
2298,1641,明思宗崇祯十四年,山东,无,乐陵县,无,《乐陵县志》,乐陵县：旱，饥，人相食。——乾隆《乐陵县志》卷三祥异,无,v4,1,"仅存在于：v4；缺少：v1,v2,v3"
2299,1641,明思宗崇祯十四年,山东,无,冠县,无,《堂邑县志》,冠县：春又不雨，千钱斗米，即谷糠亦斗值百钱。母食其子，妇食其夫，即葬埋逾旬者，犹盗掘而分尸之。夏初，瘟疫大行，家无幸免。至秋飞蝗蔽天，即由寸草亦蚕食无遗。人死于瘟，死于饿，死于贼十有八九，乡村落空，地荒屋毁，几无人迹。此亘古未见之奇荒。——顺治《堂邑县志》卷三灾祥,无,"v1,v4",2,"仅存在于：v1,v4；缺少：v2,v3"
2300,1641,明思宗崇祯十四年,山东,无,商河县,无,《商河县志》,商河县：旱，饥，人相食。——道光《商河县志》卷三祥异,无,v4,1,"仅存在于：v4；缺少：v1,v2,v3"
2301,1641,明思宗崇祯十四年,山东,无,夏津县,无,《夏津县志》,夏津县：大饥，斗米两银，人相食。——康熙《夏津县志》卷五灾异,无,v4,1,"仅存在于：v4；缺少：v1,v2,v3"
2302,1641,明思宗崇祯十四年,山东,无,平原县,无,《平原县志》,平原县：夏旱，蝗。父子夫妇相食，村落问杳无人烟。——乾隆《平原县志》卷九灾祥,无,v4,1,"仅存在于：v4；缺少：v1,v2,v3"
2303,1641,明思宗崇祯十四年,山东,无,庆云县,无,《庆云县志》,庆云县：大饥，人相食，有骨肉相残者。…人多疫，死者枕藉。——康熙《庆云县志》卷十一灾祥,无,v4,1,"仅存在于：v4；缺少：v1,v2,v3"
2304,1641,明思宗崇祯十四年,山东,无,德州,无,《明史》,是岁，畿南、山东游饥。德州斗米千钱，父子相食，行人断绝，大盗滋矣。——《明史》卷三0《五行志》,无,v4,1,"仅存在于：v4；缺少：v1,v2,v3"
2305,1641,明思宗崇祯十四年,山东,无,惠民县,无,《惠民县志》,惠民县：旱，饥，人相食。——乾隆《惠民县志》卷四祥异,无,v4,1,"仅存在于：v4；缺少：v1,v2,v3"
2306,1641,明思宗崇祯十四年,山东,无,无棣县,无,《海丰县志》,无棣县：海丰春，大饥，斗粟二金，人相食，有骨肉相残者。五月，雨雹，无麦，复大疫，死者枕藉，人市几於无人。——康熙《海丰县志》卷四事纪,无,"v1,v4",2,"仅存在于：v1,v4；缺少：v2,v3"
2307,1641,明思宗崇祯十四年,山东,无,栖霞县,无,《栖霞县续志》,栖霞县：是年大饥，斗米二千余钱，死者大半，人相食。——光绪《栖霞县续志》卷八祥异,无,"v1,v4",2,"仅存在于：v1,v4；缺少：v2,v3"
2308,1641,明思宗崇祯十四年,山东,无,武城县,无,《恩县续志》,武城县：春，民多饥死，人相食，道途行人几绝。——雍正《恩县续志》卷四灾祥,无,v4,1,"仅存在于：v4；缺少：v1,v2,v3"
2309,1641,明思宗崇祯十四年,山东,无,济宁县,无,《济宁直录州志》,济宁县：旱，蝗。大饥，人相食。疫。——乾隆《济宁直录州志》卷一纪年,无,"v1,v4",2,"仅存在于：v1,v4；缺少：v2,v3"
2310,1641,明思宗崇祯十四年,山东,无,济阳县,无,《济阳县志》,济阳县：春夏大旱，斗栗二金。人相食，瘟疫大作，死者枕藉，十村九墟，人烟几绝。——民国《济阳县志》卷二十祥异,无,v4,1,"仅存在于：v4；缺少：v1,v2,v3"
2311,1641,明思宗崇祯十四年,山东,无,荏平县,无,《莅平县志》,荏平县：大饥，蝗蝻遍野，瘟疫横生，死者十分之九，赤地千里，人相食。——康熙二年《莅平县志》卷二灾祥,无,"v1,v4",2,"仅存在于：v1,v4；缺少：v2,v3"
2312,1641,明思宗崇祯十四年,山东,无,阳信县,无,《阳信县志》,阳信县：春夏大旱，斗栗二金。人相食，瘟疫大作，死者枕藉，十村九墟，人烟几绝。——康熙《阳信县志》卷三灾异,无,"v1,v4",2,"仅存在于：v1,v4；缺少：v2,v3"
2313,1641,明思宗崇祯十四年,山东,威海,威海市,无,《威海卫志》,威海市：大饥，人相食。——乾隆《威海卫志》卷一灾祥,无,v3,1,"仅存在于：v3；缺少：v1,v2,v4"
2314,1641,明思宗崇祯十四年,山东,威海,文登市,无,《文登县志》,文登县：大饥，斗粟二千余钱，民死大半，有杀人而死者。——雍正《文登县志》卷一灾祥,无,v3,1,"仅存在于：v3；缺少：v1,v2,v4"
2315,1641,明思宗崇祯十四年,山东,威海,荣成市,无,《荣成县志》,荣成县：大饥，斗粟二千余钱，民死大半，有杀人而死者。——道光《荣成县志》卷一灾祥,无,v3,1,"仅存在于：v3；缺少：v1,v2,v4"
2316,1641,明思宗崇祯十四年,山东,威海市,无,无,《威海卫志》,威海市：大饥，人相食。——乾隆《威海卫志》卷一灾祥,无,"v1,v2,v4",3,"仅存在于：v1,v2,v4；缺少：v3"
2317,1641,明思宗崇祯十四年,山东,德州,临邑,无,《临邑县志》,临邑县：旱，饥，人相食。——道光《临邑县志》卷十六纪祥,无,v2,1,"仅存在于：v2；缺少：v1,v3,v4"
2318,1641,明思宗崇祯十四年,山东,德州,临邑县,无,《临邑县志》,临邑县：旱，饥，人相食。——道光《临邑县志》卷十六纪祥,无,v3,1,"仅存在于：v3；缺少：v1,v2,v4"
2319,1641,明思宗崇祯十四年,山东,德州,乐陵,无,《乐陵县志》,乐陵县：旱，饥，人相食。——乾隆《乐陵县志》卷三祥异,无,v2,1,"仅存在于：v2；缺少：v1,v3,v4"
2320,1641,明思宗崇祯十四年,山东,德州,乐陵县,无,《乐陵县志》,乐陵县：旱，饥，人相食。——乾隆《乐陵县志》卷三祥异,无,v3,1,"仅存在于：v3；缺少：v1,v2,v4"
2321,1641,明思宗崇祯十四年,山东,德州,商河县,无,《商河县志》,商河县：旱，饥，人相食。——道光《商河县志》卷三祥异,无,v3,1,"仅存在于：v3；缺少：v1,v2,v4"
2322,1641,明思宗崇祯十四年,山东,德州,夏津,无,《夏津县志》,夏津县：大饥，斗米两银，人相食。——康熙《夏津县志》卷五灾异,无,v2,1,"仅存在于：v2；缺少：v1,v3,v4"
2323,1641,明思宗崇祯十四年,山东,德州,夏津县,无,《夏津县志》,夏津县：大饥，斗米两银，人相食。——康熙《夏津县志》卷五灾异,无,v3,1,"仅存在于：v3；缺少：v1,v2,v4"
2324,1641,明思宗崇祯十四年,山东,德州,平原,无,《平原县志》,平原县：夏旱，蝗。父子夫妇相食，村落问杳无人烟。——乾隆《平原县志》卷九灾祥,无,v2,1,"仅存在于：v2；缺少：v1,v3,v4"
2325,1641,明思宗崇祯十四年,山东,德州,平原县,无,《平原县志》,平原县：夏旱，蝗。父子夫妇相食，村落问杳无人烟。——乾隆《平原县志》卷九灾祥,无,v3,1,"仅存在于：v3；缺少：v1,v2,v4"
2326,1641,明思宗崇祯十四年,山东,德州,庆云,无,《庆云县志》,庆云县：大饥，人相食，有骨肉相残者。…人多疫，死者枕藉。——康熙《庆云县志》卷十一灾祥,无,v2,1,"仅存在于：v2；缺少：v1,v3,v4"
2327,1641,明思宗崇祯十四年,山东,德州,德州,无,《德州志》,德州市：春疫，斗米银一两。饥，人相食。——康熙《德州志》卷十纪事,无,v2,1,"仅存在于：v2；缺少：v1,v3,v4"
2328,1641,明思宗崇祯十四年,山东,德州,德州市,德州,《德州志》,德州市：春疫，斗米银一两。饥，人相食。——康熙《德州志》卷十纪事,无,v3,1,"仅存在于：v3；缺少：v1,v2,v4"
2329,1641,明思宗崇祯十四年,山东,德州,武城,无,《恩县续志》,武城县：春，民多饥死，人相食，道途行人几绝。——雍正《恩县续志》卷四灾祥,无,v2,1,"仅存在于：v2；缺少：v1,v3,v4"
2330,1641,明思宗崇祯十四年,山东,德州,武城县,无,《恩县续志》,武城县：春，民多饥死，人相食，道途行人几绝。——雍正《恩县续志》卷四灾祥,无,v3,1,"仅存在于：v3；缺少：v1,v2,v4"
2331,1641,明思宗崇祯十四年,山东,德州市,无,无,《德州志》,德州市：春疫，斗米银一两。饥，人相食。——康熙《德州志》卷十纪事,无,v4,1,"仅存在于：v4；缺少：v1,v2,v3"
2332,1641,明思宗崇祯十四年,山东,德州市,德州,无,《明史》,德州斗米千钱，父子相食，行人断绝，大盗滋矣。——《明史》卷三0《五行志》,无,v2,1,"仅存在于：v2；缺少：v1,v3,v4"
2333,1641,明思宗崇祯十四年,山东,济南,商河,无,《商河县志》,商河县：旱，饥，人相食。——道光《商河县志》卷三祥异,无,v2,1,"仅存在于：v2；缺少：v1,v3,v4"
2334,1641,明思宗崇祯十四年,山东,济南,济阳,无,《济阳县志》,济阳县：春夏大旱，斗栗二金。人相食，瘟疫大作，死者枕藉，十村九墟，人烟几绝。——民国《济阳县志》卷二十祥异,无,v2,1,"仅存在于：v2；缺少：v1,v3,v4"
2335,1641,明思宗崇祯十四年,山东,济南,济阳县,无,《济阳县志》,济阳县：春夏大旱，斗栗二金。人相食，瘟疫大作，死者枕藉，十村九墟，人烟几绝。——民国《济阳县志》卷二十祥异,无,v3,1,"仅存在于：v3；缺少：v1,v2,v4"
2336,1641,明思宗崇祯十四年,山东,济宁,济宁市,济宁直隶州,《济宁直录州志》,济宁县：旱，蝗。大饥，人相食。疫。——乾隆《济宁直录州志》卷一纪年,无,v3,1,"仅存在于：v3；缺少：v1,v2,v4"
2337,1641,明思宗崇祯十四年,山东,济宁市,无,无,《济宁直录州志》,济宁县：旱，蝗。大饥，人相食。疫。——乾隆《济宁直录州志》卷一纪年,无,v2,1,"仅存在于：v2；缺少：v1,v3,v4"
2338,1641,明思宗崇祯十四年,山东,淄博,淄博,无,《博山县志》,淄博市：岁荐饥，斗米值一两八钱，人相食。龙泉、范泉尽涸，孝妇河十里下亦绝流。——乾隆《博山县志》卷四灾祥,无,v2,1,"仅存在于：v2；缺少：v1,v3,v4"
2339,1641,明思宗崇祯十四年,山东,淄博,淄博市,博山县,《博山县志》,淄博市：岁荐饥，斗米值一两八钱，人相食。龙泉、范泉尽涸，孝妇河十里下亦绝流。——乾隆《博山县志》卷四灾祥,无,v3,1,"仅存在于：v3；缺少：v1,v2,v4"
2340,1641,明思宗崇祯十四年,山东,淄博市,无,无,《博山县志》,淄博市：岁荐饥，斗米值一两八钱，人相食。龙泉、范泉尽涸，孝妇河十里下亦绝流。——乾隆《博山县志》卷四灾祥,无,v4,1,"仅存在于：v4；缺少：v1,v2,v3"
2341,1641,明思宗崇祯十四年,山东,滨州,庆云县,无,《庆云县志》,庆云县：大饥，人相食，有骨肉相残者。…人多疫，死者枕藉。——康熙《庆云县志》卷十一灾祥,无,v3,1,"仅存在于：v3；缺少：v1,v2,v4"
2342,1641,明思宗崇祯十四年,山东,滨州,惠民,无,《惠民县志》,惠民县：旱，饥，人相食。——乾隆《惠民县志》卷四祥异,无,v2,1,"仅存在于：v2；缺少：v1,v3,v4"
2343,1641,明思宗崇祯十四年,山东,滨州,惠民县,无,《惠民县志》,惠民县：旱，饥，人相食。——乾隆《惠民县志》卷四祥异,无,v3,1,"仅存在于：v3；缺少：v1,v2,v4"
2344,1641,明思宗崇祯十四年,山东,滨州,无棣县,海丰县,《海丰县志》,无棣县：海丰春，大饥，斗粟二金，人相食，有骨肉相残者。五月，雨雹，无麦，复大疫，死者枕藉，人市几於无人。——康熙《海丰县志》卷四事纪,无,v3,1,"仅存在于：v3；缺少：v1,v2,v4"
2345,1641,明思宗崇祯十四年,山东,滨州,阳信县,无,《阳信县志》,阳信县：春夏大旱，斗栗二金。人相食，瘟疫大作，死者枕藉，十村九墟，人烟几绝。——康熙《阳信县志》卷三灾祥,无,v3,1,"仅存在于：v3；缺少：v1,v2,v4"
2346,1641,明思宗崇祯十四年,山东,滨州市,无棣县,无,《海丰县志》,无棣县：海丰春，大饥，斗粟二金，人相食，有骨肉相残者。五月，雨雹，无麦，复大疫，死者枕藉，人市几於无人。——康熙《海丰县志》卷四事纪,无,v2,1,"仅存在于：v2；缺少：v1,v3,v4"
2347,1641,明思宗崇祯十四年,山东,滨州市,阳信县,无,《阳信县志》,阳信县：春夏大旱，斗栗二金。人相食，瘟疫大作，死者枕藉，十村九墟，人烟几绝。——康熙《阳信县志》卷三灾异,无,v2,1,"仅存在于：v2；缺少：v1,v3,v4"
2348,1641,明思宗崇祯十四年,山东,烟台,栖霞市,无,《栖霞县续志》,栖霞县：是年大饥，斗米二千余钱，死者大半，人相食。——光绪《栖霞县续志》卷八祥异,无,v3,1,"仅存在于：v3；缺少：v1,v2,v4"
2349,1641,明思宗崇祯十四年,山东,烟台市,栖霞县,无,《栖霞县续志》,栖霞县：是年大饥，斗米二千余钱，死者大半，人相食。——光绪《栖霞县续志》卷八祥异,无,v2,1,"仅存在于：v2；缺少：v1,v3,v4"
2350,1641,明思宗崇祯十四年,山东,聊城,东阿县,无,《东阿县志》,东阿县：大旱，饥，人相食。——道光《东阿县志》卷二十二祥异,无,v3,1,"仅存在于：v3；缺少：v1,v2,v4"
2351,1641,明思宗崇祯十四年,山东,聊城,冠县,无,《堂邑县志》,冠县：春又不雨，千钱斗米，即谷糠亦斗值百钱。母食其子，妇食其夫，即葬埋逾旬者，犹盗掘而分尸之。夏初，瘟疫大行，家无幸免。至秋飞蝗蔽天，即由寸草亦蚕食无遗。人死于瘟，死于饿，死于贼十有八九，乡村落空，地荒屋毁，几无人迹。此亘古未见之奇荒。——顺治《堂邑县志》卷三灾祥,无,v3,1,"仅存在于：v3；缺少：v1,v2,v4"
2352,1641,明思宗崇祯十四年,山东,聊城,茌平县,莅平县,《莅平县志》,荏平县：大饥，蝗蝻遍野，瘟疫横生，死者十分之九，赤地千里，人相食。——康熙二年《莅平县志》卷二灾祥,无,v3,1,"仅存在于：v3；缺少：v1,v2,v4"
2353,1641,明思宗崇祯十四年,山东,聊城市,东阿县,无,《东阿县志》,东阿县：大旱，饥，人相食。——道光《东阿县志》卷二十二祥异,无,v2,1,"仅存在于：v2；缺少：v1,v3,v4"
2354,1641,明思宗崇祯十四年,山东,聊城市,冠县,无,《堂邑县志》,冠县：春又不雨，千钱斗米，即谷糠亦斗值百钱。母食其子，妇食其夫，即葬埋逾旬者，犹盗掘而分尸之。夏初，瘟疫大行，家无幸免。至秋飞蝗蔽天，即由寸草亦蚕食无遗。人死于瘟，死于饿，死于贼十有八九，乡村落空，地荒屋毁，几无人迹。此亘古未见之奇荒。——顺治《堂邑县志》卷三灾祥,无,v2,1,"仅存在于：v2；缺少：v1,v3,v4"
2355,1641,明思宗崇祯十四年,山东,聊城市,荏平县,无,《莅平县志》,荏平县：大饥，蝗蝻遍野，瘟疫横生，死者十分之九，赤地千里，人相食。——康熙二年《莅平县志》卷二灾祥,无,v2,1,"仅存在于：v2；缺少：v1,v3,v4"
2356,1641,明思宗崇祯十四年,山西,无,万荣县,无,《万泉县志》,万荣县：复大旱，骨肉相食，人亡大半。——康熙《万泉县志》卷七祥异,无,v4,1,"仅存在于：v4；缺少：v1,v2,v3"
2357,1641,明思宗崇祯十四年,山西,无,临猗县,无,《临晋县志》,临猗县：春，斗麦银一两三钱，木皮草根剥掘殆尽。人相食，僻巷无敢独行者，甚至父子夫妇互相杀食。——康熙《临晋县志》卷六灾祥,无,v4,1,"仅存在于：v4；缺少：v1,v2,v3"
2358,1641,明思宗崇祯十四年,山西,无,乡宁县,无,《乡宁县志》,乡宁县：奇荒，人相食。——民国《乡宁县志》卷八大事记,无,"v3,v4",2,"仅存在于：v3,v4；缺少：v1,v2"
2359,1641,明思宗崇祯十四年,山西,无,偏关县,无,《偏关志》,偏关县：夏大饥，斗米银八钱，死者山积，人相食。——道光增修《偏关志》志余,无,"v3,v4",2,"仅存在于：v3,v4；缺少：v1,v2"
2360,1641,明思宗崇祯十四年,山西,无,壶关县,无,《壶关县志》,壶关县：春，斗米银七钱。民掘草根、剥树皮以食，死者不计其数。尤可惨者，生者食死之肉。更有父子兄弟相食者。——康熙《壶关县志》卷一灾祥,无,"v3,v4",2,"仅存在于：v3,v4；缺少：v1,v2"
2361,1641,明思宗崇祯十四年,山西,无,文水县,无,《文水县志》,文水县：岁大饥，人相食。（公甫下车）雨大降，旋令民种晚田，复设法赈济。——光绪《文水县志》卷九人物,无,"v3,v4",2,"仅存在于：v3,v4；缺少：v1,v2"
2362,1641,明思宗崇祯十四年,山西,无,新绛县,无,《绛州志》,新绛县：大荒，米市绝，饿死者四坑皆满。明季灾祲频仍，自古以来未有若此之甚者也，城内有食人之妇者，有妇人取人孩子，食数十者。…，甚至食粪，遗喟折骨相望于路。——康熙《绛州志》卷三灾异,无,v4,1,"仅存在于：v4；缺少：v1,v2,v3"
2363,1641,明思宗崇祯十四年,山西,无,汾阳县,无,《汾阳县志》,汾阳县：春大饥，复大旱。自十三年饥，到处水皮草根剥掘既尽，复食人，至有父子、兄弟、夫妇相食者。至是年春，斗米麦自八九钱至一两二钱、一两六七钱者，黄昏人不敢行。——康熙《汾阳县志》卷七灾祥,无,"v3,v4",2,"仅存在于：v3,v4；缺少：v1,v2"
2364,1641,明思宗崇祯十四年,山西,无,河津县,无,《河津县志》,河津县：五月，汾河干。八月，大旱，野无青草。斗米至一两有奇，次年人相食。——乾隆《河津县志》卷八祥异,无,v4,1,"仅存在于：v4；缺少：v1,v2,v3"
2365,1641,明思宗崇祯十四年,山西,无,洪洞县,无,《洪洞县志》,洪洞县：以岁累旱，栗贵如珠。百姓食糟糠，甚至树皮草根，究且人相食。鬻子女仅易一飨。商旅不敢独行，在襁褓者父母弃道路不顾而去。饿殍盈野，惨不忍目。——雍正《洪洞县志》卷八祥异,无,"v3,v4",2,"仅存在于：v3,v4；缺少：v1,v2"
2366,1641,明思宗崇祯十四年,山西,无,浮山县,无,《浮山县志》,浮山县：以累岁大旱，潦饥，栗贵如珠。百姓食糟糠，剥树皮，掘草根，甚至人相食。商旅不敢独行，饿殍盈野，惨不忍目。——乾隆《浮山县志》卷三十四祥异,无,"v3,v4",2,"仅存在于：v3,v4；缺少：v1,v2"
2367,1641,明思宗崇祯十四年,山西,无,绛县,无,《绛县志》,绛县：春大饥，饿殍枕藉，人相食，米麦斗各千钱。——顺治《绛县志》卷上祥异,无,v4,1,"仅存在于：v4；缺少：v1,v2,v3"
2368,1641,明思宗崇祯十四年,山西,无,翼城县,无,《翼城县志》,翼城县：米价如珠，树皮草根皆尽，人相食，鬻子女仅易一殖。商旅不敢独行，又大疫。民国《翼城县志》卷十四祥异,无,"v3,v4",2,"仅存在于：v3,v4；缺少：v1,v2"
2369,1641,明思宗崇祯十四年,山西,无,芮城县,无,《芮城县志》,芮城县：是春米麦每斗价至一两五钱，人相食，死亡载道，闾里丘墟。——康熙《芮城县志》卷二灾祥,无,v4,1,"仅存在于：v4；缺少：v1,v2,v3"
2370,1641,明思宗崇祯十四年,山西,无,襄汾县,无,《太平县志》,襄汾县：大荒，斗麦银一两、米八钱，城中罢市，人相食。——乾隆《太平县志》卷八祥异,无,"v3,v4",2,"仅存在于：v3,v4；缺少：v1,v2"
2371,1641,明思宗崇祯十四年,山西,无,霍县,无,《鼎修霍州志》,霍县：大饥，杀人而食。——康熙《鼎修霍州志》卷八祥异,无,"v3,v4",2,"仅存在于：v3,v4；缺少：v1,v2"
2372,1641,明思宗崇祯十四年,山西,临汾,临汾,无,《临汾县志》,临汾市：春大饥。自十三年大饥，到处木皮草根剥既尽，复食人，至有父子、夫妇、兄弟相食者。至是午春，斗米麦自八九钱至一两二钱、一两五六钱者。黄昏不敢行。——康熙五十七年《临汾县志》卷五祥异,无,v2,1,"仅存在于：v2；缺少：v1,v3,v4"
2373,1641,明思宗崇祯十四年,山西,临汾,乡宁,无,《乡宁县志》,乡宁县：奇荒，人相食。——民国《乡宁县志》卷八大事记,无,v2,1,"仅存在于：v2；缺少：v1,v3,v4"
2374,1641,明思宗崇祯十四年,山西,临汾,洪洞,无,《洪洞县志》,洪洞县：以岁累旱，栗贵如珠。百姓食糟糠，甚至树皮草根，究且人相食。鬻子女仅易一飨。商旅不敢独行，在襁褓者父母弃道路不顾而去。饿殍盈野，惨不忍目。——雍正《洪洞县志》卷八祥异,无,v2,1,"仅存在于：v2；缺少：v1,v3,v4"
2375,1641,明思宗崇祯十四年,山西,临汾,浮山,无,《浮山县志》,浮山县：以累岁大旱，潦饥，栗贵如珠。百姓食糟糠，剥树皮，掘草根，甚至人相食。商旅不敢独行，饿殍盈野，惨不忍目。——乾隆《浮山县志》卷三十四祥异,无,v2,1,"仅存在于：v2；缺少：v1,v3,v4"
2376,1641,明思宗崇祯十四年,山西,临汾,翼城,无,《翼城县志》,翼城县：米价如珠，树皮草根皆尽，人相食，鬻子女仅易一殖。商旅不敢独行，又大疫。民国《翼城县志》卷十四祥异,无,v2,1,"仅存在于：v2；缺少：v1,v3,v4"
2377,1641,明思宗崇祯十四年,山西,临汾,襄汾,无,《太平县志》,襄汾县：大荒，斗麦银一两、米八钱，城中罢市，人相食。——乾隆《太平县志》卷八祥异,无,v2,1,"仅存在于：v2；缺少：v1,v3,v4"
2378,1641,明思宗崇祯十四年,山西,临汾,霍州,无,《鼎修霍州志》,霍县：大饥，杀人而食。——康熙《鼎修霍州志》卷八祥异,无,v2,1,"仅存在于：v2；缺少：v1,v3,v4"
2379,1641,明思宗崇祯十四年,山西,临汾市,无,无,《临汾县志》,临汾市：春大饥。自十三年大饥，到处木皮草根剥既尽，复食人，至有父子、夫妇、兄弟相食者。至是午春，斗米麦自八九钱至一两二钱、一两五六钱者。黄昏不敢行。——康熙五十七年《临汾县志》卷五祥异,无,v3,1,"仅存在于：v3；缺少：v1,v2,v4"
2380,1641,明思宗崇祯十四年,山西,临汾市,临汾市,无,《临汾县志》,临汾市：春大饥。自十三年大饥，到处木皮草根剥既尽，复食人，至有父子、夫妇、兄弟相食者。至是午春，斗米麦自八九钱至一两二钱、一两五六钱者。黄昏不敢行。——康熙五十七年《临汾县志》卷五祥异,无,v4,1,"仅存在于：v4；缺少：v1,v2,v3"
2381,1641,明思宗崇祯十四年,山西,吕梁,文水,无,《文水县志》,文水县：岁大饥，人相食。（公甫下车）雨大降，旋令民种晚田，复设法赈济。——光绪《文水县志》卷九人物,无,v2,1,"仅存在于：v2；缺少：v1,v3,v4"
2382,1641,明思宗崇祯十四年,山西,吕梁,汾阳,无,《汾阳县志》,汾阳县：春大饥，复大旱。自十三年饥，到处水皮草根剥掘既尽，复食人，至有父子、兄弟、夫妇相食者。至是年春，斗米麦自八九钱至一两二钱、一两六七钱者，黄昏人不敢行。——康熙《汾阳县志》卷七灾祥,无,v2,1,"仅存在于：v2；缺少：v1,v3,v4"
2383,1641,明思宗崇祯十四年,山西,忻州,偏关,无,《偏关志》,偏关县：夏大饥，斗米银八钱，死者山积，人相食。——道光增修《偏关志》志余,无,v2,1,"仅存在于：v2；缺少：v1,v3,v4"
2384,1641,明思宗崇祯十四年,山西,晋中,榆次,无,《榆次县志》,榆次市：六月，飞蝗蔽日，食禾至尽。民大饥，相食。——乾隆《榆次县志》卷七祥异,无,v2,1,"仅存在于：v2；缺少：v1,v3,v4"
2385,1641,明思宗崇祯十四年,山西,榆次市,无,无,《榆次县志》,榆次市：六月，飞蝗蔽日，食禾至尽。民大饥，相食。——乾隆《榆次县志》卷七祥异,无,v3,1,"仅存在于：v3；缺少：v1,v2,v4"
2386,1641,明思宗崇祯十四年,山西,榆次市,榆次市,无,《榆次县志》,榆次市：六月，飞蝗蔽日，食禾至尽。民大饥，相食。——乾隆《榆次县志》卷七祥异,无,v4,1,"仅存在于：v4；缺少：v1,v2,v3"
2387,1641,明思宗崇祯十四年,山西,运城,万荣,无,《万泉县志》,万荣县：复大旱，骨肉相食，人亡大半。——康熙《万泉县志》卷七祥异,无,v2,1,"仅存在于：v2；缺少：v1,v3,v4"
2388,1641,明思宗崇祯十四年,山西,运城,万荣县,万泉县,《万泉县志》,万荣县：复大旱，骨肉相食，人亡大半。——康熙《万泉县志》卷七祥异,无,v3,1,"仅存在于：v3；缺少：v1,v2,v4"
2389,1641,明思宗崇祯十四年,山西,运城,临猗,无,《临晋县志》,临猗县：春，斗麦银一两三钱，木皮草根剥掘殆尽。人相食，僻巷无敢独行者，甚至父子夫妇互相杀食。——康熙《临晋县志》卷六灾祥,无,v2,1,"仅存在于：v2；缺少：v1,v3,v4"
2390,1641,明思宗崇祯十四年,山西,运城,临猗县,临晋县,《临晋县志》,临猗县：春，斗麦银一两三钱，木皮草根剥掘殆尽。人相食，僻巷无敢独行者，甚至父子夫妇互相杀食。——康熙《临晋县志》卷六灾祥,无,v3,1,"仅存在于：v3；缺少：v1,v2,v4"
2391,1641,明思宗崇祯十四年,山西,运城,新绛,无,《绛州志》,新绛县：大荒，米市绝，饿死者四坑皆满。明季灾祲频仍，自古以来未有若此之甚者也，城内有食人之妇者，有妇人取人孩子，食数十者。…，甚至食粪，遗喟折骨相望于路。——康熙《绛州志》卷三灾异,无,v2,1,"仅存在于：v2；缺少：v1,v3,v4"
2392,1641,明思宗崇祯十四年,山西,运城,新绛县,绛州,《绛州志》,新绛县：大荒，米市绝，饿死者四坑皆满。明季灾祲频仍，自古以来未有若此之甚者也，城内有食人之妇者，有妇人取人孩子，食数十者。…，甚至食粪，遗喟折骨相望于路。——康熙《绛州志》卷三灾异,无,v3,1,"仅存在于：v3；缺少：v1,v2,v4"
2393,1641,明思宗崇祯十四年,山西,运城,河津,无,《河津县志》,河津县：五月，汾河干。八月，大旱，野无青草。斗米至一两有奇，次年人相食。——乾隆《河津县志》卷八祥异,无,v2,1,"仅存在于：v2；缺少：v1,v3,v4"
2394,1641,明思宗崇祯十四年,山西,运城,河津县,无,《河津县志》,河津县：五月，汾河干。八月，大旱，野无青草。斗米至一两有奇，次年人相食。——乾隆《河津县志》卷八祥异,无,v3,1,"仅存在于：v3；缺少：v1,v2,v4"
2395,1641,明思宗崇祯十四年,山西,运城,绛县,无,《绛县志》,绛县：春大饥，饿殍枕藉，人相食，米麦斗各千钱。——顺治《绛县志》卷上祥异,无,"v2,v3",2,"仅存在于：v2,v3；缺少：v1,v4"
2396,1641,明思宗崇祯十四年,山西,运城,芮城,无,《芮城县志》,芮城县：是春米麦每斗价至一两五钱，人相食，死亡载道，闾里丘墟。——康熙《芮城县志》卷二灾祥,无,v2,1,"仅存在于：v2；缺少：v1,v3,v4"
2397,1641,明思宗崇祯十四年,山西,运城,芮城县,无,《芮城县志》,芮城县：是春米麦每斗价至一两五钱，人相食，死亡载道，闾里丘墟。——康熙《芮城县志》卷二灾祥,无,v3,1,"仅存在于：v3；缺少：v1,v2,v4"
2398,1641,明思宗崇祯十四年,山西,长治,壶关,无,《壶关县志》,壶关县：春，斗米银七钱。民掘草根、剥树皮以食，死者不计其数。尤可惨者，生者食死之肉。更有父子兄弟相食者。——康熙《壶关县志》卷一灾祥,无,v2,1,"仅存在于：v2；缺少：v1,v3,v4"
2399,1641,明思宗崇祯十四年,江苏,无,丰县,无,《新修丰县志》,丰县：大旱，蝗，父子夫妻相食，大疫流行，死无棺殓者不可悉数。——顺治《新修丰县志》卷九灾祥,无,"v1,v4",2,"仅存在于：v1,v4；缺少：v2,v3"
2400,1641,明思宗崇祯十四年,江苏,徐州,丰县,无,《新修丰县志》,丰县：大旱，蝗，父子夫妻相食，大疫流行，死无棺殓者不可悉数。——顺治《新修丰县志》卷九灾祥,无,v3,1,"仅存在于：v3；缺少：v1,v2,v4"
2401,1641,明思宗崇祯十四年,江苏,徐州,徐州市,徐州府,《徐州府志》,徐州市：大旱，蝗。人相食，道无行人。夏大疫。死无棺验者不可数计。——康熙《徐州府志》卷二祥异,无,v3,1,"仅存在于：v3；缺少：v1,v2,v4"
2402,1641,明思宗崇祯十四年,江苏,徐州市,无,无,《徐州府志》,徐州市：大旱，蝗。人相食，道无行人。夏大疫。死无棺验者不可数计。——康熙《徐州府志》卷二祥异,无,"v1,v2,v4",3,"仅存在于：v1,v2,v4；缺少：v3"
2403,1641,明思宗崇祯十四年,江苏,徐州市,丰县,无,《新修丰县志》,丰县：大旱，蝗，父子夫妻相食，大疫流行，死无棺殓者不可悉数。——顺治《新修丰县志》卷九灾祥,无,v2,1,"仅存在于：v2；缺少：v1,v3,v4"
2404,1641,明思宗崇祯十四年,江苏,徐州市,砀山县,无,《砀山县志》,砀山县：春夏大饥，先食树木皮及各草子，渐至食人，初犹避忌，后且公然不为异，甚有父子、兄弟、夫妻相食者。冬，夏大疫，田野荒芜。抚院史可法设法赈贷。——乾隆《砀山县志》卷一样异,无,"v3,v4",2,"仅存在于：v3,v4；缺少：v1,v2"
2405,1641,明思宗崇祯十四年,江苏,徐州市,萧县,无,《萧县志》,萧县：春大饥，人相食，道绝行人。五月，大疫，一家死者十之八九，无殓无棺不可悉数。十月，黄河浅，时暴征秋粮，告急，逃亡一空。——顺治《萧县志》卷五灾异,无,"v3,v4",2,"仅存在于：v3,v4；缺少：v1,v2"
2406,1641,明思宗崇祯十四年,河北,无,东光县,无,《东光县志》,东光县：春大饥，或至父子夫妇相食。秋，稍熟。——康熙《东光县志》卷一機祥,无,"v3,v4",2,"仅存在于：v3,v4；缺少：v1,v2"
2407,1641,明思宗崇祯十四年,河北,无,丰润县,无,《丰润县志》,丰润县：大饥，人相食。——康熙《丰润县志》卷二灾祥,无,"v3,v4",2,"仅存在于：v3,v4；缺少：v1,v2"
2408,1641,明思宗崇祯十四年,河北,无,任丘市,无,《重修任丘县志》,任丘市：大旱，蝗飞蔽天，人相食。——康熙《重修任丘县志》卷四祥异,无,v4,1,"仅存在于：v4；缺少：v1,v2,v3"
2409,1641,明思宗崇祯十四年,河北,无,冀县,无,《冀州志》,冀县：大饥，小米一斗钱八百。初食死人，继食生人，甚有食子女，将人肉市卖无忌。——康熙《冀州志》卷一样异,无,"v3,v4",2,"仅存在于：v3,v4；缺少：v1,v2"
2410,1641,明思宗崇祯十四年,河北,无,南和县,无,《南和县志》,南和县：大早，人相食。瘟疫大行，死者枕藉。——康熙《南和县志》卷一灾祥,无,"v3,v4",2,"仅存在于：v3,v4；缺少：v1,v2"
2411,1641,明思宗崇祯十四年,河北,无,南宫市,无,《南宫县志》,南宫市：亢杭，人民饥馁，至有父兄弟相残食者。——康熙《南宫县志》卷五事异,无,v4,1,"仅存在于：v4；缺少：v1,v2,v3"
2412,1641,明思宗崇祯十四年,河北,无,博野县,无,《博野县志》,博野县：大旱，人食人。——康熙《博野县志》卷四祥异,无,"v3,v4",2,"仅存在于：v3,v4；缺少：v1,v2"
2413,1641,明思宗崇祯十四年,河北,无,大名县,无,《元城县志》,大名县：大旱，飞蝗食麦。瘟疫，人死大半，互相杀食。——康熙《元城县志》卷一年纪,无,"v3,v4",2,"仅存在于：v3,v4；缺少：v1,v2"
2414,1641,明思宗崇祯十四年,河北,无,大城县,无,《大城县志》,大城县：春，大饥。人相食。道雍相望。——康熙《大城县志》卷八灾异,无,"v3,v4",2,"仅存在于：v3,v4；缺少：v1,v2"
2415,1641,明思宗崇祯十四年,河北,无,安平县,无,《安平县志》,安平县：大旱，瘟疫大作，人相食，盗贼充斥。——康熙《安平县志》卷十灾祥,无,"v3,v4",2,"仅存在于：v3,v4；缺少：v1,v2"
2416,1641,明思宗崇祯十四年,河北,无,安新县,无,《华北、东北近五百年旱涝史料》,安新县：大饥，人相食。——《华北、东北近五百年旱涝史料》第二分册，第57页。,无,"v3,v4",2,"仅存在于：v3,v4；缺少：v1,v2"
2417,1641,明思宗崇祯十四年,河北,无,平山县,无,《平山县志》,平山县：岁凶，人相食。——康熙《平山县志》卷一事纪,无,"v3,v4",2,"仅存在于：v3,v4；缺少：v1,v2"
2418,1641,明思宗崇祯十四年,河北,无,成安县,无,《成安县志》,成安县：大疫，大饥，斗米钱千三百文，人相食。——康熙《成安县志》卷四灾异,无,"v3,v4",2,"仅存在于：v3,v4；缺少：v1,v2"
2419,1641,明思宗崇祯十四年,河北,无,文安县,无,《文安县志》,文安县：粗粮九两一石，人相食。——康熙四十二年《文安县志》卷八事异,无,"v3,v4",2,"仅存在于：v3,v4；缺少：v1,v2"
2420,1641,明思宗崇祯十四年,河北,无,新城县,无,《新城县志》,新城县：旱，大饥，人相食。——康熙《新城县志》卷一祥,无,"v3,v4",2,"仅存在于：v3,v4；缺少：v1,v2"
2421,1641,明思宗崇祯十四年,河北,无,昌平县,无,《昌平州志》,昌平县：大饥，斗米一两，人至相食。——康熙《昌平州志》卷二十六纪事,无,"v3,v4",2,"仅存在于：v3,v4；缺少：v1,v2"
2422,1641,明思宗崇祯十四年,河北,无,景县,无,《景州志》,景县：又人旱，斗米钱千余者，值银二两。人相食。——康熙《景州志》卷四灾变,无,"v3,v4",2,"仅存在于：v3,v4；缺少：v1,v2"
2423,1641,明思宗崇祯十四年,河北,无,柏乡县,无,《柏乡县志》,柏乡县：大饥，人相食。——康熙《柏乡县志》卷一灾祥,无,"v3,v4",2,"仅存在于：v3,v4；缺少：v1,v2"
2424,1641,明思宗崇祯十四年,河北,无,正定县,无,《华北、东北近五百年旱涝史料》,正定县：大旱，民饥。夏大疫…人相食，死亡塞道。——《华北、东北近五百年旱涝史料》第二分册，第80页。,无,"v3,v4",2,"仅存在于：v3,v4；缺少：v1,v2"
2425,1641,明思宗崇祯十四年,河北,无,武邑县,无,《武邑县志》,武邑县：大饥，斗米千线。初食死人，继食生人，甚有食子女，卖人肉无忌。幸有稷，不种自生，先谷成熟，人赖以生。——康熙《武邑县志》卷一样异,疑似OCR错误：'斗米千线'疑为'斗米千钱',"v3,v4",2,"仅存在于：v3,v4；缺少：v1,v2"
2426,1641,明思宗崇祯十四年,河北,无,永年县,无,《永年县志》,永年县：大饥，疫。人相食。——光绪《永年县志》卷十九祥异,无,"v3,v4",2,"仅存在于：v3,v4；缺少：v1,v2"
2427,1641,明思宗崇祯十四年,河北,无,河间县,无,《华北、东北近五百年旱涝史料》,河间县：旱如故，死徒流亡载道，蝗飞满天，人相食。——《华北、东北近五百年旱涝史料》第二分册，第30页。,无,"v3,v4",2,"仅存在于：v3,v4；缺少：v1,v2"
2428,1641,明思宗崇祯十四年,河北,无,涉县,无,《涉县志》,涉县：大饥，民死七分，父食子。——顺治《涉县志》卷七灾变,无,"v3,v4",2,"仅存在于：v3,v4；缺少：v1,v2"
2429,1641,明思宗崇祯十四年,河北,无,深县,无,《深州志》,深县：岁仍大旱，斗米千钱，人相食。邻舍不敢往来。道路不敢单行。甚至有骨肉相食者，有发新冢食者。又兼瘟疫大作，十死八九。——康熙《深州志》卷七事纪,无,"v3,v4",2,"仅存在于：v3,v4；缺少：v1,v2"
2430,1641,明思宗崇祯十四年,河北,无,清苑县,无,《保定府志》,清苑县：春二月，黄雾四塞。大饥，人相食。——康熙《保定府志》卷二十六祥异,无,"v3,v4",2,"仅存在于：v3,v4；缺少：v1,v2"
2431,1641,明思宗崇祯十四年,河北,无,灵寿县,无,《灵寿县志》,灵寿县：岁大饥，斗米千钱，人相食。——康熙《灵寿县志》卷三灾祥,无,"v3,v4",2,"仅存在于：v3,v4；缺少：v1,v2"
2432,1641,明思宗崇祯十四年,河北,无,玉田县,无,《玉田县志》,玉田县：大饥，人相食。——康熙《玉田县志》卷八祥胥,无,"v3,v4",2,"仅存在于：v3,v4；缺少：v1,v2"
2433,1641,明思宗崇祯十四年,河北,无,肃宁县,无,《肃宁县志》,肃宁县：大旱，飞蝗蔽天，或夫妇父子相食，死亡略尽。——乾隆《肃宁县志》卷一样异,无,"v3,v4",2,"仅存在于：v3,v4；缺少：v1,v2"
2434,1641,明思宗崇祯十四年,河北,无,赵县,无,《赵州志》,赵县：大旱，人相食。瘟疫大行，死者枕藉。——康熙《赵州志》灾祥,无,"v3,v4",2,"仅存在于：v3,v4；缺少：v1,v2"
2435,1641,明思宗崇祯十四年,河北,无,邯郸县,无,《邯郸县志》,邯郸县：旱，蝗。大疫，病亡者相枕于道，人相食。——康熙《邯郸县志》卷十灾异,无,"v3,v4",2,"仅存在于：v3,v4；缺少：v1,v2"
2436,1641,明思宗崇祯十四年,河北,无,隆尧县,无,《唐山县志》,隆尧县：饥甚，骨肉相食，儿无子遗。——康熙《唐山县志》卷一样异,无,"v3,v4",2,"仅存在于：v3,v4；缺少：v1,v2"
2437,1641,明思宗崇祯十四年,河北,无,饶阳县,无,《饶阳县后志》,饶阳县：春夏旱，斗米千钱。人食草根木皮，道馑相望，人相食，间有杀人而食者。——顺治《饶阳县后志》卷五事纪,无,"v3,v4",2,"仅存在于：v3,v4；缺少：v1,v2"
2438,1641,明思宗崇祯十四年,河北,无,高阳县,无,《高阳县志》,高阳县：大饥，人相食。斗麦一两二钱银，蠲逋赋。——雍正《高阳县志》卷六欽祥,无,"v3,v4",2,"仅存在于：v3,v4；缺少：v1,v2"
2439,1641,明思宗崇祯十四年,河北,无,鸡泽县,无,《鸡泽县志》,鸡泽县：荞麦种一斗钱三千六百，米一斗钱一千四百。人相食，儿稚独行要杀食之，尸弃道旁，一时争割立尽。疫大作，死者十损六七，村落几绝烟火。——民国《鸡泽县志》卷二十四灾祥,无,"v3,v4",2,"仅存在于：v3,v4；缺少：v1,v2"
2440,1641,明思宗崇祯十四年,河北,任丘市,无,无,《重修任丘县志》,任丘市：大旱，蝗飞蔽天，人相食。——康熙《重修任丘县志》卷四祥异,无,v3,1,"仅存在于：v3；缺少：v1,v2,v4"
2441,1641,明思宗崇祯十四年,河北,保定,博野,无,《博野县志》,博野县：大旱，人食人。——康熙《博野县志》卷四祥异,无,v2,1,"仅存在于：v2；缺少：v1,v3,v4"
2442,1641,明思宗崇祯十四年,河北,保定,安新,无,《华北、东北近五百年旱涝史料》,安新县：大饥，人相食。——《华北、东北近五百年旱涝史料》第二分册，第57页。,无,v2,1,"仅存在于：v2；缺少：v1,v3,v4"
2443,1641,明思宗崇祯十四年,河北,保定,新城,无,《新城县志》,新城县：旱，大饥，人相食。——康熙《新城县志》卷一祥,无,v2,1,"仅存在于：v2；缺少：v1,v3,v4"
2444,1641,明思宗崇祯十四年,河北,保定,清苑,无,《保定府志》,清苑县：春二月，黄雾四塞。大饥，人相食。——康熙《保定府志》卷二十六祥异,无,v2,1,"仅存在于：v2；缺少：v1,v3,v4"
2445,1641,明思宗崇祯十四年,河北,保定,高阳,无,《高阳县志》,高阳县：大饥，人相食。斗麦一两二钱银，蠲逋赋。——雍正《高阳县志》卷六欽祥,无,v2,1,"仅存在于：v2；缺少：v1,v3,v4"
2446,1641,明思宗崇祯十四年,河北,南宫市,无,无,《南宫县志》,南宫市：亢杭，人民饥馁，至有父兄弟相残食者。——康熙《南宫县志》卷五事异,疑似OCR错误：'亢杭'疑为'亢旱',v3,1,"仅存在于：v3；缺少：v1,v2,v4"
2447,1641,明思宗崇祯十四年,河北,唐山,丰润,无,《丰润县志》,丰润县：大饥，人相食。——康熙《丰润县志》卷二灾祥,无,v2,1,"仅存在于：v2；缺少：v1,v3,v4"
2448,1641,明思宗崇祯十四年,河北,唐山,玉田,无,《玉田县志》,玉田县：大饥，人相食。——康熙《玉田县志》卷八祥胥,无,v2,1,"仅存在于：v2；缺少：v1,v3,v4"
2449,1641,明思宗崇祯十四年,河北,廊坊,文安,无,《文安县志》,文安县：粗粮九两一石，人相食。——康熙四十二年《文安县志》卷八事异,无,v2,1,"仅存在于：v2；缺少：v1,v3,v4"
2450,1641,明思宗崇祯十四年,河北,昌平,昌平,无,《昌平州志》,昌平县：大饥，斗米一两，人至相食。——康熙《昌平州志》卷二十六纪事,无,v2,1,"仅存在于：v2；缺少：v1,v3,v4"
2451,1641,明思宗崇祯十四年,河北,沧州,东光,无,《东光县志》,东光县：春大饥，或至父子夫妇相食。秋，稍熟。——康熙《东光县志》卷一機祥,无,v2,1,"仅存在于：v2；缺少：v1,v3,v4"
2452,1641,明思宗崇祯十四年,河北,沧州,任丘,无,《重修任丘县志》,任丘市：大旱，蝗飞蔽天，人相食。——康熙《重修任丘县志》卷四祥异,无,v2,1,"仅存在于：v2；缺少：v1,v3,v4"
2453,1641,明思宗崇祯十四年,河北,沧州,大城,无,《大城县志》,大城县：春，大饥。人相食。道雍相望。——康熙《大城县志》卷八灾异,无,v2,1,"仅存在于：v2；缺少：v1,v3,v4"
2454,1641,明思宗崇祯十四年,河北,沧州,河间,无,《华北、东北近五百年旱涝史料》,河间县：旱如故，死徒流亡载道，蝗飞满天，人相食。——《华北、东北近五百年旱涝史料》第二分册，第30页。,无,v2,1,"仅存在于：v2；缺少：v1,v3,v4"
2455,1641,明思宗崇祯十四年,河北,沧州,肃宁,无,《肃宁县志》,肃宁县：大旱，飞蝗蔽天，或夫妇父子相食，死亡略尽。——乾隆《肃宁县志》卷一样异,无,v2,1,"仅存在于：v2；缺少：v1,v3,v4"
2456,1641,明思宗崇祯十四年,河北,石家庄,平山,无,《平山县志》,平山县：岁凶，人相食。——康熙《平山县志》卷一事纪,无,v2,1,"仅存在于：v2；缺少：v1,v3,v4"
2457,1641,明思宗崇祯十四年,河北,石家庄,正定,无,《华北、东北近五百年旱涝史料》,正定县：大旱，民饥。夏大疫…人相食，死亡塞道。——《华北、东北近五百年旱涝史料》第二分册，第80页。,无,v2,1,"仅存在于：v2；缺少：v1,v3,v4"
2458,1641,明思宗崇祯十四年,河北,石家庄,灵寿,无,《灵寿县志》,灵寿县：岁大饥，斗米千钱，人相食。——康熙《灵寿县志》卷三灾祥,无,v2,1,"仅存在于：v2；缺少：v1,v3,v4"
2459,1641,明思宗崇祯十四年,河北,石家庄,赵县,无,《赵州志》,赵县：大旱，人相食。瘟疫大行，死者枕藉。——康熙《赵州志》灾祥,无,v2,1,"仅存在于：v2；缺少：v1,v3,v4"
2460,1641,明思宗崇祯十四年,河北,衡水,冀州,无,《冀州志》,冀县：大饥，小米一斗钱八百。初食死人，继食生人，甚有食子女，将人肉市卖无忌。——康熙《冀州志》卷一样异,无,v2,1,"仅存在于：v2；缺少：v1,v3,v4"
2461,1641,明思宗崇祯十四年,河北,衡水,安平,无,《安平县志》,安平县：大旱，瘟疫大作，人相食，盗贼充斥。——康熙《安平县志》卷十灾祥,无,v2,1,"仅存在于：v2；缺少：v1,v3,v4"
2462,1641,明思宗崇祯十四年,河北,衡水,景县,无,《景州志》,景县：又人旱，斗米钱千余者，值银二两。人相食。——康熙《景州志》卷四灾变,无,v2,1,"仅存在于：v2；缺少：v1,v3,v4"
2463,1641,明思宗崇祯十四年,河北,衡水,武邑,无,《武邑县志》,武邑县：大饥，斗米千线。初食死人，继食生人，甚有食子女，卖人肉无忌。幸有稷，不种自生，先谷成熟，人赖以生。——康熙《武邑县志》卷一样异,无,v2,1,"仅存在于：v2；缺少：v1,v3,v4"
2464,1641,明思宗崇祯十四年,河北,衡水,深州,无,《深州志》,深县：岁仍大旱，斗米千钱，人相食。邻舍不敢往来。道路不敢单行。甚至有骨肉相食者，有发新冢食者。又兼瘟疫大作，十死八九。——康熙《深州志》卷七事纪,无,v2,1,"仅存在于：v2；缺少：v1,v3,v4"
2465,1641,明思宗崇祯十四年,河北,衡水,衡水,无,《衡水县志》,衡水市：大旱，斗米千文，民益困。妇女之无赖者，插标于市，人莫之顾。炊骨啖肉，民多以速死为幸。衣锦者每饿于荒烟断垣之中。至有因盗正法，群逐如膻，相屠而食者；有暮行饿于街巷，晓视之，则骨者；有诱至于家掩杀而食者；有死而不葬，葬而盗发之烹食者。比邻隐若敌国，甚则妇食其夫，父食其子，人而禽兽，残止矣。——康熙《衡水县志》卷六事纪,无,v2,1,"仅存在于：v2；缺少：v1,v3,v4"
2466,1641,明思宗崇祯十四年,河北,衡水,饶阳,无,《饶阳县后志》,饶阳县：春夏旱，斗米千钱。人食草根木皮，道馑相望，人相食，间有杀人而食者。——顺治《饶阳县后志》卷五事纪,无,v2,1,"仅存在于：v2；缺少：v1,v3,v4"
2467,1641,明思宗崇祯十四年,河北,衡水市,无,无,《衡水县志》,衡水市：大旱，斗米千文，民益困。妇女之无赖者，插标于市，人莫之顾。炊骨啖肉，民多以速死为幸。衣锦者每饿于荒烟断垣之中。至有因盗正法，群逐如膻，相屠而食者；有暮行饿于街巷，晓视之，则骨者；有诱至于家掩杀而食者；有死而不葬，葬而盗发之烹食者。比邻隐若敌国，甚则妇食其夫，父食其子，人而禽兽，残止矣。——康熙《衡水县志》卷六事纪,疑似OCR错误：'斗米千线'疑为'斗米千钱',v3,1,"仅存在于：v3；缺少：v1,v2,v4"
2468,1641,明思宗崇祯十四年,河北,衡水市,衡水市,无,《衡水县志》,衡水市：大旱，斗米千文，民益困。妇女之无赖者，插标于市，人莫之顾。炊骨啖肉，民多以速死为幸。衣锦者每饿于荒烟断垣之中。至有因盗正法，群逐如膻，相屠而食者；有暮行饿于街巷，晓视之，则骨者；有诱至于家掩杀而食者；有死而不葬，葬而盗发之烹食者。比邻隐若敌国，甚则妇食其夫，父食其子，人而禽兽，残止矣。——康熙《衡水县志》卷六事纪,无,v4,1,"仅存在于：v4；缺少：v1,v2,v3"
2469,1641,明思宗崇祯十四年,河北,邢台,南和,无,《南和县志》,南和县：大早，人相食。瘟疫大行，死者枕藉。——康熙《南和县志》卷一灾祥,无,v2,1,"仅存在于：v2；缺少：v1,v3,v4"
2470,1641,明思宗崇祯十四年,河北,邢台,南宫,无,《南宫县志》,南宫市：亢杭，人民饥馁，至有父兄弟相残食者。——康熙《南宫县志》卷五事异,无,v2,1,"仅存在于：v2；缺少：v1,v3,v4"
2471,1641,明思宗崇祯十四年,河北,邢台,柏乡,无,《柏乡县志》,柏乡县：大饥，人相食。——康熙《柏乡县志》卷一灾祥,无,v2,1,"仅存在于：v2；缺少：v1,v3,v4"
2472,1641,明思宗崇祯十四年,河北,邢台,隆尧,无,《唐山县志》,隆尧县：饥甚，骨肉相食，儿无子遗。——康熙《唐山县志》卷一样异,无,v2,1,"仅存在于：v2；缺少：v1,v3,v4"
2473,1641,明思宗崇祯十四年,河北,邯郸,大名,无,《元城县志》,大名县：大旱，飞蝗食麦。瘟疫，人死大半，互相杀食。——康熙《元城县志》卷一年纪,无,v2,1,"仅存在于：v2；缺少：v1,v3,v4"
2474,1641,明思宗崇祯十四年,河北,邯郸,成安,无,《成安县志》,成安县：大疫，大饥，斗米钱千三百文，人相食。——康熙《成安县志》卷四灾异,无,v2,1,"仅存在于：v2；缺少：v1,v3,v4"
2475,1641,明思宗崇祯十四年,河北,邯郸,永年,无,《永年县志》,永年县：大饥，疫。人相食。——光绪《永年县志》卷十九祥异,无,v2,1,"仅存在于：v2；缺少：v1,v3,v4"
2476,1641,明思宗崇祯十四年,河北,邯郸,涉县,无,《涉县志》,涉县：大饥，民死七分，父食子。——顺治《涉县志》卷七灾变,无,v2,1,"仅存在于：v2；缺少：v1,v3,v4"
2477,1641,明思宗崇祯十四年,河北,邯郸,邯郸,无,《邯郸县志》,邯郸县：旱，蝗。大疫，病亡者相枕于道，人相食。——康熙《邯郸县志》卷十灾异,无,v2,1,"仅存在于：v2；缺少：v1,v3,v4"
2478,1641,明思宗崇祯十四年,河北,邯郸,鸡泽,无,《鸡泽县志》,鸡泽县：荞麦种一斗钱三千六百，米一斗钱一千四百。人相食，儿稚独行要杀食之，尸弃道旁，一时争割立尽。疫大作，死者十损六七，村落几绝烟火。——民国《鸡泽县志》卷二十四灾祥,无,v2,1,"仅存在于：v2；缺少：v1,v3,v4"
2479,1641,明思宗崇祯十四年,河南,无,上蔡县,无,《上蔡县志》,上蔡县：是岁大饥，人相食。——康熙《上蔡县志》卷十二编年,无,v1,1,"仅存在于：v1；缺少：v2,v3,v4"
2480,1641,明思宗崇祯十四年,河南,无,中牟县,无,《中牟县志》,中牟县：大饥，人相食。——康熙《中牟县志》卷六祥异,无,v1,1,"仅存在于：v1；缺少：v2,v3,v4"
2481,1641,明思宗崇祯十四年,河南,无,临颍县,无,《临颍县续志》,临颍县：春正月，斗米二千，麦钱一千八百，人相食。四月大疫。——乾隆《临颍县续志》卷七灾祥,无,v1,1,"仅存在于：v1；缺少：v2,v3,v4"
2482,1641,明思宗崇祯十四年,河南,无,南乐县,无,《南乐县志》,南乐县：疫大行，死者十之七。…，岁大歉。斗粟千钱，人相食。——康熙《南乐县志》卷九纪年,无,v1,1,"仅存在于：v1；缺少：v2,v3,v4"
2483,1641,明思宗崇祯十四年,河南,无,商城县,无,《商城县志》,商城县：城破。升米千钱，田荒，人相食，大疫。——康熙《商城县志》卷八灾祥,无,v1,1,"仅存在于：v1；缺少：v2,v3,v4"
2484,1641,明思宗崇祯十四年,河南,无,固始县,无,《固始县志》,固始县：春大饥，夏大疫。人相食，疫死者五六。——顺治《固始县志》卷九灾异,无,v1,1,"仅存在于：v1；缺少：v2,v3,v4"
2485,1641,明思宗崇祯十四年,河南,无,封丘县,无,《封丘县志》,封丘县：春，瘟疫大作，死十存一二，蝗蝻遍野，至有父子相食。——顺治《封丘县志》卷三灾祥,无,v1,1,"仅存在于：v1；缺少：v2,v3,v4"
2486,1641,明思宗崇祯十四年,河南,无,息县,无,《息县志》,息县：春大饥，夏大疫。人相食，疫死者十之五六。——顺治《息县志》卷十灾异,无,v1,1,"仅存在于：v1；缺少：v2,v3,v4"
2487,1641,明思宗崇祯十四年,河南,无,正阳县,无,《真阳县志》,正阳县：大饥，人相食。——康熙《真阳县志》卷八灾祥,无,v1,1,"仅存在于：v1；缺少：v2,v3,v4"
2488,1641,明思宗崇祯十四年,河南,无,武陟县,无,《武陟县志》,武陟县：蝗食麦，人相食。瘟疫大作，死者甚众。田多荒芜。——康熙《武陟县志》卷一灾祥,无,v1,1,"仅存在于：v1；缺少：v2,v3,v4"
2489,1641,明思宗崇祯十四年,河南,无,永城县,无,《永城县志》,永城县：饥，人相食，斗粟四千余。盗贼蜂起，杀人以食，至有父食其子，及盗发新冢食之者。——康熙《永城县志》卷八灾异,无,v1,1,"仅存在于：v1；缺少：v2,v3,v4"
2490,1641,明思宗崇祯十四年,河南,无,清丰县,无,《清丰县志》,清丰县：大饥，斗粟千钱。父子相食，兼瘟疫流行，人死十之八九。——康熙《清丰县志》卷二编年,无,v1,1,"仅存在于：v1；缺少：v2,v3,v4"
2491,1641,明思宗崇祯十四年,河南,无,滑县,无,《滑县志》,滑县：春无雨，蝗蝻食麦尽，瘟疫大作，人死十之五六。岁大凶，时斗米钱一千七百文，草木树皮无有村者，人食菜子苟活，旦夕骨肉相食，遍野榛莽，有数村不见一人者。——顺治《滑县志》卷十杂志,无,"v1,v3",2,"仅存在于：v1,v3；缺少：v2,v4"
2492,1641,明思宗崇祯十四年,河南,无,濮阳县,无,《开州志》,濮阳县：大旱，瘟疫大作，人死强半，互相杀食，连接数村不见人迹。——康熙《开州志》卷四灾祥,无,v1,1,"仅存在于：v1；缺少：v2,v3,v4"
2493,1641,明思宗崇祯十四年,河南,无,登封县,无,《登封县志》,登封县：大饥，人相食。——康熙《登封县志》卷九灾祥,无,v1,1,"仅存在于：v1；缺少：v2,v3,v4"
2494,1641,明思宗崇祯十四年,河南,无,禹县,无,《禹州志》,禹县：春大饥，升麦四百四十余钱，父子相食。六月，大疫。——顺治《禹州志》卷九,无,"v1,v3",2,"仅存在于：v1,v3；缺少：v2,v4"
2495,1641,明思宗崇祯十四年,河南,无,范县,无,《濮州志》,范县：是年大疫，人多死。斗米银三两，骨肉有相食者。请发内帑四十万赈济通省，濮民沾惠独多。——《濮州志》卷一礼集,无,v1,1,"仅存在于：v1；缺少：v2,v3,v4"
2496,1641,明思宗崇祯十四年,河南,无,郾城县,无,《郾城县志》,郾城县：春正月，斗米二千文，人相食，道无行人。三、四月，瘟疫大行。是年，土贼至数十万众。——顺治《郾城县志》卷八祥异,无,v1,1,"仅存在于：v1；缺少：v2,v3,v4"
2497,1641,明思宗崇祯十四年,河南,无,长垣县,无,《长垣县志》,长垣县：大旱，飞蝗食麦。瘟疫饿殍，人死七八，互相杀食。——康熙《长垣县志》卷二灾异,无,"v1,v3",2,"仅存在于：v1,v3；缺少：v2,v4"
2498,1641,明思宗崇祯十四年,河南,信阳市,商城县,无,《商城县志》,商城县：城破。升米千钱，田荒，人相食，大疫。——康熙《商城县志》卷八灾祥,无,"v2,v3,v4",3,"仅存在于：v2,v3,v4；缺少：v1"
2499,1641,明思宗崇祯十四年,河南,信阳市,固始县,无,《固始县志》,固始县：春大饥，夏大疫。人相食，疫死者五六。——顺治《固始县志》卷九灾异,无,"v2,v3,v4",3,"仅存在于：v2,v3,v4；缺少：v1"
2500,1641,明思宗崇祯十四年,河南,信阳市,息县,无,《息县志》,息县：春大饥，夏大疫。人相食，疫死者十之五六。——顺治《息县志》卷十灾异,无,"v2,v3,v4",3,"仅存在于：v2,v3,v4；缺少：v1"
2501,1641,明思宗崇祯十四年,河南,商丘市,永城县,无,《永城县志》,永城县：饥，人相食，斗粟四千余。盗贼蜂起，杀人以食，至有父食其子，及盗发新冢食之者。——康熙《永城县志》卷八灾异,无,"v2,v3,v4",3,"仅存在于：v2,v3,v4；缺少：v1"
2502,1641,明思宗崇祯十四年,河南,安阳市,滑县,无,《滑县志》,滑县：春无雨，蝗蝻食麦尽，瘟疫大作，人死十之五六。岁大凶，时斗米钱一千七百文，草木树皮无有村者，人食菜子苟活，旦夕骨肉相食，遍野榛莽，有数村不见一人者。——顺治《滑县志》卷十杂志,无,"v2,v4",2,"仅存在于：v2,v4；缺少：v1,v3"
2503,1641,明思宗崇祯十四年,河南,开封市,无,无,《华北、东北近五百年旱涝史料》,开封县：夏大疫，人相食。——《华北、东北近五百年旱涝史料》第四分册，第29页。,无,v2,1,"仅存在于：v2；缺少：v1,v3,v4"
2504,1641,明思宗崇祯十四年,河南,开封市,开封县,无,《华北、东北近五百年旱涝史料》,开封县：夏大疫，人相食。——《华北、东北近五百年旱涝史料》第四分册，第29页。,无,"v1,v3,v4",3,"仅存在于：v1,v3,v4；缺少：v2"
2505,1641,明思宗崇祯十四年,河南,新乡市,封丘县,无,《封丘县志》,封丘县：春，瘟疫大作，死十存一二，蝗蝻遍野，至有父子相食。——顺治《封丘县志》卷三灾祥,无,"v2,v3,v4",3,"仅存在于：v2,v3,v4；缺少：v1"
2506,1641,明思宗崇祯十四年,河南,新乡市,长垣县,无,《长垣县志》,长垣县：大旱，飞蝗食麦。瘟疫饿殍，人死七八，互相杀食。——康熙《长垣县志》卷二灾异,无,"v2,v4",2,"仅存在于：v2,v4；缺少：v1,v3"
2507,1641,明思宗崇祯十四年,河南,漯河市,临颍县,无,《临颍县续志》,临颍县：春正月，斗米二千，麦钱一千八百，人相食。四月大疫。——乾隆《临颍县续志》卷七灾祥,无,"v2,v3,v4",3,"仅存在于：v2,v3,v4；缺少：v1"
2508,1641,明思宗崇祯十四年,河南,漯河市,郾城县,无,《郾城县志》,郾城县：春正月，斗米二千文，人相食，道无行人。三、四月，瘟疫大行。是年，土贼至数十万众。——顺治《郾城县志》卷八祥异,无,"v2,v3,v4",3,"仅存在于：v2,v3,v4；缺少：v1"
2509,1641,明思宗崇祯十四年,河南,濮阳市,南乐县,无,《南乐县志》,南乐县：疫大行，死者十之七。…，岁大歉。斗粟千钱，人相食。——康熙《南乐县志》卷九纪年,无,"v2,v3,v4",3,"仅存在于：v2,v3,v4；缺少：v1"
2510,1641,明思宗崇祯十四年,河南,濮阳市,清丰县,无,《清丰县志》,清丰县：大饥，斗粟千钱。父子相食，兼瘟疫流行，人死十之八九。——康熙《清丰县志》卷二编年,无,"v2,v3,v4",3,"仅存在于：v2,v3,v4；缺少：v1"
2511,1641,明思宗崇祯十四年,河南,濮阳市,濮阳县,无,《开州志》,濮阳县：大旱，瘟疫大作，人死强半，互相杀食，连接数村不见人迹。——康熙《开州志》卷四灾祥,无,"v2,v3,v4",3,"仅存在于：v2,v3,v4；缺少：v1"
2512,1641,明思宗崇祯十四年,河南,濮阳市,范县,无,《濮州志》,范县：是年大疫，人多死。斗米银三两，骨肉有相食者。请发内帑四十万赈济通省，濮民沾惠独多。——《濮州志》卷一礼集,无,"v2,v3,v4",3,"仅存在于：v2,v3,v4；缺少：v1"
2513,1641,明思宗崇祯十四年,河南,焦作市,武陟县,无,《武陟县志》,武陟县：蝗食麦，人相食。瘟疫大作，死者甚众。田多荒芜。——康熙《武陟县志》卷一灾祥,无,"v2,v3,v4",3,"仅存在于：v2,v3,v4；缺少：v1"
2514,1641,明思宗崇祯十四年,河南,许昌市,禹县,无,《禹州志》,禹县：春大饥，升麦四百四十余钱，父子相食。六月，大疫。——顺治《禹州志》卷九,无,"v2,v4",2,"仅存在于：v2,v4；缺少：v1,v3"
2515,1641,明思宗崇祯十四年,河南,郑州市,中牟县,无,《中牟县志》,中牟县：大饥，人相食。——康熙《中牟县志》卷六祥异,无,"v2,v3,v4",3,"仅存在于：v2,v3,v4；缺少：v1"
2516,1641,明思宗崇祯十四年,河南,郑州市,登封县,无,《登封县志》,登封县：大饥，人相食。——康熙《登封县志》卷九灾祥,无,"v2,v3,v4",3,"仅存在于：v2,v3,v4；缺少：v1"
2517,1641,明思宗崇祯十四年,河南,驻马店市,上蔡县,无,《上蔡县志》,上蔡县：是岁大饥，人相食。——康熙《上蔡县志》卷十二编年,无,"v2,v3,v4",3,"仅存在于：v2,v3,v4；缺少：v1"
2518,1641,明思宗崇祯十四年,河南,驻马店市,正阳县,无,《真阳县志》,正阳县：大饥，人相食。——康熙《真阳县志》卷八灾祥,无,"v2,v3,v4",3,"仅存在于：v2,v3,v4；缺少：v1"
2519,1641,明思宗崇祯十四年,浙江,无,桐乡县,无,《桐乡县志》,桐乡县：夏大旱，飞蝗满地。米一石价四两五钱，有割人肉货卖者。——康熙《桐乡县志》卷二灾祥,无,"v1,v4",2,"仅存在于：v1,v4；缺少：v2,v3"
2520,1641,明思宗崇祯十四年,浙江,嘉兴,嘉兴市,嘉兴县,《嘉兴县志》,嘉兴市：米价腾贵，石至四两，饿民子西城上剔人肉以充食。——康熙《嘉兴县志》卷八外纪,无,v3,1,"仅存在于：v3；缺少：v1,v2,v4"
2521,1641,明思宗崇祯十四年,浙江,嘉兴,桐乡县,无,《桐乡县志》,桐乡县：夏大旱，飞蝗满地。米一石价四两五钱，有割人肉货卖者。——康熙《桐乡县志》卷二灾祥,无,v3,1,"仅存在于：v3；缺少：v1,v2,v4"
2522,1641,明思宗崇祯十四年,浙江,嘉兴市,无,无,《嘉兴县志》,嘉兴市：米价腾贵，石至四两，饿民子西城上剔人肉以充食。——康熙《嘉兴县志》卷八外纪,无,"v1,v2,v4",3,"仅存在于：v1,v2,v4；缺少：v3"
2523,1641,明思宗崇祯十四年,浙江,嘉兴市,桐乡县,无,《桐乡县志》,桐乡县：夏大旱，飞蝗满地。米一石价四两五钱，有割人肉货卖者。——康熙《桐乡县志》卷二灾祥,无,v2,1,"仅存在于：v2；缺少：v1,v3,v4"
2524,1641,明思宗崇祯十四年,湖北,无,广济县,无,《广济县志》,广济县：大疫，大饥，人至相食。——康熙《广济县志》卷二灾异,无,v1,1,"仅存在于：v1；缺少：v2,v3,v4"
2525,1641,明思宗崇祯十四年,湖北,无,枣阳县,无,《枣阳县志》,枣阳县：又大饥，人相食。——乾隆《枣阳县志》卷十七灾祥,无,v1,1,"仅存在于：v1；缺少：v2,v3,v4"
2526,1641,明思宗崇祯十四年,湖北,无,罗田县,无,《罗田县志》,罗田县：大荒，米价四钱一斗。以十三营兵马驻罗，又复抢掠，致屠子女为飨，强者屠弱者为食，各庙宇公署中人骨堆满，妻女顷刻分离，听其所从。——康熙四年《罗田县志》卷七灾异,无,v1,1,"仅存在于：v1；缺少：v2,v3,v4"
2527,1641,明思宗崇祯十四年,湖北,无,英山县,无,《英山县志》,英山县：春大饥，疫。三年之内旱蝗频仍，疫疠大作，父食其子，夫啖其妻，每饥民在道息犹存，而肌肉已尽。又或行路遇操刀凶人，健者逐不及得脱，弱者即时毙刃下。——乾隆《英山县志》卷二十六祥异,无,v1,1,"仅存在于：v1；缺少：v2,v3,v4"
2528,1641,明思宗崇祯十四年,湖北,无,麻城市,无,《湖北通志》,麻城市：疫，饥，人相食。——嘉庆《湖北通志》卷四十六祥异,无,v1,1,"仅存在于：v1；缺少：v2,v3,v4"
2529,1641,明思宗崇祯十四年,湖北,襄阳市,枣阳县,无,《枣阳县志》,枣阳县：又大饥，人相食。——乾隆《枣阳县志》卷十七灾祥,无,"v2,v3,v4",3,"仅存在于：v2,v3,v4；缺少：v1"
2530,1641,明思宗崇祯十四年,湖北,黄冈市,广济县,无,《广济县志》,广济县：大疫，大饥，人至相食。——康熙《广济县志》卷二灾异,无,"v2,v3,v4",3,"仅存在于：v2,v3,v4；缺少：v1"
2531,1641,明思宗崇祯十四年,湖北,黄冈市,罗田县,无,《罗田县志》,罗田县：大荒，米价四钱一斗。以十三营兵马驻罗，又复抢掠，致屠子女为飨，强者屠弱者为食，各庙宇公署中人骨堆满，妻女顷刻分离，听其所从。——康熙四年《罗田县志》卷七灾异,无,"v2,v3,v4",3,"仅存在于：v2,v3,v4；缺少：v1"
2532,1641,明思宗崇祯十四年,湖北,黄冈市,英山县,无,《英山县志》,英山县：春大饥，疫。三年之内旱蝗频仍，疫疠大作，父食其子，夫啖其妻，每饥民在道息犹存，而肌肉已尽。又或行路遇操刀凶人，健者逐不及得脱，弱者即时毙刃下。——乾隆《英山县志》卷二十六祥异,无,"v2,v3,v4",3,"仅存在于：v2,v3,v4；缺少：v1"
2533,1641,明思宗崇祯十四年,湖北,黄冈市,麻城市,无,《湖北通志》,麻城市：疫，饥，人相食。——嘉庆《湖北通志》卷四十六祥异,无,"v2,v3,v4",3,"仅存在于：v2,v3,v4；缺少：v1"
2534,1641,明思宗崇祯十四年,甘肃,无,两当县,无,《两当县志》,两当县：凶荒，茹草根，寻食木皮，甚至有食人肉者，尸骸满野，哭声震地。——康熙《两当县志》灾异,无,v4,1,"仅存在于：v4；缺少：v1,v2,v3"
2535,1641,明思宗崇祯十四年,甘肃,无,临洮县,无,《狄道州志》,临洮县：瘟疫并起，人狗相食。——乾隆《狄道州志》卷十一祥异,无,v4,1,"仅存在于：v4；缺少：v1,v2,v3"
2536,1641,明思宗崇祯十四年,甘肃,无,武山县,无,《宁远县志》,武山县：东郊有嘉禾，一茎九穗，是年大有。奈河贼蹂踊，人有不得食者。谷极贵，民大相食，饿殍遍野，有田不治。——康熙《宁远县志》卷三灾祥,无,v4,1,"仅存在于：v4；缺少：v1,v2,v3"
2537,1641,明思宗崇祯十四年,甘肃,无,清水县,无,《清水县志》,清水县：大饥，人相食。复有大头瘟疫，死者甚重。——康熙《清水县志》卷十灾祥,无,v4,1,"仅存在于：v4；缺少：v1,v2,v3"
2538,1641,明思宗崇祯十四年,甘肃,无,灵台县,无,《灵台志》,灵台县：春，麦米腾贵，没斗值银一两六钱，四月每斗值银二两。民有父子相食，夫妇相食，十村九空，城外积骨如山。是年，麦秋颇熟。——顺治《灵台志》卷四灾异,无,v4,1,"仅存在于：v4；缺少：v1,v2,v3"
2539,1641,明思宗崇祯十四年,甘肃,无,通渭县,无,《通渭县志》,通渭县：大旱，岁饥，人相食。——《重修通渭县志》（光绪十九年），转引自《西北灾荒史》第437页。,无,v4,1,"仅存在于：v4；缺少：v1,v2,v3"
2540,1641,明思宗崇祯十四年,甘肃,天水,武山,无,《宁远县志》,武山县：东郊有嘉禾，一茎九穗，是年大有。奈河贼蹂踊，人有不得食者。谷极贵，民大相食，饿殍遍野，有田不治。——康熙《宁远县志》卷三灾祥,无,v2,1,"仅存在于：v2；缺少：v1,v3,v4"
2541,1641,明思宗崇祯十四年,甘肃,天水,武山县,宁远县,《宁远县志》,武山县：东郊有嘉禾，一茎九穗，是年大有。奈河贼蹂踊，人有不得食者。谷极贵，民大相食，饿殍遍野，有田不治。——康熙《宁远县志》卷三灾祥,无,v3,1,"仅存在于：v3；缺少：v1,v2,v4"
2542,1641,明思宗崇祯十四年,甘肃,天水,清水,无,《清水县志》,清水县：大饥，人相食。复有大头瘟疫，死者甚重。——康熙《清水县志》卷十灾祥,无,v2,1,"仅存在于：v2；缺少：v1,v3,v4"
2543,1641,明思宗崇祯十四年,甘肃,天水,清水县,无,《清水县志》,清水县：大饥，人相食。复有大头瘟疫，死者甚重。——康熙《清水县志》卷十灾祥,无,v3,1,"仅存在于：v3；缺少：v1,v2,v4"
2544,1641,明思宗崇祯十四年,甘肃,定西,临洮,无,《狄道州志》,临洮县：瘟疫并起，人狗相食。——乾隆《狄道州志》卷十一祥异,无,v2,1,"仅存在于：v2；缺少：v1,v3,v4"
2545,1641,明思宗崇祯十四年,甘肃,定西,临洮县,狄道州,《狄道州志》,临洮县：瘟疫并起，人狗相食。——乾隆《狄道州志》卷十一祥异,无,v3,1,"仅存在于：v3；缺少：v1,v2,v4"
2546,1641,明思宗崇祯十四年,甘肃,定西,通渭,无,《重修通渭县志》转引《西北灾荒史》,通渭县：大旱，岁饥，人相食。——《重修通渭县志》（光绪十九年），转引自《西北灾荒史》第437页。,转引来源,v2,1,"仅存在于：v2；缺少：v1,v3,v4"
2547,1641,明思宗崇祯十四年,甘肃,定西,通渭县,无,《重修通渭县志》转引《西北灾荒史》,通渭县：大旱，岁饥，人相食。——《重修通渭县志》（光绪十九年），转引自《西北灾荒史》第437页。,无,v3,1,"仅存在于：v3；缺少：v1,v2,v4"
2548,1641,明思宗崇祯十四年,甘肃,平凉,灵台,无,《灵台志》,灵台县：春，麦米腾贵，没斗值银一两六钱，四月每斗值银二两。民有父子相食，夫妇相食，十村九空，城外积骨如山。是年，麦秋颇熟。——顺治《灵台志》卷四灾祥,无,v2,1,"仅存在于：v2；缺少：v1,v3,v4"
2549,1641,明思宗崇祯十四年,甘肃,平凉,灵台县,无,《灵台志》,灵台县：春，麦米腾贵，没斗值银一两六钱，四月每斗值银二两。民有父子相食，夫妇相食，十村九空，城外积骨如山。是年，麦秋颇熟。——顺治《灵台志》卷四灾异,无,v3,1,"仅存在于：v3；缺少：v1,v2,v4"
2550,1641,明思宗崇祯十四年,甘肃,陇南,两当,无,《两当县志》,两当县：凶荒，茹草根，寻食木皮，甚至有食人肉者，尸骸满野，哭声震地。——康熙《两当县志》灾异,无,v2,1,"仅存在于：v2；缺少：v1,v3,v4"
2551,1641,明思宗崇祯十四年,甘肃,陇南,两当县,无,《两当县志》转引《西北灾荒史》,两当县：凶荒，茹草根，寻食木皮，甚至有食人肉者，尸骸满野，哭声震地。——康熙《两当县志》灾异,无,v3,1,"仅存在于：v3；缺少：v1,v2,v4"
2552,1641,明思宗崇祯十四年,陕西,无,临潼县,无,《临潼县志》,临潼县：（十三年）粟价腾贵，斗米二钱。至次年春十倍其值，罢市，木皮石面皆尽，父子夫妇相割啖，道殛充积，十亡八九。——康熙《临潼县志》卷六祥异,无,v4,1,"仅存在于：v4；缺少：v1,v2,v3"
2553,1641,明思宗崇祯十四年,陕西,无,周至县,无,《重修螯厓县志》,周至县：春大饥，米二升白银一两，人民相食，死者枕藉。是年，夏有年，有绝其家而无人收者。——乾隆《重修螯厓县志》卷十三祥异,无,v4,1,"仅存在于：v4；缺少：v1,v2,v3"
2554,1641,明思宗崇祯十四年,陕西,无,大荔县,无,《大荔县志》,大荔县：岁大荒，斗栗值钱三千，人相食。——乾隆五十一年《大荔县志》卷十三贤能,无,v4,1,"仅存在于：v4；缺少：v1,v2,v3"
2555,1641,明思宗崇祯十四年,陕西,无,户县,无,《鄂县志》,户县：春大饥，人相食。——康熙《鄂县志》卷八灾异,无,v4,1,"仅存在于：v4；缺少：v1,v2,v3"
2556,1641,明思宗崇祯十四年,陕西,无,武功县,无,《武功县后志》,武功县：陕西大饥。春，禾皮皆尽，人相食。——雍正《武功县后志》卷三灾祥,无,v4,1,"仅存在于：v4；缺少：v1,v2,v3"
2557,1641,明思宗崇祯十四年,陕西,无,泾阳县,无,《泾阳县志》,泾阳县：春绝峁，木皮草根俱尽，人相食。——康熙《泾阳县志》卷一样异,无,v4,1,"仅存在于：v4；缺少：v1,v2,v3"
2558,1641,明思宗崇祯十四年,陕西,无,潼关县,无,《凤翔县志》,潼关县：春饥，斗米二两八钱，人相食，死者以亿万计。是年大疫。——乾隆《凤翔县志》卷十欝祥,无,v4,1,"仅存在于：v4；缺少：v1,v2,v3"
2559,1641,明思宗崇祯十四年,陕西,无,长安县,无,《咸宁县志》,长安县：春，斗米值银二两，市罢枭。道瘞蚁集，至人相食。——康熙《咸宁县志》卷七祥异,无,v4,1,"仅存在于：v4；缺少：v1,v2,v3"
2560,1641,明思宗崇祯十四年,陕西,无,高陵县,无,《高陵县续志》,高陵县：春，斗麦二两、斗米三两，谷皮升百钱，麦麸斤百钱。人相食，饿殍盈野。——光绪《高陵县续志》卷八缀录,无,v4,1,"仅存在于：v4；缺少：v1,v2,v3"
2561,1641,明思宗崇祯十四年,陕西,咸阳,武功,无,《武功县后志》,武功县：陕西大饥。春，禾皮皆尽，人相食。——雍正《武功县后志》卷三灾祥,无,v2,1,"仅存在于：v2；缺少：v1,v3,v4"
2562,1641,明思宗崇祯十四年,陕西,咸阳,武功县,无,《武功县后志》,武功县：陕西大饥。春，禾皮皆尽，人相食。——雍正《武功县后志》卷三灾祥,无,v3,1,"仅存在于：v3；缺少：v1,v2,v4"
2563,1641,明思宗崇祯十四年,陕西,咸阳,泾阳,无,《泾阳县志》,泾阳县：春绝峁，木皮草根俱尽，人相食。——康熙《泾阳县志》卷一样异,无,v2,1,"仅存在于：v2；缺少：v1,v3,v4"
2564,1641,明思宗崇祯十四年,陕西,咸阳,泾阳县,无,《泾阳县志》,泾阳县：春绝峁，木皮草根俱尽，人相食。——康熙《泾阳县志》卷一样异,无,v3,1,"仅存在于：v3；缺少：v1,v2,v4"
2565,1641,明思宗崇祯十四年,陕西,渭南,大荔,无,《大荔县志》,大荔县：岁大荒，斗栗值钱三千，人相食。——乾隆五十一年《大荔县志》卷十三贤能,无,v2,1,"仅存在于：v2；缺少：v1,v3,v4"
2566,1641,明思宗崇祯十四年,陕西,渭南,大荔县,无,《大荔县志》,大荔县：岁大荒，斗栗值钱三千，人相食。——乾隆五十一年《大荔县志》卷十三贤能,无,v3,1,"仅存在于：v3；缺少：v1,v2,v4"
2567,1641,明思宗崇祯十四年,陕西,渭南,潼关,无,《凤翔县志》,潼关县：春饥，斗米二两八钱，人相食，死者以亿万计。是年大疫。——乾隆《凤翔县志》卷十欝祥,疑似来源错误，原文为《凤翔县志》,v2,1,"仅存在于：v2；缺少：v1,v3,v4"
2568,1641,明思宗崇祯十四年,陕西,渭南,潼关县,无,《凤翔县志》,潼关县：春饥，斗米二两八钱，人相食，死者以亿万计。是年大疫。——乾隆《凤翔县志》卷十欝祥,无,v3,1,"仅存在于：v3；缺少：v1,v2,v4"
2569,1641,明思宗崇祯十四年,陕西,西安,临潼,无,《临潼县志》,临潼县：（十三年）粟价腾贵，斗米二钱。至次年春十倍其值，罢市，木皮石面皆尽，父子夫妇相割啖，道殛充积，十亡八九。——康熙《临潼县志》卷六祥异,无,v2,1,"仅存在于：v2；缺少：v1,v3,v4"
2570,1641,明思宗崇祯十四年,陕西,西安,临潼区,无,《临潼县志》,临潼县：（十三年）粟价腾贵，斗米二钱。至次年春十倍其值，罢市，木皮石面皆尽，父子夫妇相割啖，道殛充积，十亡八九。——康熙《临潼县志》卷六祥异,无,v3,1,"仅存在于：v3；缺少：v1,v2,v4"
2571,1641,明思宗崇祯十四年,陕西,西安,周至,无,《重修螯厓县志》,周至县：春大饥，米二升白银一两，人民相食，死者枕藉。是年，夏有年，有绝其家而无人收者。——乾隆《重修螯厓县志》卷十三祥异,无,v2,1,"仅存在于：v2；缺少：v1,v3,v4"
2572,1641,明思宗崇祯十四年,陕西,西安,周至县,螯厓县,《重修螯厓县志》,周至县：春大饥，米二升白银一两，人民相食，死者枕藉。是年，夏有年，有绝其家而无人收者。——乾隆《重修螯厓县志》卷十三祥异,无,v3,1,"仅存在于：v3；缺少：v1,v2,v4"
2573,1641,明思宗崇祯十四年,陕西,西安,户县,无,《鄂县志》,户县：春大饥，人相食。——康熙《鄂县志》卷八灾异,无,v2,1,"仅存在于：v2；缺少：v1,v3,v4"
2574,1641,明思宗崇祯十四年,陕西,西安,鄠邑区,鄠县,《鄠县志》,户县：春大饥，人相食。——康熙《鄂县志》卷八灾异,无,v3,1,"仅存在于：v3；缺少：v1,v2,v4"
2575,1641,明思宗崇祯十四年,陕西,西安,长安,无,《咸宁县志》,长安县：春，斗米值银二两，市罢枭。道瘞蚁集，至人相食。——康熙《咸宁县志》卷七祥异,无,v2,1,"仅存在于：v2；缺少：v1,v3,v4"
2576,1641,明思宗崇祯十四年,陕西,西安,长安县,无,《咸宁县志》,长安县：春，斗米值银二两，市罢枭。道瘞蚁集，至人相食。——康熙《咸宁县志》卷七祥异,无,v3,1,"仅存在于：v3；缺少：v1,v2,v4"
2577,1641,明思宗崇祯十四年,陕西,西安,高陵,无,《高陵县续志》,高陵县：春，斗麦二两、斗米三两，谷皮升百钱，麦麸斤百钱。人相食，饿殍盈野。——光绪《高陵县续志》卷八缀录,无,v2,1,"仅存在于：v2；缺少：v1,v3,v4"
2578,1641,明思宗崇祯十四年,陕西,西安,高陵县,无,《高陵县续志》,高陵县：春，斗麦二两、斗米三两，谷皮升百钱，麦麸斤百钱。人相食，饿殍盈野。——光绪《高陵县续志》卷八缀录,无,v3,1,"仅存在于：v3；缺少：v1,v2,v4"
2579,1642,明思宗崇祯十五年,安徽,无,太湖县,无,《安庆府太湖县志》,安徽太湖县：大饥，又大疫。是岁斗米千钱，死者日以百计。道馑相望，人相残食，日晡不敢独行。——顺治《安庆府太湖县志》卷九灾样,无,"v1,v2,v3,v4",4,
2580,1642,明思宗崇祯十五年,安徽,无,宿松县,无,《安庆府宿松县志》,安徽宿松县：大饥，疫。诏明年以麦代漕，后令折，寻蠲。时连岁旱蝗，寇兵交讧，饥殍之惨，有母啖其亡子者。——康熙《安庆府宿松县志》卷三祥异,无,"v1,v2,v3,v4",4,
2581,1642,明思宗崇祯十五年,安徽,无,霍山县,无,《霍山县志》,安徽霍山县：春，斗麦一千四百文，每米一碗六十文。山中树皮皆尽，父鬻子，夫鬻妻，易子以相食。——顺治《霍山县志》卷二灾祥,无,"v1,v2,v3,v4",4,
2582,1642,明思宗崇祯十五年,山东,无,平阴县,无,《平阴县志》,山东平阴县：岁大饥，人相食，盗起。——顺治《平阴县志》卷八灾祥,无,"v1,v2,v3,v4",4,
2583,1642,明思宗崇祯十五年,江苏,无,嘉定县,无,《嘉定县志》,江苏嘉定县：春大疫，米石银二两，不数日至石五两，麦石二两八钱。人皆食糠枇尽，皆食麸屑尽，食榆皮草根。甚至将死之人割其肉食之，官不能禁也。复大疫，僵尸填沟塞道。——康熙《嘉定县志》卷三祥异,无,"v1,v2,v3,v4",4,
2584,1642,明思宗崇祯十五年,江苏,无,太仓县,无,《太仓州志》,江苏太仓县：春，米斗钱千一百文，民相食，东乡有食子者。遗惠祠及隆福寺集饥民千余，日死无算。税粮急，幸漕米许三分之一改麦，然折价石一两五钱。——崇祯《太仓州志》卷十五灾祥,无,"v1,v2,v3,v4",4,
2585,1642,明思宗崇祯十五年,江苏,无,如皋县,无,《华东地区近五百年气候历史资料》,江苏如皋县：闰正月，岁大饥，民相食。——《华东地区近五百年气候历史资料》第二分册，第98页。,无,"v1,v2,v3,v4",4,
2586,1642,明思宗崇祯十五年,江苏,无,宝山县,无,《宝山县志》,江苏宝山县：春，民大饥，大疫。时米石银五两，麦二两，人食糠麸榆皮草根，至割将死人肉为食。——光绪《宝山县志》卷十四祥异,无,"v1,v2,v3,v4",4,
2587,1642,明思宗崇祯十五年,江苏,无,崇明县,无,《崇明县志》,江苏崇明县：大饥，茹糟糠、树皮革根俱尽，道死者枕藉相望。堡城一妪名秦痴婆，杀邻稚以食；又有沈安状黄姓者，食己子事觉，妪为众稗殉砸死，黄姓毙狱。——雍正《崇明县志》卷十七祲祥,无,"v1,v2,v3,v4",4,
2588,1642,明思宗崇祯十五年,浙江,无,桐乡县,无,《乌程县志》,浙江桐乡县：大疫，十至九死。河溢大饥，人相食。——光绪《乌程县志》卷三六,无,"v1,v2,v3,v4",4,
2589,1642,明思宗崇祯十五年,浙江,无,湖州市,无,《乌青镇志》,浙江湖州市：大饥，斗米四饯，人相食，盗贼蜂起。又大疫，十室九死。——民国《乌青镇志》卷二祥异,无,"v2,v3",2,"仅存在于：v2,v3；缺少：v1,v4"
2590,1642,明思宗崇祯十五年,浙江,湖州市,无,无,《乌青镇志》,湖州市：大饥，斗米四饯，人相食，盗贼蜂起。又大疫，十室九死。——民国《乌青镇志》卷二祥异,无,"v1,v4",2,"仅存在于：v1,v4；缺少：v2,v3"
2591,1642,明思宗崇祯十五年,湖北,无,宜城县,无,《宜城县志》,湖北宜城县：斗米十金，人相食。——同治《宜城县志》卷十祥异,无,"v1,v2,v3,v4",4,
2592,1642,明思宗崇祯十五年,湖北,无,枣阳县,无,《枣阳县志》,湖北枣阳县：斗米钱八千，人相食。——乾隆《枣阳县志》卷十七灾祥,无,"v1,v2,v3,v4",4,
2593,1642,明思宗崇祯十五年,湖北,无,黄冈县,无,《湖广通志》,湖北黄冈县：黄州郡县境大饥，继以疫，人相食。——康熙《湖广通志》卷三祥异,无,"v2,v3,v4",3,"仅存在于：v2,v3,v4；缺少：v1"
2594,1642,明思宗崇祯十五年,湖北,黄冈市,黄冈县,无,《湖广通志》,黄冈县：黄州郡县境大饥，继以疫，人相食。——康熙《湖广通志》卷三祥异,无,v1,1,"仅存在于：v1；缺少：v2,v3,v4"
2595,1643,明思宗崇祯十六年,河南,无,尉氏县,无,《浦川县志》,尉氏县：十六年、十七年饥甚，斗米千余。强食弱肉，民之存者百仅一二。——康熙《浦川县志》卷七祥异,无,v3,1,"仅存在于：v3；缺少：v1,v2,v4"
2596,1643,明思宗崇祯十六年,河南,无,新郑县,无,《新郑县志》,新郑县：旱，秋全无，荞种斗价六千。岁又大饥，至次年人相食。——顺治《新郑县志》卷五祥异,无,"v1,v2,v3",3,"仅存在于：v1,v2,v3；缺少：v4"
2597,1643,明思宗崇祯十六年,河南,新郑县,新郑县,无,《新郑县志》,新郑县：旱，秋全无，荞种斗价六千。岁又大饥，至次年人相食。——顺治《新郑县志》卷五祥异,无,v4,1,"仅存在于：v4；缺少：v1,v2,v3"
2598,1643,明思宗崇祯十六年,浙江,湖州市,无,无,《归安县志》,湖州市：夏大旱，民饥，人相食。斗米四百钱。——康熙《归安县志》卷六灾祥,无,v2,1,"仅存在于：v2；缺少：v1,v3,v4"
2599,1643,明思宗崇祯十六年,浙江,湖州市,归安县,无,《归安县志》,湖州市：夏大旱，民饥，人相食。斗米四百钱。——康熙《归安县志》卷六灾祥,无,"v1,v3,v4",3,"仅存在于：v1,v3,v4；缺少：v2"
2600,1644,明思宗崇祯十七年、清世祖顺治元年,河北,无,赤城县,无,《龙门县志》,赤城县：正月朔，大风，日无光，雨土。夏大旱，民饥，人相食。九月，大疫。——康熙《龙门县志》卷二灾祥,无,"v1,v2,v3,v4",4,
2601,1645,清世祖顺治二年,河南,无,正阳县,无,《真阳县志》,正阳县：春，积雪深数尺。大饥，人相食。——康熙《真阳县志》卷八灾祥,无,"v1,v2,v3,v4",4,
2602,1645,清世祖顺治二年,湖北,无,无,无,《清史稿》,（顺治）二年（1645），襄阳、襄阳、光化、宣城大饥，人相食。——《清史稿》卷四四《灾异志五》,"原文为""襄阳、襄阳""存在重复，疑似OCR错误","v1,v4",2,"仅存在于：v1,v4；缺少：v2,v3"
2603,1645,清世祖顺治二年,湖北,无,光化,无,《清史稿》,（顺治）二年（1645），襄阳、襄阳、光化、宣城大饥，人相食。——《清史稿》卷四四《灾异志五》,无,"v2,v3",2,"仅存在于：v2,v3；缺少：v1,v4"
2604,1645,清世祖顺治二年,湖北,无,宜城县,无,《宜城县志》,宜城县：春大饥，米大贵，人相食，多疫死。——同治《宜城县志》卷十祥异,无,"v1,v2,v3,v4",4,
2605,1645,清世祖顺治二年,湖北,无,宜都县,无,《宜都县志》,宜都县：人逃田荒，大饥，饿殍盈壑，人相食。——康熙《宜都县志》卷十一灾祥,无,"v1,v2,v3,v4",4,
2606,1645,清世祖顺治二年,湖北,无,宣城,无,《清史稿》,（顺治）二年（1645），襄阳、襄阳、光化、宣城大饥，人相食。——《清史稿》卷四四《灾异志五》,无,"v2,v3",2,"仅存在于：v2,v3；缺少：v1,v4"
2607,1645,清世祖顺治二年,湖北,无,枣阳县,无,《枣阳县志》,枣阳县：仲夏大疫，人相食。——同洽《枣阳县志》卷十六祥异,"原文为""同洽《枣阳县志》""，疑似OCR错误","v1,v2,v3,v4",4,
2608,1645,清世祖顺治二年,湖北,无,襄阳,无,《清史稿》,（顺治）二年（1645），襄阳、襄阳、光化、宣城大饥，人相食。——《清史稿》卷四四《灾异志五》,原文为'襄阳、襄阳'，疑似OCR错误或笔误,"v2,v3",2,"仅存在于：v2,v3；缺少：v1,v4"
2609,1645,清世祖顺治二年,湖北,无,谷城县,无,《谷城县志》,谷城县：春大饥，人相食。——同治《谷城县志》卷八祥异,无,"v1,v2,v3,v4",4,
2610,1645,清世祖顺治二年,湖北,老河口市,无,无,《襄阳府志》,老河口市：春大饥，人相食。——顺治《襄阳府志》卷十九灾祥,无,"v1,v2,v3,v4",4,
2611,1645,清世祖顺治二年,湖北,襄樊市,无,无,《襄阳府志》,襄樊市：春米贵，人相食。——顺治《襄阳府志》卷十九灾祥,无,"v1,v2,v3,v4",4,
2612,1646,清世祖顺治三年,四川,无,无,无,《四川通志》,四川：全蜀大饥，省米值钱三钱，人民相食。——嘉庆《四川通志》卷一六三行谊,无,"v1,v2,v3,v4",4,
2613,1646,清世祖顺治三年,四川,无,丹棱县,无,《丹棱县志》,丹棱县：丙戌、丁亥连岁大旱、斗米三十金，人不得耕，起而相食，骸骨满野。——光緒《丹棱县志》卷七灾祥,无,"v1,v2,v3,v4",4,
2614,1646,清世祖顺治三年,四川,无,井研县,无,《井研县志》,井研县：是岁大饥，人相食，斗米银三两。——光绪《井研县志》卷四十二纪年,无,"v1,v2,v3,v4",4,
2615,1646,清世祖顺治三年,四川,无,名山县,无,《名山县志》,名山县：三年、四年大饥，献逆为虐，杀戮盈野，人民相食，道路荆棘成林。——光绪《名山县志》卷九祥异,无,"v1,v2,v3,v4",4,
2616,1646,清世祖顺治三年,四川,无,彭水县,无,《增修酉阳直录州总志》,彭水县：彭邑大饥，人相食。彭邑大疫。——同治《增修酉阳直录州总志》卷末祥异,无,"v1,v2,v3,v4",4,
2617,1647,清世祖顺治四年,四川,无,名山县,无,《名山县新志》,四川：名山县：疫疠大作。播谷在田，军匪漉食殆尽。岁遂大饥，斗米值银十两，牛一只值百两，人民相食，山川愁惨。——民国《名山县新志》卷六纪事,无,"v2,v3",2,"仅存在于：v2,v3；缺少：v1,v4"
2618,1647,清世祖顺治四年,四川,无,彭水县,无,《增修酉阳直录总志》,四川：彭水县：彭水大饥，人相食。彭邑斗米八两。是年彭水县六畜无遗种，城野无居民。——同治《增修酉阳直录总志》卷末祥异,无,"v2,v3",2,"仅存在于：v2,v3；缺少：v1,v4"
2619,1647,清世祖顺治四年,四川,无,简阳县,无,《简阳县志》,四川：简阳县：是岁大饥，谷石值银四十两，糙米斗值银七两，人相食。——民国《简阳县志》卷二十三编年,无,v2,1,"仅存在于：v2；缺少：v1,v3,v4"
2620,1647,清世祖顺治四年,四川,无,荥经县,无,《荥经县志》,四川：荥经县：岁大歉，斗米值白锄十两，野菜树皮俱尽，人多相食。——民国《荥经县志》卷十三五行,无,"v2,v3",2,"仅存在于：v2,v3；缺少：v1,v4"
2621,1647,清世祖顺治四年,四川,彭州市,无,无,《增修酉阳直录总志》,彭水县：彭水大饥，人相食。彭邑斗米八两。是年彭水县六畜无遗种，城野无居民。——同治《增修酉阳直录总志》卷末祥异,无,v4,1,"仅存在于：v4；缺少：v1,v2,v3"
2622,1647,清世祖顺治四年,四川,成都市,简阳县,无,《简阳县志》,是岁大饥，谷石值银四十两，糙米斗值银七两，人相食。——民国《简阳县志》卷二十三编年,无,v1,1,"仅存在于：v1；缺少：v2,v3,v4"
2623,1647,清世祖顺治四年,四川,简阳市,无,无,《简阳县志》,简阳县：是岁大饥，谷石值银四十两，糙米斗值银七两，人相食。——民国《简阳县志》卷二十三编年,无,v4,1,"仅存在于：v4；缺少：v1,v2,v3"
2624,1647,清世祖顺治四年,四川,简阳市,简阳县,无,《简阳县志》,简阳县：是岁大饥，谷石值银四十两，糙米斗值银七两，人相食。——民国《简阳县志》卷二十三编年,无,v3,1,"仅存在于：v3；缺少：v1,v2,v4"
2625,1647,清世祖顺治四年,四川,重庆市,彭水县,无,《增修酉阳直录总志》,彭水大饥，人相食。彭邑斗米八两。是年彭水县六畜无遗种，城野无居民。——同治《增修酉阳直录总志》卷末祥异,无,v1,1,"仅存在于：v1；缺少：v2,v3,v4"
2626,1647,清世祖顺治四年,四川,雅安市,名山县,无,《名山县新志》,名山县：疫疠大作。播谷在田，军匪漉食殆尽。岁遂大饥，斗米值银十两，牛一只值百两，人民相食，山川愁惨。——民国《名山县新志》卷六纪事,无,"v1,v4",2,"仅存在于：v1,v4；缺少：v2,v3"
2627,1647,清世祖顺治四年,四川,雅安市,荥经县,无,《荥经县志》,荥经县：岁大歉，斗米值白锄十两，野菜树皮俱尽，人多相食。——民国《荥经县志》卷十三五行,无,"v1,v4",2,"仅存在于：v1,v4；缺少：v2,v3"
2628,1647,清世祖顺治四年,江西,宜春市,无,袁州府,《袁州府志》,江西：宜春市：袁州府春大水，奇荒凡六阅月。百姓饿死枕藉，白骨如山，谷每石八九两，米每斗一两八九钱，士民多阖户而死。有漆匠瑞州人侨寓宜之北乡，杀子女食；乐安人父子种蓝，子食父。百姓三分死二，各乡白骨堆积。——康熙《袁州府志》卷十三灾祥,袁州府为推测，原文为古代地名袁州府,"v1,v2,v4",3,"仅存在于：v1,v2,v4；缺少：v3"
2629,1647,清世祖顺治四年,江西,宜春市,宜春县,无,《宜春县志》,宜春市：凡六阅月，饿莩相枕藉，白骨如山，人相食。——民国《宜春县志》,无,v3,1,"仅存在于：v3；缺少：v1,v2,v4"
2630,1647,清世祖顺治四年,江西,宜春市,袁州府,无,《袁州府志》,宜春市：袁州府春大水，奇荒凡六阅月。百姓饿死枕藉，白骨如山，谷每石八九两，米每斗一两八九钱，士民多阖户而死。有漆匠瑞州人侨寓宜之北乡，杀子女食；乐安人父子种蓝，子食父。百姓三分死二，各乡白骨堆积。——康熙《袁州府志》卷十三灾祥,无,"v1,v3",2,"仅存在于：v1,v3；缺少：v2,v4"
2631,1647,清世祖顺治四年,江西,萍乡市,无,无,《萍乡县志》,江西：萍乡市：春大水。岁歉，米一石值金十余两，…疫痢交作，饥馑荐臻，食野草，啖糠秕，有杀人卖其肉者。——同治《萍乡县志》卷十,无,"v1,v2,v4",3,"仅存在于：v1,v2,v4；缺少：v3"
2632,1647,清世祖顺治四年,江西,萍乡市,萍乡县,无,《萍乡县志》,萍乡市：春大水。岁歉，米一石值金十余两，…疫痢交作，饥馑荐臻，食野草，啖糠秕，有杀人卖其肉者。——同治《萍乡县志》卷十,无,v3,1,"仅存在于：v3；缺少：v1,v2,v4"
2633,1648,清世祖顺治五年,云南,无,嵩明县,无,《清史稿》转引,鹤庆县、嵩明县：顺治五年（1648）春，广州、鹤庆（大理，洱海之北）嵩明（昆明市东北）大饥，人相食。,转引来源，嵩明位于昆明市东北,v2,1,"仅存在于：v2；缺少：v1,v3,v4"
2634,1648,清世祖顺治五年,云南,无,鹤庆县,无,《清史稿》,鹤庆县、嵩明县：顺治五年（1648）春，广州、鹤庆（大理，洱海之北）嵩明（昆明市东北）大饥，人相食。,无,"v1,v2",2,"仅存在于：v1,v2；缺少：v3,v4"
2635,1648,清世祖顺治五年,云南,大理,鹤庆,无,《清史稿》,鹤庆县、嵩明县：顺治五年（1648）春，广州、鹤庆（大理，洱海之北）嵩明（昆明市东北）大饥，人相食。,无,v3,1,"仅存在于：v3；缺少：v1,v2,v4"
2636,1648,清世祖顺治五年,云南,嵩明县,无,无,《清史稿》,鹤庆县、嵩明县：顺治五年（1648）春，广州、鹤庆（大理，洱海之北）嵩明（昆明市东北）大饥，人相食。,无,v4,1,"仅存在于：v4；缺少：v1,v2,v3"
2637,1648,清世祖顺治五年,云南,昆明,嵩明,无,《清史稿》,鹤庆县、嵩明县：顺治五年（1648）春，广州、鹤庆（大理，洱海之北）嵩明（昆明市东北）大饥，人相食。,无,v3,1,"仅存在于：v3；缺少：v1,v2,v4"
2638,1648,清世祖顺治五年,云南,鹤庆县,无,无,《清史稿》,鹤庆县、嵩明县：顺治五年（1648）春，广州、鹤庆（大理，洱海之北）嵩明（昆明市东北）大饥，人相食。,无,v4,1,"仅存在于：v4；缺少：v1,v2,v3"
2639,1648,清世祖顺治五年,四川,无,无,蜀,《夹江县志》,蜀大饥，人相食。先是丙戌、丁亥连岁洩饥，至是弥甚，赤地干里。 籽米一斗价二十金，荞麦一斗价七八金，久之，亦无卖者，蒿芹木叶取食殆尽，时有裹珍珠二升易一面不得而殆，有持金数百买一饱不得而死。於是人皆相食，道路饥殍，剥取殆尽，无所得，父子、兄弟、夫妻转相贼杀。其食人之法，亦有如下羹羊、饶把火、和骨烂等名目，《鸡肋编》所载云云。——民国《夹江县志》卷十二祥异,无,"v2,v3,v4",3,"仅存在于：v2,v3,v4；缺少：v1"
2640,1648,清世祖顺治五年,四川,无,内江,无,《内江县志》,内江县：大荒，邑中避难者人相食。是年，瘟疫大作，人皆徙散，百里无姻。——咸丰《内江县志》卷十四祥异,无,v3,1,"仅存在于：v3；缺少：v1,v2,v4"
2641,1648,清世祖顺治五年,四川,无,内江县,无,《内江县志》,内江县：大荒，邑中避难者人相食。是年，瘟疫大作，人皆徙散，百里无姻。——咸丰《内江县志》卷十四祥异,无,"v1,v2",2,"仅存在于：v1,v2；缺少：v3,v4"
2642,1648,清世祖顺治五年,四川,无,剑阁,无,《剑阁县续志》,剑阁县：大饥，赤地千里，人相食。——民国《剑阁县续志》卷三事纪,无,v3,1,"仅存在于：v3；缺少：v1,v2,v4"
2643,1648,清世祖顺治五年,四川,无,剑阁县,无,《剑阁县续志》,剑阁县：大饥，赤地千里，人相食。——民国《剑阁县续志》卷三事纪,无,"v1,v2",2,"仅存在于：v1,v2；缺少：v3,v4"
2644,1648,清世祖顺治五年,四川,无,夹江县,无,《夹江县志》,蜀大饥，人相食。先是丙戌、丁亥连岁洩饥，至是弥甚，赤地干里。 籽米一斗价二十金，荞麦一斗价七八金，久之，亦无卖者，蒿芹木叶取食殆尽，时有裹珍珠二升易一面不得而殆，有持金数百买一饱不得而死。於是人皆相食，道路饥殍，剥取殆尽，无所得，父子、兄弟、夫妻转相贼杀。其食人之法，亦有如下羹羊、饶把火、和骨烂等名目，《鸡肋编》所载云云。——民国《夹江县志》卷十二祥异,无,v1,1,"仅存在于：v1；缺少：v2,v3,v4"
2645,1648,清世祖顺治五年,四川,无,富顺,无,《富顺县志》,富顺县：大荒，邑中避难者人相食。是年，瘟疫大作，人皆徙散，百里无姻。——乾隆二十五年《富顺县志》卷十七祥异,无,v3,1,"仅存在于：v3；缺少：v1,v2,v4"
2646,1648,清世祖顺治五年,四川,无,富顺县,无,《富顺县志》,富顺县：大荒，邑中避难者人相食。是年，瘟疫大作，人皆徙散，百里无姻。——乾隆二十五年《富顺县志》卷十七祥异,无,"v1,v2",2,"仅存在于：v1,v2；缺少：v3,v4"
2647,1648,清世祖顺治五年,四川,无,峨眉,无,《峨眉县志》,峨眉县：大饥，人相食，大疫。——康熙《峨眉县志》卷八欖祥,无,v3,1,"仅存在于：v3；缺少：v1,v2,v4"
2648,1648,清世祖顺治五年,四川,无,峨眉县,无,《峨眉县志》,峨眉县：大饥，人相食，大疫。——康熙《峨眉县志》卷八欖祥,无,"v1,v2",2,"仅存在于：v1,v2；缺少：v3,v4"
2649,1648,清世祖顺治五年,四川,无,崇庆,崇庆,《崇庆县志》,崇庆县：再饥，赤地千里，人相食。——民国《崇庆县志》事纪,崇州为推测，原文为崇庆县,v3,1,"仅存在于：v3；缺少：v1,v2,v4"
2650,1648,清世祖顺治五年,四川,无,崇庆县,无,《崇庆县志》,崇庆县：再饥，赤地千里，人相食。——民国《崇庆县志》事纪,无,"v1,v2",2,"仅存在于：v1,v2；缺少：v3,v4"
2651,1648,清世祖顺治五年,四川,无,广安,无,《广安州新志》,广安县：岁旱，大疫，人相食。——光绪《广安州新志》卷三十五祥异,无,v3,1,"仅存在于：v3；缺少：v1,v2,v4"
2652,1648,清世祖顺治五年,四川,无,广安县,无,《广安州新志》,广安县：岁旱，大疫，人相食。——光绪《广安州新志》卷三十五祥异,无,"v1,v2",2,"仅存在于：v1,v2；缺少：v3,v4"
2653,1648,清世祖顺治五年,四川,无,潼南,无,《潼南县志》,潼南县：六月，大饥，人相食。——民国《潼南县志》卷六祥异,无,v3,1,"仅存在于：v3；缺少：v1,v2,v4"
2654,1648,清世祖顺治五年,四川,无,潼南县,无,《潼南县志》,潼南县：六月，大饥，人相食。——民国《潼南县志》卷六祥异,无,"v1,v2",2,"仅存在于：v1,v2；缺少：v3,v4"
2655,1648,清世祖顺治五年,四川,无,绵竹,无,《绵竹县志》,戊子及己丑全蜀大饥，人民相食，逃亡几尽。——康熙《绵竹县志》卷一样异,无,v3,1,"仅存在于：v3；缺少：v1,v2,v4"
2656,1648,清世祖顺治五年,四川,无,绵竹县,无,《绵竹县志》,戊子及己丑全蜀大饥，人民相食，逃亡几尽。——康熙《绵竹县志》卷一样异,无,"v1,v2",2,"仅存在于：v1,v2；缺少：v3,v4"
2657,1648,清世祖顺治五年,四川,无,遂宁,无,《重修四川通志遂宁采访录》,遂宁县：六月，大饥，人相食。——民国《重修四川通志遂宁采访录》杂纪,无,v3,1,"仅存在于：v3；缺少：v1,v2,v4"
2658,1648,清世祖顺治五年,四川,无,遂宁县,无,《重修四川通志遂宁采访录》,遂宁县：六月，大饥，人相食。——民国《重修四川通志遂宁采访录》杂纪,无,"v1,v2",2,"仅存在于：v1,v2；缺少：v3,v4"
2659,1648,清世祖顺治五年,四川,内江县,无,无,《内江县志》,内江县：大荒，邑中避难者人相食。是年，瘟疫大作，人皆徙散，百里无姻。——咸丰《内江县志》卷十四祥异,无,v4,1,"仅存在于：v4；缺少：v1,v2,v3"
2660,1648,清世祖顺治五年,四川,剑阁县,无,无,《剑阁县续志》,剑阁县：大饥，赤地千里，人相食。——民国《剑阁县续志》卷三事纪,无,v4,1,"仅存在于：v4；缺少：v1,v2,v3"
2661,1648,清世祖顺治五年,四川,富顺县,无,无,《富顺县志》,富顺县：大荒，邑中避难者人相食。是年，瘟疫大作，人皆徙散，百里无姻。——乾隆二十五年《富顺县志》卷十七祥异,无,v4,1,"仅存在于：v4；缺少：v1,v2,v3"
2662,1648,清世祖顺治五年,四川,峨眉县,无,无,《峨眉县志》,峨眉县：大饥，人相食，大疫。——康熙《峨眉县志》卷八欖祥,无,v4,1,"仅存在于：v4；缺少：v1,v2,v3"
2663,1648,清世祖顺治五年,四川,崇庆县,无,无,《崇庆县志》,崇庆县：再饥，赤地千里，人相食。——民国《崇庆县志》事纪,无,v4,1,"仅存在于：v4；缺少：v1,v2,v3"
2664,1648,清世祖顺治五年,四川,广安县,无,无,《广安州新志》,广安县：岁旱，大疫，人相食。——光绪《广安州新志》卷三十五祥异,无,v4,1,"仅存在于：v4；缺少：v1,v2,v3"
2665,1648,清世祖顺治五年,四川,德阳,德阳,无,《德阳县志》,德阳市：大饥，人相食。——同治《德阳县志》卷四十二祥异,无,v3,1,"仅存在于：v3；缺少：v1,v2,v4"
2666,1648,清世祖顺治五年,四川,德阳市,无,无,《德阳县志》,德阳市：大饥，人相食。——同治《德阳县志》卷四十二祥异,无,v4,1,"仅存在于：v4；缺少：v1,v2,v3"
2667,1648,清世祖顺治五年,四川,德阳市,德阳市,无,《德阳县志》,德阳市：大饥，人相食。——同治《德阳县志》卷四十二祥异,无,"v1,v2",2,"仅存在于：v1,v2；缺少：v3,v4"
2668,1648,清世祖顺治五年,四川,成都,成都,无,《重修成都县志》,成都市：大饥，人相食，虎豹形如魁魅，逾雉堞遍谯而下，白昼入城食人。初，丙戌、丁亥，四川以流贼兵起，民间耕种失时，连岁涝饥。至戊子、已丑，荒旱交迫，赤地干里，粟米一斗价金二十两，养麦一斗价七八两，久之，市中并元有枭者。——同治《重修成都县志》卷十六杂类,无,v3,1,"仅存在于：v3；缺少：v1,v2,v4"
2669,1648,清世祖顺治五年,四川,成都市,无,无,《重修成都县志》,成都市：大饥，人相食，虎豹形如魁魅，逾雉堞遍谯而下，白昼入城食人。初，丙戌、丁亥，四川以流贼兵起，民间耕种失时，连岁涝饥。至戊子、已丑，荒旱交迫，赤地干里，粟米一斗价金二十两，养麦一斗价七八两，久之，市中并元有枭者。——同治《重修成都县志》卷十六杂类,无,v4,1,"仅存在于：v4；缺少：v1,v2,v3"
2670,1648,清世祖顺治五年,四川,成都市,成都市,无,《重修成都县志》,成都市：大饥，人相食，虎豹形如魁魅，逾雉堞遍谯而下，白昼入城食人。初，丙戌、丁亥，四川以流贼兵起，民间耕种失时，连岁涝饥。至戊子、已丑，荒旱交迫，赤地干里，粟米一斗价金二十两，养麦一斗价七八两，久之，市中并元有枭者。——同治《重修成都县志》卷十六杂类,无,"v1,v2",2,"仅存在于：v1,v2；缺少：v3,v4"
2671,1648,清世祖顺治五年,四川,潼南县,无,无,《潼南县志》,潼南县：六月，大饥，人相食。——民国《潼南县志》卷六祥异,无,v4,1,"仅存在于：v4；缺少：v1,v2,v3"
2672,1648,清世祖顺治五年,四川,盐亭县,无,无,《盐亭县志》,盐亭县：戊子、己丑两年大荒，斗米银十两，斤肉银三钱，人多饿死。——乾隆二十八年《盐亭县志》卷十一样异,原文记戊子、己丑年，此处按顺治五年处理,v4,1,"仅存在于：v4；缺少：v1,v2,v3"
2673,1648,清世祖顺治五年,四川,绵竹县,无,无,《绵竹县志》,戊子及己丑全蜀大饥，人民相食，逃亡几尽。——康熙《绵竹县志》卷一样异,无,v4,1,"仅存在于：v4；缺少：v1,v2,v3"
2674,1648,清世祖顺治五年,四川,遂宁县,无,无,《重修四川通志遂宁采访录》,遂宁县：六月，大饥，人相食。——民国《重修四川通志遂宁采访录》杂纪,无,v4,1,"仅存在于：v4；缺少：v1,v2,v3"
2675,1648,清世祖顺治五年,山东,无,恒台县,新城县,《新城县志》,恒台县：新城大旱，人相食。——康熙《新城县志》卷十灾祥,新城县为推测，原文为古代地名新城县,"v1,v2",2,"仅存在于：v1,v2；缺少：v3,v4"
2676,1648,清世祖顺治五年,山东,无,桓台,新城,《新城县志》,恒台县：新城大旱，人相食。——康熙《新城县志》卷十灾祥,桓台县为推测，原文为古代地名新城,v3,1,"仅存在于：v3；缺少：v1,v2,v4"
2677,1648,清世祖顺治五年,山东,无,邹平,无,《新修齐东县志》,邹平县：大饥，人相食。——康熙《新修齐东县志》卷一灾祥,无,v3,1,"仅存在于：v3；缺少：v1,v2,v4"
2678,1648,清世祖顺治五年,山东,无,邹平县,无,《新修齐东县志》,邹平县：大饥，人相食。——康熙《新修齐东县志》卷一灾祥,无,"v1,v2",2,"仅存在于：v1,v2；缺少：v3,v4"
2679,1648,清世祖顺治五年,山东,无,高青,高苑,《高苑县续志》,高青县：高苑大旱饥，道死人，人相食。——康熙《高苑县续志》卷十祥灾,高青县为推测，原文为古代地名高苑,v3,1,"仅存在于：v3；缺少：v1,v2,v4"
2680,1648,清世祖顺治五年,山东,无,高青县,高苑县,《高苑县续志》,高青县：高苑大旱饥，道死人，人相食。——康熙《高苑县续志》卷十祥灾,高苑县为推测，原文为古代地名高苑县,"v1,v2",2,"仅存在于：v1,v2；缺少：v3,v4"
2681,1648,清世祖顺治五年,山东,恒台县,无,新城,《新城县志》,恒台县：新城大旱，人相食。——康熙《新城县志》卷十灾祥,无,v4,1,"仅存在于：v4；缺少：v1,v2,v3"
2682,1648,清世祖顺治五年,山东,邹平县,无,无,《新修齐东县志》,邹平县：大饥，人相食。——康熙《新修齐东县志》卷一灾祥,无,v4,1,"仅存在于：v4；缺少：v1,v2,v3"
2683,1648,清世祖顺治五年,山东,高青县,无,高苑,《高苑县续志》,高青县：高苑大旱饥，道死人，人相食。——康熙《高苑县续志》卷十祥灾,无,v4,1,"仅存在于：v4；缺少：v1,v2,v3"
2684,1648,清世祖顺治五年,广东,无,东莞市,无,《东莞县志》,东莞市：三月，大饥，斗米千钱，民有相食者。——雍正《东莞县志》卷十祥异,无,"v1,v2",2,"仅存在于：v1,v2；缺少：v3,v4"
2685,1648,清世祖顺治五年,广东,无,兴宁县,无,《清史稿》转引,夏，惠来（潮州府西部）、大埔（东邻福建）、嘉应州（梅县）、兴宁（梅西南）、阳春（阳江市北）、梧州、北流（玉林市东北）大饥，斗米可易一子。——《清史稿》卷四四《灾异志五》,转引来源，兴宁位于梅西南,v2,1,"仅存在于：v2；缺少：v1,v3,v4"
2686,1648,清世祖顺治五年,广东,无,博罗县,无,《惠州府志》,惠州市等：归善、博罗、海丰、河源、龙川大饥，博罗斗米至八九钱，河源至五六钱，归善有食人者。——光绪《惠州府志》卷十七郡事,无,v2,1,"仅存在于：v2；缺少：v1,v3,v4"
2687,1648,清世祖顺治五年,广东,无,增城,无,《增城县志》,增城县：春大饥，斗栗三十五緇，饿殍盈路，至有人相食者，时枇杷草木殆尽。——康熙十二年《增城县志》卷三事纪,无,v3,1,"仅存在于：v3；缺少：v1,v2,v4"
2688,1648,清世祖顺治五年,广东,无,增城县,无,《增城县志》,增城县：春大饥，斗栗三十五緇，饿殍盈路，至有人相食者，时枇杷草木殆尽。——康熙十二年《增城县志》卷三事纪,无,"v1,v2",2,"仅存在于：v1,v2；缺少：v3,v4"
2689,1648,清世祖顺治五年,广东,无,大埔县,无,《清史稿》转引,夏，惠来（潮州府西部）、大埔（东邻福建）、嘉应州（梅县）、兴宁（梅西南）、阳春（阳江市北）、梧州、北流（玉林市东北）大饥，斗米可易一子。——《清史稿》卷四四《灾异志五》,转引来源，大埔东邻福建,v2,1,"仅存在于：v2；缺少：v1,v3,v4"
2690,1648,清世祖顺治五年,广东,无,宝安县,无,《新安县志》,宝安县：岁大饥，每米一斗价银一两二钱，人多食荔核、海苔、野菜等物，间有割尸充腹，男女妻妾者，斗米易一人。又值大疫，盗贼同时而发，民之死亡过半，有一乡而无一人存者。——康熙《新安县志》卷十一灾异,无,v2,1,"仅存在于：v2；缺少：v1,v3,v4"
2691,1648,清世祖顺治五年,广东,无,归善县,无,《惠州府志》,惠州市等：归善、博罗、海丰、河源、龙川大饥，博罗斗米至八九钱，河源至五六钱，归善有食人者。——光绪《惠州府志》卷十七郡事,无,v1,1,"仅存在于：v1；缺少：v2,v3,v4"
2692,1648,清世祖顺治五年,广东,无,恩平,无,《恩平县志》,恩平县：春夏米贵，每斗价银八钱。人相食，饥死者甚众。——康熙《恩平县志》卷一事纪,无,v3,1,"仅存在于：v3；缺少：v1,v2,v4"
2693,1648,清世祖顺治五年,广东,无,恩平县,无,《恩平县志》,恩平县：春夏米贵，每斗价银八钱。人相食，饥死者甚众。——康熙《恩平县志》卷一事纪,无,"v1,v2",2,"仅存在于：v1,v2；缺少：v3,v4"
2694,1648,清世祖顺治五年,广东,无,惠来县,无,《清史稿》转引,夏，惠来（潮州府西部）、大埔（东邻福建）、嘉应州（梅县）、兴宁（梅西南）、阳春（阳江市北）、梧州、北流（玉林市东北）大饥，斗米可易一子。——《清史稿》卷四四《灾异志五》,转引来源，惠来位于潮州府西部,v2,1,"仅存在于：v2；缺少：v1,v3,v4"
2695,1648,清世祖顺治五年,广东,无,新会,无,《新会县志》,新会县：春三月，大饥，时斗米至钱四百，饿殍盈道，人有相食者。——康熙《新会县志》卷三事纪,无,v3,1,"仅存在于：v3；缺少：v1,v2,v4"
2696,1648,清世祖顺治五年,广东,无,新会县,无,《新会县志》,新会县：春三月，大饥，时斗米至钱四百，饿殍盈道，人有相食者。——康熙《新会县志》卷三事纪,无,"v1,v2",2,"仅存在于：v1,v2；缺少：v3,v4"
2697,1648,清世祖顺治五年,广东,无,梅县,嘉应州,《清史稿》转引,夏，惠来（潮州府西部）、大埔（东邻福建）、嘉应州（梅县）、兴宁（梅西南）、阳春（阳江市北）、梧州、北流（玉林市东北）大饥，斗米可易一子。——《清史稿》卷四四《灾异志五》,转引来源，嘉应州为推测，原文为嘉应州（梅县）,v2,1,"仅存在于：v2；缺少：v1,v3,v4"
2698,1648,清世祖顺治五年,广东,无,阳春市,无,《清史稿》转引,夏，惠来（潮州府西部）、大埔（东邻福建）、嘉应州（梅县）、兴宁（梅西南）、阳春（阳江市北）、梧州、北流（玉林市东北）大饥，斗米可易一子。——《清史稿》卷四四《灾异志五》,转引来源，阳春位于阳江市北,v2,1,"仅存在于：v2；缺少：v1,v3,v4"
2699,1648,清世祖顺治五年,广东,东莞,东莞,无,《东莞县志》,东莞市：三月，大饥，斗米千钱，民有相食者。——雍正《东莞县志》卷十祥异,无,v3,1,"仅存在于：v3；缺少：v1,v2,v4"
2700,1648,清世祖顺治五年,广东,东莞市,无,无,《东莞县志》,东莞市：三月，大饥，斗米千钱，民有相食者。——雍正《东莞县志》卷十祥异,无,v4,1,"仅存在于：v4；缺少：v1,v2,v3"
2701,1648,清世祖顺治五年,广东,增城县,无,无,《增城县志》,增城县：春大饥，斗栗三十五緇，饿殍盈路，至有人相食者，时枇杷草木殆尽。——康熙十二年《增城县志》卷三事纪,无,v4,1,"仅存在于：v4；缺少：v1,v2,v3"
2702,1648,清世祖顺治五年,广东,宝安县,无,无,《新安县志》,宝安县：岁大饥，每米一斗价银一两二钱，人多食荔核、海苔、野菜等物，间有割尸充腹，男女妻妾者，斗米易一人。又值大疫，盗贼同时而发，民之死亡过半，有一乡而无一人存者。——康熙《新安县志》卷十一灾异,无,v4,1,"仅存在于：v4；缺少：v1,v2,v3"
2703,1648,清世祖顺治五年,广东,恩平县,无,无,《恩平县志》,恩平县：春夏米贵，每斗价银八钱。人相食，饥死者甚众。——康熙《恩平县志》卷一事纪,无,v4,1,"仅存在于：v4；缺少：v1,v2,v3"
2704,1648,清世祖顺治五年,广东,惠州,无,无,《惠州府志》,惠州市等：归善、博罗、海丰、河源、龙川大饥，博罗斗米至八九钱，河源至五六钱，归善有食人者。——光绪《惠州府志》卷十七郡事,无,v3,1,"仅存在于：v3；缺少：v1,v2,v4"
2705,1648,清世祖顺治五年,广东,惠州市,博罗县,无,《惠州府志》,惠州市等：归善、博罗、海丰、河源、龙川大饥，博罗斗米至八九钱，河源至五六钱，归善有食人者。——光绪《惠州府志》卷十七郡事,无,v4,1,"仅存在于：v4；缺少：v1,v2,v3"
2706,1648,清世祖顺治五年,广东,惠州市,河源县,无,《惠州府志》,惠州市等：归善、博罗、海丰、河源、龙川大饥，博罗斗米至八九钱，河源至五六钱，归善有食人者。——光绪《惠州府志》卷十七郡事,无,v4,1,"仅存在于：v4；缺少：v1,v2,v3"
2707,1648,清世祖顺治五年,广东,惠州市,海丰县,无,《惠州府志》,惠州市等：归善、博罗、海丰、河源、龙川大饥，博罗斗米至八九钱，河源至五六钱，归善有食人者。——光绪《惠州府志》卷十七郡事,无,v4,1,"仅存在于：v4；缺少：v1,v2,v3"
2708,1648,清世祖顺治五年,广东,惠州市,龙川县,无,《惠州府志》,惠州市等：归善、博罗、海丰、河源、龙川大饥，博罗斗米至八九钱，河源至五六钱，归善有食人者。——光绪《惠州府志》卷十七郡事,无,v4,1,"仅存在于：v4；缺少：v1,v2,v3"
2709,1648,清世祖顺治五年,广东,新会县,无,无,《新会县志》,新会县：春三月，大饥，时斗米至钱四百，饿殍盈道，人有相食者。——康熙《新会县志》卷三事纪,无,v4,1,"仅存在于：v4；缺少：v1,v2,v3"
2710,1648,清世祖顺治五年,广西,无,北流市,无,《清史稿》转引,夏，惠来（潮州府西部）、大埔（东邻福建）、嘉应州（梅县）、兴宁（梅西南）、阳春（阳江市北）、梧州、北流（玉林市东北）大饥，斗米可易一子。——《清史稿》卷四四《灾异志五》,转引来源，北流位于玉林市东北,v2,1,"仅存在于：v2；缺少：v1,v3,v4"
2711,1648,清世祖顺治五年,广西,无,梧州,无,《清史稿》转引,夏，惠来（潮州府西部）、大埔（东邻福建）、嘉应州（梅县）、兴宁（梅西南）、阳春（阳江市北）、梧州、北流（玉林市东北）大饥，斗米可易一子。——《清史稿》卷四四《灾异志五》,转引来源,v2,1,"仅存在于：v2；缺少：v1,v3,v4"
2712,1648,清世祖顺治五年,广西,无,灵山,无,《灵山县志》,灵山县：米价腾涌，斗米七钱，民有易子而食者，公（佟养甲）捐俸赈恤。——雍正《灵山县志》卷九名宦,无,v3,1,"仅存在于：v3；缺少：v1,v2,v4"
2713,1648,清世祖顺治五年,广西,无,灵山县,无,《灵山县志》,灵山县：米价腾涌，斗米七钱，民有易子而食者，公（佟养甲）捐俸赈恤。——雍正《灵山县志》卷九名宦,无,v2,1,"仅存在于：v2；缺少：v1,v3,v4"
2714,1648,清世祖顺治五年,广西,灵山县,无,无,《灵山县志》,灵山县：米价腾涌，斗米七钱，民有易子而食者，公（佟养甲）捐俸赈恤。——雍正《灵山县志》卷九名宦,无,v4,1,"仅存在于：v4；缺少：v1,v2,v3"
2715,1649,清世祖顺治六年,四川,无,北川县,无,《石泉县志》,北川县：大饥，市无米，多持金饿死，人相食。——乾隆《石泉县志》卷四欽祥,无,"v1,v2,v3,v4",4,
2716,1649,清世祖顺治六年,四川,无,彭水县,无,《彭水县志》,彭水县：戊子、己丑大饥疫，人相食，斗米银八两，六畜皆死。——光绪《彭水县志》卷四祥异,无,"v1,v2,v3,v4",4,
2717,1650,清世祖顺治七年,湖南,无,黔阳,无,《黔阳县志》,黔阳县：庚寅、辛卯年连值奇荒，斗米银三两，民间初食草实、槐叶、树皮，继人相食，民几尽。——康熙《黔阳县志》卷一灾异,无,v2,1,"仅存在于：v2；缺少：v1,v3,v4"
2718,1650,清世祖顺治七年,湖南,无,黔阳县,无,《黔阳县志》,黔阳县：庚寅、辛卯年连值奇荒，斗米银三两，民间初食草实、槐叶、树皮，继人相食，民几尽。——康熙《黔阳县志》卷一灾异,无,"v3,v4",2,"仅存在于：v3,v4；缺少：v1,v2"
2719,1650,清世祖顺治七年,湖南,怀化市,黔阳县,黔阳县,《黔阳县志》,黔阳县：庚寅、辛卯年连值奇荒，斗米银三两，民间初食草实、槐叶、树皮，继人相食，民几尽。——康熙《黔阳县志》卷一灾异,原文为康熙《黔阳县志》卷一灾异；庚寅、辛卯年（顺治五、六年）人相食,v1,1,"仅存在于：v1；缺少：v2,v3,v4"
2720,1651,清世祖顺治八年,山东,德州市,乐陵,无,《清史稿》,山东：乐陵：顺治八年春荒，饿殍载道，人相食。——《清史稿》灾异志,无,v3,1,"仅存在于：v3；缺少：v1,v2,v4"
2721,1651,清世祖顺治八年,山东,德州市,德州,无,《清史稿》,山东：德州：顺治八年春荒，饿殍载道，人相食。——《清史稿》灾异志,无,v3,1,"仅存在于：v3；缺少：v1,v2,v4"
2722,1651,清世祖顺治八年,山东,德州市,武城,无,《清史稿》,山东：武城：顺治八年春荒，饿殍载道，人相食。——《清史稿》灾异志,无,v3,1,"仅存在于：v3；缺少：v1,v2,v4"
2723,1651,清世祖顺治八年,山东,济宁市,嘉祥,无,《清史稿》,山东：嘉祥：顺治八年春荒，饿殍载道，人相食。——《清史稿》灾异志,无,v3,1,"仅存在于：v3；缺少：v1,v2,v4"
2724,1651,清世祖顺治八年,山东,济宁市,济宁,无,《清史稿》,山东：济宁：顺治八年春荒，饿殍载道，人相食。——《清史稿》灾异志,无,v3,1,"仅存在于：v3；缺少：v1,v2,v4"
2725,1651,清世祖顺治八年,山东,济宁市,钜野,无,《清史稿》,山东：钜野：顺治八年春荒，饿殍载道，人相食。——《清史稿》灾异志,无,v3,1,"仅存在于：v3；缺少：v1,v2,v4"
2726,1651,清世祖顺治八年,山东,滨州市,沾化,无,《清史稿》,山东：沾化：顺治八年春荒，饿殍载道，人相食。——《清史稿》灾异志,无,v3,1,"仅存在于：v3；缺少：v1,v2,v4"
2727,1651,清世祖顺治八年,山东,滨州市,蒲台,无,《清史稿》,山东：蒲台：顺治八年春荒，饿殍载道，人相食。——《清史稿》灾异志,无,v3,1,"仅存在于：v3；缺少：v1,v2,v4"
2728,1651,清世祖顺治八年,山东,滨州市,阳信,无,《清史稿》,山东：阳信：顺治八年春荒，饿殍载道，人相食。——《清史稿》灾异志,无,v3,1,"仅存在于：v3；缺少：v1,v2,v4"
2729,1651,清世祖顺治八年,山东,滨州市,齐东,无,《清史稿》,山东：齐东：顺治八年春荒，饿殍载道，人相食。——《清史稿》灾异志,无,v3,1,"仅存在于：v3；缺少：v1,v2,v4"
2730,1651,清世祖顺治八年,山东,聊城市,临清,无,《清史稿》,山东：临清：顺治八年春荒，饿殍载道，人相食。——《清史稿》灾异志,无,v3,1,"仅存在于：v3；缺少：v1,v2,v4"
2731,1651,清世祖顺治八年,山东,聊城市,朝城,无,《清史稿》,山东：朝城：顺治八年春荒，饿殍载道，人相食。——《清史稿》灾异志,无,v3,1,"仅存在于：v3；缺少：v1,v2,v4"
2732,1651,清世祖顺治八年,山东,聊城市,观城,无,《清史稿》,山东：观城：顺治八年春荒，饿殍载道，人相食。——《清史稿》灾异志,无,v3,1,"仅存在于：v3；缺少：v1,v2,v4"
2733,1651,清世祖顺治八年,山东,聊城市,馆陶,无,《清史稿》,山东：馆陶：顺治八年春荒，饿殍载道，人相食。——《清史稿》灾异志,无,v3,1,"仅存在于：v3；缺少：v1,v2,v4"
2734,1651,清世祖顺治八年,山东,菏泽市,单县,无,《清史稿》,山东：单县：顺治八年春荒，饿殍载道，人相食。——《清史稿》灾异志,无,v3,1,"仅存在于：v3；缺少：v1,v2,v4"
2735,1651,清世祖顺治八年,山东,菏泽市,城武,无,《清史稿》,山东：城武：顺治八年春荒，饿殍载道，人相食。——《清史稿》灾异志,无,v3,1,"仅存在于：v3；缺少：v1,v2,v4"
2736,1651,清世祖顺治八年,山东,菏泽市,定陶,无,《清史稿》,山东：定陶：顺治八年春荒，饿殍载道，人相食。——《清史稿》灾异志,无,v3,1,"仅存在于：v3；缺少：v1,v2,v4"
2737,1651,清世祖顺治八年,山东,菏泽市,曹州,无,《清史稿》,山东：曹州：顺治八年春荒，饿殍载道，人相食。——《清史稿》灾异志,无,v3,1,"仅存在于：v3；缺少：v1,v2,v4"
2738,1651,清世祖顺治八年,山东,菏泽市,郓城,无,《清史稿》,山东：郓城：顺治八年春荒，饿殍载道，人相食。——《清史稿》灾异志,无,v3,1,"仅存在于：v3；缺少：v1,v2,v4"
2739,1651,清世祖顺治八年,山西,无,太原县、寿阳、祁县、徐沟县、榆次县、文水县,太原府,《清代荒政文献（上）》,山西太原府：太原县、寿阳、祁县、徐沟县、榆次县、文水县、祁县饥，人相食。——《清代荒政文献（上）》第54页,太原府为古代地名，原文未出现现代地级市名称,v2,1,"仅存在于：v2；缺少：v1,v3,v4"
2740,1651,清世祖顺治八年,山西,忻州市,代县,代州,《清史稿》,1651年　顺治八年　山西：山西大饥，代州、泽州、秦州等处，人相食。——《清史稿》卷三十七灾异,原文'山西：山西大饥'，秦州为古代地名，天水为现代对应地名,v1,1,"仅存在于：v1；缺少：v2,v3,v4"
2741,1651,清世祖顺治八年,河北,邯郸市,邱县,无,《清史稿》,山东：邱县：顺治八年春荒，饿殍载道，人相食。——《清史稿》灾异志,无,v3,1,"仅存在于：v3；缺少：v1,v2,v4"
2742,1651,清世祖顺治八年,河南,濮阳市,范县,无,《清史稿》,山东：范县：顺治八年春荒，饿殍载道，人相食。——《清史稿》灾异志,无,v3,1,"仅存在于：v3；缺少：v1,v2,v4"
2743,1653,清世祖顺治十年,山西,无,偏关,无,《宁武府志》,宁武县等：大饥。偏关民妇范氏诱杀人而食之。——乾隆《宁武府志》卷十事考,无,"v2,v3",2,"仅存在于：v2,v3；缺少：v1,v4"
2744,1653,清世祖顺治十年,山西,无,宁武县,无,《宁武府志》,宁武县等：大饥。偏关民妇范氏诱杀人而食之。——乾隆《宁武府志》卷十事考,无,v4,1,"仅存在于：v4；缺少：v1,v2,v3"
2745,1653,清世祖顺治十年,山西,无,宁武县等,无,《宁武府志》,山西：宁武县等：大饥。偏关民妇范氏诱杀人而食之。——乾隆《宁武府志》卷十事考,无,v1,1,"仅存在于：v1；缺少：v2,v3,v4"
2746,1653,清世祖顺治十年,湖南,无,沅陵县,无,《辰州府志》,湖南：沅陵县：大旱，饥，人相食。——乾隆《辰州府志》卷六欽祥,无,"v1,v2,v3,v4",4,
2747,1653,清世祖顺治十年,湖南,无,溆浦县,无,《溆浦县志》,湖南：溆浦县：大饥，人相食。——乾隆《溆浦县志》卷九隰祥,无,"v1,v2,v3,v4",4,
2748,1657,清世祖顺治十四年,河北,无,玉田县,无,《玉田县志》,河北：玉田县：大饥，人相食。——乾隆《玉田县志》卷十祥胥,无,"v1,v2,v3,v4",4,
2749,1664,清圣祖康熙三年,陕西,无,兴平县,无,《重纂兴平县志》,兴平县：关中大旱，人兽相食，死者枕藉于道路，义民积粟以赈里党，计口分给，赖以全活者无算。——民国《重纂兴平县志》卷七艺文,无,v1,1,"仅存在于：v1；缺少：v2,v3,v4"
2750,1664,清圣祖康熙三年,陕西,咸阳市,兴平县,无,《重纂兴平县志》,兴平县：关中大旱，人兽相食，死者枕藉于道路，义民积粟以赈里党，计口分给，赖以全活者无算。——民国《重纂兴平县志》卷七艺文,无,v3,1,"仅存在于：v3；缺少：v1,v2,v4"
2751,1667,清圣祖康熙六年,河南,无,安平县,无,《安平县志》,安平县：河南旱蝗，斗米二千钱，有父母食子女，子女食父母者。——道光《安平县志》卷四积贮,无,"v1,v2,v3,v4",4,
2752,1667,清圣祖康熙六年,河南,无,新安县,无,《新安县志》,新安县：饥，人相食。——民国《新安县志》卷十五祥异,无,"v1,v2,v4",3,"仅存在于：v1,v2,v4；缺少：v3"
2753,1671,清圣祖康熙十年,安徽,无,天长县,无,《天长县志》,安徽：天长县：赤旱，自三月不雨至九月，飞蝗蔽天。锉草做屑，榆皮铲尽，人民相食，子女尽鬻。——康熙《天长县志》卷一样异附,无,"v1,v2,v3,v4",4,
2754,1679,清圣祖康熙十八年,安徽,无,天长,无,《天长县纂辑志稿》,安徽：天长县：大旱，湖水皆涸。民大饥，人相食。——同治《天长县纂辑志稿》祥异,无,v4,1,"仅存在于：v4；缺少：v1,v2,v3"
2755,1679,清圣祖康熙十八年,安徽,无,天长县,无,《天长县纂辑志稿》,安徽：天长县：大旱，湖水皆涸。民大饥，人相食。——同治《天长县纂辑志稿》祥异,无,"v1,v2,v3",3,"仅存在于：v1,v2,v3；缺少：v4"
2756,1679,清圣祖康熙十八年,安徽,无,霍丘,无,《霍邱县志》,安徽：霍丘县：大饥，路多饥殍，人民相食。奉旨赈济。——乾隆《霍邱县志》卷十二灾祥,无,v4,1,"仅存在于：v4；缺少：v1,v2,v3"
2757,1679,清圣祖康熙十八年,安徽,无,霍丘县,无,《霍邱县志》,安徽：霍丘县：大饥，路多饥殍，人民相食。奉旨赈济。——乾隆《霍邱县志》卷十二灾祥,无,"v1,v2,v3",3,"仅存在于：v1,v2,v3；缺少：v4"
2758,1679,清圣祖康熙十八年,山东,无,青城,无,《青城县志》,山东：高青县：青城终年不雨，大饥，人相食。——乾隆《青城县志》卷十祥异,无,"v1,v4",2,"仅存在于：v1,v4；缺少：v2,v3"
2759,1679,清圣祖康熙十八年,山东,无,高青县,无,《青城县志》,山东：高青县：青城终年不雨，大饥，人相食。——乾隆《青城县志》卷十祥异,无,"v2,v3",2,"仅存在于：v2,v3；缺少：v1,v4"
2760,1691,清圣祖康熙三十年,陕西,无,兴平县,无,《兴平县志》,陕西：兴平县：大旱，人相食。——乾隆四十四年《兴平县志》卷十八传,无,"v1,v2,v3,v4",4,
2761,1692,清圣祖康熙三十一年,甘肃,武威市,无,无,《武威县志》,武威市：岁歉，人相食。——乾隆《武威县志》卷二十五祥异,无,"v1,v2,v3,v4",4,
2762,1693,清圣祖康熙三十二年,江苏,无,丰县,无,《徐州志》,春，徐、萧、丰、沛俱大饥，人相食，命侍郎吴鹏赈恤。,无,v2,1,"仅存在于：v2；缺少：v1,v3,v4"
2763,1693,清圣祖康熙三十二年,江苏,无,沛县,无,《徐州志》,春，徐、萧、丰、沛俱大饥，人相食，命侍郎吴鹏赈恤。,无,v2,1,"仅存在于：v2；缺少：v1,v3,v4"
2764,1693,清圣祖康熙三十二年,江苏,无,萧县,无,《徐州志》,春，徐、萧、丰、沛俱大饥，人相食，命侍郎吴鹏赈恤。——康熙《徐州志》卷二祥异,无,"v1,v2",2,"仅存在于：v1,v2；缺少：v3,v4"
2765,1693,清圣祖康熙三十二年,江苏,徐州市,无,无,《徐州志》,江苏：徐州市等：春，徐、萧、丰、沛俱大饥，人相食，命侍郎吴鹏赈恤。——康熙《徐州志》卷二祥异,无,"v2,v3",2,"仅存在于：v2,v3；缺少：v1,v4"
2766,1693,清圣祖康熙三十二年,江苏,徐州市,丰,无,《徐州志》,春，徐、萧、丰、沛俱大饥，人相食，命侍郎吴鹏赈恤。——康熙《徐州志》卷二祥异,无,v4,1,"仅存在于：v4；缺少：v1,v2,v3"
2767,1693,清圣祖康熙三十二年,江苏,徐州市,徐,无,《徐州志》,春，徐、萧、丰、沛俱大饥，人相食，命侍郎吴鹏赈恤。——康熙《徐州志》卷二祥异,无,v4,1,"仅存在于：v4；缺少：v1,v2,v3"
2768,1693,清圣祖康熙三十二年,江苏,徐州市,沛,无,《徐州志》,春，徐、萧、丰、沛俱大饥，人相食，命侍郎吴鹏赈恤。——康熙《徐州志》卷二祥异,无,v4,1,"仅存在于：v4；缺少：v1,v2,v3"
2769,1693,清圣祖康熙三十二年,江苏,徐州市,萧,无,《徐州志》,春，徐、萧、丰、沛俱大饥，人相食，命侍郎吴鹏赈恤。——康熙《徐州志》卷二祥异,无,v4,1,"仅存在于：v4；缺少：v1,v2,v3"
2770,1697,清圣祖康熙三十六年,山西,无,临县,无,《临县志》,临县：大旱，斗米七钱余。民饥相食，南城外掘男女坑，日填饿殍。时瘟疫大作，虎狼啖人。——民国《临县志》卷三大事,无,v3,1,"仅存在于：v3；缺少：v1,v2,v4"
2771,1697,清圣祖康熙三十六年,河北,无,临县,无,《临县志》,临县：大旱，斗米七钱余。民饥相食，南城外掘男女坑，日填饿殍。时瘟疫大作，虎狼啖人。——民国《临县志》卷三大事,无,"v1,v2,v4",3,"仅存在于：v1,v2,v4；缺少：v3"
2772,1698,清圣祖康熙三十七年,山西,无,无,无,《清史稿》,康熙'三十七年（1698）春，平定、乐平大饥，人相食。'——《清史稿》卷四四《灾异志五》,无,v3,1,"仅存在于：v3；缺少：v1,v2,v4"
2773,1698,清圣祖康熙三十七年,山西,无,平定县,无,《平定州志》,平定县：春大饥，人相食。蠲免地丁钱粮，移榆次、徐沟、太古、文水四县仓谷米赈济。——乾隆《平定州志》卷二祥异,无,"v1,v2,v3,v4",4,
2774,1698,清圣祖康熙三十七年,山西,无,昔阳县,无,《乐平县志》,昔阳县：春大饥，人相食。蠲免二年地丁钱粮，仍拨谷赈济。——乾隆《乐平县志》卷二祥异,无,"v1,v2,v3,v4",4,
2775,1703,清圣祖康熙四十二年,山东,无,无,无,《清史稿》,冬，汶上、沂州、莒州、兖州、东昌、郓城大饥，人相食。——《清史稿》卷四四《灾异志五》,无,v4,1,"仅存在于：v4；缺少：v1,v2,v3"
2776,1703,清圣祖康熙四十二年,山东,无,文登县,无,雍正《文登县志》,文登县：是年通省饥馑，又值钱法更易，行使不便。夏秋复遭瘟疫，民死大半。榆皮柳叶采取一空，食屋草，啖人肉尤惨者。奉诏连免三年田租。——雍正《文登县志》卷一灾祥,无,v3,1,"仅存在于：v3；缺少：v1,v2,v4"
2777,1703,清圣祖康熙四十二年,山东,无,永年县,无,《清史稿》,夏，永年（邯郸东北）、东明（大名府之南部，山东曹州西）饥。秋，沛县、亳州、东阿、曲阜、蒲县（属隰州，非蒲城县）、滕县大饥。冬，汶上、沂州、莒州、兖州、东昌、郓城大饥，人相食。——《清史稿》卷四四《灾异志五》,无,v2,1,"仅存在于：v2；缺少：v1,v3,v4"
2778,1703,清圣祖康熙四十二年,山东,无,汶上县,无,康熙《续修汶上县志》,汶上县：大歉。赈饥，蠲免本年钱粮。至四十三年春，有相食者。——康熙《续修汶上县志》卷五灾祥,无,v3,1,"仅存在于：v3；缺少：v1,v2,v4"
2779,1703,清圣祖康熙四十二年,山东,无,聊城县,无,《聊城县志》,聊城县：夏五月，大雨。饥，人相食。——宣统《聊城县志》卷十一通纪,无,"v2,v3",2,"仅存在于：v2,v3；缺少：v1,v4"
2780,1703,清圣祖康熙四十二年,山东,无,茌平县,无,《茌平县志》,茌平县：夏，河复大决，舟行陆地。一省告饥，多有鬻妻卖子者，人相食。——康熙四十九年《茌平县志》卷一灾祥,无,v4,1,"仅存在于：v4；缺少：v1,v2,v3"
2781,1703,清圣祖康熙四十二年,山东,无,荏平县,无,《荏平县志》,荏平县：夏，河复大决，舟行陆地。一省告饥，多有鬻妻卖子者，人相食。——康熙四十九年《荏平县志》卷一灾祥,原文为'荏平县'，疑似'茌平县'的OCR错误,v3,1,"仅存在于：v3；缺少：v1,v2,v4"
2782,1703,清圣祖康熙四十二年,山东,无,荣成县,无,道光《荣成县志》,荣成县：是年通省饥馑，又值钱法更易，行使不便。夏秋复遭瘟疫，民死大半。其惨至食屋草，啖人肉。诏连免三年田租。——道光《荣成县志》卷一灾祥,无,v3,1,"仅存在于：v3；缺少：v1,v2,v4"
2783,1703,清圣祖康熙四十二年,山东,无,莘县,无,《莘县志》,莘县：翌日大雨，浃旬不止，洪水骤至，禾尽淹。岁饥，人相食。平原广衍中可通舟楫，南至南乐，北至府治，遍成泽国。——光绪《莘县志》卷四饥异,无,"v2,v3",2,"仅存在于：v2,v3；缺少：v1,v4"
2784,1703,清圣祖康熙四十二年,山东,无,蓬莱县,无,光绪《增修登州府志》,蓬莱县：春，各属大水，五月大旱，至八月不雨，无禾。大饥，人相食。——光绪《增修登州府志》卷二十三水旱,无,v3,1,"仅存在于：v3；缺少：v1,v2,v4"
2785,1703,清圣祖康熙四十二年,山东,无,郓城县,无,《清史稿》,冬，汶上、沂州、莒州、兖州、东昌、郓城大饥，人相食。——《清史稿》卷四四《灾异志五》,无,"v2,v3,v4",3,"仅存在于：v2,v3,v4；缺少：v1"
2786,1703,清圣祖康熙四十二年,山东,临沂,沂州,沂州,《清史稿》,冬，汶上、沂州、莒州、兖州、东昌、郓城大饥，人相食。——《清史稿》卷四四《灾异志五》,临沂为推测，原文为古代地名沂州,v3,1,"仅存在于：v3；缺少：v1,v2,v4"
2787,1703,清圣祖康熙四十二年,山东,威海市,文登区,文登县,《文登县志》,文登县：是年通省饥馑，又值钱法更易，行使不便。夏秋复遭瘟疫，民死大半。榆皮柳叶采取一空，食屋草，啖人肉尤惨者。奉诏连免三年田租。——雍正《文登县志》卷一灾祥,无,v1,1,"仅存在于：v1；缺少：v2,v3,v4"
2788,1703,清圣祖康熙四十二年,山东,威海市,文登县,无,《文登县志》,文登县：是年通省饥馑，又值钱法更易，行使不便。夏秋复遭瘟疫，民死大半。榆皮柳叶采取一空，食屋草，啖人肉尤惨者。奉诏连免三年田租。——雍正《文登县志》卷一灾祥,无,v4,1,"仅存在于：v4；缺少：v1,v2,v3"
2789,1703,清圣祖康熙四十二年,山东,威海市,荣成县,无,《荣成县志》,荣成县：是年通省饥馑，又值钱法更易，行使不便。夏秋复遭瘟疫，民死大半。其惨至食屋草，啖人肉。诏连免三年田租。——道光《荣成县志》卷一灾祥,无,v4,1,"仅存在于：v4；缺少：v1,v2,v3"
2790,1703,清圣祖康熙四十二年,山东,威海市,荣成市,荣成县,《荣成县志》,荣成县：是年通省饥馑，又值钱法更易，行使不便。夏秋复遭瘟疫，民死大半。其惨至食屋草，啖人肉。诏连免三年田租。——道光《荣成县志》卷一灾祥,无,v1,1,"仅存在于：v1；缺少：v2,v3,v4"
2791,1703,清圣祖康熙四十二年,山东,日照,莒州,莒州,《清史稿》,冬，汶上、沂州、莒州、兖州、东昌、郓城大饥，人相食。——《清史稿》卷四四《灾异志五》,日照为推测，原文为古代地名莒州,v3,1,"仅存在于：v3；缺少：v1,v2,v4"
2792,1703,清圣祖康熙四十二年,山东,济宁,兖州,兖州,《清史稿》,冬，汶上、沂州、莒州、兖州、东昌、郓城大饥，人相食。——《清史稿》卷四四《灾异志五》,济宁为推测，原文为古代地名兖州,v3,1,"仅存在于：v3；缺少：v1,v2,v4"
2793,1703,清圣祖康熙四十二年,山东,济宁市,汶上县,无,《续修汶上县志》,汶上县：大歉。赈饥，蠲免本年钱粮。至四十三年春，有相食者。——康熙《续修汶上县志》卷五灾祥,无,"v1,v4",2,"仅存在于：v1,v4；缺少：v2,v3"
2794,1703,清圣祖康熙四十二年,山东,烟台市,蓬莱县,无,《增修登州府志》,蓬莱县：春，各属大水，五月大旱，至八月不雨，无禾。大饥，人相食。——光绪《增修登州府志》卷二十三水旱,无,"v1,v4",2,"仅存在于：v1,v4；缺少：v2,v3"
2795,1703,清圣祖康熙四十二年,山东,聊城,东昌,东昌,《清史稿》,冬，汶上、沂州、莒州、兖州、东昌、郓城大饥，人相食。——《清史稿》卷四四《灾异志五》,聊城为推测，原文为古代地名东昌,v3,1,"仅存在于：v3；缺少：v1,v2,v4"
2796,1703,清圣祖康熙四十二年,山东,聊城市,东昌府区,聊城县,《聊城县志》,聊城县：夏五月，大雨。饥，人相食。——宣统《聊城县志》卷十一通纪,无,v1,1,"仅存在于：v1；缺少：v2,v3,v4"
2797,1703,清圣祖康熙四十二年,山东,聊城市,聊城县,无,《聊城县志》,聊城县：夏五月，大雨。饥，人相食。——宣统《聊城县志》卷十一通纪,无,v4,1,"仅存在于：v4；缺少：v1,v2,v3"
2798,1703,清圣祖康熙四十二年,山东,聊城市,茌平县,无,《荏平县志》,荏平县：夏，河复大决，舟行陆地。一省告饥，多有鬻妻卖子者，人相食。——康熙四十九年《荏平县志》卷一灾祥,无,v1,1,"仅存在于：v1；缺少：v2,v3,v4"
2799,1703,清圣祖康熙四十二年,山东,聊城市,莘县,无,《莘县志》,莘县：翌日大雨，浃旬不止，洪水骤至，禾尽淹。岁饥，人相食。平原广衍中可通舟楫，南至南乐，北至府治，遍成泽国。——光绪《莘县志》卷四饥异,无,"v1,v4",2,"仅存在于：v1,v4；缺少：v2,v3"
2800,1703,清圣祖康熙四十二年,山东,菏泽市,郓城县,无,《郓城县志》,郓城县：大水。民饥，人相食。——康熙《郓城县志》卷七灾祥,无,v1,1,"仅存在于：v1；缺少：v2,v3,v4"
2801,1704,清圣祖康熙四十三年,山东,无,东平,无,《东平州志》,东平县：春饥，人相食。蒙蠲赈。——乾隆《东平州志》卷二十灾祥,无,"v2,v4",2,"仅存在于：v2,v4；缺少：v1,v3"
2802,1704,清圣祖康熙四十三年,山东,无,临朐,无,《临朐县志》,临朐县：春夏大旱，人相食。秋七月，蚜鲂为灾。——光绪《临朐县志》卷十大事表,无,"v2,v4",2,"仅存在于：v2,v4；缺少：v1,v3"
2803,1704,清圣祖康熙四十三年,山东,无,利津,无,《利津县志续编》,利津县：大水，岁大饥，人相食。——乾隆《利津县志续编》卷九祥异,无,"v2,v4",2,"仅存在于：v2,v4；缺少：v1,v3"
2804,1704,清圣祖康熙四十三年,山东,无,博兴,无,《重修博兴县志》,博兴县：大饥，斗粟千钱，人相食。免三年租税，遣官赈济。——道光《重修博兴县志》卷十三祥异,无,"v2,v4",2,"仅存在于：v2,v4；缺少：v1,v3"
2805,1704,清圣祖康熙四十三年,山东,无,博山,无,《博山县志》,淄博市：大饥，人相食。次年亦如之。——乾隆《博山县志》卷四灾祥,原文为'淄博市'，此为现代地名，博山为原文所属县,v4,1,"仅存在于：v4；缺少：v1,v2,v3"
2806,1704,清圣祖康熙四十三年,山东,无,即墨,无,《即墨县志》,即墨县：春大饥，疫。饿殍相望，草根木皮立尽。蠲本年钱粮。——乾隆《即墨县志》卷十一灾祥,无,v4,1,"仅存在于：v4；缺少：v1,v2,v3"
2807,1704,清圣祖康熙四十三年,山东,无,威海,无,《威海卫志》,威海市：春大饥，饿死者枕藉，或烧死人食之。夏秋瘟疫盛行，民死几半。——乾隆《威海卫志》卷一灾祥,原文为'威海市'，此为现代地名，威海为原文所属地；'烧死人食之'为食人行为,v4,1,"仅存在于：v4；缺少：v1,v2,v3"
2808,1704,清圣祖康熙四十三年,山东,无,掖县,无,《清史稿》,昌邑、即墨、掖县、高密、胶州大饥，人相食。——《清史稿》卷四四《灾异志五》,无,"v2,v4",2,"仅存在于：v2,v4；缺少：v1,v3"
2809,1704,清圣祖康熙四十三年,山东,无,昌邑,无,《昌邑县志》,昌邑县：春大饥。子女鬻贩，人相食，白骨枕藉。大疫。——乾隆《昌邑县志》卷七祥异,无,"v2,v4",2,"仅存在于：v2,v4；缺少：v1,v3"
2810,1704,清圣祖康熙四十三年,山东,无,栖霞,无,《栖霞县续志》,栖霞县：通省大水，秋无禾。次年（1704年）春饥，人相食。诏蠲额赋，遣员分道赈济。——光绪《栖霞县续志》卷八祥异,无,"v2,v4",2,"仅存在于：v2,v4；缺少：v1,v3"
2811,1704,清圣祖康熙四十三年,山东,无,泰安,无,《泰安县志》,泰安县：春大饥。人相食，死者枕藉。——乾隆四十七年《泰安县志》卷十四祥异,无,"v2,v4",2,"仅存在于：v2,v4；缺少：v1,v3"
2812,1704,清圣祖康熙四十三年,山东,无,潍县,无,《潍县志稿》,潍坊市：旱。大饥，斗粟千钱，人相食。时又新颁大钱，旧钱不行，有怀数緡不得数升米者，贫者多携子女鬻于市。兼以大疫，人死十五六。——民国《潍县志稿》卷三通纪,原文为'潍坊市'，此为现代地名，潍县为原文所属县,v4,1,"仅存在于：v4；缺少：v1,v2,v3"
2813,1704,清圣祖康熙四十三年,山东,无,肥城,无,《清史稿》,肥城，东平大饥，人相食。——《清史稿》卷四四《灾异志五》,无,"v2,v4",2,"仅存在于：v2,v4；缺少：v1,v3"
2814,1704,清圣祖康熙四十三年,山东,无,胶州,无,《清史稿》,昌邑、即墨、掖县、高密、胶州大饥，人相食。——《清史稿》卷四四《灾异志五》,无,"v2,v4",2,"仅存在于：v2,v4；缺少：v1,v3"
2815,1704,清圣祖康熙四十三年,山东,无,高密,无,《高密县志》,高密县：大饥，人相食。斗粟银一两，民乏食，草根树皮无遗，死者相藉于道。夏大疫，村落尽墟。——康熙《高密县志》卷九祥异,无,"v2,v4",2,"仅存在于：v2,v4；缺少：v1,v3"
2816,1704,清圣祖康熙四十三年,山东,无,鱼台,无,《鱼台县志》,鱼台县：春大饥，人相食。——乾隆《鱼台县志》卷三灾祥,无,"v2,v4",2,"仅存在于：v2,v4；缺少：v1,v3"
2817,1704,清圣祖康熙四十三年,山东,无,黄县,无,《黄县志》,龙口市：大饥，斗栗银一两六钱，人至相食。——同治《黄县志》卷五祥异,原文为'龙口市'，此为现代地名，黄县为原文所属县,v4,1,"仅存在于：v4；缺少：v1,v2,v3"
2818,1704,清圣祖康熙四十三年,山东,无,龙口,无,《黄县志》,龙口市：大饥，斗栗银一两六钱，人至相食。——同治《黄县志》卷五祥异,无,v2,1,"仅存在于：v2；缺少：v1,v3,v4"
2819,1704,清圣祖康熙四十三年,山东,东平,东平,无,《东平州志》,东平县：春饥，人相食。蒙蠲赈。——乾隆《东平州志》卷二十灾祥,无,v3,1,"仅存在于：v3；缺少：v1,v2,v4"
2820,1704,清圣祖康熙四十三年,山东,临朐,临朐,无,《临朐县志》,临朐县：春夏大旱，人相食。秋七月，蚜鲂为灾。——光绪《临朐县志》卷十大事表,无,v3,1,"仅存在于：v3；缺少：v1,v2,v4"
2821,1704,清圣祖康熙四十三年,山东,利津,利津,无,《利津县志续编》,利津县：大水，岁大饥，人相食。——乾隆《利津县志续编》卷九祥异,无,v3,1,"仅存在于：v3；缺少：v1,v2,v4"
2822,1704,清圣祖康熙四十三年,山东,博兴,博兴,无,《重修博兴县志》,博兴县：大饥，斗粟千钱，人相食。免三年租税，遣官赈济。——道光《重修博兴县志》卷十三祥异,无,v3,1,"仅存在于：v3；缺少：v1,v2,v4"
2823,1704,清圣祖康熙四十三年,山东,博山,博山,无,《博山县志》,淄博市：大饥，人相食。次年亦如之。——乾隆《博山县志》卷四灾祥,无,v3,1,"仅存在于：v3；缺少：v1,v2,v4"
2824,1704,清圣祖康熙四十三年,山东,即墨,即墨,无,《即墨县志》,即墨县：春大饥，疫。饿殍相望，草根木皮立尽。蠲本年钱粮。——乾隆《即墨县志》卷十一灾祥,无,v3,1,"仅存在于：v3；缺少：v1,v2,v4"
2825,1704,清圣祖康熙四十三年,山东,威海,威海,无,《威海卫志》,威海市：春大饥，饿死者枕藉，或烧死人食之。夏秋瘟疫盛行，民死几半。——乾隆《威海卫志》卷一灾祥,无,v3,1,"仅存在于：v3；缺少：v1,v2,v4"
2826,1704,清圣祖康熙四十三年,山东,威海市,无,无,《威海卫志》,威海市：春大饥，饿死者枕藉，或烧死人食之。夏秋瘟疫盛行，民死几半。——乾隆《威海卫志》卷一灾祥,无,"v1,v2",2,"仅存在于：v1,v2；缺少：v3,v4"
2827,1704,清圣祖康熙四十三年,山东,掖县,掖县,无,《掖县志》,掖县：大饥，疫。人相食，道瘞相充塞。——乾隆《掖县志》卷五祥异,无,v3,1,"仅存在于：v3；缺少：v1,v2,v4"
2828,1704,清圣祖康熙四十三年,山东,昌邑,昌邑,无,《清史稿》,昌邑大饥，人相食。——《清史稿》卷四四《灾异志五》,无,v3,1,"仅存在于：v3；缺少：v1,v2,v4"
2829,1704,清圣祖康熙四十三年,山东,泰安,泰安,无,《泰安县志》,泰安县：春大饥。人相食，死者枕藉。——乾隆四十七年《泰安县志》卷十四祥异,无,v3,1,"仅存在于：v3；缺少：v1,v2,v4"
2830,1704,清圣祖康熙四十三年,山东,泰安市,东平县,无,《东平州志》,东平县：春饥，人相食。蒙蠲赈。——乾隆《东平州志》卷二十灾祥,无,v1,1,"仅存在于：v1；缺少：v2,v3,v4"
2831,1704,清圣祖康熙四十三年,山东,泰安市,泰安区,无,《清史稿》,泰安大饥，人相食，死者枕藉。肥城，东平大饥，人相食。武定（惠民）、滨州（武定东）、商河（武定西南）、阳信（武定北）、利津、沾化饥；兖州、登州大饥，民死大半，至食屋草；昌邑、即墨、掖县、高密、胶州大饥，人相食。——《清史稿》卷四四《灾异志五》,无,v1,1,"仅存在于：v1；缺少：v2,v3,v4"
2832,1704,清圣祖康熙四十三年,山东,泰安市,泰山区,无,《泰安县志》,泰安县：春大饥。人相食，死者枕藉。——乾隆四十七年《泰安县志》卷十四祥异,无,v1,1,"仅存在于：v1；缺少：v2,v3,v4"
2833,1704,清圣祖康熙四十三年,山东,济宁市,鱼台县,无,《鱼台县志》,鱼台县：春大饥，人相食。——乾隆《鱼台县志》卷三灾祥,无,v1,1,"仅存在于：v1；缺少：v2,v3,v4"
2834,1704,清圣祖康熙四十三年,山东,淄博市,无,无,《博山县志》,淄博市：大饥，人相食。次年亦如之。——乾隆《博山县志》卷四灾祥,无,v2,1,"仅存在于：v2；缺少：v1,v3,v4"
2835,1704,清圣祖康熙四十三年,山东,淄博市,博山区,无,《博山县志》,淄博市：大饥，人相食。次年亦如之。——乾隆《博山县志》卷四灾祥,无,v1,1,"仅存在于：v1；缺少：v2,v3,v4"
2836,1704,清圣祖康熙四十三年,山东,滨州市,利津县,无,《利津县志续编》,利津县：大水，岁大饥，人相食。——乾隆《利津县志续编》卷九祥异,无,v1,1,"仅存在于：v1；缺少：v2,v3,v4"
2837,1704,清圣祖康熙四十三年,山东,滨州市,博兴县,无,《重修博兴县志》,博兴县：大饥，斗粟千钱，人相食。免三年租税，遣官赈济。——道光《重修博兴县志》卷十三祥异,无,v1,1,"仅存在于：v1；缺少：v2,v3,v4"
2838,1704,清圣祖康熙四十三年,山东,潍县,潍县,无,《潍县志稿》,潍坊市：旱。大饥，斗粟千钱，人相食。时又新颁大钱，旧钱不行，有怀数緡不得数升米者，贫者多携子女鬻于市。兼以大疫，人死十五六。——民国《潍县志稿》卷三通纪,无,v3,1,"仅存在于：v3；缺少：v1,v2,v4"
2839,1704,清圣祖康熙四十三年,山东,潍坊市,无,无,《潍县志稿》,潍坊市：旱。大饥，斗粟千钱，人相食。时又新颁大钱，旧钱不行，有怀数緡不得数升米者，贫者多携子女鬻于市。兼以大疫，人死十五六。——民国《潍县志稿》卷三通纪,无,v2,1,"仅存在于：v2；缺少：v1,v3,v4"
2840,1704,清圣祖康熙四十三年,山东,潍坊市,临朐县,无,《临朐县志》,临朐县：春夏大旱，人相食。秋七月，蚜鲂为灾。——光绪《临朐县志》卷十大事表,无,v1,1,"仅存在于：v1；缺少：v2,v3,v4"
2841,1704,清圣祖康熙四十三年,山东,潍坊市,昌邑县,无,《昌邑县志》,昌邑县：春大饥。子女鬻贩，人相食，白骨枕藉。大疫。——乾隆《昌邑县志》卷七祥异,无,v1,1,"仅存在于：v1；缺少：v2,v3,v4"
2842,1704,清圣祖康熙四十三年,山东,潍坊市,潍城区,无,《潍县志稿》,潍坊市：旱。大饥，斗粟千钱，人相食。时又新颁大钱，旧钱不行，有怀数緡不得数升米者，贫者多携子女鬻于市。兼以大疫，人死十五六。——民国《潍县志稿》卷三通纪,无,v1,1,"仅存在于：v1；缺少：v2,v3,v4"
2843,1704,清圣祖康熙四十三年,山东,潍坊市,高密市,无,《高密县志》,高密县：大饥，人相食。斗粟银一两，民乏食，草根树皮无遗，死者相藉于道。夏大疫，村落尽墟。——康熙《高密县志》卷九祥异,无,v1,1,"仅存在于：v1；缺少：v2,v3,v4"
2844,1704,清圣祖康熙四十三年,山东,烟台市,栖霞市,无,《栖霞县续志》,栖霞县：通省大水，秋无禾。次年（1704年）春饥，人相食。诏蠲额赋，遣员分道赈济。——光绪《栖霞县续志》卷八祥异,无,v1,1,"仅存在于：v1；缺少：v2,v3,v4"
2845,1704,清圣祖康熙四十三年,山东,烟台市,莱州市,无,《掖县志》,掖县：大饥，疫。人相食，道瘞相充塞。——乾隆《掖县志》卷五祥异,无,v1,1,"仅存在于：v1；缺少：v2,v3,v4"
2846,1704,清圣祖康熙四十三年,山东,烟台市,龙口市,无,《黄县志》,龙口市：大饥，斗栗银一两六钱，人至相食。——同治《黄县志》卷五祥异,无,v1,1,"仅存在于：v1；缺少：v2,v3,v4"
2847,1704,清圣祖康熙四十三年,山东,肥城,肥城,无,《清史稿》,肥城大饥，人相食。——《清史稿》卷四四《灾异志五》,无,v3,1,"仅存在于：v3；缺少：v1,v2,v4"
2848,1704,清圣祖康熙四十三年,山东,胶州,胶州,无,《胶州志》,胶县：春大饥，人相食。蠲今明年租税。大疫。——乾隆《胶州志》卷六大事纪,无,v3,1,"仅存在于：v3；缺少：v1,v2,v4"
2849,1704,清圣祖康熙四十三年,山东,青岛市,即墨市,无,《即墨县志》,即墨县：春大饥，疫。饿殍相望，草根木皮立尽。蠲本年钱粮。——乾隆《即墨县志》卷十一灾祥,无,v1,1,"仅存在于：v1；缺少：v2,v3,v4"
2850,1704,清圣祖康熙四十三年,山东,青岛市,胶州市,无,《胶州志》,胶县：春大饥，人相食。蠲今明年租税。大疫。——乾隆《胶州志》卷六大事纪,无,v1,1,"仅存在于：v1；缺少：v2,v3,v4"
2851,1704,清圣祖康熙四十三年,山东,高密,高密,无,《高密县志》,高密县：大饥，人相食。斗粟银一两，民乏食，草根树皮无遗，死者相藉于道。夏大疫，村落尽墟。——康熙《高密县志》卷九祥异,无,v3,1,"仅存在于：v3；缺少：v1,v2,v4"
2852,1704,清圣祖康熙四十三年,山东,鱼台,鱼台,无,《鱼台县志》,鱼台县：春大饥，人相食。——乾隆《鱼台县志》卷三灾祥,无,v3,1,"仅存在于：v3；缺少：v1,v2,v4"
2853,1704,清圣祖康熙四十三年,山东,黄县,黄县,无,《黄县志》,龙口市：大饥，斗栗银一两六钱，人至相食。——同治《黄县志》卷五祥异,无,v3,1,"仅存在于：v3；缺少：v1,v2,v4"
2854,1709,清圣祖康熙四十八年,江苏,无,沛县,无,《徐州府志》,沛县：沛大饥，人相食，已大旱疫。——同治《徐州府志》卷二十五,无,"v1,v3,v4",3,"仅存在于：v1,v3,v4；缺少：v2"
2855,1710,清圣祖康熙四十九年,河南,无,开封县,无,《陈留县志》,开封县：岁饥，饿殍载道，人相食。——宣统《陈留县志》卷三十六善人,无,"v2,v4",2,"仅存在于：v2,v4；缺少：v1,v3"
2856,1710,清圣祖康熙四十九年,河南,开封,开封县,无,《陈留县志》,开封县：岁饥，饿殍载道，人相食。——宣统《陈留县志》卷三十六善人,无,"v1,v3",2,"仅存在于：v1,v3；缺少：v2,v4"
2857,1721,清圣祖康熙六十年,河南,无,正阳县,无,《正阳县志》,正阳县：春大饥，人相食。——嘉庆《正阳县志》卷九祥异,无,"v1,v2,v3,v4",4,
2858,1730,清世宗雍正八年,陕西,无,佳县,无,《葭州志》,陕西：佳县：大饥，死者积野，人相食，又大疫。——嘉庆《葭州志》卷下灾祥,无,"v1,v2,v3,v4",4,
2859,1731,清世宗雍正九年,山东,无,平度县,无,《平度县乡土志》,平度县：大饥，人相食。——光绪《平度县乡土志》卷四耆旧,无,"v1,v2,v3",3,"仅存在于：v1,v2,v3；缺少：v4"
2860,1731,清世宗雍正九年,山东,无,滕县,无,《滕县志》,滕县：大水。米价如珠，藻满市，人相食。——道光《滕县志》卷五灾祥,无,"v1,v2,v3",3,"仅存在于：v1,v2,v3；缺少：v4"
2861,1731,清世宗雍正九年,山东,平度县,无,无,《平度县乡土志》,平度县：大饥，人相食。——光绪《平度县乡土志》卷四耆旧,无,v4,1,"仅存在于：v4；缺少：v1,v2,v3"
2862,1731,清世宗雍正九年,山东,滕县,无,无,《滕县志》,滕县：大水。米价如珠，藻满市，人相食。——道光《滕县志》卷五灾祥,无,v4,1,"仅存在于：v4；缺少：v1,v2,v3"
2863,1742,清高宗乾隆七年,安徽,无,蒙城县,无,《蒙城县志》,安徽：蒙城县：复大水，人相食。——同治《蒙城县志》卷十二祥异,无,"v1,v2,v3,v4",4,
2864,1743,清高宗乾隆八年,湖北,老河口市,无,无,《光化县志》,湖北：老河口市：春饥，人相食。——光绪《光化县志》卷八祥异,无,"v1,v2,v3,v4",4,
2865,1746,清高宗乾隆十一年,山东,潍坊市,无,无,《潍县志稿》,山东：潍坊市：丙寅、丁卯年间岁连歉，人相食，斗粟值钱千百。——民国《潍县志稿》卷四十二杂稽,无,"v1,v2,v3",3,"仅存在于：v1,v2,v3；缺少：v4"
2866,1746,清高宗乾隆十一年,山东,潍坊市,潍坊,无,《潍县志稿》,山东：潍坊市：丙寅、丁卯年间岁连歉，人相食，斗粟值钱千百。——民国《潍县志稿》卷四十二杂稽,无,v4,1,"仅存在于：v4；缺少：v1,v2,v3"
2867,1747,清高宗乾隆十二年,山东,无,汶上县,无,《四续汶上县志稿》,汶上县：夏旱，蝗。岁大饥，人相食。——宣统《四续汶上县志稿》灾祥,无,"v1,v2,v3,v4",4,
2868,1747,清高宗乾隆十二年,山东,无,泗水县,无,《泗水县志》,泗水县：岁大减，人相食。——光绪《泗水县志》卷十四灾祥,无,"v1,v2,v3,v4",4,
2869,1747,清高宗乾隆十二年,山东,临沂市,郯城,无,《沂州府志》,临沂市等：春，蒙阴大雨雪。郯城旱，人相食。夏四月，日照雨雹。五月，兰山、郯城、莒州、蒙阴、日照大水。蒙阴大疫，秋大饥，赈济。——乾隆《沂州府志》卷十六,无,"v1,v4",2,"仅存在于：v1,v4；缺少：v2,v3"
2870,1747,清高宗乾隆十二年,山东,临沂市,郯城县,无,《沂州府志》,郯城旱，人相食,无,v3,1,"仅存在于：v3；缺少：v1,v2,v4"
2871,1748,清高宗乾隆十三年,山东,无,无,泰安,《泰安县志》,春大饥，人相食。夏大疫。——乾隆《泰安县志》卷末祥异,泰安市为推测，原文为泰安县,v1,1,"仅存在于：v1；缺少：v2,v3,v4"
2872,1748,清高宗乾隆十三年,山东,无,滕县,无,《滕县志》,藤县：五月十三日，雨雹，大如臼，民房舍坏损无算。麦被虫害。人相食。——道光《滕县志》卷五灾祥,无,"v1,v2",2,"仅存在于：v1,v2；缺少：v3,v4"
2873,1748,清高宗乾隆十三年,山东,无,藤县,无,《滕县志》,五月十三日，雨雹，大如臼，民房舍坏损无算。麦被虫害。人相食。——道光《滕县志》卷五灾祥,疑似OCR错误：原文为'藤县'，疑为'滕县',"v3,v4",2,"仅存在于：v3,v4；缺少：v1,v2"
2874,1748,清高宗乾隆十三年,山东,泰安市,无,无,《泰安县志》,泰安市：春大饥，人相食。夏大疫。——乾隆《泰安县志》卷末祥异,无,"v2,v3,v4",3,"仅存在于：v2,v3,v4；缺少：v1"
2875,1755,清高宗乾隆二十年,河南,无,原阳县,无,《阳武县志》,原阳县：春，烈风昼晦，麦槁。秋旱，大饥，人相食。冬赈。——民国《阳武县志》卷一通纪,无,"v1,v2,v3,v4",4,
2876,1756,清高宗乾隆二十一年,河南,无,正阳县,无,《正阳县志》,正阳县：大饥，人相食。二十二年如之。——嘉庆《正阳县志》卷九祥异,无,"v1,v2,v3,v4",4,
2877,1757,清高宗乾隆二十二年,河北,无,馆陶县,无,《华北、东北近五百年旱涝史料》,馆陶县：旱蝗为灾，人相食。——《华北、东北近五百年旱涝史料》第三分册，第42页。,无,"v1,v2,v3,v4",4,
2878,1757,清高宗乾隆二十二年,河南,无,正阳县,无,《正阳县志》,正阳县：大饥，人相食。——嘉庆《正阳县志》卷九祥异,无,"v1,v2,v3,v4",4,
2879,1759,清高宗乾隆二十四年,山西,无,离石县,无,《永宁州志》,离石县：大饥，至食泥土，相传人犬相食。——光绪《永宁州志》卷三十一灾祥,离石县现为吕梁市离石区，据推测原文指今吕梁市,"v1,v3,v4",3,"仅存在于：v1,v3,v4；缺少：v2"
2880,1759,清高宗乾隆二十四年,山西,离石县,离石县,无,《永宁州志》,离石县：大饥，至食泥土，相传人犬相食。——光绪《永宁州志》卷三十一灾祥,无,v2,1,"仅存在于：v2；缺少：v1,v3,v4"
2881,1759,清高宗乾隆二十四年,河南,无,林县,无,《续林县志》,林县：岁荒，人相食。——咸丰《续林县志》卷一祥异,林县2023年撤县设市为林州市，据推测原文指今安阳市林州市,"v1,v3,v4",3,"仅存在于：v1,v3,v4；缺少：v2"
2882,1759,清高宗乾隆二十四年,河南,林县,林县,无,《续林县志》,林县：岁荒，人相食。——咸丰《续林县志》卷一祥异,无,v2,1,"仅存在于：v2；缺少：v1,v3,v4"
2883,1774,清高宗乾隆三十九年,山东,青州市,无,益都,《华北、东北近五百年旱涝史料》,青州市（益都）：大饥，人相食。——《华北、东北近五百年旱涝史料》第三分册，第15页。,无,v3,1,"仅存在于：v3；缺少：v1,v2,v4"
2884,1774,清高宗乾隆三十九年,山东,青州市,益都,无,《华北、东北近五百年旱涝史料》,山东：青州市（益都）：大饥，人相食。——《华北、东北近五百年旱涝史料》第三分册，第15页。,无,"v1,v2,v4",3,"仅存在于：v1,v2,v4；缺少：v3"
2885,1777,清高宗乾隆四十二年,山东,无,济阳,无,《济阳县志》,山东济阳县：大旱。自二月至八月无雨，一粒不收，人将相食。普蠲天下钱粮，仍分三年轮免。——民国《济阳县志》卷二十祥异,无,v1,1,"仅存在于：v1；缺少：v2,v3,v4"
2886,1777,清高宗乾隆四十二年,山东,无,济阳县,无,《济阳县志》,山东：济阳县：大旱。自二月至八月无雨，一粒不收，人将相食。普蠲天下钱粮，仍分三年轮免。——民国《济阳县志》卷二十祥异,无,"v2,v3,v4",3,"仅存在于：v2,v3,v4；缺少：v1"
2887,1779,清高宗乾隆四十四年,四川,无,忠县,无,《忠州直录州志》,四川：忠县：春，民大饥，斗米一千六百钱，道雍相望，人相食。——道光《忠州直录州志》卷四祥异,无,"v1,v3,v4",3,"仅存在于：v1,v3,v4；缺少：v2"
2888,1779,清高宗乾隆四十四年,重庆,重庆,忠县,无,《忠州直录州志》,忠县：春，民大饥，斗米一千六百钱，道雍相望，人相食。——道光《忠州直录州志》卷四祥异,无,v2,1,"仅存在于：v2；缺少：v1,v3,v4"
2889,1784,清高宗乾隆四十九年,山东,无,单县,无,《单县志》,单县：甲辰岁春旱，迄丙午春，民饥多疫，人相食。盖百年罕有之荒也。——民国《单县志》卷十八艺文,无,"v1,v2,v3,v4",4,
2890,1785,清高宗乾隆五十年,安徽,无,怀宁,无,《怀宁县志》,怀宁县：大饥，人相食。——道光《怀宁县志》卷二祥异,无,"v1,v3",2,"仅存在于：v1,v3；缺少：v2,v4"
2891,1785,清高宗乾隆五十年,安徽,无,怀宁县,无,《怀宁县志》,怀宁县：大饥，人相食。——道光《怀宁县志》卷二祥异,无,v2,1,"仅存在于：v2；缺少：v1,v3,v4"
2892,1785,清高宗乾隆五十年,安徽,无,霍邱,无,《霍邱县志》,霍邱县：大旱。斗米一千一百有奇。人相食，民死十之四，且有阖家死者。——道光《霍邱县志》卷十二灾异,无,"v1,v3,v4",3,"仅存在于：v1,v3,v4；缺少：v2"
2893,1785,清高宗乾隆五十年,安徽,无,霍邱县,无,《霍邱县志》,霍邱县：大旱。斗米一千一百有奇。人相食，民死十之四，且有阖家死者。——道光《霍邱县志》卷十二灾异,无,v2,1,"仅存在于：v2；缺少：v1,v3,v4"
2894,1785,清高宗乾隆五十年,安徽,亳州市,无,无,《亳州志》,亳州市：秋冬大饥，斗麦千钱，人相食。——道光《亳州志》卷四十祥异,无,"v1,v2,v3,v4",4,
2895,1785,清高宗乾隆五十年,安徽,安庆市,怀宁,无,《怀宁县志》,怀宁县：大饥，人相食。——道光《怀宁县志》卷二祥异,无,v4,1,"仅存在于：v4；缺少：v1,v2,v3"
2896,1785,清高宗乾隆五十年,山东,无,临朐,无,《临朐县志》,临朐县：大饥，父子相食。——光绪《临朐县志》卷十大事表,无,"v1,v3,v4",3,"仅存在于：v1,v3,v4；缺少：v2"
2897,1785,清高宗乾隆五十年,山东,无,临朐县,无,《临朐县志》,临朐县：大饥，父子相食。——光绪《临朐县志》卷十大事表,无,v2,1,"仅存在于：v2；缺少：v1,v3,v4"
2898,1785,清高宗乾隆五十年,山东,无,历城,无,《续修历城县志》,历城县：旱。大饥，人相食。——民国《续修历城县志》卷一总纪,无,"v1,v3",2,"仅存在于：v1,v3；缺少：v2,v4"
2899,1785,清高宗乾隆五十年,山东,无,历城县,无,《续修历城县志》,历城县：旱。大饥，人相食。——民国《续修历城县志》卷一总纪,无,v2,1,"仅存在于：v2；缺少：v1,v3,v4"
2900,1785,清高宗乾隆五十年,山东,无,商河,无,《华北、东北近五百年旱涝史料》,商河县：大旱，人相食。——《华北、东北近五百年旱涝史料》第三分册，第43页。,无,"v1,v3,v4",3,"仅存在于：v1,v3,v4；缺少：v2"
2901,1785,清高宗乾隆五十年,山东,无,商河县,无,《华北、东北近五百年旱涝史料》,商河县：大旱，人相食。——《华北、东北近五百年旱涝史料》第三分册，第43页。,无,v2,1,"仅存在于：v2；缺少：v1,v3,v4"
2902,1785,清高宗乾隆五十年,山东,无,安丘,无,《清史稿》卷四四,乾隆五十年（1785年）秋，（山东）寿光、昌乐、安丘、诸城大饥，父子相食。——《清史稿》卷四四《灾异志五》,无,"v2,v3,v4",3,"仅存在于：v2,v3,v4；缺少：v1"
2903,1785,清高宗乾隆五十年,山东,无,寿光,无,《清史稿》卷四四,乾隆五十年（1785年）秋，（山东）寿光、昌乐、安丘、诸城大饥，父子相食。——《清史稿》卷四四《灾异志五》,无,"v1,v2,v3,v4",4,
2904,1785,清高宗乾隆五十年,山东,无,昌乐,无,《清史稿》卷四四,乾隆五十年（1785年）秋，（山东）寿光、昌乐、安丘、诸城大饥，父子相食。——《清史稿》卷四四《灾异志五》,无,"v2,v3,v4",3,"仅存在于：v2,v3,v4；缺少：v1"
2905,1785,清高宗乾隆五十年,山东,无,诸城,无,《清史稿》卷四四,乾隆五十年（1785年）秋，（山东）寿光、昌乐、安丘、诸城大饥，父子相食。——《清史稿》卷四四《灾异志五》,无,"v2,v3,v4",3,"仅存在于：v2,v3,v4；缺少：v1"
2906,1785,清高宗乾隆五十年,山东,无,阳谷,无,《华北、东北近五百年旱涝史料》,阳谷县：大旱，人相食。——《华北、东北近五百年旱涝史料》第三分册，第43页。,无,"v1,v3,v4",3,"仅存在于：v1,v3,v4；缺少：v2"
2907,1785,清高宗乾隆五十年,山东,无,阳谷县,无,《华北、东北近五百年旱涝史料》,阳谷县：大旱，人相食。——《华北、东北近五百年旱涝史料》第三分册，第43页。,无,v2,1,"仅存在于：v2；缺少：v1,v3,v4"
2908,1785,清高宗乾隆五十年,山东,无,齐河,无,《齐河县志》,齐河县：大旱。饥，人相食。——民国《齐河县志》大事记,无,"v1,v3,v4",3,"仅存在于：v1,v3,v4；缺少：v2"
2909,1785,清高宗乾隆五十年,山东,无,齐河县,无,《齐河县志》,齐河县：大旱。饥，人相食。——民国《齐河县志》大事记,无,v2,1,"仅存在于：v2；缺少：v1,v3,v4"
2910,1785,清高宗乾隆五十年,山东,济南市,历城,无,《续修历城县志》,历城县：旱。大饥，人相食。——民国《续修历城县志》卷一总纪,无,v4,1,"仅存在于：v4；缺少：v1,v2,v3"
2911,1785,清高宗乾隆五十年,山东,淄博市,无,无,《华北、东北近五百年旱涝史料》,淄博市：旱，大饥，人相食。——《华北、东北近五百年旱涝史料》第三分册，第16页。,无,"v1,v2,v3,v4",4,
2912,1785,清高宗乾隆五十年,江苏,无,盐城,无,《盐城县志》,盐城市：大旱，斗米千钱，人相食。——光绪《盐城县志》卷十七祥异,无,v3,1,"仅存在于：v3；缺少：v1,v2,v4"
2913,1785,清高宗乾隆五十年,江苏,无,阜宁,无,《湖乡分志》,阜宁县：大旱，蝗。次年春大荒，人相食。——光绪《湖乡分志》卷九灾异,无,"v1,v3,v4",3,"仅存在于：v1,v3,v4；缺少：v2"
2914,1785,清高宗乾隆五十年,江苏,无,阜宁县,无,《湖乡分志》,阜宁县：大旱，蝗。次年春大荒，人相食。——光绪《湖乡分志》卷九灾异,无,v2,1,"仅存在于：v2；缺少：v1,v3,v4"
2915,1785,清高宗乾隆五十年,江苏,盐城市,无,无,《盐城县志》,盐城市：大旱，斗米千钱，人相食。——光绪《盐城县志》卷十七祥异,无,"v1,v2,v4",3,"仅存在于：v1,v2,v4；缺少：v3"
2916,1785,清高宗乾隆五十年,河南,无,宁陵,无,《宁陵县志》,宁陵县：大旱，赤地千里。宁邑尤甚，民饥相食，死亡流离十去六七，千里萧条。——宣统《宁陵县志》卷终祥异,无,"v1,v3,v4",3,"仅存在于：v1,v3,v4；缺少：v2"
2917,1785,清高宗乾隆五十年,河南,无,宁陵县,无,《宁陵县志》,宁陵县：大旱，赤地千里。宁邑尤甚，民饥相食，死亡流离十去六七，千里萧条。——宣统《宁陵县志》卷终祥异,无,v2,1,"仅存在于：v2；缺少：v1,v3,v4"
2918,1785,清高宗乾隆五十年,河南,无,息,无,《息县志》,息县：大旱，四月至七月始雨，仅有荞麦。陈、蔡等郡饥民就食者众，斗米千文钱，人相食。——嘉庆《息县志》卷八内纪,无,"v1,v3,v4",3,"仅存在于：v1,v3,v4；缺少：v2"
2919,1785,清高宗乾隆五十年,河南,无,息县,无,《息县志》,息县：大旱，四月至七月始雨，仅有荞麦。陈、蔡等郡饥民就食者众，斗米千文钱，人相食。——嘉庆《息县志》卷八内纪,无,v2,1,"仅存在于：v2；缺少：v1,v3,v4"
2920,1785,清高宗乾隆五十年,河南,无,鹿邑,无,《鹿邑县志》,鹿邑县：岁饥，人相食。——光绪《鹿邑县志》卷十四人物,无,"v1,v3,v4",3,"仅存在于：v1,v3,v4；缺少：v2"
2921,1785,清高宗乾隆五十年,河南,无,鹿邑县,无,《鹿邑县志》,鹿邑县：岁饥，人相食。——光绪《鹿邑县志》卷十四人物,无,v2,1,"仅存在于：v2；缺少：v1,v3,v4"
2922,1786,清高宗乾隆五十一年,安徽,无,六安县,无,《六安直录州志》,六安县：春大饥，升米百钱，人相食。瘟疫死者无数。——嘉庆《六安直录州志》卷三十二纪事,无,"v2,v4",2,"仅存在于：v2,v4；缺少：v1,v3"
2923,1786,清高宗乾隆五十一年,安徽,六安市,六安县,无,《六安直录州志》,六安县：春大饥，升米百钱，人相食。瘟疫死者无数。——嘉庆《六安直录州志》卷三十二纪事,无,v3,1,"仅存在于：v3；缺少：v1,v2,v4"
2924,1786,清高宗乾隆五十一年,安徽,六安市,六安州,六安直录州,《六安直录州志》,六安县：春大饥，升米百钱，人相食。瘟疫死者无数。——嘉庆《六安直录州志》卷三十二纪事,"原文为""直录州""，为推测，原文为""六安直录州""",v1,1,"仅存在于：v1；缺少：v2,v3,v4"
2925,1786,清高宗乾隆五十一年,山东,无,无,无,《清史稿》,"山东：乾隆五十一年（1786年）""春，山东各府、州、县大饥，人相食。""——《清史稿》卷四四《灾异志五》",无,"v3,v4",2,"仅存在于：v3,v4；缺少：v1,v2"
2926,1786,清高宗乾隆五十一年,山东,无,东阿县,无,《东阿县志》,东阿县：大饥，人相食。——道光《东阿县志》卷二十三祥异,无,"v2,v4",2,"仅存在于：v2,v4；缺少：v1,v3"
2927,1786,清高宗乾隆五十一年,山东,无,单县,无,《单县志》,单县：大疫。岁凶，人相食。——民国《单县志》卷十四物异,无,"v2,v4",2,"仅存在于：v2,v4；缺少：v1,v3"
2928,1786,清高宗乾隆五十一年,山东,无,城武县,无,《城武县志》,成武县：春大饥，人相食，死者无算。——道光《城武县志》卷十三祥禄,无,"v2,v4",2,"仅存在于：v2,v4；缺少：v1,v3"
2929,1786,清高宗乾隆五十一年,山东,无,宁阳县,无,《宁阳县志》,宁阳县：春大饥，斗米万钱，人相食。秋大稔。——咸丰《宁阳县志》卷十灾祥,无,"v2,v4",2,"仅存在于：v2,v4；缺少：v1,v3"
2930,1786,清高宗乾隆五十一年,山东,无,定陶县,无,《定陶县志》,定陶县：大饥，人相食，死者无算。——民国《定陶县志》卷九灾异,无,"v2,v4",2,"仅存在于：v2,v4；缺少：v1,v3"
2931,1786,清高宗乾隆五十一年,山东,无,寿光县,无,《寿光县志》,寿光县：岁大饥，人相食，流亡关外者载道。四月，疫。——民国《寿光县志》卷十五编年,无,"v2,v4",2,"仅存在于：v2,v4；缺少：v1,v3"
2932,1786,清高宗乾隆五十一年,山东,无,汶上县,无,《四续汶上县志稿》,汶上县：大饥，人相食。至荞麦花，疫盛行，人死十六七。——宣统《四续汶上县志稿》灾祥,无,"v2,v4",2,"仅存在于：v2,v4；缺少：v1,v3"
2933,1786,清高宗乾隆五十一年,山东,无,沂水县,无,《沂水县志》,沂水县：春大饥，人相食。——道光《沂水县志》卷九祥异,无,"v2,v4",2,"仅存在于：v2,v4；缺少：v1,v3"
2934,1786,清高宗乾隆五十一年,山东,无,泗水县,无,《泗水县志》,泗水县：大饥，人相食。至秋丰稔。——光绪《泗水县志》卷十四灾祥,无,"v2,v4",2,"仅存在于：v2,v4；缺少：v1,v3"
2935,1786,清高宗乾隆五十一年,山东,无,滋阳县,无,《滋阳县志》,兖州县：春大饥，人相食。——光绪《滋阳县志》卷六灾祥,无,"v2,v4",2,"仅存在于：v2,v4；缺少：v1,v3"
2936,1786,清高宗乾隆五十一年,山东,无,滕县,无,《滕县志》,藤县：春大饥，人相食。——道光《滕县志》卷五灾祥,无,"v2,v4",2,"仅存在于：v2,v4；缺少：v1,v3"
2937,1786,清高宗乾隆五十一年,山东,无,肥城县,无,《肥城县新志》,肥城县：春大饥，人相食。麦秋皆大熟。——嘉庆《肥城县新志》卷十六祥异,无,"v2,v4",2,"仅存在于：v2,v4；缺少：v1,v3"
2938,1786,清高宗乾隆五十一年,山东,无,莒县,无,《重修莒志》,莒县：春大饥，斗粟千钱，人相食。夏大疫，死者不可胜计。——民国《重修莒志》卷二大事记,无,"v2,v4",2,"仅存在于：v2,v4；缺少：v1,v3"
2939,1786,清高宗乾隆五十一年,山东,无,郓城县,无,《郓城县志》,郓城县：春，人相食。——光绪《郓城县志》卷九灾祥,无,"v2,v4",2,"仅存在于：v2,v4；缺少：v1,v3"
2940,1786,清高宗乾隆五十一年,山东,无,阳谷县,无,《阳谷县志》,阳谷县：春大饥，人相食。——光绪《阳谷县志》卷九灾异,无,"v2,v4",2,"仅存在于：v2,v4；缺少：v1,v3"
2941,1786,清高宗乾隆五十一年,山东,东阿县,东阿县,无,《东阿县志》,东阿县：大饥，人相食。——道光《东阿县志》卷二十三祥异,无,v1,1,"仅存在于：v1；缺少：v2,v3,v4"
2942,1786,清高宗乾隆五十一年,山东,临沂市,沂水县,无,《沂水县志》,沂水县：春大饥，人相食。——道光《沂水县志》卷九祥异,无,v3,1,"仅存在于：v3；缺少：v1,v2,v4"
2943,1786,清高宗乾隆五十一年,山东,临沂市,莒县,无,《重修莒志》,莒县：春大饥，斗粟千钱，人相食。夏大疫，死者不可胜计。——民国《重修莒志》卷二大事记,无,v3,1,"仅存在于：v3；缺少：v1,v2,v4"
2944,1786,清高宗乾隆五十一年,山东,单县,单县,无,《单县志》,单县：大疫。岁凶，人相食。——民国《单县志》卷十四物异,无,v1,1,"仅存在于：v1；缺少：v2,v3,v4"
2945,1786,清高宗乾隆五十一年,山东,宁阳县,宁阳县,无,《宁阳县志》,宁阳县：春大饥，斗米万钱，人相食。秋大稔。——咸丰《宁阳县志》卷十灾祥,无,v1,1,"仅存在于：v1；缺少：v2,v3,v4"
2946,1786,清高宗乾隆五十一年,山东,定陶县,定陶县,无,《定陶县志》,定陶县：大饥，人相食，死者无算。——民国《定陶县志》卷九灾异,无,v1,1,"仅存在于：v1；缺少：v2,v3,v4"
2947,1786,清高宗乾隆五十一年,山东,寿光县,寿光县,无,《寿光县志》,寿光县：岁大饥，人相食，流亡关外者载道。四月，疫。——民国《寿光县志》卷十五编年,无,v1,1,"仅存在于：v1；缺少：v2,v3,v4"
2948,1786,清高宗乾隆五十一年,山东,成武县,成武县,无,《城武县志》,成武县：春大饥，人相食，死者无算。——道光《城武县志》卷十三祥禄,"原文为""成武县""，据道光《城武县志》补正",v1,1,"仅存在于：v1；缺少：v2,v3,v4"
2949,1786,清高宗乾隆五十一年,山东,日照市,日照县,无,《日照县志》,日照市：春大饥，人相食。夏大疫。麦熟，有秋。——光绪《日照县志》卷七祥异,无,"v1,v2,v3,v4",4,
2950,1786,清高宗乾隆五十一年,山东,枣庄市,峄县,无,《峄县志》,枣庄市：春雨泥，大饥。夏四月，大疫。秋大熟。是岁因连年失收，斗粟万钱，人相食，至夏疫疾传染，死者无数。——光绪《峄县志》卷十五灾祥,无,"v1,v2,v3,v4",4,
2951,1786,清高宗乾隆五十一年,山东,枣庄市,滕县,无,《滕县志》,藤县：春大饥，人相食。——道光《滕县志》卷五灾祥,无,v3,1,"仅存在于：v3；缺少：v1,v2,v4"
2952,1786,清高宗乾隆五十一年,山东,汶上县,汶上县,无,《四续汶上县志稿》,汶上县：大饥，人相食。至荞麦花，疫盛行，人死十六七。——宣统《四续汶上县志稿》灾祥,无,v1,1,"仅存在于：v1；缺少：v2,v3,v4"
2953,1786,清高宗乾隆五十一年,山东,沂水县,沂水县,无,《沂水县志》,沂水县：春大饥，人相食。——道光《沂水县志》卷九祥异,无,v1,1,"仅存在于：v1；缺少：v2,v3,v4"
2954,1786,清高宗乾隆五十一年,山东,泗水县,泗水县,无,《泗水县志》,泗水县：大饥，人相食。至秋丰稔。——光绪《泗水县志》卷十四灾祥,无,v1,1,"仅存在于：v1；缺少：v2,v3,v4"
2955,1786,清高宗乾隆五十一年,山东,泰安市,宁阳县,无,《宁阳县志》,宁阳县：春大饥，斗米万钱，人相食。秋大稔。——咸丰《宁阳县志》卷十灾祥,无,v3,1,"仅存在于：v3；缺少：v1,v2,v4"
2956,1786,清高宗乾隆五十一年,山东,泰安市,肥城县,无,《肥城县新志》,肥城县：春大饥，人相食。麦秋皆大熟。——嘉庆《肥城县新志》卷十六祥异,无,v3,1,"仅存在于：v3；缺少：v1,v2,v4"
2957,1786,清高宗乾隆五十一年,山东,济宁市,汶上县,无,《四续汶上县志稿》,汶上县：大饥，人相食。至荞麦花，疫盛行，人死十六七。——宣统《四续汶上县志稿》灾祥,无,v3,1,"仅存在于：v3；缺少：v1,v2,v4"
2958,1786,清高宗乾隆五十一年,山东,济宁市,泗水县,无,《泗水县志》,泗水县：大饥，人相食。至秋丰稔。——光绪《泗水县志》卷十四灾祥,无,v3,1,"仅存在于：v3；缺少：v1,v2,v4"
2959,1786,清高宗乾隆五十一年,山东,济宁市,滋阳县,无,《滋阳县志》,兖州县：春大饥，人相食。——光绪《滋阳县志》卷六灾祥,无,v3,1,"仅存在于：v3；缺少：v1,v2,v4"
2960,1786,清高宗乾隆五十一年,山东,滋阳县,滋阳县,无,《滋阳县志》,兖州县：春大饥，人相食。——光绪《滋阳县志》卷六灾祥,"原文为""兖州县""，据光绪《滋阳县志》补正为""滋阳县""",v1,1,"仅存在于：v1；缺少：v2,v3,v4"
2961,1786,清高宗乾隆五十一年,山东,滕县,藤县,无,《滕县志》,藤县：春大饥，人相食。——道光《滕县志》卷五灾祥,"原文为""藤县""，据道光《滕县志》补正为""滕县""",v1,1,"仅存在于：v1；缺少：v2,v3,v4"
2962,1786,清高宗乾隆五十一年,山东,潍坊市,寿光县,无,《寿光县志》,寿光县：岁大饥，人相食，流亡关外者载道。四月，疫。——民国《寿光县志》卷十五编年,无,v3,1,"仅存在于：v3；缺少：v1,v2,v4"
2963,1786,清高宗乾隆五十一年,山东,聊城市,东阿县,无,《东阿县志》,东阿县：大饥，人相食。——道光《东阿县志》卷二十三祥异,无,v3,1,"仅存在于：v3；缺少：v1,v2,v4"
2964,1786,清高宗乾隆五十一年,山东,聊城市,阳谷县,无,《阳谷县志》,阳谷县：春大饥，人相食。——光绪《阳谷县志》卷九灾异,无,v3,1,"仅存在于：v3；缺少：v1,v2,v4"
2965,1786,清高宗乾隆五十一年,山东,肥城县,肥城县,无,《肥城县新志》,肥城县：春大饥，人相食。麦秋皆大熟。——嘉庆《肥城县新志》卷十六祥异,无,v1,1,"仅存在于：v1；缺少：v2,v3,v4"
2966,1786,清高宗乾隆五十一年,山东,莒县,莒县,无,《重修莒志》,莒县：春大饥，斗粟千钱，人相食。夏大疫，死者不可胜计。——民国《重修莒志》卷二大事记,无,v1,1,"仅存在于：v1；缺少：v2,v3,v4"
2967,1786,清高宗乾隆五十一年,山东,菏泽市,单县,无,《单县志》,单县：大疫。岁凶，人相食。——民国《单县志》卷十四物异,无,v3,1,"仅存在于：v3；缺少：v1,v2,v4"
2968,1786,清高宗乾隆五十一年,山东,菏泽市,定陶县,无,《定陶县志》,定陶县：大饥，人相食，死者无算。——民国《定陶县志》卷九灾异,无,v3,1,"仅存在于：v3；缺少：v1,v2,v4"
2969,1786,清高宗乾隆五十一年,山东,菏泽市,成武县,无,《城武县志》,成武县：春大饥，人相食，死者无算。——道光《城武县志》卷十三祥禄,无,v3,1,"仅存在于：v3；缺少：v1,v2,v4"
2970,1786,清高宗乾隆五十一年,山东,菏泽市,郓城县,无,《郓城县志》,郓城县：春，人相食。——光绪《郓城县志》卷九灾祥,无,v3,1,"仅存在于：v3；缺少：v1,v2,v4"
2971,1786,清高宗乾隆五十一年,山东,郓城县,郓城县,无,《郓城县志》,郓城县：春，人相食。——光绪《郓城县志》卷九灾祥,无,v1,1,"仅存在于：v1；缺少：v2,v3,v4"
2972,1786,清高宗乾隆五十一年,山东,阳谷县,阳谷县,无,《阳谷县志》,阳谷县：春大饥，人相食。——光绪《阳谷县志》卷九灾异,无,v1,1,"仅存在于：v1；缺少：v2,v3,v4"
2973,1786,清高宗乾隆五十一年,江苏,无,丰县,无,《丰县志》,丰县：大饥，人相食。——光绪《丰县志》卷十六祥异,无,"v2,v4",2,"仅存在于：v2,v4；缺少：v1,v3"
2974,1786,清高宗乾隆五十一年,江苏,无,淮安县,无,《淮安府志》,淮安县：是年大饥，人相食。夏大疫，人死于道路相枕。——光绪《淮安府志》卷四十灾祥,无,"v2,v4",2,"仅存在于：v2,v4；缺少：v1,v3"
2975,1786,清高宗乾隆五十一年,江苏,无,盐城县,无,《盐城县志》,盐城：大饥，人相食。大疫，死者相枕于道。——光绪《盐城县志》卷十七祥异,无,"v2,v4",2,"仅存在于：v2,v4；缺少：v1,v3"
2976,1786,清高宗乾隆五十一年,江苏,无,铜山县,无,《铜山县志》,铜山县：春，地生毛，大饥，斗米千钱，人相食。夏大疫，死亡相继。夏秋麦禾大稔。——道光《铜山县志》卷二十三样异,疑似OCR错误：'样异'应为'祥异',"v2,v4",2,"仅存在于：v2,v4；缺少：v1,v3"
2977,1786,清高宗乾隆五十一年,江苏,无,阜宁县,无,《阜宁县志》,阜宁：阜后米腾贵，大饥，人相食。夏大疫，秋，湖水泛滥。——光绪《阜宁县志》卷二十一祥禄,无,"v2,v4",2,"仅存在于：v2,v4；缺少：v1,v3"
2978,1786,清高宗乾隆五十一年,江苏,丰县,丰县,无,《丰县志》,丰县：大饥，人相食。——光绪《丰县志》卷十六祥异,无,v1,1,"仅存在于：v1；缺少：v2,v3,v4"
2979,1786,清高宗乾隆五十一年,江苏,徐州市,丰县,无,《丰县志》,丰县：大饥，人相食。——光绪《丰县志》卷十六祥异,无,v3,1,"仅存在于：v3；缺少：v1,v2,v4"
2980,1786,清高宗乾隆五十一年,江苏,徐州市,铜山县,无,《铜山县志》,铜山县：春，地生毛，大饥，斗米千钱，人相食。夏大疫，死亡相继。夏秋麦禾大稔。——道光《铜山县志》卷二十三样异,无,v3,1,"仅存在于：v3；缺少：v1,v2,v4"
2981,1786,清高宗乾隆五十一年,江苏,淮安市,淮安县,无,《淮安府志》,淮安县：是年大饥，人相食。夏大疫，人死于道路相枕。——光绪《淮安府志》卷四十灾祥,无,v3,1,"仅存在于：v3；缺少：v1,v2,v4"
2982,1786,清高宗乾隆五十一年,江苏,淮安府,淮安县,无,《淮安府志》,淮安县：是年大饥，人相食。夏大疫，人死于道路相枕。——光绪《淮安府志》卷四十灾祥,无,v1,1,"仅存在于：v1；缺少：v2,v3,v4"
2983,1786,清高宗乾隆五十一年,江苏,盐城县,盐城县,无,《盐城县志》,盐城：大饥，人相食。大疫，死者相枕于道。——光绪《盐城县志》卷十七祥异,无,v1,1,"仅存在于：v1；缺少：v2,v3,v4"
2984,1786,清高宗乾隆五十一年,江苏,盐城市,盐城县,无,《盐城县志》,盐城：大饥，人相食。大疫，死者相枕于道。——光绪《盐城县志》卷十七祥异,无,v3,1,"仅存在于：v3；缺少：v1,v2,v4"
2985,1786,清高宗乾隆五十一年,江苏,盐城市,阜宁县,无,《阜宁县志》,阜宁：阜后米腾贵，大饥，人相食。夏大疫，秋，湖水泛滥。——光绪《阜宁县志》卷二十一祥禄,无,v3,1,"仅存在于：v3；缺少：v1,v2,v4"
2986,1786,清高宗乾隆五十一年,江苏,铜山县,铜山县,无,《铜山县志》,铜山县：春，地生毛，大饥，斗米千钱，人相食。夏大疫，死亡相继。夏秋麦禾大稔。——道光《铜山县志》卷二十三样异,无,v1,1,"仅存在于：v1；缺少：v2,v3,v4"
2987,1786,清高宗乾隆五十一年,江苏,阜宁县,阜宁县,无,《阜宁县志》,阜宁：阜后米腾贵，大饥，人相食。夏大疫，秋，湖水泛滥。——光绪《阜宁县志》卷二十一祥禄,无,v1,1,"仅存在于：v1；缺少：v2,v3,v4"
2988,1786,清高宗乾隆五十一年,河南,无,柘城县,无,《柘城县志》,柘城县：春，斗米两千，糠秕入市，饿殍相枕藉，人食人。四月，麦大熟，民赖以安。——光绪《柘城县志》卷十灾祥,无,"v2,v4",2,"仅存在于：v2,v4；缺少：v1,v3"
2989,1786,清高宗乾隆五十一年,河南,无,禹县,无,《禹州志》,禹县：岁荐饥，米麦一斗价至两千二百，人相食。——同治《禹州志》卷十九耆硕,无,"v2,v4",2,"仅存在于：v2,v4；缺少：v1,v3"
2990,1786,清高宗乾隆五十一年,河南,无,郾城县,无,《郾城县记》,郾城县：旱，大饥，疫。春，斗麦钱一千四百，田地每亩无过千者。人相食，疫死大半。鬻妻女者道路不绝。——民国《郾城县记》卷五大事篇,无,"v2,v4",2,"仅存在于：v2,v4；缺少：v1,v3"
2991,1786,清高宗乾隆五十一年,河南,商丘市,柘城县,无,《柘城县志》,柘城县：春，斗米两千，糠秕入市，饿殍相枕藉，人食人。四月，麦大熟，民赖以安。——光绪《柘城县志》卷十灾祥,无,v3,1,"仅存在于：v3；缺少：v1,v2,v4"
2992,1786,清高宗乾隆五十一年,河南,柘城县,柘城县,无,《柘城县志》,柘城县：春，斗米两千，糠秕入市，饿殍相枕藉，人食人。四月，麦大熟，民赖以安。——光绪《柘城县志》卷十灾祥,无,v1,1,"仅存在于：v1；缺少：v2,v3,v4"
2993,1786,清高宗乾隆五十一年,河南,漯河市,郾城县,无,《郾城县记》,郾城县：旱，大饥，疫。春，斗麦钱一千四百，田地每亩无过千者。人相食，疫死大半。鬻妻女者道路不绝。——民国《郾城县记》卷五大事篇,无,v3,1,"仅存在于：v3；缺少：v1,v2,v4"
2994,1786,清高宗乾隆五十一年,河南,禹州市,禹县,无,《禹州志》,禹县：岁荐饥，米麦一斗价至两千二百，人相食。——同治《禹州志》卷十九耆硕,无,v1,1,"仅存在于：v1；缺少：v2,v3,v4"
2995,1786,清高宗乾隆五十一年,河南,许昌市,禹县,无,《禹州志》,禹县：岁荐饥，米麦一斗价至两千二百，人相食。——同治《禹州志》卷十九耆硕,无,v3,1,"仅存在于：v3；缺少：v1,v2,v4"
2996,1786,清高宗乾隆五十一年,河南,郾城县,郾城县,无,《郾城县记》,郾城县：旱，大饥，疫。春，斗麦钱一千四百，田地每亩无过千者。人相食，疫死大半。鬻妻女者道路不绝。——民国《郾城县记》卷五大事篇,无,v1,1,"仅存在于：v1；缺少：v2,v3,v4"
2997,1787,清高宗乾隆五十二年,河北,无,怀安县,无,《怀安县志》,河北：怀安县：大旱，人相食。——光绪《怀安县志》卷三灾祥,无,"v1,v2,v3,v4",4,
2998,1792,清高宗乾隆五十七年,山东,无,阳信县,无,《信邑志稿》,阳信县：饥，人相食。——同治《信邑志稿》卷三灾异,无,"v1,v2,v3,v4",4,
2999,1792,清高宗乾隆五十七年,山西,无,阳城县,无,《阳城县志》,阳城县：岁大饥，人相食。——同治《阳城县志》卷十八灾祥,无,"v1,v2,v3,v4",4,
3000,1805,清仁宗嘉庆十年,山西,晋城市,无,无,《凤台县续志》,晋城市：大饥，人相食，斗米千钱。——光绪《凤台县续志》卷四纪事,无,"v1,v3,v4",3,"仅存在于：v1,v3,v4；缺少：v2"
3001,1805,清仁宗嘉庆十年,山西,晋城市,凤台县,无,《凤台县续志》,晋城市：大饥，人相食，斗米千钱。——光绪《凤台县续志》卷四纪事,无,v2,1,"仅存在于：v2；缺少：v1,v3,v4"
3002,1812,清仁宗嘉庆十七年,山东,无,栖霞县,无,《栖霞县续志》,栖霞县：春大饥，人相食。瘟疫盛行，里巷萧然。诏免田赋。——光绪《栖霞县续志》卷八祥异,无,"v1,v3,v4",3,"仅存在于：v1,v3,v4；缺少：v2"
3003,1812,清仁宗嘉庆十七年,山东,无,费县,无,《华北、东北近五百年旱涝史料》,费县：大饥，人相食。——《华北、东北近五百年旱涝史料》第三分册，第100页。,无,"v1,v3,v4",3,"仅存在于：v1,v3,v4；缺少：v2"
3004,1812,清仁宗嘉庆十七年,山东,无,高密县,无,《高密县志》,高密县：大饥，人相食。免租赋。——光绪《高密县志》卷十纪事,无,"v1,v3,v4",3,"仅存在于：v1,v3,v4；缺少：v2"
3005,1812,清仁宗嘉庆十七年,河南,无,林县,无,《华北、东北近五百年旱涝史料》,林县：连年蝗旱，人相食。——《华北、东北近五百年旱涝史料》第四分册，第14页。,无,"v1,v3,v4",3,"仅存在于：v1,v3,v4；缺少：v2"
3006,1813,清仁宗嘉庆十八年,河南,无,临汝,无,《汝州全志》,临汝县：春，蠡食麦尽。大旱，斗米二千八百钱，民大饥。州守熊祷雨不应，开仓平巢，民稍安。八月陨霜，荞麦尽毁。先是豆谷种未成熟，独荞麦得雨广种，可望丰收，至是乃大饥。民食榆皮草根，逃死甚众。州守熊公设立粥厂，不能救荒，至有人相食者。——道光《汝州全志》卷九灾祥,无,"v3,v4",2,"仅存在于：v3,v4；缺少：v1,v2"
3007,1813,清仁宗嘉庆十八年,河南,无,临汝县,临汝县,《汝州全志》,临汝县：春，蠡食麦尽。大旱，斗米二千八百钱，民大饥。州守熊祷雨不应，开仓平巢，民稍安。八月陨霜，荞麦尽毁。先是豆谷种未成熟，独荞麦得雨广种，可望丰收，至是乃大饥。民食榆皮草根，逃死甚众。州守熊公设立粥厂，不能救荒，至有人相食者。——道光《汝州全志》卷九灾祥,无,v1,1,"仅存在于：v1；缺少：v2,v3,v4"
3008,1813,清仁宗嘉庆十八年,河南,无,宝丰,无,《宝丰县志》,宝丰县：大旱无禾，人相食。——道光《宝丰县志》卷二十六杂记,无,"v3,v4",2,"仅存在于：v3,v4；缺少：v1,v2"
3009,1813,清仁宗嘉庆十八年,河南,无,宝丰县,宝丰县,《宝丰县志》,宝丰县：大旱无禾，人相食。——道光《宝丰县志》卷二十六杂记,无,v1,1,"仅存在于：v1；缺少：v2,v3,v4"
3010,1813,清仁宗嘉庆十八年,河南,无,密县,密县,《密县志》,密县：春大风，昼晦。夏大旱。秋霾雨，陨霜杀荞麦。岁大饥，人相食。——嘉庆《密县志》卷十五祥异,无,"v1,v3,v4",3,"仅存在于：v1,v3,v4；缺少：v2"
3011,1813,清仁宗嘉庆十八年,河南,无,巩县,巩县,《巩县志》,巩县：大饥，人相食。春夏旱，麦歉收。秋禾数种未成，后得雨种荞麦，花实至茂，又遭毒雾枯焦。自嘉庆八、九年来，饥馑荐臻，民鲜盖藏，更遭此灾，流亡载道，甚有人相食者。——民国《巩县志》卷五大事记,无,"v1,v3,v4",3,"仅存在于：v1,v3,v4；缺少：v2"
3012,1813,清仁宗嘉庆十八年,河南,无,开封,无,《祥符县志》,开封县：春旱，白正月至七月始雨。冬饥，人相食。——光绪《祥符县志》卷二十三祥异,无,"v3,v4",2,"仅存在于：v3,v4；缺少：v1,v2"
3013,1813,清仁宗嘉庆十八年,河南,无,开封县,祥符县,《祥符县志》,开封县：春旱，白正月至七月始雨。冬饥，人相食。——光绪《祥符县志》卷二十三祥异,无,v1,1,"仅存在于：v1；缺少：v2,v3,v4"
3014,1813,清仁宗嘉庆十八年,河南,无,正阳,无,《重修正阳县志》,正阳县：夏四月旱，至秋八月。邑令张井率绅民浚东关古龙池，虔祷之，不数日雨。惜谷疏枯尽，岁大饥，粮价高平常五倍，人相食。——民国《重修正阳县志》卷三大事记,无,"v3,v4",2,"仅存在于：v3,v4；缺少：v1,v2"
3015,1813,清仁宗嘉庆十八年,河南,无,正阳县,正阳县,《重修正阳县志》,正阳县：夏四月旱，至秋八月。邑令张井率绅民浚东关古龙池，虔祷之，不数日雨。惜谷疏枯尽，岁大饥，粮价高平常五倍，人相食。——民国《重修正阳县志》卷三大事记,无,v1,1,"仅存在于：v1；缺少：v2,v3,v4"
3016,1813,清仁宗嘉庆十八年,河南,无,洛宁,无,《洛宁县志》,洛宁县：岁旱，大饥，人相食。——民国《洛宁县志》卷一祥异,无,"v3,v4",2,"仅存在于：v3,v4；缺少：v1,v2"
3017,1813,清仁宗嘉庆十八年,河南,无,洛宁县,洛宁县,《洛宁县志》,洛宁县：岁旱，大饥，人相食。——民国《洛宁县志》卷一祥异,无,v1,1,"仅存在于：v1；缺少：v2,v3,v4"
3018,1813,清仁宗嘉庆十八年,河南,无,濮阳,无,《开州志》,濮阳市：大饥，人相食。——光绪《开州志》卷一样异,无,"v3,v4",2,"仅存在于：v3,v4；缺少：v1,v2"
3019,1813,清仁宗嘉庆十八年,河南,无,濮阳市,开州,《开州志》,濮阳市：大饥，人相食。——光绪《开州志》卷一样异,濮阳市为推测，原文为古代地名开州,v1,1,"仅存在于：v1；缺少：v2,v3,v4"
3020,1813,清仁宗嘉庆十八年,河南,无,禹县,禹县,《禹县志》,禹县：夏大旱，大饥，人相食。…途多饿殍，肉无幸存，尽为饥民刮食，市有诈称牛马肉售者。——民国《禹县志》卷二十二大事记,无,"v1,v3,v4",3,"仅存在于：v1,v3,v4；缺少：v2"
3021,1813,清仁宗嘉庆十八年,河南,无,郑州,无,《郑县志》,郑州市：岁大饥，人相食。——民国《郑县志》卷三祥异,无,"v3,v4",2,"仅存在于：v3,v4；缺少：v1,v2"
3022,1813,清仁宗嘉庆十八年,河南,无,郑州市,郑县,《郑县志》,郑州市：岁大饥，人相食。——民国《郑县志》卷三祥异,无,v1,1,"仅存在于：v1；缺少：v2,v3,v4"
3023,1813,清仁宗嘉庆十八年,河南,无,鄢县,鄢县,《鄢县志》,鄢县：正月朔，黄风三日。三月，麦虫生细虫，数日尽枯。大旱，至七月十三日始雨，尽种荞麦。九月二十日大霜，荞麦又尽枯，人相食。——同治《鄢县志》卷十杂事,无,"v1,v3,v4",3,"仅存在于：v1,v3,v4；缺少：v2"
3024,1813,清仁宗嘉庆十八年,河南,无,鄢陵,无,《鄢陵县志》,鄢陵县：春旱，自正月至七月始雨。冬饥，人相食。——道光《鄢陵县志》卷十七杂事,无,"v3,v4",2,"仅存在于：v3,v4；缺少：v1,v2"
3025,1813,清仁宗嘉庆十八年,河南,无,鄢陵县,鄢陵县,《鄢陵县志》,鄢陵县：春旱，自正月至七月始雨。冬饥，人相食。——道光《鄢陵县志》卷十七杂事,无,v1,1,"仅存在于：v1；缺少：v2,v3,v4"
3026,1814,清仁宗嘉庆十九年,安徽,无,霍邱县,无,《霍邱县志》,霍邱县：大旱，斗米千钱，人相食。——道光《霍邱县志》卷十二灾异,无,"v1,v2,v3,v4",4,
3027,1814,清仁宗嘉庆十九年,山东,无,汶上县,无,《四续汶上县志稿》,汶上县：大饥，人相食。秋八月大雨，坏庐舍无算。——宣统《四续汶上县志稿》灾祥,无,"v1,v2,v3,v4",4,
3028,1814,清仁宗嘉庆十九年,河南,无,原阳县,无,《阳武县志》,原阳县：春大饥，饿殍遍野，树皮皆尽，人相食，鸡犬无声。赈。秋疟。——民国《阳武县志》卷一通纪,原文为原阳县，来源为《阳武县志》,"v1,v2,v3,v4",4,
3029,1814,清仁宗嘉庆十九年,河南,无,方城县,无,《方城县志》,方城县：春岁饥，人相食。——民国《方城县志》卷五灾异,无,"v1,v2,v3,v4",4,
3030,1814,清仁宗嘉庆十九年,河南,无,汝阳县,无,《重修伊阳县志》,汝阳县：春，米买斗钱二千二百，人相食。——道光《重修伊阳县志》卷六祥异,无,"v1,v2,v3,v4",4,
3031,1818,清仁宗嘉庆二十三年,河南,无,方城县,无,《方城县志》,方城县：大饥，人相食。——民国《方城县志》卷五灾异,无,"v1,v2,v3,v4",4,
3032,1825,清宣宗道光五年,贵州,无,荔波县,无,《荔波县志》,贵州：荔波县：大饥，人相食。——光绪《荔波县志》卷一祥异,无,"v1,v2,v3,v4",4,
3033,1831,清宣宗道光十一年,江苏,无,盐城市,无,《盐城县志》,江苏：盐城市：夏六月十八日，运堤决马棚湾，县境水深五尺。岁大饥，人相食。——光绪《盐城县志》卷十七祥异,无,v1,1,"仅存在于：v1；缺少：v2,v3,v4"
3034,1831,清宣宗道光十一年,江苏,无,阜宁县,无,《虾沟里乘》,江苏：阜宁县：马棚湾决。次春大荒，人相食，镇西义地为大坑，饥民之死者辄投之，日凡数十人。——光绪《虾沟里乘》五行,无,"v1,v3",2,"仅存在于：v1,v3；缺少：v2,v4"
3035,1831,清宣宗道光十一年,江苏,盐城,盐城,无,《盐城县志》,盐城市：夏六月十八日，运堤决马棚湾，县境水深五尺。岁大饥，人相食。——光绪《盐城县志》卷十七祥异,无,v2,1,"仅存在于：v2；缺少：v1,v3,v4"
3036,1831,清宣宗道光十一年,江苏,盐城市,盐城市,无,《盐城县志》,盐城市：夏六月十八日，运堤决马棚湾，县境水深五尺。岁大饥，人相食。——光绪《盐城县志》卷十七祥异,无,"v3,v4",2,"仅存在于：v3,v4；缺少：v1,v2"
3037,1831,清宣宗道光十一年,江苏,盐城市,阜宁县,无,《虾沟里乘》,阜宁县：马棚湾决。次春大荒，人相食，镇西义地为大坑，饥民之死者辄投之，日凡数十人。——光绪《虾沟里乘》五行,无,v4,1,"仅存在于：v4；缺少：v1,v2,v3"
3038,1831,清宣宗道光十一年,江苏,阜宁,阜宁,无,《虾沟里乘》,阜宁县：马棚湾决。次春大荒，人相食，镇西义地为大坑，饥民之死者辄投之，日凡数十人。——光绪《虾沟里乘》五行,无,v2,1,"仅存在于：v2；缺少：v1,v3,v4"
3039,1831,清宣宗道光十一年,陕西,无,平利县,无,《汉江干流及主要支流洪水调查资料汇编》转引《西北灾荒史》,紫阳县、平利县：紫阳、平利之镇坪等处岁大凶，人相食。——《汉江干流及主要支流洪水调查资料汇编》，转引自《西北灾荒史》第1691页。,无,"v3,v4",2,"仅存在于：v3,v4；缺少：v1,v2"
3040,1831,清宣宗道光十一年,陕西,无,紫阳县,无,《西北灾荒史》,陕西：紫阳县、平利县：紫阳、平利之镇坪等处岁大凶，人相食。——《汉江干流及主要支流洪水调查资料汇编》，转引自《西北灾荒史》第1691页。,无,"v1,v3,v4",3,"仅存在于：v1,v3,v4；缺少：v2"
3041,1831,清宣宗道光十一年,陕西,无,紫阳县、平利县,无,《汉江干流及主要支流洪水调查资料汇编》转引《西北灾荒史》,紫阳县、平利县：紫阳、平利之镇坪等处岁大凶，人相食。——《汉江干流及主要支流洪水调查资料汇编》，转引自《西北灾荒史》第1691页。,无,v2,1,"仅存在于：v2；缺少：v1,v3,v4"
3042,1832,清宣宗道光十二年,安徽,无,五河县,无,《重修五河县志》,五河县：二月不雨至于六月。立秋后雨雹，大雨伤稼，冬大饥，人相食。——光绪《重修五河县志》卷十九祥异,无,"v1,v2,v3,v4",4,
3043,1832,清宣宗道光十二年,江苏,无,无,无,《徐州府志》,邱县：邳州自二月不雨至于六月。秋，淫雨害稼。宿迁大饥，人相食。——同治《徐州府志》卷二五,原文为'宿迁大饥，人相食'，提取宿迁县,v1,1,"仅存在于：v1；缺少：v2,v3,v4"
3044,1832,清宣宗道光十二年,江苏,无,邱县,无,《徐州府志》,邱县：邳州自二月不雨至于六月。秋，淫雨害稼。宿迁大饥，人相食。——同治《徐州府志》卷二五,无,v3,1,"仅存在于：v3；缺少：v1,v2,v4"
3045,1832,清宣宗道光十二年,江苏,无,邳州,无,《徐州府志》,邱县：邳州自二月不雨至于六月。秋，淫雨害稼。宿迁大饥，人相食。——同治《徐州府志》卷二五,无,"v2,v4",2,"仅存在于：v2,v4；缺少：v1,v3"
3046,1832,清宣宗道光十二年,江苏,宿迁市,无,无,《宿迁县志》,宿迁市：秋大水，冬大饥，人相食。——民国《宿迁县志》卷七旱蠲赈,无,"v1,v3,v4",3,"仅存在于：v1,v3,v4；缺少：v2"
3047,1832,清宣宗道光十二年,江苏,宿迁市,宿迁市,无,《徐州府志》,邱县：邳州自二月不雨至于六月。秋，淫雨害稼。宿迁大饥，人相食。——同治《徐州府志》卷二五,无,v2,1,"仅存在于：v2；缺少：v1,v3,v4"
3048,1832,清宣宗道光十二年,湖北,无,公安县,无,《公安县志》,公安县：春夏疫。大水，江陵江堤白庙子、松滋江堤朱家埠同决。秋八月十九至二十一日，昼夜风，拔树伐屋，人民溺死无算，…斗米价钱五百余文，人相食。——同治《公安县志》卷三祥异,无,"v1,v2,v3,v4",4,
3049,1832,清宣宗道光十二年,陕西,无,紫阳县,无,《紫阳县志》,紫阳县：夏秋阴雨过多，伤稼。岁大荒，人相食。——道光《紫阳县志》卷七祥异,无,"v1,v2,v3,v4",4,
3050,1833,清宣宗道光十三年,四川,无,万源县,无,《太平县志》,万源县：五月大雨，秋严寒，大饥，人相食，牲畜草木俱尽，饿殍甚众。——光绪《太平县志》卷十祥异,无,"v1,v3,v4",3,"仅存在于：v1,v3,v4；缺少：v2"
3051,1833,清宣宗道光十三年,四川,无,巫溪县,无,《大宁县志》,巫溪县：大旱，绝种粮，人相食。知县张如澎出济仓谷，全数发赈。——光绪《大宁县志》卷二灾异,无,"v1,v3,v4",3,"仅存在于：v1,v3,v4；缺少：v2"
3052,1833,清宣宗道光十三年,四川,达州市,万源县,无,《太平县志》,万源县：五月大雨，秋严寒，大饥，人相食，牲畜草木俱尽，饿殍甚众。——光绪《太平县志》卷十祥异,无,v2,1,"仅存在于：v2；缺少：v1,v3,v4"
3053,1833,清宣宗道光十三年,安徽,无,五河县,无,《重修五河县志》,五河县：春疫。夏霾伤麦。岁大饥，人相食。——光绪《重修五河县志》卷十九祥异,无,"v1,v3,v4",3,"仅存在于：v1,v3,v4；缺少：v2"
3054,1833,清宣宗道光十三年,安徽,无,亳州市,亳州,《亳州志》,亳州市：大饥，人相食。——光绪《亳州志》卷十九祥异,无,v4,1,"仅存在于：v4；缺少：v1,v2,v3"
3055,1833,清宣宗道光十三年,安徽,无,泗县,无,《泗虹合志》,泗县：夏，霾雾伤麦，岁大饥，人相食。——光绪《泗虹合志》卷十九祥异,无,"v1,v3,v4",3,"仅存在于：v1,v3,v4；缺少：v2"
3056,1833,清宣宗道光十三年,安徽,无,萧县,无,《续萧县志》,萧县：大饥，人相食，境内盗贼起。——同治《续萧县志》卷十八祥异,无,"v1,v3,v4",3,"仅存在于：v1,v3,v4；缺少：v2"
3057,1833,清宣宗道光十三年,安徽,亳州市,无,无,《亳州志》,亳州市：大饥，人相食。——光绪《亳州志》卷十九祥异,无,v3,1,"仅存在于：v3；缺少：v1,v2,v4"
3058,1833,清宣宗道光十三年,安徽,亳州市,亳州市,无,《亳州志》,亳州市：大饥，人相食。——光绪《亳州志》卷十九祥异,无,"v1,v2",2,"仅存在于：v1,v2；缺少：v3,v4"
3059,1833,清宣宗道光十三年,安徽,宿州市,泗县,无,《泗虹合志》,泗县：夏，霾雾伤麦，岁大饥，人相食。——光绪《泗虹合志》卷十九祥异,无,v2,1,"仅存在于：v2；缺少：v1,v3,v4"
3060,1833,清宣宗道光十三年,安徽,宿州市,萧县,无,《续萧县志》,萧县：大饥，人相食，境内盗贼起。——同治《续萧县志》卷十八祥异,无,v2,1,"仅存在于：v2；缺少：v1,v3,v4"
3061,1833,清宣宗道光十三年,安徽,蚌埠市,五河县,无,《重修五河县志》,五河县：春疫。夏霾伤麦。岁大饥，人相食。——光绪《重修五河县志》卷十九祥异,无,v2,1,"仅存在于：v2；缺少：v1,v3,v4"
3062,1833,清宣宗道光十三年,山东,无,临沂市,无,《临沂县志》,临沂市：大水，大饥。人相食。——民国《临沂县志》卷一通纪,无,v4,1,"仅存在于：v4；缺少：v1,v2,v3"
3063,1833,清宣宗道光十三年,山东,临沂市,无,无,《临沂县志》,临沂市：大水，大饥。人相食。——民国《临沂县志》卷一通纪,无,v3,1,"仅存在于：v3；缺少：v1,v2,v4"
3064,1833,清宣宗道光十三年,山东,临沂市,临沂县,无,《临沂县志》,临沂市：大水，大饥。人相食。——民国《临沂县志》卷一通纪,无,v2,1,"仅存在于：v2；缺少：v1,v3,v4"
3065,1833,清宣宗道光十三年,山东,临沂市,临沂市,无,《临沂县志》,临沂市：大水，大饥。人相食。——民国《临沂县志》卷一通纪,无,v1,1,"仅存在于：v1；缺少：v2,v3,v4"
3066,1833,清宣宗道光十三年,江苏,无,涟水县,无,《安东县志》,涟水县：大饥，疾疫流行，道馑相望，居民食树皮草根，不足，至于人相食。父老云自乾隆五十一年以及今年，皆为百年来未见之奇荒。——光绪《安东县志》卷五灾异,无,"v1,v3,v4",3,"仅存在于：v1,v3,v4；缺少：v2"
3067,1833,清宣宗道光十三年,江苏,淮安市,涟水县,无,《安东县志》,涟水县：大饥，疾疫流行，道馑相望，居民食树皮草根，不足，至于人相食。父老云自乾隆五十一年以及今年，皆为百年来未见之奇荒。——光绪《安东县志》卷五灾异,无,v2,1,"仅存在于：v2；缺少：v1,v3,v4"
3068,1833,清宣宗道光十三年,湖北,无,保康县,无,《清史稿》,道光十三年（1833）'春，诸城，日照大饥，民流亡。夏，保康、郧县、房县饥，人相食。'——《清史稿》卷四四《灾异志五》,无,v3,1,"仅存在于：v3；缺少：v1,v2,v4"
3069,1833,清宣宗道光十三年,湖北,无,房县,无,《清史稿》,道光十三年（1833）'春，诸城，日照大饥，民流亡。夏，保康、郧县、房县饥，人相食。'——《清史稿》卷四四《灾异志五》,无,"v1,v3,v4",3,"仅存在于：v1,v3,v4；缺少：v2"
3070,1833,清宣宗道光十三年,湖北,无,竹溪县,无,《竹谿县志》,竹溪县：春大饥，人相食，死者无算。——同治《竹谿县志》卷十六水旱,无,"v1,v3,v4",3,"仅存在于：v1,v3,v4；缺少：v2"
3071,1833,清宣宗道光十三年,湖北,无,郧县,无,《清史稿》,道光十三年（1833）'春，诸城，日照大饥，民流亡。夏，保康、郧县、房县饥，人相食。'——《清史稿》卷四四《灾异志五》,无,"v1,v3,v4",3,"仅存在于：v1,v3,v4；缺少：v2"
3072,1833,清宣宗道光十三年,湖北,十堰市,房县,无,《房县志》,房县：春，斗米钱千八百。民相食。——同治《房县志》卷六事纪,无,v2,1,"仅存在于：v2；缺少：v1,v3,v4"
3073,1833,清宣宗道光十三年,湖北,十堰市,竹溪县,无,《竹谿县志》,竹溪县：春大饥，人相食，死者无算。——同治《竹谿县志》卷十六水旱,无,v2,1,"仅存在于：v2；缺少：v1,v3,v4"
3074,1833,清宣宗道光十三年,湖北,十堰市,郧县,无,《郧阳府志》,郧县：春大饥，人相食。三月雨雹，麦不熟。秋旱，蝗。斗米钱二千四百，死者枕藉于道。——同治《郧阳府志》卷八祥异,无,v2,1,"仅存在于：v2；缺少：v1,v3,v4"
3075,1833,清宣宗道光十三年,陕西,无,岚皋县,无,《重续兴安府志》,岚皋县：岁大饥，人相食。诏缓征兴安被灾厅县新旧赋额。——民国《重续兴安府志》卷二十一纪事,无,"v1,v3,v4",3,"仅存在于：v1,v3,v4；缺少：v2"
3076,1833,清宣宗道光十三年,陕西,无,紫阳县,无,《紫阳县志》,紫阳县：雨甚，自正月至九月共晴三十三日，其余非阴则雨。斗米值大钱一千六百文，贫民儿女典卖几尽，甚至骨肉相食。——道光《紫阳县志》卷七祥异,无,"v1,v3,v4",3,"仅存在于：v1,v3,v4；缺少：v2"
3077,1833,清宣宗道光十三年,陕西,安康市,岚皋县,无,《重续兴安府志》,岚皋县：岁大饥，人相食。诏缓征兴安被灾厅县新旧赋额。——民国《重续兴安府志》卷二十一纪事,无,v2,1,"仅存在于：v2；缺少：v1,v3,v4"
3078,1833,清宣宗道光十三年,陕西,安康市,紫阳县,无,《紫阳县志》,紫阳县：雨甚，自正月至九月共晴三十三日，其余非阴则雨。斗米值大钱一千六百文，贫民儿女典卖几尽，甚至骨肉相食。——道光《紫阳县志》卷七祥异,无,v2,1,"仅存在于：v2；缺少：v1,v3,v4"
3079,1834,清宣宗道光十四年,河南,无,林县,无,《续林县志》,林县：十四年至十七年，连年岁荒，人相食。——咸丰《续林县志》卷一祥异,无,"v1,v2,v3,v4",4,
3080,1834,清宣宗道光十四年,湖北,无,兴山县,无,《清史稿》,兴山县：'道光十四年（1834）春，归州、兴山大饥，人相食。'——《清史稿》卷四四《灾异志五》,无,"v1,v2,v3,v4",4,
3081,1834,清宣宗道光十四年,湖北,无,秭归县,无,《归州志》,秭归县：大饥，人民流离，村落一空，行数十里不能籴斗粮，殍亡遍野，竟有人而食人者。秋大熟。——同治增刻嘉庆《归州志》,无,"v1,v2,v3,v4",4,
3082,1835,清宣宗道光十五年,河南,无,林县,无,《续林县志》,林县：十四年至十七年，连年岁荒，人相食。——咸丰《续林县志》卷一祥异,无,"v1,v2,v3,v4",4,
3083,1836,清宣宗道光十六年,山东,无,广饶县,无,《续修广饶县志》,广饶县：岁大饥，人相食。——民国《续修广饶县志》卷二十六杂志,无,"v1,v2,v3,v4",4,
3084,1836,清宣宗道光十六年,山东,无,诸城县,无,《增修诸城县续志》,诸城县：春饥，人相食，大疫。——光绪《增修诸城县续志》志一总纪,无,"v1,v2,v3,v4",4,
3085,1836,清宣宗道光十六年,河南,无,林县,无,《续林县志》,林县：十四年至十七年，连年岁荒，人相食。——咸丰《续林县志》卷一祥异,无,"v1,v2,v3,v4",4,
3086,1837,清宣宗道光十七年,河南,无,商水县,无,《商水县志》,商水县：春大饥，人相食。——民国《商水县志》卷二十四祥异,无,"v1,v2,v3,v4",4,
3087,1837,清宣宗道光十七年,河南,无,林县,无,《续林县志》,林县：十四年至十七年，连年岁荒，人相食。——咸丰《续林县志》卷一祥异,无,"v1,v2,v3,v4",4,
3088,1837,清宣宗道光十七年,河南,无,淮阳县,无,《淮阳县志》,淮阳县：春大饥，人相食。——民国五年《淮阳县志》卷二十祥异,无,"v1,v2,v3,v4",4,
3089,1837,清宣宗道光十七年,河南,无,项城县,无,《项城县志》,项城县：春大饥，人相食。——民国《项城县志》卷三十一杂事,无,"v1,v2,v3,v4",4,
3090,1838,清宣宗道光十八年,山东,无,单县,无,《单县志》,山东单县：岁饥，人相食。——民国《单县志》卷十二乡贤,无,"v1,v2,v3,v4",4,
3091,1847,清宣宗道光二十七年,河北,无,东,无,《大名县志》,大、元、南、清、东、长六县均大饥，人相食，缓征，并借给食谷子种各有差。——民国《大名县志》卷二十六祥异,无,"v3,v4",2,"仅存在于：v3,v4；缺少：v1,v2"
3092,1847,清宣宗道光二十七年,河北,无,元,无,《大名县志》,大、元、南、清、东、长六县均大饥，人相食，缓征，并借给食谷子种各有差。——民国《大名县志》卷二十六祥异,无,"v3,v4",2,"仅存在于：v3,v4；缺少：v1,v2"
3093,1847,清宣宗道光二十七年,河北,无,元城县,无,《续修元城县志》,大名县：大旱，饥，人相食。——同治《续修元城县志》卷一年纪,无,"v1,v2",2,"仅存在于：v1,v2；缺少：v3,v4"
3094,1847,清宣宗道光二十七年,河北,无,南,无,《大名县志》,大、元、南、清、东、长六县均大饥，人相食，缓征，并借给食谷子种各有差。——民国《大名县志》卷二十六祥异,无,"v3,v4",2,"仅存在于：v3,v4；缺少：v1,v2"
3095,1847,清宣宗道光二十七年,河北,无,大,无,《大名县志》,大、元、南、清、东、长六县均大饥，人相食，缓征，并借给食谷子种各有差。——民国《大名县志》卷二十六祥异,无,"v3,v4",2,"仅存在于：v3,v4；缺少：v1,v2"
3096,1847,清宣宗道光二十七年,河北,无,大、元、南、清、东、长六县,无,《大名县志》,大、元、南、清、东、长六县均大饥，人相食，缓征，并借给食谷子种各有差。——民国《大名县志》卷二十六祥异,无,v2,1,"仅存在于：v2；缺少：v1,v3,v4"
3097,1847,清宣宗道光二十七年,河北,无,大名,无,《续修元城县志》,大名县：大旱，饥，人相食。——同治《续修元城县志》卷一年纪,无,v3,1,"仅存在于：v3；缺少：v1,v2,v4"
3098,1847,清宣宗道光二十七年,河北,无,大名县,无,《大名县志》,大、元、南、清、东、长六县均大饥，人相食，缓征，并借给食谷子种各有差。——民国《大名县志》卷二十六祥异,无,"v1,v4",2,"仅存在于：v1,v4；缺少：v2,v3"
3099,1847,清宣宗道光二十七年,河北,无,清,无,《大名县志》,大、元、南、清、东、长六县均大饥，人相食，缓征，并借给食谷子种各有差。——民国《大名县志》卷二十六祥异,无,"v3,v4",2,"仅存在于：v3,v4；缺少：v1,v2"
3100,1847,清宣宗道光二十七年,河北,无,长,无,《大名县志》,大、元、南、清、东、长六县均大饥，人相食，缓征，并借给食谷子种各有差。——民国《大名县志》卷二十六祥异,无,"v3,v4",2,"仅存在于：v3,v4；缺少：v1,v2"
3101,1847,清宣宗道光二十七年,河南,无,南乐,无,《南乐县志》,南乐县：旱，大饥。人相食。——光绪《南乐县志》卷七祥异,无,v3,1,"仅存在于：v3；缺少：v1,v2,v4"
3102,1847,清宣宗道光二十七年,河南,无,南乐县,无,《南乐县志》,南乐县：旱，大饥。人相食。——光绪《南乐县志》卷七祥异,无,"v1,v2,v4",3,"仅存在于：v1,v2,v4；缺少：v3"
3103,1847,清宣宗道光二十七年,河南,无,郑州,无,《郑县志》,郑州市：岁大饥，人相食。——民国《郑县志》卷一样异,无,v3,1,"仅存在于：v3；缺少：v1,v2,v4"
3104,1847,清宣宗道光二十七年,河南,无,郑州市,无,《郑县志》,郑州市：岁大饥，人相食。——民国《郑县志》卷一样异,无,v4,1,"仅存在于：v4；缺少：v1,v2,v3"
3105,1847,清宣宗道光二十七年,河南,郑州市,无,无,《郑县志》,郑州市：岁大饥，人相食。——民国《郑县志》卷一样异,无,v2,1,"仅存在于：v2；缺少：v1,v3,v4"
3106,1847,清宣宗道光二十七年,河南,郑州市,郑县,无,《郑县志》,郑州市：岁大饥，人相食。——民国《郑县志》卷一样异,无,v1,1,"仅存在于：v1；缺少：v2,v3,v4"
3107,1848,清宣宗道光二十八年,云南,无,镇雄县,无,《镇雄州志》,镇雄县：六月，陨霜杀禾。两年连接大饥，人民相食。——光绪《镇雄州志》卷五祥异,无,"v1,v2,v3,v4",4,
3108,1849,清宣宗道光二十九年,湖北,无,公安,无,《湖北省近五百年气候历史资料》,"1849年，湖北，水灾""人相食，死骸枕藉（公安）""——湖北武汉中心气象台编：《湖北省近五百年气候历史资料》，1978年编印，第161页。",无,"v1,v2,v3,v4",4,
3109,1849,清宣宗道光二十九年,湖北,无,公安县,无,《湖北省近五百年气候历史资料》,1849年，湖北，水灾”人相食，死骸枕藉（公安）”——湖北武汉中心气象台编：《湖北省近五百年气候历史资料》，1978年编印，第161页。,无,v1,1,"仅存在于：v1；缺少：v2,v3,v4"
3110,1852,清文宗咸丰二年,江苏,无,邳县,无,《邳州补》,江苏：邳县：岁大饥，人相食。——民国《邳州补》卷八灾异,无,"v1,v2,v3,v4",4,
3111,1853,清文宗咸丰三年,山东,无,无,无,《峄县志》,枣庄市：春正月大饥，人相食，丁卯大风。三月瘟疫大作，人多病死。七月大熟。连岁失收，至是大饥，民多鬻妻子以求生，饿死者无算，至秋大熟。——光绪《峄县志》卷十五灾祥,枣庄为推测，原文为枣庄市，枣庄清代属峄县,v2,1,"仅存在于：v2；缺少：v1,v3,v4"
3112,1853,清文宗咸丰三年,山东,枣庄市,无,无,《峄县志》,山东：枣庄市：春正月大饥，人相食，丁卯大风。三月瘟疫大作，人多病死。七月大熟。连岁失收，至是大饥，民多鬻妻子以求生，饿死者无算，至秋大熟。——光绪《峄县志》卷十五灾祥,无,"v1,v3,v4",3,"仅存在于：v1,v3,v4；缺少：v2"
3113,1853,清文宗咸丰三年,江苏,无,睢宁县,无,《睢宁县志稿》,江苏：睢宁县：春大饥，人相食。——光绪《睢宁县志稿》卷十五祥异,无,"v1,v2,v3,v4",4,
3114,1853,清文宗咸丰三年,河北,无,完县,无,《完县新志》,河北：完县：大水。饥，人相食。——民国《完县新志》卷九故实,无,"v1,v2,v3,v4",4,
3115,1856,清文宗咸丰六年,安徽,无,宁国县,无,《宁国县志》,安徽：宁国县：大旱，人相食。——民国《宁国县志》卷十四灾异,无,"v1,v2,v3,v4",4,
3116,1857,清文宗咸丰七年,山东,无,无,无,《济宁直录州续志》,济宁市：春大饥，人相食。——咸丰《济宁直录州续志》卷一五行,原文为'济宁市'，city字段原文即有市名,v4,1,"仅存在于：v4；缺少：v1,v2,v3"
3117,1857,清文宗咸丰七年,山东,无,东平,无,《清史稿》,春，肥城、东平大饥，死者枕藉，鱼台、日照、临朐亦饥，人相食。——《清史稿》卷四四《灾异志五》,无,"v1,v3",2,"仅存在于：v1,v3；缺少：v2,v4"
3118,1857,清文宗咸丰七年,山东,无,东平县,无,《清史稿》,春，肥城、东平大饥，死者枕藉，鱼台、日照、临朐亦饥，人相食。——《清史稿》卷四四《灾异志五》,无,"v2,v3,v4",3,"仅存在于：v2,v3,v4；缺少：v1"
3119,1857,清文宗咸丰七年,山东,无,临朐,无,《清史稿》,春，肥城、东平大饥，死者枕藉，鱼台、日照、临朐亦饥，人相食。——《清史稿》卷四四《灾异志五》,疑似OCR错误，原文为个人信息,v3,1,"仅存在于：v3；缺少：v1,v2,v4"
3120,1857,清文宗咸丰七年,山东,无,临朐县,无,《清史稿》,春，肥城、东平大饥，死者枕藉，鱼台、日照、临朐亦饥，人相食。——《清史稿》卷四四《灾异志五》,无,"v2,v4",2,"仅存在于：v2,v4；缺少：v1,v3"
3121,1857,清文宗咸丰七年,山东,无,单县,无,《单县志》,单县：春大饥，人相食。——民国《单县志》卷十四灾祥,无,"v1,v2,v3,v4",4,
3122,1857,清文宗咸丰七年,山东,无,日照,无,《清史稿》,春，肥城、东平大饥，死者枕藉，鱼台、日照、临朐亦饥，人相食。——《清史稿》卷四四《灾异志五》,无,v3,1,"仅存在于：v3；缺少：v1,v2,v4"
3123,1857,清文宗咸丰七年,山东,无,日照县,无,《清史稿》,春，肥城、东平大饥，死者枕藉，鱼台、日照、临朐亦饥，人相食。——《清史稿》卷四四《灾异志五》,无,"v2,v4",2,"仅存在于：v2,v4；缺少：v1,v3"
3124,1857,清文宗咸丰七年,山东,无,曲阜市,无,《续修曲阜县志》,曲阜市：雹、旱、蝗三灾郡有，五谷不登，人将相食。——民国《续修曲阜县志》卷二灾祥,无,"v2,v4",2,"仅存在于：v2,v4；缺少：v1,v3"
3125,1857,清文宗咸丰七年,山东,无,济宁,济宁直隶州,《济宁直录州续志》,济宁市：春大饥，人相食。——咸丰《济宁直录州续志》卷一五行,济宁为推测，原文为古代地名济宁直隶州,v1,1,"仅存在于：v1；缺少：v2,v3,v4"
3126,1857,清文宗咸丰七年,山东,无,肥城,无,《清史稿》,春，肥城、东平大饥，死者枕藉，鱼台、日照、临朐亦饥，人相食。——《清史稿》卷四四《灾异志五》,无,"v1,v3",2,"仅存在于：v1,v3；缺少：v2,v4"
3127,1857,清文宗咸丰七年,山东,无,肥城县,无,《清史稿》,春，肥城、东平大饥，死者枕藉，鱼台、日照、临朐亦饥，人相食。——《清史稿》卷四四《灾异志五》,无,"v2,v4",2,"仅存在于：v2,v4；缺少：v1,v3"
3128,1857,清文宗咸丰七年,山东,无,藤县,无,《续滕县志》,藤县：春大饥，人相食。五月麦大熟。——民国《续滕县志》卷一通纪,无,"v1,v2,v3,v4",4,
3129,1857,清文宗咸丰七年,山东,无,鱼台,无,《清史稿》,春，肥城、东平大饥，死者枕藉，鱼台、日照、临朐亦饥，人相食。——《清史稿》卷四四《灾异志五》,无,v3,1,"仅存在于：v3；缺少：v1,v2,v4"
3130,1857,清文宗咸丰七年,山东,无,鱼台县,无,《清史稿》,春，肥城、东平大饥，死者枕藉，鱼台、日照、临朐亦饥，人相食。——《清史稿》卷四四《灾异志五》,无,"v2,v4",2,"仅存在于：v2,v4；缺少：v1,v3"
3131,1857,清文宗咸丰七年,山东,曲阜市,无,无,《续修曲阜县志》,曲阜市：雹、旱、蝗三灾郡有，五谷不登，人将相食。——民国《续修曲阜县志》卷二灾祥,无,v3,1,"仅存在于：v3；缺少：v1,v2,v4"
3132,1857,清文宗咸丰七年,山东,曲阜市,曲阜市,无,《续修曲阜县志》,曲阜市：雹、旱、蝗三灾郡有，五谷不登，人将相食。——民国《续修曲阜县志》卷二灾祥,无,v1,1,"仅存在于：v1；缺少：v2,v3,v4"
3133,1857,清文宗咸丰七年,山东,济宁市,无,济宁直隶州,《济宁直录州续志》,济宁市：春大饥，人相食。——咸丰《济宁直录州续志》卷一五行,无,"v2,v3",2,"仅存在于：v2,v3；缺少：v1,v4"
3134,1857,清文宗咸丰七年,江苏,无,沛县,无,《沛县志》,沛县：春大饥，人相食，死者无算。——民国《沛县志》卷二灾祥,无,"v1,v2,v3,v4",4,
3135,1857,清文宗咸丰七年,河北,无,馆陶县,无,《馆陶县志》,馆陶县：旱蝗为灾，岁大饥，至有以人肉充粮者。——民国《馆陶县志》大事,疑似OCR错误,"v1,v2,v3,v4",4,
3136,1858,清文宗咸丰八年,云南,无,屏边县,无,《云南天气灾害史料》,"屏边县：1858年，云南，饥，""人相食（屏边）""——云南省气象科学研究所：《云南天气灾害史料》，1980年，第375页。",无,"v1,v2,v3,v4",4,
3137,1858,清文宗咸丰八年,安徽,无,广德县,无,《广德县志稿》,广德县：田地荒芜，斗米二千文，人相食，野无青草。——民国《广德县志稿》卷二祥异,无,"v1,v2,v3,v4",4,
3138,1858,清文宗咸丰八年,安徽,无,霍丘县,无,《霍丘县志》,霍丘县：春，人相食，天雨麦豆，人争取食。——同治《霍丘县志》卷十六灾异,无,"v1,v2,v3,v4",4,
3139,1858,清文宗咸丰八年,安徽,无,颍上县,无,《颍上县志》,颍上县：岁荐饥，人相食，蒿菜遍地，飞蝗蔽天。——同治《颍上县志》卷十二祥异,无,"v1,v2,v3,v4",4,
3140,1860,清文宗咸丰十年,安徽,无,五河县,无,《重修五河县志》,五河县：春饥，疫。人相食，饿殍遍野。——光绪《重修五河县志》卷十九祥异,无,"v1,v2,v3,v4",4,
3141,1860,清文宗咸丰十年,安徽,无,全椒县,无,《全椒县志》,全椒县：斗米价一千数百文，物价皆贵，饿死者盈路，人相食。——光绪《全椒县志》卷十祥异,无,"v1,v2,v3,v4",4,
3142,1861,清文宗咸丰十一年,安徽,无,无,无,《近代史资料》,"1861年，皖南，水灾兵祸""乡村粮食已尽，往往掘野菜和土而食，有至于食人者。""——《近代史资料》1963年，第140页。",无,"v1,v2,v3,v4",4,
3143,1862,清穆宗同治元年,云南,无,嵩明县,无,《续修嵩明州志》,云南：嵩明县：五月大饥，人相食。——光绪《续修嵩明州志》卷二灾祥,无,"v2,v4",2,"仅存在于：v2,v4；缺少：v1,v3"
3144,1862,清穆宗同治元年,云南,保山市,无,无,《永昌府志》,云南：保山市：大饥，人相食，野菜、田螺皆尽，死者无算。——光绪《永昌府志》卷三祥异,无,v4,1,"仅存在于：v4；缺少：v1,v2,v3"
3145,1862,清穆宗同治元年,云南,保山市,保山市,永昌府,《永昌府志》,保山市：大饥，人相食，野菜、田螺皆尽，死者无算。——光绪《永昌府志》卷三祥异,无,v3,1,"仅存在于：v3；缺少：v1,v2,v4"
3146,1862,清穆宗同治元年,云南,保山市,永昌府,永昌府,《永昌府志》,保山市：大饥，人相食，野菜、田螺皆尽，死者无算。——光绪《永昌府志》卷三祥异,无,v2,1,"仅存在于：v2；缺少：v1,v3,v4"
3147,1862,清穆宗同治元年,云南,昆明市,嵩明县,无,《续修嵩明州志》,嵩明县：五月大饥，人相食。——光绪《续修嵩明州志》卷二灾祥,无,v3,1,"仅存在于：v3；缺少：v1,v2,v4"
3148,1862,清穆宗同治元年,云南,曲靖市,无,无,《古越州志》,云南：曲靖市：岁饥，人相食。——光绪增订乾隆《古越州志》卷一灾祥,无,v4,1,"仅存在于：v4；缺少：v1,v2,v3"
3149,1862,清穆宗同治元年,云南,曲靖市,古越州,古越州,《古越州志》,曲靖市：岁饥，人相食。——光绪增订乾隆《古越州志》卷一灾祥,无,v2,1,"仅存在于：v2；缺少：v1,v3,v4"
3150,1862,清穆宗同治元年,云南,曲靖市,曲靖市,古越州,《古越州志》,曲靖市：岁饥，人相食。——光绪增订乾隆《古越州志》卷一灾祥,无,v3,1,"仅存在于：v3；缺少：v1,v2,v4"
3151,1862,清穆宗同治元年,安徽,无,无,无,《曾国藩全集·家书》,安徽：1862年，皖南，春荒，'口粮急缺，则到处皆然，百姓则皆人食人肉矣。'——邓云生编校：《曾国藩全集·家书》（二），岳麓书社1985年版，第814页。,无,v4,1,"仅存在于：v4；缺少：v1,v2,v3"
3152,1862,清穆宗同治元年,安徽,无,皖南,无,《曾国藩全集·家书》,1862年，皖南，春荒，'口粮急缺，则到处皆然，百姓则皆人食人肉矣。'——邓云生编校：《曾国藩全集·家书》（二），岳麓书社1985年版，第814页。,无,"v2,v3",2,"仅存在于：v2,v3；缺少：v1,v4"
3153,1862,清穆宗同治元年,甘肃,无,甘肃,无,《重修镇原县志》转引《西北灾荒史》,1862年，甘肃，连年不登，'斗粟二万钱，人相食。'——《重修镇原县志》，转引自袁林著：《西北灾荒史》，甘肃人民出版社，第1695页。,无,v3,1,"仅存在于：v3；缺少：v1,v2,v4"
3154,1862,清穆宗同治元年,甘肃,无,镇原县,无,《重修镇原县志》转引《西北灾荒史》,甘肃：1862年，甘肃，连年不登，'斗粟二万钱，人相食。'——《重修镇原县志》，转引自袁林著：《西北灾荒史》，甘肃人民出版社，第1695页。,无,"v2,v4",2,"仅存在于：v2,v4；缺少：v1,v3"
3155,1862,清穆宗同治元年,贵州,六盘水市,无,无,《水城厅采访册》,贵州：六盘水市：大饥，人相食。——光绪《水城厅采访册》卷十祥异,无,"v1,v4",2,"仅存在于：v1,v4；缺少：v2,v3"
3156,1862,清穆宗同治元年,贵州,六盘水市,六盘水市,水城厅,《水城厅采访册》,六盘水市：大饥，人相食。——光绪《水城厅采访册》卷十祥异,无,v3,1,"仅存在于：v3；缺少：v1,v2,v4"
3157,1862,清穆宗同治元年,贵州,六盘水市,水城,无,《水城厅采访册》,六盘水市：大饥，人相食。——光绪《水城厅采访册》卷十祥异,无,v2,1,"仅存在于：v2；缺少：v1,v3,v4"
3158,1863,清穆宗同治二年,安徽,无,无,无,《曾国藩日记》,皖南到处食人。人肉始卖三十文一斤，近闻增至百二十文一斤。句容二溧八十文一斤。荒乱如此，今年若再凶歉，苍生将无噍类矣。——同月二十二日《曾国藩日记》,无,"v1,v3",2,"仅存在于：v1,v3；缺少：v2,v4"
3159,1863,清穆宗同治二年,安徽,无,皖南,无,《曾国藩全集·家书》,皖南到处食人。人肉始卖三十文一斤，近闻增至百二十文一斤。句容二溧（溧水、溧阳、并句容均属江苏，在江宁之南，与皖南接壤）八十文一斤。荒乱如此，今年若再凶歉，苍生将无噍类矣。——《曾国藩全集。家书》（二），第977页,原文为皖南泛指，但含具体食人记录,v4,1,"仅存在于：v4；缺少：v1,v2,v3"
3160,1863,清穆宗同治二年,山东,无,东阿县,无,《东阿县志》,东阿县：大稔，人相食。——民国《东阿县志》卷十五祥异,无,"v1,v2,v3,v4",4,
3161,1863,清穆宗同治二年,江苏,无,句容,无,《曾国藩全集·日记》,同月二十二日《曾国藩日记》云：'皖南到处食人。人肉始卖三十文一斤，近闻增至百二十文一斤。句容二溧（溧水、溧阳、并句容均属江苏，在江宁之南，与皖南接壤）八十文一斤。荒乱如此，今年若再凶歉，苍生将无噍类矣。'——《曾国藩全集·日记》（二），第977页,无,v2,1,"仅存在于：v2；缺少：v1,v3,v4"
3162,1863,清穆宗同治二年,江苏,无,句容县,无,《曾国藩全集·日记》,句容二溧（溧水、溧阳、并句容均属江苏，在江宁之南，与皖南接壤）八十文一斤。荒乱如此，今年若再凶歉，苍生将无噍类矣。——同月二十二日《曾国藩日记》,无,v3,1,"仅存在于：v3；缺少：v1,v2,v4"
3163,1863,清穆宗同治二年,江苏,无,溧水,无,《曾国藩全集·日记》,同月二十二日《曾国藩日记》云：'皖南到处食人。人肉始卖三十文一斤，近闻增至百二十文一斤。句容二溧（溧水、溧阳、并句容均属江苏，在江宁之南，与皖南接壤）八十文一斤。荒乱如此，今年若再凶歉，苍生将无噍类矣。'——《曾国藩全集·日记》（二），第977页,无,v2,1,"仅存在于：v2；缺少：v1,v3,v4"
3164,1863,清穆宗同治二年,江苏,无,溧阳,无,《曾国藩全集·日记》,同月二十二日《曾国藩日记》云：'皖南到处食人。人肉始卖三十文一斤，近闻增至百二十文一斤。句容二溧（溧水、溧阳、并句容均属江苏，在江宁之南，与皖南接壤）八十文一斤。荒乱如此，今年若再凶歉，苍生将无噍类矣。'——《曾国藩全集·日记》（二），第977页,无,v2,1,"仅存在于：v2；缺少：v1,v3,v4"
3165,1863,清穆宗同治二年,浙江,无,建德县,无,《建德县志》,建德县：荒，人相食。是年，爵帅左宗棠给发耕牛籽本，拨款散振，并开设粥厂以济灾民。——民国《建德县志》卷一灾异,无,"v1,v2,v3,v4",4,
3166,1863,清穆宗同治二年,贵州,遵义市,无,无,《续遵义府志》,遵义市：秋七月，遵义岁饥，时四境皆贼，民不能耕，东南两乡尤甚，斗米值银二两，至骨肉相残食。——民国《续遵义府志》卷十三样异,无,"v1,v2",2,"仅存在于：v1,v2；缺少：v3,v4"
3167,1863,清穆宗同治二年,贵州,遵义市,遵义市,无,《续遵义府志》,遵义市：秋七月，遵义岁饥，时四境皆贼，民不能耕，东南两乡尤甚，斗米值银二两，至骨肉相残食。——民国《续遵义府志》卷十三样异,无,"v3,v4",2,"仅存在于：v3,v4；缺少：v1,v2"
3168,1864,清穆宗同治三年,云南,无,无,无,《云南天气灾害史料》,1864年，云南，大饥馑'旦伏于路，攫人而食。'——《云南天气灾害史料》，第375页。,无,"v1,v3,v4",3,"仅存在于：v1,v3,v4；缺少：v2"
3169,1864,清穆宗同治三年,云南,无,景东县,无,《景东县志稿》,景东县：大饥馑，徂伏于路，爨人而食。——民国《景东县志稿》卷一灾异,无,v4,1,"仅存在于：v4；缺少：v1,v2,v3"
3170,1864,清穆宗同治三年,云南,普洱市,景东县,无,《景东县志稿》,景东县：大饥馑，徂伏于路，爨人而食。——民国《景东县志稿》卷一灾异,无,v1,1,"仅存在于：v1；缺少：v2,v3,v4"
3171,1864,清穆宗同治三年,云南,景东,景东县,无,《景东县志稿》,景东县：大饥馑，徂伏于路，爨人而食。——民国《景东县志稿》卷一灾异,无,v3,1,"仅存在于：v3；缺少：v1,v2,v4"
3172,1864,清穆宗同治三年,江苏,无,无锡县,无,《无锡金匮县志》,无锡县：春，西北乡人相食。——光绪《无锡金匮县志》卷三十一祥异,无,v4,1,"仅存在于：v4；缺少：v1,v2,v3"
3173,1864,清穆宗同治三年,江苏,无锡,无锡县,无,《无锡金匮县志》,无锡县：春，西北乡人相食。——光绪《无锡金匮县志》卷三十一祥异,无,v3,1,"仅存在于：v3；缺少：v1,v2,v4"
3174,1864,清穆宗同治三年,江苏,无锡市,无锡县,无,《无锡金匮县志》,无锡县：春，西北乡人相食。——光绪《无锡金匮县志》卷三十一祥异,无,v1,1,"仅存在于：v1；缺少：v2,v3,v4"
3175,1864,清穆宗同治三年,贵州,无,桐梓县,无,《续遵义府志》,桐梓县：桐梓县斗米值三千钱，饥民相食。——民国《续遵义府志》卷十三祥异,无,v4,1,"仅存在于：v4；缺少：v1,v2,v3"
3176,1864,清穆宗同治三年,贵州,桐梓,桐梓县,无,《续遵义府志》,桐梓县：桐梓县斗米值三千钱，饥民相食。——民国《续遵义府志》卷十三祥异,无,v3,1,"仅存在于：v3；缺少：v1,v2,v4"
3177,1864,清穆宗同治三年,贵州,遵义市,桐梓县,无,《续遵义府志》,桐梓县：桐梓县斗米值三千钱，饥民相食。——民国《续遵义府志》卷十三祥异,无,v1,1,"仅存在于：v1；缺少：v2,v3,v4"
3178,1865,清穆宗同治四年,安徽,无,无,皖南,《清史纪事本末》,"1865年，皖南，大饥，""民相食，人肉一斤，价至百二十文。""——《清史纪事本末》，卷五十，同治中兴",皖南为古代地名，泛指安徽南部地区,"v1,v2,v3,v4",4,
3179,1866,清穆宗同治五年,四川,无,无,无,《四川省近五百年旱涝史料》,"1866年，四川，大饥，""人相食，逃亡几尽。""——《四川省近五百年旱涝史料》，第7页。",无,"v1,v2,v3,v4",4,
3180,1866,清穆宗同治五年,甘肃,无,靖远,无,《甘肃新通志》,靖远县：春荞饥，人相食。——光绪《甘肃新通志》卷二祥异,无,"v1,v2",2,"仅存在于：v1,v2；缺少：v3,v4"
3181,1866,清穆宗同治五年,甘肃,无,靖远县,无,《甘肃新通志》,靖远县：春荞饥，人相食。——光绪《甘肃新通志》卷二祥异,无,v4,1,"仅存在于：v4；缺少：v1,v2,v3"
3182,1866,清穆宗同治五年,甘肃,兰州,无,无,《重修皋兰县志》,春荐饥，斗粟值银三十七八两，人相食，死者无算。案：邑中所出米麦本不足供一邑之用，四五两年逆回滋扰，民多失种，邻县粮道阻绝，遂成千百年未有之灾。——光绪《重修皋兰县志》卷十四灾异,无,v2,1,"仅存在于：v2；缺少：v1,v3,v4"
3183,1866,清穆宗同治五年,甘肃,兰州,皋兰,无,《重修皋兰县志》,兰州市：春荐饥，斗粟值银三十七八两，人相食，死者无算。案：邑中所出米麦本不足供一邑之用，四五两年逆回滋扰，民多失种，邻县粮道阻绝，遂成千百年未有之灾。——光绪《重修皋兰县志》卷十四灾异,无,"v1,v3",2,"仅存在于：v1,v3；缺少：v2,v4"
3184,1866,清穆宗同治五年,甘肃,兰州市,无,无,《重修皋兰县志》,兰州市：春荐饥，斗粟值银三十七八两，人相食，死者无算。案：邑中所出米麦本不足供一邑之用，四五两年逆回滋扰，民多失种，邻县粮道阻绝，遂成千百年未有之灾。——光绪《重修皋兰县志》卷十四灾异,无,v4,1,"仅存在于：v4；缺少：v1,v2,v3"
3185,1866,清穆宗同治五年,甘肃,白银,靖远,无,《甘肃新通志》,春荞饥，人相食。——光绪《甘肃新通志》卷二祥异,无,v3,1,"仅存在于：v3；缺少：v1,v2,v4"
3186,1866,清穆宗同治五年,贵州,无,荔波,无,《荔波县志》,荔波县：夏四月，黑气起城南，逾时始散。大饥，人相食。——光绪《荔波县志》卷一样异,无,"v1,v2",2,"仅存在于：v1,v2；缺少：v3,v4"
3187,1866,清穆宗同治五年,贵州,无,荔波县,无,《荔波县志》,荔波县：夏四月，黑气起城南，逾时始散。大饥，人相食。——光绪《荔波县志》卷一样异,无,v4,1,"仅存在于：v4；缺少：v1,v2,v3"
3188,1866,清穆宗同治五年,贵州,黔南,荔波,无,《荔波县志》,夏四月，黑气起城南，逾时始散。大饥，人相食。——光绪《荔波县志》卷一样异,无,v3,1,"仅存在于：v3；缺少：v1,v2,v4"
3189,1867,清穆宗同治六年,甘肃,无,无,无,《清史稿》,1867年，陕甘，大饥，'人相食'——《《清史稿》卷454《穆图善传》。,无,"v2,v3",2,"仅存在于：v2,v3；缺少：v1,v4"
3190,1867,清穆宗同治六年,贵州,无,织金县,无,《平远州续志》,织金县：岁大饥，往往有食人者。——光绪《平远州续志》卷二大事考,无,"v2,v3,v4",3,"仅存在于：v2,v3,v4；缺少：v1"
3191,1867,清穆宗同治六年,贵州,毕节市,织金县,无,《平远州续志》,织金县：岁大饥，往往有食人者。——光绪《平远州续志》卷二大事考,无,v1,1,"仅存在于：v1；缺少：v2,v3,v4"
3192,1867,清穆宗同治六年,陕西,无,无,无,《清史稿》,1867年，陕甘，大饥，'人相食'——《《清史稿》卷454《穆图善传》。,无,"v1,v2,v3",3,"仅存在于：v1,v2,v3；缺少：v4"
3193,1868,清穆宗同治七年,宁夏,无,隆德县,无,《重修隆德县志》,隆德县：岁大歉，斗米二十五、六千文不等。人相食，死者塞路。——民国《重修隆德县志》卷四祥异,无,"v1,v2,v3",3,"仅存在于：v1,v2,v3；缺少：v4"
3194,1868,清穆宗同治七年,宁夏,固原市,隆德县,无,《重修隆德县志》,隆德县：岁大歉，斗米二十五、六千文不等。人相食，死者塞路。——民国《重修隆德县志》卷四祥异,无,v4,1,"仅存在于：v4；缺少：v1,v2,v3"
3195,1868,清穆宗同治七年,甘肃,无,无,秦州,《重纂秦州直录州新志》,天水市：州属大饥，麦斗至五千余，人相食。——光绪《重纂秦州直录州新志》卷二十四欽祥,天水市为推测，原文为古代地名秦州,v2,1,"仅存在于：v2；缺少：v1,v3,v4"
3196,1868,清穆宗同治七年,甘肃,无,古浪县,无,《古浪县志》,古浪县：春大饥，人相食。——民国《古浪县志》卷一灾异,无,"v1,v2,v3",3,"仅存在于：v1,v2,v3；缺少：v4"
3197,1868,清穆宗同治七年,甘肃,无,泾川县,无,《甘肃新通志》,泾川县：大饥，人相食，新瘞死尸食之殆尽。——光绪《甘肃新通志》卷二祥异,无,"v1,v2,v3",3,"仅存在于：v1,v2,v3；缺少：v4"
3198,1868,清穆宗同治七年,甘肃,无,通渭县,无,《重修通渭县新志》,通渭县：春大饥，人相食，斗粟至十千有奇。秋稔。——光绪《重修通渭县新志》卷四灾祥,无,"v1,v2,v3",3,"仅存在于：v1,v2,v3；缺少：v4"
3199,1868,清穆宗同治七年,甘肃,无,镇原县,无,《重修镇原县志》,镇原县：岁大饥，人相食，斗麦价三十余串。——民国《重修镇原县志》卷十八变异,无,"v1,v2,v3",3,"仅存在于：v1,v2,v3；缺少：v4"
3200,1868,清穆宗同治七年,甘肃,天水市,无,无,《重纂秦州直录州新志》,天水市：州属大饥，麦斗至五千余，人相食。——光绪《重纂秦州直录州新志》卷二十四欽祥,无,"v1,v3,v4",3,"仅存在于：v1,v3,v4；缺少：v2"
3201,1868,清穆宗同治七年,甘肃,定西市,通渭县,无,《重修通渭县新志》,通渭县：春大饥，人相食，斗粟至十千有奇。秋稔。——光绪《重修通渭县新志》卷四灾祥,无,v4,1,"仅存在于：v4；缺少：v1,v2,v3"
3202,1868,清穆宗同治七年,甘肃,平凉市,泾川县,无,《甘肃新通志》,泾川县：大饥，人相食，新瘞死尸食之殆尽。——光绪《甘肃新通志》卷二祥异,无,v4,1,"仅存在于：v4；缺少：v1,v2,v3"
3203,1868,清穆宗同治七年,甘肃,庆阳市,镇原县,无,《重修镇原县志》,镇原县：岁大饥，人相食，斗麦价三十余串。——民国《重修镇原县志》卷十八变异,无,v4,1,"仅存在于：v4；缺少：v1,v2,v3"
3204,1868,清穆宗同治七年,甘肃,武威市,古浪县,无,《古浪县志》,古浪县：春大饥，人相食。——民国《古浪县志》卷一灾异,无,v4,1,"仅存在于：v4；缺少：v1,v2,v3"
3205,1868,清穆宗同治七年,贵州,无,天柱县,无,《天柱县志》,天柱县：六月米贵，每斗价二千余文，卖妻鬻子，饿死不计其数，甚至有人食人肉者。——光绪《天柱县志》卷一样异,无,"v1,v2,v3",3,"仅存在于：v1,v2,v3；缺少：v4"
3206,1868,清穆宗同治七年,贵州,黔东南苗族侗族自治州,天柱县,无,《天柱县志》,天柱县：六月米贵，每斗价二千余文，卖妻鬻子，饿死不计其数，甚至有人食人肉者。——光绪《天柱县志》卷一样异,无,v4,1,"仅存在于：v4；缺少：v1,v2,v3"
3207,1871,清穆宗同治十年,四川,无,无,无,《四川省近五百年旱涝史料》,"1871年，四川，旱灾，""人相食""——《四川省近五百年旱涝史料》，第7页。",无,"v1,v2,v3,v4",4,
3208,1871,清穆宗同治十年,河北,无,大城县,无,《大城县志》,大城县：大水。无麦无禾，人将相食。——光绪《大城县志》卷九人物,无,"v1,v2,v3,v4",4,
3209,1875,清德宗光绪元年,山东,无,利津县,无,《利津县志》,山东：利津县：岁饥，人相食，民苦无力。——民国《利津县志》卷九杂志,无,"v1,v2,v3,v4",4,
3210,1876,清德宗光绪二年,山东,无,博兴县,无,《重修蒲台县志》,博兴县：大旱，自去秋至六月无雨，赤地千里，数省皆然。山、陕、河南人相食，所在盗贼蜂起。——光绪《重修蒲台县志》灾异,无,v4,1,"仅存在于：v4；缺少：v1,v2,v3"
3211,1876,清德宗光绪二年,江苏,无,无,无,《清朝碑传全集》,1876年，苏北，旱蝗，'淮、徐、海、沐大饥，民气刚劲，饥则惊人食，旅行者往往失踪。'——清朝碑传全集，补编，卷19《李金镛传》,无,v4,1,"仅存在于：v4；缺少：v1,v2,v3"
3212,1876,清德宗光绪二年,江苏,无,淮、徐、海、沐,无,《清朝碑传全集》,1876年，苏北，旱蝗，'淮、徐、海、沐大饥，民气刚劲，饥则惊人食，旅行者往往失踪。'——《清朝碑传全集》，补编，卷19《李金镛传》,转引自《清朝碑传全集》补编卷19《李金镛传》,v3,1,"仅存在于：v3；缺少：v1,v2,v4"
3213,1876,清德宗光绪二年,河南,无,灵宝县,无,《华北、东北近五百年旱涝史料》,灵宝县：两载无雨，赤地千里，人相食，灵邑户口损三分之二。——《华北、东北近五百年旱涝史料》第四分册，第59页,无,"v1,v4",2,"仅存在于：v1,v4；缺少：v2,v3"
3214,1876,清德宗光绪二年,河南,三门峡,灵宝,无,《华北、东北近五百年旱涝史料》,灵宝县：两载无雨，赤地千里，人相食，灵邑户口损三分之二。——《华北、东北近五百年旱涝史料》第四分册，第59页,无,v3,1,"仅存在于：v3；缺少：v1,v2,v4"
3215,1876,清德宗光绪二年,河南,灵宝县,灵宝县,无,《华北、东北近五百年旱涝史料》第四分册,灵宝县：两载无雨，赤地千里，人相食，灵邑户口损三分之二。——《华北、东北近五百年旱涝史料》第四分册，第59页,无,v2,1,"仅存在于：v2；缺少：v1,v3,v4"
3216,1877,清德宗光绪三年,内蒙古,无,乌盟,无,《华北、东北近五百年旱涝史料》,乌盟、呼和浩特、包头、清水河县：大旱，以屡成饥，粟贵如珠，百性食糟糠、剥树皮、掘草根，甚至人相食，鬻子女仅得一二食，在襁褓者父母弃之道路不顾而去。商旅不敢独行。饿殍盈野，惨不忍目，其口外各厅亦均亢旱。——《华北、东北近五百年旱涝史料》第六分册，第129页。,无,"v1,v2",2,"仅存在于：v1,v2；缺少：v3,v4"
3217,1877,清德宗光绪三年,内蒙古,无,乌盟、呼和浩特、包头、清水河县,无,《华北、东北近五百年旱涝史料》,乌盟、呼和浩特、包头、清水河县：大旱，以屡成饥，粟贵如珠，百性食糟糠、剥树皮、掘草根，甚至人相食，鬻子女仅得一二食，在襁褓者父母弃之道路不顾而去。商旅不敢独行。饿殍盈野，惨不忍目，其口外各厅亦均亢旱。——《华北、东北近五百年旱涝史料》第六分册，第129页。,原文四地并列记录，未分开；口外各厅指内蒙古地区,v4,1,"仅存在于：v4；缺少：v1,v2,v3"
3218,1877,清德宗光绪三年,内蒙古,无,清水河县,无,《华北、东北近五百年旱涝史料》,乌盟、呼和浩特、包头、清水河县：大旱，以屡成饥，粟贵如珠，百性食糟糠、剥树皮、掘草根，甚至人相食，鬻子女仅得一二食，在襁褓者父母弃之道路不顾而去。商旅不敢独行。饿殍盈野，惨不忍目，其口外各厅亦均亢旱。——《华北、东北近五百年旱涝史料》第六分册，第129页。,无,v2,1,"仅存在于：v2；缺少：v1,v3,v4"
3219,1877,清德宗光绪三年,内蒙古,包头,无,无,《华北、东北近五百年旱涝史料》,乌盟、呼和浩特、包头、清水河县：大旱，以屡成饥，粟贵如珠，百性食糟糠、剥树皮、掘草根，甚至人相食，鬻子女仅得一二食，在襁褓者父母弃之道路不顾而去。商旅不敢独行。饿殍盈野，惨不忍目，其口外各厅亦均亢旱。——《华北、东北近五百年旱涝史料》第六分册，第129页。,无,v2,1,"仅存在于：v2；缺少：v1,v3,v4"
3220,1877,清德宗光绪三年,内蒙古,呼和浩特,无,无,《华北、东北近五百年旱涝史料》,乌盟、呼和浩特、包头、清水河县：大旱，以屡成饥，粟贵如珠，百性食糟糠、剥树皮、掘草根，甚至人相食，鬻子女仅得一二食，在襁褓者父母弃之道路不顾而去。商旅不敢独行。饿殍盈野，惨不忍目，其口外各厅亦均亢旱。——《华北、东北近五百年旱涝史料》第六分册，第129页。,无,"v2,v3",2,"仅存在于：v2,v3；缺少：v1,v4"
3221,1877,清德宗光绪三年,四川,无,南江县,无,《南江县志》,"《南江县志》载：""丁丑岁，川之北亦旱，而巴（巴中）南（南江）通（通江）三州县尤甚。……蔬糠既竭，继以草木，……树皮掘剥殆尽，红籽（某种草之籽）一斗价至一缁，更复啖谷中泥土，俗曰神仙面，……比户萧条，炊烟断缕，鸡犬无声。服鸠投环，堕岩赴洞，轻视其身者日闻于野。父弃其子，夫弃其妻，号哭于路途，转徙于沟壑者，耳目不忍闻睹。……是冬（1877）及次年春，或举家悄毙，或人相残食，饿殍不下数万。""——转引自《中国近代灾荒纪年》",无,"v1,v2,v4",3,"仅存在于：v1,v2,v4；缺少：v3"
3222,1877,清德宗光绪三年,四川,无,巴中县,无,《南江县志》转引《中国近代灾荒纪年》,《南江县志》载：'丁丑岁，川之北亦旱，而巴（巴中）南（南江）通（通江）三州县尤甚。……蔬糠既竭，继以草木，……树皮掘剥殆尽，红籽（某种草之籽）一斗价至一缁，更复啖谷中泥土，俗曰神仙面，……比户萧条，炊烟断缕，鸡犬无声。服鸠投环，堕岩赴洞，轻视其身者日闻于野。父弃其子，夫弃其妻，号哭于路途，转徙于沟壑者，耳目不忍闻睹。……是冬（1877）及次年春，或举家悄毙，或人相残食，饿殍不下数万。',原文泛指巴中、南江、通江三县，此处拆分为巴中县,v4,1,"仅存在于：v4；缺少：v1,v2,v3"
3223,1877,清德宗光绪三年,四川,无,通江县,无,《南江县志》转引《中国近代灾荒纪年》,《南江县志》载：'丁丑岁，川之北亦旱，而巴（巴中）南（南江）通（通江）三州县尤甚。……蔬糠既竭，继以草木，……树皮掘剥殆尽，红籽（某种草之籽）一斗价至一缁，更复啖谷中泥土，俗曰神仙面，……比户萧条，炊烟断缕，鸡犬无声。服鸠投环，堕岩赴洞，轻视其身者日闻于野。父弃其子，夫弃其妻，号哭于路途，转徙于沟壑者，耳目不忍闻睹。……是冬（1877）及次年春，或举家悄毙，或人相残食，饿殍不下数万。',原文泛指巴中、南江、通江三县，此处拆分为通江县,v4,1,"仅存在于：v4；缺少：v1,v2,v3"
3224,1877,清德宗光绪三年,四川,巴中市,南江县,无,《南江县志》转引《西北灾荒史》,《南江县志》载：'丁丑岁，川之北亦旱，而巴（巴中）南（南江）通（通江）三州县尤甚。……蔬糠既竭，继以草木，……树皮掘剥殆尽，红籽（某种草之籽）一斗价至一缁，更复啖谷中泥土，俗曰神仙面，……比户萧条，炊烟断缕，鸡犬无声。服鸠投环，堕岩赴洞，轻视其身者日闻于野。父弃其子，夫弃其妻，号哭于路途，转徙于沟壑者，耳目不忍闻睹。……是冬（1877）及次年春，或举家悄毙，或人相残食，饿殍不下数万。'——《南江县志》。转引自《中国近代灾荒纪年》,无,v3,1,"仅存在于：v3；缺少：v1,v2,v4"
3225,1877,清德宗光绪三年,安徽,无,蒙城县,无,《重修蒙城县志》,蒙城县：大疫，是时河南、山、陕三年大饥，人相食。人民流入蒙境者遍地皆是，瘟疫到处传染。——民国《重修蒙城县志》卷十二祥异,无,"v1,v2,v3",3,"仅存在于：v1,v2,v3；缺少：v4"
3226,1877,清德宗光绪三年,山西,无,万荣县,无,《华北、东北近五百年旱涝史料》,万荣县：大旱，人相食。——《华北、东北近五百年旱涝史料》第五分册，第54页。,无,"v1,v2,v3,v4",4,
3227,1877,清德宗光绪三年,山西,无,临县,无,《临县志》,临县：春，斗米不过五百钱，而麦苗尚称丰茂，农民忍饥缩食，冀有秋。嗷嗷待哺者已不知几千万家，尸骸枕藉，有杀人而食，剃肉而卖者。——民国《临县志》卷十七著述,无,"v1,v2,v3,v4",4,
3228,1877,清德宗光绪三年,山西,无,临汾县,无,《临汾县志》,临汾市：大祲，人相食，赤地千里，饿殍盈野，瘟疫盛行，死亡过半。——民国《临汾县志》卷六杂记,原文为'临汾市'，疑似笔误或早期用法，应为临汾县,v2,1,"仅存在于：v2；缺少：v1,v3,v4"
3229,1877,清德宗光绪三年,山西,无,临汾市,无,《临汾县志》,临汾市：大祲，人相食，赤地千里，饿殍盈野，瘟疫盛行，死亡过半。——民国《临汾县志》卷六杂记,无,"v1,v4",2,"仅存在于：v1,v4；缺少：v2,v3"
3230,1877,清德宗光绪三年,山西,无,临猗县,无,《续猗氏县志》,临猗县：无麦，自正月至四月麦价腾涌，每石至五十二两。民掘草根，剥木皮以为食，面目肿痛，偶仆于地，一蹶莫起。苜蓿面一斤贵至六七钱。时陕西米粟不通，河南铁谢所运赈粮，又以脚价贵不能即至，故民困莫苏，至有人相食者。——光绪《续猗氏县志》卷下祥异,无,"v1,v2",2,"仅存在于：v1,v2；缺少：v3,v4"
3231,1877,清德宗光绪三年,山西,无,乡宁县,无,《乡宁县志》,乡宁县：三、四年大旱，饿死人民无数，人相食。——民国《乡宁县志》卷八大事记,无,"v1,v2,v3,v4",4,
3232,1877,清德宗光绪三年,山西,无,吉县,无,《吉州全志》,吉县：大祲，夏无麦。人食树皮草根，食人肉，死者数万。——光绪《吉州全志》卷七祥异,无,"v1,v2",2,"仅存在于：v1,v2；缺少：v3,v4"
3233,1877,清德宗光绪三年,山西,无,垣曲县,无,《华北、东北近五百年旱涝史料》,垣曲县：大旱，夏无麦，秋无禾，冬月人相食。——《华北、东北近五百年旱涝史料》第五分册，第54页。,无,"v1,v2,v3,v4",4,
3234,1877,清德宗光绪三年,山西,无,壶关县,无,《壶关县续志》,壶关县：夏无麦，斗米一千六百，大饥，人相食。——光绪《壶关县续志》卷上纪事,无,"v1,v2",2,"仅存在于：v1,v2；缺少：v3,v4"
3235,1877,清德宗光绪三年,山西,无,大宁县,无,《大宁县志》,大宁县：岁荐饥，斗米三两，饿殍盈野，人相食。——光绪《大宁县志》卷七灾异,无,"v1,v2",2,"仅存在于：v1,v2；缺少：v3,v4"
3236,1877,清德宗光绪三年,山西,无,太谷县,无,《华北、东北近五百年旱涝史料》,太谷县：大饥，人相食。——《华北、东北近五百年旱涝史料》第五分册，第32页。,无,"v1,v2,v3,v4",4,
3237,1877,清德宗光绪三年,山西,无,孝义县,无,《孝义县续志》,孝义县：困益甚，旱亦益甚。阖邑赤地无青草，斗粟钱三千，四野哀鸿嗷嗷，草根树皮挂掘殆尽，渐乃道馑相望，人相食。——光绪《孝义县续志》卷一祥异,无,"v1,v2",2,"仅存在于：v1,v2；缺少：v3,v4"
3238,1877,清德宗光绪三年,山西,无,孟县,无,《孟县志》,孟县：大荒旱，人相食，道雍相望。九月霖雨，谷尽黑，味亦变。——光绪《孟县志》卷五灾异,无,"v1,v2",2,"仅存在于：v1,v2；缺少：v3,v4"
3239,1877,清德宗光绪三年,山西,无,屯留县,无,《屯留县志》,屯留县：春不雨，夏无麦，斗米钱一千四百有奇。人相食，疫大作，自夏及秋死者甚众。——光绪《屯留县志》卷一样异,无,"v1,v2",2,"仅存在于：v1,v2；缺少：v3,v4"
3240,1877,清德宗光绪三年,山西,无,岳阳县,无,《华北、东北近五百年旱涝史料》,岳阳县：大祲，旱，人相食，死无数。——《华北、东北近五百年旱涝史料》第五分册，第54页。,无,"v1,v2,v3,v4",4,
3241,1877,清德宗光绪三年,山西,无,左云县,无,《华北、东北近五百年旱涝史料》,左云县：秋大旱，人相食，道路饿殍盈途。——《华北、东北近五百年旱涝史料》第六分册，第129页。,无,"v1,v2,v3,v4",4,
3242,1877,清德宗光绪三年,山西,无,左权县,辽州,《华北、东北近五百年旱涝史料》,左权县：（辽州）自夏五月不雨至次年四月始雨，人相食。——《华北、东北近五百年旱涝史料》第五分册，第32页。,辽州为古代地名，现为左权县,"v1,v2,v4",3,"仅存在于：v1,v2,v4；缺少：v3"
3243,1877,清德宗光绪三年,山西,无,平陆县,无,《平陆县续志》,平陆县：自春徂冬二百余日无雨，秋夏不收，宿麦未种。斗米五两零，草根树皮尽，父子相食，人死十之八、九。十月大风，奇冷，井冰。——光绪《平陆县续志》卷下杂志,无,"v1,v2,v3,v4",4,
3244,1877,清德宗光绪三年,山西,无,怀仁县,无,《华北、东北近五百年旱涝史料》,怀仁县、左云县、大同市：大旱。人相食。——《华北、东北近五百年旱涝史料》第五分册，第13页。,无,"v1,v2",2,"仅存在于：v1,v2；缺少：v3,v4"
3245,1877,清德宗光绪三年,山西,无,怀仁县、左云县、大同市,无,《华北、东北近五百年旱涝史料》,怀仁县、左云县、大同市：大旱。人相食。——《华北、东北近五百年旱涝史料》第五分册，第13页。,原文三县并列记录，未分开,v4,1,"仅存在于：v4；缺少：v1,v2,v3"
3246,1877,清德宗光绪三年,山西,无,文水县,无,《文水县志》,文水县：旱，大疫。三月二十八日大风霾。自三年四月至四年夏尽不雨，大地无禾，斗米三千五百文，人相食，途无敢独行者。——光绪《文水县志》卷一样异,无,"v1,v2,v3,v4",4,
3247,1877,清德宗光绪三年,山西,无,新绛县,无,《华北、东北近五百年旱涝史料》,新绛县：岁大祲，人相食，九月十六连雨十有八日。——《华北、东北近五百年旱涝史料》第五分册，第54页。,无,"v1,v2,v4",3,"仅存在于：v1,v2,v4；缺少：v3"
3248,1877,清德宗光绪三年,山西,无,曲沃县,无,《新修曲沃县志》,曲沃县：春旱，夏无麦。六月份、浣几竭。秋八月雨雹。冬大饥，人相食，米麦石二十余金。——民国《新修曲沃县志》卷三十灾祥,无,"v1,v2,v3,v4",4,
3249,1877,清德宗光绪三年,山西,无,永济县,无,《虞乡县志》,永济县：春疫。夏无麦。…大祲，斗米数金，田亩鬻钱百余文，民屋拆毁殆尽，食树皮草根。…时饿殍枕藉，人相食，冬初发帑栽漕赈之，诏免地丁银。——光绪《虞乡县志》卷一样异,无,"v1,v2,v3,v4",4,
3250,1877,清德宗光绪三年,山西,无,汾西县,无,《汾西县志》,汾西县：大祲，加赈之。道馑枕藉，六畜无遗，人相食，村落为墟。——光绪《汾西县志》卷七祥异,无,"v1,v2",2,"仅存在于：v1,v2；缺少：v3,v4"
3251,1877,清德宗光绪三年,山西,无,汾阳县,无,《汾阳县志》,汾阳县：大饥，死者枕藉。得拨给江、鄂、山东漕粮有差。秋有五色蠹虫食谷心，高粱不食，穗尽黑。狼遍野食人，饥民亦有剥尸食者。——光绪《汾阳县志》卷十事考,无,"v1,v2",2,"仅存在于：v1,v2；缺少：v3,v4"
3252,1877,清德宗光绪三年,山西,无,洪洞县,无,《洪洞县志稿》,洪洞县：岁大祲，斗米卖银三两余，树皮革根剥掘殆尽，人相食，饿殍盈途，目不忍睹，诚古今罕见。——光绪《洪洞县志稿》卷十六杂记,无,"v1,v2,v3,v4",4,
3253,1877,清德宗光绪三年,山西,无,稷山县,无,《续修稷山县志》,稷山县：秋大祲，赤地千里，…。冬，盗发冢，祖孙父子母女夫妇兄弟相食，道馑相望。闾左枯骨成丘，庐舍拆毁无数，县北附山村落有尽数饿毙或十之七八。——光绪《续修稷山县志》卷一样异,无,"v1,v2,v3,v4",4,
3254,1877,清德宗光绪三年,山西,无,绛县,无,《绛县志》,绛县：大旱。夏麦薄收，秋苗焦死，草尽枯。…先犹宰食牲畜，继而树皮、草根、薪蒸、土石等类杂充饥肠，甚至剥遗尸，刨掩骸，残骨肉，食生人，饥死十之四五。——光绪六年《绛县志》卷十二祥异,无,"v1,v2,v3,v4",4,
3255,1877,清德宗光绪三年,山西,无,翼城县,无,《翼城县志》,翼城县：夏无麦，人相食，全县人民饿死过半。是岁秋大熟。——民国《翼城县志》卷十四祥异,无,"v1,v2",2,"仅存在于：v1,v2；缺少：v3,v4"
3256,1877,清德宗光绪三年,山西,无,襄垣县,无,《襄垣县续志》,襄垣县：春微雪，夏秋不雨。无麦无禾，斗米钱至一千五百文，民大饥，人相食。连年荒旱，本年尤甚，糠秕草根全无，人民倒毙，道馑相望，至互相杀食，荒郊僻巷人不敢独行。——光绪《襄垣县续志》卷九祥异,无,"v1,v2",2,"仅存在于：v1,v2；缺少：v3,v4"
3257,1877,清德宗光绪三年,山西,无,阳城县,无,《续阳原县志》,阳城县：春，斗米值钱三千六百文，人相食。夏又无麦，兼之瘟疫盛行，人民死者不可胜计，诚数百年仅见之灾也。——光绪《续阳原县志》灾祥,原文为阳城县，来源为《续阳原县志》，存疑,"v1,v2",2,"仅存在于：v1,v2；缺少：v3,v4"
3258,1877,清德宗光绪三年,山西,无,隰县,无,《续修隰州志》,隰县：夏秋无雨，禾苗槁，寸草皆枯，斗米价银三两，树皮干泥争购于市，死者以万计。冬严寒异常，人相食，至有骨肉相残者。——光绪《续修隰州志》卷四祥异,无,"v1,v2,v3,v4",4,
3259,1877,清德宗光绪三年,山西,无,霍县,无,《华北、东北近五百年旱涝史料》,霍县：大旱。春旱。夏无麦。六月份浣几竭，人相食。——《华北、东北近五百年旱涝史料》第五分册，第54页。,无,"v1,v2,v3,v4",4,
3260,1877,清德宗光绪三年,山西,无,高平县,无,《续高平县志》,高平县：夏无麦，人相食更甚，市斗米钱七百余文。——光绪《续高平县志》卷十二祥异,无,"v1,v2",2,"仅存在于：v1,v2；缺少：v3,v4"
3261,1877,清德宗光绪三年,山西,临汾市,无,无,《华北、东北近五百年旱涝史料》,临汾市：大旱荒，人相食。——《华北、东北近五百年旱涝史料》第五分册，第54页。,无,"v1,v2,v3",3,"仅存在于：v1,v2,v3；缺少：v4"
3262,1877,清德宗光绪三年,山西,临汾市,临汾县,无,《临汾县志》,临汾市：大祲，人相食，赤地千里，饿殍盈野，瘟疫盛行，死亡过半。——民国《临汾县志》卷六杂记,无,v3,1,"仅存在于：v3；缺少：v1,v2,v4"
3263,1877,清德宗光绪三年,山西,临汾市,乡宁县,无,《乡宁县志》,乡宁县：三、四年大旱，饿死人民无数，人相食。——民国《乡宁县志》卷八大事记,无,v3,1,"仅存在于：v3；缺少：v1,v2,v4"
3264,1877,清德宗光绪三年,山西,临汾市,吉县,无,《吉州全志》,吉县：大祲，夏无麦。人食树皮草根，食人肉，死者数万。——光绪《吉州全志》卷七祥异,无,v3,1,"仅存在于：v3；缺少：v1,v2,v4"
3265,1877,清德宗光绪三年,山西,临汾市,大宁县,无,《大宁县志》,大宁县：岁荐饥，斗米三两，饿殍盈野，人相食。——光绪《大宁县志》卷七灾异,无,v3,1,"仅存在于：v3；缺少：v1,v2,v4"
3266,1877,清德宗光绪三年,山西,临汾市,汾西县,无,《汾西县志》,汾西县：大祲，加赈之。道馑枕藉，六畜无遗，人相食，村落为墟。——光绪《汾西县志》卷七祥异,无,v3,1,"仅存在于：v3；缺少：v1,v2,v4"
3267,1877,清德宗光绪三年,山西,临汾市,洪洞县,无,《洪洞县志》,洪洞县：岁大祲。斗米麦制钱三千六百七文不等，树皮草根剥掘殆尽，人相食，饿莩盈途，目不忍睹。——民国《洪洞县志》卷十八祥异,无,v3,1,"仅存在于：v3；缺少：v1,v2,v4"
3268,1877,清德宗光绪三年,山西,临汾市,翼城县,无,《翼城县志》,翼城县：夏无麦，人相食，全县人民饿死过半。是岁秋大熟。——民国《翼城县志》卷十四祥异,无,v3,1,"仅存在于：v3；缺少：v1,v2,v4"
3269,1877,清德宗光绪三年,山西,吕梁市,孝义县,无,《孝义县续志》,孝义县：困益甚，旱亦益甚。阖邑赤地无青草，斗粟钱三千，四野哀鸿嗷嗷，草根树皮挂掘殆尽，渐乃道馑相望，人相食。——光绪《孝义县续志》卷一祥异,无,v3,1,"仅存在于：v3；缺少：v1,v2,v4"
3270,1877,清德宗光绪三年,山西,吕梁市,文水县,无,《文水县志》,文水县：旱，大疫。三月二十八日大风霾。自三年四月至四年夏尽不雨，大地无禾，斗米三千五百文，人相食，途无敢独行者。——光绪《文水县志》卷一样异,无,v3,1,"仅存在于：v3；缺少：v1,v2,v4"
3271,1877,清德宗光绪三年,山西,吕梁市,汾阳县,无,《汾阳县志》,汾阳县：大饥，死者枕藉。得拨给江、鄂、山东漕粮有差。秋有五色蠹虫食谷心，高粱不食，穗尽黑。狼遍野食人，饥民亦有剥尸食者。——光绪《汾阳县志》卷十事考,无,v3,1,"仅存在于：v3；缺少：v1,v2,v4"
3272,1877,清德宗光绪三年,山西,大同市,无,无,《华北、东北近五百年旱涝史料》,怀仁县、左云县、大同市：大旱。人相食。——《华北、东北近五百年旱涝史料》第五分册，第13页。,无,v2,1,"仅存在于：v2；缺少：v1,v3,v4"
3273,1877,清德宗光绪三年,山西,大同市,左云县,无,《华北、东北近五百年旱涝史料》,怀仁县、左云县、大同市：大旱。人相食。——《华北、东北近五百年旱涝史料》第五分册，第13页。,无,v3,1,"仅存在于：v3；缺少：v1,v2,v4"
3274,1877,清德宗光绪三年,山西,大同市,怀仁县,无,《华北、东北近五百年旱涝史料》,怀仁县、左云县、大同市：大旱。人相食。——《华北、东北近五百年旱涝史料》第五分册，第13页。,无,v3,1,"仅存在于：v3；缺少：v1,v2,v4"
3275,1877,清德宗光绪三年,山西,晋中市,左权县,辽州,《华北、东北近五百年旱涝史料》,左权县：（辽州）自夏五月不雨至次年四月始雨，人相食。——《华北、东北近五百年旱涝史料》第五分册，第32页。,辽州为古代地名,v3,1,"仅存在于：v3；缺少：v1,v2,v4"
3276,1877,清德宗光绪三年,山西,晋城市,无,凤台县,《凤台县续志》,晋城市：大旱，野无青草，人食树皮草根，牛马鸡犬皆尽，继食人肉，斗米值钱二千五百文。有全室俱毙者，有阖村同尽者。——光绪《凤台县续志》卷四纪事,凤台县为古代地名，现为晋城市,"v1,v2,v3",3,"仅存在于：v1,v2,v3；缺少：v4"
3277,1877,清德宗光绪三年,山西,晋城市,凤台县,凤台县,《凤台县续志》,晋城市：大旱，野无青草，人食树皮草根，牛马鸡犬皆尽，继食人肉，斗米值钱二千五百文。有全室俱毙者，有阖村同尽者。——光绪《凤台县续志》卷四纪事,凤台县为古代地名，光绪时属泽州府，今为晋城市,v4,1,"仅存在于：v4；缺少：v1,v2,v3"
3278,1877,清德宗光绪三年,山西,晋城市,阳城县,无,《续阳原县志》,阳城县：春，斗米值钱三千六百文，人相食。夏又无麦，兼之瘟疫盛行，人民死者不可胜计，诚数百年仅见之灾也。——光绪《续阳原县志》灾祥,疑似OCR错误：来源应为《续阳城县志》,v3,1,"仅存在于：v3；缺少：v1,v2,v4"
3279,1877,清德宗光绪三年,山西,晋城市,高平县,无,《续高平县志》,高平县：夏无麦，人相食更甚，市斗米钱七百余文。——光绪《续高平县志》卷十二祥异,无,v3,1,"仅存在于：v3；缺少：v1,v2,v4"
3280,1877,清德宗光绪三年,山西,运城市,临猗县,无,《续猗氏县志》,临猗县：无麦，自正月至四月麦价腾涌，每石至五十二两。民掘草根，剥木皮以为食，面目肿痛，偶仆于地，一蹶莫起。苜蓿面一斤贵至六七钱。时陕西米粟不通，河南铁谢所运赈粮，又以脚价贵不能即至，故民困莫苏，至有人相食者。——光绪《续猗氏县志》卷下祥异,无,v3,1,"仅存在于：v3；缺少：v1,v2,v4"
3281,1877,清德宗光绪三年,山西,运城市,新绛县,绛州,《华北、东北近五百年旱涝史料》,新绛县：岁大祲，人相食，九月十六连雨十有八日。——《华北、东北近五百年旱涝史料》第五分册，第54页。,新绛县为推测，原文为古代地名绛州,"v2,v3",2,"仅存在于：v2,v3；缺少：v1,v4"
3282,1877,清德宗光绪三年,山西,长治市,壶关县,无,《壶关县续志》,壶关县：夏无麦，斗米一千六百，大饥，人相食。——光绪《壶关县续志》卷上纪事,无,v3,1,"仅存在于：v3；缺少：v1,v2,v4"
3283,1877,清德宗光绪三年,山西,长治市,屯留县,无,《屯留县志》,屯留县：春不雨，夏无麦，斗米钱一千四百有奇。人相食，疫大作，自夏及秋死者甚众。——光绪《屯留县志》卷一样异,无,v3,1,"仅存在于：v3；缺少：v1,v2,v4"
3284,1877,清德宗光绪三年,山西,长治市,襄垣县,无,《襄垣县续志》,襄垣县：春微雪，夏秋不雨。无麦无禾，斗米钱至一千五百文，民大饥，人相食。连年荒旱，本年尤甚，糠秕草根全无，人民倒毙，道馑相望，至互相杀食，荒郊僻巷人不敢独行。——光绪《襄垣县续志》卷九祥异,无,v3,1,"仅存在于：v3；缺少：v1,v2,v4"
3285,1877,清德宗光绪三年,山西,阳泉市,孟县,无,《孟县志》,孟县：大荒旱，人相食，道雍相望。九月霖雨，谷尽黑，味亦变。——光绪《孟县志》卷五灾异,无,v3,1,"仅存在于：v3；缺少：v1,v2,v4"
3286,1877,清德宗光绪三年,河北,无,井陉县,无,《华北、东北近五百年旱涝史料》,井陉县：大旱，岁大荒，人相食。——《华北、东北近五百年旱涝史料》第二分册，第96页。,无,"v1,v2,v3,v4",4,
3287,1877,清德宗光绪三年,河北,无,元氏县,无,《元氏县志》,元氏县：荒旱，大饥，人相食，县令请款赈济。——民国《元氏县志》灾祥,无,"v1,v2,v3,v4",4,
3288,1877,清德宗光绪三年,河北,无,定州市,无,《定县志》,定州市：大旱，岁饥，有人相食者，饿殍满路。——民国《定县志》卷二十二祥异,无,"v1,v2,v3,v4",4,
3289,1877,清德宗光绪三年,河北,无,武安县,无,《武安县志》,武安县：岁大饥，人相食。春夏亢旱，地未播种，斗米千钱，人相食，街市行人倒地即毙，饿殍满目，死亡载道，卖妻鬻子，流离四方者，指不胜计。一家数口同时饿毙者所在多有，可谓未有之浩劫。——民国《武安县志》卷一大事记,无,"v1,v2,v3,v4",4,
3290,1877,清德宗光绪三年,河南,无,修武县,无,《修武县志》,修武县：岁大旱。自四月朔得雨三寸，既而点滴不入土，二麦歉收，秋禾未种。岁大荒，人相食。奏闻，粮缓征，漕免。——民国《修武县志》卷十六祥异,无,"v1,v2",2,"仅存在于：v1,v2；缺少：v3,v4"
3291,1877,清德宗光绪三年,河南,无,卢氏县,无,《重修卢氏县志》,卢氏县：旱，大饥，父子相食，死者不可胜计。——光绪《重修卢氏县志》卷十二祥异,无,"v1,v2",2,"仅存在于：v1,v2；缺少：v3,v4"
3292,1877,清德宗光绪三年,河南,无,原阳县,无,《阳武县志》,原阳县：春大饥，人相食。——民国《阳武县志》卷一通纪,无,"v1,v2,v3",3,"仅存在于：v1,v2,v3；缺少：v4"
3293,1877,清德宗光绪三年,河南,无,安阳县,无,《续安阳县志》,安阳县：春犹不雨，饿莩满野，人相食。——民国《续安阳县志》卷一大事纪,无,"v1,v2,v3",3,"仅存在于：v1,v2,v3；缺少：v4"
3294,1877,清德宗光绪三年,河南,无,宜阳县,无,《宜阳县志》,宜阳县：春，斛谷万钱，人相食，甚至母食子肉，弟口兄骨，先死者一家聚食，继死者以次吞啖，虽有情不忍食者，亦不敢野葬，穴圹于家，暂掩其尸。——光绪《宜阳县志》卷二祥异,无,"v1,v2,v3",3,"仅存在于：v1,v2,v3；缺少：v4"
3295,1877,清德宗光绪三年,河南,无,密县,无,《密县志》,密县：大饥，道雍相望，人相食。——民国《密县志》卷十九祥异,无,"v1,v2",2,"仅存在于：v1,v2；缺少：v3,v4"
3296,1877,清德宗光绪三年,河南,无,封丘县,无,《封丘县续志》,封丘县：大饥，人相食，赈济。——民国《封丘县续志》卷一通纪,无,"v1,v2",2,"仅存在于：v1,v2；缺少：v3,v4"
3297,1877,清德宗光绪三年,河南,无,嵩县,无,《嵩县志》,嵩县：丁丑，戊寅之年岁大祲，半西北天下连年抗旱，赤地千里。河南斗谷二千钱有奇，秦晋三倍之。父子兄弟骨肉相食者，不可以数计。以吾嵩论，死者十之四五，山谷居民十室而九空，乡村妇女贩卖略尽，饥民流亡，弃男抛女者伤心惨目。——光绪《嵩县志》卷六祥异,无,"v1,v2",2,"仅存在于：v1,v2；缺少：v3,v4"
3298,1877,清德宗光绪三年,河南,无,巩县,无,《巩县志》,巩县：大旱，中原赤地千里，黔黎走死无所，秋冬大饥，人相食。自去冬至是春，民间以麦苗、榆皮无不食，渐及树叶、蒺藜。秋冬后多常鬻妻弃子，杀戮牛马六畜，甚有食及同类者，饿殍横野，流亡载道，村落为墟。——民国《巩县志》卷五大事记,无,"v1,v2",2,"仅存在于：v1,v2；缺少：v3,v4"
3299,1877,清德宗光绪三年,河南,无,扶沟县,无,《扶沟县志》,扶沟县：春大饥，人相食。先是二年即忧旱，麦禾皆歉收。三年旱益甚。四年春大饥，山西及河南北尤甚，流亡络绎于道，斗米千余钱，继之以疫死者甚众。——光绪《扶沟县志》卷十五灾祥,无,"v1,v2,v3",3,"仅存在于：v1,v2,v3；缺少：v4"
3300,1877,清德宗光绪三年,河南,无,新乡县,无,《新乡县续志》,新乡县：大旱，麦秋全无，赤地千里，流亡载道，饿殍塞途，人相食。——民国《新乡县续志》卷四祥异,无,v1,1,"仅存在于：v1；缺少：v2,v3,v4"
3301,1877,清德宗光绪三年,河南,无,新安县,无,《新安县志》,新安县：二月初六日，西北风吹折吕氏科第石坊。是年大祲，父子相食，儿子村落为墟。——民国《新安县志》卷十五祥异,无,"v1,v2",2,"仅存在于：v1,v2；缺少：v3,v4"
3302,1877,清德宗光绪三年,河南,无,方城县,无,《方城县志》,方城县：大旱，赤地千里，裕北数郡皆灾，人相食，道馑相望，未闻赈恤。是年五月不雨，至次年三月始雨。——民国《方城县志》卷五灾异,无,"v1,v2",2,"仅存在于：v1,v2；缺少：v3,v4"
3303,1877,清德宗光绪三年,河南,无,林县,无,《林县志》,林县：大饥，斗米一千三百文，人相食。蠲免钱粮，发栗赈济。——民国《林县志》卷十四大事表,无,"v1,v2",2,"仅存在于：v1,v2；缺少：v3,v4"
3304,1877,清德宗光绪三年,河南,无,武陟县,无,《武陟县志》,武陟县：大饥，人相食。——民国《武陟县志》卷二沿革,无,"v1,v2",2,"仅存在于：v1,v2；缺少：v3,v4"
3305,1877,清德宗光绪三年,河南,无,洛宁县,无,《洛宁县志》,洛宁县：五月初一口，天鼓鸣。是年二月，麦米每斗价五千文，人相食，有父食其子，母食女，夫食其妻者，人死十之七八。——民国《洛宁县志》卷一样异,无,"v1,v2,v3",3,"仅存在于：v1,v2,v3；缺少：v4"
3306,1877,清德宗光绪三年,河南,无,渑池县,无,《渑池县志》,渑池县：春不雨，至四年三月始雨。…斗米五千钱，父子相食。——民国《渑池县志》卷十九祥异,无,"v1,v2",2,"仅存在于：v1,v2；缺少：v3,v4"
3307,1877,清德宗光绪三年,河南,无,禹县,无,《禹县志》,禹县：大旱，夏无麦，秋无禾。冬大饥，人相食。——民国《禹县志》卷二大事纪,无,"v1,v2",2,"仅存在于：v1,v2；缺少：v3,v4"
3308,1877,清德宗光绪三年,河南,无,获嘉县,无,《获嘉县志》,获嘉县：久旱不雨，岁大饥，人相食。漕粮缓征。——民国《获嘉县志》卷十七祥异,无,"v1,v2",2,"仅存在于：v1,v2；缺少：v3,v4"
3309,1877,清德宗光绪三年,河南,无,许昌县,无,《许昌县志》,许昌县：大旱。秋无禾、大饥，饿死逃亡，道瘞相望。各镇立卖人市。——民国十二年《许昌县志》卷十九祥异,无,"v1,v2",2,"仅存在于：v1,v2；缺少：v3,v4"
3310,1877,清德宗光绪三年,河南,三门峡市,无,陕州,《陕州直隶州志》,三门峡市：大早，夏天麦。饥甚，斗米白金五两余，人相食，死亡过半。秋乃雨，谷大熟，民居多鼠。——光绪《陕州直隶州志》卷一样异,陕州为推测，原文为陕州，今河南省三门峡市,"v1,v3",2,"仅存在于：v1,v3；缺少：v2,v4"
3311,1877,清德宗光绪三年,河南,三门峡市,卢氏县,无,《重修卢氏县志》,卢氏县：旱，大饥，父子相食，死者不可胜计。——光绪《重修卢氏县志》卷十二祥异,无,"v3,v4",2,"仅存在于：v3,v4；缺少：v1,v2"
3312,1877,清德宗光绪三年,河南,三门峡市,渑池县,无,《渑池县志》,渑池县：春不雨，至四年三月始雨。…斗米五千钱，父子相食。——民国《渑池县志》卷十九祥异,无,"v3,v4",2,"仅存在于：v3,v4；缺少：v1,v2"
3313,1877,清德宗光绪三年,河南,三门峡市,陕州,陕州直隶州,《陕州直隶州志》,三门峡市：大早，夏天麦。饥甚，斗米白金五两余，人相食，死亡过半。秋乃雨，谷大熟，民居多鼠。——光绪《陕州直隶州志》卷一样异,原文为'三门峡市'，陕州为推测对应原州直隶州区域,v2,1,"仅存在于：v2；缺少：v1,v3,v4"
3314,1877,清德宗光绪三年,河南,南阳市,方城县,无,《方城县志》,方城县：大旱，赤地千里，裕北数郡皆灾，人相食，道馑相望，未闻赈恤。是年五月不雨，至次年三月始雨。——民国《方城县志》卷五灾异,无,"v3,v4",2,"仅存在于：v3,v4；缺少：v1,v2"
3315,1877,清德宗光绪三年,河南,安阳市,林县,无,《林县志》,林县：大饥，斗米一千三百文，人相食。蠲免钱粮，发栗赈济。——民国《林县志》卷十四大事表,无,"v3,v4",2,"仅存在于：v3,v4；缺少：v1,v2"
3316,1877,清德宗光绪三年,河南,新乡市,封丘县,无,《封丘县续志》,封丘县：大饥，人相食，赈济。——民国《封丘县续志》卷一通纪,无,"v3,v4",2,"仅存在于：v3,v4；缺少：v1,v2"
3317,1877,清德宗光绪三年,河南,新乡市,新乡县,无,《新乡县续志》,新乡县：大旱，麦秋全无，赤地千里，流亡载道，饿殍塞途，人相食。——民国《新乡县续志》卷四祥异,无,"v2,v3,v4",3,"仅存在于：v2,v3,v4；缺少：v1"
3318,1877,清德宗光绪三年,河南,新乡市,获嘉县,无,《获嘉县志》,获嘉县：久旱不雨，岁大饥，人相食。漕粮缓征。——民国《获嘉县志》卷十七祥异,无,"v3,v4",2,"仅存在于：v3,v4；缺少：v1,v2"
3319,1877,清德宗光绪三年,河南,洛阳市,嵩县,无,《嵩县志》,嵩县：丁丑，戊寅之年岁大祲，半西北天下连年抗旱，赤地千里。河南斗谷二千钱有奇，秦晋三倍之。父子兄弟骨肉相食者，不可以数计。以吾嵩论，死者十之四五，山谷居民十室而九空，乡村妇女贩卖略尽，饥民流亡，弃男抛女者伤心惨目。——光绪《嵩县志》卷六祥异,无,"v3,v4",2,"仅存在于：v3,v4；缺少：v1,v2"
3320,1877,清德宗光绪三年,河南,洛阳市,新安县,无,《新安县志》,新安县：二月初六日，西北风吹折吕氏科第石坊。是年大祲，父子相食，儿子村落为墟。——民国《新安县志》卷十五祥异,无,"v3,v4",2,"仅存在于：v3,v4；缺少：v1,v2"
3321,1877,清德宗光绪三年,河南,焦作市,修武县,无,《修武县志》,修武县：岁大旱。自四月朔得雨三寸，既而点滴不入土，二麦歉收，秋禾未种。岁大荒，人相食。奏闻，粮缓征，漕免。——民国《修武县志》卷十六祥异,无,"v3,v4",2,"仅存在于：v3,v4；缺少：v1,v2"
3322,1877,清德宗光绪三年,河南,焦作市,武陟县,无,《武陟县志》,武陟县：大饥，人相食。——民国《武陟县志》卷二沿革,无,"v3,v4",2,"仅存在于：v3,v4；缺少：v1,v2"
3323,1877,清德宗光绪三年,河南,许昌市,禹县,无,《禹县志》,禹县：大旱，夏无麦，秋无禾。冬大饥，人相食。——民国《禹县志》卷二大事纪,无,"v3,v4",2,"仅存在于：v3,v4；缺少：v1,v2"
3324,1877,清德宗光绪三年,河南,郑州市,无,无,《郑州志》,郑州市：春无雨，…本年大饥，人相食，逃亡饿毙，十室九空。——民国《郑州志》卷一样异,无,"v1,v2,v3",3,"仅存在于：v1,v2,v3；缺少：v4"
3325,1877,清德宗光绪三年,河南,郑州市,密县,无,《密县志》,密县：大饥，道雍相望，人相食。——民国《密县志》卷十九祥异,无,"v3,v4",2,"仅存在于：v3,v4；缺少：v1,v2"
3326,1877,清德宗光绪三年,河南,郑州市,巩县,无,《巩县志》,巩县：大旱，中原赤地千里，黔黎走死无所，秋冬大饥，人相食。自去冬至是春，民间以麦苗、榆皮无不食，渐及树叶、蒺藜。秋冬后多常鬻妻弃子，杀戮牛马六畜，甚有食及同类者，饿殍横野，流亡载道，村落为墟。——民国《巩县志》卷五大事记,无,"v3,v4",2,"仅存在于：v3,v4；缺少：v1,v2"
3327,1877,清德宗光绪三年,河南,郑州市,郑州市,无,《郑州志》,郑州市：春无雨，…本年大饥，人相食，逃亡饿毙，十室九空。——民国《郑州志》卷一样异,无,v4,1,"仅存在于：v4；缺少：v1,v2,v3"
3328,1877,清德宗光绪三年,陕西,无,乾县,乾州,《乾州志稿》,乾县：粮价奇昂，饿殍盈路，人相食。四月始秒雨。——光绪《乾州志稿》卷一事录,乾州为推测，原文为乾州，今陕西省咸阳市乾县,"v1,v2,v3",3,"仅存在于：v1,v2,v3；缺少：v4"
3329,1877,清德宗光绪三年,陕西,无,佳县,无,《葭州志》,佳县：岁大饥，人相食。——光绪《葭州志》灾祥,无,"v1,v2,v3,v4",4,
3330,1877,清德宗光绪三年,陕西,无,兴平县,无,《重纂兴平县志》,"兴平县：大饥，道馑相望，人几相食。南山之石岁久成灰，形似面粉，饥民襁负归，号曰""神面""，和榆皮制饼曰""神饼""，食之多死。——民国《重纂兴平县志》卷八祥异",无,"v1,v2,v3,v4",4,
3331,1877,清德宗光绪三年,陕西,无,华县,无,《华县县志稿》,华县：大旱，白崖湖竭。大饥，民失种，人相食，十月开赈。四年，斗粟四千余钱，道雍相望，逃亡者半。——民国《华县县志稿》卷九天灾,无,"v1,v2,v3,v4",4,
3332,1877,清德宗光绪三年,陕西,无,华阴县,无,《华阴县续志》,华阴县：大饥，人相食，饿毙人民无数。四月秋禾初登，人民因食而死者又居十之四、五，迄今五十余载，人口犹未复元。——民国《华阴县续志》卷八杂事,无,"v1,v2,v3,v4",4,
3333,1877,清德宗光绪三年,陕西,无,合阳县,无,《郃阳县乡土志》,合阳县：岁饥，人相食，北乡饥民纠伙劫粮，啸聚渐众。——光绪《郃阳县乡土志》兵事,无,"v1,v2,v3,v4",4,
3334,1877,清德宗光绪三年,陕西,无,大荔县,无,《大荔县续志》,大荔县：是年大旱，…。粮价奇贵，斤面钱百十余文，大饥。…十二月有食人者，厉禁之。——光绪《大荔县续志》卷一事征,无,"v1,v2,v3,v4",4,
3335,1877,清德宗光绪三年,陕西,无,安塞县,无,《安塞县志》,安塞县：饥，人相食。饿毙者十室九空。——民国《安塞县志》卷十祥异,无,"v1,v2",2,"仅存在于：v1,v2；缺少：v3,v4"
3336,1877,清德宗光绪三年,陕西,无,富平县,无,《富平县志稿》,富平县：大饥，人相食。——光绪《富平县志稿》卷十祥异,无,"v1,v2,v3,v4",4,
3337,1877,清德宗光绪三年,陕西,无,府谷县,无,《府谷县志》,府谷县：春大疫。斗米钱二千四百文，人相食，死亡载道。是年大稔，子遗赖以全活。——民国《府谷县志》卷八大事记,无,"v1,v2,v3",3,"仅存在于：v1,v2,v3；缺少：v4"
3338,1877,清德宗光绪三年,陕西,无,户县,无,《重修鄂县志》,户县：大饥，人相食。——民国《重修鄂县志》卷十杂记,无,"v1,v2,v3,v4",4,
3339,1877,清德宗光绪三年,陕西,无,旬阳县,无,《洵阳县志》,旬阳县：春，鼠食禾苗。大旱，金河竭，秋禾萎。冬，果木开花，竹笋成林。岁大荒，人相食。——光绪《洵阳县志》卷十四杂志,无,"v1,v2",2,"仅存在于：v1,v2；缺少：v3,v4"
3340,1877,清德宗光绪三年,陕西,无,柞水县,无,《孝义厅志》,柞水县：大饥，人相食，斗栗价银一两余。——光绪《孝义厅志》卷十二灾异,柞水县为推测，原文为孝义厅，今陕西省商洛市柞水县,"v1,v2,v3",3,"仅存在于：v1,v2,v3；缺少：v4"
3341,1877,清德宗光绪三年,陕西,无,榆林县,无,《榆休县志》,榆林县：大旱，人相食。饥民多疫死。总兵官谭仁芳捐廉五万两大赈，兵备道童兆蓉请款办赈，全活无算。——民国《榆休县志》卷十祥异,无,"v1,v2,v3,v4",4,
3342,1877,清德宗光绪三年,陕西,无,永寿县,无,《永寿县重修新志》,永寿县：粮价奇昂，饿殍盈路，人相食。四月始秒雨。——光绪《永寿县重修新志》卷十述异,无,"v1,v2,v3",3,"仅存在于：v1,v2,v3；缺少：v4"
3343,1877,清德宗光绪三年,陕西,无,泾阳县,无,《重修泾阳县志》,泾阳县：大旱，民饥。斗麦易钱二子有奇，人食树皮槐叶殆尽，饿殍盈野，人至相食。——宣统《重修泾阳县志》卷二祥异,无,"v1,v2,v3",3,"仅存在于：v1,v2,v3；缺少：v4"
3344,1877,清德宗光绪三年,陕西,无,洛川县,无,《洛川县志》,洛川县：大饥，草木俱尽，人相食，十亡八、九。是后连年旱灾兵荒，迭奉蠲免。——民国《洛川县志》卷十三,无,"v1,v2",2,"仅存在于：v1,v2；缺少：v3,v4"
3345,1877,清德宗光绪三年,陕西,无,浦城县,无,《浦城县县新志》,浦城县：大饥，人相食。至四年夏饿毙者三之二。——光绪《浦城县县新志》卷十三祥异,无,"v1,v2",2,"仅存在于：v1,v2；缺少：v3,v4"
3346,1877,清德宗光绪三年,陕西,无,渭南市,无,《新续渭南县志》,渭南市：三、四年大旱，无麦禾。斗麦四五千钱，道雍相望，人相食，剥榆皮屑而啖之，人多黄瘦死，有坐守空屋待毙者。——光绪《新续渭南县志》卷十一禩祥,无,v4,1,"仅存在于：v4；缺少：v1,v2,v3"
3347,1877,清德宗光绪三年,陕西,无,澄城县,无,《澄城县附志》,澄城县：大饥，人相食。死者十之六、七。——民国《澄城县附志》卷十一大事记,无,"v1,v2,v3,v4",4,
3348,1877,清德宗光绪三年,陕西,无,礼泉县,无,《续修醴泉县志稿》,礼泉县：粮价奇昂，饿殍盈路，人相食。——民国《续修醴泉县志稿》卷十四杂记,无,"v1,v2,v3",3,"仅存在于：v1,v2,v3；缺少：v4"
3349,1877,清德宗光绪三年,陕西,无,神木县,无,《神木县乡土志》,神木县：大旱，米斗钱二千，饿殍盈野。——民国《神木县乡土志》卷四祥异,无,"v1,v4",2,"仅存在于：v1,v4；缺少：v2,v3"
3350,1877,清德宗光绪三年,陕西,无,紫阳县,无,《重修紫阳县志》,紫阳县：旱，草木皆槁，大饥，人相食，道馑相望。——民国《重修紫阳县志》卷五纪事,无,"v1,v2",2,"仅存在于：v1,v2；缺少：v3,v4"
3351,1877,清德宗光绪三年,陕西,无,绥德县,无,《绥德直隶州志》,绥德县：岁大饥，人相食，饿殍载道。设赈粥饥年余。——光绪《绥德直隶州志》卷三祥异,无,"v1,v2",2,"仅存在于：v1,v2；缺少：v3,v4"
3352,1877,清德宗光绪三年,陕西,无,蒲城县,无,《蒲城县县新志》,蒲城县：大饥，人相食。至四年夏饿毙者三之二。——光绪《蒲城县县新志》卷十三祥异,无,"v3,v4",2,"仅存在于：v3,v4；缺少：v1,v2"
3353,1877,清德宗光绪三年,陕西,无,蓝田县,无,《续修蓝田县志》,蓝田县：岁大祲，斗米值银二两，民饥甚，榆皮草根剥食殆尽。三里镇有食其子及人相食者。——民国《续修蓝田县志》卷三纪事,无,"v1,v2,v3,v4",4,
3354,1877,清德宗光绪三年,陕西,无,西乡县,无,《西乡县志》,西乡县：荒旱奇重，人相食，饿殍载道。——民国《西乡县志》灾禦,无,"v1,v2",2,"仅存在于：v1,v2；缺少：v3,v4"
3355,1877,清德宗光绪三年,陕西,无,铜川市,同官县,《同官县志》,铜川市：大饥，人相食，卖妻鬻子，逃甘肃者无数。——民国《同官县志》卷十四合作救济,同官县为古代地名，今为铜川市,v4,1,"仅存在于：v4；缺少：v1,v2,v3"
3356,1877,清德宗光绪三年,陕西,无,靖边县,无,《靖边志稿》,靖边县：大旱。越明年，荒甚，民啮草根，继食树皮叶，俱尽，又济之以斑白土。土柔无沙，掘地得之，老稚毙于胀，壮者苟免。黠者又往往割饥殍臀以延残喘，甚有屠生人以供餐者。官请发赈，又掘大坑以掩殛骨。每日晡时，饥犬饿狼叫号相闻，掘食残骸，弥散原野间。——光绪《靖边志稿》卷四灾劫,无,"v1,v2,v3,v4",4,
3357,1877,清德宗光绪三年,陕西,无,黄陵县,无,《黄陵县志》,黄陵县：大饥，旱。草木树皮被食净尽，人相食。——民国《黄陵县志》卷九社会救济,无,"v1,v2",2,"仅存在于：v1,v2；缺少：v3,v4"
3358,1877,清德宗光绪三年,陕西,安康市,旬阳县,无,《洵阳县志》,旬阳县：春，鼠食禾苗。大旱，金河竭，秋禾萎。冬，果木开花，竹笋成林。岁大荒，人相食。——光绪《洵阳县志》卷十四杂志,无,"v3,v4",2,"仅存在于：v3,v4；缺少：v1,v2"
3359,1877,清德宗光绪三年,陕西,安康市,紫阳县,无,《重修紫阳县志》,紫阳县：旱，草木皆槁，大饥，人相食，道馑相望。——民国《重修紫阳县志》卷五纪事,无,"v3,v4",2,"仅存在于：v3,v4；缺少：v1,v2"
3360,1877,清德宗光绪三年,陕西,延安市,安塞县,无,《安塞县志》,安塞县：饥，人相食。饿毙者十室九空。——民国《安塞县志》卷十祥异,无,"v3,v4",2,"仅存在于：v3,v4；缺少：v1,v2"
3361,1877,清德宗光绪三年,陕西,延安市,洛川县,无,《洛川县志》,洛川县：大饥，草木俱尽，人相食，十亡八、九。是后连年旱灾兵荒，迭奉蠲免。——民国《洛川县志》卷十三,无,"v3,v4",2,"仅存在于：v3,v4；缺少：v1,v2"
3362,1877,清德宗光绪三年,陕西,延安市,黄陵县,无,《黄陵县志》,黄陵县：大饥，旱。草木树皮被食净尽，人相食。——民国《黄陵县志》卷九社会救济,无,"v3,v4",2,"仅存在于：v3,v4；缺少：v1,v2"
3363,1877,清德宗光绪三年,陕西,榆林市,绥德县,无,《绥德直隶州志》,绥德县：岁大饥，人相食，饿殍载道。设赈粥饥年余。——光绪《绥德直隶州志》卷三祥异,无,"v3,v4",2,"仅存在于：v3,v4；缺少：v1,v2"
3364,1877,清德宗光绪三年,陕西,汉中市,西乡县,无,《西乡县志》,西乡县：荒旱奇重，人相食，饿殍载道。——民国《西乡县志》灾禦,无,"v3,v4",2,"仅存在于：v3,v4；缺少：v1,v2"
3365,1877,清德宗光绪三年,陕西,渭南市,无,无,《新续渭南县志》,渭南市：三、四年大旱，无麦禾。斗麦四五千钱，道雍相望，人相食，剥榆皮屑而啖之，人多黄瘦死，有坐守空屋待毙者。——光绪《新续渭南县志》卷十一禩祥,无,"v1,v2,v3",3,"仅存在于：v1,v2,v3；缺少：v4"
3366,1877,清德宗光绪三年,陕西,铜川市,无,无,《同官县志》,铜川市：大饥，人相食，卖妻鬻子，逃甘肃者无数。——民国《同官县志》卷十四合作救济,无,"v1,v2,v3",3,"仅存在于：v1,v2,v3；缺少：v4"
3367,1878,清德宗光绪四年,安徽,无,蒙城县,无,《重修蒙城县志》,蒙城县：大疫，是时河南、山、陕三年大饥，人相食。人民流入蒙境者遍地皆是，瘟疫到处传染。——民国《重修蒙城县志》卷十二祥异,无,v4,1,"仅存在于：v4；缺少：v1,v2,v3"
3368,1878,清德宗光绪四年,山西,无,临猗县,无,《续猗氏县志》,临猗县：无麦，自正月至四月麦价腾涌，每石至五十二两。民掘草根，剥木皮以为食，面目肿痛，偶仆于地，一蹶莫起。苜蓿面一斤贵至六七钱。时陕西米粟不通，河南铁谢所运赈粮，又以脚价贵不能即至，故民困莫苏，至有人相食者。——光绪《续猗氏县志》卷下祥异,无,v4,1,"仅存在于：v4；缺少：v1,v2,v3"
3369,1878,清德宗光绪四年,山西,无,乡宁县,无,《乡宁县志》,乡宁县：三、四年大旱，饿死人民无数，人相食。——民国《乡宁县志》卷八大事记,无,v4,1,"仅存在于：v4；缺少：v1,v2,v3"
3370,1878,清德宗光绪四年,山西,无,吉县,无,《吉州全志》,吉县：大祲，夏无麦。人食树皮草根，食人肉，死者数万。——光绪《吉州全志》卷七祥异,无,v4,1,"仅存在于：v4；缺少：v1,v2,v3"
3371,1878,清德宗光绪四年,山西,无,壶关县,无,《壶关县续志》,壶关县：夏无麦，斗米一千六百，大饥，人相食。——光绪《壶关县续志》卷上纪事,无,v4,1,"仅存在于：v4；缺少：v1,v2,v3"
3372,1878,清德宗光绪四年,山西,无,大宁县,无,《大宁县志》,大宁县：岁荐饥，斗米三两，饿殍盈野，人相食。——光绪《大宁县志》卷七灾异,无,v4,1,"仅存在于：v4；缺少：v1,v2,v3"
3373,1878,清德宗光绪四年,山西,无,孝义县,无,《孝义县续志》,孝义县：困益甚，旱亦益甚。阖邑赤地无青草，斗粟钱三千，四野哀鸿嗷嗷，草根树皮挂掘殆尽，渐乃道馑相望，人相食。——光绪《孝义县续志》卷一祥异,无,v4,1,"仅存在于：v4；缺少：v1,v2,v3"
3374,1878,清德宗光绪四年,山西,无,孟县,无,《孟县志》,孟县：大荒旱，人相食，道雍相望。九月霖雨，谷尽黑，味亦变。——光绪《孟县志》卷五灾异,无,v4,1,"仅存在于：v4；缺少：v1,v2,v3"
3375,1878,清德宗光绪四年,山西,无,屯留县,无,《屯留县志》,屯留县：春不雨，夏无麦，斗米钱一千四百有奇。人相食，疫大作，自夏及秋死者甚众。——光绪《屯留县志》卷一样异,无,v4,1,"仅存在于：v4；缺少：v1,v2,v3"
3376,1878,清德宗光绪四年,山西,无,文水县,无,《文水县志》,文水县：旱，大疫。三月二十八日大风霾。自三年四月至四年夏尽不雨，大地无禾，斗米三千五百文，人相食，途无敢独行者。——光绪《文水县志》卷一样异,无,v4,1,"仅存在于：v4；缺少：v1,v2,v3"
3377,1878,清德宗光绪四年,山西,无,新绛县,无,《新绛县志》,新绛县：大祲，人相食。——民国《新绛县志》卷十旧闻,无,v4,1,"仅存在于：v4；缺少：v1,v2,v3"
3378,1878,清德宗光绪四年,山西,无,汾西县,无,《汾西县志》,汾西县：大祲，加赈之。道馑枕藉，六畜无遗，人相食，村落为墟。——光绪《汾西县志》卷七祥异,无,v4,1,"仅存在于：v4；缺少：v1,v2,v3"
3379,1878,清德宗光绪四年,山西,无,汾阳县,无,《汾阳县志》,汾阳县：大饥，死者枕藉。得拨给江、鄂、山东漕粮有差。秋有五色蠹虫食谷心，高粱不食，穗尽黑。狼遍野食人，饥民亦有剥尸食者。——光绪《汾阳县志》卷十事考,无,v4,1,"仅存在于：v4；缺少：v1,v2,v3"
3380,1878,清德宗光绪四年,山西,无,洪洞县,无,《洪洞县志》,洪洞县：岁大祲。斗米麦制钱三千六百七文不等，树皮草根剥掘殆尽，人相食，饿莩盈途，目不忍睹。——民国《洪洞县志》卷十八祥异,无,v4,1,"仅存在于：v4；缺少：v1,v2,v3"
3381,1878,清德宗光绪四年,山西,无,翼城县,无,《翼城县志》,翼城县：夏无麦，人相食，全县人民饿死过半。是岁秋大熟。——民国《翼城县志》卷十四祥异,无,v4,1,"仅存在于：v4；缺少：v1,v2,v3"
3382,1878,清德宗光绪四年,山西,无,襄垣县,无,《襄垣县续志》,襄垣县：春微雪，夏秋不雨。无麦无禾，斗米钱至一千五百文，民大饥，人相食。连年荒旱，本年尤甚，糠秕草根全无，人民倒毙，道馑相望，至互相杀食，荒郊僻巷人不敢独行。——光绪《襄垣县续志》卷九祥异,无,v4,1,"仅存在于：v4；缺少：v1,v2,v3"
3383,1878,清德宗光绪四年,山西,无,阳城县,无,《续阳原县志》,阳城县：春，斗米值钱三千六百文，人相食。夏又无麦，兼之瘟疫盛行，人民死者不可胜计，诚数百年仅见之灾也。——光绪《续阳原县志》灾祥,无,v4,1,"仅存在于：v4；缺少：v1,v2,v3"
3384,1878,清德宗光绪四年,山西,无,高平县,无,《续高平县志》,高平县：夏无麦，人相食更甚，市斗米钱七百余文。——光绪《续高平县志》卷十二祥异,无,v4,1,"仅存在于：v4；缺少：v1,v2,v3"
3385,1878,清德宗光绪四年,山西,临汾市,临汾市,无,《临汾县志》,临汾市：大祲，人相食，赤地千里，饿殍盈野，瘟疫盛行，死亡过半。——民国《临汾县志》卷六杂记,无,v4,1,"仅存在于：v4；缺少：v1,v2,v3"
3386,1878,清德宗光绪四年,河南,无,原阳县,无,《阳武县志》,原阳县：春大饥，人相食。——民国《阳武县志》卷一通纪,无,v4,1,"仅存在于：v4；缺少：v1,v2,v3"
3387,1878,清德宗光绪四年,河南,无,安阳县,无,《续安阳县志》,安阳县：春犹不雨，饿莩满野，人相食。——民国《续安阳县志》卷一大事纪,无,v4,1,"仅存在于：v4；缺少：v1,v2,v3"
3388,1878,清德宗光绪四年,河南,无,宜阳县,无,《宜阳县志》,宜阳县：春，斛谷万钱，人相食，甚至母食子肉，弟口兄骨，先死者一家聚食，继死者以次吞啖，虽有情不忍食者，亦不敢野葬，穴圹于家，暂掩其尸。——光绪《宜阳县志》卷二祥异,无,v4,1,"仅存在于：v4；缺少：v1,v2,v3"
3389,1878,清德宗光绪四年,河南,无,扶沟县,无,《扶沟县志》,扶沟县：春大饥，人相食。先是二年即忧旱，麦禾皆歉收。三年旱益甚。四年春大饥，山西及河南北尤甚，流亡络绎于道，斗米千余钱，继之以疫死者甚众。——光绪《扶沟县志》卷十五灾祥,无,v4,1,"仅存在于：v4；缺少：v1,v2,v3"
3390,1878,清德宗光绪四年,河南,无,洛宁县,无,《洛宁县志》,洛宁县：五月初一口，天鼓鸣。是年二月，麦米每斗价五千文，人相食，有父食其子，母食女，夫食其妻者，人死十之七八。——民国《洛宁县志》卷一样异,无,v4,1,"仅存在于：v4；缺少：v1,v2,v3"
3391,1878,清德宗光绪四年,河南,三门峡市,三门峡市,陕州,《陕州直隶州志》,三门峡市：大早，夏天麦。饥甚，斗米白金五两余，人相食，死亡过半。秋乃雨，谷大熟，民居多鼠。——光绪《陕州直隶州志》卷一样异,三门峡市为推测，原文为古代地名陕州,v4,1,"仅存在于：v4；缺少：v1,v2,v3"
3392,1878,清德宗光绪四年,陕西,无,乾县,无,《乾州志稿》,乾县：粮价奇昂，饿殍盈路，人相食。四月始秒雨。——光绪《乾州志稿》卷一事录,无,v4,1,"仅存在于：v4；缺少：v1,v2,v3"
3393,1878,清德宗光绪四年,陕西,无,富平县,无,《富平县志稿》,富平县：大饥，人相食。——光绪《富平县志稿》卷十祥异,无,v4,1,"仅存在于：v4；缺少：v1,v2,v3"
3394,1878,清德宗光绪四年,陕西,无,府谷县,无,《府谷县志》,府谷县：春大疫。斗米钱二千四百文，人相食，死亡载道。是年大稔，子遗赖以全活。——民国《府谷县志》卷八大事记,无,v4,1,"仅存在于：v4；缺少：v1,v2,v3"
3395,1878,清德宗光绪四年,陕西,无,柞水县,无,《孝义厅志》,柞水县：大饥，人相食，斗栗价银一两余。——光绪《孝义厅志》卷十二灾异,无,v4,1,"仅存在于：v4；缺少：v1,v2,v3"
3396,1878,清德宗光绪四年,陕西,无,永寿县,无,《永寿县重修新志》,永寿县：粮价奇昂，饿殍盈路，人相食。四月始秒雨。——光绪《永寿县重修新志》卷十述异,无,v4,1,"仅存在于：v4；缺少：v1,v2,v3"
3397,1878,清德宗光绪四年,陕西,无,泾阳县,无,《重修泾阳县志》,泾阳县：大旱，民饥。斗麦易钱二子有奇，人食树皮槐叶殆尽，饿殍盈野，人至相食。——宣统《重修泾阳县志》卷二祥异,无,v4,1,"仅存在于：v4；缺少：v1,v2,v3"
3398,1878,清德宗光绪四年,陕西,无,礼泉县,无,《续修醴泉县志稿》,礼泉县：粮价奇昂，饿殍盈路，人相食。——民国《续修醴泉县志稿》卷十四杂记,无,v4,1,"仅存在于：v4；缺少：v1,v2,v3"
3399,1889,清德宗光绪十五年,山东,无,东阿县,无,《东阿县志》,山东：东阿县：春饥，人相食。——民国《东阿县志》卷十五祥异,无,"v1,v2,v3,v4",4,
3400,1892,清德宗光绪十八年,内蒙古,无,无,无,《华北、东北近五百年旱涝史料》,内蒙古：归绥道属七斤及蒙旗大饥，去岁灾歉，入春至夏无雨，不能下种，秋收无望。全境赤地千里，死者枕藉，二道河、康保尔一带，野无青草，有食人肉者。——《华北、东北近五百年旱涝史料》，第六分册，第112页。,无,"v1,v2,v3,v4",4,
3401,1892,清德宗光绪十八年,河北,无,张北县,无,《张北县志》,张北县：旱魃为虐，赤地千里，哀鸿遍野，不特罗雀、掘鼠、搜掘草根，且人相食，日有所闻。——民国《张北县志》卷七人物,无,"v1,v2,v4",3,"仅存在于：v1,v2,v4；缺少：v3"
3402,1892,清德宗光绪十八年,河北,张北县,无,无,《张北县志》,张北县：旱魃为虐，赤地千里，哀鸿遍野，不特罗雀、掘鼠、搜掘草根，且人相食，日有所闻。——民国《张北县志》卷七人物,无,v3,1,"仅存在于：v3；缺少：v1,v2,v4"
3403,1892,清德宗光绪十八年,陕西,无,黄陵县,无,《黄陵县志》,黄陵县：旱，饥，人相食。——民国《黄陵县志》卷九社会救济,无,"v1,v2,v4",3,"仅存在于：v1,v2,v4；缺少：v3"
3404,1892,清德宗光绪十八年,陕西,黄陵县,无,无,《黄陵县志》,黄陵县：旱，饥，人相食。——民国《黄陵县志》卷九社会救济,无,v3,1,"仅存在于：v3；缺少：v1,v2,v4"
3405,1893,清德宗光绪十九年,山西,临汾市,无,无,《华北、东北近五百年旱涝史料》,临汾市：天旱，瘟疫盛行。人相食，牛羊多死。——《华北、东北近五百年旱涝史料》，第五分册，第55页。,无,"v1,v2,v3,v4",4,
3406,1893,清德宗光绪十九年,陕西,无,无,无,《闻见录》,三月，陕西旱魃为灾，地不毛者已数年矣。居民仰卧遍城市，沿途饿殍，不堪枚举。恶人相食，愁惨不可言状。食玉薪桂无一不昂，其贱售者惟姿色妇女。癸巳春间，便立人市。——清·储仁逊《闻见录》,无,"v1,v2,v3,v4",4,
3407,1896,清德宗光绪二十二年,广西,无,无,无,《广西壮族自治区近五百年气候历史资料》,"1896年，广西，大旱大饥，""饥而病肿死于途者不少，黠者割垂死饥民腓腿而食。""——广西壮族自治区气象台资料室编：《广西壮族自治区近五百年气候历史资料》，1979年9月编印，第60页。",无,"v1,v2,v3,v4",4,
3408,1898,清德宗光绪二十四年,江苏,无,宿迁,无,《宿迁县志》,宿迁县：春大疫。夏大水，湖河如一，二麦尽坏。岁大饥，人相食，蠲贷有差，冬振。——民国《宿迁县志》卷七水旱蠲振,无,v4,1,"仅存在于：v4；缺少：v1,v2,v3"
3409,1898,清德宗光绪二十四年,江苏,无,宿迁县,无,《宿迁县志》,宿迁县：春大疫。夏大水，湖河如一，二麦尽坏。岁大饥，人相食，蠲贷有差，冬振。——民国《宿迁县志》卷七水旱蠲振,无,"v1,v3",2,"仅存在于：v1,v3；缺少：v2,v4"
3410,1898,清德宗光绪二十四年,江苏,宿迁,宿迁,无,《宿迁县志》,宿迁县：春大疫。夏大水，湖河如一，二麦尽坏。岁大饥，人相食，蠲贷有差，冬振。——民国《宿迁县志》卷七水旱蠲振,无,v2,1,"仅存在于：v2；缺少：v1,v3,v4"
3411,1900,清德宗光绪二十六年,山西,无,无,无,《山西自然灾害》,1900年，山西，大旱，“人相食”——《山西自然灾害》，第58页。,无,"v1,v2,v3,v4",4,
3412,1900,清德宗光绪二十六年,贵州,无,沿河县,无,《沿河县志》,贵州，沿河县：早，饥，人相食。——民国《沿河县志》卷十八祥异,无,"v1,v2,v3,v4",4,
3413,1900,清德宗光绪二十六年,陕西,无,无,无,《乱拳纪闻》,1900年，陕西，旱灾，“今日陕西饥荒更甚，致有食人之事，地方官亦不能禁止。”——《乱拳纪闻》，见中国史学会主编：《义和团》，（一），上海人民出版社1961年版，第227页。,无,"v1,v2,v3,v4",4,
3414,1901,清德宗光绪二十七年,甘肃,无,镇原县,无,《重修镇原县志》,"甘肃：镇原县：1901年，甘肃，大饥，""人相食""——《重修镇原县志》（1935年），转引自《西北灾荒史》，第1710页。",无,"v1,v2,v3,v4",4,
3415,1904,清德宗光绪三十年,四川,无,万县,无,《万县乡土志》,万县市：大旱，赤地千里，人相食。大吏发赈谷千二百袋，由湘转运。——光绪《万县乡土志》卷六人类,无,v1,1,"仅存在于：v1；缺少：v2,v3,v4"
3416,1904,清德宗光绪三十年,四川,万县市,无,无,《万县乡土志》,万县市：大旱，赤地千里，人相食。大吏发赈谷千二百袋，由湘转运。——光绪《万县乡土志》卷六人类,无,"v3,v4",2,"仅存在于：v3,v4；缺少：v1,v2"
3417,1904,清德宗光绪三十年,广西,无,无,无,《广西各市县历代水旱灾害纪实》,广西：1904年，广西，旱，大饥'卖儿女，饿死人，人相食。'——广西壮族自治区通志馆编：《广西各市县历代水旱灾害纪实》，广西人民出版社1995年版，第92页。,无,"v1,v2,v3,v4",4,
3418,1904,清德宗光绪三十年,重庆,万县市,无,无,《万县乡土志》,万县市：大旱，赤地千里，人相食。大吏发赈谷千二百袋，由湘转运。——光绪《万县乡土志》卷六人类,无,v2,1,"仅存在于：v2；缺少：v1,v3,v4"
3419,1907,清德宗光绪三十三年,云南,无,无,无,《录副档》,"1907年，云南，旱灾""饿殍相望，易子而食。""——《录副档》，光绪三十三年五月吴炯等呈。",无,"v1,v2,v3,v4",4,
3420,1907,清德宗光绪三十三年,安徽,无,蒙城,无,《重修蒙城县志》,蒙城县：大饥，人相食，捐俸银千两助赈。——民国《重修蒙城县志》卷九义行,无,v2,1,"仅存在于：v2；缺少：v1,v3,v4"
3421,1907,清德宗光绪三十三年,安徽,无,蒙城县,无,《重修蒙城县志》,安徽蒙城县：大饥，人相食，捐俸银千两助赈。——民国《重修蒙城县志》卷九义行,无,"v1,v3,v4",3,"仅存在于：v1,v3,v4；缺少：v2"
3422,1909,清宣统元年,甘肃,无,无,无,《大公报》,甘肃：1909年，甘肃，旱灾，人食人——《大公报》1909年6月19日。,无,"v1,v2,v3,v4",4,
3423,1910,清宣统二年,江苏,无,无,无,《清史稿》,江苏：宣统二年（公元1910年）（十二月）丁丑，察哈尔右翼四旗蒙古灾，发帑银一万两赈之。江、淮饥，人相食。——《清史稿》卷二五《宣统皇帝本纪》,无,"v1,v3",2,"仅存在于：v1,v3；缺少：v2,v4"
3424,1911,清宣统三年,河南,无,夏邑县,无,《夏邑县志》,夏邑县：春大饥，人相食。本省开仓赈米，义赈放钱，救活无算。——民国《夏邑县志》卷九灾异,无,"v1,v2,v3,v4",4,
